posX,posY,posZ,velX,velY,velZ,forceX,forceY,forceZ,attachX,attachY,attachZ,mass,radius,state,wetness
9.393876,29.480509,-0.122226,78.774223,27.233133,-598.306946,0.000000,0.000000,0.000000,0.821270,-0.566453,0.068166,0.100000,0.020000,1,0.794928
9.390684,30.128040,0.412141,9.342480,-11.224427,-3.600292,0.000000,0.000000,0.000000,0.586792,-0.403621,0.701972,0.100000,0.020000,1,0.310583
9.575161,29.390629,0.867873,174.864136,-120.074532,410.265015,0.000000,0.000000,0.000000,-0.460087,0.230720,-0.857373,0.100000,0.020000,1,0.123631
9.071328,29.875937,0.613632,21.005636,-31.442015,-54.667286,0.000000,0.000000,0.000000,-0.257622,0.114745,0.959409,0.100000,0.020000,1,0.172834
9.096600,29.886425,-0.539569,8.872806,-65.515869,10.491553,0.000000,0.000000,0.000000,-0.286782,0.127414,-0.949485,0.100000,0.020000,1,0.497959
9.061399,29.760633,0.527900,6.210651,-0.641427,3.841388,0.000000,0.000000,0.000000,-0.379095,0.168037,0.909973,0.100000,0.020000,1,0.710575
9.688661,30.262587,0.131505,-12.034933,-37.124802,40.741055,0.000000,0.000000,0.000000,0.798863,-0.494804,0.342034,0.100000,0.020000,1,0.978395
8.816895,29.832388,-0.470304,-20.877501,-232.039215,189.943192,0.000000,0.000000,0.000000,-0.730941,0.387586,-0.561697,0.100000,0.020000,1,0.952558
8.896026,29.649225,0.347223,-200.204651,-225.974396,-364.169189,0.000000,0.000000,0.000000,-0.830084,0.439936,0.342662,0.100000,0.020000,1,0.776366
9.116336,29.415760,0.670728,109.497795,-58.683292,163.612747,0.000000,0.000000,0.000000,-0.838149,0.444170,-0.316573,0.100000,0.020000,1,0.085716
9.439351,30.288010,-0.646100,20.590946,76.027283,-89.916771,0.000000,0.000000,0.000000,0.792856,-0.506673,-0.338619,0.100000,0.020000,1,0.593081
9.654311,30.088541,-0.400347,-546.088501,178.639603,106.267883,0.000000,0.000000,0.000000,0.652450,-0.416911,-0.632846,0.100000,0.020000,1,0.336610
9.215148,29.814596,0.770845,12.327425,4.429904,35.496891,0.000000,0.000000,0.000000,0.045757,-0.077551,0.995938,0.100000,0.020000,1,0.650407
8.575125,29.870483,0.380522,269.822876,-108.139442,-126.465057,0.000000,0.000000,0.000000,0.035003,-0.056969,0.997762,0.100000,0.020000,1,0.561044
9.334517,29.991430,-0.569990,-40.321590,-26.298950,14.293545,0.000000,0.000000,0.000000,0.053737,-0.070941,-0.996032,0.100000,0.020000,1,0.175584
9.174635,29.757656,-0.461128,232.512909,-237.622360,154.252777,0.000000,0.000000,0.000000,0.078392,-0.102558,-0.991633,0.100000,0.020000,1,0.744998
8.435849,29.805159,0.154706,-137.581192,82.912865,186.497437,0.000000,0.000000,0.000000,-0.880904,0.450070,0.146442,0.100000,0.020000,1,0.627528
8.764221,29.662090,-0.230507,12.980386,7.210492,-185.152481,0.000000,0.000000,0.000000,-0.638561,0.326013,-0.697105,0.100000,0.020000,1,0.001835
9.622453,30.095182,0.176576,-8.713365,-49.402321,31.000576,0.000000,0.000000,0.000000,0.847495,-0.525965,0.071500,0.100000,0.020000,1,0.826155
9.729721,30.330322,-0.117746,-88.247131,-208.523529,60.170109,0.000000,0.000000,0.000000,0.817286,-0.506911,-0.274017,0.100000,0.020000,1,0.336293
9.149182,29.748259,0.382481,-166.333801,104.392754,17.604156,0.000000,0.000000,0.000000,-0.502887,0.212232,0.837891,0.100000,0.020000,1,0.992684
8.616346,29.708101,0.502547,230.353729,-131.202972,-499.075684,0.000000,0.000000,0.000000,-0.882681,0.469715,0.015582,0.100000,0.020000,1,0.938951
9.625949,30.133648,-0.349962,10.826196,88.970390,15.992235,0.000000,0.000000,0.000000,0.673820,-0.471664,-0.568771,0.100000,0.020000,1,0.995261
9.383155,29.644888,0.736729,57.041782,-7.630162,35.487816,0.000000,0.000000,0.000000,0.294862,-0.204819,0.933330,0.100000,0.020000,1,0.575735
7.596026,30.278542,0.381597,-551.175171,318.536163,150.612335,0.000000,0.000000,0.000000,-0.904274,0.388914,0.176168,0.100000,0.020000,1,0.108377
8.311762,29.928364,-0.607010,-111.925980,83.726273,-33.548397,0.000000,0.000000,0.000000,-0.598862,0.254940,-0.759190,0.100000,0.020000,1,0.259784
8.252761,29.899376,0.346832,-81.048416,62.913048,-116.914536,0.000000,0.000000,0.000000,-0.762911,0.386530,0.518229,0.100000,0.020000,1,0.260742
8.667241,29.800274,-2.184722,-278.524475,-203.469666,-664.007324,0.000000,0.000000,0.000000,0.839154,-0.537993,0.079904,0.100000,0.020000,1,0.464257
9.512918,29.863710,0.019742,-41.603313,-28.378567,-70.222122,0.000000,0.000000,0.000000,0.740746,-0.473425,0.476617,0.100000,0.020000,1,0.587888
9.037278,29.774872,-0.598153,67.606140,-1.858683,84.067726,0.000000,0.000000,0.000000,-0.362295,0.148300,-0.920190,0.100000,0.020000,1,0.639949
9.375605,29.815331,-0.499324,-154.642975,96.846252,-299.204803,0.000000,0.000000,0.000000,-0.020844,-0.108789,-0.993846,0.100000,0.020000,1,0.482808
9.515484,29.948383,0.383291,-12.604514,-51.733219,16.395554,0.000000,0.000000,0.000000,0.557549,-0.359536,0.748247,0.100000,0.020000,1,0.513571
9.793604,30.013205,0.254644,-134.750336,44.500549,-0.754072,0.000000,0.000000,0.000000,0.548969,-0.667212,0.503450,0.100000,0.020000,1,0.675884
9.337610,29.953957,0.539772,4.456384,-2.542012,-1.191487,0.000000,0.000000,0.000000,0.150599,-0.175544,0.972884,0.100000,0.020000,1,0.329790
9.310794,29.976721,-0.580870,20.126471,-8.547749,31.034042,0.000000,0.000000,0.000000,0.267404,-0.192114,-0.944239,0.100000,0.020000,1,0.118620
8.484847,30.529818,1.195121,-284.734924,113.121185,189.231873,0.000000,0.000000,0.000000,0.354363,-0.252689,0.900320,0.100000,0.020000,1,0.740948
9.541242,30.019484,-0.483125,-145.967453,-1.370834,86.038872,0.000000,0.000000,0.000000,0.413028,-0.293136,-0.862252,0.100000,0.020000,1,0.518499
8.889288,29.627464,-0.440925,-23.259377,5.399563,87.024200,0.000000,0.000000,0.000000,-0.778474,0.392850,-0.489538,0.100000,0.020000,1,0.853574
8.521385,30.005592,-1.697677,-134.838593,120.920975,-571.757507,0.000000,0.000000,0.000000,-0.579554,0.292286,0.760714,0.100000,0.020000,1,0.960191
8.923888,29.872583,-0.638914,-64.946564,40.984245,8.459553,0.000000,0.000000,0.000000,-0.197063,0.083964,-0.976789,0.100000,0.020000,1,0.270422
9.425829,29.313017,0.611349,203.620712,-95.531761,89.674156,0.000000,0.000000,0.000000,-0.461403,0.234234,0.855711,0.100000,0.020000,1,0.433544
8.925847,29.650105,0.616347,30.752392,-56.512573,-89.598595,0.000000,0.000000,0.000000,-0.370443,0.187814,0.909669,0.100000,0.020000,1,0.243212
9.774717,29.714529,0.548690,66.521042,-27.868835,52.340061,0.000000,0.000000,0.000000,0.705191,-0.437245,0.558142,0.100000,0.020000,1,0.263931
9.644548,30.359055,-0.555799,38.064430,191.582047,-117.273544,0.000000,0.000000,0.000000,0.720189,-0.446471,-0.531029,0.100000,0.020000,1,0.667292
9.310583,31.193899,0.833094,-35.663692,319.779205,240.636276,0.000000,0.000000,0.000000,0.596311,-0.369658,0.712577,0.100000,0.020000,1,0.761459
10.152025,30.598799,-0.409396,116.587967,82.400978,-8.935696,0.000000,0.000000,0.000000,0.621188,-0.384977,-0.682582,0.100000,0.020000,1,0.387994
9.470373,30.062197,-0.525539,7.120515,-5.905491,-5.678972,0.000000,0.000000,0.000000,0.423145,-0.268828,-0.865263,0.100000,0.020000,1,0.318303
9.102864,29.953718,-0.400237,-117.586212,12.369498,-152.250290,0.000000,0.000000,0.000000,0.494054,-0.316328,-0.809844,0.100000,0.020000,1,0.997833
9.075198,29.849541,-0.471359,23.859390,-4.330432,-14.533961,0.000000,0.000000,0.000000,-0.137194,0.055081,-0.989012,0.100000,0.020000,1,0.254162
9.206754,29.885714,0.532510,22.052633,-192.773224,-247.094177,0.000000,0.000000,0.000000,-0.008608,-0.023465,0.999688,0.100000,0.020000,1,0.335893
9.041445,29.711191,-0.603837,193.310715,-114.414909,146.813049,0.000000,0.000000,0.000000,-0.004614,-0.027170,-0.999620,0.100000,0.020000,1,0.254929
8.646857,29.702555,-0.132462,723.815308,-408.589020,-335.445892,0.000000,0.000000,0.000000,-0.596064,0.314112,-0.738946,0.100000,0.020000,1,0.249706
9.111381,29.871201,0.441355,-55.441120,-91.190468,181.183899,0.000000,0.000000,0.000000,-0.200155,0.087093,0.975886,0.100000,0.020000,1,0.275902
9.394165,30.018745,-0.609280,-6.857210,-7.981221,56.199249,0.000000,0.000000,0.000000,0.252648,-0.172963,-0.951973,0.100000,0.020000,1,0.518883
9.579063,29.668894,-0.509079,71.262436,-29.972000,3.581638,0.000000,0.000000,0.000000,0.174070,-0.124000,-0.976895,0.100000,0.020000,1,0.821160
9.021358,29.455627,-0.448848,-183.963181,108.332642,41.976398,0.000000,0.000000,0.000000,-0.533692,0.282017,-0.797270,0.100000,0.020000,1,0.560478
9.471456,30.137112,0.455324,29.833885,-84.825188,-19.410107,0.000000,0.000000,0.000000,0.471253,-0.301274,0.828948,0.100000,0.020000,1,0.629446
9.349800,30.088047,0.356786,5.801785,8.300842,-16.959091,0.000000,0.000000,0.000000,0.380600,-0.243310,0.892157,0.100000,0.020000,1,0.787016
9.503157,29.867571,-0.990472,167.120285,48.820496,-102.335945,0.000000,0.000000,0.000000,-0.368932,0.184543,-0.910952,0.100000,0.020000,1,0.841445
9.627157,30.152391,0.253287,4.814546,-34.337181,-38.154137,0.000000,0.000000,0.000000,0.823371,-0.500689,0.267151,0.100000,0.020000,1,0.693067
9.228310,30.248316,-0.165154,-36.037449,49.820255,8.121385,0.000000,0.000000,0.000000,0.785354,-0.477269,-0.394250,0.100000,0.020000,1,0.715918
9.472589,30.102879,-0.186412,42.486477,33.198597,166.826187,0.000000,0.000000,0.000000,0.706638,-0.430001,-0.561927,0.100000,0.020000,1,0.763328
9.719149,30.203531,0.136173,139.130157,-339.809357,-182.711624,0.000000,0.000000,0.000000,0.852615,-0.518557,0.064395,0.100000,0.020000,1,0.420603
9.684888,30.468296,0.272021,14.632653,51.326355,-0.971636,0.000000,0.000000,0.000000,0.756738,-0.459358,0.465121,0.100000,0.020000,1,0.080220
10.143719,30.554943,-0.157759,118.873886,86.644348,-8.121013,0.000000,0.000000,0.000000,0.840582,-0.509978,-0.182607,0.100000,0.020000,1,0.763996
9.068480,30.328115,-0.202953,-124.645737,21.687866,-102.513634,0.000000,0.000000,0.000000,-0.837550,0.452587,0.306064,0.100000,0.020000,1,0.845185
7.642951,31.026871,0.735744,-322.647766,291.467896,118.292969,0.000000,0.000000,0.000000,-0.722873,0.383741,0.574628,0.100000,0.020000,1,0.469676
9.024269,29.885225,-0.469267,19.369925,52.096302,-13.225358,0.000000,0.000000,0.000000,-0.704057,0.381066,-0.599243,0.100000,0.020000,1,0.889135
8.214406,29.926817,-1.119975,-263.197021,153.561615,-419.901215,0.000000,0.000000,0.000000,-0.858995,0.464379,-0.215592,0.100000,0.020000,1,0.459514
8.108559,30.002979,0.463287,-134.606186,79.619843,100.029305,0.000000,0.000000,0.000000,-0.878858,0.475079,0.043690,0.100000,0.020000,1,0.718938
8.899434,31.566093,0.276341,4.448514,601.605347,-74.067528,0.000000,0.000000,0.000000,-0.781910,0.423853,0.457127,0.100000,0.020000,1,0.783950
8.621899,29.833990,-0.266710,-411.665466,-221.745956,261.534821,0.000000,0.000000,0.000000,-0.798639,0.432794,-0.418169,0.100000,0.020000,1,0.346020
9.027879,29.810181,-0.293263,170.413498,-15.831376,-58.294773,0.000000,0.000000,0.000000,-0.597203,0.316565,0.736977,0.100000,0.020000,1,0.750439
9.434776,29.886213,0.612515,7.546070,-34.303631,-145.665237,0.000000,0.000000,0.000000,0.082647,-0.407510,0.909453,0.100000,0.020000,1,0.061217
10.037173,29.709162,0.461792,227.176346,-153.965469,23.044174,0.000000,0.000000,0.000000,-0.618240,0.021539,0.785694,0.100000,0.020000,1,0.422104
9.533139,29.160151,-0.982345,176.233902,-81.173820,-388.524109,0.000000,0.000000,0.000000,-0.954360,0.221010,0.200874,0.100000,0.020000,1,0.928337
9.382025,29.993462,-0.406065,0.490110,7.677352,8.443107,0.000000,0.000000,0.000000,0.389031,-0.553577,-0.736347,0.100000,0.020000,1,0.577532
9.373159,29.814934,-0.559580,-35.947124,-100.105324,153.465164,0.000000,0.000000,0.000000,-0.132038,-0.257047,-0.957336,0.100000,0.020000,1,0.104288
8.776833,29.596806,0.106979,183.890793,-103.633766,-551.824158,0.000000,0.000000,0.000000,-0.972164,0.232284,0.030698,0.100000,0.020000,1,0.213620
9.389732,29.242947,1.100658,173.542938,-98.707123,160.710526,0.000000,0.000000,0.000000,-0.962382,0.227689,-0.148250,0.100000,0.020000,1,0.512911
9.103559,29.604603,0.038017,-199.839294,16.729727,-16.456085,0.000000,0.000000,0.000000,-0.800351,0.129816,0.585308,0.100000,0.020000,1,0.072464
9.416868,29.227280,1.110895,34.799557,37.695847,193.980881,0.000000,0.000000,0.000000,0.484482,-0.665755,0.567492,0.100000,0.020000,1,0.210713
9.845601,30.167048,0.125457,20.966208,3.137811,17.888302,0.000000,0.000000,0.000000,0.723988,-0.689526,0.019865,0.100000,0.020000,1,0.924444
9.928272,31.767799,0.699378,222.837082,541.796509,128.456604,0.000000,0.000000,0.000000,0.351382,-0.531993,0.770398,0.100000,0.020000,1,0.758165
9.587097,29.213768,-0.247493,-145.569778,109.732841,9.200874,0.000000,0.000000,0.000000,0.718724,-0.677998,-0.154126,0.100000,0.020000,1,0.736504
9.830125,30.038939,0.252494,34.007599,-1.301646,7.905921,0.000000,0.000000,0.000000,0.732867,-0.636879,0.239356,0.100000,0.020000,1,0.019090
10.344398,30.794157,-0.080863,155.268875,137.609772,14.688507,0.000000,0.000000,0.000000,0.745357,-0.586069,-0.317752,0.100000,0.020000,1,0.191101
9.883461,29.839247,-0.757389,83.951172,-16.598236,-54.586029,0.000000,0.000000,0.000000,0.181952,-0.431314,-0.883664,0.100000,0.020000,1,0.460763
9.679183,30.100882,0.371274,75.581795,101.873970,-268.871552,0.000000,0.000000,0.000000,0.721391,-0.553782,0.415837,0.100000,0.020000,1,0.977748
9.376421,30.216967,-0.409364,-40.096191,-1.542420,-20.462044,0.000000,0.000000,0.000000,0.719858,-0.425152,-0.548680,0.100000,0.020000,1,0.457191
9.082213,29.578930,-0.493743,79.242523,2.260821,32.952309,0.000000,0.000000,0.000000,0.575920,-0.398221,-0.713958,0.100000,0.020000,1,0.275064
9.394606,29.364138,0.324743,-175.943039,139.157959,-1.313171,0.000000,0.000000,0.000000,0.730412,-0.340680,0.591976,0.100000,0.020000,1,0.019301
10.146296,30.065891,-0.407388,191.523804,-80.747711,-71.583809,0.000000,0.000000,0.000000,0.942921,-0.332352,0.021005,0.100000,0.020000,1,0.789890
9.603626,29.481127,-0.072247,-380.732330,259.881958,-393.870728,0.000000,0.000000,0.000000,0.940095,-0.305226,-0.151851,0.100000,0.020000,1,0.685628
10.607727,29.735825,-0.085787,314.363068,-146.976837,-42.143688,0.000000,0.000000,0.000000,0.935888,-0.290686,0.199034,0.100000,0.020000,1,0.716435
9.498887,30.227009,0.282858,41.894138,-144.715607,173.891205,0.000000,0.000000,0.000000,0.567971,-0.310190,0.762359,0.100000,0.020000,1,0.942109
9.365161,30.480188,-0.104197,112.723793,-178.608841,-79.925545,0.000000,0.000000,0.000000,0.922059,-0.225767,-0.314382,0.100000,0.020000,1,0.898122
9.471608,30.293581,0.168172,66.666359,-0.334897,97.462257,0.000000,0.000000,0.000000,0.888933,-0.216184,0.403809,0.100000,0.020000,1,0.472257
9.375453,29.979061,-0.620166,3.172062,-5.802652,-19.672548,0.000000,0.000000,0.000000,0.325365,-0.299384,-0.896943,0.100000,0.020000,1,0.012383
9.044050,30.241087,-0.063336,-249.815582,-350.450439,1.858284,0.000000,0.000000,0.000000,0.707748,-0.142350,-0.691975,0.100000,0.020000,1,0.496747
9.468331,30.247017,-0.253276,-42.638210,-151.374207,99.131302,0.000000,0.000000,0.000000,0.856113,-0.088799,-0.509102,0.100000,0.020000,1,0.781236
9.510069,30.477369,-0.052925,-70.373337,-75.444077,103.862747,0.000000,0.000000,0.000000,0.999354,0.035459,0.005807,0.100000,0.020000,1,0.676136
9.316412,30.389460,0.338933,163.865768,-62.874779,-76.157501,0.000000,0.000000,0.000000,0.833757,-0.025701,0.551533,0.100000,0.020000,1,0.102986
9.003279,30.225471,-0.114448,271.298767,-150.965286,-8.008139,0.000000,0.000000,0.000000,0.987924,0.050813,-0.146370,0.100000,0.020000,1,0.860634
9.509732,30.207043,0.507245,-343.224457,-113.024612,-127.080811,0.000000,0.000000,0.000000,0.626925,-0.111713,0.771029,0.100000,0.020000,1,0.832369
9.598677,30.900515,-0.224935,68.239311,121.314438,-95.415985,0.000000,0.000000,0.000000,0.972965,0.112148,0.201894,0.100000,0.020000,1,0.062763
9.427542,30.123299,-0.412532,-8.873759,9.085205,-65.927925,0.000000,0.000000,0.000000,0.491883,-0.154334,-0.856874,0.100000,0.020000,1,0.961397
9.754057,31.320185,-0.876012,57.649998,381.699097,-294.826935,0.000000,0.000000,0.000000,0.912307,0.115207,0.392967,0.100000,0.020000,1,0.659272
10.060338,30.478951,-0.073346,168.182007,10.897093,34.822563,0.000000,0.000000,0.000000,0.940556,0.131986,-0.312945,0.100000,0.020000,1,0.203414
9.099518,30.815634,-1.135377,-58.210297,122.484222,-184.260101,0.000000,0.000000,0.000000,0.698310,0.086831,-0.710509,0.100000,0.020000,1,0.643900
9.312383,30.308611,-0.310149,21.784121,-138.542175,108.912170,0.000000,0.000000,0.000000,0.825659,0.218463,-0.520155,0.100000,0.020000,1,0.836424
8.916001,29.980486,0.704419,-106.420921,-131.434921,163.833862,0.000000,0.000000,0.000000,0.925185,0.376142,0.050503,0.100000,0.020000,1,0.070735
9.434486,30.208923,0.889542,97.038841,221.455963,-34.965466,0.000000,0.000000,0.000000,0.647542,0.146323,0.747849,0.100000,0.020000,1,0.036882
10.254515,29.451277,1.134534,168.025833,-182.274704,233.642441,0.000000,0.000000,0.000000,0.300772,-0.248099,0.920860,0.100000,0.020000,1,0.392184
9.425787,30.658386,-0.236435,79.648735,51.786186,-25.527950,0.000000,0.000000,0.000000,0.881233,0.439438,-0.174134,0.100000,0.020000,1,0.502553
9.288145,30.324135,0.173651,-378.035583,-33.286015,222.711243,0.000000,0.000000,0.000000,0.760770,0.294737,0.578238,0.100000,0.020000,1,0.051858
9.299660,30.548683,0.769290,146.648773,6.754742,120.606377,0.000000,0.000000,0.000000,0.856996,0.463101,0.226043,0.100000,0.020000,1,0.308038
9.314388,30.480766,-0.114304,-245.667160,66.718109,-62.986298,0.000000,0.000000,0.000000,0.823617,0.448658,-0.346930,0.100000,0.020000,1,0.159983
9.132590,30.065466,0.188256,68.330589,-0.549543,-141.357498,0.000000,0.000000,0.000000,0.742124,0.536408,0.401894,0.100000,0.020000,1,0.486707
10.903814,31.328678,1.451037,470.510834,314.760590,552.140747,0.000000,0.000000,0.000000,0.462730,0.040273,-0.885584,0.100000,0.020000,1,0.161890
8.448010,30.531225,-1.788071,-111.488022,100.729141,-412.562103,0.000000,0.000000,0.000000,0.685433,0.512747,-0.516983,0.100000,0.020000,1,0.484433
8.847914,30.335957,-0.152864,127.848732,-152.038269,-15.406041,0.000000,0.000000,0.000000,0.612484,0.360040,-0.703729,0.100000,0.020000,1,0.043001
9.049369,30.848003,0.529123,18.523640,87.988327,109.021233,0.000000,0.000000,0.000000,0.665199,0.745635,0.039228,0.100000,0.020000,1,0.345650
9.175062,30.695345,0.357576,132.578629,148.554886,188.483032,0.000000,0.000000,0.000000,0.646620,0.749550,-0.141627,0.100000,0.020000,1,0.838425
8.699938,30.735796,-1.942597,-67.231453,122.233528,-608.463501,0.000000,0.000000,0.000000,0.627834,0.754043,0.192986,0.100000,0.020000,1,0.475540
9.222489,30.335798,0.558059,-46.694473,-34.288765,-96.984680,0.000000,0.000000,0.000000,0.533020,0.419949,0.734529,0.100000,0.020000,1,0.305089
9.034162,30.487471,-0.245231,-95.970497,-406.193024,153.068237,0.000000,0.000000,0.000000,0.619275,0.722347,-0.307757,0.100000,0.020000,1,0.633236
9.163999,31.676777,0.777185,25.332676,338.677216,126.746849,0.000000,0.000000,0.000000,0.580315,0.587256,0.564238,0.100000,0.020000,1,0.350630
8.485886,30.264500,0.027143,-22.550463,57.527962,-29.006159,0.000000,0.000000,0.000000,0.565705,0.733511,0.376748,0.100000,0.020000,1,0.093065
8.176055,31.701319,-2.147167,-286.076782,464.992493,-518.229492,0.000000,0.000000,0.000000,0.447398,0.203733,-0.870820,0.100000,0.020000,1,0.692895
9.289364,30.177477,0.557699,5.043081,-0.032595,7.575750,0.000000,0.000000,0.000000,0.415662,0.038339,0.908711,0.100000,0.020000,1,0.177446
8.796319,30.080826,-0.459956,63.746880,-23.655857,110.364746,0.000000,0.000000,0.000000,0.450612,0.584591,-0.674687,0.100000,0.020000,1,0.112237
8.918809,30.156467,-0.052359,-17.407927,-93.762032,46.740559,0.000000,0.000000,0.000000,0.444492,0.739794,-0.505104,0.100000,0.020000,1,0.336299
9.122094,30.821775,0.812807,34.722576,120.991539,131.572464,0.000000,0.000000,0.000000,0.380313,0.755428,0.533564,0.100000,0.020000,1,0.099426
8.819162,30.290733,-0.137702,-137.320786,107.823303,367.436005,0.000000,0.000000,0.000000,0.331289,0.934054,-0.133382,0.100000,0.020000,1,0.724881
8.788508,30.177435,0.059533,-528.089905,-159.826218,242.173523,0.000000,0.000000,0.000000,0.329777,0.942934,0.046067,0.100000,0.020000,1,0.220164
8.781770,30.339706,0.227707,293.906647,-83.628143,-216.799393,0.000000,0.000000,0.000000,0.313158,0.922419,0.225997,0.100000,0.020000,1,0.531155
9.106561,30.510635,-0.593560,11.487267,80.400375,-43.587036,0.000000,0.000000,0.000000,0.367664,0.382463,-0.847671,0.100000,0.020000,1,0.453706
8.836367,30.426357,0.522925,-18.171352,71.388786,17.374435,0.000000,0.000000,0.000000,0.337246,0.572665,0.747208,0.100000,0.020000,1,0.784835
8.821458,30.453745,-0.164044,118.427994,141.430496,300.259247,0.000000,0.000000,0.000000,0.276653,0.907941,-0.314811,0.100000,0.020000,1,0.428276
9.355388,30.140488,-0.416816,117.302467,-24.108950,-125.711365,0.000000,0.000000,0.000000,0.199507,0.910660,0.361794,0.100000,0.020000,1,0.142795
9.385968,30.391245,0.984826,50.784706,55.212406,122.097641,0.000000,0.000000,0.000000,0.368991,0.203222,0.906943,0.100000,0.020000,1,0.134301
9.080945,30.368368,-0.242494,-8.819329,-212.138641,-163.129623,0.000000,0.000000,0.000000,0.192811,0.698956,-0.688683,0.100000,0.020000,1,0.497283
8.582509,30.069260,0.235654,3.388250,26.937349,98.733635,0.000000,0.000000,0.000000,0.131137,0.871333,-0.472844,0.100000,0.020000,1,0.919082
9.480507,29.463722,-0.064210,154.805542,-200.639618,-119.506554,0.000000,0.000000,0.000000,0.166067,0.691065,0.703457,0.100000,0.020000,1,0.879701
8.632600,30.126999,-0.024759,46.240959,-12.239391,49.240173,0.000000,0.000000,0.000000,0.020691,0.998629,0.048088,0.100000,0.020000,1,0.313569
10.366938,29.443832,-0.591242,471.964630,-228.187866,-133.286240,0.000000,0.000000,0.000000,0.025452,0.984680,-0.172505,0.100000,0.020000,1,0.629848
8.816174,29.779196,0.954200,63.588634,-4.420860,165.072113,0.000000,0.000000,0.000000,0.066990,0.843574,0.532819,0.100000,0.020000,1,0.237865
8.731515,30.025576,-0.630269,142.789261,-73.550690,118.595161,0.000000,0.000000,0.000000,0.217234,0.505154,-0.835242,0.100000,0.020000,1,0.017497
9.209345,29.834486,0.211495,118.523018,-58.811974,37.752037,0.000000,0.000000,0.000000,-0.016384,0.982483,0.185631,0.100000,0.020000,1,0.845565
8.788581,30.309046,-0.366216,-119.619774,113.704758,654.880798,0.000000,0.000000,0.000000,-0.044695,0.953769,-0.297200,0.100000,0.020000,1,0.544447
9.036009,30.111490,0.690069,100.500511,-6.902654,127.235512,0.000000,0.000000,0.000000,-0.100524,0.929707,0.354318,0.100000,0.020000,1,0.535758
8.945595,30.403061,0.532337,-40.234722,31.802639,109.224953,0.000000,0.000000,0.000000,0.277886,0.332946,0.901070,0.100000,0.020000,1,0.070822
8.520875,30.103138,-0.199530,-74.377510,-0.282507,52.483742,0.000000,0.000000,0.000000,-0.024847,0.754359,-0.655992,0.100000,0.020000,1,0.168585
9.171796,30.187691,0.545160,-97.345184,84.702232,-60.161201,0.000000,0.000000,0.000000,0.166264,0.438655,0.883141,0.100000,0.020000,1,0.457001
8.639738,30.003208,-0.233482,-2.465035,5.494572,-24.097483,0.000000,0.000000,0.000000,-0.312756,0.936980,-0.155733,0.100000,0.020000,1,0.238072
8.137125,30.888657,-0.651682,-197.165421,251.734528,-280.466675,0.000000,0.000000,0.000000,-0.206859,0.802285,0.559954,0.100000,0.020000,1,0.813560
8.740681,29.893263,-0.572228,104.111557,-237.989594,398.689850,0.000000,0.000000,0.000000,-0.233071,0.828530,-0.509133,0.100000,0.020000,1,0.914463
6.662172,30.817703,-0.007910,-508.794617,324.346191,-32.164562,0.000000,0.000000,0.000000,-0.348021,0.919110,0.184714,0.100000,0.020000,1,0.349663
8.715897,29.927917,0.171449,132.859482,-100.933655,209.131638,0.000000,0.000000,0.000000,-0.368314,0.929021,0.035585,0.100000,0.020000,1,0.208787
9.744128,29.038338,0.629374,350.240784,-179.445435,80.038429,0.000000,0.000000,0.000000,-0.117902,0.674751,0.728567,0.100000,0.020000,1,0.920916
8.925218,30.117743,-0.649761,90.727448,-47.143948,244.142334,0.000000,0.000000,0.000000,-0.009913,0.565644,-0.824590,0.100000,0.020000,1,0.242872
10.056937,30.430664,-0.517490,342.563141,76.605522,-131.284409,0.000000,0.000000,0.000000,-0.417826,0.819121,0.393017,0.100000,0.020000,1,0.300096
9.794092,29.577221,1.548901,315.574921,-10.156672,487.487305,0.000000,0.000000,0.000000,-0.438692,0.831931,-0.339764,0.100000,0.020000,1,0.503692
8.908430,29.873432,-0.094078,-115.232277,6.211030,18.385719,0.000000,0.000000,0.000000,-0.304724,0.696364,-0.649785,0.100000,0.020000,1,0.328342
8.850360,30.053616,0.713024,-4.068304,8.720027,41.571941,0.000000,0.000000,0.000000,-0.005649,0.491339,0.870950,0.100000,0.020000,1,0.722768
8.428830,29.873470,-0.172724,734.996094,-418.340363,207.704147,0.000000,0.000000,0.000000,-0.595776,0.802171,0.039663,0.100000,0.020000,1,0.634094
8.652603,29.863438,-0.168620,3.612112,10.319812,6.883522,0.000000,0.000000,0.000000,-0.471016,0.738004,-0.483211,0.100000,0.020000,1,0.804867
8.144387,29.961946,-0.619559,31.414688,40.867081,-97.409500,0.000000,0.000000,0.000000,-0.603642,0.782763,-0.151322,0.100000,0.020000,1,0.726711
8.871953,30.017014,-0.437912,54.920444,-57.035103,234.648453,0.000000,0.000000,0.000000,-0.188307,0.562754,-0.804890,0.100000,0.020000,1,0.225744
8.929054,29.944748,0.077309,-387.176788,-98.503838,45.964931,0.000000,0.000000,0.000000,-0.338987,0.634092,0.694992,0.100000,0.020000,1,0.383086
8.624999,29.913509,0.316886,45.552132,-76.582321,-180.811676,0.000000,0.000000,0.000000,-0.635554,0.752478,0.172766,0.100000,0.020000,1,0.046359
8.910783,29.700127,0.234741,44.854202,-14.689927,-24.833538,0.000000,0.000000,0.000000,-0.505345,0.695816,0.510359,0.100000,0.020000,1,0.490610
9.317879,30.272308,-0.368434,168.638718,137.707932,-51.627361,0.000000,0.000000,0.000000,-0.639659,0.690831,-0.337029,0.100000,0.020000,1,0.926022
8.034058,30.025644,-0.998183,-119.432579,78.729179,-275.483093,0.000000,0.000000,0.000000,-0.682541,0.638356,0.355865,0.100000,0.020000,1,0.698789
8.612449,29.691711,-0.425697,10.986233,57.187222,-21.541937,0.000000,0.000000,0.000000,-0.524742,0.546727,-0.652484,0.100000,0.020000,1,0.517909
8.677562,29.874706,-0.378126,287.383850,-418.802490,103.871559,0.000000,0.000000,0.000000,-0.678339,0.559732,-0.475981,0.100000,0.020000,1,0.980844
8.670418,29.692505,0.113043,265.002014,-150.501770,9.070387,0.000000,0.000000,0.000000,-0.838618,0.543333,0.038850,0.100000,0.020000,1,0.310955
8.970275,29.879337,0.629187,21.138552,13.903505,34.631580,0.000000,0.000000,0.000000,-0.504090,0.484000,0.715288,0.100000,0.020000,1,0.603662
9.660681,29.086514,0.889777,258.805908,-115.397537,70.257645,0.000000,0.000000,0.000000,-0.196729,0.442292,0.875029,0.100000,0.020000,1,0.311035
9.401285,29.259653,0.698021,175.972122,-98.673332,181.152344,0.000000,0.000000,0.000000,-0.864919,0.475468,-0.160762,0.100000,0.020000,1,0.844903
8.897902,29.542524,-0.823483,2.996050,3.003304,-65.021889,0.000000,0.000000,0.000000,-0.356569,0.450402,-0.818533,0.100000,0.020000,1,0.686521
9.565171,29.154669,-0.286389,212.599792,-118.802048,-122.215752,0.000000,0.000000,0.000000,-0.864212,0.455091,0.214546,0.100000,0.020000,1,0.895266
9.113647,29.780479,0.508698,-642.900696,126.390518,-162.482849,0.000000,0.000000,0.000000,-0.712363,0.448017,0.540203,0.100000,0.020000,1,0.878333
8.604696,29.696188,0.213838,146.293625,-79.475235,-816.183105,0.000000,0.000000,0.000000,-0.850659,0.432028,-0.299550,0.100000,0.020000,1,0.181698
8.744798,31.316929,-0.466152,10.856062,492.486816,-218.475723,0.000000,0.000000,0.000000,-0.845033,0.394951,0.360464,0.100000,0.020000,1,0.362675
8.979301,29.793169,-0.490246,-5.666090,-28.245558,-17.204439,0.000000,0.000000,0.000000,-0.497511,0.354320,-0.791796,0.100000,0.020000,1,0.344625
8.826197,29.643169,0.116763,-273.131592,165.911057,147.777222,0.000000,0.000000,0.000000,-0.687603,0.318707,-0.652402,0.100000,0.020000,1,0.835011
9.206909,29.764538,-0.150717,54.357845,-37.037769,-62.999809,0.000000,0.000000,0.000000,-0.805323,0.278239,0.523486,0.100000,0.020000,1,0.399857
9.987282,29.409163,0.197068,290.808746,-56.237923,-77.951889,0.000000,0.000000,0.000000,-0.667981,0.307489,0.677681,0.100000,0.020000,1,0.824673
9.273163,30.419891,-0.533571,-23.237886,-250.391907,-195.153214,0.000000,0.000000,0.000000,-0.841492,0.252337,-0.477721,0.100000,0.020000,1,0.842723
8.686807,29.648779,0.701668,-89.097878,51.816887,211.796524,0.000000,0.000000,0.000000,-0.968442,0.204256,-0.142829,0.100000,0.020000,1,0.329356
8.734124,29.912962,0.302495,-448.875916,173.362991,56.844231,0.000000,0.000000,0.000000,-0.348969,0.355353,0.867147,0.100000,0.020000,1,0.246491
8.731956,29.622713,0.044409,155.962479,-89.443565,-21.491873,0.000000,0.000000,0.000000,-0.988250,0.152676,0.007247,0.100000,0.020000,1,0.231648
8.901096,29.525059,-1.018879,-23.225912,29.311216,-258.513123,0.000000,0.000000,0.000000,-0.977485,0.109839,0.180161,0.100000,0.020000,1,0.324095
9.145946,29.730806,2.985492,50.306118,40.740860,833.004272,0.000000,0.000000,0.000000,-0.951169,0.071052,-0.300381,0.100000,0.020000,1,0.031180
9.163190,29.529285,0.497618,-276.151001,-171.441040,-589.579529,0.000000,0.000000,0.000000,-0.933510,0.033354,0.356996,0.100000,0.020000,1,0.996548
8.820632,29.702892,-0.341285,-205.681427,-230.661484,-14.386678,0.000000,0.000000,0.000000,-0.601301,0.156013,-0.783643,0.100000,0.020000,1,0.700811
9.037050,29.582901,-0.364048,-17.179356,-15.798492,1.991071,0.000000,0.000000,0.000000,-0.759201,0.064547,-0.647648,0.100000,0.020000,1,0.343231
9.283711,29.476187,-0.261102,-127.089760,-35.395504,-8.636382,0.000000,0.000000,0.000000,-0.872769,-0.003845,-0.488118,0.100000,0.020000,1,0.719857
8.863495,29.546770,-0.915376,-88.017334,108.848206,-288.954498,0.000000,0.000000,0.000000,-0.849351,-0.078206,0.522002,0.100000,0.020000,1,0.808766
8.955595,29.821608,0.608159,31.413191,-30.840847,-79.877914,0.000000,0.000000,0.000000,-0.440864,0.222158,0.869646,0.100000,0.020000,1,0.229515
9.474349,30.883505,0.672471,118.381294,338.907166,83.206345,0.000000,0.000000,0.000000,-0.714061,0.018546,0.699838,0.100000,0.020000,1,0.751851
8.774068,29.598400,0.046208,-75.189789,52.112930,62.998611,0.000000,0.000000,0.000000,-0.963625,-0.190818,0.187127,0.100000,0.020000,1,0.529282
9.133786,29.521141,-0.017106,-130.724014,-247.004883,-25.262972,0.000000,0.000000,0.000000,-0.970535,-0.198694,-0.136318,0.100000,0.020000,1,0.018296
9.790359,29.098705,0.664432,169.674423,-81.674973,145.152573,0.000000,0.000000,0.000000,-0.979484,-0.201160,0.012087,0.100000,0.020000,1,0.208531
7.412968,30.384230,-1.623986,-440.209656,302.161987,-329.361115,0.000000,0.000000,0.000000,-0.927720,-0.215603,-0.304715,0.100000,0.020000,1,0.739762
9.168018,29.370953,0.336147,85.940575,-49.587124,-165.750580,0.000000,0.000000,0.000000,-0.898072,-0.250821,0.361325,0.100000,0.020000,1,0.616390
9.741767,30.889261,-0.308167,159.158325,376.330444,7.959890,0.000000,0.000000,0.000000,-0.777665,-0.156586,-0.608866,0.100000,0.020000,1,0.248995
8.868353,29.870195,0.093073,-74.056007,84.497185,172.163345,0.000000,0.000000,0.000000,-0.636211,-0.030768,-0.770901,0.100000,0.020000,1,0.303576
8.935908,29.680355,-0.081857,132.478119,-161.740219,113.927925,0.000000,0.000000,0.000000,-0.530896,0.081372,0.843521,0.100000,0.020000,1,0.321224
9.814637,29.003122,-0.083327,86.322830,-48.173820,-4.413240,0.000000,0.000000,0.000000,-0.839940,-0.307164,-0.447383,0.100000,0.020000,1,0.604021
9.159070,29.546705,0.215113,-56.788029,-173.411118,318.502014,0.000000,0.000000,0.000000,-0.704739,-0.170728,0.688618,0.100000,0.020000,1,0.524397
9.108613,29.442198,0.180745,179.958725,-101.987473,173.246292,0.000000,0.000000,0.000000,-0.786713,-0.303824,0.537377,0.100000,0.020000,1,0.863418
12.393948,29.855881,0.142940,940.181335,163.751984,77.225456,0.000000,0.000000,0.000000,-0.894595,-0.446771,0.009730,0.100000,0.020000,1,0.829222
10.435929,29.929712,-0.003942,338.970184,91.102356,-111.535934,0.000000,0.000000,0.000000,-0.872768,-0.451964,0.184401,0.100000,0.020000,1,0.128953
9.320961,29.305067,-0.238182,-311.889923,138.650055,138.357956,0.000000,0.000000,0.000000,-0.863234,-0.478371,-0.161207,0.100000,0.020000,1,0.395903
9.365722,29.286367,-0.364643,9.445071,-107.631104,-3.405592,0.000000,0.000000,0.000000,-0.822656,-0.494519,-0.280514,0.100000,0.020000,1,0.088711
9.446735,29.914629,-0.427618,46.721172,130.626160,-177.628281,0.000000,0.000000,0.000000,-0.814665,-0.478036,0.328333,0.100000,0.020000,1,0.556258
8.024947,31.112822,-0.238975,-390.429901,499.934509,-204.690704,0.000000,0.000000,0.000000,-0.538000,-0.069426,0.840081,0.100000,0.020000,1,0.868800
9.236285,29.382957,-0.333037,-37.132370,25.004297,6.166786,0.000000,0.000000,0.000000,-0.693232,-0.375660,-0.615068,0.100000,0.020000,1,0.023108
9.248733,29.401993,0.290305,1.488129,-0.416779,118.237015,0.000000,0.000000,0.000000,-0.718201,-0.520234,-0.462108,0.100000,0.020000,1,0.897680
9.406397,29.290657,-1.196127,84.003784,-85.802490,-203.927780,0.000000,0.000000,0.000000,-0.586073,-0.244156,-0.772597,0.100000,0.020000,1,0.063935
9.376832,29.501396,0.354427,-140.104706,-73.271507,-76.118935,0.000000,0.000000,0.000000,-0.676629,-0.522200,0.519114,0.100000,0.020000,1,0.914363
9.231472,29.334316,0.445047,116.107384,-65.421371,-225.322067,0.000000,0.000000,0.000000,-0.624505,-0.414069,0.662224,0.100000,0.020000,1,0.074583
9.124789,29.690928,0.308587,16.233997,45.319656,-227.472534,0.000000,0.000000,0.000000,-0.717154,-0.696901,0.004448,0.100000,0.020000,1,0.786913
9.401983,29.320646,-0.196302,8.805865,-6.131576,171.950684,0.000000,0.000000,0.000000,-0.698116,-0.705849,-0.120048,0.100000,0.020000,1,0.308315
9.417517,29.727270,-0.626846,-49.120872,33.567631,-167.002625,0.000000,0.000000,0.000000,-0.677687,-0.714517,0.173798,0.100000,0.020000,1,0.269054
9.430613,29.258575,0.300836,27.155029,-3.789850,89.459244,0.000000,0.000000,0.000000,-0.652965,-0.702171,-0.283890,0.100000,0.020000,1,0.655252
9.546982,29.536182,0.223520,-308.859802,-211.773636,49.120483,0.000000,0.000000,0.000000,-0.572938,-0.745785,0.339923,0.100000,0.020000,1,0.368519
9.393396,29.530838,-0.422171,-41.609692,-63.729580,95.469795,0.000000,0.000000,0.000000,-0.527569,-0.585240,-0.615763,0.100000,0.020000,1,0.313217
9.285808,29.668449,0.531090,-66.169212,-53.039852,-61.178493,0.000000,0.000000,0.000000,-0.465034,-0.261874,0.845675,0.100000,0.020000,1,0.015424
8.670881,29.774904,0.512916,-148.546051,97.573662,183.978821,0.000000,0.000000,0.000000,-0.489728,-0.725551,-0.483469,0.100000,0.020000,1,0.462466
9.437039,29.215633,0.766435,40.525055,-14.323754,93.488754,0.000000,0.000000,0.000000,-0.478047,-0.566611,0.671136,0.100000,0.020000,1,0.207526
9.295506,29.629292,-0.493307,3.519253,-13.500448,24.974697,0.000000,0.000000,0.000000,-0.460933,-0.398129,-0.793117,0.100000,0.020000,1,0.350465
9.309676,31.361141,1.200620,-19.494787,467.189728,193.328659,0.000000,0.000000,0.000000,-0.450173,-0.388352,0.804069,0.100000,0.020000,1,0.427757
9.501708,29.337357,0.016416,-70.365669,44.701626,-13.950365,0.000000,0.000000,0.000000,-0.447103,-0.882842,-0.143835,0.100000,0.020000,1,0.457258
11.224130,29.306005,-1.094389,460.122711,-111.758118,-298.282837,0.000000,0.000000,0.000000,-0.428126,-0.749993,0.504200,0.100000,0.020000,1,0.444248
9.793791,29.591244,0.315531,28.520042,4.583601,91.692848,0.000000,0.000000,0.000000,-0.418657,-0.908030,0.014413,0.100000,0.020000,1,0.184770
10.005482,29.903292,0.457307,99.861313,83.515038,69.310310,0.000000,0.000000,0.000000,-0.421025,-0.887289,0.188300,0.100000,0.020000,1,0.964356
9.607030,29.632900,-1.069631,142.907288,33.826366,-286.229156,0.000000,0.000000,0.000000,-0.398081,-0.874696,-0.276476,0.100000,0.020000,1,0.406055
9.508348,29.272041,0.089215,-177.446014,105.026947,124.852722,0.000000,0.000000,0.000000,-0.360126,-0.874741,0.324248,0.100000,0.020000,1,0.457554
9.208670,29.458078,-0.185198,168.840729,-94.052330,-151.791168,0.000000,0.000000,0.000000,-0.306497,-0.724351,-0.617556,0.100000,0.020000,1,0.383454
9.585566,29.582624,-0.296041,-50.633301,-68.151169,141.916962,0.000000,0.000000,0.000000,-0.276102,-0.846853,-0.454542,0.100000,0.020000,1,0.297570
10.113853,30.226585,0.403144,136.052979,118.536278,11.722208,0.000000,0.000000,0.000000,-0.247282,-0.694854,0.675300,0.100000,0.020000,1,0.026812
10.332522,29.557535,-0.142684,257.318085,-3.359783,-20.814756,0.000000,0.000000,0.000000,-0.146725,-0.981156,-0.125719,0.100000,0.020000,1,0.153021
9.371653,29.714090,-0.350032,24.091854,-64.070572,-85.318008,0.000000,0.000000,0.000000,-0.294498,-0.528434,-0.796259,0.100000,0.020000,1,0.256177
9.871419,29.829937,0.360388,48.652439,61.686382,90.700661,0.000000,0.000000,0.000000,-0.115515,-0.993091,0.020639,0.100000,0.020000,1,0.740646
10.182719,29.216208,-2.162947,157.473267,-94.675751,-676.256897,0.000000,0.000000,0.000000,-0.125304,-0.974266,0.187364,0.100000,0.020000,1,0.767037
9.697905,29.526890,0.236141,-313.555237,-177.684372,-75.188553,0.000000,0.000000,0.000000,-0.155739,-0.837192,0.524267,0.100000,0.020000,1,0.931310
9.771521,29.626890,-0.308470,-89.652428,72.922112,95.811821,0.000000,0.000000,0.000000,-0.107401,-0.951872,-0.287061,0.100000,0.020000,1,0.472233
10.854831,28.502321,0.041041,405.699738,-202.336700,-113.238014,0.000000,0.000000,0.000000,-0.280156,-0.531938,0.799096,0.100000,0.020000,1,0.807055
9.807220,29.177917,-1.646183,208.661072,-77.262657,-344.237671,0.000000,0.000000,0.000000,-0.121819,-0.786412,-0.605572,0.100000,0.020000,1,0.537159
9.506373,29.857809,0.161737,54.520172,-23.640303,173.390610,0.000000,0.000000,0.000000,-0.042649,-0.943180,0.329534,0.100000,0.020000,1,0.176404
9.797587,29.878284,-0.118360,60.337643,-37.652828,-24.455547,0.000000,0.000000,0.000000,0.027620,-0.888381,-0.458275,0.100000,0.020000,1,0.990484
9.433837,29.619980,-0.563226,17.755573,-67.491287,-40.091358,0.000000,0.000000,0.000000,-0.151990,-0.595294,-0.789002,0.100000,0.020000,1,0.833679
9.586458,29.714808,0.401104,-13.325673,-18.132353,-46.558613,0.000000,0.000000,0.000000,-0.049834,-0.744722,0.665512,0.100000,0.020000,1,0.952042
8.650421,29.827723,0.295383,-369.832947,261.382050,18.769907,0.000000,0.000000,0.000000,0.145851,-0.988901,0.028312,0.100000,0.020000,1,0.402118
9.672202,30.239965,0.436097,-13.824828,127.236992,53.234306,0.000000,0.000000,0.000000,0.082820,-0.866389,0.492454,0.100000,0.020000,1,0.471999
9.758615,29.761641,-0.138517,-24.568344,58.805504,13.255170,0.000000,0.000000,0.000000,0.169604,-0.937880,-0.302681,0.100000,0.020000,1,0.141779
9.858690,29.825489,0.110615,-225.580963,-63.986095,-228.902084,0.000000,0.000000,0.000000,0.195395,-0.973729,-0.116927,0.100000,0.020000,1,0.298267
9.907175,29.638927,0.147734,27.062626,-29.380693,7.339776,0.000000,0.000000,0.000000,0.199195,-0.962198,0.185731,0.100000,0.020000,1,0.013704
9.624377,29.819342,0.292621,-133.459305,-217.921677,-9.486868,0.000000,0.000000,0.000000,-0.100536,-0.592362,0.799375,0.100000,0.020000,1,0.254739
10.899683,28.850080,0.058476,380.172668,-336.998505,26.653955,0.000000,0.000000,0.000000,0.143872,-0.775029,-0.615329,0.100000,0.020000,1,0.055339
9.658565,29.851217,0.064460,-0.339809,12.207154,-24.511091,0.000000,0.000000,0.000000,0.274696,-0.893092,0.356271,0.100000,0.020000,1,0.948534
9.642855,29.795155,-0.391817,-8.026678,-17.506819,-29.068451,0.000000,0.000000,0.000000,0.271270,-0.860856,-0.430510,0.100000,0.020000,1,0.954646
8.946872,30.389120,0.427561,-196.488205,147.065475,47.016750,0.000000,0.000000,0.000000,0.266657,-0.827362,0.494334,0.100000,0.020000,1,0.951732
9.156572,29.991577,0.217721,-124.228035,50.762897,149.139420,0.000000,0.000000,0.000000,0.059510,-0.646225,-0.760823,0.100000,0.020000,1,0.020027
11.306413,30.667614,0.513134,411.007996,179.244431,130.876617,0.000000,0.000000,0.000000,0.406354,-0.913716,0.000666,0.100000,0.020000,1,0.778048
9.092551,29.414524,1.681699,3.251560,85.259666,263.616333,0.000000,0.000000,0.000000,0.193393,-0.728058,0.657671,0.100000,0.020000,1,0.970339
9.656581,29.341209,0.138081,31.205549,51.082161,-1.555388,0.000000,0.000000,0.000000,0.468986,-0.870382,-0.149958,0.100000,0.020000,1,0.206403
9.875390,29.934748,-0.028395,-166.474350,-18.930330,260.257050,0.000000,0.000000,0.000000,0.488257,-0.855253,0.173632,0.100000,0.020000,1,0.085428
10.233504,29.686295,-0.918275,121.417229,-79.491676,-193.159866,0.000000,0.000000,0.000000,0.463462,-0.840946,-0.279308,0.100000,0.020000,1,0.997094
9.201202,30.457134,0.386648,-43.248356,127.146416,-31.754036,0.000000,0.000000,0.000000,0.088536,-0.584808,0.806325,0.100000,0.020000,1,0.540874
9.677298,30.070585,-0.221276,-203.316971,-39.084751,-140.033295,0.000000,0.000000,0.000000,0.491596,-0.756947,-0.430539,0.100000,0.020000,1,0.087941
9.988097,29.433764,0.287454,60.856041,-131.880112,24.556692,0.000000,0.000000,0.000000,0.522176,-0.783894,0.335920,0.100000,0.020000,1,0.145789
10.009969,29.744297,-0.103668,145.106308,-26.473700,54.250072,0.000000,0.000000,0.000000,0.355823,-0.693052,-0.626953,0.100000,0.020000,1,0.321244
9.549358,29.959419,1.450443,23.867945,28.614731,282.660583,0.000000,0.000000,0.000000,0.353982,-0.689418,0.631981,0.100000,0.020000,1,0.654935
9.807953,30.048582,0.038277,-13.090294,-16.879717,-20.864750,0.000000,0.000000,0.000000,0.656127,-0.753262,0.045757,0.100000,0.020000,1,0.408663
9.723601,30.049917,0.248351,-244.320328,8.547092,-26.267857,0.000000,0.000000,0.000000,0.514153,-0.699149,0.496827,0.100000,0.020000,1,0.716297
8.882210,30.180286,-1.186882,-154.126404,1.734766,-219.703537,0.000000,0.000000,0.000000,0.249746,-0.584534,-0.771976,0.100000,0.020000,1,0.521661
7.944468,30.379866,0.366827,-372.065002,256.720856,77.432503,0.000000,0.000000,0.000000,0.680093,-0.712629,0.172143,0.100000,0.020000,1,0.722541
9.822577,29.965595,-0.183006,-99.342377,66.098129,146.988251,0.000000,0.000000,0.000000,0.688374,-0.664893,-0.289928,0.100000,0.020000,1,0.637359
9.649574,30.195515,0.083349,1.943509,4.429043,43.983715,0.000000,0.000000,0.000000,0.722668,-0.677849,-0.135176,0.100000,0.020000,1,0.447629
9.597414,29.920313,0.600409,-46.822643,2.772174,-207.379807,0.000000,0.000000,0.000000,0.228022,-0.527773,0.818206,0.100000,0.020000,1,0.554478
9.696264,29.691547,0.458982,62.751381,-156.998428,89.316673,0.000000,0.000000,0.000000,0.714876,-0.606466,0.348068,0.100000,0.020000,1,0.828817
9.942317,30.564020,0.119772,106.721901,166.717010,144.964355,0.000000,0.000000,0.000000,0.568103,-0.562044,-0.601138,0.100000,0.020000,1,0.612596
9.602219,30.178614,-0.198174,6.750758,3.268913,-25.861650,0.000000,0.000000,0.000000,0.692745,-0.576081,-0.433860,0.100000,0.020000,1,0.933160
9.385148,29.629484,0.547923,4.702793,27.866030,-215.501877,0.000000,0.000000,0.000000,0.551233,-0.542506,0.633900,0.100000,0.020000,1,0.533013
9.567073,29.897533,0.084568,-25.819712,31.035727,121.630608,0.000000,0.000000,0.000000,0.729367,-0.496961,0.470164,0.100000,0.020000,1,0.520914
10.093381,31.845095,0.950192,153.734100,527.770081,393.836792,0.000000,0.000000,0.000000,0.401142,-0.479728,-0.780350,0.100000,0.020000,1,0.097691
8.046721,30.423655,-0.484867,-478.240143,33.629601,-148.204971,0.000000,0.000000,0.000000,0.863146,-0.479461,0.158420,0.100000,0.020000,1,0.644523
9.701593,29.514175,0.133637,-14.810279,-145.468307,44.402428,0.000000,0.000000,0.000000,0.876699,-0.455378,-0.155018,0.100000,0.020000,1,0.031223
9.819976,30.659058,-0.530362,124.022621,195.990982,-76.629669,0.000000,0.000000,0.000000,0.887875,-0.460075,0.002894,0.100000,0.020000,1,0.193223
9.135152,29.700474,0.659261,-30.102484,53.891460,244.801849,0.000000,0.000000,0.000000,0.692519,-0.424125,-0.583554,0.100000,0.020000,1,0.732711
10.255813,30.996050,-0.364883,185.808853,192.086044,-107.237762,0.000000,0.000000,0.000000,0.850377,-0.411233,0.328246,0.100000,0.020000,1,0.418036
11.324978,30.181219,-0.226250,502.406647,18.057114,-204.581131,0.000000,0.000000,0.000000,0.403393,-0.426545,0.809527,0.100000,0.020000,1,0.004750
8.811462,30.109430,0.078477,-232.218857,-47.425659,80.073265,0.000000,0.000000,0.000000,0.881224,-0.363958,-0.301625,0.100000,0.020000,1,0.268356
9.494428,29.923639,-0.498785,-19.605257,-37.693722,-2.696548,0.000000,0.000000,0.000000,0.099195,-0.465274,-0.879591,0.100000,0.020000,1,0.114045
9.356521,30.190161,-0.824494,-15.472418,16.315905,-95.811867,0.000000,0.000000,0.000000,0.534247,-0.383500,-0.753331,0.100000,0.020000,1,0.464130
9.661956,29.828964,-0.071059,67.068764,-16.700418,39.565762,0.000000,0.000000,0.000000,0.831264,-0.325815,-0.450383,0.100000,0.020000,1,0.688286
9.550258,30.179396,0.328118,-1.026071,-307.198639,-178.475677,0.000000,0.000000,0.000000,0.820879,-0.308515,0.480599,0.100000,0.020000,1,0.501032
9.396266,29.862890,0.257668,5.615701,23.346663,90.162819,0.000000,0.000000,0.000000,0.696404,-0.332593,0.635928,0.100000,0.020000,1,0.189439
9.454368,30.728123,0.203584,88.480431,-882.735718,-500.787598,0.000000,0.000000,0.000000,0.968293,-0.248924,0.021110,0.100000,0.020000,1,0.339345
9.549228,30.503967,0.007902,1.219067,20.010283,-19.564081,0.000000,0.000000,0.000000,0.959859,-0.202456,0.194119,0.100000,0.020000,1,0.503988
9.658637,29.364485,0.766646,96.000275,-16.070454,76.469940,0.000000,0.000000,0.000000,0.521160,-0.339101,0.783200,0.100000,0.020000,1,0.364713
9.652830,30.326563,-0.018254,-163.422928,104.138557,-27.069029,0.000000,0.000000,0.000000,0.971460,-0.183498,-0.150313,0.100000,0.020000,1,0.151386
9.603560,30.432686,-0.232598,-33.905396,-56.708809,47.034229,0.000000,0.000000,0.000000,0.938919,-0.182921,-0.291499,0.100000,0.020000,1,0.221984
9.854055,30.085072,0.750249,90.504990,-71.929214,119.245972,0.000000,0.000000,0.000000,0.924743,-0.163568,0.343652,0.100000,0.020000,1,0.349999
9.553557,29.952297,-0.995771,42.744251,-150.302185,-220.599335,0.000000,0.000000,0.000000,0.902742,-0.104151,-0.417384,0.100000,0.020000,1,0.272227
10.082264,30.096626,-0.149727,158.323792,-28.889410,65.217476,0.000000,0.000000,0.000000,0.653016,-0.222065,-0.724056,0.100000,0.020000,1,0.004211
9.490954,30.363388,0.335328,1.084418,-61.235023,15.616366,0.000000,0.000000,0.000000,0.754334,-0.155428,0.637827,0.100000,0.020000,1,0.884125
9.543447,30.401348,-0.307064,-113.251419,-299.676910,-131.937958,0.000000,0.000000,0.000000,0.788227,-0.140252,-0.599190,0.100000,0.020000,1,0.231544
9.521640,30.390696,0.095466,-223.980286,-98.712036,411.228607,0.000000,0.000000,0.000000,0.873908,-0.070989,0.480880,0.100000,0.020000,1,0.326245
8.930984,30.145655,0.119285,-11.415787,38.945236,19.522633,0.000000,0.000000,0.000000,0.993032,0.044995,-0.108920,0.100000,0.020000,1,0.347865
9.558531,30.391796,0.055293,-188.348206,164.572037,-179.860367,0.000000,0.000000,0.000000,0.998274,0.052867,0.025559,0.100000,0.020000,1,0.187530
9.352502,30.566166,0.025661,-229.685287,-291.766296,536.843689,0.000000,0.000000,0.000000,0.975261,0.122659,0.183902,0.100000,0.020000,1,0.461447
9.018905,30.079357,1.090786,-116.285385,12.700923,238.380280,0.000000,0.000000,0.000000,0.573428,-0.162111,0.803057,0.100000,0.020000,1,0.080309
9.160663,29.568508,-0.164093,-12.577134,65.839806,-86.476173,0.000000,0.000000,0.000000,0.947824,0.127156,-0.292336,0.100000,0.020000,1,0.593095
9.886011,30.488350,-1.069887,115.629990,55.912560,-150.666763,0.000000,0.000000,0.000000,0.676922,-0.053113,-0.734136,0.100000,0.020000,1,0.458278
9.237525,30.238745,0.100107,-50.366318,53.063896,-70.051392,0.000000,0.000000,0.000000,0.930964,0.175654,0.320081,0.100000,0.020000,1,0.205706
10.387922,30.397657,0.297341,239.232178,-1.889857,-5.780436,0.000000,0.000000,0.000000,0.782683,0.071751,0.618271,0.100000,0.020000,1,0.631924
9.460679,30.377182,-0.420241,41.753986,3.906418,-17.225000,0.000000,0.000000,0.000000,0.788448,0.098475,-0.607168,0.100000,0.020000,1,0.050528
9.260481,30.360256,-0.407863,-23.005711,33.183815,-63.629997,0.000000,0.000000,0.000000,0.869201,0.206459,-0.449293,0.100000,0.020000,1,0.070237
8.914424,30.009995,0.368517,87.890434,-28.477287,-110.198441,0.000000,0.000000,0.000000,0.851996,0.216098,0.476869,0.100000,0.020000,1,0.223536
9.322668,30.505640,-0.004218,-42.815506,-27.387012,-126.935524,0.000000,0.000000,0.000000,0.930740,0.339068,-0.136953,0.100000,0.020000,1,0.444328
9.094822,30.465036,-0.067142,90.405952,-33.813522,45.467171,0.000000,0.000000,0.000000,0.927551,0.373407,0.014723,0.100000,0.020000,1,0.673771
8.753648,29.807501,0.394724,176.789658,-42.278080,-548.469604,0.000000,0.000000,0.000000,0.907052,0.392388,0.152608,0.100000,0.020000,1,0.285785
10.393948,30.148491,0.916445,322.652405,-20.345665,151.265823,0.000000,0.000000,0.000000,0.623387,0.020548,0.781643,0.100000,0.020000,1,0.838022
8.909363,31.852491,0.476494,-49.611477,373.241821,154.269302,0.000000,0.000000,0.000000,0.876201,0.389228,-0.284207,0.100000,0.020000,1,0.567451
6.535525,31.258488,1.724684,-637.750488,417.336975,496.162018,0.000000,0.000000,0.000000,0.858192,0.390017,0.333756,0.100000,0.020000,1,0.140714
10.121704,30.775425,-0.477515,206.915192,93.079826,-29.984777,0.000000,0.000000,0.000000,0.767696,0.264531,-0.583667,0.100000,0.020000,1,0.994431
10.025021,29.958817,-0.871244,229.266098,-108.122940,-139.788330,0.000000,0.000000,0.000000,0.665638,0.167998,-0.727119,0.100000,0.020000,1,0.394029
9.318173,30.231331,-0.249910,-231.810898,-210.711060,20.306286,0.000000,0.000000,0.000000,0.795473,0.429820,-0.427173,0.100000,0.020000,1,0.480077
8.719519,30.986206,-0.847691,-155.570938,136.413513,-229.012924,0.000000,0.000000,0.000000,0.813340,0.562956,-0.146830,0.100000,0.020000,1,0.324812
9.171720,30.418457,0.257210,16.373112,-6.938182,9.424074,0.000000,0.000000,0.000000,0.753760,0.434123,0.493338,0.100000,0.020000,1,0.898221
9.246993,30.479431,0.239240,-118.740257,-219.542328,86.640785,0.000000,0.000000,0.000000,0.698104,0.322340,0.639334,0.100000,0.020000,1,0.728703
9.482981,30.068415,0.607522,56.848625,-55.424744,35.740868,0.000000,0.000000,0.000000,0.608825,0.167560,0.775407,0.100000,0.020000,1,0.506945
9.282760,29.569775,0.368970,-96.732475,136.171768,-136.016373,0.000000,0.000000,0.000000,0.786007,0.617060,0.037811,0.100000,0.020000,1,0.204561
9.194563,30.542658,-0.012093,50.263191,-138.078033,133.041397,0.000000,0.000000,0.000000,0.761213,0.625920,0.169643,0.100000,0.020000,1,0.495727
9.086342,30.460512,-0.386502,8.606964,-40.397778,-12.469352,0.000000,0.000000,0.000000,0.753705,0.596727,-0.275398,0.100000,0.020000,1,0.029541
9.883160,30.912004,-0.727274,225.453537,130.222687,-107.574562,0.000000,0.000000,0.000000,0.680066,0.459065,-0.571637,0.100000,0.020000,1,0.379649
8.395922,30.581837,-0.083295,-152.308914,107.894653,-65.432106,0.000000,0.000000,0.000000,0.722179,0.617340,0.312007,0.100000,0.020000,1,0.020489
9.273226,30.363535,-0.758057,23.627277,11.148305,-89.347450,0.000000,0.000000,0.000000,0.588857,0.322938,-0.740917,0.100000,0.020000,1,0.187952
8.802331,31.039484,0.495054,-63.320816,137.584366,197.002670,0.000000,0.000000,0.000000,0.646661,0.622759,-0.440456,0.100000,0.020000,1,0.257329
8.105817,30.693584,-0.007178,-169.963867,62.153473,-14.959749,0.000000,0.000000,0.000000,0.626261,0.778659,0.038555,0.100000,0.020000,1,0.777731
8.909595,30.328796,0.002519,-19.114132,-89.101791,16.111809,0.000000,0.000000,0.000000,0.627506,0.771285,-0.106567,0.100000,0.020000,1,0.871410
9.165562,30.237478,0.399732,11.472733,2.024136,4.886442,0.000000,0.000000,0.000000,0.567251,0.516109,0.641761,0.100000,0.020000,1,0.459517
9.138293,30.198553,0.448151,-0.149718,9.872436,-12.397786,0.000000,0.000000,0.000000,0.541884,0.352389,0.763009,0.100000,0.020000,1,0.702061
9.053018,30.442755,0.222775,30.737778,-46.285179,-20.227936,0.000000,0.000000,0.000000,0.587261,0.646192,0.487401,0.100000,0.020000,1,0.310288
9.404256,31.185846,0.247713,123.648155,199.657669,22.936060,0.000000,0.000000,0.000000,0.601876,0.779987,0.171366,0.100000,0.020000,1,0.326537
8.269908,30.204496,-1.844054,-136.010574,1.551529,-465.462128,0.000000,0.000000,0.000000,0.556262,0.785746,-0.270511,0.100000,0.020000,1,0.950225
8.915504,30.478926,0.063154,-22.507568,-141.247833,107.820053,0.000000,0.000000,0.000000,0.490819,0.810155,0.320539,0.100000,0.020000,1,0.785405
8.732910,30.344454,-0.360263,-101.602867,6.469395,18.099207,0.000000,0.000000,0.000000,0.488371,0.478669,-0.729637,0.100000,0.020000,1,0.213356
9.074072,30.280399,0.393857,17.268606,5.796835,3.871787,0.000000,0.000000,0.000000,0.454525,0.626327,0.633341,0.100000,0.020000,1,0.423900
8.911026,30.353125,-0.358502,-8.472818,4.076694,-5.561052,0.000000,0.000000,0.000000,0.465032,0.647525,-0.603703,0.100000,0.020000,1,0.072110
8.996757,30.236403,-0.276789,17.145630,-5.646399,-1.643822,0.000000,0.000000,0.000000,0.422692,0.794868,-0.435336,0.100000,0.020000,1,0.219816
9.098789,30.215424,0.484396,11.388592,0.164602,6.361232,0.000000,0.000000,0.000000,0.434675,0.496398,0.751429,0.100000,0.020000,1,0.940693
8.905547,30.361032,0.127296,301.618225,-106.697563,-346.668732,0.000000,0.000000,0.000000,0.387844,0.921579,0.016432,0.100000,0.020000,1,0.524126
8.802521,30.467335,0.738427,-6.148462,40.516422,128.072601,0.000000,0.000000,0.000000,0.382124,0.798746,0.464744,0.100000,0.020000,1,0.044388
8.653357,30.232071,-0.048857,41.730618,-15.104147,-14.219625,0.000000,0.000000,0.000000,0.362290,0.920468,-0.146577,0.100000,0.020000,1,0.337608
8.779663,30.300533,0.023327,32.913399,-89.971573,243.047562,0.000000,0.000000,0.000000,0.334459,0.923182,0.189400,0.100000,0.020000,1,0.977650
9.160676,30.207218,1.461473,125.665634,3.888289,411.831512,0.000000,0.000000,0.000000,0.338387,0.901579,-0.269536,0.100000,0.020000,1,0.400692
9.508426,31.172329,1.374810,213.079269,286.721741,307.999756,0.000000,0.000000,0.000000,0.266843,0.904909,0.331565,0.100000,0.020000,1,0.078215
9.237749,30.350048,-1.095275,34.650028,7.566295,-213.261688,0.000000,0.000000,0.000000,0.325763,0.627659,-0.707052,0.100000,0.020000,1,0.960321
8.918156,30.254204,-0.368747,-34.696442,-14.703329,210.389725,0.000000,0.000000,0.000000,0.281596,0.755005,-0.592175,0.100000,0.020000,1,0.018135
8.293716,30.179947,-0.112469,-164.778717,-13.977138,-125.751442,0.000000,0.000000,0.000000,0.254032,0.747150,0.614194,0.100000,0.020000,1,0.031295
9.155381,30.139671,-0.519792,69.356163,-17.780342,-48.401844,0.000000,0.000000,0.000000,0.178278,0.885221,-0.429652,0.100000,0.020000,1,0.750023
8.622121,29.686127,0.217962,24.287266,50.342461,34.827930,0.000000,0.000000,0.000000,0.107894,0.993776,0.027718,0.100000,0.020000,1,0.854506
8.966697,30.052641,0.327298,-408.199921,-63.013248,-293.640808,0.000000,0.000000,0.000000,0.148907,0.859815,0.488412,0.100000,0.020000,1,0.068408
8.890692,30.180418,0.109039,-322.624847,67.432381,-137.986725,0.000000,0.000000,0.000000,0.086827,0.981559,0.170302,0.100000,0.020000,1,0.447447
9.006227,30.165659,0.529986,19.796963,28.104261,-79.057571,0.000000,0.000000,0.000000,0.273121,0.557632,0.783870,0.100000,0.020000,1,0.834918
8.784872,30.242279,-0.123462,-9.888410,-13.576068,29.668880,0.000000,0.000000,0.000000,0.065488,0.990930,-0.117342,0.100000,0.020000,1,0.549779
10.338500,28.695175,1.297538,455.836029,-213.425568,485.445709,0.000000,0.000000,0.000000,0.408671,0.289601,-0.865517,0.100000,0.020000,1,0.585143
8.712685,30.210478,0.313018,-58.697952,3.574501,151.269562,0.000000,0.000000,0.000000,0.097523,0.827621,-0.552751,0.100000,0.020000,1,0.356871
8.492909,30.088343,0.824145,-21.612642,33.878864,224.365280,0.000000,0.000000,0.000000,0.022114,0.956686,-0.290282,0.100000,0.020000,1,0.369496
8.724463,30.152069,0.284483,28.530472,62.457748,-252.106140,0.000000,0.000000,0.000000,-0.000191,0.942097,0.335342,0.100000,0.020000,1,0.807646
8.871997,30.347715,0.039704,-28.944212,12.922304,78.370079,0.000000,0.000000,0.000000,0.160379,0.662097,-0.732056,0.100000,0.020000,1,0.544385
8.889565,30.010250,-0.184148,59.100945,-18.661474,-170.931290,0.000000,0.000000,0.000000,0.052737,0.791595,0.608766,0.100000,0.020000,1,0.755221
8.599341,30.125992,0.195358,-139.229462,94.203369,75.407234,0.000000,0.000000,0.000000,-0.021111,0.894772,0.446025,0.100000,0.020000,1,0.319827
9.241566,30.292356,-0.872220,130.134918,32.734047,-163.778381,0.000000,0.000000,0.000000,-0.023383,0.911238,-0.411216,0.100000,0.020000,1,0.282987
8.962831,30.245323,0.275530,-231.855087,8.653791,69.469933,0.000000,0.000000,0.000000,0.127185,0.659229,0.741108,0.100000,0.020000,1,0.687712
9.097154,30.193157,-0.512601,3.908094,-5.850367,17.483994,0.000000,0.000000,0.000000,0.304644,0.425949,-0.851915,0.100000,0.020000,1,0.245771
8.594821,29.983145,0.068197,-35.589581,-269.984528,-183.484406,0.000000,0.000000,0.000000,-0.171113,0.984672,0.033786,0.100000,0.020000,1,0.207324
8.751332,29.611525,0.686390,39.475945,2.360605,178.021378,0.000000,0.000000,0.000000,-0.193684,0.971576,-0.136112,0.100000,0.020000,1,0.949160
8.587568,30.088894,-0.357123,-10.910723,11.666775,-32.231598,0.000000,0.000000,0.000000,-0.179816,0.950758,-0.252438,0.100000,0.020000,1,0.301237
8.674186,30.194664,0.064988,93.358704,-167.770737,-55.346001,0.000000,0.000000,0.000000,-0.191259,0.969479,0.153397,0.100000,0.020000,1,0.533398
8.486454,29.936573,-0.394566,84.921860,-41.781406,40.970142,0.000000,0.000000,0.000000,-0.118418,0.823851,-0.554298,0.100000,0.020000,1,0.741319
9.005719,29.694986,0.251186,-131.959335,94.377640,-185.881790,0.000000,0.000000,0.000000,-0.264539,0.910070,0.319048,0.100000,0.020000,1,0.027462
8.769541,30.031456,-0.236061,-13.687189,-3.859823,-6.176347,0.000000,0.000000,0.000000,-0.256825,0.869089,-0.422760,0.100000,0.020000,1,0.766369
9.070225,30.082502,-0.420268,-75.631905,207.402756,-185.686325,0.000000,0.000000,0.000000,0.177339,0.496608,-0.849666,0.100000,0.020000,1,0.262366
9.321778,30.019753,-0.496265,128.056808,-24.317469,-40.417118,0.000000,0.000000,0.000000,-0.053282,0.669768,-0.740656,0.100000,0.020000,1,0.005564
8.932812,30.076845,0.213337,-149.818375,-40.482327,34.810730,0.000000,0.000000,0.000000,-0.276916,0.831580,0.481448,0.100000,0.020000,1,0.267503
8.836737,30.023983,0.431371,32.029137,16.644489,-21.299646,0.000000,0.000000,0.000000,-0.062042,0.654609,0.753417,0.100000,0.020000,1,0.922041
9.218158,29.692457,1.027272,90.577988,-39.731812,121.761528,0.000000,0.000000,0.000000,-0.194002,0.748716,0.633867,0.100000,0.020000,1,0.385984
8.280849,31.478033,0.460627,-100.105255,421.609894,145.523666,0.000000,0.000000,0.000000,-0.413931,0.900095,-0.135975,0.100000,0.020000,1,0.228041
8.641985,29.973135,0.122479,63.556591,-45.846123,-87.889877,0.000000,0.000000,0.000000,-0.426846,0.887788,0.172149,0.100000,0.020000,1,0.085563
8.929725,29.684601,-0.089087,-760.456116,120.958153,97.934441,0.000000,0.000000,0.000000,-0.440450,0.897297,0.029357,0.100000,0.020000,1,0.091221
8.754105,29.855776,0.008679,-227.843063,-24.330027,-8.529494,0.000000,0.000000,0.000000,-0.480289,0.832953,-0.274794,0.100000,0.020000,1,0.797772
8.492910,30.129528,0.008237,-227.858139,206.360107,-14.790304,0.000000,0.000000,0.000000,-0.487197,0.807589,0.332323,0.100000,0.020000,1,0.528161
8.795796,29.919493,-0.213280,13.655006,15.859143,17.344675,0.000000,0.000000,0.000000,-0.459312,0.792821,-0.400582,0.100000,0.020000,1,0.449905
8.761915,29.663475,-0.358960,-168.477020,114.863449,-380.106995,0.000000,0.000000,0.000000,-0.344032,0.726720,-0.594576,0.100000,0.020000,1,0.167406
8.452013,30.027334,0.172260,-67.229866,52.922829,-30.588802,0.000000,0.000000,0.000000,-0.359226,0.722882,0.590253,0.100000,0.020000,1,0.818339
8.808431,30.040926,0.385527,81.965508,-49.445393,6.693453,0.000000,0.000000,0.000000,-0.201518,0.647596,0.734854,0.100000,0.020000,1,0.414393
8.871577,29.965736,-0.489905,-31.262781,-33.805241,206.684372,0.000000,0.000000,0.000000,-0.225666,0.645806,-0.729389,0.100000,0.020000,1,0.357890
8.778690,29.854410,0.411791,-131.819565,103.741867,-490.589874,0.000000,0.000000,0.000000,-0.476425,0.751509,0.456348,0.100000,0.020000,1,0.913410
9.062001,29.985697,-0.475065,-67.564972,10.226976,-34.599461,0.000000,0.000000,0.000000,0.035295,0.527587,-0.848767,0.100000,0.020000,1,0.591553
9.308075,29.923925,0.163418,138.492767,30.772631,36.495945,0.000000,0.000000,0.000000,-0.649649,0.747548,-0.138307,0.100000,0.020000,1,0.287728
8.712595,29.774359,-0.049927,18.497040,1.333750,43.082859,0.000000,0.000000,0.000000,-0.679338,0.733825,0.000212,0.100000,0.020000,1,0.706168
9.274066,29.343372,-0.402739,17.183064,0.275399,28.774620,0.000000,0.000000,0.000000,-0.681895,0.706811,0.188249,0.100000,0.020000,1,0.987498
8.976425,29.619301,-0.329247,41.906269,-19.990568,41.717552,0.000000,0.000000,0.000000,-0.654597,0.698170,-0.289935,0.100000,0.020000,1,0.533127
8.698899,30.048325,-0.640679,-67.743820,63.159023,-86.348282,0.000000,0.000000,0.000000,-0.384623,0.611844,-0.691168,0.100000,0.020000,1,0.124251
10.118261,29.619473,0.139291,397.918549,-130.784424,188.033096,0.000000,0.000000,0.000000,-0.529034,0.627124,-0.571698,0.100000,0.020000,1,0.710644
8.532557,29.762197,-0.520257,-38.926601,29.856615,-171.847183,0.000000,0.000000,0.000000,-0.696774,0.638963,0.325935,0.100000,0.020000,1,0.571041
8.741122,29.880508,0.279469,51.602013,-64.593178,208.609360,0.000000,0.000000,0.000000,-0.510791,0.604023,0.611759,0.100000,0.020000,1,0.906783
8.650487,29.682795,0.494529,497.851227,-283.481079,37.276051,0.000000,0.000000,0.000000,-0.399047,0.534157,0.745277,0.100000,0.020000,1,0.070800
9.253571,30.645264,-0.622770,-31.870770,162.250443,-93.262215,0.000000,0.000000,0.000000,-0.698590,0.561995,-0.442869,0.100000,0.020000,1,0.003961
8.838142,29.710369,0.238741,-235.317810,23.595699,155.110489,0.000000,0.000000,0.000000,-0.689352,0.551326,0.469929,0.100000,0.020000,1,0.624977
9.330987,29.661604,0.147424,213.785202,-16.350742,-185.095490,0.000000,0.000000,0.000000,-0.815514,0.557783,0.154324,0.100000,0.020000,1,0.596028
9.369212,29.315929,-0.493556,148.973206,-79.667709,-76.948540,0.000000,0.000000,0.000000,-0.821692,0.558283,-0.114640,0.100000,0.020000,1,0.508136
9.049574,29.439339,-0.101440,86.129578,-32.540478,-14.899763,0.000000,0.000000,0.000000,-0.830521,0.556627,0.020048,0.100000,0.020000,1,0.239479
8.932157,29.546209,0.021016,-406.265594,238.743103,385.515900,0.000000,0.000000,0.000000,-0.807546,0.507117,0.301166,0.100000,0.020000,1,0.851015
8.727818,29.737068,-0.205915,84.094215,-97.391853,22.424814,0.000000,0.000000,0.000000,-0.824805,0.485698,-0.289472,0.100000,0.020000,1,0.365125
9.422681,29.818008,0.497412,145.501175,-12.439025,160.164383,0.000000,0.000000,0.000000,-0.525904,0.479496,-0.702502,0.100000,0.020000,1,0.992604
9.014186,29.698120,0.052733,27.420792,12.788820,73.295700,0.000000,0.000000,0.000000,-0.679173,0.471816,-0.562241,0.100000,0.020000,1,0.789979
8.539618,29.788517,0.175125,230.755432,-128.585571,81.399338,0.000000,0.000000,0.000000,-0.673802,0.451092,0.585241,0.100000,0.020000,1,0.739881
8.816597,29.858936,-0.538554,21.753260,2.709330,74.548615,0.000000,0.000000,0.000000,-0.223597,0.480840,-0.847819,0.100000,0.020000,1,0.774165
9.018193,29.607317,-1.114813,36.515800,4.070321,-206.286072,0.000000,0.000000,0.000000,-0.815959,0.392503,-0.424443,0.100000,0.020000,1,0.547309
9.021927,29.455297,0.134303,-202.226883,117.622749,364.452515,0.000000,0.000000,0.000000,-0.813287,0.376392,0.443727,0.100000,0.020000,1,0.252522
8.749561,30.012651,0.078916,10.450992,76.996918,91.733070,0.000000,0.000000,0.000000,-0.512186,0.424750,0.746494,0.100000,0.020000,1,0.325068
8.340466,29.848742,0.746208,-89.344612,53.165970,227.630890,0.000000,0.000000,0.000000,-0.936660,0.349759,0.018371,0.100000,0.020000,1,0.824653
7.697749,30.219812,-1.265481,-306.091797,180.688568,-352.859131,0.000000,0.000000,0.000000,-0.928041,0.350892,-0.124955,0.100000,0.020000,1,0.915479
8.833449,29.565435,0.176187,10.583905,-5.710753,-59.449600,0.000000,0.000000,0.000000,-0.932231,0.324702,0.159733,0.100000,0.020000,1,0.180375
9.100738,29.409798,0.446145,-136.742966,80.422501,-165.360001,0.000000,0.000000,0.000000,-0.911685,0.283073,0.297826,0.100000,0.020000,1,0.053935
9.508163,29.174568,0.152950,129.014862,-67.270905,-6.348791,0.000000,0.000000,0.000000,-0.930493,0.253328,-0.264590,0.100000,0.020000,1,0.065280
8.814934,29.721857,-0.449608,47.075722,-23.975147,37.902493,0.000000,0.000000,0.000000,-0.620287,0.344227,-0.704806,0.100000,0.020000,1,0.189216
9.039106,29.509649,-0.500416,-240.703384,70.485641,113.143326,0.000000,0.000000,0.000000,-0.775837,0.280476,-0.565164,0.100000,0.020000,1,0.764659
7.748493,30.204519,0.301626,-247.538010,144.005966,128.044678,0.000000,0.000000,0.000000,-0.887742,0.216593,-0.406203,0.100000,0.020000,1,0.555599
9.290234,29.739063,0.507250,69.290672,-99.572449,199.439468,0.000000,0.000000,0.000000,-0.876804,0.200665,0.436977,0.100000,0.020000,1,0.581572
8.818426,29.778713,0.302996,159.982529,-146.529297,-25.435579,0.000000,0.000000,0.000000,-0.742996,0.253209,0.619550,0.100000,0.020000,1,0.471615
9.179068,29.364574,-0.272805,24.181705,-13.330611,-20.133623,0.000000,0.000000,0.000000,-0.987400,0.101125,-0.121719,0.100000,0.020000,1,0.572411
8.940740,29.700678,0.398983,-1.521862,3.473826,-16.485519,0.000000,0.000000,0.000000,-0.621080,0.259227,0.739636,0.100000,0.020000,1,0.547990
9.030922,29.453035,0.169882,-193.316498,25.053308,72.926956,0.000000,0.000000,0.000000,-0.986458,0.072840,0.146949,0.100000,0.020000,1,0.467243
9.004548,29.583876,0.088513,-175.547607,-188.122116,-211.456192,0.000000,0.000000,0.000000,-0.998655,0.042600,0.029545,0.100000,0.020000,1,0.254513
9.103003,29.850336,-0.456310,-606.298767,-441.730530,184.136963,0.000000,0.000000,0.000000,-0.324525,0.402147,-0.856131,0.100000,0.020000,1,0.401038
9.025178,29.453423,0.832301,-83.949791,48.776356,51.735699,0.000000,0.000000,0.000000,-0.949151,0.038379,0.312472,0.100000,0.020000,1,0.896116
9.135485,29.389738,-0.190198,-94.453262,57.561211,284.782349,0.000000,0.000000,0.000000,-0.961721,0.009346,-0.273872,0.100000,0.020000,1,0.696375
9.035262,29.447601,-0.444013,-63.201763,36.508999,340.783325,0.000000,0.000000,0.000000,-0.915051,-0.017324,-0.402965,0.100000,0.020000,1,0.660290
8.852709,29.669188,-0.526563,209.202942,-114.829422,197.673386,0.000000,0.000000,0.000000,-0.814927,0.053576,-0.577082,0.100000,0.020000,1,0.436843
9.069601,29.565485,-0.502627,11.519682,-5.543084,-12.457284,0.000000,0.000000,0.000000,-0.689105,0.140964,-0.710819,0.100000,0.020000,1,0.799245
7.772652,30.201454,-0.363271,-212.373154,123.252769,-115.389687,0.000000,0.000000,0.000000,-0.793997,0.044522,0.606289,0.100000,0.020000,1,0.786047
9.141421,29.386309,0.000903,-92.357613,54.125351,-20.041563,0.000000,0.000000,0.000000,-0.985533,-0.165398,0.036983,0.100000,0.020000,1,0.898504
9.877105,29.175623,-2.067178,272.647522,-179.259628,-466.135834,0.000000,0.000000,0.000000,-0.437169,0.296346,-0.849154,0.100000,0.020000,1,0.680010
8.892130,29.530235,-0.363537,24.535669,-5.947887,32.994904,0.000000,0.000000,0.000000,-0.976161,-0.191745,-0.101706,0.100000,0.020000,1,0.272679
9.007666,29.463533,-0.101771,-418.926422,244.527313,74.464508,0.000000,0.000000,0.000000,-0.971261,-0.180438,0.155223,0.100000,0.020000,1,0.840527
9.113021,30.991388,1.182886,-7.244350,320.823456,174.940109,0.000000,0.000000,0.000000,-0.651626,0.086560,0.753586,0.100000,0.020000,1,0.829588
9.223405,29.484188,0.293438,49.785355,0.931232,-8.796420,0.000000,0.000000,0.000000,-0.874909,-0.121417,0.468821,0.100000,0.020000,1,0.426881
6.384391,30.978079,-0.792275,-715.309875,413.490662,-251.209167,0.000000,0.000000,0.000000,-0.932329,-0.212015,0.292937,0.100000,0.020000,1,0.813886
8.108822,29.982479,0.609337,-197.401688,117.584564,-60.091228,0.000000,0.000000,0.000000,-0.928743,-0.241395,-0.281361,0.100000,0.020000,1,0.484894
9.143333,29.754986,-0.533659,-321.201996,-262.208862,-19.819462,0.000000,0.000000,0.000000,-0.511049,0.196797,-0.836720,0.100000,0.020000,1,0.139911
8.979654,30.060711,-0.154596,-72.697784,52.348454,49.235134,0.000000,0.000000,0.000000,-0.808406,-0.140040,-0.571725,0.100000,0.020000,1,0.217031
9.083899,29.477911,0.465066,126.677383,-181.093842,-112.907356,0.000000,0.000000,0.000000,-0.792378,-0.153370,0.590436,0.100000,0.020000,1,0.469726
9.166620,29.726036,-0.361566,-86.780205,-111.406891,-17.210836,0.000000,0.000000,0.000000,-0.712088,-0.053721,-0.700032,0.100000,0.020000,1,0.149969
9.066561,29.444277,0.132061,-132.926392,71.550674,-124.110786,0.000000,0.000000,0.000000,-0.846025,-0.282570,0.452102,0.100000,0.020000,1,0.026116
7.267954,30.988276,0.926921,-466.930756,399.474030,186.186188,0.000000,0.000000,0.000000,-0.672554,-0.048043,0.738487,0.100000,0.020000,1,0.703908
9.333443,29.280512,-0.229202,-132.990662,78.317062,23.326220,0.000000,0.000000,0.000000,-0.858857,-0.303042,-0.412953,0.100000,0.020000,1,0.477469
9.811340,28.999529,-0.254064,151.208908,-80.505989,-234.496231,0.000000,0.000000,0.000000,-0.893018,-0.435331,-0.114038,0.100000,0.020000,1,0.293163
9.293533,29.490210,0.403303,36.408092,23.432055,38.414955,0.000000,0.000000,0.000000,-0.875959,-0.456142,0.156941,0.100000,0.020000,1,0.473037
9.126966,29.614910,-0.213089,105.734375,-306.462311,268.872650,0.000000,0.000000,0.000000,-0.886058,-0.463204,0.018525,0.100000,0.020000,1,0.854997
9.656538,29.088903,-0.239799,109.709412,-41.377274,25.291973,0.000000,0.000000,0.000000,-0.849117,-0.454590,-0.268977,0.100000,0.020000,1,0.404037
9.036919,29.703396,-0.496622,-3.553299,3.378070,49.977634,0.000000,0.000000,0.000000,-0.553494,0.057978,-0.830833,0.100000,0.020000,1,0.073438
9.482114,29.455683,0.122014,58.968285,19.088795,15.460075,0.000000,0.000000,0.000000,-0.828442,-0.463066,0.315045,0.100000,0.020000,1,0.639415
9.669136,29.108749,-0.250094,110.613708,-55.646160,19.643103,0.000000,0.000000,0.000000,-0.682995,-0.216829,-0.697498,0.100000,0.020000,1,0.251790
9.022842,29.454771,-0.222706,-407.917999,246.373871,46.002811,0.000000,0.000000,0.000000,-0.749597,-0.358968,-0.556099,0.100000,0.020000,1,0.749333
9.249109,29.511583,-0.399524,28.765202,24.539459,-14.467206,0.000000,0.000000,0.000000,-0.785456,-0.481192,-0.389246,0.100000,0.020000,1,0.314213
9.432399,29.623100,0.212944,7.686236,21.009081,4.239249,0.000000,0.000000,0.000000,-0.712841,-0.346566,0.609713,0.100000,0.020000,1,0.267532
8.053683,30.157349,0.294735,-328.693787,150.657837,64.146469,0.000000,0.000000,0.000000,-0.642626,-0.226452,0.731950,0.100000,0.020000,1,0.364380
9.136776,29.395741,0.377316,-78.221428,47.206436,260.273315,0.000000,0.000000,0.000000,-0.747185,-0.502066,0.435483,0.100000,0.020000,1,0.390811
10.201860,28.774065,-0.310546,213.751465,-105.866798,-47.691166,0.000000,0.000000,0.000000,-0.773067,-0.634249,0.009821,0.100000,0.020000,1,0.219088
9.773880,30.010542,-0.363815,95.399017,244.734467,-72.575058,0.000000,0.000000,0.000000,-0.767232,-0.629564,-0.122494,0.100000,0.020000,1,0.601949
9.855113,28.974258,-0.787843,168.313232,-84.953156,-256.082672,0.000000,0.000000,0.000000,-0.765589,-0.626345,0.146850,0.100000,0.020000,1,0.935381
9.516691,29.169647,-0.548427,168.890228,11.286716,-168.919861,0.000000,0.000000,0.000000,-0.719827,-0.643855,-0.259423,0.100000,0.020000,1,0.886502
9.210223,29.391840,-0.151780,141.703247,-81.686485,-225.397644,0.000000,0.000000,0.000000,-0.650181,-0.511290,-0.562003,0.100000,0.020000,1,0.109965
9.250029,29.695726,-0.131067,-40.252995,26.827829,-88.756935,0.000000,0.000000,0.000000,-0.676214,-0.664782,0.317488,0.100000,0.020000,1,0.800795
9.147558,29.737099,0.038109,5.807320,34.485107,70.591026,0.000000,0.000000,0.000000,-0.550941,-0.116771,-0.826334,0.100000,0.020000,1,0.159079
9.362744,30.385345,-0.529570,-23.337986,252.976120,-83.881821,0.000000,0.000000,0.000000,-0.652416,-0.644478,-0.398750,0.100000,0.020000,1,0.895937
9.257245,29.321812,-0.533914,-83.826019,49.116753,190.224411,0.000000,0.000000,0.000000,-0.607442,-0.403529,-0.684236,0.100000,0.020000,1,0.077173
9.299272,29.295174,0.668650,44.007240,21.524038,59.590950,0.000000,0.000000,0.000000,-0.608835,-0.504857,0.611915,0.100000,0.020000,1,0.522839
9.177013,29.531376,0.530498,32.366325,-18.417465,-91.418930,0.000000,0.000000,0.000000,-0.586007,-0.378457,0.716495,0.100000,0.020000,1,0.662036
8.996318,30.658295,0.766652,-108.453041,366.556122,194.764542,0.000000,0.000000,0.000000,-0.589966,-0.681611,0.432835,0.100000,0.020000,1,0.283930
9.690987,29.417433,-0.261535,122.251495,-30.431374,32.181702,0.000000,0.000000,0.000000,-0.536363,-0.229686,-0.812133,0.100000,0.020000,1,0.057478
9.626729,29.436998,-0.087138,-160.683685,22.435213,-21.745869,0.000000,0.000000,0.000000,-0.576067,-0.807269,-0.128312,0.100000,0.020000,1,0.503321
10.206379,29.886499,-0.824251,183.101852,81.768211,-169.679733,0.000000,0.000000,0.000000,-0.575794,-0.817005,0.031045,0.100000,0.020000,1,0.847523
9.443888,29.324070,0.088356,-5.566776,2.997920,-7.049855,0.000000,0.000000,0.000000,-0.550405,-0.820522,0.154265,0.100000,0.020000,1,0.781066
9.408796,29.676493,-0.398525,-24.842098,47.843323,61.263500,0.000000,0.000000,0.000000,-0.526759,-0.810363,-0.256586,0.100000,0.020000,1,0.855512
9.532295,29.495924,-0.366448,-260.708679,-56.048485,217.537857,0.000000,0.000000,0.000000,-0.526535,-0.665778,-0.528679,0.100000,0.020000,1,0.308099
12.341800,28.283295,0.923639,817.628113,-289.455994,222.974304,0.000000,0.000000,0.000000,-0.508142,-0.806526,0.302171,0.100000,0.020000,1,0.190914
10.224840,28.832531,0.923037,249.799789,-125.824478,136.172760,0.000000,0.000000,0.000000,-0.490491,-0.656816,0.572723,0.100000,0.020000,1,0.853649
9.544014,29.456453,-0.271849,-52.225685,-17.808464,50.058182,0.000000,0.000000,0.000000,-0.436713,-0.810815,-0.389693,0.100000,0.020000,1,0.752829
9.358932,29.599770,-0.405036,29.705765,-146.584885,-132.699997,0.000000,0.000000,0.000000,-0.466514,-0.537584,-0.702402,0.100000,0.020000,1,0.550643
9.878158,29.164888,-0.412591,77.760025,-34.425838,-95.169548,0.000000,0.000000,0.000000,-0.396457,-0.917826,0.020412,0.100000,0.020000,1,0.802963
9.391810,29.266941,0.391864,-43.713478,32.872433,-317.625305,0.000000,0.000000,0.000000,-0.419738,-0.792123,0.443127,0.100000,0.020000,1,0.084150
10.344721,30.059280,1.178101,305.813477,220.383224,286.938934,0.000000,0.000000,0.000000,-0.431555,-0.509373,0.744513,0.100000,0.020000,1,0.880548
9.585608,29.407324,0.193604,-309.915985,32.468742,-78.713371,0.000000,0.000000,0.000000,-0.350608,-0.920529,0.172341,0.100000,0.020000,1,0.397558
9.592081,29.504427,-0.210493,-7.420869,-9.253307,-35.318840,0.000000,0.000000,0.000000,-0.350885,-0.930554,-0.104638,0.100000,0.020000,1,0.071222
9.234790,29.595112,-0.449000,47.107452,-17.722237,14.566055,0.000000,0.000000,0.000000,-0.450104,-0.373013,-0.811337,0.100000,0.020000,1,0.341230
8.995863,29.962919,0.575270,-41.848907,60.917694,26.839302,0.000000,0.000000,0.000000,-0.476191,-0.244743,0.844596,0.100000,0.020000,1,0.420842
10.420172,28.648022,0.109772,324.663544,-166.426285,61.373188,0.000000,0.000000,0.000000,-0.335028,-0.782316,-0.525108,0.100000,0.020000,1,0.909039
9.247998,29.595379,-0.209852,163.729874,-66.492020,-221.241104,0.000000,0.000000,0.000000,-0.376793,-0.620683,-0.687589,0.100000,0.020000,1,0.798689
10.163581,29.626728,0.057187,139.538193,6.054569,64.355652,0.000000,0.000000,0.000000,-0.304079,-0.913515,-0.270232,0.100000,0.020000,1,0.087727
9.623788,29.644384,0.054786,-12.675786,-3.047261,81.965179,0.000000,0.000000,0.000000,-0.276198,-0.906688,0.318796,0.100000,0.020000,1,0.248742
9.466997,29.639381,0.199502,72.111511,-22.003361,53.003166,0.000000,0.000000,0.000000,-0.320783,-0.757424,0.568689,0.100000,0.020000,1,0.735974
9.558681,29.593594,-0.168061,-171.626541,-141.546387,-211.049011,0.000000,0.000000,0.000000,-0.214151,-0.883536,-0.416537,0.100000,0.020000,1,0.897084
9.461520,29.622393,0.388627,42.359947,-28.251240,-5.651238,0.000000,0.000000,0.000000,-0.302144,-0.629386,0.715949,0.100000,0.020000,1,0.527469
9.294483,29.754185,0.440500,-224.582565,-48.212418,-25.247169,0.000000,0.000000,0.000000,-0.425024,-0.336358,0.840368,0.100000,0.020000,1,0.265586
9.563249,29.658413,0.191817,44.695374,-259.162079,313.974487,0.000000,0.000000,0.000000,-0.173344,-0.877444,0.447263,0.100000,0.020000,1,0.604400
9.685977,29.403811,-0.221266,23.828308,-0.622920,-49.549450,0.000000,0.000000,0.000000,-0.115840,-0.993082,0.019235,0.100000,0.020000,1,0.902077
9.386105,29.762623,-0.440403,-179.408569,-265.622009,-57.588444,0.000000,0.000000,0.000000,-0.342312,-0.485409,-0.804488,0.100000,0.020000,1,0.674166
9.027646,29.599571,-0.112592,-680.641113,406.548645,0.708938,0.000000,0.000000,0.000000,-0.093498,-0.983139,0.157146,0.100000,0.020000,1,0.765423
9.389349,29.258257,-0.601071,-85.704018,-92.562286,-171.323776,0.000000,0.000000,0.000000,-0.092947,-0.988333,-0.120657,0.100000,0.020000,1,0.348204
9.609352,29.756744,-0.447634,-164.733185,-392.997498,582.718567,0.000000,0.000000,0.000000,-0.148483,-0.833371,-0.532396,0.100000,0.020000,1,0.280386
9.439044,29.444538,-0.364770,147.243088,-73.291039,-113.216965,0.000000,0.000000,0.000000,-0.193850,-0.711474,-0.675445,0.100000,0.020000,1,0.052541
9.539691,29.681955,0.110406,-5.727707,2.515433,-3.876667,0.000000,0.000000,0.000000,-0.054418,-0.954059,0.294635,0.100000,0.020000,1,0.800793
10.232653,30.378754,0.326789,401.256378,177.331284,156.533890,0.000000,0.000000,0.000000,-0.054191,-0.964683,-0.257778,0.100000,0.020000,1,0.012898
9.504754,29.572853,0.050192,-27.493902,4.402947,61.718472,0.000000,0.000000,0.000000,-0.031627,-0.907674,-0.418482,0.100000,0.020000,1,0.916332
9.534287,29.880505,0.362062,178.590607,-446.389008,78.031143,0.000000,0.000000,0.000000,-0.079180,-0.800772,0.593712,0.100000,0.020000,1,0.491160
9.864136,30.762899,-0.689910,65.917000,311.759125,-288.779572,0.000000,0.000000,0.000000,0.011298,-0.890578,0.454690,0.100000,0.020000,1,0.399041
9.381205,29.622915,0.550740,-3.021156,12.647907,18.517553,0.000000,0.000000,0.000000,-0.134878,-0.687051,0.713981,0.100000,0.020000,1,0.012313
9.646792,29.652683,-0.306037,-2.283451,-107.062874,153.532547,0.000000,0.000000,0.000000,0.124353,-0.962898,-0.239509,0.100000,0.020000,1,0.263508
9.993773,29.307106,-0.387137,80.922333,-64.671593,-79.933418,0.000000,0.000000,0.000000,0.134022,-0.990143,0.040669,0.100000,0.020000,1,0.001291
9.735692,29.769939,-0.042162,2.436316,-6.766316,-24.077641,0.000000,0.000000,0.000000,0.138360,-0.981695,-0.130885,0.100000,0.020000,1,0.331901
9.763455,29.743948,0.052553,-4.596903,-2.216050,10.161972,0.000000,0.000000,0.000000,0.138550,-0.979925,0.143358,0.100000,0.020000,1,0.184798
9.556796,29.664667,-0.286055,-120.632858,-57.232792,-49.601757,0.000000,0.000000,0.000000,-0.036125,-0.748474,-0.662180,0.100000,0.020000,1,0.279014
9.314585,29.822382,0.375424,15.639323,19.700037,28.554117,0.000000,0.000000,0.000000,-0.320656,-0.429894,0.844021,0.100000,0.020000,1,0.695580
9.675931,29.689383,0.306164,55.371658,-48.391602,-132.914505,0.000000,0.000000,0.000000,0.156719,-0.940170,0.302523,0.100000,0.020000,1,0.061095
9.526949,29.423944,0.427329,38.200893,-46.032024,67.079407,0.000000,0.000000,0.000000,0.094617,-0.810370,0.578229,0.100000,0.020000,1,0.346171
9.794873,29.827368,-0.390681,-341.125519,-163.951538,158.148727,0.000000,0.000000,0.000000,0.107727,-0.823809,-0.556537,0.100000,0.020000,1,0.437883
9.856017,29.627611,-1.249711,-8.267320,-113.942322,-364.666870,0.000000,0.000000,0.000000,0.189963,-0.898193,-0.396438,0.100000,0.020000,1,0.689826
9.271884,29.517570,-0.156308,-229.423294,158.919617,-649.518677,0.000000,0.000000,0.000000,0.203016,-0.878750,0.431953,0.100000,0.020000,1,0.343928
9.801010,29.389471,-1.184011,117.104874,-95.603851,-210.559097,0.000000,0.000000,0.000000,-0.191147,-0.519823,-0.832614,0.100000,0.020000,1,0.468332
9.749260,30.254425,0.850758,39.182930,101.110054,103.433968,0.000000,0.000000,0.000000,0.024872,-0.690062,0.723323,0.100000,0.020000,1,0.341994
9.439825,30.248735,0.274681,-210.113174,39.677212,42.899937,0.000000,0.000000,0.000000,0.340827,-0.934768,-0.100223,0.100000,0.020000,1,0.870538
9.760460,29.833036,-0.038437,-5.320238,168.882904,-40.269356,0.000000,0.000000,0.000000,0.343326,-0.939206,0.004301,0.100000,0.020000,1,0.682590
9.763919,29.926598,0.203561,8.365517,-24.415194,39.918255,0.000000,0.000000,0.000000,0.362977,-0.918224,0.158467,0.100000,0.020000,1,0.551825
9.734972,29.043621,0.216448,116.163277,-47.186169,74.635056,0.000000,0.000000,0.000000,0.366792,-0.891963,-0.264321,0.100000,0.020000,1,0.252790
9.849461,29.891489,-0.535565,38.702335,-6.753955,-45.526340,0.000000,0.000000,0.000000,0.257975,-0.793555,-0.551108,0.100000,0.020000,1,0.274864
9.564320,29.776915,-0.204780,106.490479,-217.159515,-677.500549,0.000000,0.000000,0.000000,0.158084,-0.712909,-0.683206,0.100000,0.020000,1,0.202657
9.815020,29.945210,0.426845,19.059855,-4.253698,48.452385,0.000000,0.000000,0.000000,0.406791,-0.863998,0.296698,0.100000,0.020000,1,0.269910
9.653849,29.524664,0.223251,-293.321136,84.299011,183.547119,0.000000,0.000000,0.000000,0.268798,-0.776104,0.570447,0.100000,0.020000,1,0.093316
9.527664,29.344746,1.338951,180.257202,-295.287628,372.859802,0.000000,0.000000,0.000000,-0.088838,-0.555852,-0.826521,0.100000,0.020000,1,0.385345
10.193457,29.781021,0.156080,95.397774,-46.015308,-13.026320,0.000000,0.000000,0.000000,0.446345,-0.782624,0.433908,0.100000,0.020000,1,0.382391
9.596759,29.123421,-0.122904,132.552841,27.018402,-21.667145,0.000000,0.000000,0.000000,0.171653,-0.657340,0.733784,0.100000,0.020000,1,0.906583
9.730183,30.860828,-0.133005,-4.485973,246.285828,-36.324001,0.000000,0.000000,0.000000,0.553790,-0.832280,0.025041,0.100000,0.020000,1,0.693322
9.753536,29.982887,-0.358207,-100.241051,-26.880251,481.031982,0.000000,0.000000,0.000000,0.460487,-0.780374,-0.423046,0.100000,0.020000,1,0.345396
10.792153,29.676123,0.804161,277.205231,-102.121094,242.440887,0.000000,0.000000,0.000000,0.597007,-0.795435,-0.104236,0.100000,0.020000,1,0.288698
10.065991,30.173386,-0.213132,74.791496,23.865088,-62.667095,0.000000,0.000000,0.000000,0.587420,-0.791476,0.168829,0.100000,0.020000,1,0.814403
8.901023,30.846794,-0.455126,-228.934937,203.017975,-174.820602,0.000000,0.000000,0.000000,0.578886,-0.761240,0.292242,0.100000,0.020000,1,0.256849
9.858510,30.183743,-0.438390,50.005302,15.382903,-68.178528,0.000000,0.000000,0.000000,0.594190,-0.762585,-0.255739,0.100000,0.020000,1,0.141525
10.198956,29.862534,-0.632334,129.631622,-57.285828,-105.598305,0.000000,0.000000,0.000000,0.308833,-0.654254,-0.690343,0.100000,0.020000,1,0.381183
9.701963,29.982327,-0.165443,80.186653,14.129300,-475.119415,0.000000,0.000000,0.000000,0.465385,-0.704115,-0.536319,0.100000,0.020000,1,0.542257
9.744093,29.886301,0.391464,42.158554,-10.587746,-9.612789,0.000000,0.000000,0.000000,0.472065,-0.663404,0.580561,0.100000,0.020000,1,0.938458
10.286037,29.435698,-0.216705,32.616867,-1.949552,18.098879,0.000000,0.000000,0.000000,0.606856,-0.698464,-0.379307,0.100000,0.020000,1,0.404742
9.622701,29.976458,-0.182885,51.145378,14.510394,42.876263,0.000000,0.000000,0.000000,0.044534,-0.559238,-0.827810,0.100000,0.020000,1,0.790071
9.260814,29.513485,0.230951,124.211769,-12.287056,12.090738,0.000000,0.000000,0.000000,0.599057,-0.672168,0.435110,0.100000,0.020000,1,0.363883
10.014359,30.164125,0.432445,85.684380,34.124943,4.825087,0.000000,0.000000,0.000000,0.331917,-0.602205,0.726072,0.100000,0.020000,1,0.474310
9.599719,29.754793,-0.598803,-258.190399,-142.320496,560.178406,0.000000,0.000000,0.000000,0.206626,-0.570079,-0.795183,0.100000,0.020000,1,0.532419
9.779422,30.175207,0.085045,-20.356390,-28.517588,2.693156,0.000000,0.000000,0.000000,0.741935,-0.654043,0.147513,0.100000,0.020000,1,0.952956
9.828789,30.112823,-0.026437,-96.828484,20.196531,-44.235920,0.000000,0.000000,0.000000,0.750654,-0.653347,-0.098262,0.100000,0.020000,1,0.113086
9.001654,29.781469,-0.167750,518.142395,-216.152145,270.661316,0.000000,0.000000,0.000000,0.771747,-0.634914,0.035937,0.100000,0.020000,1,0.450067
9.097126,29.779821,0.464739,171.694489,-196.514740,-25.341017,0.000000,0.000000,0.000000,-0.060095,-0.531168,0.845133,0.100000,0.020000,1,0.011862
9.463829,30.063688,-0.199916,-63.719139,-37.609600,-15.506967,0.000000,0.000000,0.000000,0.761329,-0.603651,-0.236608,0.100000,0.020000,1,0.319317
9.426232,29.221874,-1.565841,94.738991,20.079815,-293.625366,0.000000,0.000000,0.000000,0.628754,-0.573408,-0.525235,0.100000,0.020000,1,0.334955
10.414698,30.608862,-1.352690,209.379562,136.404373,-273.014557,0.000000,0.000000,0.000000,0.493069,-0.564824,-0.661708,0.100000,0.020000,1,0.985698
9.643966,29.980783,0.154243,11.112930,-9.730249,-27.450975,0.000000,0.000000,0.000000,0.456536,-0.561740,0.689944,0.100000,0.020000,1,0.200469
10.234151,29.783707,-0.362602,179.303864,-111.303970,-206.503464,0.000000,0.000000,0.000000,0.603171,-0.551463,0.576257,0.100000,0.020000,1,0.493768
9.808229,30.238220,0.183186,-181.237610,-185.974289,102.707817,0.000000,0.000000,0.000000,0.765687,-0.567051,0.303606,0.100000,0.020000,1,0.148548
9.581568,30.245779,-0.254827,-9.407654,90.362587,20.972181,0.000000,0.000000,0.000000,0.749277,-0.538419,-0.385601,0.100000,0.020000,1,0.220372
11.032240,29.592583,0.643040,414.584045,-211.990829,188.199753,0.000000,0.000000,0.000000,0.872589,-0.487115,0.036172,0.100000,0.020000,1,0.136275
10.207483,31.229877,-0.444984,188.205795,246.157974,-170.079529,0.000000,0.000000,0.000000,0.870733,-0.462565,0.166907,0.100000,0.020000,1,0.956530
9.692141,30.294527,0.226453,-28.909515,-70.746941,7.588521,0.000000,0.000000,0.000000,0.762882,-0.471400,0.442485,0.100000,0.020000,1,0.477813
9.735520,30.922237,-1.561580,44.142212,239.675430,-294.125275,0.000000,0.000000,0.000000,0.341534,-0.500895,-0.795272,0.100000,0.020000,1,0.085206
9.327020,30.036444,0.162900,21.763332,85.623383,-73.506241,0.000000,0.000000,0.000000,0.202965,-0.514559,0.833087,0.100000,0.020000,1,0.656811
9.004386,29.523655,0.558064,-96.010773,39.675732,243.519897,0.000000,0.000000,0.000000,0.582094,-0.469094,-0.664167,0.100000,0.020000,1,0.712887
9.798892,30.176247,-0.062962,-154.155685,-105.188919,-27.896856,0.000000,0.000000,0.000000,0.894790,-0.435046,-0.100423,0.100000,0.020000,1,0.592836
8.853863,30.319937,-0.245285,-106.408394,96.067970,-6.639341,0.000000,0.000000,0.000000,0.728719,-0.440087,-0.524683,0.100000,0.020000,1,0.296149
9.602019,30.251337,0.233694,175.431091,29.418671,61.543304,0.000000,0.000000,0.000000,0.861740,-0.410626,0.297978,0.100000,0.020000,1,0.990472
10.447584,30.346947,-0.557623,248.499451,22.615894,-106.920708,0.000000,0.000000,0.000000,0.878826,-0.389487,-0.275616,0.100000,0.020000,1,0.847115
9.702164,30.378035,0.346753,-318.652985,-685.220947,-132.450760,0.000000,0.000000,0.000000,0.721876,-0.376039,0.580939,0.100000,0.020000,1,0.034091
9.756780,30.438631,0.680033,60.393002,69.436272,63.048710,0.000000,0.000000,0.000000,0.574191,-0.410465,0.708394,0.100000,0.020000,1,0.670397
9.595280,30.373562,-0.256274,-53.996609,-68.078987,212.600006,0.000000,0.000000,0.000000,0.858913,-0.318235,-0.401241,0.100000,0.020000,1,0.589403
9.513878,30.005817,-1.799358,6.691672,-93.586662,-568.917114,0.000000,0.000000,0.000000,0.853338,-0.296050,0.429147,0.100000,0.020000,1,0.763682
8.098507,32.187080,-1.633100,-441.003906,531.679504,-469.431305,0.000000,0.000000,0.000000,0.956872,-0.264073,-0.121085,0.100000,0.020000,1,0.804404
9.589469,30.029835,-0.456837,15.055755,60.645821,34.741261,0.000000,0.000000,0.000000,0.457288,-0.410174,-0.789079,0.100000,0.020000,1,0.601537
9.268209,30.274725,0.559383,-50.395699,-36.572254,139.713409,0.000000,0.000000,0.000000,0.970612,-0.238567,0.031601,0.100000,0.020000,1,0.620356
9.541002,30.348097,-0.161506,15.581882,-28.081009,32.289345,0.000000,0.000000,0.000000,0.943016,-0.220738,-0.248987,0.100000,0.020000,1,0.801637
8.956391,30.864838,-0.233018,-147.867004,142.328720,-82.754341,0.000000,0.000000,0.000000,0.965192,-0.193664,0.175781,0.100000,0.020000,1,0.078735
9.615325,30.240419,-0.380337,-94.117065,-128.976593,23.277853,0.000000,0.000000,0.000000,0.689949,-0.282013,-0.666662,0.100000,0.020000,1,0.820209
9.468880,30.544296,-0.921626,-39.638130,60.283783,-203.244186,0.000000,0.000000,0.000000,0.824010,-0.223610,-0.520582,0.100000,0.020000,1,0.756767
9.349641,30.163176,0.427135,78.944550,-30.941759,-51.587883,0.000000,0.000000,0.000000,0.793492,-0.216618,0.568724,0.100000,0.020000,1,0.890106
9.570814,30.387861,0.225060,-65.888023,-89.051636,-50.576969,0.000000,0.000000,0.000000,0.945982,-0.147944,0.288499,0.100000,0.020000,1,0.019435
9.500958,30.228107,0.145995,6.201041,-23.231237,-14.760252,0.000000,0.000000,0.000000,0.898209,-0.139584,0.416818,0.100000,0.020000,1,0.639347
9.537340,30.385098,-0.241436,-17.920427,-91.834984,-6.812864,0.000000,0.000000,0.000000,0.913458,-0.108799,-0.392119,0.100000,0.020000,1,0.274971
9.698251,29.670841,0.967675,56.927261,-23.746712,88.431923,0.000000,0.000000,0.000000,0.316001,-0.437631,0.841797,0.100000,0.020000,1,0.625676
9.415730,30.204664,0.405914,50.772808,-28.269840,-4.862909,0.000000,0.000000,0.000000,0.660633,-0.217310,0.718569,0.100000,0.020000,1,0.558687
9.398280,30.408504,-0.245205,1.629335,-9.316650,-31.832668,0.000000,0.000000,0.000000,0.990747,-0.006769,-0.135549,0.100000,0.020000,1,0.782075
9.447366,30.509584,-0.099230,84.846863,-128.492249,155.675415,0.000000,0.000000,0.000000,0.999984,-0.002215,0.005175,0.100000,0.020000,1,0.602504
9.408839,30.425158,-0.201328,117.495911,-179.291260,366.074036,0.000000,0.000000,0.000000,0.971414,0.009284,-0.237211,0.100000,0.020000,1,0.946212
9.679540,30.355417,-0.412944,55.570354,4.546939,-17.010853,0.000000,0.000000,0.000000,0.860039,-0.065094,-0.506059,0.100000,0.020000,1,0.360916
9.530065,30.375605,-0.085662,-198.762070,167.250031,391.710114,0.000000,0.000000,0.000000,0.988917,0.018455,0.147314,0.100000,0.020000,1,0.579160
9.418320,30.260862,-0.085643,3.299008,-16.473589,-82.967392,0.000000,0.000000,0.000000,0.834265,-0.058059,0.548298,0.100000,0.020000,1,0.951570
9.416050,30.378990,-0.721636,3.632532,36.047424,-68.310989,0.000000,0.000000,0.000000,0.751133,-0.121928,-0.648793,0.100000,0.020000,1,0.973987
9.429451,30.421886,0.382988,-486.667450,-167.508057,-543.329590,0.000000,0.000000,0.000000,0.955728,0.023873,0.293281,0.100000,0.020000,1,0.080649
9.468035,30.192562,-0.484148,72.341743,-326.789337,148.364944,0.000000,0.000000,0.000000,0.526517,-0.272651,-0.805259,0.100000,0.020000,1,0.301539
8.634242,30.033968,0.394654,-28.015528,105.724899,103.740494,0.000000,0.000000,0.000000,0.925672,0.037950,-0.376418,0.100000,0.020000,1,0.553211
9.472592,30.269325,0.380513,11.849422,-2.992565,24.178303,0.000000,0.000000,0.000000,0.902907,0.073829,0.423448,0.100000,0.020000,1,0.775857
9.545545,30.182817,-0.390820,35.908550,81.838531,-229.256287,0.000000,0.000000,0.000000,0.389069,-0.374864,0.841488,0.100000,0.020000,1,0.451598
9.452368,30.255611,0.546715,-301.158630,61.218163,-557.058105,0.000000,0.000000,0.000000,0.697783,-0.073162,0.712563,0.100000,0.020000,1,0.679232
9.686590,30.088678,-0.108303,-245.623184,-40.938690,-115.213135,0.000000,0.000000,0.000000,0.977796,0.208634,0.019689,0.100000,0.020000,1,0.100369
9.359344,30.393534,-0.046319,37.187237,-20.381481,36.982323,0.000000,0.000000,0.000000,0.759358,0.015452,-0.650489,0.100000,0.020000,1,0.008606
9.830026,29.922224,0.035266,162.289597,-31.181194,57.592793,0.000000,0.000000,0.000000,0.958517,0.244847,0.145931,0.100000,0.020000,1,0.098606
8.906960,30.393908,-0.651951,-127.511772,48.189201,-54.438705,0.000000,0.000000,0.000000,0.578610,-0.163743,-0.798998,0.100000,0.020000,1,0.198950
9.351871,30.446457,0.104052,-28.531092,-31.839186,119.596832,0.000000,0.000000,0.000000,0.933220,0.234005,0.272659,0.100000,0.020000,1,0.308615
9.241161,30.634504,-0.312226,-10.977007,19.529903,-7.861516,0.000000,0.000000,0.000000,0.935120,0.236273,-0.264056,0.100000,0.020000,1,0.683731
9.129547,29.572638,-0.373578,36.027317,33.585049,109.183037,0.000000,0.000000,0.000000,0.836677,0.177520,-0.518130,0.100000,0.020000,1,0.949518
9.428226,30.848415,0.778528,46.730545,102.154251,132.353607,0.000000,0.000000,0.000000,0.812436,0.178550,0.555038,0.100000,0.020000,1,0.364758
9.272144,30.771250,0.511591,-5.268634,113.704163,15.360094,0.000000,0.000000,0.000000,0.709948,0.069368,0.700830,0.100000,0.020000,1,0.784257
9.210790,30.324236,0.283165,8.805414,4.107910,12.806562,0.000000,0.000000,0.000000,0.862695,0.291611,0.413182,0.100000,0.020000,1,0.140072
9.665115,30.191189,0.398452,135.098663,-109.216698,155.559570,0.000000,0.000000,0.000000,0.940982,0.318470,-0.114586,0.100000,0.020000,1,0.007293
9.433588,30.192404,0.743514,11.951858,-9.929171,81.320442,0.000000,0.000000,0.000000,0.567467,-0.134268,0.812375,0.100000,0.020000,1,0.661365
9.553553,30.390892,-0.010325,145.903214,-10.334323,42.896679,0.000000,0.000000,0.000000,0.857708,0.312289,-0.408426,0.100000,0.020000,1,0.558123
10.488300,30.358448,0.135482,342.262329,57.906471,186.366959,0.000000,0.000000,0.000000,0.609264,-0.042068,-0.791850,0.100000,0.020000,1,0.569083
9.302669,30.492105,0.055016,-86.751106,-5.024544,60.343834,0.000000,0.000000,0.000000,0.891568,0.417827,0.174721,0.100000,0.020000,1,0.844661
9.536206,30.113083,-0.336048,40.647789,-22.414154,-0.717550,0.000000,0.000000,0.000000,0.739270,0.195360,-0.644449,0.100000,0.020000,1,0.859390
9.078132,30.586746,0.040774,-25.671688,-6.946126,-44.045826,0.000000,0.000000,0.000000,0.888662,0.458553,0.003059,0.100000,0.020000,1,0.719126
9.015162,30.303804,-0.350095,-60.431770,-50.939781,-92.425415,0.000000,0.000000,0.000000,0.885653,0.451714,-0.107579,0.100000,0.020000,1,0.640834
10.590054,30.743126,1.046865,414.030243,178.470398,220.543655,0.000000,0.000000,0.000000,0.851362,0.440622,0.284665,0.100000,0.020000,1,0.497267
9.098565,30.041407,2.722107,-79.649605,-101.353981,723.856140,0.000000,0.000000,0.000000,0.854661,0.453347,-0.253045,0.100000,0.020000,1,0.825251
9.258134,30.438408,-0.238680,20.753664,-337.625977,-138.328827,0.000000,0.000000,0.000000,0.777385,0.347201,-0.524523,0.100000,0.020000,1,0.393744
9.184810,30.425526,0.433438,87.552910,-97.573181,-290.266449,0.000000,0.000000,0.000000,0.698213,0.213087,0.683441,0.100000,0.020000,1,0.134043
9.173203,30.441862,0.274172,40.509369,-55.011829,235.181564,0.000000,0.000000,0.000000,0.761371,0.361602,0.538106,0.100000,0.020000,1,0.656448
9.075419,30.558567,-0.331301,-4.517926,12.454491,-25.608707,0.000000,0.000000,0.000000,0.781612,0.502792,-0.369165,0.100000,0.020000,1,0.088403
10.177305,30.248501,0.990035,310.578613,-61.340477,209.108673,0.000000,0.000000,0.000000,0.771360,0.482283,0.415219,0.100000,0.020000,1,0.538020
9.564611,29.717331,-0.048464,182.513611,-66.664917,-14.811589,0.000000,0.000000,0.000000,0.787640,0.603643,-0.123445,0.100000,0.020000,1,0.314611
10.381141,29.872025,0.786725,328.597900,-181.339279,210.215378,0.000000,0.000000,0.000000,0.779798,0.625550,0.024534,0.100000,0.020000,1,0.124149
9.272257,30.910109,0.476820,66.159897,139.909698,126.102028,0.000000,0.000000,0.000000,0.768640,0.624385,0.139054,0.100000,0.020000,1,0.434135
9.578870,29.466831,-0.495061,216.784744,-63.592430,-93.351524,0.000000,0.000000,0.000000,0.746508,0.617802,-0.247077,0.100000,0.020000,1,0.608715
8.418941,30.102598,-0.654160,-118.128731,104.970642,-47.691959,0.000000,0.000000,0.000000,0.593400,0.126985,-0.794827,0.100000,0.020000,1,0.989594
8.960126,30.534904,0.076510,-107.674721,-39.864780,-256.137665,0.000000,0.000000,0.000000,0.721599,0.632141,0.282300,0.100000,0.020000,1,0.894265
8.992033,29.658047,-0.358279,-128.851364,130.600723,102.745415,0.000000,0.000000,0.000000,0.673986,0.522174,-0.522568,0.100000,0.020000,1,0.722209
8.262641,30.205553,0.086494,-94.375435,98.279831,96.867363,0.000000,0.000000,0.000000,0.642569,0.389311,-0.659956,0.100000,0.020000,1,0.055468
8.983148,30.363653,0.260634,-91.526154,-172.926620,-32.949657,0.000000,0.000000,0.000000,0.667096,0.496927,0.555019,0.100000,0.020000,1,0.142646
8.875307,30.151800,0.338411,55.426212,-16.670227,-52.692513,0.000000,0.000000,0.000000,0.632584,0.635404,0.442831,0.100000,0.020000,1,0.053603
9.182815,30.876684,0.143209,31.072756,119.466110,90.105721,0.000000,0.000000,0.000000,0.640074,0.651695,-0.406938,0.100000,0.020000,1,0.075262
8.662955,30.588135,0.288231,-170.811646,76.691223,203.567230,0.000000,0.000000,0.000000,0.583851,0.265464,-0.767233,0.100000,0.020000,1,0.491758
8.720039,30.030838,0.512004,261.516632,-119.521469,-319.386444,0.000000,0.000000,0.000000,0.585562,0.398251,0.706055,0.100000,0.020000,1,0.615620
8.944411,29.649166,0.499472,76.938629,0.765390,-6.146066,0.000000,0.000000,0.000000,0.543474,-0.035942,0.838656,0.100000,0.020000,1,0.270305
9.065227,30.547735,-0.053070,-103.705757,-129.264587,24.561928,0.000000,0.000000,0.000000,0.623315,0.781937,0.007264,0.100000,0.020000,1,0.534547
9.181810,30.129095,-0.392667,39.971977,-40.269333,19.916014,0.000000,0.000000,0.000000,0.584055,0.501776,-0.638045,0.100000,0.020000,1,0.607375
8.929195,30.126585,0.306985,4.114087,-73.937386,97.855141,0.000000,0.000000,0.000000,0.601278,0.791376,-0.110404,0.100000,0.020000,1,0.921573
9.132115,31.656675,-0.041033,76.252724,330.418610,22.054741,0.000000,0.000000,0.000000,0.598259,0.766666,-0.233043,0.100000,0.020000,1,0.883643
9.087764,30.331585,-0.004565,-363.017639,102.514381,350.334351,0.000000,0.000000,0.000000,0.575717,0.802881,0.154698,0.100000,0.020000,1,0.463918
8.436588,30.293657,-0.135311,72.455055,-0.811963,14.732774,0.000000,0.000000,0.000000,0.568563,0.640938,-0.515688,0.100000,0.020000,1,0.333667
9.281363,30.278719,0.499988,-40.219463,-57.104561,-90.938820,0.000000,0.000000,0.000000,0.542158,0.231081,0.807877,0.100000,0.020000,1,0.337743
8.884871,30.518036,0.255346,-14.350900,31.156448,19.686514,0.000000,0.000000,0.000000,0.533026,0.796635,0.285054,0.100000,0.020000,1,0.528007
9.132730,31.340378,0.652556,178.747650,386.202942,123.501808,0.000000,0.000000,0.000000,0.513078,0.646056,0.565122,0.100000,0.020000,1,0.808952
9.193227,30.114391,0.574033,47.699215,-16.030275,-55.901367,0.000000,0.000000,0.000000,0.539372,0.106986,0.835244,0.100000,0.020000,1,0.668896
8.877440,30.682388,0.556383,-69.984413,62.093155,48.971691,0.000000,0.000000,0.000000,0.496313,0.505896,0.705508,0.100000,0.020000,1,0.205897
8.942310,30.100899,0.467409,17.726013,10.403291,82.764183,0.000000,0.000000,0.000000,0.465579,0.770620,0.435180,0.100000,0.020000,1,0.908169
8.593387,30.451794,-0.084639,-34.526741,30.338846,-8.546515,0.000000,0.000000,0.000000,0.449682,0.892843,0.024849,0.100000,0.020000,1,0.874584
8.541919,30.155951,0.122750,159.376541,-48.379288,-1.753308,0.000000,0.000000,0.000000,0.455284,0.800015,-0.390758,0.100000,0.020000,1,0.044319
8.982772,30.474510,0.435381,51.306133,44.779964,73.288376,0.000000,0.000000,0.000000,0.428997,0.892950,0.136386,0.100000,0.020000,1,0.623673
8.887650,30.488983,-0.153629,127.716759,-702.395874,-104.150009,0.000000,0.000000,0.000000,0.426601,0.752139,-0.502293,0.100000,0.020000,1,0.743726
10.018741,31.107050,1.033246,395.105499,261.226196,331.668396,0.000000,0.000000,0.000000,0.393134,0.914045,-0.099842,0.100000,0.020000,1,0.720252
8.911487,30.288050,-0.100471,-77.419922,-6.398753,-216.904694,0.000000,0.000000,0.000000,0.371856,0.897446,-0.237306,0.100000,0.020000,1,0.612270
8.896895,30.264975,-0.145064,5.472811,-67.837059,-78.435829,0.000000,0.000000,0.000000,0.425876,0.640584,-0.638969,0.100000,0.020000,1,0.832968
9.196357,30.191450,-0.339848,-79.211128,23.701014,-206.443146,0.000000,0.000000,0.000000,0.479867,0.377959,-0.791754,0.100000,0.020000,1,0.118436
8.550182,32.653450,-0.166750,-64.222168,601.857971,-80.953606,0.000000,0.000000,0.000000,0.327483,0.901480,0.282999,0.100000,0.020000,1,0.023424
9.223991,30.345833,0.119690,-17.035017,-98.614258,-86.072754,0.000000,0.000000,0.000000,0.363127,0.760980,0.537632,0.100000,0.020000,1,0.055471
8.781219,30.617384,-0.428165,-61.351257,93.546120,12.064351,0.000000,0.000000,0.000000,0.410320,0.502721,-0.760860,0.100000,0.020000,1,0.464079
7.799734,30.660543,-0.208134,-345.436951,94.605545,-187.938690,0.000000,0.000000,0.000000,0.287356,0.861747,0.418112,0.100000,0.020000,1,0.196196
8.932813,30.326756,-0.203112,-492.248260,-96.774536,-24.649412,0.000000,0.000000,0.000000,0.283792,0.873035,-0.396575,0.100000,0.020000,1,0.451104
8.618229,29.936121,0.196350,312.773895,-194.722656,-141.830383,0.000000,0.000000,0.000000,0.225688,0.964414,0.137733,0.100000,0.020000,1,0.674404
9.117418,30.363544,0.209878,302.895813,-32.853962,636.501892,0.000000,0.000000,0.000000,0.356460,0.623575,0.695766,0.100000,0.020000,1,0.790380
8.426014,29.959263,-0.269524,428.749817,-199.080154,370.297974,0.000000,0.000000,0.000000,0.199170,0.973544,-0.111993,0.100000,0.020000,1,0.965542
8.662962,30.118870,0.113227,34.155773,3.691954,-23.952211,0.000000,0.000000,0.000000,0.198445,0.979954,0.017561,0.100000,0.020000,1,0.776912
7.634871,30.281197,-1.293491,-318.416840,11.045124,-362.293884,0.000000,0.000000,0.000000,0.177338,0.954387,-0.240203,0.100000,0.020000,1,0.565886
8.914960,29.517056,-0.105367,21.172029,45.156460,8.940125,0.000000,0.000000,0.000000,0.207698,0.843894,-0.494676,0.100000,0.020000,1,0.540163
8.967033,30.229589,-0.335083,23.595701,80.377960,-34.536964,0.000000,0.000000,0.000000,0.272496,0.704190,-0.655639,0.100000,0.020000,1,0.495345
9.063843,30.125927,0.411181,-59.712669,31.198092,-43.753403,0.000000,0.000000,0.000000,0.262503,0.695926,0.668415,0.100000,0.020000,1,0.969527
9.243258,30.186062,0.411760,31.188801,-12.678444,-11.582008,0.000000,0.000000,0.000000,0.432206,0.361876,0.825980,0.100000,0.020000,1,0.658934
8.630136,30.063869,0.542526,214.898407,-93.864021,-31.264124,0.000000,0.000000,0.000000,0.200330,0.818006,0.539199,0.100000,0.020000,1,0.751065
8.780151,30.325701,0.157752,7.122321,13.321125,7.700331,0.000000,0.000000,0.000000,0.130819,0.949794,0.284213,0.100000,0.020000,1,0.253605
8.891161,30.240860,-0.360183,-264.484802,29.368412,528.744446,0.000000,0.000000,0.000000,0.092696,0.922937,-0.373625,0.100000,0.020000,1,0.159067
9.012551,30.144238,0.368179,20.285820,37.191216,10.549915,0.000000,0.000000,0.000000,0.370529,0.433021,0.821706,0.100000,0.020000,1,0.004400
9.013993,30.142590,0.302707,-170.442001,10.837300,-70.314621,0.000000,0.000000,0.000000,0.053818,0.897939,0.436817,0.100000,0.020000,1,0.192279
9.042570,31.116446,0.810894,141.712189,252.251404,273.698486,0.000000,0.000000,0.000000,-0.031709,0.989494,0.141053,0.100000,0.020000,1,0.659545
8.473185,29.772116,-0.972247,-13.843748,21.544138,-271.382111,0.000000,0.000000,0.000000,-0.038632,0.994412,-0.098250,0.100000,0.020000,1,0.284566
8.798909,30.161257,-0.076634,-47.775173,-3.179924,-268.342346,0.000000,0.000000,0.000000,0.024291,0.867148,-0.497457,0.100000,0.020000,1,0.718847
7.660091,31.728477,0.677339,-336.440552,456.812378,247.449905,0.000000,0.000000,0.000000,0.112529,0.759606,-0.640574,0.100000,0.020000,1,0.313582
8.732666,30.137192,0.069146,-14.734015,35.998222,470.845337,0.000000,0.000000,0.000000,-0.041284,0.951935,0.303505,0.100000,0.020000,1,0.440035
8.687184,29.703411,-0.221752,-26.099138,31.688929,224.867096,0.000000,0.000000,0.000000,-0.048338,0.998823,0.003951,0.100000,0.020000,1,0.008733
7.639743,30.253305,1.005867,-411.203857,247.110565,485.501068,0.000000,0.000000,0.000000,-0.047627,0.965448,-0.256208,0.100000,0.020000,1,0.708179
8.912773,30.101061,-0.645586,-8.400071,-3.608927,-100.159729,0.000000,0.000000,0.000000,0.260733,0.551105,-0.792654,0.100000,0.020000,1,0.090860
8.744678,30.236267,0.351355,33.253647,-556.763306,403.749786,0.000000,0.000000,0.000000,0.087990,0.737765,0.669299,0.100000,0.020000,1,0.413689
8.862654,30.421270,-0.729422,-48.006832,55.813717,-117.130386,0.000000,0.000000,0.000000,0.188887,0.620827,-0.760852,0.100000,0.020000,1,0.614459
8.737833,30.217859,0.408201,-138.845001,-75.950630,-8.188352,0.000000,0.000000,0.000000,-0.011898,0.825574,0.564168,0.100000,0.020000,1,0.440573
8.888174,29.770443,0.395477,41.140263,2.300132,32.165462,0.000000,0.000000,0.000000,0.247335,0.542526,0.802802,0.100000,0.020000,1,0.954036
8.674040,30.155031,-0.404105,77.514893,-55.087097,289.157654,0.000000,0.000000,0.000000,-0.121980,0.909584,-0.397212,0.100000,0.020000,1,0.928940
7.986974,30.505896,-0.062353,-203.469315,106.810341,-93.394997,0.000000,0.000000,0.000000,-0.108881,0.896338,0.429793,0.100000,0.020000,1,0.266747
9.925369,30.022223,0.143564,391.157959,11.550756,11.510506,0.000000,0.000000,0.000000,-0.219884,0.975466,0.010834,0.100000,0.020000,1,0.526712
8.219814,30.792149,0.057853,-281.680969,331.987579,11.740499,0.000000,0.000000,0.000000,-0.218208,0.966482,0.135274,0.100000,0.020000,1,0.499245
8.405719,30.128906,0.036530,332.006927,-318.116608,-207.438553,0.000000,0.000000,0.000000,-0.249995,0.963264,-0.098109,0.100000,0.020000,1,0.131195
8.312542,29.864861,-0.046254,174.666809,-100.590324,-158.781097,0.000000,0.000000,0.000000,-0.257932,0.939001,-0.227482,0.100000,0.020000,1,0.691434
9.220554,30.434692,0.375983,127.669083,110.908501,68.449234,0.000000,0.000000,0.000000,-0.270471,0.919981,0.283692,0.100000,0.020000,1,0.653507
8.857859,30.083250,-0.486195,14.364620,-20.549328,79.920280,0.000000,0.000000,0.000000,-0.075954,0.765033,-0.639497,0.100000,0.020000,1,0.548499
8.741353,30.196955,1.576422,32.104141,96.209167,473.701721,0.000000,0.000000,0.000000,-0.195404,0.837176,-0.510836,0.100000,0.020000,1,0.600068
8.829431,30.120726,0.403407,84.486534,-55.179581,23.723742,0.000000,0.000000,0.000000,0.150723,0.577836,0.802115,0.100000,0.020000,1,0.417063
8.777644,29.964170,0.231565,133.400360,27.473204,-59.788151,0.000000,0.000000,0.000000,-0.195351,0.817248,0.542166,0.100000,0.020000,1,0.217930
8.643886,29.694603,0.327906,-95.230270,-135.730423,-28.130920,0.000000,0.000000,0.000000,-0.065359,0.721857,0.688950,0.100000,0.020000,1,0.857732
8.719129,30.070650,-0.277030,-50.300278,-102.895981,84.479431,0.000000,0.000000,0.000000,-0.323612,0.870710,-0.370324,0.100000,0.020000,1,0.152230
8.309244,29.866768,0.352180,298.010345,-170.411545,-303.329712,0.000000,0.000000,0.000000,-0.321801,0.846960,0.423206,0.100000,0.020000,1,0.684276
8.772239,29.849083,-0.014126,-400.369110,-365.980682,445.546387,0.000000,0.000000,0.000000,-0.449488,0.893079,0.019246,0.100000,0.020000,1,0.988999
8.625372,29.960236,-0.190960,141.634064,-76.431656,57.832050,0.000000,0.000000,0.000000,-0.443583,0.864327,-0.237008,0.100000,0.020000,1,0.175647
8.530359,29.989161,0.129094,10.641628,-32.611485,-232.175583,0.000000,0.000000,0.000000,-0.483179,0.866521,-0.125221,0.100000,0.020000,1,0.123168
8.838891,29.944803,-0.265167,-54.471066,66.455101,9.475416,0.000000,0.000000,0.000000,-0.353612,0.791415,-0.498618,0.100000,0.020000,1,0.519769
8.934435,30.067783,-0.529207,16.747658,0.175756,-17.416225,0.000000,0.000000,0.000000,-0.006341,0.622034,-0.782965,0.100000,0.020000,1,0.163105
8.660419,29.929718,0.144776,148.974426,-125.992935,-28.929230,0.000000,0.000000,0.000000,-0.486965,0.863098,0.133890,0.100000,0.020000,1,0.163576
8.653888,29.972485,0.265488,-47.348728,67.512611,144.153366,0.000000,0.000000,0.000000,-0.353398,0.769649,0.531743,0.100000,0.020000,1,0.719159
9.476248,30.597431,0.247745,356.691345,100.801491,104.289398,0.000000,0.000000,0.000000,-0.249201,0.722161,-0.645277,0.100000,0.020000,1,0.476827
8.599454,30.133562,-0.201179,137.043167,-273.181793,6.860847,0.000000,0.000000,0.000000,-0.464990,0.793606,-0.392395,0.100000,0.020000,1,0.918032
9.077830,29.423023,0.799509,2.746637,51.820839,131.513306,0.000000,0.000000,0.000000,-0.500551,0.815949,0.289267,0.100000,0.020000,1,0.686472
8.514547,30.119663,0.125039,-93.060486,11.334527,-70.823044,0.000000,0.000000,0.000000,-0.004713,0.595259,0.803520,0.100000,0.020000,1,0.650889
8.706785,29.830528,0.329038,0.623876,0.662578,-52.571827,0.000000,0.000000,0.000000,-0.479692,0.777961,0.405797,0.100000,0.020000,1,0.367740
9.030424,30.183851,-0.492210,-182.958862,-345.556702,159.849030,0.000000,0.000000,0.000000,-0.126132,0.644566,-0.754073,0.100000,0.020000,1,0.382252
8.933323,30.019394,0.118099,-34.331890,45.837257,113.218941,0.000000,0.000000,0.000000,-0.254270,0.676586,0.691071,0.100000,0.020000,1,0.485042
8.838521,29.940636,0.114357,-225.673416,-145.991287,-35.682701,0.000000,0.000000,0.000000,-0.604153,0.796698,0.016482,0.100000,0.020000,1,0.550195
10.505561,28.598722,0.006627,544.481628,-213.003525,-16.823784,0.000000,0.000000,0.000000,-0.630219,0.758992,0.163569,0.100000,0.020000,1,0.751729
8.337495,29.996292,0.202687,-64.990784,43.255955,57.135731,0.000000,0.000000,0.000000,-0.642902,0.757662,-0.112364,0.100000,0.020000,1,0.361179
8.855488,29.983204,-0.235389,-86.589806,-32.652641,-386.998566,0.000000,0.000000,0.000000,-0.513951,0.699001,-0.497245,0.100000,0.020000,1,0.942986
8.791849,29.910784,0.011886,-110.016365,-288.951447,184.845444,0.000000,0.000000,0.000000,-0.622785,0.730049,0.281366,0.100000,0.020000,1,0.397899
8.911305,29.771441,-0.224998,-140.649139,-8.041027,126.801132,0.000000,0.000000,0.000000,-0.642146,0.731648,-0.228778,0.100000,0.020000,1,0.173727
8.484365,30.606329,0.432951,-69.624931,171.489883,66.177162,0.000000,0.000000,0.000000,-0.503851,0.658634,0.558869,0.100000,0.020000,1,0.288041
8.694692,29.644228,-0.141892,25.865850,37.295826,-7.378646,0.000000,0.000000,0.000000,-0.370674,0.619547,0.691927,0.100000,0.020000,1,0.866077
8.650658,29.897747,-0.216568,45.610901,-96.436256,26.127096,0.000000,0.000000,0.000000,-0.658344,0.662150,-0.357967,0.100000,0.020000,1,0.363397
8.814104,29.994818,-0.396802,-33.472202,-188.203049,131.213196,0.000000,0.000000,0.000000,-0.406691,0.637506,-0.654361,0.100000,0.020000,1,0.012440
8.898869,30.037518,0.505866,4.470934,6.672872,9.311800,0.000000,0.000000,0.000000,-0.126267,0.576404,0.807351,0.100000,0.020000,1,0.947436
9.127530,30.445572,-1.466458,6.922652,209.731430,-464.441589,0.000000,0.000000,0.000000,-0.647734,0.638516,0.415618,0.100000,0.020000,1,0.888719
8.772938,29.684410,0.212026,-369.185577,40.221554,-413.168884,0.000000,0.000000,0.000000,-0.763889,0.628403,0.146913,0.100000,0.020000,1,0.331085
8.673708,29.808651,-0.588941,-97.593964,-61.215054,-38.276684,0.000000,0.000000,0.000000,-0.276046,0.576972,-0.768702,0.100000,0.020000,1,0.356127
8.972116,29.516359,-0.254578,235.017120,-127.364166,-195.627151,0.000000,0.000000,0.000000,-0.793938,0.607911,0.010387,0.100000,0.020000,1,0.452130
8.571889,29.715130,-0.150680,189.526184,-105.540421,-109.202545,0.000000,0.000000,0.000000,-0.788075,0.606764,-0.103805,0.100000,0.020000,1,0.735932
8.996677,29.800358,-0.223824,-173.199265,-375.319092,-327.155792,0.000000,0.000000,0.000000,-0.528567,0.557978,-0.639748,0.100000,0.020000,1,0.948524
9.132749,29.482796,-0.267057,-352.084595,208.268890,-58.135841,0.000000,0.000000,0.000000,-0.667790,0.541738,-0.510466,0.100000,0.020000,1,0.336908
7.740489,31.575117,-0.690880,-319.104889,543.722839,-328.580444,0.000000,0.000000,0.000000,-0.639640,0.541897,0.545169,0.100000,0.020000,1,0.469158
8.646751,29.726906,0.257097,264.319885,-163.422134,-180.898224,0.000000,0.000000,0.000000,-0.794427,0.533377,0.290507,0.100000,0.020000,1,0.364822
8.868340,29.830915,-0.029380,-384.926697,-342.405579,-296.456970,0.000000,0.000000,0.000000,-0.801946,0.537656,-0.260401,0.100000,0.020000,1,0.011927
9.312860,29.348284,-0.398771,94.098412,-87.452026,-162.060440,0.000000,0.000000,0.000000,-0.522191,0.526183,0.671155,0.100000,0.020000,1,0.601449
8.760468,29.613829,-0.375127,347.479065,-198.321442,788.595337,0.000000,0.000000,0.000000,-0.778087,0.510989,-0.365337,0.100000,0.020000,1,0.828717
8.942528,30.013922,0.474121,66.957771,-108.364166,-32.577648,0.000000,0.000000,0.000000,-0.249531,0.537977,0.805180,0.100000,0.020000,1,0.447970
8.864284,29.559107,-0.400867,3.769394,-1.059322,-91.726921,0.000000,0.000000,0.000000,-0.885495,0.455107,-0.093688,0.100000,0.020000,1,0.740051
8.876911,29.875647,-0.499231,12.507070,-7.161482,56.089287,0.000000,0.000000,0.000000,-0.377422,0.506366,-0.775336,0.100000,0.020000,1,0.762536
8.658222,29.665283,0.359200,244.677048,-140.731750,-266.464447,0.000000,0.000000,0.000000,-0.788428,0.447340,0.422218,0.100000,0.020000,1,0.298017
8.859468,29.549673,0.364234,76.812813,-44.172470,129.752197,0.000000,0.000000,0.000000,-0.887619,0.436032,0.148356,0.100000,0.020000,1,0.470083
8.020552,30.036720,1.110508,-229.558655,133.529190,291.130768,0.000000,0.000000,0.000000,-0.914622,0.404290,0.004071,0.100000,0.020000,1,0.595287
7.851316,30.251530,-3.002310,-315.123596,200.850616,-782.404663,0.000000,0.000000,0.000000,-0.642509,0.433204,-0.632073,0.100000,0.020000,1,0.929425
8.991003,29.512955,0.410332,-167.107513,22.966444,-891.074829,0.000000,0.000000,0.000000,-0.878162,0.385083,0.283801,0.100000,0.020000,1,0.741145
8.156443,29.954988,1.357026,-294.476349,170.029892,491.192596,0.000000,0.000000,0.000000,-0.888526,0.378550,-0.259270,0.100000,0.020000,1,0.625079
8.386774,30.069534,-1.395530,-91.579277,101.836472,-331.887726,0.000000,0.000000,0.000000,-0.761551,0.389611,-0.517922,0.100000,0.020000,1,0.510162
8.892385,29.856810,-0.015153,28.760262,-10.008657,-66.315811,0.000000,0.000000,0.000000,-0.750967,0.371503,0.545924,0.100000,0.020000,1,0.209234
9.341726,30.288782,0.510759,123.988319,52.300270,30.335468,0.000000,0.000000,0.000000,-0.608894,0.411902,0.677926,0.100000,0.020000,1,0.091975
8.825010,29.717932,-0.309752,86.945900,-223.964081,85.784515,0.000000,0.000000,0.000000,-0.878488,0.311898,-0.361909,0.100000,0.020000,1,0.321328
8.762696,29.811478,-0.699649,-14.871851,16.230808,-42.401882,0.000000,0.000000,0.000000,-0.491899,0.420551,-0.762346,0.100000,0.020000,1,0.999791
8.140870,29.963978,0.787850,-155.409515,90.081337,231.936722,0.000000,0.000000,0.000000,-0.965736,0.258810,0.019283,0.100000,0.020000,1,0.754830
8.783886,29.592731,0.144283,52.007771,-10.563434,17.194956,0.000000,0.000000,0.000000,-0.858279,0.296118,0.419131,0.100000,0.020000,1,0.940588
8.911706,29.708544,-0.341343,5.021255,-32.934067,20.801678,0.000000,0.000000,0.000000,-0.703806,0.327402,-0.630448,0.100000,0.020000,1,0.020034
8.968239,29.486296,-0.192590,-66.075569,38.465160,418.626740,0.000000,0.000000,0.000000,-0.964221,0.228285,0.134771,0.100000,0.020000,1,0.132616
8.970443,29.504721,-0.332253,-437.786652,254.155594,367.666718,0.000000,0.000000,0.000000,-0.835507,0.256275,-0.486056,0.100000,0.020000,1,0.913316
8.984040,29.822731,0.676263,-75.073357,11.495540,-53.630375,0.000000,0.000000,0.000000,-0.372233,0.451131,0.811125,0.100000,0.020000,1,0.534738
8.882215,29.811228,0.444549,34.562019,-16.110237,-12.542651,0.000000,0.000000,0.000000,-0.478672,0.405335,0.778830,0.100000,0.020000,1,0.432747
10.448471,28.631683,-0.190505,357.343384,-205.872818,11.761490,0.000000,0.000000,0.000000,-0.974767,0.197859,-0.103346,0.100000,0.020000,1,0.167802
8.533370,29.737368,-0.150657,243.273270,-139.445450,18.286274,0.000000,0.000000,0.000000,-0.954761,0.179373,-0.237185,0.100000,0.020000,1,0.290784
8.993759,29.471561,0.506627,-386.865814,224.144913,-291.834808,0.000000,0.000000,0.000000,-0.705361,0.276477,0.652707,0.100000,0.020000,1,0.591237
8.904810,29.522917,0.155309,-24.490753,17.810545,105.445358,0.000000,0.000000,0.000000,-0.939348,0.165542,0.300369,0.100000,0.020000,1,0.501130
8.802310,29.707279,0.434829,112.535835,-92.264931,-87.221649,0.000000,0.000000,0.000000,-0.809662,0.208180,0.548734,0.100000,0.020000,1,0.899677
7.797225,30.163591,-1.148779,-365.823547,211.575272,-363.292145,0.000000,0.000000,0.000000,-0.903239,0.135609,0.407149,0.100000,0.020000,1,0.141336
9.213420,30.165770,-0.434254,123.023079,68.878471,-129.831207,0.000000,0.000000,0.000000,-0.916485,0.123827,-0.380424,0.100000,0.020000,1,0.155467
8.917675,29.765902,-0.551560,33.978027,-33.725693,117.559326,0.000000,0.000000,0.000000,-0.560932,0.302826,-0.770488,0.100000,0.020000,1,0.242271
8.245469,30.823410,-0.859401,-178.000839,86.416328,-226.792465,0.000000,0.000000,0.000000,-0.999344,0.017584,0.031659,0.100000,0.020000,1,0.670240
8.891780,29.530439,0.378586,-178.057800,103.446175,10.397371,0.000000,0.000000,0.000000,-0.971090,0.007570,-0.238591,0.100000,0.020000,1,0.679155
9.121283,29.397936,-0.265571,-83.968948,49.252388,110.370796,0.000000,0.000000,0.000000,-0.992588,-0.004686,-0.121433,0.100000,0.020000,1,0.605580
8.783751,29.592812,-1.432780,-64.101379,39.611485,-418.171509,0.000000,0.000000,0.000000,-0.990417,-0.010410,0.137716,0.100000,0.020000,1,0.089596
9.008920,29.610739,-0.198161,-36.880436,-110.902405,76.735573,0.000000,0.000000,0.000000,-0.870288,0.055177,-0.489443,0.100000,0.020000,1,0.190325
5.483791,31.498043,1.904964,-940.464233,652.702637,457.474091,0.000000,0.000000,0.000000,-0.963488,-0.014361,0.267365,0.100000,0.020000,1,0.830588
8.953315,29.647402,0.716318,-36.505863,-4.709607,90.960670,0.000000,0.000000,0.000000,-0.743340,0.124421,0.657240,0.100000,0.020000,1,0.468230
8.479165,30.070696,-0.193736,-133.185608,122.108513,-122.359520,0.000000,0.000000,0.000000,-0.834724,0.027447,0.549984,0.100000,0.020000,1,0.222286
8.946742,29.595245,-0.374058,55.341537,-118.565201,-31.468037,0.000000,0.000000,0.000000,-0.750952,0.109315,-0.651246,0.100000,0.020000,1,0.112952
9.088677,29.416759,-0.024979,-90.418152,52.379658,-234.682129,0.000000,0.000000,0.000000,-0.927284,-0.072877,-0.367198,0.100000,0.020000,1,0.487922
8.964826,29.771069,0.346862,79.681572,-150.150955,365.671295,0.000000,0.000000,0.000000,-0.526263,0.275254,0.804539,0.100000,0.020000,1,0.234417
9.968416,28.908842,-0.097324,149.250793,-58.737160,5.296342,0.000000,0.000000,0.000000,-0.981500,-0.191389,0.005225,0.100000,0.020000,1,0.689670
9.873700,29.960636,0.493505,216.785156,119.627213,160.385071,0.000000,0.000000,0.000000,-0.862641,-0.104248,-0.494957,0.100000,0.020000,1,0.071844
9.063677,29.561588,0.135910,424.318939,-428.471283,140.244598,0.000000,0.000000,0.000000,-0.892373,-0.110700,0.437511,0.100000,0.020000,1,0.308822
9.062843,29.431677,-0.503001,-76.475113,44.831116,-336.590973,0.000000,0.000000,0.000000,-0.968560,-0.219456,-0.117176,0.100000,0.020000,1,0.935790
9.333736,29.404036,0.701535,200.925797,-95.460365,223.747452,0.000000,0.000000,0.000000,-0.616392,0.157775,-0.771471,0.100000,0.020000,1,0.127016
9.148004,29.565475,0.090434,22.919319,-27.751675,-13.541734,0.000000,0.000000,0.000000,-0.957031,-0.236911,0.167228,0.100000,0.020000,1,0.420881
9.343187,30.499018,0.449003,43.525326,240.370392,89.008469,0.000000,0.000000,0.000000,-0.936739,-0.216567,0.274988,0.100000,0.020000,1,0.647244
8.952174,29.729149,0.526136,37.500050,-38.574383,-83.247986,0.000000,0.000000,0.000000,-0.594676,0.172050,0.785340,0.100000,0.020000,1,0.962777
9.109617,29.473816,-0.472019,-48.450275,29.919121,106.036087,0.000000,0.000000,0.000000,-0.767274,-0.024577,-0.640849,0.100000,0.020000,1,0.829035
8.300596,29.871759,-1.121081,-209.792969,121.609886,-210.391876,0.000000,0.000000,0.000000,-0.936582,-0.249785,-0.245807,0.100000,0.020000,1,0.967185
8.992084,29.810762,0.249505,-17.032816,25.876423,25.251020,0.000000,0.000000,0.000000,-0.741962,-0.042567,0.669089,0.100000,0.020000,1,0.657835
9.021102,29.490215,0.503772,-96.929420,23.083553,-64.006050,0.000000,0.000000,0.000000,-0.834369,-0.156816,0.528429,0.100000,0.020000,1,0.022501
9.187872,29.405561,0.130900,-162.960373,-67.508987,-338.889771,0.000000,0.000000,0.000000,-0.868337,-0.272659,0.414305,0.100000,0.020000,1,0.047255
9.172884,29.768225,-0.436977,-243.435684,-554.986450,91.024597,0.000000,0.000000,0.000000,-0.636635,0.038099,-0.770224,0.100000,0.020000,1,0.175131
9.163728,29.373432,-0.195812,170.091293,-97.821159,-164.292725,0.000000,0.000000,0.000000,-0.860836,-0.321517,-0.394447,0.100000,0.020000,1,0.057113
8.925193,29.626160,-0.146861,110.774277,-595.709351,175.091263,0.000000,0.000000,0.000000,-0.901848,-0.403069,0.155580,0.100000,0.020000,1,0.128520
9.039761,29.445002,0.063791,162.739105,-93.741074,-240.801468,0.000000,0.000000,0.000000,-0.905706,-0.422971,0.028131,0.100000,0.020000,1,0.993772
9.032661,29.738638,0.261736,-71.403160,-382.346161,-91.237694,0.000000,0.000000,0.000000,-0.631868,0.017093,0.774888,0.100000,0.020000,1,0.798818
10.223903,29.819481,-0.412847,343.874390,112.476067,17.557436,0.000000,0.000000,0.000000,-0.744259,-0.184250,-0.641973,0.100000,0.020000,1,0.242188
9.218827,29.347551,-0.067248,0.368245,0.217366,-26.304964,0.000000,0.000000,0.000000,-0.871287,-0.417977,-0.257204,0.100000,0.020000,1,0.343126
9.292050,30.631474,0.759758,15.954445,322.219666,222.961227,0.000000,0.000000,0.000000,-0.893508,-0.436498,-0.105422,0.100000,0.020000,1,0.215511
11.558491,28.934010,1.450761,586.752625,-106.283119,411.479980,0.000000,0.000000,0.000000,-0.840221,-0.455170,0.294702,0.100000,0.020000,1,0.745136
9.271131,29.520035,-0.306998,-435.237213,80.107338,89.049843,0.000000,0.000000,0.000000,-0.826579,-0.436934,-0.354760,0.100000,0.020000,1,0.585205
9.225571,29.462524,-0.415413,-40.130234,-6.387212,68.380089,0.000000,0.000000,0.000000,-0.793101,-0.349079,-0.499134,0.100000,0.020000,1,0.155959
9.578615,29.266521,0.620323,79.235329,-55.539898,89.103172,0.000000,0.000000,0.000000,-0.770655,-0.343526,0.536732,0.100000,0.020000,1,0.376396
9.251808,29.453644,0.332094,-99.011002,60.955448,35.779648,0.000000,0.000000,0.000000,-0.711165,-0.222586,0.666859,0.100000,0.020000,1,0.772393
10.766949,29.244076,1.303091,363.189209,-20.575071,248.417770,0.000000,0.000000,0.000000,-0.799069,-0.432780,0.417362,0.100000,0.020000,1,0.210433
9.515497,29.641552,-0.115189,-278.433411,136.830490,-217.996475,0.000000,0.000000,0.000000,-0.823649,-0.553892,-0.121676,0.100000,0.020000,1,0.337136
8.674191,29.969259,-0.280476,-13.873805,-92.067505,-92.724663,0.000000,0.000000,0.000000,-0.634586,-0.084740,-0.768193,0.100000,0.020000,1,0.125151
9.297525,29.296181,0.117359,-322.591614,187.844635,-3.297616,0.000000,0.000000,0.000000,-0.808200,-0.567379,0.157780,0.100000,0.020000,1,0.536290
9.255649,29.576553,-0.116819,-16.764576,33.300697,-30.219482,0.000000,0.000000,0.000000,-0.794311,-0.606968,0.025687,0.100000,0.020000,1,0.739230
9.286426,29.559443,-0.243478,5.521635,7.650757,20.315821,0.000000,0.000000,0.000000,-0.709324,-0.342101,-0.616301,0.100000,0.020000,1,0.572213
9.558195,29.270836,-0.127813,56.513790,-54.231853,-68.848328,0.000000,0.000000,0.000000,-0.757742,-0.584682,0.289783,0.100000,0.020000,1,0.123007
9.901104,28.983606,0.199328,-2.487664,4.281941,-122.695473,0.000000,0.000000,0.000000,-0.750878,-0.617427,-0.234448,0.100000,0.020000,1,0.059622
10.265325,28.772430,2.068589,360.248871,-197.381165,551.472778,0.000000,0.000000,0.000000,-0.672727,-0.333896,0.660266,0.100000,0.020000,1,0.813726
9.263444,29.349699,-0.542455,-317.591675,184.153290,751.968201,0.000000,0.000000,0.000000,-0.708633,-0.479681,-0.517441,0.100000,0.020000,1,0.092337
9.418283,29.773134,0.370957,47.840118,79.888191,18.801563,0.000000,0.000000,0.000000,-0.699519,-0.488188,0.521867,0.100000,0.020000,1,0.840351
9.567927,29.449389,0.604359,93.596840,-32.487034,43.606190,0.000000,0.000000,0.000000,-0.599822,-0.121188,0.790903,0.100000,0.020000,1,0.202396
9.355392,29.535652,-0.266534,36.076469,-26.986969,-15.027015,0.000000,0.000000,0.000000,-0.694964,-0.615322,-0.372027,0.100000,0.020000,1,0.658120
9.607091,29.373352,0.204700,61.827446,-8.319530,-5.040663,0.000000,0.000000,0.000000,-0.695098,-0.606437,0.386099,0.100000,0.020000,1,0.127385
9.252585,29.544678,-0.405200,-68.370323,19.801704,-17.491240,0.000000,0.000000,0.000000,-0.603837,-0.242790,-0.759233,0.100000,0.020000,1,0.973941
11.814124,27.896099,-1.364376,703.643738,-402.602264,-410.464447,0.000000,0.000000,0.000000,-0.671908,-0.731050,-0.118769,0.100000,0.020000,1,0.295166
9.122951,29.482420,-0.306391,211.579407,-121.062820,74.203094,0.000000,0.000000,0.000000,-0.629910,-0.597412,-0.496298,0.100000,0.020000,1,0.940859
9.463574,29.679558,0.162481,14.010316,48.550087,14.880448,0.000000,0.000000,0.000000,-0.654698,-0.739894,0.154685,0.100000,0.020000,1,0.387249
9.497117,29.567266,-0.228764,-365.329834,-84.951378,77.336479,0.000000,0.000000,0.000000,-0.620449,-0.499552,-0.604558,0.100000,0.020000,1,0.855219
9.479082,29.555309,0.016304,-44.900417,-172.082230,-12.860473,0.000000,0.000000,0.000000,-0.649843,-0.759856,0.017976,0.100000,0.020000,1,0.658413
7.971061,30.062016,1.165875,-376.431458,273.179565,347.866333,0.000000,0.000000,0.000000,-0.617571,-0.747156,-0.245691,0.100000,0.020000,1,0.571414
9.288642,29.585447,0.382903,-51.551590,-45.239292,8.474213,0.000000,0.000000,0.000000,-0.590919,-0.619120,0.517210,0.100000,0.020000,1,0.741152
8.832914,29.616238,0.757841,-9.367124,21.108442,58.030186,0.000000,0.000000,0.000000,-0.576237,-0.216546,0.788073,0.100000,0.020000,1,0.539097
9.489482,29.411451,0.185373,64.894608,-87.190071,88.211319,0.000000,0.000000,0.000000,-0.599777,-0.745365,0.291030,0.100000,0.020000,1,0.869349
9.304823,29.294737,0.314415,42.852203,-23.901897,-21.163149,0.000000,0.000000,0.000000,-0.555319,-0.490169,0.671830,0.100000,0.020000,1,0.302575
9.214834,29.519230,-0.481822,4.714980,-2.468555,22.733837,0.000000,0.000000,0.000000,-0.558717,-0.372169,-0.741165,0.100000,0.020000,1,0.384042
8.765948,29.603088,0.648980,-149.436356,88.476593,27.088997,0.000000,0.000000,0.000000,-0.526284,-0.741248,0.416624,0.100000,0.020000,1,0.418748
9.485106,29.561567,-0.469770,22.270798,5.353076,-28.357706,0.000000,0.000000,0.000000,-0.520009,-0.590083,-0.617570,0.100000,0.020000,1,0.446865
9.460342,29.680380,-0.159583,15.387586,-199.595551,-26.866848,0.000000,0.000000,0.000000,-0.497879,-0.859224,-0.117686,0.100000,0.020000,1,0.948338
9.691899,29.531488,-0.287141,-239.295166,-21.235167,11.451733,0.000000,0.000000,0.000000,-0.486962,-0.733966,-0.473458,0.100000,0.020000,1,0.290507
8.721414,29.628801,-0.285434,912.285950,-523.822937,-72.926804,0.000000,0.000000,0.000000,-0.512593,-0.775971,-0.367583,0.100000,0.020000,1,0.029493
9.669455,29.655605,0.295298,21.661562,41.847916,42.537178,0.000000,0.000000,0.000000,-0.475015,-0.870293,0.130194,0.100000,0.020000,1,0.375765
9.563021,29.382483,0.087033,13.123245,-5.920441,-8.548486,0.000000,0.000000,0.000000,-0.471773,-0.841599,0.262947,0.100000,0.020000,1,0.307299
9.649549,29.688025,-0.022035,-205.815826,176.507187,-140.148499,0.000000,0.000000,0.000000,-0.470929,-0.881396,0.036972,0.100000,0.020000,1,0.115205
9.615379,29.239456,-0.180312,-40.993858,20.092030,-57.185310,0.000000,0.000000,0.000000,-0.448323,-0.864804,-0.226098,0.100000,0.020000,1,0.748485
9.379128,29.365137,0.389180,-47.222771,37.422874,28.241207,0.000000,0.000000,0.000000,-0.468246,-0.603267,0.645612,0.100000,0.020000,1,0.789981
10.897306,28.372549,1.019006,481.909576,-247.501038,167.696045,0.000000,0.000000,0.000000,-0.444287,-0.734327,0.513200,0.100000,0.020000,1,0.395377
7.806690,30.204220,0.456030,-324.530548,201.701874,41.700302,0.000000,0.000000,0.000000,-0.509333,-0.341735,0.789808,0.100000,0.020000,1,0.815054
9.369091,29.421947,-1.233822,-46.004665,20.238369,-296.067413,0.000000,0.000000,0.000000,-0.380645,-0.846305,-0.372663,0.100000,0.020000,1,0.561600
10.446365,31.132153,1.956103,425.124054,500.161407,505.316498,0.000000,0.000000,0.000000,-0.357056,-0.839967,0.408616,0.100000,0.020000,1,0.457088
9.633994,29.422573,0.443843,17.458834,-62.483585,168.087036,0.000000,0.000000,0.000000,-0.331543,-0.938695,-0.094507,0.100000,0.020000,1,0.351182
9.567375,29.368704,0.036758,-69.186333,39.628235,15.510710,0.000000,0.000000,0.000000,-0.332378,-0.943135,0.004679,0.100000,0.020000,1,0.845806
10.989822,29.179211,-0.306231,358.505005,-51.510574,4.146399,0.000000,0.000000,0.000000,-0.376760,-0.697899,-0.609089,0.100000,0.020000,1,0.709392
9.321615,29.851757,-1.153589,-60.588417,60.523552,-223.884476,0.000000,0.000000,0.000000,-0.344509,-0.802940,-0.486416,0.100000,0.020000,1,0.836798
9.338765,29.674459,2.383745,-96.126823,42.895981,688.773621,0.000000,0.000000,0.000000,-0.302334,-0.944352,0.129591,0.100000,0.020000,1,0.792002
9.383202,29.642593,0.255115,37.542332,6.819135,111.374092,0.000000,0.000000,0.000000,-0.445173,-0.464648,-0.765456,0.100000,0.020000,1,0.115467
9.672592,29.585119,-0.109187,-68.828568,-32.826881,-20.252724,0.000000,0.000000,0.000000,-0.278487,-0.935303,-0.218297,0.100000,0.020000,1,0.541480
9.035366,29.447538,0.256858,60.584419,-33.970181,302.569977,0.000000,0.000000,0.000000,-0.441813,-0.444042,0.779505,0.100000,0.020000,1,0.740597
9.494826,29.535555,0.410248,-25.532375,10.117332,-60.728664,0.000000,0.000000,0.000000,-0.333539,-0.685571,0.647105,0.100000,0.020000,1,0.236249
9.629974,29.504078,0.302300,-100.555565,117.617668,-4.676288,0.000000,0.000000,0.000000,-0.281099,-0.802471,0.526330,0.100000,0.020000,1,0.775242
9.350510,29.652344,-0.404151,53.026817,69.621262,104.952515,0.000000,0.000000,0.000000,-0.378956,-0.574528,-0.725472,0.100000,0.020000,1,0.077740
9.819557,29.465860,0.207008,33.829666,-30.536959,8.199915,0.000000,0.000000,0.000000,-0.231132,-0.931192,0.281884,0.100000,0.020000,1,0.543763
9.655079,29.607002,-0.231787,-174.524948,125.114922,177.903275,0.000000,0.000000,0.000000,-0.189583,-0.907773,-0.374174,0.100000,0.020000,1,0.620702
9.504070,29.479849,0.132922,-38.240093,-30.973915,26.573101,0.000000,0.000000,0.000000,-0.121762,-0.992263,0.024231,0.100000,0.020000,1,0.262992
10.152451,29.547760,0.100134,148.417358,11.893995,-34.566563,0.000000,0.000000,0.000000,-0.168741,-0.902446,0.396380,0.100000,0.020000,1,0.184463
9.960293,30.125948,0.594698,72.001671,110.554771,107.034309,0.000000,0.000000,0.000000,-0.124805,-0.978702,0.162993,0.100000,0.020000,1,0.631243
9.561732,29.204000,0.623279,-5.151333,-118.757477,255.524185,0.000000,0.000000,0.000000,-0.167794,-0.857008,-0.487219,0.100000,0.020000,1,0.358037
10.376973,29.719542,-0.873670,426.266815,-96.166512,-452.137543,0.000000,0.000000,0.000000,-0.103142,-0.965641,-0.238534,0.100000,0.020000,1,0.195776
9.757379,29.738178,0.013756,-174.059845,-130.693726,-108.701904,0.000000,0.000000,0.000000,-0.091630,-0.989359,-0.113020,0.100000,0.020000,1,0.350306
8.698442,31.038689,0.786872,-200.258301,385.927765,95.384758,0.000000,0.000000,0.000000,-0.347917,-0.525650,0.776303,0.100000,0.020000,1,0.109768
9.677718,29.613573,0.128354,1.568534,-18.555426,-4.804916,0.000000,0.000000,0.000000,-0.051691,-0.962331,0.266922,0.100000,0.020000,1,0.373760
9.456209,29.685032,-0.317196,1.744426,-32.343628,-56.520794,0.000000,0.000000,0.000000,-0.206873,-0.752372,-0.625412,0.100000,0.020000,1,0.175512
8.948952,30.108421,0.196529,-133.819244,116.394363,194.493790,0.000000,0.000000,0.000000,-0.268684,-0.629643,-0.728944,0.100000,0.020000,1,0.159936
9.792146,29.800879,-0.171334,34.420597,20.675968,32.241875,0.000000,0.000000,0.000000,-0.039950,-0.935155,-0.351978,0.100000,0.020000,1,0.922137
9.633359,29.352158,0.449669,39.324295,4.582819,23.648596,0.000000,0.000000,0.000000,-0.104040,-0.843459,0.527022,0.100000,0.020000,1,0.123910
9.461545,29.691492,0.292460,74.603477,-24.327227,56.412918,0.000000,0.000000,0.000000,-0.176492,-0.747788,0.640049,0.100000,0.020000,1,0.278020
9.619765,29.681654,0.252183,24.491573,-11.893214,7.902527,0.000000,0.000000,0.000000,-0.003768,-0.918027,0.396501,0.100000,0.020000,1,0.916131
9.649727,29.692251,-0.332740,-26.079508,-41.669979,4.768189,0.000000,0.000000,0.000000,-0.069078,-0.801473,-0.594028,0.100000,0.020000,1,0.887966
9.686732,29.678270,-0.379947,-15.059075,-48.400208,177.704437,0.000000,0.000000,0.000000,0.015647,-0.870889,-0.491230,0.100000,0.020000,1,0.688492
9.769215,29.994486,0.164490,-596.557251,-16.944050,-683.802429,0.000000,0.000000,0.000000,0.113851,-0.987190,-0.111776,0.100000,0.020000,1,0.637723
9.460364,30.598766,0.302367,-68.385330,189.741272,50.533081,0.000000,0.000000,0.000000,0.118751,-0.992356,0.033573,0.100000,0.020000,1,0.675197
9.676650,29.759508,-0.158888,-2.896495,-5.610168,-3.603564,0.000000,0.000000,0.000000,0.128140,-0.960447,-0.247230,0.100000,0.020000,1,0.300052
10.630458,30.958153,0.175443,350.534790,376.607178,-108.897560,0.000000,0.000000,0.000000,-0.036930,-0.747598,0.663124,0.100000,0.020000,1,0.114905
9.782665,29.846014,0.132432,-52.714016,-75.795883,-40.418941,0.000000,0.000000,0.000000,0.180944,-0.973373,0.140728,0.100000,0.020000,1,0.170991
10.520010,28.897251,-0.135243,239.350266,-264.388580,-113.105759,0.000000,0.000000,0.000000,0.078902,-0.853959,0.514323,0.100000,0.020000,1,0.815029
9.015266,29.459145,0.596508,26.372646,19.973124,37.371029,0.000000,0.000000,0.000000,0.148606,-0.912152,0.381962,0.100000,0.020000,1,0.552864
9.893398,29.899048,-0.484421,140.961975,-41.420082,-224.636612,0.000000,0.000000,0.000000,-0.213489,-0.573066,0.791213,0.100000,0.020000,1,0.415202
9.415727,29.680758,-0.557624,-22.373461,27.725307,-76.296883,0.000000,0.000000,0.000000,0.174276,-0.908463,-0.379898,0.100000,0.020000,1,0.158637
9.651385,30.016457,0.148048,244.557114,-153.568405,365.822662,0.000000,0.000000,0.000000,0.221623,-0.927474,0.301124,0.100000,0.020000,1,0.030426
9.645503,29.648731,-1.109386,27.537106,-30.643000,-175.381104,0.000000,0.000000,0.000000,-0.089258,-0.653803,-0.751382,0.100000,0.020000,1,0.592611
9.966505,29.192657,-0.516052,172.441116,-98.403511,-131.539154,0.000000,0.000000,0.000000,0.303005,-0.952490,0.030832,0.100000,0.020000,1,0.723236
9.733455,29.991816,-0.069632,53.560509,92.242294,-292.001099,0.000000,0.000000,0.000000,0.311438,-0.922001,-0.230046,0.100000,0.020000,1,0.734154
9.965538,29.458473,0.006611,-103.404343,-74.812363,245.028275,0.000000,0.000000,0.000000,0.326173,-0.940837,-0.091855,0.100000,0.020000,1,0.555376
9.804995,29.910353,0.061852,-62.800354,-124.667664,62.418304,0.000000,0.000000,0.000000,0.326200,-0.933077,0.151527,0.100000,0.020000,1,0.893153
9.269197,29.866364,-0.160548,-27.314640,52.931255,52.476059,0.000000,0.000000,0.000000,0.010089,-0.693022,-0.720846,0.100000,0.020000,1,0.811848
9.895675,29.494173,-0.480661,90.948807,-78.569046,-126.053429,0.000000,0.000000,0.000000,0.237337,-0.850310,-0.469727,0.100000,0.020000,1,0.373890
9.371554,29.701059,-0.249728,48.791668,-24.958542,-35.073551,0.000000,0.000000,0.000000,0.141257,-0.772369,-0.619267,0.100000,0.020000,1,0.099043
9.774819,30.009260,-0.033676,-24.753716,-122.601677,173.804413,0.000000,0.000000,0.000000,0.349305,-0.900650,0.258489,0.100000,0.020000,1,0.178719
9.620059,29.718704,0.483981,-82.880516,8.133875,-47.456028,0.000000,0.000000,0.000000,-0.088670,-0.619549,0.779934,0.100000,0.020000,1,0.447785
9.706895,30.032536,1.164923,31.588387,77.642616,245.551651,0.000000,0.000000,0.000000,0.120422,-0.740303,0.661400,0.100000,0.020000,1,0.329593
9.697924,29.287867,0.186951,-22.184498,17.940474,10.837575,0.000000,0.000000,0.000000,0.258914,-0.816103,0.516661,0.100000,0.020000,1,0.667021
9.751720,29.792030,-0.148503,-54.027191,61.826584,-71.146545,0.000000,0.000000,0.000000,0.350195,-0.862201,-0.366023,0.100000,0.020000,1,0.758695
9.750102,29.968544,-0.088286,39.927994,-235.114700,80.555283,0.000000,0.000000,0.000000,0.471570,-0.877080,-0.091389,0.100000,0.020000,1,0.946284
9.064191,30.018480,2.268868,-105.058968,-89.337685,564.168213,0.000000,0.000000,0.000000,0.375130,-0.824137,0.424354,0.100000,0.020000,1,0.217449
9.376727,30.160419,0.074837,292.792023,-106.332474,609.285095,0.000000,0.000000,0.000000,0.255949,-0.751065,-0.608598,0.100000,0.020000,1,0.815298
9.732932,29.824720,0.077110,-14.773448,25.391806,-28.582119,0.000000,0.000000,0.000000,0.489733,-0.858295,0.153267,0.100000,0.020000,1,0.980870
10.681890,28.987400,-0.744634,396.614044,-118.898628,-148.026855,0.000000,0.000000,0.000000,0.501684,-0.864379,0.034101,0.100000,0.020000,1,0.374272
9.477318,29.988821,0.523805,-8.240720,29.505472,19.354168,0.000000,0.000000,0.000000,0.034948,-0.643428,0.764708,0.100000,0.020000,1,0.499367
9.721430,29.906933,-0.315107,6.934071,-10.559183,-7.024866,0.000000,0.000000,0.000000,0.379622,-0.782440,-0.493634,0.100000,0.020000,1,0.720680
8.301147,30.139753,-0.244480,164.965179,-68.733986,164.598724,0.000000,0.000000,0.000000,0.505701,-0.834467,-0.218932,0.100000,0.020000,1,0.355885
10.016631,30.016872,0.827366,67.361832,-5.649874,149.490997,0.000000,0.000000,0.000000,0.508808,-0.813270,0.282323,0.100000,0.020000,1,0.665831
9.578445,29.756134,0.498847,-3.498406,9.359990,-84.343941,0.000000,0.000000,0.000000,0.278805,-0.709299,0.647428,0.100000,0.020000,1,0.449220
9.558150,30.156551,0.179911,108.074188,-224.775070,-127.738113,0.000000,0.000000,0.000000,0.413251,-0.757583,0.505264,0.100000,0.020000,1,0.086861
9.807561,29.975903,-0.287966,-27.568043,39.056873,74.378761,0.000000,0.000000,0.000000,0.521492,-0.769016,-0.369677,0.100000,0.020000,1,0.478488
9.899100,30.003836,0.464967,79.236565,14.913914,68.184784,0.000000,0.000000,0.000000,0.527421,-0.750068,0.399029,0.100000,0.020000,1,0.185059
9.310219,29.487221,-0.878491,21.391247,38.060413,-77.301620,0.000000,0.000000,0.000000,0.166367,-0.644400,-0.746371,0.100000,0.020000,1,0.639972
9.323971,30.149372,0.595328,-68.428093,80.008675,150.457870,0.000000,0.000000,0.000000,0.644772,-0.754703,-0.121209,0.100000,0.020000,1,0.814080
9.521412,30.108862,-0.141973,531.414734,-229.239975,406.360596,0.000000,0.000000,0.000000,0.399584,-0.696328,-0.596204,0.100000,0.020000,1,0.947815
8.350616,31.289146,0.145636,-381.930847,392.639679,52.223125,0.000000,0.000000,0.000000,0.666371,-0.732107,0.141311,0.100000,0.020000,1,0.512325
9.724230,29.917149,0.379765,18.255737,-13.630346,3.884245,0.000000,0.000000,0.000000,0.397800,-0.660856,0.636415,0.100000,0.020000,1,0.544282
8.439645,30.355906,-0.845103,-99.043442,85.083458,-103.443710,0.000000,0.000000,0.000000,0.527463,-0.685916,-0.501300,0.100000,0.020000,1,0.680079
9.508725,29.915800,0.316887,-133.390594,21.117027,-346.204437,0.000000,0.000000,0.000000,0.176659,-0.610429,0.772119,0.100000,0.020000,1,0.947988
9.753328,30.172987,-0.202414,-36.317078,-331.509216,282.456970,0.000000,0.000000,0.000000,0.682055,-0.690299,-0.241431,0.100000,0.020000,1,0.799665
9.783663,30.074623,0.172569,-63.760082,10.130919,-13.402133,0.000000,0.000000,0.000000,0.672171,-0.690428,0.267386,0.100000,0.020000,1,0.501446
9.626786,29.989613,-0.059044,25.080587,-9.050138,37.651352,0.000000,0.000000,0.000000,0.701501,-0.712504,0.015325,0.100000,0.020000,1,0.013845
9.279374,30.225845,-0.060376,-187.433914,29.050669,-349.099579,0.000000,0.000000,0.000000,0.560938,-0.650339,0.512258,0.100000,0.020000,1,0.275216
9.779016,30.246506,-0.362775,42.119682,34.063156,-73.378227,0.000000,0.000000,0.000000,0.669754,-0.641433,-0.374157,0.100000,0.020000,1,0.689235
9.842595,30.318001,0.251992,67.961205,128.192917,-23.983736,0.000000,0.000000,0.000000,0.286915,-0.594954,0.750806,0.100000,0.020000,1,0.853127
9.698174,29.874310,-0.622407,-131.388687,58.144203,222.421875,0.000000,0.000000,0.000000,0.303323,-0.596240,-0.743298,0.100000,0.020000,1,0.575165
9.775676,30.157963,0.006719,-46.810291,-10.193480,-6.636831,0.000000,0.000000,0.000000,0.780746,-0.624751,0.011078,0.100000,0.020000,1,0.732019
9.487712,30.136356,-0.335041,547.213745,-234.503296,236.238159,0.000000,0.000000,0.000000,0.527894,-0.607990,-0.593023,0.100000,0.020000,1,0.789280
10.694843,31.571011,0.642092,272.153137,375.001190,177.546051,0.000000,0.000000,0.000000,0.776487,-0.619782,-0.113747,0.100000,0.020000,1,0.597747
9.247111,31.037373,0.724455,-123.445976,276.648865,125.177841,0.000000,0.000000,0.000000,0.678806,-0.618639,0.395612,0.100000,0.020000,1,0.798786
10.306890,30.555878,-0.860700,189.772430,171.873032,-143.546082,0.000000,0.000000,0.000000,0.665184,-0.572365,-0.479509,0.100000,0.020000,1,0.383919
8.665974,30.189209,0.287205,-140.225098,-54.607235,10.390662,0.000000,0.000000,0.000000,0.778932,-0.572963,0.254910,0.100000,0.020000,1,0.688728
9.678049,30.166239,-0.113682,-24.454697,142.970306,34.687267,0.000000,0.000000,0.000000,0.791856,-0.572062,-0.213797,0.100000,0.020000,1,0.202245
9.638294,30.471169,-0.044048,-6.870863,64.335159,-37.581409,0.000000,0.000000,0.000000,0.801995,-0.578390,0.149226,0.100000,0.020000,1,0.201762
9.619117,30.413961,-0.320664,17.392759,158.884155,-39.808388,0.000000,0.000000,0.000000,0.771765,-0.526979,-0.355909,0.100000,0.020000,1,0.795331
8.917040,30.820139,-0.137556,-130.773071,126.169464,-71.847321,0.000000,0.000000,0.000000,0.653104,-0.539726,0.531179,0.100000,0.020000,1,0.217720
9.392047,30.131496,-0.367909,660.773987,-256.545715,-132.198166,0.000000,0.000000,0.000000,0.401281,-0.541968,-0.738406,0.100000,0.020000,1,0.286680
9.467319,30.116459,0.303934,28.547974,-4.794286,-7.368550,0.000000,0.000000,0.000000,0.791420,-0.478554,0.380318,0.100000,0.020000,1,0.278787
9.366350,30.244495,0.510086,506.378296,-266.946381,-178.656891,0.000000,0.000000,0.000000,0.546025,-0.508866,0.665516,0.100000,0.020000,1,0.105522
11.237367,29.845621,0.146511,421.716339,-156.901138,34.905903,0.000000,0.000000,0.000000,0.888447,-0.439893,0.130982,0.100000,0.020000,1,0.194647
9.348440,29.762541,0.102197,53.213806,12.685045,-124.583260,0.000000,0.000000,0.000000,0.892380,-0.437827,-0.109390,0.100000,0.020000,1,0.099432
10.266963,29.202988,1.667026,208.366806,-367.113190,522.383667,0.000000,0.000000,0.000000,0.898428,-0.438992,0.010660,0.100000,0.020000,1,0.076468
9.927303,30.994919,-0.209529,95.497383,235.842880,58.737762,0.000000,0.000000,0.000000,0.646338,-0.481083,-0.592289,0.100000,0.020000,1,0.192225
9.644069,30.295145,-0.111336,41.443230,-195.555161,1.032144,0.000000,0.000000,0.000000,0.882134,-0.414747,-0.223214,0.100000,0.020000,1,0.955340
9.616067,29.907602,0.219642,13.145069,-21.147863,-35.036858,0.000000,0.000000,0.000000,0.391489,-0.504781,0.769372,0.100000,0.020000,1,0.884673
9.941721,30.230988,-0.104535,72.011436,-2.974387,34.515907,0.000000,0.000000,0.000000,0.774198,-0.421532,-0.472154,0.100000,0.020000,1,0.714980
9.613529,30.249155,0.151311,6.196118,-4.937480,0.085915,0.000000,0.000000,0.000000,0.888197,-0.374009,0.266876,0.100000,0.020000,1,0.430925
9.954502,30.279593,0.346216,100.914581,-16.168379,166.169357,0.000000,0.000000,0.000000,0.871984,-0.345965,-0.346340,0.100000,0.020000,1,0.102414
9.746262,30.137581,0.500824,-423.483185,80.433647,-159.220978,0.000000,0.000000,0.000000,0.631901,-0.417955,0.652698,0.100000,0.020000,1,0.410195
9.482446,30.192513,0.220288,-20.927872,-30.109045,0.530370,0.000000,0.000000,0.000000,0.864323,-0.329880,0.379638,0.100000,0.020000,1,0.385912
9.386764,30.785917,-0.057172,22.664495,236.788361,29.840897,0.000000,0.000000,0.000000,0.512403,-0.430590,-0.742991,0.100000,0.020000,1,0.677414
9.568444,30.137785,0.383258,48.532684,115.481697,-112.138191,0.000000,0.000000,0.000000,0.769951,-0.346218,0.536012,0.100000,0.020000,1,0.414974
9.606612,30.324100,0.094676,-57.769375,35.869671,-151.343170,0.000000,0.000000,0.000000,0.966400,-0.239919,-0.092250,0.100000,0.020000,1,0.754723
9.536157,30.480639,-0.174391,3.939346,-119.919388,135.624893,0.000000,0.000000,0.000000,0.975991,-0.217553,0.010598,0.100000,0.020000,1,0.177038
10.495560,31.071575,-0.022390,292.967529,238.908615,-9.231084,0.000000,0.000000,0.000000,0.967640,-0.208410,0.142261,0.100000,0.020000,1,0.944866
9.550055,30.582909,-0.283241,11.524088,88.422493,-10.808147,0.000000,0.000000,0.000000,0.726437,-0.297634,-0.619438,0.100000,0.020000,1,0.949241
9.161453,29.871643,0.177354,48.707409,11.730075,-213.962952,0.000000,0.000000,0.000000,0.954980,-0.187418,-0.229972,0.100000,0.020000,1,0.727222
9.691250,30.585564,0.321089,45.971027,23.485334,34.741146,0.000000,0.000000,0.000000,0.940761,-0.192561,0.279086,0.100000,0.020000,1,0.205367
9.274520,29.734051,-0.536565,-7.218249,30.430155,148.488846,0.000000,0.000000,0.000000,0.834170,-0.243975,-0.494607,0.100000,0.020000,1,0.340605
9.846081,30.268185,0.674155,62.244617,24.078527,47.369831,0.000000,0.000000,0.000000,0.493164,-0.396702,0.774220,0.100000,0.020000,1,0.214862
9.458913,30.357533,0.504640,-33.966957,16.255293,48.973057,0.000000,0.000000,0.000000,0.707799,-0.288140,0.644978,0.100000,0.020000,1,0.900396
9.749907,29.540424,-0.771114,45.803921,-190.583527,-104.928261,0.000000,0.000000,0.000000,0.596532,-0.344026,-0.725118,0.100000,0.020000,1,0.443024
9.473849,30.451897,0.327515,37.870937,-106.861916,-27.696188,0.000000,0.000000,0.000000,0.828004,-0.205377,0.521757,0.100000,0.020000,1,0.374624
9.455581,30.051043,0.331680,13.022379,12.383774,-108.824089,0.000000,0.000000,0.000000,0.908115,-0.136738,0.395766,0.100000,0.020000,1,0.584503
9.616965,30.403955,-0.267555,22.639914,0.831730,-9.583682,0.000000,0.000000,0.000000,0.928871,-0.134233,-0.345224,0.100000,0.020000,1,0.281804
8.010510,30.465452,-0.330115,-275.269867,151.388611,24.220938,0.000000,0.000000,0.000000,0.785397,-0.190470,-0.588959,0.100000,0.020000,1,0.902702
9.463288,30.340204,-0.002744,-64.240814,176.396469,-411.955719,0.000000,0.000000,0.000000,0.993046,-0.057288,-0.102845,0.100000,0.020000,1,0.407451
9.397137,30.482111,-0.118441,43.379440,34.774029,19.900200,0.000000,0.000000,0.000000,0.878243,-0.101036,-0.467419,0.100000,0.020000,1,0.339522
9.436438,30.400042,-0.059179,46.349819,-14.444745,64.478012,0.000000,0.000000,0.000000,0.999628,-0.026066,0.008058,0.100000,0.020000,1,0.783722
9.492055,30.457664,0.189125,9.583890,-43.624218,-195.182480,0.000000,0.000000,0.000000,0.990627,-0.032731,0.132612,0.100000,0.020000,1,0.988926
9.463791,30.134272,0.114544,-150.200745,-187.573151,238.003525,0.000000,0.000000,0.000000,0.757647,-0.168144,0.630633,0.100000,0.020000,1,0.512554
9.985756,30.349953,-0.052144,105.551323,-20.810234,17.918951,0.000000,0.000000,0.000000,0.968864,-0.013909,-0.247201,0.100000,0.020000,1,0.591723
9.616653,30.552549,-0.838116,36.973621,67.214371,-109.983253,0.000000,0.000000,0.000000,0.670671,-0.228178,-0.705787,0.100000,0.020000,1,0.470730
8.915793,29.516577,-0.014973,44.010490,47.074165,-3.027054,0.000000,0.000000,0.000000,0.965860,0.019176,0.258352,0.100000,0.020000,1,0.939217
9.613594,30.819550,0.764790,41.480129,93.097382,109.226784,0.000000,0.000000,0.000000,0.855056,-0.043552,0.516704,0.100000,0.020000,1,0.749490
9.495547,30.092623,0.494842,23.176502,70.102196,-84.314346,0.000000,0.000000,0.000000,0.568256,-0.284771,0.772004,0.100000,0.020000,1,0.785998
9.374829,31.547777,-0.262232,114.370399,518.873413,73.153458,0.000000,0.000000,0.000000,0.925197,0.040677,0.377301,0.100000,0.020000,1,0.792198
8.800636,30.424459,-1.130058,-156.923630,39.432995,-332.784729,0.000000,0.000000,0.000000,0.931517,0.049292,-0.360341,0.100000,0.020000,1,0.551204
8.280222,30.467388,-0.172661,-313.128296,35.840660,-58.065105,0.000000,0.000000,0.000000,0.991265,0.130549,0.018715,0.100000,0.020000,1,0.044361
9.502650,30.214809,-0.130883,20.594818,-20.307487,41.305538,0.000000,0.000000,0.000000,0.795732,-0.027306,-0.605034,0.100000,0.020000,1,0.665896
9.586395,30.153658,0.378868,-174.089645,-114.474174,109.328346,0.000000,0.000000,0.000000,0.627521,-0.182758,0.756846,0.100000,0.020000,1,0.785052
9.536626,30.642529,0.804836,56.537189,75.725296,234.651505,0.000000,0.000000,0.000000,0.974624,0.183011,0.128902,0.100000,0.020000,1,0.465177
9.362784,30.244642,-0.371327,3.856771,-45.804214,-130.964096,0.000000,0.000000,0.000000,0.976532,0.191124,-0.099282,0.100000,0.020000,1,0.029389
9.268174,30.006100,-0.526895,-44.058201,54.831512,382.728638,0.000000,0.000000,0.000000,0.870205,0.103253,-0.481749,0.100000,0.020000,1,0.430607
9.705732,31.839859,-0.789650,97.000595,390.458557,-164.316147,0.000000,0.000000,0.000000,0.949824,0.202374,-0.238492,0.100000,0.020000,1,0.912248
9.351508,30.480305,0.188471,1.926503,-35.891705,-17.730974,0.000000,0.000000,0.000000,0.936727,0.213542,0.277385,0.100000,0.020000,1,0.666958
9.133772,30.054678,-0.161455,-33.683456,-53.284325,-135.448547,0.000000,0.000000,0.000000,0.850478,0.120738,0.511966,0.100000,0.020000,1,0.968729
10.048471,30.198038,-1.708198,189.717819,-34.327740,-628.271301,0.000000,0.000000,0.000000,0.756217,0.009711,0.654249,0.100000,0.020000,1,0.579313
9.354104,30.881592,0.009653,13.089559,86.579147,41.973064,0.000000,0.000000,0.000000,0.910108,0.218680,-0.351969,0.100000,0.020000,1,0.983387
8.684280,30.681393,-0.035677,-152.994995,53.291969,-79.238472,0.000000,0.000000,0.000000,0.894119,0.230278,0.384088,0.100000,0.020000,1,0.148335
8.608252,30.324482,0.354802,-173.911880,5.324557,153.258911,0.000000,0.000000,0.000000,0.669411,-0.068035,-0.739771,0.100000,0.020000,1,0.180658
9.388997,30.225590,-0.144007,54.629501,54.988335,-38.811577,0.000000,0.000000,0.000000,0.933793,0.339103,-0.114189,0.100000,0.020000,1,0.790056
9.283599,30.458067,-0.405709,14.769320,-31.734062,157.702759,0.000000,0.000000,0.000000,0.851277,0.250570,-0.461022,0.100000,0.020000,1,0.246605
9.775805,30.798370,-1.441403,144.538513,58.862316,-314.156830,0.000000,0.000000,0.000000,0.909254,0.350872,-0.223932,0.100000,0.020000,1,0.339162
9.530950,30.660421,0.185271,67.521416,30.949423,41.753410,0.000000,0.000000,0.000000,0.929082,0.369793,0.007755,0.100000,0.020000,1,0.280302
8.983467,30.840437,0.124998,-82.926712,99.676239,9.808427,0.000000,0.000000,0.000000,0.918327,0.368268,0.145100,0.100000,0.020000,1,0.516804
9.277530,30.201824,0.299277,-149.049728,36.804932,9.982441,0.000000,0.000000,0.000000,0.892965,0.368039,0.259154,0.100000,0.020000,1,0.618322
8.478344,29.769136,-2.125109,-70.741386,126.501419,-446.051361,0.000000,0.000000,0.000000,0.693298,0.055073,-0.718543,0.100000,0.020000,1,0.629274
9.338873,30.385448,-0.335902,-3.881923,-18.895348,3.513874,0.000000,0.000000,0.000000,0.764968,0.177187,-0.619217,0.100000,0.020000,1,0.097622
9.420395,30.280396,0.319552,-103.937279,60.438686,78.682533,0.000000,0.000000,0.000000,0.750604,0.183987,0.634619,0.100000,0.020000,1,0.133252
9.161020,30.131954,0.345604,-170.167297,-232.240509,44.389690,0.000000,0.000000,0.000000,0.799497,0.272404,0.535351,0.100000,0.020000,1,0.211455
9.931832,31.954735,0.016740,241.661774,460.641541,-6.861069,0.000000,0.000000,0.000000,0.856768,0.388101,-0.339598,0.100000,0.020000,1,0.254132
9.131323,29.392139,0.157124,191.458359,-76.236710,54.666409,0.000000,0.000000,0.000000,0.843562,0.378027,0.381444,0.100000,0.020000,1,0.264921
9.409661,30.183584,0.446376,31.321484,-47.482525,-42.188965,0.000000,0.000000,0.000000,0.633414,-0.040684,0.772743,0.100000,0.020000,1,0.078433
9.089883,31.038500,0.593714,-95.153038,168.805130,248.780930,0.000000,0.000000,0.000000,0.853848,0.508254,-0.112345,0.100000,0.020000,1,0.957931
8.962329,30.320614,0.036064,-12.334962,-65.246849,-491.990723,0.000000,0.000000,0.000000,0.857323,0.514352,0.020965,0.100000,0.020000,1,0.271768
9.708035,30.546246,-0.529821,166.454010,61.207855,-136.297668,0.000000,0.000000,0.000000,0.840049,0.526634,0.130286,0.100000,0.020000,1,0.774133
9.259674,30.171780,-0.030076,-527.902405,-204.508911,-402.242859,0.000000,0.000000,0.000000,0.743336,0.311096,-0.592175,0.100000,0.020000,1,0.185880
9.640192,30.164547,-0.308265,101.962402,-42.951561,-4.160272,0.000000,0.000000,0.000000,0.769472,0.420040,-0.481124,0.100000,0.020000,1,0.620965
8.822468,30.501942,-0.801481,-58.641716,10.026386,-150.672638,0.000000,0.000000,0.000000,0.810214,0.542246,-0.222540,0.100000,0.020000,1,0.361350
9.404731,30.407175,-0.551309,-123.283669,-90.695343,173.701660,0.000000,0.000000,0.000000,0.677277,0.204197,-0.706824,0.100000,0.020000,1,0.913470
9.383479,30.369722,0.360112,-210.457626,57.840195,-170.835098,0.000000,0.000000,0.000000,0.749897,0.412779,0.516981,0.100000,0.020000,1,0.432821
9.021956,30.546804,0.355378,-14.598326,15.145576,40.973587,0.000000,0.000000,0.000000,0.793732,0.542709,0.274691,0.100000,0.020000,1,0.379337
9.340462,30.289953,0.413849,57.756531,9.024969,50.124462,0.000000,0.000000,0.000000,0.631773,0.068681,0.772104,0.100000,0.020000,1,0.024243
8.814332,30.078615,-1.089205,-78.938339,-104.883163,-245.594620,0.000000,0.000000,0.000000,0.766223,0.536076,-0.354295,0.100000,0.020000,1,0.747537
9.101280,30.390701,0.184088,8.793143,97.976707,63.594883,0.000000,0.000000,0.000000,0.745358,0.541590,0.388745,0.100000,0.020000,1,0.057912
8.600187,30.149509,0.559745,-46.675079,-105.971207,69.211647,0.000000,0.000000,0.000000,0.686754,0.319784,0.652769,0.100000,0.020000,1,0.593928
9.110067,30.575352,-0.205327,22.318586,24.240629,-45.920689,0.000000,0.000000,0.000000,0.723842,0.684086,-0.089879,0.100000,0.020000,1,0.175339
8.773458,29.931107,0.835286,98.281372,-10.148785,200.904327,0.000000,0.000000,0.000000,0.723256,0.690566,0.004357,0.100000,0.020000,1,0.987582
8.813572,29.738506,-0.195744,-24.563911,63.549801,130.770111,0.000000,0.000000,0.000000,0.664987,0.451128,-0.595211,0.100000,0.020000,1,0.617649
9.153452,30.388704,-0.201619,-22.271799,8.737185,-32.943394,0.000000,0.000000,0.000000,0.680836,0.568487,-0.461828,0.100000,0.020000,1,0.638995
8.837163,29.778591,-0.148567,150.838242,-21.444206,-71.228012,0.000000,0.000000,0.000000,0.697968,0.677965,-0.230660,0.100000,0.020000,1,0.719310
8.990238,30.161343,0.009650,67.395859,-24.870935,-2.532318,0.000000,0.000000,0.000000,0.701242,0.698797,0.141219,0.100000,0.020000,1,0.604102
9.148791,30.369904,-0.388652,-81.648537,-92.190727,57.291897,0.000000,0.000000,0.000000,0.627198,0.316379,-0.711707,0.100000,0.020000,1,0.985199
9.105095,30.495672,1.130216,-61.272171,51.335094,164.227295,0.000000,0.000000,0.000000,0.624057,0.213455,0.751658,0.100000,0.020000,1,0.173608
9.018122,30.476288,0.099527,-33.339321,5.061645,13.034035,0.000000,0.000000,0.000000,0.674553,0.693993,0.251699,0.100000,0.020000,1,0.482897
9.162484,30.440483,0.422049,12.334956,9.969141,13.052204,0.000000,0.000000,0.000000,0.645771,0.447102,0.618934,0.100000,0.020000,1,0.246382
8.876367,30.828619,-0.243418,-70.074821,109.903297,-158.918991,0.000000,0.000000,0.000000,0.640222,0.572628,0.512067,0.100000,0.020000,1,0.643938
9.444000,30.587101,0.244817,140.988647,93.236824,56.973721,0.000000,0.000000,0.000000,0.648471,0.683654,-0.334817,0.100000,0.020000,1,0.182538
8.924149,30.249939,-0.135986,-46.338627,-22.807516,-129.929611,0.000000,0.000000,0.000000,0.596374,0.306757,0.741780,0.100000,0.020000,1,0.376879
8.656013,30.617184,0.746542,-75.678055,51.146961,110.042946,0.000000,0.000000,0.000000,0.603862,0.690885,0.397529,0.100000,0.020000,1,0.499686
8.933120,30.495279,-0.132715,2.829454,11.872651,-26.962378,0.000000,0.000000,0.000000,0.584287,0.811009,0.029568,0.100000,0.020000,1,0.612558
9.287713,29.706270,-0.279305,133.671783,-83.856255,-47.983318,0.000000,0.000000,0.000000,0.562512,0.814285,0.143246,0.100000,0.020000,1,0.172419
8.958962,30.436792,-0.308508,51.400967,-35.831154,32.722939,0.000000,0.000000,0.000000,0.566323,0.675662,-0.471973,0.100000,0.020000,1,0.966248
9.009725,30.354923,-0.403282,244.810089,-8.452182,282.523102,0.000000,0.000000,0.000000,0.566756,0.575562,-0.589505,0.100000,0.020000,1,0.175731
8.992149,29.918427,-0.235504,42.661072,-172.739548,-37.525101,0.000000,0.000000,0.000000,0.559052,0.820466,-0.119569,0.100000,0.020000,1,0.805083
9.067537,30.359064,0.219570,20.471180,46.431400,-64.338570,0.000000,0.000000,0.000000,0.530987,0.800301,0.278516,0.100000,0.020000,1,0.971760
8.951210,30.410799,0.357004,-2.578665,12.433716,15.872755,0.000000,0.000000,0.000000,0.539147,0.676237,0.502020,0.100000,0.020000,1,0.260103
9.372546,30.642506,1.146115,95.888672,51.290104,310.648956,0.000000,0.000000,0.000000,0.532219,0.810846,-0.243456,0.100000,0.020000,1,0.360157
9.848942,30.285881,1.110679,274.639160,-23.961199,209.531113,0.000000,0.000000,0.000000,0.536099,0.563646,0.628412,0.100000,0.020000,1,0.966492
8.200935,30.223652,-0.204943,-610.807434,382.313416,-170.582382,0.000000,0.000000,0.000000,0.511006,0.793239,-0.331127,0.100000,0.020000,1,0.457649
9.374373,29.723394,-0.104450,-287.040649,215.639297,-13.307099,0.000000,0.000000,0.000000,0.486620,0.787959,0.377256,0.100000,0.020000,1,0.666053
8.713797,30.140909,-1.697511,-119.407509,-50.521049,-369.483612,0.000000,0.000000,0.000000,0.525021,0.433502,-0.732413,0.100000,0.020000,1,0.713091
8.450781,29.947409,0.970882,-50.188503,59.041039,239.231003,0.000000,0.000000,0.000000,0.423290,0.905655,0.024798,0.100000,0.020000,1,0.642251
8.696294,30.626120,0.332935,-48.760414,171.040070,154.445221,0.000000,0.000000,0.000000,0.425351,0.767120,-0.480212,0.100000,0.020000,1,0.138768
8.945701,30.401258,0.071899,-36.848087,-40.516537,1.015451,0.000000,0.000000,0.000000,0.390580,0.911837,0.126496,0.100000,0.020000,1,0.805778
8.817117,30.461231,-0.044913,35.428761,-125.195122,-19.630680,0.000000,0.000000,0.000000,0.395293,0.910698,-0.119881,0.100000,0.020000,1,0.864778
8.731336,29.769896,-0.115877,-30.475603,62.086884,-168.901031,0.000000,0.000000,0.000000,0.431566,0.676213,-0.597065,0.100000,0.020000,1,0.733027
8.775362,30.209774,0.269564,19.314253,7.376059,-98.297729,0.000000,0.000000,0.000000,0.373235,0.887860,0.269072,0.100000,0.020000,1,0.346211
9.383169,30.600512,-0.435503,175.975082,23.901695,-228.303253,0.000000,0.000000,0.000000,0.435088,0.660019,0.612433,0.100000,0.020000,1,0.937683
9.010526,30.250067,0.023869,-98.808075,-10.534719,-118.085045,0.000000,0.000000,0.000000,0.375530,0.902395,-0.211334,0.100000,0.020000,1,0.777304
8.968846,30.224014,-0.660228,47.338673,34.122337,-76.715637,0.000000,0.000000,0.000000,0.452502,0.544392,-0.706314,0.100000,0.020000,1,0.570037
9.836230,32.291142,2.107840,77.417175,544.619507,626.752075,0.000000,0.000000,0.000000,0.485036,0.428574,0.762276,0.100000,0.020000,1,0.905611
9.250116,31.130245,0.843486,110.354103,209.561493,130.795242,0.000000,0.000000,0.000000,0.361248,0.781150,0.509219,0.100000,0.020000,1,0.634556
9.882729,31.239531,1.605802,277.240356,265.613800,353.281677,0.000000,0.000000,0.000000,0.306369,0.864926,0.397543,0.100000,0.020000,1,0.429189
8.791632,30.336151,-0.183124,304.509583,-253.881943,-287.192780,0.000000,0.000000,0.000000,0.303452,0.883787,-0.356143,0.100000,0.020000,1,0.365667
8.366296,31.642078,-0.858502,-69.252472,451.680450,-273.972290,0.000000,0.000000,0.000000,0.212410,0.977156,0.006921,0.100000,0.020000,1,0.867074
8.810147,29.923630,-0.066517,216.777039,-268.666626,-180.047607,0.000000,0.000000,0.000000,0.214139,0.969928,-0.115688,0.100000,0.020000,1,0.501979
9.132767,30.664513,-0.157697,19.778122,127.285736,-11.335888,0.000000,0.000000,0.000000,0.212607,0.967601,0.136187,0.100000,0.020000,1,0.711637
9.019379,31.178946,-0.564487,64.990440,247.963074,-73.941254,0.000000,0.000000,0.000000,0.248010,0.840950,-0.480931,0.100000,0.020000,1,0.023900
9.736494,30.497515,0.394778,185.457779,54.848225,249.244568,0.000000,0.000000,0.000000,0.355026,0.618351,-0.701141,0.100000,0.020000,1,0.210245
8.353809,29.996696,-0.091109,-269.910461,-67.169571,-139.575714,0.000000,0.000000,0.000000,0.408750,0.505993,0.759535,0.100000,0.020000,1,0.234168
8.572260,30.270546,-0.153414,138.879715,-67.170219,-14.573031,0.000000,0.000000,0.000000,0.202186,0.948238,-0.244877,0.100000,0.020000,1,0.554422
8.717514,30.279108,0.125962,-24.831547,-0.351612,-32.751686,0.000000,0.000000,0.000000,0.255067,0.828151,0.499106,0.100000,0.020000,1,0.661573
8.897338,30.318048,-0.323798,44.416981,-162.254944,-17.428942,0.000000,0.000000,0.000000,0.279030,0.744563,-0.606439,0.100000,0.020000,1,0.067418
9.052102,30.071329,0.532904,73.185982,-25.890839,47.613323,0.000000,0.000000,0.000000,0.274810,0.714942,0.642913,0.100000,0.020000,1,0.340045
8.764208,30.371971,-0.090941,107.127678,-59.187401,-693.595764,0.000000,0.000000,0.000000,0.158705,0.929056,-0.334169,0.100000,0.020000,1,0.551985
8.758423,30.323156,0.025073,51.296814,-106.296974,124.126854,0.000000,0.000000,0.000000,0.129247,0.954848,0.267507,0.100000,0.020000,1,0.273288
8.559320,30.946177,-0.106508,-61.001381,205.687332,-77.727699,0.000000,0.000000,0.000000,0.138345,0.911634,0.387019,0.100000,0.020000,1,0.312513
8.658033,29.894585,-0.395561,15.469539,21.197559,0.216534,0.000000,0.000000,0.000000,0.188725,0.788142,-0.585845,0.100000,0.020000,1,0.612428
8.862355,30.264025,-0.039839,-1.514726,74.594513,9.975817,0.000000,0.000000,0.000000,0.051786,0.998646,0.004887,0.100000,0.020000,1,0.758706
8.315712,30.420963,-0.089000,-115.630226,62.250751,-41.055569,0.000000,0.000000,0.000000,0.033343,0.988866,0.145021,0.100000,0.020000,1,0.768495
8.659455,30.278141,-0.061655,218.953323,-140.473343,52.757023,0.000000,0.000000,0.000000,0.025209,0.993126,-0.114306,0.100000,0.020000,1,0.989800
8.362097,30.389027,-0.045319,-167.979935,32.416142,-92.003632,0.000000,0.000000,0.000000,0.297695,0.589611,0.750824,0.100000,0.020000,1,0.506311
8.913324,30.236576,-0.340564,-206.478256,-133.630997,304.570587,0.000000,0.000000,0.000000,0.091377,0.868719,-0.486804,0.100000,0.020000,1,0.536194
8.191606,30.261103,-0.220766,-90.876755,73.242035,-27.996237,0.000000,0.000000,0.000000,0.017135,0.970602,-0.240081,0.100000,0.020000,1,0.466702
8.726324,30.160101,0.269890,29.107037,-25.154089,-463.360138,0.000000,0.000000,0.000000,0.013779,0.965870,0.258661,0.100000,0.020000,1,0.499118
8.969323,30.171492,0.270579,-74.700996,9.073033,59.074005,0.000000,0.000000,0.000000,0.145820,0.762285,0.630602,0.100000,0.020000,1,0.391175
8.522673,29.743544,-0.725931,26.019289,44.857384,-262.840820,0.000000,0.000000,0.000000,0.078091,0.855320,0.512182,0.100000,0.020000,1,0.156927
9.099408,29.814110,0.880207,104.881386,-114.352608,332.830597,0.000000,0.000000,0.000000,-0.052047,0.936981,-0.345482,0.100000,0.020000,1,0.693109
8.927854,30.207096,-0.451114,16.201376,-16.160154,40.014412,0.000000,0.000000,0.000000,0.183977,0.662689,-0.725945,0.100000,0.020000,1,0.525145
8.938638,30.112928,0.183901,1.142972,51.519897,-56.841637,0.000000,0.000000,0.000000,-0.061881,0.910401,0.409073,0.100000,0.020000,1,0.215173
8.776093,30.067654,0.103785,-5.061473,-28.413481,-105.903084,0.000000,0.000000,0.000000,-0.160069,0.981201,-0.107804,0.100000,0.020000,1,0.230290
9.600932,29.121008,-1.031807,348.535522,-121.975296,-278.731476,0.000000,0.000000,0.000000,-0.164328,0.985753,0.035891,0.100000,0.020000,1,0.460050
8.595368,30.107294,0.104646,44.017094,-18.912891,-10.896142,0.000000,0.000000,0.000000,-0.186806,0.973154,0.134444,0.100000,0.020000,1,0.806402
8.792519,30.210217,-0.580034,8.078006,13.030734,-56.323296,0.000000,0.000000,0.000000,-0.005233,0.808687,-0.588216,0.100000,0.020000,1,0.195994
8.809814,30.119347,-0.191330,10.270356,3.361327,6.535216,0.000000,0.000000,0.000000,-0.095771,0.885739,-0.454197,0.100000,0.020000,1,0.882105
7.713730,30.210585,-0.599280,-132.790039,127.084221,-118.990891,0.000000,0.000000,0.000000,-0.169051,0.956968,-0.235868,0.100000,0.020000,1,0.270440
9.015015,29.959084,-0.176812,52.087936,-61.808483,64.908585,0.000000,0.000000,0.000000,0.091377,0.698404,-0.709846,0.100000,0.020000,1,0.450010
8.841965,30.088741,0.551934,83.972168,-31.592810,-65.619926,0.000000,0.000000,0.000000,0.189000,0.622310,0.759611,0.100000,0.020000,1,0.004615
8.611971,29.691984,0.833440,37.381756,68.134636,75.958260,0.000000,0.000000,0.000000,-0.187580,0.942448,0.276778,0.100000,0.020000,1,0.969712
8.838003,30.075377,0.222881,74.636307,36.925545,7.375019,0.000000,0.000000,0.000000,-0.122860,0.861162,0.493260,0.100000,0.020000,1,0.435890
9.025065,29.958252,0.199149,91.352379,-319.024689,-225.261902,0.000000,0.000000,0.000000,-0.019986,0.778539,0.627278,0.100000,0.020000,1,0.810386
7.670759,30.388031,-1.633180,-250.090027,155.212418,-419.914154,0.000000,0.000000,0.000000,-0.218418,0.910058,-0.352262,0.100000,0.020000,1,0.358354
10.807459,30.753269,0.945446,603.038086,219.467178,196.118668,0.000000,0.000000,0.000000,-0.260944,0.890802,0.371995,0.100000,0.020000,1,0.204366
8.154795,31.313543,1.549583,-129.615448,344.043243,448.346130,0.000000,0.000000,0.000000,-0.344702,0.933123,-0.102284,0.100000,0.020000,1,0.502191
8.188625,29.936407,-0.019925,1.864817,64.471870,-31.272921,0.000000,0.000000,0.000000,-0.360254,0.920138,0.153501,0.100000,0.020000,1,0.834525
8.548858,29.893227,-0.513451,74.744598,-38.868546,237.918701,0.000000,0.000000,0.000000,-0.154695,0.788072,-0.595829,0.100000,0.020000,1,0.898249
8.595594,30.002508,0.017455,2.304181,7.514843,14.555366,0.000000,0.000000,0.000000,-0.345759,0.906875,-0.240891,0.100000,0.020000,1,0.669652
8.875889,30.131079,-0.437641,-49.788273,-71.857208,73.752762,0.000000,0.000000,0.000000,-0.057566,0.713088,-0.698707,0.100000,0.020000,1,0.652678
8.854812,29.937075,-0.170836,-68.870827,14.107495,-158.057953,0.000000,0.000000,0.000000,-0.262577,0.834603,-0.484243,0.100000,0.020000,1,0.989854
8.658212,29.759436,0.589486,-120.574684,98.142883,-276.667297,0.000000,0.000000,0.000000,0.045472,0.653624,0.755452,0.100000,0.020000,1,0.798490
9.968588,29.717733,0.128599,292.649841,29.436947,0.205043,0.000000,0.000000,0.000000,-0.366289,0.893748,0.258933,0.100000,0.020000,1,0.752651
8.925067,29.817587,1.646702,-36.824089,-69.503784,306.477814,0.000000,0.000000,0.000000,-0.263661,0.829222,0.492823,0.100000,0.020000,1,0.910846
8.852643,30.122051,-0.134460,-143.590759,7.078330,-522.027832,0.000000,0.000000,0.000000,-0.396027,0.851035,-0.344821,0.100000,0.020000,1,0.817570
8.796104,29.954803,0.251167,-170.699738,118.873207,138.030029,0.000000,0.000000,0.000000,-0.167008,0.741982,0.649285,0.100000,0.020000,1,0.035403
9.903008,29.758791,-0.418827,299.010986,-51.991623,-109.568146,0.000000,0.000000,0.000000,-0.430751,0.902176,0.023045,0.100000,0.020000,1,0.020222
8.618314,29.989695,-0.078633,-7.831324,3.467855,-78.040367,0.000000,0.000000,0.000000,-0.400255,0.827686,0.393361,0.100000,0.020000,1,0.140431
7.127542,31.110098,0.642765,-547.254456,317.190826,4.116004,0.000000,0.000000,0.000000,-0.492835,0.870112,0.004256,0.100000,0.020000,1,0.466691
8.792684,30.012413,0.497635,35.033978,-14.285098,-43.527409,0.000000,0.000000,0.000000,-0.066980,0.669511,0.739776,0.100000,0.020000,1,0.599553
8.514114,30.276171,1.565896,-58.992748,123.058014,471.945068,0.000000,0.000000,0.000000,-0.507734,0.850618,0.136588,0.100000,0.020000,1,0.697980
8.761002,29.605942,-0.365491,-281.721222,162.826324,27.629986,0.000000,0.000000,0.000000,-0.313681,0.751345,-0.580590,0.100000,0.020000,1,0.619837
10.680298,31.989403,-0.434737,607.262878,636.086243,-148.264282,0.000000,0.000000,0.000000,-0.536700,0.838344,-0.095560,0.100000,0.020000,1,0.983260
9.247472,30.685692,-1.593332,151.100204,150.272141,-497.857666,0.000000,0.000000,0.000000,-0.535221,0.812244,-0.231946,0.100000,0.020000,1,0.499193
8.754188,29.932543,-0.535728,27.569366,-9.014117,157.710312,0.000000,0.000000,0.000000,-0.202236,0.679725,-0.705035,0.100000,0.020000,1,0.693851
8.473690,29.934908,-0.278455,-4.949189,21.513088,25.923550,0.000000,0.000000,0.000000,-0.440390,0.769450,-0.462605,0.100000,0.020000,1,0.168239
8.645279,29.911434,0.371902,260.992889,-127.286667,-71.590691,0.000000,0.000000,0.000000,-0.435491,0.753933,0.491866,0.100000,0.020000,1,0.407815
8.674994,29.697746,0.387216,60.887680,-22.382254,-11.375799,0.000000,0.000000,0.000000,-0.308269,0.715896,0.626469,0.100000,0.020000,1,0.098897
8.602722,29.834469,-0.167865,-183.493011,72.410698,540.666565,0.000000,0.000000,0.000000,-0.552423,0.789119,0.268551,0.100000,0.020000,1,0.534011
8.625872,29.803867,-0.139245,116.838326,-106.406013,18.106602,0.000000,0.000000,0.000000,-0.563897,0.745290,-0.355756,0.100000,0.020000,1,0.591640
9.773802,29.074060,-0.055190,-20.456432,27.827772,-90.170189,0.000000,0.000000,0.000000,-0.549222,0.746333,0.375955,0.100000,0.020000,1,0.196443
9.306284,29.504534,-0.342273,137.860214,-151.802475,-50.866947,0.000000,0.000000,0.000000,-0.414916,0.708734,-0.570562,0.100000,0.020000,1,0.580554
8.865389,30.155766,0.404709,9.226421,-71.410904,-8.604925,0.000000,0.000000,0.000000,-0.187545,0.634230,0.750053,0.100000,0.020000,1,0.980112
8.558002,29.780869,0.113272,154.126892,-86.717789,12.993836,0.000000,0.000000,0.000000,-0.682035,0.717293,0.142546,0.100000,0.020000,1,0.900023
9.064696,29.610729,-0.567150,57.624226,-25.735699,-55.478870,0.000000,0.000000,0.000000,-0.550730,0.698618,-0.456760,0.100000,0.020000,1,0.685335
8.644239,29.788578,-0.338666,206.852722,-245.668320,541.155029,0.000000,0.000000,0.000000,-0.679079,0.695652,-0.234347,0.100000,0.020000,1,0.203306
10.554922,28.570221,-0.205829,498.700348,-285.605804,75.969337,0.000000,0.000000,0.000000,-0.697166,0.709185,-0.104958,0.100000,0.020000,1,0.058186
8.411517,29.807720,0.090577,309.324188,-171.093140,-9.733245,0.000000,0.000000,0.000000,-0.702707,0.710855,0.029788,0.100000,0.020000,1,0.081190
8.745070,29.700684,0.523032,104.669174,-55.633739,-105.117706,0.000000,0.000000,0.000000,-0.538155,0.671437,0.509471,0.100000,0.020000,1,0.100499
9.090781,29.626991,0.859142,74.510895,-30.021170,96.167618,0.000000,0.000000,0.000000,-0.425994,0.656574,0.622446,0.100000,0.020000,1,0.516955
9.456634,29.902857,-2.248083,198.776154,32.855652,-586.420532,0.000000,0.000000,0.000000,-0.692930,0.668238,0.270751,0.100000,0.020000,1,0.974660
8.808173,29.970453,-0.458670,13.379623,-17.252335,33.169052,0.000000,0.000000,0.000000,-0.300569,0.627885,-0.717927,0.100000,0.020000,1,0.768393
8.340480,30.193558,0.215801,-79.220039,69.015160,-1.648072,0.000000,0.000000,0.000000,-0.666636,0.647699,0.368894,0.100000,0.020000,1,0.815735
9.126118,30.003181,-0.683285,123.725945,36.694824,-153.480942,0.000000,0.000000,0.000000,-0.681669,0.649654,-0.336567,0.100000,0.020000,1,0.418010
8.603861,30.027620,0.408279,306.835724,-219.865860,-255.262299,0.000000,0.000000,0.000000,-0.328113,0.608318,0.722697,0.100000,0.020000,1,0.622883
8.652451,29.781994,-0.134213,-39.959518,-305.885193,428.656708,0.000000,0.000000,0.000000,-0.792552,0.603122,-0.090024,0.100000,0.020000,1,0.081108
8.547199,30.032640,-0.136108,-40.746517,76.283669,-17.909504,0.000000,0.000000,0.000000,-0.798522,0.601691,0.018172,0.100000,0.020000,1,0.463257
10.373796,28.674795,1.710285,484.044128,-228.078262,365.818817,0.000000,0.000000,0.000000,-0.549558,0.580546,0.600793,0.100000,0.020000,1,0.733854
8.667760,30.107624,-0.394965,359.225464,-932.467102,228.570694,0.000000,0.000000,0.000000,-0.564641,0.578881,-0.588283,0.100000,0.020000,1,0.345217
8.860459,29.769016,-0.272457,-123.116280,-98.323311,9.393420,0.000000,0.000000,0.000000,-0.666415,0.580240,-0.468202,0.100000,0.020000,1,0.711372
8.116699,30.032255,-0.270000,-134.388046,80.651535,-84.481850,0.000000,0.000000,0.000000,-0.802879,0.581994,0.129106,0.100000,0.020000,1,0.403417
9.769902,29.684328,1.197168,215.994080,58.813671,399.631226,0.000000,0.000000,0.000000,-0.799658,0.556703,-0.225008,0.100000,0.020000,1,0.104194
8.797506,29.848236,-0.399071,7.117338,3.194540,-7.591070,0.000000,0.000000,0.000000,-0.447534,0.571079,-0.688173,0.100000,0.020000,1,0.813288
8.590573,29.900440,0.405210,-102.851204,-113.484833,-22.257580,0.000000,0.000000,0.000000,-0.667051,0.563120,0.487789,0.100000,0.020000,1,0.252480
8.741879,29.868475,0.448149,63.851753,-32.653709,87.024361,0.000000,0.000000,0.000000,-0.413597,0.558764,0.718832,0.100000,0.020000,1,0.408562
8.683043,30.343824,-0.208064,10.204703,182.896255,-105.862656,0.000000,0.000000,0.000000,-0.810589,0.531955,0.244886,0.100000,0.020000,1,0.460800
8.722394,29.872883,0.172739,94.957359,-351.033417,84.465118,0.000000,0.000000,0.000000,-0.779976,0.507964,0.365528,0.100000,0.020000,1,0.043049
10.305225,28.736773,-1.122323,355.232147,-198.309372,-316.321381,0.000000,0.000000,0.000000,-0.803847,0.485474,-0.343722,0.100000,0.020000,1,0.614931
8.457758,29.781021,-0.247839,-163.771057,114.379295,-353.785278,0.000000,0.000000,0.000000,-0.899041,0.437790,0.008058,0.100000,0.020000,1,0.621854
8.900707,29.762888,-0.339685,226.292267,-68.897667,-183.329407,0.000000,0.000000,0.000000,-0.533491,0.493308,-0.687047,0.100000,0.020000,1,0.904481
8.932676,29.641689,-0.182160,-475.575195,-5.848530,328.366882,0.000000,0.000000,0.000000,-0.881110,0.419919,-0.217516,0.100000,0.020000,1,0.777017
8.998134,29.469034,0.053182,-521.113037,305.527863,-573.228699,0.000000,0.000000,0.000000,-0.895416,0.419112,0.150249,0.100000,0.020000,1,0.857125
9.090578,29.734396,-0.315283,-401.126801,-285.822113,39.975143,0.000000,0.000000,0.000000,-0.669169,0.446054,-0.594347,0.100000,0.020000,1,0.831560
8.794549,29.929949,-0.226987,22.996517,-505.351654,-19.408018,0.000000,0.000000,0.000000,-0.785264,0.420253,-0.454695,0.100000,0.020000,1,0.558289
9.002195,29.472065,0.093738,-69.466591,41.734676,-55.837231,0.000000,0.000000,0.000000,-0.907673,0.408665,-0.095512,0.100000,0.020000,1,0.035769
8.963686,29.508587,0.061077,-168.512802,92.190514,169.043045,0.000000,0.000000,0.000000,-0.885408,0.394611,0.245631,0.100000,0.020000,1,0.362792
9.633515,29.818110,0.199660,128.406326,78.443649,130.368011,0.000000,0.000000,0.000000,-0.762181,0.400366,0.508712,0.100000,0.020000,1,0.368305
8.398077,29.862116,-0.214828,-82.296623,61.646660,-112.870033,0.000000,0.000000,0.000000,-0.653249,0.417829,0.631416,0.100000,0.020000,1,0.437988
8.585528,29.720840,0.127033,-95.765182,53.707489,154.463165,0.000000,0.000000,0.000000,-0.875150,0.342625,-0.341644,0.100000,0.020000,1,0.301427
8.605076,29.711754,0.323862,240.468094,-137.359436,-247.164825,0.000000,0.000000,0.000000,-0.860386,0.327570,0.390428,0.100000,0.020000,1,0.714463
8.924397,29.823528,0.297355,-159.389145,-130.831436,315.838104,0.000000,0.000000,0.000000,-0.524077,0.434899,0.732261,0.100000,0.020000,1,0.221565
8.749214,29.612751,-0.178825,-106.121117,61.591644,8.666014,0.000000,0.000000,0.000000,-0.959888,0.262161,-0.099435,0.100000,0.020000,1,0.590362
10.020971,28.878502,0.875811,341.286316,-196.736160,177.480591,0.000000,0.000000,0.000000,-0.964745,0.262838,0.013521,0.100000,0.020000,1,0.668892
8.858310,29.736036,-0.504684,24.176321,-157.746094,305.686188,0.000000,0.000000,0.000000,-0.736410,0.331165,-0.589940,0.100000,0.020000,1,0.138019
8.762663,30.539272,-0.630499,-75.019737,301.241669,-131.994873,0.000000,0.000000,0.000000,-0.944630,0.246831,-0.216214,0.100000,0.020000,1,0.543849
11.937387,27.772057,0.060993,877.679321,-506.160217,-0.106485,0.000000,0.000000,0.000000,-0.964645,0.230183,0.128357,0.100000,0.020000,1,0.436697
8.745641,29.775070,-0.536617,26.655691,-4.466581,109.028442,0.000000,0.000000,0.000000,-0.298207,0.517295,-0.802171,0.100000,0.020000,1,0.643188
9.111101,29.697372,-0.406830,-74.553528,42.969349,-36.753429,0.000000,0.000000,0.000000,-0.629195,0.362740,-0.687410,0.100000,0.020000,1,0.366913
9.001789,29.658337,0.373325,-195.062119,-28.871511,-95.649818,0.000000,0.000000,0.000000,-0.714259,0.326839,0.618879,0.100000,0.020000,1,0.897595
8.967111,29.590540,-0.023216,-206.447800,-158.521133,229.232681,0.000000,0.000000,0.000000,-0.944317,0.198293,0.262573,0.100000,0.020000,1,0.346538
10.088442,28.839546,-0.678457,406.864075,-233.992996,-454.169434,0.000000,0.000000,0.000000,-0.841655,0.256148,-0.475399,0.100000,0.020000,1,0.182599
8.936379,29.506264,0.157805,6.877223,-3.493306,86.877701,0.000000,0.000000,0.000000,-0.921693,0.199296,-0.332811,0.100000,0.020000,1,0.126867
8.901489,29.524832,1.368139,80.858566,13.802729,272.265686,0.000000,0.000000,0.000000,-0.832097,0.226102,0.506451,0.100000,0.020000,1,0.083538
9.127376,29.929228,0.427861,48.989765,96.360985,74.842598,0.000000,0.000000,0.000000,-0.915951,0.178384,0.359462,0.100000,0.020000,1,0.774740
8.948307,29.497803,-0.435592,-61.830944,35.955578,120.476440,0.000000,0.000000,0.000000,-0.804220,0.194484,-0.561611,0.100000,0.020000,1,0.784511
8.974633,29.482605,-0.263345,-431.572327,254.936584,154.228760,0.000000,0.000000,0.000000,-0.986362,0.081677,0.142892,0.100000,0.020000,1,0.146082
6.411990,30.962145,2.179296,-740.063660,428.066010,568.710327,0.000000,0.000000,0.000000,-0.996671,0.074244,0.033688,0.100000,0.020000,1,0.828579
9.567639,29.155834,0.255595,303.542999,-173.637680,199.644012,0.000000,0.000000,0.000000,-0.866153,0.128130,0.483075,0.100000,0.020000,1,0.508027
8.904476,29.523109,-0.708264,291.436829,-167.477341,1213.005005,0.000000,0.000000,0.000000,-0.886524,0.115570,-0.448017,0.100000,0.020000,1,0.138321
9.083956,29.639936,-0.056824,-135.998962,-203.401749,39.661392,0.000000,0.000000,0.000000,-0.995138,0.045458,-0.087374,0.100000,0.020000,1,0.593779
8.990223,29.473604,-0.034122,-247.021759,146.736099,-163.324280,0.000000,0.000000,0.000000,-0.976930,0.036020,-0.210502,0.100000,0.020000,1,0.253778
9.404261,29.834522,-0.441539,132.878738,-50.517933,6.971874,0.000000,0.000000,0.000000,-0.680202,0.234774,-0.694412,0.100000,0.020000,1,0.023960
9.194029,29.483219,-0.092589,20.562023,-6.273280,-119.932922,0.000000,0.000000,0.000000,-0.767328,0.146399,0.624319,0.100000,0.020000,1,0.279289
9.308115,29.290070,-0.193503,-14.923864,8.725410,749.498413,0.000000,0.000000,0.000000,-0.923876,0.009490,0.382575,0.100000,0.020000,1,0.179088
9.645592,29.188644,-1.014481,188.883453,-102.700546,-192.081589,0.000000,0.000000,0.000000,-0.940892,-0.003270,-0.338692,0.100000,0.020000,1,0.839328
9.066802,29.479771,0.108230,-51.059666,-32.079166,15.535557,0.000000,0.000000,0.000000,-0.967820,-0.025401,0.250359,0.100000,0.020000,1,0.051795
8.867959,29.548004,-0.146743,248.498978,-142.882355,182.658600,0.000000,0.000000,0.000000,-0.893289,-0.022956,-0.448896,0.100000,0.020000,1,0.212933
9.014052,29.566244,-0.270769,-318.494659,109.803360,-65.192863,0.000000,0.000000,0.000000,-0.809095,0.054110,-0.585181,0.100000,0.020000,1,0.518734
11.157258,28.222464,-4.151850,607.978271,-350.096954,-1167.890503,0.000000,0.000000,0.000000,-0.993603,-0.111972,0.014647,0.100000,0.020000,1,0.615536
8.993364,29.665815,0.491338,-30.814835,-20.019733,-81.778000,0.000000,0.000000,0.000000,-0.634233,0.205795,0.745249,0.100000,0.020000,1,0.080269
9.023004,29.461868,0.521324,66.439247,-36.180363,-185.454330,0.000000,0.000000,0.000000,-0.873523,-0.036354,0.485425,0.100000,0.020000,1,0.845051
8.983943,29.611805,-0.409461,-395.454071,-124.992508,174.972305,0.000000,0.000000,0.000000,-0.719456,0.127729,-0.682693,0.100000,0.020000,1,0.024376
7.692204,30.223015,-0.621661,-417.077057,286.690552,-142.560013,0.000000,0.000000,0.000000,-0.984733,-0.124128,-0.122042,0.100000,0.020000,1,0.088085
9.111066,29.511162,0.031401,-86.415062,-225.055786,49.659702,0.000000,0.000000,0.000000,-0.979669,-0.134280,0.149056,0.100000,0.020000,1,0.351557
8.997889,29.656818,0.475146,-52.134487,-273.695587,-119.384712,0.000000,0.000000,0.000000,-0.791989,0.024600,0.610040,0.100000,0.020000,1,0.336751
8.922167,29.512894,-1.284915,-34.196419,20.255043,-459.353851,0.000000,0.000000,0.000000,-0.955662,-0.161221,0.246409,0.100000,0.020000,1,0.080961
9.188971,29.358858,1.544745,13.510364,-7.242661,494.908051,0.000000,0.000000,0.000000,-0.958030,-0.173644,-0.228091,0.100000,0.020000,1,0.057624
9.018313,29.881447,-0.268065,-2.677816,84.834755,-26.808586,0.000000,0.000000,0.000000,-0.922731,-0.184835,-0.338234,0.100000,0.020000,1,0.952105
8.441869,29.790195,-1.310646,-216.638977,157.848526,-330.485260,0.000000,0.000000,0.000000,-0.956289,-0.270453,-0.111203,0.100000,0.020000,1,0.333903
8.638234,29.676825,3.400981,-26.635376,106.109512,784.931946,0.000000,0.000000,0.000000,-0.961344,-0.274061,0.026624,0.100000,0.020000,1,0.452979
9.166950,29.573803,0.481913,45.221146,-69.785782,-64.913414,0.000000,0.000000,0.000000,-0.674067,0.092131,0.732903,0.100000,0.020000,1,0.229088
10.683035,28.542387,-0.498030,494.859283,-273.338470,-133.163116,0.000000,0.000000,0.000000,-0.873758,-0.200192,-0.443249,0.100000,0.020000,1,0.265462
8.711687,29.809719,0.677950,223.242340,-161.684631,-439.236481,0.000000,0.000000,0.000000,-0.568517,0.294652,0.768094,0.100000,0.020000,1,0.005089
9.279269,30.554239,-0.538204,-15.244644,263.453491,-217.081512,0.000000,0.000000,0.000000,-0.945197,-0.296943,0.135747,0.100000,0.020000,1,0.979391
9.278317,29.915281,-0.684427,-6.315741,153.490387,-95.042572,0.000000,0.000000,0.000000,-0.799530,-0.114781,-0.589556,0.100000,0.020000,1,0.453958
9.530715,29.161551,1.053165,73.266541,-41.935944,300.363922,0.000000,0.000000,0.000000,-0.924253,-0.314761,-0.216063,0.100000,0.020000,1,0.755233
8.839552,29.560593,-0.199805,209.107712,-120.192131,-237.710754,0.000000,0.000000,0.000000,-0.713992,-0.015012,-0.699993,0.100000,0.020000,1,0.431261
9.120230,29.536028,0.325588,-14.618147,-16.304623,3.452695,0.000000,0.000000,0.000000,-0.783861,-0.129201,0.607345,0.100000,0.020000,1,0.094166
9.574603,29.468174,0.915539,148.560974,12.625015,231.448196,0.000000,0.000000,0.000000,-0.913310,-0.327799,0.241687,0.100000,0.020000,1,0.488219
7.098762,30.604570,-0.368746,-512.436035,307.652191,-272.265137,0.000000,0.000000,0.000000,-0.702133,-0.023229,0.711667,0.100000,0.020000,1,0.343405
9.266318,29.370893,-0.277930,-67.288086,6.354406,31.067965,0.000000,0.000000,0.000000,-0.885518,-0.335062,-0.321857,0.100000,0.020000,1,0.788317
10.149671,29.434683,0.359694,255.007095,14.677901,28.294323,0.000000,0.000000,0.000000,-0.834605,-0.244996,0.493367,0.100000,0.020000,1,0.558851
9.455488,29.376732,-1.309497,98.437057,-53.469090,-175.987823,0.000000,0.000000,0.000000,-0.585121,0.168191,-0.793312,0.100000,0.020000,1,0.525040
9.038913,29.822521,-0.435581,-53.673443,86.294418,-126.707214,0.000000,0.000000,0.000000,-0.893159,-0.448851,0.028277,0.100000,0.020000,1,0.865774
9.024613,29.459377,-0.014633,23.868036,-12.074667,12.260668,0.000000,0.000000,0.000000,-0.851224,-0.362974,0.379036,0.100000,0.020000,1,0.853745
9.013879,29.638718,0.227188,156.345718,-50.355824,12.499658,0.000000,0.000000,0.000000,-0.868411,-0.270880,0.415314,0.100000,0.020000,1,0.084117
11.189934,31.516220,-2.626535,531.218628,608.482788,-759.030334,0.000000,0.000000,0.000000,-0.874196,-0.464445,0.141675,0.100000,0.020000,1,0.796823
8.881992,29.619967,-0.436648,46.455250,-25.041056,10.267723,0.000000,0.000000,0.000000,-0.714101,-0.139251,-0.686053,0.100000,0.020000,1,0.114378
7.379490,30.426109,0.011986,-451.435242,267.470001,141.594299,0.000000,0.000000,0.000000,-0.766305,-0.276286,-0.580037,0.100000,0.020000,1,0.264744
9.361947,29.282951,-0.227414,-420.151093,166.353592,226.784943,0.000000,0.000000,0.000000,-0.852746,-0.477160,-0.212470,0.100000,0.020000,1,0.321602
9.517895,29.646299,-3.239797,138.065506,59.693638,-784.132568,0.000000,0.000000,0.000000,-0.805653,-0.368102,-0.464138,0.100000,0.020000,1,0.514686
9.809016,30.473505,1.407310,156.629410,277.200226,322.752960,0.000000,0.000000,0.000000,-0.787193,-0.378561,0.486845,0.100000,0.020000,1,0.453372
9.368938,29.308723,0.173109,-425.701141,-12.403692,183.574142,0.000000,0.000000,0.000000,-0.858602,-0.503672,-0.095485,0.100000,0.020000,1,0.068112
9.376260,29.532379,0.224821,-294.361938,-260.773987,-76.720169,0.000000,0.000000,0.000000,-0.830386,-0.493584,0.258524,0.100000,0.020000,1,0.033100
9.622080,29.173130,0.262541,93.206955,-51.566879,-15.005132,0.000000,0.000000,0.000000,-0.736763,-0.264932,0.622087,0.100000,0.020000,1,0.170225
9.328138,29.620045,-0.120064,-335.605011,-637.071960,-252.832947,0.000000,0.000000,0.000000,-0.783572,-0.509917,-0.354965,0.100000,0.020000,1,0.937436
9.338666,29.474714,0.225906,187.486099,-106.086739,51.043411,0.000000,0.000000,0.000000,-0.768123,-0.520661,0.372692,0.100000,0.020000,1,0.381710
10.437828,28.664560,1.049755,322.099854,-183.848190,246.030777,0.000000,0.000000,0.000000,-0.785794,-0.605483,0.126165,0.100000,0.020000,1,0.886896
9.229532,29.502054,-0.305693,18.543329,-60.547958,-8.161659,0.000000,0.000000,0.000000,-0.727729,-0.394019,-0.561390,0.100000,0.020000,1,0.736702
9.313479,29.318520,0.314706,-8.090542,-27.812023,105.628258,0.000000,0.000000,0.000000,-0.773024,-0.623192,-0.118599,0.100000,0.020000,1,0.199317
9.343568,29.401068,0.002798,-0.689192,-4.018582,0.000274,0.000000,0.000000,0.000000,-0.775630,-0.631167,0.005084,0.100000,0.020000,1,0.120189
9.196500,29.963873,0.573456,-29.443325,141.242966,81.608429,0.000000,0.000000,0.000000,-0.715420,-0.497574,0.490504,0.100000,0.020000,1,0.461641
9.304046,29.454800,-0.251789,-0.196103,-4.266074,-0.023867,0.000000,0.000000,0.000000,-0.718368,-0.524216,-0.457324,0.100000,0.020000,1,0.708161
9.475753,29.565668,-0.524215,32.785870,36.488400,-113.797615,0.000000,0.000000,0.000000,-0.740869,-0.638403,-0.208699,0.100000,0.020000,1,0.072122
9.417153,29.535511,-0.226294,-334.736023,-521.416626,237.613297,0.000000,0.000000,0.000000,-0.711285,-0.620801,-0.329665,0.100000,0.020000,1,0.610660
9.292708,29.484491,0.234685,13.767119,-10.222326,-32.838936,0.000000,0.000000,0.000000,-0.676591,-0.392629,0.622951,0.100000,0.020000,1,0.880116
9.258089,29.318951,0.159254,28.950325,-15.834597,-21.600681,0.000000,0.000000,0.000000,-0.722749,-0.637739,0.266313,0.100000,0.020000,1,0.395062
9.204350,29.547539,-0.389427,0.897624,-3.302894,-0.017871,0.000000,0.000000,0.000000,-0.645499,-0.289737,-0.706671,0.100000,0.020000,1,0.823155
9.151031,29.577345,0.413173,1.274664,-2.627229,0.018961,0.000000,0.000000,0.000000,-0.637008,-0.179103,0.749762,0.100000,0.020000,1,0.144557
