posX,posY,posZ,velX,velY,velZ,forceX,forceY,forceZ,attachX,attachY,attachZ,mass,radius,state,wetness
17.114704,25.063745,0.130100,204.358231,-92.897758,-289.857452,11409.090820,-6662.520508,-17954.378906,0.821270,-0.566453,0.068166,0.100000,0.020000,1,0.794928
17.487370,25.024401,0.444594,-21.488691,37.590107,-119.540588,-2077.713623,1755.062256,-7768.166504,0.586792,-0.403621,0.701972,0.100000,0.020000,1,0.310583
18.222204,24.786133,-0.019695,-43.588978,-52.689419,138.600632,-3868.508301,-3670.745117,11207.475586,-0.460087,0.230720,-0.857373,0.100000,0.020000,1,0.123631
18.238293,25.005356,0.679281,6.048508,-5.470994,0.067483,-1.576128,0.372996,-0.696136,-0.257622,0.114745,0.959409,0.100000,0.020000,1,0.172834
18.260773,25.003910,-0.672255,6.039631,-5.700169,-0.066785,-1.841717,0.399205,0.688784,-0.286782,0.127414,-0.949485,0.100000,0.020000,1,0.497959
18.332060,24.998985,0.644279,6.008873,-6.427481,0.064009,-2.656738,0.452209,-0.660218,-0.379095,0.168037,0.909973,0.100000,0.020000,1,0.710575
17.391230,25.157841,0.245730,4.949123,3.069623,-4.625905,-130.150162,-12.774902,-278.870819,0.798863,-0.494804,0.342034,0.100000,0.020000,1,0.978395
18.619312,24.937075,-0.397693,5.456231,-9.368266,-0.039509,-5.933613,1.203869,0.407502,-0.730941,0.387586,-0.561697,0.100000,0.020000,1,0.952558
18.697969,24.925974,0.242612,5.364411,-10.172420,0.024105,-6.833559,1.316440,-0.248486,-0.830084,0.439936,0.342662,0.100000,0.020000,1,0.776366
18.704363,24.925085,-0.224140,5.356974,-10.237485,-0.022268,-6.911725,1.335812,0.229604,-0.838149,0.444170,-0.316573,0.100000,0.020000,1,0.085716
17.388849,25.167488,-0.239749,7.469785,3.220643,-0.023803,8.132542,-1.538297,0.245644,0.792856,-0.506673,-0.338619,0.100000,0.020000,1,0.593081
17.503994,25.141350,-0.448068,7.234770,2.041201,-0.044519,6.822117,-1.238617,0.458866,0.652450,-0.416911,-0.632846,0.100000,0.020000,1,0.336610
17.989891,25.060736,0.705144,6.545199,-2.927175,0.070057,1.258936,-0.269880,-0.722385,0.045757,-0.077551,0.995938,0.100000,0.020000,1,0.650407
18.002003,25.049595,0.706436,6.434994,-3.053165,0.070188,1.120862,-0.130693,-0.723491,0.035003,-0.056969,0.997762,0.100000,0.020000,1,0.561044
17.986158,25.054413,-0.705211,6.480019,-2.890868,-0.070057,1.313264,-0.198234,0.722648,0.053737,-0.070941,-0.996032,0.100000,0.020000,1,0.175584
17.962135,25.069574,-0.702097,6.627637,-2.642111,-0.069752,1.579800,-0.366609,0.719379,0.078392,-0.102558,-0.991633,0.100000,0.020000,1,0.744998
18.734282,24.931414,0.103684,5.429522,-10.540229,0.010301,-7.253650,1.268243,-0.106228,-0.880904,0.450070,0.146442,0.100000,0.020000,1,0.627528
18.541855,24.939045,-0.501449,5.445266,-11.314721,-1.321494,-21.153818,-241.921860,-112.760345,-0.638561,0.326013,-0.697105,0.100000,0.020000,1,0.001835
17.348961,25.165028,0.050669,5.430422,6.175639,-1.562538,-114.379005,149.372055,-98.806442,0.847495,-0.525965,0.071500,0.100000,0.020000,1,0.826155
17.372519,25.161800,-0.194010,7.406618,3.384583,-0.019254,8.329240,-1.464673,0.198567,0.817286,-0.506911,-0.274017,0.100000,0.020000,1,0.336293
18.425196,24.999239,0.593244,6.036412,-7.375324,0.058941,-3.724952,0.472246,-0.607634,-0.502887,0.212232,0.837891,0.100000,0.020000,1,0.992684
18.742260,24.917328,0.011438,5.351148,-10.637239,0.010648,4.464692,-6.615183,2.286619,-0.882681,0.469715,0.015582,0.100000,0.020000,1,0.938951
17.476606,25.172720,-0.402701,7.546790,2.328622,-0.040006,7.134964,-1.599208,0.412647,0.673820,-0.471664,-0.568771,0.100000,0.020000,1,0.995261
17.793167,25.085808,0.660784,6.772402,-0.923161,0.072938,4.623847,-0.766814,-0.355094,0.294862,-0.204819,0.933330,0.100000,0.020000,1,0.575735
18.735182,24.977793,0.124731,5.901880,-10.537047,0.012392,-7.271318,0.737424,-0.127786,-0.904274,0.388914,0.176168,0.100000,0.020000,1,0.108377
18.795238,25.465857,-0.289899,81.762215,111.781654,63.428555,6013.698730,9542.299805,5042.381348,-0.598862,0.254940,-0.759190,0.100000,0.020000,1,0.259784
18.640371,24.945452,0.366917,5.547231,-9.580454,0.036453,-6.179559,1.104053,-0.375911,-0.762911,0.386530,0.518229,0.100000,0.020000,1,0.260742
17.349823,25.173681,0.054089,12.061898,5.870391,1.662401,290.114441,125.829086,94.133133,0.839154,-0.537993,0.079904,0.100000,0.020000,1,0.464257
17.431936,25.157810,0.337549,7.345388,2.785353,0.023926,6.813592,-1.379307,-0.559247,0.740746,-0.473425,0.476617,0.100000,0.020000,1,0.587888
18.322531,25.002882,-0.650089,7.246176,-7.353951,0.331719,96.802116,-90.389122,31.644098,-0.362295,0.148300,-0.920190,0.100000,0.020000,1,0.639949
18.026794,25.097544,-0.703664,6.930100,-3.292764,-0.069914,0.848052,-0.686719,0.720622,-0.020844,-0.108789,-0.993846,0.100000,0.020000,1,0.482808
17.576832,25.116611,0.495408,-10.232138,1.981568,-14.877851,-1105.497681,6.223114,-1086.579712,0.557549,-0.359536,0.748247,0.100000,0.020000,1,0.513571
17.375114,25.479803,0.291164,-16.441578,29.284504,-11.998637,-2186.914062,2331.919189,-1032.800171,0.548969,-0.667212,0.503450,0.100000,0.020000,1,0.675884
17.896473,25.100893,0.688823,6.929383,-1.965198,0.068378,2.325605,-0.744896,-0.704752,0.150599,-0.175544,0.972884,0.100000,0.020000,1,0.329790
17.814636,25.083908,-0.668540,6.733883,-1.136747,-0.066415,3.268271,-0.549391,0.685106,0.267404,-0.192114,-0.944239,0.100000,0.020000,1,0.118620
17.712652,24.813843,0.704408,25.232853,5.611921,7.657974,1037.290894,-831.844055,758.562317,0.354363,-0.252689,0.900320,0.100000,0.020000,1,0.740948
17.510859,24.953007,-0.398479,29.079151,-4.781845,-127.823029,633.908875,-991.929626,-7177.842285,0.413028,-0.293136,-0.862252,0.100000,0.020000,1,0.518499
18.654858,24.949902,-0.340208,7.926747,-7.954144,4.588608,154.834961,132.005295,318.889404,-0.778474,0.392850,-0.489538,0.100000,0.020000,1,0.853574
18.503899,24.952896,0.540438,6.188823,-8.766264,0.160782,61.375912,-88.668427,13.895049,-0.579554,0.292286,0.760714,0.100000,0.020000,1,0.960191
18.190535,25.011343,-0.691586,6.096508,-4.983252,-0.068708,-1.029217,0.304047,0.708794,-0.197063,0.083964,-0.976789,0.100000,0.020000,1,0.270422
18.402821,24.974611,0.605861,5.779939,-7.154163,0.060199,-3.455704,0.750814,-0.620444,-0.461403,0.234234,0.855711,0.100000,0.020000,1,0.433544
18.331039,24.983727,0.644064,5.853329,-6.420951,0.063979,-2.643439,0.639542,-0.660290,-0.370443,0.187814,0.909669,0.100000,0.020000,1,0.243212
17.463949,25.142254,0.395179,7.233257,2.448491,0.039054,7.267684,-1.256089,-0.405930,0.705191,-0.437245,0.558142,0.100000,0.020000,1,0.263931
17.451740,25.144798,-0.375979,7.255709,2.574256,-0.037354,7.413977,-1.272843,0.385099,0.720189,-0.446471,-0.531029,0.100000,0.020000,1,0.667292
17.552752,25.123341,0.504519,7.065144,1.538895,0.050133,6.269525,-1.027238,-0.516883,0.596311,-0.369658,0.712577,0.100000,0.020000,1,0.761459
17.677990,25.097387,-0.613384,-224.697937,49.604622,208.150070,-14016.902344,2893.608643,12598.423828,0.621188,-0.384977,-0.682582,0.100000,0.020000,1,0.387994
17.693209,25.097000,-0.612359,6.819979,0.135953,-0.068688,6.717080,-1.963013,1.242664,0.423145,-0.268828,-0.865263,0.100000,0.020000,1,0.318303
17.633730,25.112314,-0.573385,6.974079,0.713014,-0.057053,5.332548,-0.878517,0.586481,0.494054,-0.316328,-0.809844,0.100000,0.020000,1,0.997833
18.143688,25.016230,-0.700240,6.133673,-4.504962,-0.069570,-0.493442,0.247148,0.717226,-0.137194,0.055081,-0.989012,0.100000,0.020000,1,0.254162
18.038197,25.037535,0.707766,6.673727,-3.368092,0.082757,18.917557,3.384993,-0.077366,-0.008608,-0.023465,0.999688,0.100000,0.020000,1,0.335893
18.037924,25.037188,-0.707968,6.546043,-3.577956,-0.089341,23.684395,-19.958794,-1.381733,-0.004614,-0.027170,-0.999620,0.100000,0.020000,1,0.254929
18.511763,24.953684,-0.523189,5.596197,-8.268858,-0.051978,-4.705597,1.001384,0.536107,-0.596064,0.314112,-0.738946,0.100000,0.020000,1,0.249706
18.193344,25.010000,0.690947,6.083579,-5.012233,0.068641,-1.068043,0.324786,-0.707938,-0.200155,0.087093,0.975886,0.100000,0.020000,1,0.275902
17.829069,25.074682,-0.674016,6.643606,-1.286150,-0.066964,3.090927,-0.446139,0.690490,0.252648,-0.172963,-0.951973,0.100000,0.020000,1,0.518883
17.893206,25.060902,-0.691662,6.520738,-1.942908,-0.068719,2.362821,-0.288173,0.708668,0.174070,-0.124000,-0.976895,0.100000,0.020000,1,0.821160
18.462481,24.960110,-0.564483,5.648444,-7.765444,-0.056087,-4.136817,0.922111,0.578056,-0.533692,0.282017,-0.797270,0.100000,0.020000,1,0.560478
17.599192,25.085466,0.579895,4.332953,5.123510,-1.530219,-381.928345,196.619598,-130.193390,0.471253,-0.301274,0.828948,0.100000,0.020000,1,0.629446
17.726999,25.090445,0.631512,6.766548,-0.182760,0.083778,3.828104,1.297254,0.038533,0.380600,-0.243310,0.892157,0.100000,0.020000,1,0.787016
18.329250,24.985546,-0.644972,5.871113,-6.402431,-0.064078,-2.622220,0.617503,0.660912,-0.368932,0.184543,-0.910952,0.100000,0.020000,1,0.841445
17.369955,25.156195,0.189141,7.348627,3.409046,0.019210,8.353120,-1.397351,-0.198994,0.823371,-0.500689,0.267151,0.100000,0.020000,1,0.693067
17.400908,25.149687,-0.279137,7.291743,3.093128,-0.027733,7.996771,-1.339387,0.286016,0.785354,-0.477269,-0.394250,0.100000,0.020000,1,0.715918
17.252266,25.119469,-0.117728,145.858856,-75.874092,-254.432602,7872.879395,-5017.979004,-14886.433594,0.706638,-0.430001,-0.561927,0.100000,0.020000,1,0.763328
17.346199,25.161144,0.045593,7.390274,3.648982,0.004522,8.629890,-1.438751,-0.046495,0.852615,-0.518557,0.064395,0.100000,0.020000,1,0.420603
17.424274,25.144625,0.329330,7.247073,2.853250,0.031985,7.726646,-1.273644,-0.323522,0.756738,-0.459358,0.465121,0.100000,0.020000,1,0.080220
17.430729,25.075106,0.138946,-167.554916,127.866875,-369.184418,-10721.394531,7498.129883,-22181.316406,0.840582,-0.509978,-0.182607,0.100000,0.020000,1,0.763996
18.818102,24.928181,0.223379,-155.525024,-18.186834,-1.980767,-9689.720703,-462.244202,-98.695961,-0.837550,0.452587,0.306064,0.100000,0.020000,1,0.845185
18.604750,24.898289,0.491292,34.860603,88.252266,-185.415680,1815.343018,5994.304688,-11353.660156,-0.722873,0.383741,0.574628,0.100000,0.020000,1,0.469676
19.617617,25.490295,-1.059630,328.256561,57.725395,-174.069366,10074.375977,-60.166504,-4903.367188,-0.704057,0.381066,-0.599243,0.100000,0.020000,1,0.889135
18.723984,24.912888,-0.150844,4.925586,-6.665340,-1.745562,-25.583580,223.519928,-101.546120,-0.858995,0.464379,-0.215592,0.100000,0.020000,1,0.459514
18.738840,24.914349,0.030848,5.250732,-10.584952,-0.003892,-7.980711,2.331242,-0.829015,-0.878858,0.475079,0.043690,0.100000,0.020000,1,0.718938
18.687660,24.637497,0.377630,-44.647499,27.182600,-20.392595,-3054.807861,1134.085693,-1063.998901,-0.781910,0.423853,0.457127,0.100000,0.020000,1,0.783950
18.749056,24.935684,-0.266354,-39.134480,-17.402393,-15.047558,-2504.945068,-417.317657,-823.463013,-0.798639,0.432794,-0.418169,0.100000,0.020000,1,0.346020
18.511511,24.949696,0.521094,5.672531,-8.144244,0.099295,-5.740682,-1.200784,-0.466533,-0.597203,0.316565,0.736977,0.100000,0.020000,1,0.750439
17.886105,25.271843,0.643912,8.666367,-1.813550,0.063969,2.432757,-2.698696,-0.659803,0.082647,-0.407510,0.909453,0.100000,0.020000,1,0.061217
18.456324,25.154047,0.556287,7.620930,-7.650586,0.055265,-4.091719,-1.305869,-0.570032,-0.618240,0.021539,0.785694,0.100000,0.020000,1,0.422104
18.728277,25.101746,0.142226,7.161686,-10.433188,0.014047,-7.197953,-0.682088,-0.140137,-0.954360,0.221010,0.200874,0.100000,0.020000,1,0.928337
17.646797,25.295681,-0.521349,8.844555,0.629245,-0.051792,5.178521,-2.986979,0.534286,0.389031,-0.553577,-0.736347,0.100000,0.020000,1,0.577532
18.065336,25.223068,-0.677814,8.218141,-3.651330,-0.067342,0.379815,-2.117144,0.694567,-0.132038,-0.257047,-0.957336,0.100000,0.020000,1,0.104288
18.742846,25.098503,0.021735,7.133061,-10.582291,0.002159,-7.355239,-0.636671,-0.022265,-0.972164,0.232284,0.030698,0.100000,0.020000,1,0.213620
18.735222,25.099218,-0.104964,7.138295,-10.504691,-0.010425,-7.271085,-0.652719,0.107482,-0.962382,0.227689,-0.148250,0.100000,0.020000,1,0.512911
18.557364,25.162867,0.409953,20.555420,-19.765982,1.309652,632.737732,-514.668762,61.016346,-0.800351,0.129816,0.585308,0.100000,0.020000,1,0.072464
17.556242,25.347555,0.401796,9.348215,1.565007,0.039918,6.210784,-3.589143,-0.411667,0.484482,-0.665755,0.567492,0.100000,0.020000,1,0.210713
17.391642,25.334440,0.008175,8.677203,-9.695967,2.697845,-1.454913,-700.289612,145.574539,0.723988,-0.689526,0.019865,0.100000,0.020000,1,0.924444
17.677076,25.290331,0.545458,8.798222,0.319419,0.054195,4.832701,-2.925374,-0.558659,0.351382,-0.531993,0.770398,0.100000,0.020000,1,0.758165
17.397179,25.299488,-0.108834,8.812049,3.173498,-0.049784,7.921268,-2.973629,-1.134556,0.718724,-0.677998,-0.154126,0.100000,0.020000,1,0.736504
17.397596,25.268700,0.169469,8.501926,3.158227,0.016825,8.027931,-2.694758,-0.173671,0.732867,-0.636879,0.239356,0.100000,0.020000,1,0.019090
17.401541,25.231857,-0.225385,8.114793,3.103747,0.043512,7.492080,-2.485222,2.673439,0.745357,-0.586069,-0.317752,0.100000,0.020000,1,0.191101
17.814190,25.263880,-0.625652,8.565863,-1.083395,-0.062158,3.258404,-2.600424,0.641190,0.181952,-0.431314,-0.883664,0.100000,0.020000,1,0.460763
17.425184,25.216045,0.294421,7.973777,2.864050,0.029248,7.711227,-2.085095,-0.301652,0.721391,-0.553782,0.415837,0.100000,0.020000,1,0.977748
17.456989,25.130602,-0.389015,7.120228,2.518341,0.025209,7.422080,-1.232631,2.175713,0.719858,-0.425152,-0.548680,0.100000,0.020000,1,0.457191
17.559498,25.147259,-0.505497,7.309776,1.477815,-0.050219,6.173987,-1.299130,0.517953,0.575920,-0.398221,-0.713958,0.100000,0.020000,1,0.275064
17.470005,25.071823,0.418697,6.525629,2.372330,0.046759,6.399303,0.025532,-1.918023,0.730412,-0.340680,0.591976,0.100000,0.020000,1,0.019301
17.330284,25.015900,0.015097,6.018830,3.659449,-0.054477,14.524827,-4.241168,-2.608749,0.942921,-0.332352,0.021005,0.100000,0.020000,1,0.789890
17.338995,24.998152,-0.107153,5.728536,3.665507,-0.024837,8.460033,0.596611,0.724471,0.940095,-0.305226,-0.151851,0.100000,0.020000,1,0.685628
17.362377,24.983356,0.181257,-46.298531,13.278193,-170.717514,-3198.721436,586.114258,-10608.282227,0.935888,-0.290686,0.199034,0.100000,0.020000,1,0.716435
17.585926,25.090481,0.539766,6.739169,1.193520,0.053628,5.891116,-0.646712,-0.552977,0.567971,-0.310190,0.762359,0.100000,0.020000,1,0.942109
17.331995,24.964254,-0.415140,0.245256,6.991432,-22.906897,-466.461945,293.519226,-2248.935547,0.922059,-0.225767,-0.314382,0.100000,0.020000,1,0.898122
17.288239,25.004469,0.221128,50.331249,-22.623430,33.263817,2408.544434,-1398.638916,1826.851807,0.888933,-0.216184,0.403809,0.100000,0.020000,1,0.472257
17.748674,25.132269,-0.639272,7.080016,-1.770815,-0.659151,-16.647076,-122.201088,-54.599293,0.325365,-0.299384,-0.896943,0.100000,0.020000,1,0.012383
17.889071,24.882765,-0.881271,95.580399,-14.245434,-98.947861,7196.479980,-1265.271606,-7877.471191,0.707748,-0.142350,-0.691975,0.100000,0.020000,1,0.496747
18.028730,24.428928,0.068018,170.123428,-78.278786,106.726624,12893.208008,-6958.932129,8529.855469,0.856113,-0.088799,-0.509102,0.100000,0.020000,1,0.781236
17.339293,24.788157,-0.090179,68.693756,-32.199135,98.945869,3961.387939,-2098.186279,5851.471191,0.999354,0.035459,0.005807,0.100000,0.020000,1,0.676136
17.479992,24.836241,0.389233,4.177807,2.226485,0.031571,22.612928,-1.527339,-6.138312,0.833757,-0.025701,0.551533,0.100000,0.020000,1,0.102986
17.390230,24.752405,-0.096258,4.426590,2.258083,-2.677738,74.913612,-33.838673,-137.446701,0.987924,0.050813,-0.146370,0.100000,0.020000,1,0.860634
17.594263,24.944019,0.545904,5.249873,1.069011,0.054237,5.789735,1.030646,-0.559199,0.626925,-0.111713,0.771029,0.100000,0.020000,1,0.832369
17.418159,24.713223,0.142959,2.781295,2.706763,0.013698,7.856246,3.549346,-0.120451,0.972965,0.112148,0.201894,0.100000,0.020000,1,0.062763
17.674057,25.004845,-0.606684,5.890834,0.273144,-0.060275,4.873607,0.343003,0.621622,0.491883,-0.154334,-0.856874,0.100000,0.020000,1,0.961397
17.468359,24.742268,0.259927,0.512328,-2.101212,4.590914,-106.856178,-204.777206,211.270676,0.912307,0.115207,0.392967,0.100000,0.020000,1,0.659272
17.391195,24.736923,-0.231166,19.307467,-7.020512,3.180650,830.879639,-471.538788,162.285538,0.940556,0.131986,-0.312945,0.100000,0.020000,1,0.203414
17.611147,24.834829,-0.462906,6.139131,6.067242,6.254678,228.270248,489.244049,566.251160,0.698310,0.086831,-0.710509,0.100000,0.020000,1,0.643900
17.541025,24.676210,-0.368280,2.509142,1.538909,-0.036591,6.419403,4.104590,0.377243,0.825659,0.218463,-0.520155,0.100000,0.020000,1,0.836424
17.518904,24.559410,0.035780,0.772701,1.010058,0.003461,7.192634,7.072656,0.052320,0.925185,0.376142,0.050503,0.100000,0.020000,1,0.070735
17.642450,24.767052,0.529492,3.461551,0.530701,0.052602,5.258293,3.065114,-0.542675,0.647542,0.146323,0.747849,0.100000,0.020000,1,0.036882
17.778954,25.113220,0.651988,7.022616,-0.765579,0.064784,3.674157,-0.889678,-0.667595,0.300772,-0.248099,0.920860,0.100000,0.020000,1,0.392184
17.562078,24.528673,-0.134551,0.790213,0.543201,1.679894,21.869991,10.909372,59.878574,0.881233,0.439438,-0.174134,0.100000,0.020000,1,0.502553
17.618645,24.652597,0.428441,-1.836243,-2.004840,-4.705845,-179.858856,-130.279068,-220.470642,0.760770,0.294737,0.578238,0.100000,0.020000,1,0.051858
17.584505,24.515249,0.160144,0.474280,0.633654,0.004456,10.166269,16.453362,-0.461725,0.856996,0.463101,0.226043,0.100000,0.020000,1,0.308038
17.649094,24.524014,-0.251095,-13.669177,0.701693,1.529061,-703.034790,-4.775266,75.484222,0.823617,0.448658,-0.346930,0.100000,0.020000,1,0.159983
17.673025,24.484304,0.284549,0.591262,0.143157,0.028268,4.934440,6.306255,-0.291705,0.742124,0.536408,0.401894,0.100000,0.020000,1,0.486707
17.740200,24.882109,-0.627012,4.659249,-0.433524,-0.062297,4.135439,1.752817,0.642145,0.462730,0.040273,-0.885584,0.100000,0.020000,1,0.161890
17.705139,24.513683,-0.366034,0.899359,-0.175832,-0.036379,4.580955,5.970472,0.375356,0.685433,0.512747,-0.516983,0.100000,0.020000,1,0.484433
17.717119,24.632994,-0.498255,2.117015,-0.265747,-0.049501,4.425245,4.598943,0.510432,0.612484,0.360040,-0.703729,0.100000,0.020000,1,0.043001
17.791477,24.392197,0.027795,0.389343,0.674362,0.000000,-94.252609,-154.425705,0.106904,0.665199,0.745635,0.039228,0.100000,0.020000,1,0.345650
17.801016,24.386690,-0.100343,0.339185,0.587486,0.000000,-79.348824,-135.906097,-0.411646,0.646620,0.749550,-0.141627,0.100000,0.020000,1,0.838425
17.810781,24.381054,0.136718,0.290555,0.503256,0.000000,-64.361473,-118.203529,0.609726,0.627834,0.754043,0.192986,0.100000,0.020000,1,0.475540
17.784472,24.612129,0.520062,1.922567,-0.956816,0.051669,3.648141,4.855262,-0.532769,0.533020,0.419949,0.734529,0.100000,0.020000,1,0.305089
17.799551,24.389837,-0.217899,-0.336465,-1.170542,-0.021651,3.485689,7.395051,0.223132,0.619275,0.722347,-0.307757,0.100000,0.020000,1,0.633236
17.793100,24.489244,0.399492,0.673825,-1.077913,0.039690,3.558202,6.260287,-0.409263,0.580315,0.587256,0.564238,0.100000,0.020000,1,0.350630
17.878952,24.573088,0.193056,8.799532,36.812336,-16.133072,746.954529,3172.584229,-1328.222046,0.565705,0.733511,0.376748,0.100000,0.020000,1,0.093065
17.789656,24.776817,-0.616559,3.600738,-0.965367,-0.061251,3.576370,2.954861,0.631752,0.447398,0.203733,-0.870820,0.100000,0.020000,1,0.692895
17.771112,24.894693,0.643386,4.795744,-0.744482,0.063926,3.775811,1.619800,-0.658900,0.415662,0.038339,0.908711,0.100000,0.020000,1,0.177446
17.857588,24.526405,-0.463106,0.606632,-2.975724,6.212142,-113.453659,-41.534592,456.555206,0.450612,0.584591,-0.674687,0.100000,0.020000,1,0.112237
17.920267,24.420126,-0.357616,0.004442,-2.389724,-0.035884,2.121505,7.026967,0.377327,0.444492,0.739794,-0.505104,0.100000,0.020000,1,0.336299
17.962997,24.433208,0.373993,-0.201636,-2.376974,-0.164724,-31.318808,71.447296,-28.956751,0.380313,0.755428,0.533564,0.100000,0.020000,1,0.099426
18.070030,24.319527,-0.122336,-44.828945,-6.357302,44.156166,-2649.863037,-154.797836,2671.270508,0.331289,0.934054,-0.133382,0.100000,0.020000,1,0.724881
18.045488,24.312269,0.032616,-1.059555,-3.695249,0.003241,0.691061,8.301872,-0.033409,0.329777,0.942934,0.046067,0.100000,0.020000,1,0.220164
18.051641,24.329933,0.160011,-0.878246,-3.752951,0.015898,0.604637,8.110632,-0.163899,0.313158,0.922419,0.225997,0.100000,0.020000,1,0.531155
17.889297,24.678143,-0.602544,3.178322,-1.774546,-0.456554,53.460930,22.043171,-34.368385,0.367664,0.382463,-0.847671,0.100000,0.020000,1,0.453706
17.951637,24.557310,0.529039,1.409648,-2.673564,0.052559,1.736296,5.487521,-0.542049,0.337246,0.572665,0.747208,0.100000,0.020000,1,0.784835
18.072504,24.348345,-0.222892,-0.685142,-3.960499,-0.022144,0.366432,7.889335,0.228371,0.276653,0.907941,-0.314811,0.100000,0.020000,1,0.428276
18.124693,24.365446,0.256385,-0.502735,-4.491798,0.022147,0.118567,9.005625,0.480624,0.199507,0.910660,0.361794,0.100000,0.020000,1,0.142795
17.841801,24.795977,0.642134,3.809721,-1.490992,0.063797,2.973493,2.747385,-0.657834,0.368991,0.203222,0.906943,0.100000,0.020000,1,0.134301
18.080191,24.508173,-0.486408,0.452083,-4.072353,-0.345934,-22.310640,1.587057,-13.292260,0.192811,0.698956,-0.688683,0.100000,0.020000,1,0.497283
18.160725,24.407675,-0.334783,-0.057336,-4.842462,-0.033259,-0.645565,7.221944,0.342943,0.131137,0.871333,-0.472844,0.100000,0.020000,1,0.919082
18.094233,24.519527,0.498040,1.048687,-4.148208,0.054168,-0.519574,5.345089,-0.303280,0.166067,0.691065,0.703457,0.100000,0.020000,1,0.879701
18.264904,24.349323,0.034048,-0.623048,-5.918855,0.003383,-1.825448,7.902331,-0.034889,0.020691,0.998629,0.048088,0.100000,0.020000,1,0.313569
18.258375,24.357485,-0.122134,-0.541393,-5.850538,-0.012265,-1.754736,7.806552,0.127336,0.025452,0.984680,-0.172505,0.100000,0.020000,1,0.629848
18.196823,24.441578,0.377247,0.297605,-5.201123,0.037481,-1.065937,6.826429,-0.386414,0.066990,0.843574,0.532819,0.100000,0.020000,1,0.237865
18.015438,24.631123,-0.591368,2.178225,-3.303138,-0.058749,0.992426,4.655773,0.605944,0.217234,0.505154,-0.835242,0.100000,0.020000,1,0.017497
18.285744,24.368986,0.131431,-0.417344,-6.125685,0.013057,-2.073408,7.678654,-0.134711,-0.016384,0.982483,0.185631,0.100000,0.020000,1,0.845565
18.297718,24.394924,-0.210432,-0.149575,-6.240886,-0.020490,-2.211580,7.376862,0.206438,-0.044695,0.953769,-0.297200,0.100000,0.020000,1,0.544447
18.330593,24.425776,0.236949,-0.159739,-6.814380,3.135138,-16.686617,-3.560562,137.912415,-0.100524,0.929707,0.354318,0.100000,0.020000,1,0.535758
17.933674,24.731365,0.637976,3.176972,-2.443707,0.063389,1.941409,3.496368,-0.653366,0.277886,0.332946,0.901070,0.100000,0.020000,1,0.070822
18.236631,24.523094,-0.464456,1.138221,-5.584067,-0.046144,-1.524936,5.910252,0.475827,-0.024847,0.754359,-0.655992,0.100000,0.020000,1,0.168585
18.033455,24.687687,0.625282,2.758932,-3.471446,0.062117,0.780209,3.998446,-0.640861,0.166264,0.438655,0.883141,0.100000,0.020000,1,0.457001
18.472397,24.470453,-0.110262,0.665972,-7.998535,-0.010955,-4.218970,6.531861,0.112963,-0.312756,0.936980,-0.155733,0.100000,0.020000,1,0.238072
18.369473,24.534830,0.396459,1.293632,-6.933347,0.039385,-3.042657,5.783102,-0.406319,-0.206859,0.802285,0.559954,0.100000,0.020000,1,0.813560
18.393246,24.523628,-0.360477,1.186037,-7.178678,-0.035815,-3.311944,5.904850,0.369220,-0.233071,0.828530,-0.509133,0.100000,0.020000,1,0.914463
18.491617,24.490831,0.130781,0.878696,-8.188749,0.012994,-4.436965,6.295558,-0.133910,-0.348021,0.919110,0.184714,0.100000,0.020000,1,0.349663
18.507523,24.489096,0.025195,0.865363,-8.351222,0.002503,-4.619395,6.318102,-0.025811,-0.368314,0.929021,0.035585,0.100000,0.020000,1,0.208787
18.230785,24.436346,0.445262,0.367239,0.498393,44.578766,-303.694641,-262.345612,2515.140625,-0.117902,0.674751,0.728567,0.100000,0.020000,1,0.920916
18.201015,24.786573,-0.532286,-26.875822,-230.213074,-92.009575,-1764.727051,-13621.522461,-5588.066895,-0.009913,0.565644,-0.824590,0.100000,0.020000,1,0.242872
19.713497,24.032642,-0.435438,333.665253,-154.639221,-201.170761,25959.039062,-11488.975586,-15682.593750,-0.417826,0.819121,0.393017,0.100000,0.020000,1,0.300096
18.555098,23.951319,0.839986,99.367615,-13.541722,288.295959,-1128.858398,-7972.116699,9911.581055,-0.438692,0.831931,-0.339764,0.100000,0.020000,1,0.503692
18.159515,24.888784,-0.249102,-60.352436,50.333881,50.470955,-4999.593750,4729.352051,4070.708740,-0.304724,0.696364,-0.649785,0.100000,0.020000,1,0.328342
18.160706,24.693827,0.616651,2.856131,-4.765220,0.061268,-0.659692,3.942681,-0.631653,-0.005649,0.491339,0.870950,0.100000,0.020000,1,0.722768
18.628704,24.628260,0.028057,2.314879,-9.547554,0.003173,-6.044707,4.751195,-0.111909,-0.595776,0.802171,0.039663,0.100000,0.020000,1,0.634094
18.433508,24.552868,-0.305821,7.988324,-6.106618,-2.989829,-57.162815,-210.457642,-34.519653,-0.471016,0.738004,-0.483211,0.100000,0.020000,1,0.804867
18.629301,24.643082,-0.107139,2.465774,-9.549432,-0.010611,-6.023687,4.568062,0.109361,-0.603642,0.782763,-0.151322,0.100000,0.020000,1,0.726711
18.247498,24.699436,-0.602714,-2.592374,-5.188865,-3.472677,-563.894531,105.767220,-352.255707,-0.188307,0.562754,-0.804890,0.100000,0.020000,1,0.225744
17.357981,25.102026,-0.118166,-187.121613,114.524834,-121.632759,-16416.105469,9468.071289,-10231.275391,-0.338987,0.634092,0.694992,0.100000,0.020000,1,0.383086
18.643290,24.670940,0.122330,2.754739,-9.685625,0.011250,-6.148624,4.220127,-0.148461,-0.635554,0.752478,0.172766,0.100000,0.020000,1,0.046359
18.542301,24.686460,0.368101,2.803322,-6.570567,1.566111,-6.855338,173.735275,124.449608,-0.505345,0.695816,0.510359,0.100000,0.020000,1,0.490610
18.631214,24.713030,-0.238613,3.179440,-9.551117,-0.024131,-6.107605,3.791580,0.262047,-0.639659,0.690831,-0.337029,0.100000,0.020000,1,0.926022
18.647236,24.758286,0.251960,3.643503,-9.700862,0.025032,-6.243578,3.249040,-0.258079,-0.682541,0.638356,0.355865,0.100000,0.020000,1,0.698789
18.520048,24.781496,-0.461972,3.845464,-8.400033,-0.045898,-4.784232,2.962675,0.473178,-0.524742,0.546727,-0.652484,0.100000,0.020000,1,0.517909
18.625563,24.809690,-0.337004,4.160936,-9.466302,-0.033482,-6.002510,2.661821,0.345248,-0.678339,0.559732,-0.475981,0.100000,0.020000,1,0.980844
18.728477,24.859093,0.027507,4.691800,-10.500823,0.002733,-7.175309,2.092727,-0.028171,-0.838618,0.543333,0.038850,0.100000,0.020000,1,0.310955
18.491226,24.818354,0.506439,4.212960,-8.096307,0.050302,-4.456050,2.551960,-0.518840,-0.504090,0.484000,0.715288,0.100000,0.020000,1,0.603662
18.276316,24.772387,0.619538,3.686939,-5.920972,0.061553,-1.993669,3.051757,-0.634659,-0.196729,0.442292,0.875029,0.100000,0.020000,1,0.311035
18.729721,24.910646,-0.113823,5.216884,-10.499537,-0.011308,-7.199974,1.508760,0.116614,-0.864919,0.475468,-0.160762,0.100000,0.020000,1,0.844903
18.460571,24.763460,-0.523447,-186.202576,98.146149,-140.945374,-11695.668945,6465.604004,-8657.948242,-0.356569,0.450402,-0.818533,0.100000,0.020000,1,0.686521
18.724358,24.924061,0.151903,5.352078,-10.441295,0.015092,-7.136247,1.351903,-0.155610,-0.864212,0.455091,0.214546,0.100000,0.020000,1,0.895266
18.621433,24.892330,0.382475,5.001140,-9.402124,0.037994,-5.957347,1.701744,-0.392009,-0.712363,0.448017,0.540203,0.100000,0.020000,1,0.878333
18.709787,24.936182,-0.212088,5.471468,-10.289659,-0.021071,-6.972777,1.212414,0.217229,-0.850659,0.432028,-0.299550,0.100000,0.020000,1,0.181698
18.697138,24.959551,0.255216,5.705985,-10.154574,0.025356,-6.828459,0.951048,-0.261479,-0.845033,0.394951,0.360464,0.100000,0.020000,1,0.362675
18.455713,24.903225,-0.560608,5.067265,-7.712036,-0.055698,-4.065812,1.570709,0.574083,-0.497511,0.354320,-0.791796,0.100000,0.020000,1,0.344625
18.573889,24.972589,-0.461914,5.805442,-8.896308,-0.045891,-5.419480,0.783757,0.473287,-0.687603,0.318707,-0.652402,0.100000,0.020000,1,0.835011
18.642654,25.027824,0.370639,6.386262,-9.581449,0.036821,-6.208215,0.162551,-0.379734,-0.805323,0.278239,0.523486,0.100000,0.020000,1,0.399857
18.558117,24.975361,0.479812,5.829446,-8.735022,0.047670,-5.238133,0.755511,-0.491572,-0.667981,0.307489,0.677681,0.100000,0.020000,1,0.824673
18.660549,25.053772,-0.338236,6.655213,-9.756845,-0.033604,-6.421576,-0.146029,0.346416,-0.841492,0.252337,-0.477721,0.100000,0.020000,1,0.842723
18.733637,25.116295,-0.101126,7.311684,-10.483820,-0.010047,-7.258657,-0.841054,0.103559,-0.968442,0.204256,-0.142829,0.100000,0.020000,1,0.329356
18.214573,24.736103,0.866780,0.216346,10.498433,42.615635,-879.021606,542.055969,3741.978271,-0.348969,0.355353,0.867147,0.100000,0.020000,1,0.246491
18.855453,25.183475,-0.162403,-183.826752,-43.242474,156.203674,-11591.624023,-1951.996582,9159.542969,-0.988250,0.152676,0.007247,0.100000,0.020000,1,0.231648
18.697372,25.125248,0.088288,-3.414110,-27.805672,-6.824875,-807.688293,-1341.445679,-595.828308,-0.977485,0.109839,0.180161,0.100000,0.020000,1,0.324095
18.959665,25.258965,-0.298273,74.733543,13.747296,-26.957918,5321.582031,1740.731323,-2057.755859,-0.951169,0.071052,-0.300381,0.100000,0.020000,1,0.031180
18.668835,25.221767,0.255470,8.443636,-9.777463,-0.640203,-3.886203,-0.901965,-30.933247,-0.933510,0.033354,0.356996,0.100000,0.020000,1,0.996548
18.477306,25.060333,-0.554836,6.672864,-7.889256,-0.055116,-4.314151,-0.225548,0.568787,-0.601301,0.156013,-0.783643,0.100000,0.020000,1,0.700811
18.567526,25.163290,-0.450678,8.307923,-8.352890,0.645143,61.853783,38.299332,76.957741,-0.759201,0.064547,-0.647648,0.100000,0.020000,1,0.343231
18.619970,25.232040,-0.345625,8.452303,-9.291899,-0.031004,-6.167396,-2.085104,0.449434,-0.872769,-0.003845,-0.488118,0.100000,0.020000,1,0.719857
18.588129,25.273960,0.374342,8.606919,-8.567580,-0.822601,-16.940376,12.388219,-34.754707,-0.849351,-0.078206,0.522002,0.100000,0.020000,1,0.808766
18.326635,25.024715,0.643191,-1.321151,-0.426070,3.159348,-702.253906,611.015564,309.698120,-0.440864,0.222158,0.869646,0.100000,0.020000,1,0.229515
18.519472,25.179041,0.495494,7.893084,-8.286914,0.049540,-4.825840,-1.589446,-0.509197,-0.714061,0.018546,0.699838,0.100000,0.020000,1,0.751851
18.625000,25.387253,0.109795,13.414726,-12.291805,7.487889,167.941986,-148.909714,376.831848,-0.963625,-0.190818,0.187127,0.100000,0.020000,1,0.529282
18.638319,25.385420,-0.096516,10.025777,-9.440857,-0.009589,-6.185516,-3.940057,0.098855,-0.970535,-0.198694,-0.136318,0.100000,0.020000,1,0.018296
18.643772,25.389135,0.008340,10.058539,-9.487411,0.020894,-6.377290,-3.851591,0.346021,-0.979484,-0.201160,0.012087,0.100000,0.020000,1,0.208531
18.605719,25.386417,-0.215744,10.026960,-9.108708,-0.021435,-5.816643,-3.950783,0.221046,-0.927720,-0.215603,-0.304715,0.100000,0.020000,1,0.739762
18.577499,25.402779,0.255825,10.185975,-8.817024,0.025417,-5.497045,-4.139475,-0.262149,-0.898072,-0.250821,0.361325,0.100000,0.020000,1,0.616390
18.519850,25.311058,-0.431090,9.236470,-8.255010,-0.042830,-4.836028,-3.104994,0.441655,-0.777665,-0.156586,-0.608866,0.100000,0.020000,1,0.248995
18.455750,25.193230,-0.545814,8.019851,-7.633970,-0.054231,-4.081518,-1.753360,0.558922,-0.636211,-0.030768,-0.770901,0.100000,0.020000,1,0.303576
18.412458,25.093197,0.597230,6.989576,-7.220353,0.059343,-3.587773,-0.605866,-0.611578,-0.530896,0.081372,0.843521,0.100000,0.020000,1,0.321224
18.917217,24.270653,-1.015367,129.197998,-358.500641,-211.731628,3594.668213,-10617.208008,-6414.831543,-0.839940,-0.307164,-0.447383,0.100000,0.020000,1,0.604021
18.466558,25.303450,0.488193,9.006875,-7.678578,0.114941,-18.017609,2.041161,6.362109,-0.704739,-0.170728,0.688618,0.100000,0.020000,1,0.524397
18.490543,25.411385,0.380474,10.250274,-7.929399,0.037799,-4.494086,-4.245822,-0.389955,-0.786713,-0.303824,0.537377,0.100000,0.020000,1,0.863418
18.528152,25.532572,0.006889,11.494122,-8.279629,0.000684,-4.934679,-5.635303,-0.007057,-0.894595,-0.446771,0.009730,0.100000,0.020000,1,0.829222
18.512356,25.530796,0.130560,11.471602,-8.119207,0.012972,-4.764378,-5.612246,-0.133719,-0.872768,-0.451964,0.184401,0.100000,0.020000,1,0.128953
18.499662,25.546112,-0.114138,11.624195,-7.986011,-0.011340,-4.610962,-5.790813,0.116935,-0.863234,-0.478371,-0.161207,0.100000,0.020000,1,0.395903
18.468733,25.547138,-0.198609,11.626251,-7.670709,-0.019731,-4.266461,-5.800412,0.203513,-0.822656,-0.494519,-0.280514,0.100000,0.020000,1,0.088711
18.467361,25.534231,0.232467,11.494609,-7.660044,0.023095,-4.236488,-5.640323,-0.238213,-0.814665,-0.478036,0.328333,0.100000,0.020000,1,0.556258
18.380999,25.195429,0.594795,8.021973,-6.872590,0.059081,-3.230355,-1.789027,-0.609542,-0.538000,-0.069426,0.840081,0.100000,0.020000,1,0.868800
18.410980,25.436836,-0.435481,10.487777,-7.112316,-0.043263,-3.591588,-4.533710,0.446307,-0.693232,-0.375660,-0.615068,0.100000,0.020000,1,0.023108
18.392927,25.539207,-0.327182,11.525040,-6.901069,-0.032505,-3.397175,-5.719628,0.335191,-0.718201,-0.520234,-0.462108,0.100000,0.020000,1,0.897680
18.371107,25.323450,-0.547014,9.322674,-6.737086,-0.054370,-3.131551,-3.245680,0.560425,-0.586073,-0.244156,-0.772597,0.100000,0.020000,1,0.063935
18.364742,25.530542,0.367543,11.429112,-6.616430,0.036518,-3.073247,-5.614946,-0.376377,-0.676629,-0.522200,0.519114,0.100000,0.020000,1,0.914363
18.245766,25.302755,0.261505,-274.011261,57.132309,-92.696587,-18426.105469,3416.631104,-6721.053711,-0.624505,-0.414069,0.662224,0.100000,0.020000,1,0.074583
18.513809,25.264860,-0.225917,60.335411,-104.253769,-29.379034,6323.195801,-5956.306641,-5501.944336,-0.717154,-0.696901,0.004448,0.100000,0.020000,1,0.786913
18.412994,25.702072,-0.161600,-11.778543,-59.701809,96.478378,-1223.120850,-3195.513672,5770.288086,-0.698116,-0.705849,-0.120048,0.100000,0.020000,1,0.308315
18.399815,25.729403,0.139691,-57.722702,-76.115646,-37.418667,-4112.740234,-4131.124512,-2293.260498,-0.677687,-0.714517,0.173798,0.100000,0.020000,1,0.269054
18.368055,25.588099,-0.288927,28.413521,-19.858723,-22.079079,1257.495117,-1119.741211,-1759.622559,-0.652965,-0.702171,-0.283890,0.100000,0.020000,1,0.655252
18.241798,25.653957,0.240545,12.672828,-5.288626,0.029566,-1.523309,-7.375956,-0.422740,-0.572938,-0.745785,0.339923,0.100000,0.020000,1,0.368519
18.250240,25.536789,-0.435973,11.462107,-5.448843,-0.043316,-1.751134,-5.687476,0.446636,-0.527569,-0.585240,-0.615763,0.100000,0.020000,1,0.313217
18.286165,25.306211,0.598755,9.124197,-5.877157,0.059483,-2.154491,-3.061037,-0.613517,-0.465034,-0.261874,0.845675,0.100000,0.020000,1,0.015424
18.189941,25.614939,-0.336482,13.115016,0.455417,-2.269371,44.144276,300.391510,-116.411201,-0.489728,-0.725551,-0.483469,0.100000,0.020000,1,0.462466
18.216980,25.519156,0.466613,10.796066,-4.564322,-0.710264,-47.080486,60.378819,-84.090469,-0.478047,-0.566611,0.671136,0.100000,0.020000,1,0.207526
18.250729,25.396059,-0.561543,10.029412,-5.491940,-0.055785,-1.748086,-4.083121,0.575350,-0.460933,-0.398129,-0.793117,0.100000,0.020000,1,0.350465
18.250923,25.387863,0.594596,7.660769,-5.854555,-11.399035,-124.287766,-26.032061,-617.947815,-0.450173,-0.388352,0.804069,0.100000,0.020000,1,0.427757
17.730171,25.547247,0.746422,-76.305634,-41.281624,195.638733,-7303.925293,-3057.626465,15894.434570,-0.447103,-0.882842,-0.143835,0.100000,0.020000,1,0.457258
18.144407,25.622757,0.356985,12.308612,-4.348764,0.035422,-0.546714,-6.691783,-0.364767,-0.428126,-0.749993,0.504200,0.100000,0.020000,1,0.444248
17.822842,25.784468,-0.031835,-50.175419,9.854933,-9.587431,-5168.472656,1103.487305,-780.922424,-0.418657,-0.908030,0.014413,0.100000,0.020000,1,0.184770
18.106718,25.712574,0.133320,13.212741,-3.940559,0.013256,-0.135376,-7.726866,-0.136621,-0.421025,-0.887289,0.188300,0.100000,0.020000,1,0.964356
17.627663,25.501907,-0.686208,-29.302753,44.722897,-97.202957,-4625.117676,2234.185059,-8183.689453,-0.398081,-0.874696,-0.276476,0.100000,0.020000,1,0.406055
18.069126,25.689634,0.229576,12.969905,-3.568589,0.022909,0.354889,-7.580852,-0.224537,-0.360126,-0.874741,0.324248,0.100000,0.020000,1,0.457554
18.069477,25.576464,-0.437242,11.817077,-3.597982,-0.043441,0.310715,-6.168036,0.447861,-0.306497,-0.724351,-0.617556,0.100000,0.020000,1,0.383454
18.019812,25.650833,-0.321825,12.560901,-3.072367,-0.031972,0.875496,-7.023398,0.329714,-0.276102,-0.846853,-0.454542,0.100000,0.020000,1,0.297570
18.037081,25.542589,0.478126,11.463424,-3.277455,0.047500,0.679762,-5.783591,-0.489860,-0.247282,-0.694854,0.675300,0.100000,0.020000,1,0.026812
17.849108,25.695740,-0.014329,2.384747,-4.633871,15.351763,-893.888611,-240.121201,1281.761475,-0.146725,-0.981156,-0.125719,0.100000,0.020000,1,0.153021
17.763313,25.472212,-0.519481,-60.537132,1.982036,9.053729,-5924.586914,497.103363,760.661072,-0.294498,-0.528434,-0.796259,0.100000,0.020000,1,0.256177
17.877657,25.709780,0.014612,13.122575,-1.609442,0.001508,2.497564,-7.712175,-0.015841,-0.115515,-0.993091,0.020639,0.100000,0.020000,1,0.740646
17.889721,25.698383,0.135852,12.883100,-1.612044,-0.367475,-2.122244,-5.495476,-10.812029,-0.125304,-0.974266,0.187364,0.100000,0.020000,1,0.767037
17.941891,25.615505,0.371192,12.180107,-2.288658,0.036877,1.764529,-6.622534,-0.380300,-0.155739,-0.837192,0.524267,0.100000,0.020000,1,0.931310
17.882141,25.680353,-0.203245,12.824368,-1.662750,-0.020192,2.449781,-7.366711,0.208242,-0.107401,-0.951872,-0.287061,0.100000,0.020000,1,0.472233
18.099194,25.439728,0.567451,10.306636,-3.757967,-0.119958,-4.773911,-2.985356,-4.703768,-0.280156,-0.531938,0.799096,0.100000,0.020000,1,0.807055
17.931467,25.573511,-0.428757,11.749691,-2.193867,-0.042599,1.885290,-6.145498,0.439265,-0.121819,-0.786412,-0.605572,0.100000,0.020000,1,0.537159
17.834023,25.656567,0.238795,12.774016,-0.861816,0.063653,-15.256298,7.156165,25.207077,-0.042649,-0.943180,0.329534,0.100000,0.020000,1,0.176404
17.807369,25.605619,-0.324468,12.042953,-0.921827,-0.032237,3.294148,-6.521726,0.332374,0.027620,-0.888381,-0.458275,0.100000,0.020000,1,0.990484
17.997452,25.453348,-0.558629,10.544219,-2.898159,-0.055501,1.142795,-4.761729,0.572267,-0.151990,-0.595294,-0.789002,0.100000,0.020000,1,0.833679
17.937593,25.629868,0.559222,-25.993359,-66.959160,-44.219471,-2166.111816,-3693.450439,-2426.746826,-0.049834,-0.744722,0.665512,0.100000,0.020000,1,0.952042
17.583652,24.867785,-0.019094,-7.368243,-232.717926,16.909674,-2116.733887,-6175.179688,-8163.600098,0.145851,-0.988901,0.028312,0.100000,0.020000,1,0.402118
17.753611,25.610138,0.375031,39.827923,-34.277679,-17.772232,1682.996094,-1995.914429,-1014.167542,0.082820,-0.866389,0.492454,0.100000,0.020000,1,0.471999
17.731792,25.585289,-0.240457,13.227049,10.491127,-3.129200,211.121048,564.991089,-305.247375,0.169604,-0.937880,-0.302681,0.100000,0.020000,1,0.141779
16.176910,25.324366,-0.589775,-169.833176,188.364868,-121.100876,-17561.388672,-8654.412109,-4568.191406,0.195395,-0.973729,-0.116927,0.100000,0.020000,1,0.298267
17.270508,25.330730,0.438577,8.984851,50.880287,42.038082,-1882.622803,1995.838623,3935.765381,0.199195,-0.962198,0.185731,0.100000,0.020000,1,0.013704
17.994413,25.389095,0.619878,0.258606,4.751401,-12.995350,-510.234314,248.166077,-599.142578,-0.100536,-0.592362,0.799375,0.100000,0.020000,1,0.254739
17.745777,25.478031,-0.450583,20.859219,20.216276,12.068423,580.483765,1197.556885,702.609558,0.143872,-0.775029,-0.615329,0.100000,0.020000,1,0.055339
17.641529,25.549459,0.252247,11.426699,0.751106,0.025061,5.213458,-5.908512,-0.258398,0.274696,-0.893092,0.356271,0.100000,0.020000,1,0.948534
18.256399,27.089621,0.855721,179.469727,428.585419,314.700226,13152.837891,33528.957031,24716.123047,0.271270,-0.860856,-0.430510,0.100000,0.020000,1,0.954646
17.577936,25.594612,0.321550,382.384918,-404.409576,102.133400,23092.628906,-25201.433594,6325.294922,0.266657,-0.827362,0.494334,0.100000,0.020000,1,0.951732
17.851851,25.423401,-0.548330,11.064957,-1.175616,-0.460142,81.020004,-48.922337,-65.447350,0.059510,-0.646225,-0.760823,0.100000,0.020000,1,0.020027
17.039297,25.166220,-0.062479,15.891467,52.088470,-4.225637,-1828.081421,1648.531494,-529.792969,0.406354,-0.913716,0.000666,0.100000,0.020000,1,0.778048
17.755482,25.467237,0.439145,12.298339,0.498725,-2.279485,199.896835,75.648491,-258.020508,0.193393,-0.728058,0.657671,0.100000,0.020000,1,0.970339
17.517460,25.487692,-0.106177,10.764302,1.997492,-0.010290,6.642192,-5.195668,0.108352,0.468986,-0.870382,-0.149958,0.100000,0.020000,1,0.206403
17.508244,25.472979,0.122935,10.612018,2.087536,0.012205,6.749414,-5.021422,-0.125940,0.488257,-0.855253,0.173632,0.100000,0.020000,1,0.085428
17.528206,25.469391,-0.197757,10.581038,1.883179,-0.019529,6.521359,-4.988582,0.202447,0.463462,-0.840946,-0.279308,0.100000,0.020000,1,0.997094
17.913340,25.259436,0.690777,-41.398647,31.429480,-56.591671,-2923.384277,1522.549683,-3075.294434,0.088536,-0.584808,0.806325,0.100000,0.020000,1,0.540874
17.529610,25.406639,-0.304830,9.942453,1.852111,-0.030281,6.497790,-4.269556,0.312436,0.491596,-0.756947,-0.430539,0.100000,0.020000,1,0.087941
17.502758,25.417265,0.237838,10.043331,2.128458,0.023630,6.811194,-4.390529,-0.243660,0.522176,-0.783894,0.335920,0.100000,0.020000,1,0.145789
17.635458,25.396667,-0.443909,9.869313,0.767756,-0.042528,5.300033,-4.252492,0.497385,0.355823,-0.693052,-0.626953,0.100000,0.020000,1,0.321244
17.636734,25.392893,0.447118,10.231172,1.538342,0.191470,25.917025,38.294094,7.409135,0.353982,-0.689418,0.631981,0.100000,0.020000,1,0.654935
17.420820,25.364708,0.032397,9.485641,2.947649,0.003217,7.761455,-3.784002,-0.033192,0.656127,-0.753262,0.045757,0.100000,0.020000,1,0.408663
17.528446,25.362696,0.351764,9.494690,1.852170,0.034950,6.521256,-3.761621,-0.360275,0.514153,-0.699149,0.496827,0.100000,0.020000,1,0.716297
17.732222,25.349749,-0.546575,9.418041,-0.225915,-0.054303,4.192682,-3.607556,0.559805,0.249746,-0.584534,-0.771976,0.100000,0.020000,1,0.521661
17.414593,25.331865,0.121881,9.149681,3.002280,0.012103,7.829428,-3.407923,-0.124824,0.680093,-0.712629,0.172143,0.100000,0.020000,1,0.722541
17.420528,25.298048,-0.205275,8.807216,2.933163,-0.020376,7.762854,-3.029708,0.210146,0.688374,-0.664893,-0.289928,0.100000,0.020000,1,0.637359
17.394566,25.298471,-0.095707,8.803793,3.196546,-0.009502,8.056430,-3.032355,0.098024,0.722668,-0.677849,-0.135176,0.100000,0.020000,1,0.447629
17.760324,25.317127,0.579308,9.093480,-0.520897,0.057486,3.871227,-3.223888,-0.594024,0.228022,-0.527773,0.818206,0.100000,0.020000,1,0.554478
17.415985,25.240732,0.227990,7.165770,4.210475,5.871879,-70.385391,26.380373,291.741913,0.714876,-0.606466,0.348068,0.100000,0.020000,1,0.828817
17.525387,25.258345,-0.425618,8.431655,1.855243,-0.042287,6.561479,-2.563636,0.435970,0.568103,-0.562044,-0.601138,0.100000,0.020000,1,0.612596
17.438929,25.237787,-0.307182,8.199000,2.729749,-0.030519,7.553780,-2.345031,0.314737,0.692745,-0.576081,-0.433860,0.100000,0.020000,1,0.933160
18.561144,25.428200,0.996129,328.545502,79.150772,147.348434,9957.615234,2018.697266,5643.603027,0.551233,-0.542506,0.633900,0.100000,0.020000,1,0.533013
17.128574,24.934151,0.190624,326.676544,-140.356033,115.285866,18875.517578,-10047.484375,6679.999023,0.729367,-0.496961,0.470164,0.100000,0.020000,1,0.520914
17.808014,25.156485,-0.926905,41.666557,-18.279165,-82.204216,2743.539551,-1552.623779,-6749.359375,0.401142,-0.479728,-0.780350,0.100000,0.020000,1,0.097691
17.458487,25.140749,0.097620,24.261936,5.301198,-2.710834,1551.256836,139.433563,-232.707748,0.863146,-0.479461,0.158420,0.100000,0.020000,1,0.644523
17.348881,25.121519,-0.106924,7.217134,4.517535,0.258833,43.438644,88.751045,28.971519,0.876699,-0.455378,-0.155018,0.100000,0.020000,1,0.031223
17.338049,24.962044,0.155462,-62.711159,48.183590,-172.052490,-4379.949219,2171.142578,-10218.991211,0.887875,-0.460075,0.002894,0.100000,0.020000,1,0.193223
17.453253,25.119385,-0.375444,12.379425,1.004011,-16.829220,242.279373,-156.545761,-901.609131,0.692519,-0.424125,-0.583554,0.100000,0.020000,1,0.732711
17.495173,25.119633,0.296757,-485.745819,-267.899536,-219.822067,-30564.962891,-16998.980469,-13608.104492,0.850377,-0.411233,0.328246,0.100000,0.020000,1,0.418036
16.264975,27.205570,0.050459,-364.305756,544.113098,-132.613052,-29354.265625,42667.679688,-10559.159180,0.403393,-0.426545,0.809527,0.100000,0.020000,1,0.004750
17.371578,25.043373,-0.208797,7.082609,3.324460,0.329332,90.039421,-39.977318,42.236652,0.881224,-0.363958,-0.301625,0.100000,0.020000,1,0.268356
17.861208,25.306381,-0.622768,9.011366,-1.550882,-0.061880,2.716816,-3.100628,0.637917,0.099195,-0.465274,-0.879591,0.100000,0.020000,1,0.114045
17.631363,25.069983,-0.428623,16.480307,1.047601,11.492080,753.479126,-332.055054,1167.030396,0.534247,-0.383500,-0.753331,0.100000,0.020000,1,0.464130
17.406654,25.037703,-0.318880,6.153121,3.004389,-0.031683,7.932334,-0.052310,0.326546,0.831264,-0.325815,-0.450383,0.100000,0.020000,1,0.688286
17.415901,25.016266,0.329411,5.766693,0.886736,-1.726037,-18.600994,-178.144836,-156.827850,0.820879,-0.308515,0.480599,0.100000,0.020000,1,0.501032
17.500147,25.063503,0.452247,4.552927,3.578056,-0.426857,-97.491722,45.512630,-21.882513,0.696404,-0.332593,0.635928,0.100000,0.020000,1,0.189439
17.335321,24.953175,0.015087,5.259196,3.703651,0.011676,14.195380,-1.954930,1.213539,0.968293,-0.248924,0.021110,0.100000,0.020000,1,0.339345
17.350687,24.924889,0.137447,4.977490,3.528172,0.013295,8.644772,1.366871,-0.138040,0.959859,-0.202456,0.194119,0.100000,0.020000,1,0.503988
17.685268,25.228077,0.596985,-391.857330,-568.046326,-225.571320,-24860.376953,-35469.242188,-14064.827148,0.521160,-0.339101,0.783200,0.100000,0.020000,1,0.364713
17.346325,24.910309,-0.107278,4.894281,3.501957,0.078639,8.468140,1.623704,2.174717,0.971460,-0.183498,-0.150313,0.100000,0.020000,1,0.151386
17.369989,24.916500,-0.206515,4.903363,3.353943,-0.019375,11.303576,0.945535,-0.250062,0.938919,-0.182921,-0.291499,0.100000,0.020000,1,0.221984
17.401997,24.762081,0.197511,-105.370010,73.026665,51.164375,-6868.670410,3802.455811,3036.356689,0.924743,-0.163568,0.343652,0.100000,0.020000,1,0.349999
17.412207,24.872778,-0.295517,4.475763,2.903182,-0.029360,7.895406,1.836705,0.302682,0.902742,-0.104151,-0.417384,0.100000,0.020000,1,0.272227
17.552124,25.012081,-0.513873,5.668096,1.422593,0.128901,-2.544933,-3.594284,6.751070,0.653016,-0.222065,-0.724056,0.100000,0.020000,1,0.004211
17.498835,24.942579,0.451594,5.209710,2.040310,0.044867,6.888574,1.045456,-0.462554,0.754334,-0.155428,0.637827,0.100000,0.020000,1,0.884125
17.479881,24.924328,-0.424238,5.018946,2.228155,-0.042150,7.112671,1.244950,0.434526,0.788227,-0.140252,-0.599190,0.100000,0.020000,1,0.231544
17.439388,24.857590,0.340473,4.328323,2.622310,0.033827,7.571624,2.004749,-0.348863,0.873908,-0.070989,0.480880,0.100000,0.020000,1,0.326245
17.388725,24.753384,-0.077125,3.186478,3.022674,-0.007369,8.850839,4.271356,0.066458,0.993032,0.044995,-0.108920,0.100000,0.020000,1,0.347865
17.387283,24.747236,0.018098,3.100555,3.001373,0.001733,8.338243,3.579165,-0.015270,0.998274,0.052867,0.025559,0.100000,0.020000,1,0.187530
17.419327,24.706015,0.130220,2.701521,2.689731,0.011523,8.381390,4.781469,-0.164045,0.975261,0.122659,0.183902,0.100000,0.020000,1,0.461447
17.617828,24.990456,0.568581,5.729163,0.841673,0.056488,5.519413,0.504506,-0.582545,0.573428,-0.162111,0.803057,0.100000,0.020000,1,0.080309
17.438011,24.708216,-0.206993,2.781073,2.568966,-0.019868,7.677999,3.716231,0.204360,0.947824,0.127156,-0.292336,0.100000,0.020000,1,0.593095
17.574997,24.892954,-0.519783,4.724936,1.251526,-0.051642,6.009674,1.631878,0.532328,0.676922,-0.053113,-0.734136,0.100000,0.020000,1,0.458278
17.326944,24.707413,0.231280,87.592987,-48.059059,12.314672,4818.839844,-3061.613281,795.116272,0.930964,0.175654,0.320081,0.100000,0.020000,1,0.205706
16.870239,24.924074,0.459691,-106.722366,81.218735,-17.078022,-13475.122070,3360.699951,-1501.140991,0.782683,0.071751,0.618271,0.100000,0.020000,1,0.631924
16.803642,25.122877,-0.946576,-135.387497,87.074310,-101.077667,-11819.548828,6893.062012,-8536.169922,0.788448,0.098475,-0.607168,0.100000,0.020000,1,0.050528
17.581934,24.708233,-0.292814,9.295562,5.340209,2.730196,741.552673,367.664581,280.358429,0.869201,0.206459,-0.449293,0.100000,0.020000,1,0.070237
17.507746,24.677418,0.353637,1.275001,2.526265,2.615910,-131.249786,79.794113,229.535187,0.851996,0.216098,0.476869,0.100000,0.020000,1,0.223536
17.465137,24.650545,-0.097411,-4.034444,12.757669,-0.432700,-482.931641,1022.970459,-28.465538,0.930740,0.339068,-0.136953,0.100000,0.020000,1,0.444328
17.553305,24.539722,0.001967,-11.899569,8.348994,3.311188,-640.339111,381.329987,173.588470,0.927551,0.373407,0.014723,0.100000,0.020000,1,0.673771
17.534081,24.550827,0.107919,0.789515,1.011258,0.030973,8.575167,8.817371,0.620096,0.907052,0.392388,0.152608,0.100000,0.020000,1,0.285785
17.628366,24.856697,0.553419,4.370505,0.698302,0.054983,5.424430,2.039196,-0.566843,0.623387,0.020548,0.781643,0.100000,0.020000,1,0.838022
16.974472,24.920431,-0.166846,1447.012695,-921.734985,-86.503738,88867.242188,-56718.351562,-5315.047852,0.876201,0.389228,-0.284207,0.100000,0.020000,1,0.567451
17.551846,24.559181,0.222889,2.896065,0.385708,4.009600,72.578300,-31.175055,195.296906,0.858192,0.390017,0.333756,0.100000,0.020000,1,0.140714
17.525415,24.657978,-0.460838,-7.278541,9.581334,-9.919556,-874.926880,538.176025,-821.989380,0.767696,0.264531,-0.583667,0.100000,0.020000,1,0.994431
17.665934,24.831192,-0.528036,6.975547,10.729121,-1.666500,366.140808,989.491028,-156.682297,0.665638,0.167998,-0.727119,0.100000,0.020000,1,0.394029
17.611877,24.542555,-0.302448,1.167692,0.781489,-0.030050,5.624490,5.635983,0.309786,0.795473,0.429820,-0.427173,0.100000,0.020000,1,0.480077
17.646448,24.475929,-0.104052,0.177687,0.307763,0.000000,-45.559093,-71.924797,-0.341220,0.813340,0.562956,-0.146830,0.100000,0.020000,1,0.324812
17.645060,24.544004,0.341768,1.697384,0.451337,-0.431191,51.788177,-20.665243,-61.214050,0.753760,0.434123,0.493338,0.100000,0.020000,1,0.898221
17.650991,24.637577,0.452662,2.145691,0.408732,0.044970,5.178956,4.542061,-0.463859,0.698104,0.322340,0.639334,0.100000,0.020000,1,0.728703
17.673359,24.762188,0.549004,3.420176,0.214756,0.054546,4.902531,3.120666,-0.562304,0.608825,0.167560,0.775407,0.100000,0.020000,1,0.506945
17.682354,24.455198,0.026795,0.299107,0.518068,0.000000,-76.553421,-118.457123,0.088524,0.786007,0.617060,0.037811,0.100000,0.020000,1,0.204561
17.711304,24.438486,0.109657,-1.656024,1.526146,1.359028,-139.288773,-53.887291,58.816696,0.761213,0.625920,0.169643,0.100000,0.020000,1,0.495727
17.687075,24.452473,-0.195142,0.102311,0.177208,0.000000,-22.554590,-43.923599,-0.716732,0.753705,0.596727,-0.275398,0.100000,0.020000,1,0.029541
17.695910,24.551725,-0.405435,1.282096,0.029989,-0.113697,5.504284,15.966370,-7.167527,0.680066,0.459065,-0.571637,0.100000,0.020000,1,0.379649
17.709148,24.439728,0.221001,0.141092,0.088434,0.010895,-12.416531,-33.847904,0.848920,0.722179,0.617340,0.312007,0.100000,0.020000,1,0.020489
17.723963,24.663399,-0.524587,2.428200,-0.327082,-0.051917,4.330050,4.259349,0.537833,0.588857,0.322938,-0.740917,0.100000,0.020000,1,0.187952
17.757391,24.449652,-0.311852,0.261432,-0.725133,-0.030983,3.981615,6.710690,0.319477,0.646661,0.622759,-0.440456,0.100000,0.020000,1,0.257329
17.822733,24.374151,0.027316,0.384458,0.665901,0.000000,-90.322853,-153.420029,0.112001,0.626261,0.778659,0.038555,0.100000,0.020000,1,0.777731
17.818890,24.376369,-0.075503,0.359075,0.621936,0.000000,-83.591125,-143.765839,-0.309559,0.627506,0.771285,-0.106567,0.100000,0.020000,1,0.871410
17.784731,24.539808,0.454380,1.186616,-0.978958,0.045141,3.659837,5.688351,-0.465510,0.567251,0.516109,0.641761,0.100000,0.020000,1,0.459517
17.762140,24.654938,0.540317,2.363355,-0.711977,0.050598,3.651363,4.443564,-0.369988,0.541884,0.352389,0.763009,0.100000,0.020000,1,0.702061
17.802614,24.448286,0.345090,0.259585,-1.185839,0.034286,3.459195,6.730476,-0.353488,0.587261,0.646192,0.487401,0.100000,0.020000,1,0.310288
17.833109,24.368160,0.121385,0.302148,0.523336,0.000000,-64.435234,-123.270493,0.606406,0.601876,0.779987,0.171366,0.100000,0.020000,1,0.326537
17.856773,24.362694,-0.191527,-0.597057,-1.760293,-0.019029,2.846622,7.711637,0.196171,0.556262,0.785746,-0.270511,0.100000,0.020000,1,0.950225
18.591764,23.930153,0.798206,142.599319,-82.251335,119.567543,11888.817383,-6882.073242,9935.491211,0.490819,0.810155,0.320539,0.100000,0.020000,1,0.785405
18.070074,24.830561,-0.569391,52.732208,64.231499,-25.692204,3096.157227,2583.805176,-303.330627,0.488371,0.478669,-0.729637,0.100000,0.020000,1,0.213356
17.816647,25.504772,0.856596,-24.007858,229.490280,97.828094,-1850.913818,18846.203125,7877.458984,0.454525,0.626327,0.633341,0.100000,0.020000,1,0.423900
17.867476,24.452986,-0.466100,8.057734,-4.654693,29.265686,404.271118,-259.720123,1688.809204,0.465032,0.647525,-0.603703,0.100000,0.020000,1,0.072110
18.037241,24.274656,-0.286683,-101.337181,59.372387,0.848131,-6002.336426,3447.881348,145.811188,0.422692,0.794868,-0.435336,0.100000,0.020000,1,0.219816
22.608128,23.127905,0.926454,1437.953491,-443.290680,119.575912,43526.535156,-13372.785156,3621.367188,0.434675,0.496398,0.751429,0.100000,0.020000,1,0.940693
18.055307,24.308041,0.049096,11.228269,-4.287120,8.586569,1001.581482,-76.155518,698.456970,0.387844,0.921579,0.016432,0.100000,0.020000,1,0.524126
17.952517,24.427664,0.297496,18.452948,-43.030270,17.077068,1082.549072,-2388.551514,943.661743,0.382124,0.798746,0.464744,0.100000,0.020000,1,0.044388
18.018419,24.319441,-0.103778,-0.993721,-3.417935,-0.010425,0.998626,8.211377,0.106334,0.362290,0.920468,-0.146577,0.100000,0.020000,1,0.337608
18.282585,24.355631,0.045689,59.195358,2.417930,-27.191149,4820.184082,519.657654,-2086.764648,0.334459,0.923182,0.189400,0.100000,0.020000,1,0.977650
18.029808,24.337780,-0.190838,-0.803570,-3.529381,-0.018886,0.843481,8.017128,0.195423,0.338387,0.901579,-0.269536,0.100000,0.020000,1,0.400692
18.089987,24.315392,0.092803,3.308204,-4.304249,-18.916767,298.228333,-166.194595,-1788.959839,0.266843,0.904909,0.331565,0.100000,0.020000,1,0.078215
18.072412,24.364882,-0.248618,34.950516,-12.681190,50.597912,2557.618896,-1274.295776,4250.479492,0.325763,0.627659,-0.707052,0.100000,0.020000,1,0.960321
18.289671,24.312788,-0.185373,65.830414,-37.646461,59.124832,5209.951172,-2716.666504,4712.515625,0.281596,0.755005,-0.592175,0.100000,0.020000,1,0.018135
18.048990,24.460966,0.434863,0.454986,-3.690666,0.043158,0.625114,6.606146,-0.444986,0.254032,0.747150,0.614194,0.100000,0.020000,1,0.031295
18.132631,24.387104,-0.304202,-0.274178,-4.562191,-0.030223,-0.314463,7.451952,0.311692,0.178278,0.885221,-0.429652,0.100000,0.020000,1,0.750023
18.205606,24.331629,0.019625,-0.819402,-5.320203,0.001950,-1.154159,8.084318,-0.020106,0.107894,0.993776,0.027718,0.100000,0.020000,1,0.854506
18.116985,24.388596,0.430447,-0.246087,-1.690946,10.522569,-136.055710,102.664299,1015.379944,0.148907,0.859815,0.488412,0.100000,0.020000,1,0.068408
18.216717,24.344830,0.120578,-0.681952,-5.429548,0.011980,-1.283374,7.945136,-0.123517,0.086827,0.981559,0.170302,0.100000,0.020000,1,0.447447
17.990776,24.582724,0.554996,1.679073,-3.065189,0.055140,1.294160,5.199634,-0.568431,0.273121,0.557632,0.783870,0.100000,0.020000,1,0.834918
18.233194,24.343706,-0.083080,-0.689030,-5.597762,-0.008254,-1.471352,7.955429,0.085119,0.065488,0.990930,-0.117342,0.100000,0.020000,1,0.549779
17.836081,24.728870,-0.612804,3.125110,-1.450788,-0.060884,3.042901,3.521635,0.627818,0.408671,0.289601,-0.865517,0.100000,0.020000,1,0.585143
18.172640,24.444883,-0.391359,0.324765,-4.953791,-0.038878,-0.783805,6.795066,0.401103,0.097523,0.827621,-0.552751,0.100000,0.020000,1,0.356871
18.253887,24.376945,-0.205525,-0.345011,-5.799201,-0.020418,-1.713642,7.591311,0.210569,0.022114,0.956686,-0.290282,0.100000,0.020000,1,0.369496
18.263350,24.391611,0.242277,-0.421096,-5.961593,0.615890,-24.497583,2.487243,57.400536,-0.000191,0.942097,0.335342,0.100000,0.020000,1,0.807646
19.495949,24.988304,-0.547016,323.188599,98.590881,-6.628756,26190.882812,8360.278320,-534.587830,0.160379,0.662097,-0.732056,0.100000,0.020000,1,0.544385
18.193850,24.479650,0.431019,0.684363,-5.160336,0.042820,-1.031241,6.400738,-0.441668,0.052737,0.791595,0.608766,0.100000,0.020000,1,0.755221
18.300964,24.342266,0.137278,11.247622,-6.623370,-24.723522,834.839783,-397.698334,-2308.881348,-0.021111,0.894772,0.446025,0.100000,0.020000,1,0.319827
18.273315,24.418159,-0.291149,0.079587,-5.985853,-0.028957,-1.936580,7.105486,0.298254,-0.023383,0.911238,-0.411216,0.100000,0.020000,1,0.282987
18.108883,24.551170,0.528094,2.165732,-4.566106,-0.692274,34.662457,-5.608459,-33.425560,0.127185,0.659229,0.741108,0.100000,0.020000,1,0.687712
17.938156,24.662941,-0.603174,2.481525,-2.507718,-0.059925,1.889202,4.279914,0.618110,0.304644,0.425949,-0.851915,0.100000,0.020000,1,0.245771
18.389420,24.404665,0.023921,-0.026154,-7.171582,0.002377,-3.257440,7.276881,-0.024503,-0.171113,0.984672,0.033786,0.100000,0.020000,1,0.207324
18.522646,24.080151,0.138127,38.574383,-84.681061,53.420937,2930.810547,-6293.183105,4352.623535,-0.193684,0.971576,-0.136112,0.100000,0.020000,1,0.949160
18.017162,24.413494,-0.541233,-33.909386,24.880289,-56.921227,-3703.668213,1961.897949,-5106.480469,-0.179816,0.950758,-0.252438,0.100000,0.020000,1,0.301237
18.278841,24.133839,0.055000,-3.794755,9.167388,76.220535,-754.023438,-149.834137,4586.279785,-0.191259,0.969479,0.153397,0.100000,0.020000,1,0.533398
18.318336,24.497463,-0.389428,1.201005,-6.570748,0.342373,26.580519,-12.247897,37.119156,-0.118418,0.823851,-0.554298,0.100000,0.020000,1,0.741319
18.657116,24.084717,0.266715,-418.135895,240.959137,-40.763115,-25509.054688,14057.356445,-2404.050781,-0.264539,0.910070,0.319048,0.100000,0.020000,1,0.027462
18.451872,24.457455,-0.229689,6.821624,-15.482361,12.710621,503.537231,-688.551025,1095.484497,-0.256825,0.869089,-0.422760,0.100000,0.020000,1,0.766369
18.039982,24.646395,-0.601581,2.340370,-3.548892,-0.059765,0.707407,4.477521,0.616512,0.177339,0.496608,-0.849666,0.100000,0.020000,1,0.262366
18.247507,24.589094,-0.514192,0.679545,4.783540,-12.647475,-19.992735,669.286133,-751.835327,-0.053282,0.669768,-0.740656,0.100000,0.020000,1,0.005564
18.423203,24.532116,0.340915,1.280535,-7.481175,0.032539,-3.678171,5.816242,-0.265208,-0.276916,0.831580,0.481448,0.100000,0.020000,1,0.267503
18.237486,24.598518,0.533435,1.906451,-5.572687,0.052993,-1.535173,5.033187,-0.546716,-0.062042,0.654609,0.753417,0.100000,0.020000,1,0.922041
18.348045,24.567457,0.448791,1.620059,-6.706488,0.044583,-2.795943,5.406789,-0.460006,-0.194002,0.748716,0.633867,0.100000,0.020000,1,0.385984
18.530224,24.510725,-0.097055,0.932176,-7.883073,0.112566,-23.705183,14.139499,4.542086,-0.413931,0.900095,-0.135975,0.100000,0.020000,1,0.228041
18.536676,24.530102,0.118866,0.119443,-9.957127,3.429028,-79.100594,-79.732330,202.937759,-0.426846,0.887788,0.172149,0.100000,0.020000,1,0.085563
18.548929,24.526072,0.019460,1.118000,-8.513946,0.214860,-10.648170,14.746117,7.873759,-0.440450,0.897297,0.029357,0.100000,0.020000,1,0.091221
18.560329,24.694778,-0.206212,2.534452,8.395918,-0.145528,45.920761,1573.569702,-56.459099,-0.480289,0.832953,-0.274794,0.100000,0.020000,1,0.797772
18.557663,24.598511,0.235324,1.989021,-8.822250,0.018966,-5.343816,5.372359,-0.382756,-0.487197,0.807589,0.332323,0.100000,0.020000,1,0.528161
18.571508,24.586735,-0.217206,6.422505,-10.440534,8.086263,423.459564,-173.469574,790.023499,-0.459312,0.792821,-0.400582,0.100000,0.020000,1,0.449905
18.442781,24.618130,-0.420972,2.161346,-7.657211,-0.041824,-3.890956,4.833938,0.431332,-0.344032,0.726720,-0.594576,0.100000,0.020000,1,0.167406
18.451986,24.624334,0.417911,2.227230,-7.749496,0.041519,-3.993226,4.755560,-0.428190,-0.359226,0.722882,0.590253,0.100000,0.020000,1,0.818339
18.328783,24.636671,0.520292,2.319502,-6.491717,0.051689,-2.585523,4.612061,-0.532995,-0.201518,0.647596,0.734854,0.100000,0.020000,1,0.414393
18.343285,24.648142,-0.520150,5.460095,-18.135155,9.361602,185.834534,-701.730713,579.104553,-0.225666,0.645806,-0.729389,0.100000,0.020000,1,0.357890
18.536987,24.633381,0.323104,2.342164,-8.612360,0.032101,-4.976382,4.664800,-0.330939,-0.476425,0.751509,0.456348,0.100000,0.020000,1,0.913410
18.058388,24.591908,-0.538132,26.044424,-12.346535,-39.289387,1135.505005,-769.451904,-2213.101074,0.035295,0.527587,-0.848767,0.100000,0.020000,1,0.591553
18.651518,24.677599,-0.097924,2.823179,-9.766289,-0.009729,-6.288539,4.170527,0.100300,-0.649649,0.747548,-0.138307,0.100000,0.020000,1,0.287728
18.668016,24.693872,0.000150,2.993276,-9.929731,0.000015,-6.477417,3.991413,-0.000154,-0.679338,0.733825,0.000212,0.100000,0.020000,1,0.706168
18.663237,24.712496,0.133284,3.181683,-9.876070,0.013242,-6.414477,3.777160,-0.136578,-0.681895,0.706811,0.188249,0.100000,0.020000,1,0.987498
18.642963,24.711702,-0.205280,3.167997,-9.670006,-0.020393,-6.194754,3.773711,0.210381,-0.654597,0.698170,-0.289935,0.100000,0.020000,1,0.533127
18.442268,24.704453,-0.489361,3.040043,-7.628853,-0.048620,-3.895905,3.835840,0.501244,-0.384623,0.611844,-0.691168,0.100000,0.020000,1,0.124251
18.542206,24.728928,-0.404774,3.316044,-8.639562,-0.040216,-5.050101,3.571698,0.414702,-0.529034,0.627124,-0.571698,0.100000,0.020000,1,0.710644
18.656836,24.761345,0.230682,3.679967,-9.802398,0.030561,-6.297752,3.149266,-0.117369,-0.696774,0.638963,0.325935,0.100000,0.020000,1,0.571041
18.524500,24.739950,0.433138,3.423641,-8.456358,0.043030,-4.838567,3.444577,-0.443858,-0.510791,0.604023,0.611759,0.100000,0.020000,1,0.906783
18.433237,24.759705,0.527671,3.600168,-7.521946,0.052426,-3.796581,3.207096,-0.540568,-0.399047,0.534157,0.745277,0.100000,0.020000,1,0.070800
18.535133,24.745049,-0.368729,26.811787,-65.422157,60.239086,984.595093,-3804.524170,3574.077148,-0.698590,0.561995,-0.442869,0.100000,0.020000,1,0.003961
18.627150,24.785475,0.455077,-30.442196,-94.365028,-67.995880,-2211.246582,-5488.681152,-3783.055420,-0.689352,0.551326,0.469929,0.100000,0.020000,1,0.624977
18.673473,24.822935,0.101474,-1.598906,-14.042743,-2.423063,-574.136536,-316.383392,-186.297318,-0.815514,0.557783,0.154324,0.100000,0.020000,1,0.596028
18.738155,24.844397,-0.079344,-0.151256,-10.256614,-0.284828,-231.026413,10.173739,-9.766763,-0.821692,0.558283,-0.114640,0.100000,0.020000,1,0.508136
18.822742,24.924364,-0.085712,-216.930069,-117.397369,295.256805,-13585.944336,-6428.488281,18219.224609,-0.830521,0.556627,0.020048,0.100000,0.020000,1,0.239479
18.616180,24.960211,0.165669,-7.879375,2.319950,-6.791813,-1156.952515,1144.816284,-629.022583,-0.807546,0.507117,0.301166,0.100000,0.020000,1,0.851015
18.705040,24.898413,-0.206640,5.160530,-10.980528,0.266824,-1.139271,-26.379639,11.282970,-0.824805,0.485698,-0.289472,0.100000,0.020000,1,0.365125
18.063023,25.573669,-0.792727,-121.134628,198.036224,-73.340340,-3551.053711,5643.306641,-1729.321899,-0.525904,0.479496,-0.702502,0.100000,0.020000,1,0.992604
18.605829,24.867588,-0.398063,4.675305,-9.170673,-0.041059,-7.355834,2.636266,0.375452,-0.679173,0.471816,-0.562241,0.100000,0.020000,1,0.789979
18.606802,24.889015,0.448739,5.820935,-7.066926,5.125273,96.965187,166.766739,464.144257,-0.673802,0.451092,0.585241,0.100000,0.020000,1,0.739881
18.303478,24.753138,-0.600273,3.498421,-6.202630,-0.059633,-2.304996,3.277509,0.615164,-0.223597,0.480840,-0.847819,0.100000,0.020000,1,0.774165
18.678663,24.954283,-0.300219,5.269970,-10.032815,-0.069103,-24.103054,-3.718717,-0.934387,-0.815959,0.392503,-0.424443,0.100000,0.020000,1,0.547309
18.671505,24.964300,0.314166,5.748163,-9.892469,0.031298,-6.558980,0.876373,-0.324909,-0.813287,0.376392,0.443727,0.100000,0.020000,1,0.252522
18.482397,24.859791,0.528536,4.632568,-7.995104,0.052335,-4.366993,2.069597,-0.541282,-0.512186,0.424750,0.746494,0.100000,0.020000,1,0.325068
18.556662,25.709669,0.199352,-41.246380,165.832550,47.006012,-3802.402588,14057.087891,3745.684570,-0.936660,0.349759,0.018371,0.100000,0.020000,1,0.824653
18.736320,25.020916,-0.094469,11.026414,-23.479885,6.026095,272.730957,-762.345825,355.950592,-0.928041,0.350892,-0.124955,0.100000,0.020000,1,0.915479
18.738255,25.027172,0.112984,6.414663,-10.547298,0.015304,-7.453657,0.172679,-0.319025,-0.932231,0.324702,0.159733,0.100000,0.020000,1,0.180375
18.714720,25.050129,0.210867,6.632844,-10.309252,0.020949,-7.037663,-0.098225,-0.216101,-0.911685,0.283073,0.297826,0.100000,0.020000,1,0.053935
18.720118,25.074471,-0.187340,6.882021,-10.357286,-0.018128,-7.108475,-0.364361,0.203886,-0.930493,0.253328,-0.264590,0.100000,0.020000,1,0.065280
18.562319,24.998966,-0.504885,13.693159,9.532868,-1.827693,244.600479,547.942261,-53.371193,-0.620287,0.344227,-0.704806,0.100000,0.020000,1,0.189216
18.623533,25.019255,-0.400148,6.293897,-9.389209,-0.039753,-5.992663,0.254503,0.410027,-0.775837,0.280476,-0.565164,0.100000,0.020000,1,0.764659
18.682938,25.088596,-0.287558,6.998546,-9.959847,-0.034330,-7.271595,-0.090815,0.109800,-0.887742,0.216593,-0.406203,0.100000,0.020000,1,0.555599
18.671686,25.096693,0.309389,7.095366,-9.858532,0.030734,-6.549412,-0.634290,-0.317013,-0.876804,0.200665,0.436977,0.100000,0.020000,1,0.581572
18.595097,25.029551,0.438654,6.391114,-9.097051,0.043582,-5.668145,0.123290,-0.449332,-0.742996,0.253209,0.619550,0.100000,0.020000,1,0.471615
18.720312,25.188120,-0.081486,8.114361,-10.241413,-0.042242,-8.411385,-1.593443,17.576208,-0.987400,0.101125,-0.121719,0.100000,0.020000,1,0.572411
18.515265,24.996277,0.523677,6.030877,-8.293343,0.052024,-4.744584,0.501637,-0.536583,-0.621080,0.259227,0.739636,0.100000,0.020000,1,0.547990
18.714108,25.208225,0.104043,8.241920,-10.260307,0.010336,-7.057183,-1.908581,-0.106600,-0.986458,0.072840,0.146949,0.100000,0.020000,1,0.467243
18.714977,25.231314,0.020918,8.477542,-10.262884,0.002078,-7.056137,-2.164391,-0.021426,-0.998655,0.042600,0.029545,0.100000,0.020000,1,0.254513
18.351873,24.829821,-0.606159,4.292011,-6.674601,-0.060221,-2.874030,2.395192,0.620983,-0.324525,0.402147,-0.856131,0.100000,0.020000,1,0.401038
18.686480,25.223751,0.210799,8.775795,-9.809882,-0.734617,41.621880,11.117079,-91.604462,-0.949151,0.038379,0.312472,0.100000,0.020000,1,0.896116
18.682375,25.244617,-0.193908,8.604202,-9.927264,-0.019204,-6.684919,-2.309572,0.197938,-0.961721,0.009346,-0.273872,0.100000,0.020000,1,0.696375
18.644863,25.251196,-0.285308,8.661057,-9.543614,-0.028344,-6.251069,-2.393775,0.292344,-0.915051,-0.017324,-0.402965,0.100000,0.020000,1,0.660290
18.716431,25.245676,-0.368678,-109.856461,-58.994938,-15.055823,-6933.026367,-2878.851318,-780.583252,-0.814927,0.053576,-0.577082,0.100000,0.020000,1,0.436843
18.651947,25.160175,-0.801000,31.420212,4.353264,-58.345436,2036.494629,1094.177734,-4923.316895,-0.689105,0.140964,-0.710819,0.100000,0.020000,1,0.799245
18.534895,25.342600,0.399812,25.798849,-120.576996,-14.525405,938.206299,-6375.535645,-1043.067383,-0.793997,0.044522,0.606289,0.100000,0.020000,1,0.786047
18.667559,25.330889,0.015764,29.980982,-38.086620,62.295292,1311.850342,-1950.154907,3888.388428,-0.985533,-0.165398,0.036983,0.100000,0.020000,1,0.898504
18.401571,24.927389,-0.601219,5.298649,-7.154166,-0.059726,-3.452442,1.291949,0.616236,-0.437169,0.296346,-0.849154,0.100000,0.020000,1,0.680010
18.642271,25.379793,-0.074391,10.018888,-9.473827,0.005779,-10.788774,-12.244559,-9.061716,-0.976161,-0.191745,-0.101706,0.100000,0.020000,1,0.272679
18.643227,25.373421,0.109856,9.907673,-9.493803,0.007433,-5.891249,-3.827530,-0.522073,-0.971261,-0.180438,0.155223,0.100000,0.020000,1,0.840527
18.496576,25.118282,0.533113,7.379533,-8.061079,0.029648,12.280828,-3.689400,-3.862417,-0.651626,0.086560,0.753586,0.100000,0.020000,1,0.829588
18.529165,25.341427,0.411728,349.059662,-170.917648,-423.940948,21175.779297,-10096.058594,-26428.445312,-0.874909,-0.121417,0.468821,0.100000,0.020000,1,0.426881
18.610548,25.381514,0.214803,10.199574,-9.893615,1.542368,9.534799,-66.052521,126.757874,-0.932329,-0.212015,0.292937,0.100000,0.020000,1,0.813886
18.600210,25.403854,-0.199209,10.203112,-9.047700,-0.019812,-5.756816,-4.148110,0.204357,-0.928743,-0.241395,-0.281361,0.100000,0.020000,1,0.484894
18.344587,25.062397,-0.588059,76.161621,-50.690758,-3.773559,4070.594238,-2520.105957,-215.665222,-0.511049,0.196797,-0.836720,0.100000,0.020000,1,0.139911
18.544315,25.307404,-0.404794,9.205937,-8.504870,-0.040137,-5.114048,-3.054525,0.415782,-0.808406,-0.140040,-0.571725,0.100000,0.020000,1,0.217031
18.532522,25.308643,0.421305,8.464659,-6.884855,-1.228244,-46.007206,74.257034,-66.935089,-0.792378,-0.153370,0.590436,0.100000,0.020000,1,0.469726
18.500883,25.219488,-0.506451,8.035865,-7.503094,1.649566,-25.640923,4.205632,62.548645,-0.712088,-0.053721,-0.700032,0.100000,0.020000,1,0.149969
18.447769,25.797546,-0.166398,-9.875003,80.043678,-111.102783,-1641.432373,7190.831055,-9048.261719,-0.846025,-0.282570,0.452102,0.100000,0.020000,1,0.026116
18.475208,25.214081,0.522405,8.211468,-7.811551,0.036501,-8.165049,1.925294,-3.428513,-0.672554,-0.048043,0.738487,0.100000,0.020000,1,0.703908
18.538824,25.428179,-0.292379,10.434299,-8.416471,-0.029048,-5.049560,-4.432741,0.299581,-0.858857,-0.303042,-0.412953,0.100000,0.020000,1,0.477469
18.529846,25.524569,-0.080741,11.412775,-8.299076,-0.008025,-4.972122,-5.540827,0.082713,-0.893018,-0.435331,-0.114038,0.100000,0.020000,1,0.293163
18.513481,25.534346,0.111134,11.508017,-8.129569,0.010552,-4.771651,-5.653246,-0.075203,-0.875959,-0.456142,0.156941,0.100000,0.020000,1,0.473037
18.518518,25.541477,0.013116,11.582039,-8.179058,0.001301,-4.831872,-5.736940,-0.013445,-0.886058,-0.463204,0.018525,0.100000,0.020000,1,0.854997
18.495962,25.526871,-0.190449,11.426802,-7.953514,-0.018208,-4.581472,-5.573193,0.207708,-0.849117,-0.454590,-0.268977,0.100000,0.020000,1,0.404037
18.421902,25.114210,-0.588254,7.206547,-7.310462,-0.057970,-3.691009,-0.849201,0.603090,-0.553494,0.057978,-0.830833,0.100000,0.020000,1,0.073438
18.362244,25.634275,0.094889,-12.821321,14.159574,-26.342255,-2027.832275,1826.001709,-2199.979248,-0.828442,-0.463066,0.315045,0.100000,0.020000,1,0.639415
18.371735,25.377798,-0.500468,-2.141344,0.359153,-1.178821,-1026.812622,696.311523,-98.491699,-0.682995,-0.216829,-0.697498,0.100000,0.020000,1,0.251790
18.452562,25.439238,-0.393729,10.523472,-7.535353,-0.039116,-4.068410,-4.573542,0.403500,-0.749597,-0.358968,-0.556099,0.100000,0.020000,1,0.749333
18.447132,25.529324,-0.275594,11.439170,-7.455530,-0.027384,-4.008715,-5.596218,0.282116,-0.785456,-0.481192,-0.389246,0.100000,0.020000,1,0.314213
17.742878,25.335182,1.308414,-64.156708,78.623787,169.953964,-7582.109375,5057.083984,14388.251953,-0.712841,-0.346566,0.609713,0.100000,0.020000,1,0.267532
18.413059,25.325220,0.518236,9.352157,-7.163841,0.051485,-3.601808,-3.265463,-0.530949,-0.642626,-0.226452,0.731950,0.100000,0.020000,1,0.364380
18.416609,25.534052,0.308331,11.479324,-7.143609,0.030633,-3.650765,-5.655725,-0.315873,-0.747185,-0.502066,0.435483,0.100000,0.020000,1,0.390811
18.402136,25.628384,0.006953,12.435472,-6.970928,0.000691,-3.505686,-6.743368,-0.007123,-0.773067,-0.634249,0.009821,0.100000,0.020000,1,0.219088
18.399372,25.623861,-0.086728,12.388487,-6.943950,-0.008617,-3.480573,-6.685640,0.088844,-0.767232,-0.629564,-0.122494,0.100000,0.020000,1,0.601949
18.384487,25.637180,0.202438,30.754461,-11.637916,-88.573380,1096.578857,-236.835602,-5180.095703,-0.765589,-0.626345,0.146850,0.100000,0.020000,1,0.935381
18.328321,25.765589,-0.111006,80.684662,-306.606873,-208.069229,4159.090332,-18344.091797,-12828.456055,-0.719827,-0.643855,-0.259423,0.100000,0.020000,1,0.886502
18.802509,25.883074,-0.692715,115.430466,75.935425,-67.122467,8462.890625,6725.991699,-5465.889160,-0.650181,-0.511290,-0.562003,0.100000,0.020000,1,0.109965
18.446112,25.619440,0.192575,-140.518890,-102.419762,107.428909,-9169.982422,-6102.961914,6644.736816,-0.676214,-0.664782,0.317488,0.100000,0.020000,1,0.800795
18.378263,25.230099,-0.585062,8.374233,-6.835242,-0.058126,-3.200971,-2.177718,0.599285,-0.550941,-0.116771,-0.826334,0.100000,0.020000,1,0.159079
18.717943,25.704908,-0.486058,101.974693,20.185606,-37.916573,7330.972656,2067.068604,-3242.658203,-0.652416,-0.644478,-0.398750,0.100000,0.020000,1,0.895937
18.221012,25.626339,-0.660472,-27.818680,33.182255,-50.905533,-2945.337646,3298.229736,-3945.233154,-0.607442,-0.403529,-0.684236,0.100000,0.020000,1,0.077173
24.846359,20.319057,2.769848,1956.019287,-492.524597,547.384399,9823.611328,-134328.437500,21455.933594,-0.608835,-0.504857,0.611915,0.100000,0.020000,1,0.522839
18.338829,25.412966,0.507293,10.225276,-6.384544,0.050400,-2.764366,-4.277705,-0.519734,-0.586007,-0.378457,0.716495,0.100000,0.020000,1,0.662036
18.268843,25.615936,0.306459,12.261754,-5.608112,0.029817,-2.154943,-6.435614,-0.341039,-0.589966,-0.681611,0.432835,0.100000,0.020000,1,0.283930
18.340546,25.303431,-0.574207,9.052638,-6.324981,-0.006777,-9.201782,10.834782,7.109499,-0.536363,-0.229686,-0.812133,0.100000,0.020000,1,0.057478
18.222126,25.691320,-0.102270,15.118730,-3.742273,3.221160,97.145508,62.609970,156.247849,-0.576067,-0.807269,-0.128312,0.100000,0.020000,1,0.503321
18.226763,25.702860,0.021980,13.146361,-5.164538,0.002177,-1.506917,-7.597154,-0.022693,-0.575794,-0.817005,0.031045,0.100000,0.020000,1,0.847523
18.208994,25.699120,0.109223,13.103388,-4.985417,0.010852,-1.301684,-7.558649,-0.111899,-0.550405,-0.820522,0.154265,0.100000,0.020000,1,0.781066
18.195415,25.685755,-0.183580,13.013733,-4.705471,0.289000,0.361497,-1.937513,11.578120,-0.526759,-0.810363,-0.256586,0.100000,0.020000,1,0.855512
17.913254,25.356255,-0.408051,75.334518,-24.110502,17.244419,2671.560791,-2175.782227,950.233154,-0.526535,-0.665778,-0.528679,0.100000,0.020000,1,0.308099
18.177156,25.679052,0.207163,14.895631,-4.561850,1.955983,95.698540,1.309079,93.565216,-0.508142,-0.806526,0.302171,0.100000,0.020000,1,0.190914
18.208344,25.575605,0.405499,11.845800,-5.012037,0.040284,-1.284396,-6.140811,-0.415422,-0.490491,-0.656816,0.572723,0.100000,0.020000,1,0.853649
18.140463,25.671041,-0.277839,11.948153,-5.158958,0.282386,-29.826778,-41.026207,11.776567,-0.436713,-0.810815,-0.389693,0.100000,0.020000,1,0.752829
18.221218,25.490564,-0.497396,10.982667,-5.165327,-0.050175,-0.338949,-4.433816,0.123117,-0.466514,-0.537584,-0.702402,0.100000,0.020000,1,0.550643
18.083012,25.727036,0.014452,13.353613,-3.695285,0.001436,0.144222,-7.895724,-0.014806,-0.396457,-0.917826,0.020412,0.100000,0.020000,1,0.802963
16.851313,27.353081,-2.712849,-342.539093,469.594086,-841.347534,-27753.236328,37020.054688,-65756.726562,-0.419738,-0.792123,0.443127,0.100000,0.020000,1,0.084150
18.204445,25.463167,0.527130,10.700118,-5.002602,0.052366,-1.224096,-4.859983,-0.540145,-0.431555,-0.509373,0.744513,0.100000,0.020000,1,0.880548
18.051796,25.717833,0.122021,13.251664,-3.380022,0.012125,0.506428,-7.789415,-0.125055,-0.350608,-0.920529,0.172341,0.100000,0.020000,1,0.397558
18.049547,25.724628,-0.073610,13.323553,-3.365123,-0.084121,0.647518,-8.279031,-2.781004,-0.350885,-0.930554,-0.104638,0.100000,0.020000,1,0.071222
18.251436,25.376051,-0.574285,9.527411,-5.378060,-0.082538,-13.042612,0.111170,-0.356416,-0.450104,-0.373013,-0.811337,0.100000,0.020000,1,0.341230
18.297716,25.297468,0.597991,9.038416,-5.996989,0.059405,-2.280168,-2.950876,-0.612761,-0.476191,-0.244743,0.844596,0.100000,0.020000,1,0.420842
18.074585,25.621956,-0.371787,12.281519,-3.637711,-0.036936,0.245087,-6.675164,0.381013,-0.335028,-0.782316,-0.525108,0.100000,0.020000,1,0.909039
18.141237,25.524235,-0.486813,11.303463,-4.342984,-0.050417,-0.517027,-5.556074,0.429914,-0.376793,-0.620683,-0.687589,0.100000,0.020000,1,0.798689
18.021805,25.704988,-0.186536,13.178674,-3.525059,-0.721931,4.174288,-22.814547,-24.139091,-0.304079,-0.913515,-0.270232,0.100000,0.020000,1,0.087727
18.005514,25.690746,0.225714,12.963437,-2.916240,0.022425,1.037420,-7.487023,-0.231273,-0.276198,-0.906688,0.318796,0.100000,0.020000,1,0.248742
18.071062,25.601942,0.402644,12.077004,-3.607581,0.040003,0.295296,-6.468283,-0.412489,-0.320783,-0.757424,0.568689,0.100000,0.020000,1,0.735974
17.965170,25.682571,-0.312202,12.591004,-0.442698,-1.620596,-20.921598,219.061172,-172.376633,-0.214151,-0.883536,-0.416537,0.100000,0.020000,1,0.897084
17.417408,26.337664,1.934114,-153.304504,209.498566,351.596344,-13189.580078,16909.193359,28153.544922,-0.302144,-0.629386,0.715949,0.100000,0.020000,1,0.527469
18.062201,25.403950,0.728098,-23.034822,5.477728,24.334915,-2806.292969,924.976929,2087.915039,-0.425024,-0.336358,0.840368,0.100000,0.020000,1,0.265586
17.813061,25.692453,0.318809,-6.891189,5.323446,0.506213,-1769.092163,666.077271,38.575642,-0.173344,-0.877444,0.447263,0.100000,0.020000,1,0.604400
17.816526,25.514568,-0.062343,0.594843,-42.243179,-15.438248,-1044.692627,-3388.489502,-1292.014893,-0.115840,-0.993082,0.019235,0.100000,0.020000,1,0.902077
18.150703,25.425774,-0.569594,10.304744,-4.465704,-0.056589,-0.615247,-4.431672,0.583534,-0.342312,-0.485409,-0.804488,0.100000,0.020000,1,0.674166
17.865217,25.694353,0.113280,13.041105,-0.489527,-0.562734,4.730302,40.754299,-27.899998,-0.093498,-0.983139,0.157146,0.100000,0.020000,1,0.765423
17.863754,25.701172,-0.085411,13.031127,-1.470144,-0.008541,2.636592,-7.693242,0.151908,-0.092947,-0.988333,-0.120657,0.100000,0.020000,1,0.348204
17.613947,25.616814,-0.310104,-21.615046,27.566555,9.674812,-3482.622803,1898.859619,892.765076,-0.148483,-0.833371,-0.532396,0.100000,0.020000,1,0.280386
18.017401,25.496931,-0.523648,14.264031,-8.977205,-6.477406,262.985962,-574.471191,-595.171509,-0.193850,-0.711474,-0.675445,0.100000,0.020000,1,0.052541
17.549673,25.657902,0.945734,-16.992434,31.670704,120.383942,-3110.918701,2027.178223,10677.608398,-0.054418,-0.954059,0.294635,0.100000,0.020000,1,0.800793
17.805485,25.621706,-0.142035,13.913112,2.141131,3.592598,-84.264954,-19.311008,397.250946,-0.054191,-0.964683,-0.257778,0.100000,0.020000,1,0.012898
17.914547,26.176037,-0.214266,22.686480,104.857422,14.890068,958.907410,8962.542969,1284.821777,-0.031627,-0.907674,-0.418482,0.100000,0.020000,1,0.916332
18.017773,25.571617,0.409226,-84.303894,-13.574200,19.995773,-5565.905273,-750.103638,1212.549805,-0.079180,-0.800772,0.593712,0.100000,0.020000,1,0.491160
17.681652,25.555902,0.414012,58.051464,-19.249765,-50.696732,2334.996338,-1387.155518,-2817.558350,0.011298,-0.890578,0.454690,0.100000,0.020000,1,0.399041
18.710339,26.214912,0.978599,182.458344,158.319855,103.636658,13935.589844,13092.404297,8514.932617,-0.134878,-0.687051,0.713981,0.100000,0.020000,1,0.012313
17.725008,25.632076,-0.169596,12.289498,-0.075854,-0.015121,4.233047,-6.827868,0.204285,0.124353,-0.962898,-0.239509,0.100000,0.020000,1,0.263508
17.712036,25.647911,0.028814,12.446333,0.061211,0.001402,4.378949,-7.007477,-0.041622,0.134022,-0.990143,0.040669,0.100000,0.020000,1,0.001291
17.711843,25.641407,-0.087724,12.491975,0.092776,0.790336,14.383348,-4.673697,71.229622,0.138360,-0.981695,-0.130885,0.100000,0.020000,1,0.331901
17.711449,25.640022,0.101500,12.367612,0.063831,0.010083,4.409144,-6.928016,-0.103988,0.138550,-0.979925,0.143358,0.100000,0.020000,1,0.184798
17.883469,25.527639,-0.468847,11.268800,-1.716740,-0.046122,2.468888,-5.641493,0.467837,-0.036125,-0.748474,-0.662180,0.100000,0.020000,1,0.279014
18.149593,25.383562,0.597585,9.874783,-4.465663,0.059299,-0.587912,-3.962332,-0.610979,-0.320656,-0.429894,0.844021,0.100000,0.020000,1,0.695580
17.903185,25.649782,0.196396,-334.667603,208.911682,-496.610443,-21068.808594,13344.686523,-31422.353516,0.156719,-0.940170,0.302523,0.100000,0.020000,1,0.061095
17.781628,25.537605,0.409613,11.360485,-0.669785,0.059529,5.535582,-5.045008,1.668802,0.094617,-0.810370,0.578229,0.100000,0.020000,1,0.346171
17.769527,25.543339,-0.394045,11.394561,-0.552355,-0.038669,3.723194,-5.818974,0.408371,0.107727,-0.823809,-0.556537,0.100000,0.020000,1,0.437883
17.696791,25.573198,-0.280686,11.683238,0.195166,-0.027887,4.577358,-6.156255,0.287452,0.189963,-0.898193,-0.396438,0.100000,0.020000,1,0.689826
17.692757,25.557102,0.305831,11.518448,0.231861,0.030387,4.629960,-5.975543,-0.313187,0.203016,-0.878750,0.431953,0.100000,0.020000,1,0.343928
18.041670,25.412434,-0.589508,10.139563,-3.359396,-0.058570,0.631873,-4.294684,0.603804,-0.191147,-0.519823,-0.832614,0.100000,0.020000,1,0.468332
17.842428,25.491117,0.485063,6.761889,1.263509,-5.566974,-306.979736,238.163101,-468.227570,0.024872,-0.690062,0.723323,0.100000,0.020000,1,0.341994
17.587440,25.561373,-0.070960,11.533058,1.304937,-0.007049,5.815754,-6.042783,0.072731,0.340827,-0.934768,-0.100223,0.100000,0.020000,1,0.870538
17.584709,25.563728,0.003045,11.556582,1.333640,0.000303,5.863406,-6.056842,-0.003121,0.343326,-0.939206,0.004301,0.100000,0.020000,1,0.682590
17.576647,25.545027,0.112198,11.364046,1.410696,0.011162,5.960641,-5.839626,-0.115318,0.362977,-0.918224,0.158467,0.100000,0.020000,1,0.551825
17.506180,25.513691,-0.213233,17.321007,-86.820702,28.474276,83.515747,-5626.091797,1689.658813,0.366792,-0.891963,-0.264321,0.100000,0.020000,1,0.252790
16.421066,26.625229,-1.248087,-371.251648,323.054230,-250.069794,-11663.782227,9442.600586,-7401.886230,0.257975,-0.793555,-0.551108,0.100000,0.020000,1,0.274864
17.674618,25.568783,-0.699133,-3.446423,32.748482,-43.890770,-1245.134766,2559.926025,-3667.068848,0.158084,-0.712909,-0.683206,0.100000,0.020000,1,0.202657
17.897884,25.661715,-0.041274,88.300507,35.884418,-54.240055,6302.808594,2843.745361,-4475.545898,0.406791,-0.863998,0.296698,0.100000,0.020000,1,0.269910
17.507914,25.205080,0.467804,23.413589,15.031536,-7.010714,117.998215,-200.909988,-178.369156,0.268798,-0.776104,0.570447,0.100000,0.020000,1,0.093316
17.964819,25.411894,-0.585194,10.113420,-2.577016,-0.058139,1.520034,-4.290646,0.599537,-0.088838,-0.555852,-0.826521,0.100000,0.020000,1,0.385345
17.553703,25.452360,0.308518,9.992192,2.921941,0.236012,-8.647909,152.038330,18.096689,0.446345,-0.782624,0.433908,0.100000,0.020000,1,0.382391
17.766165,25.416939,0.519525,10.064638,-0.702501,0.071705,-1.895941,-13.755226,0.695129,0.171653,-0.657340,0.733784,0.100000,0.020000,1,0.906583
17.746899,25.176174,-0.187357,57.535873,-14.724887,-27.078117,4146.499512,-2200.478516,-2566.363525,0.553790,-0.832280,0.025041,0.100000,0.020000,1,0.693322
17.542574,25.424091,-0.302063,29.973024,23.271914,-2.481752,1246.581055,1333.283813,-165.068878,0.460487,-0.780374,-0.423046,0.100000,0.020000,1,0.345396
17.433409,25.411720,-0.082756,21.128551,-0.503225,6.000941,644.854431,-184.309357,341.900604,0.597007,-0.795435,-0.104236,0.100000,0.020000,1,0.288698
17.454998,25.381979,0.098555,7.231736,6.040939,8.369368,-172.772705,110.615013,439.737030,0.587420,-0.791476,0.168829,0.100000,0.020000,1,0.814403
17.444580,25.259676,0.265407,16.520945,11.202132,2.876316,327.198608,9.813483,424.488464,0.578886,-0.761240,0.292242,0.100000,0.020000,1,0.256849
17.456779,25.382933,-0.189054,11.394408,4.107261,4.335731,100.657188,81.980469,241.624695,0.594190,-0.762585,-0.255739,0.100000,0.020000,1,0.141525
17.413504,25.193489,-0.547374,105.027802,-36.731960,46.749748,4922.630371,-3132.849121,2709.572266,0.308833,-0.654254,-0.690343,0.100000,0.020000,1,0.381183
17.571564,25.356091,-0.417266,11.818062,-2.424352,-6.911983,191.936203,-344.354156,-590.398743,0.465385,-0.704115,-0.536319,0.100000,0.020000,1,0.542257
17.565081,25.349003,0.411090,9.365507,1.469427,0.034351,6.125049,-3.833415,-0.656922,0.472065,-0.663404,0.580561,0.100000,0.020000,1,0.938458
17.470619,25.336897,-0.267328,8.662080,2.860592,-0.196873,-13.781098,8.007004,-5.328353,0.606856,-0.698464,-0.379307,0.100000,0.020000,1,0.404742
17.875095,25.382143,-0.586109,9.786277,-1.671869,-0.058024,2.546908,-3.958586,0.601218,0.044534,-0.559238,-0.827810,0.100000,0.020000,1,0.790071
17.538446,25.275537,0.313591,15.296066,-0.017672,0.495604,650.049255,-356.801971,52.119915,0.599057,-0.672168,0.435110,0.100000,0.020000,1,0.363883
17.672993,25.341909,0.513935,9.316333,0.375044,0.047759,3.686634,-2.946859,-1.316214,0.331917,-0.602205,0.726072,0.100000,0.020000,1,0.474310
18.117828,27.947348,-0.119947,124.760780,778.423584,130.164978,-1248.668945,27549.277344,3857.450684,0.206626,-0.570079,-0.795183,0.100000,0.020000,1,0.532419
17.387434,25.277977,0.104442,8.593109,3.263595,0.010368,8.137921,-2.796933,-0.106915,0.741935,-0.654043,0.147513,0.100000,0.020000,1,0.952956
17.383162,25.264683,-0.051847,8.092925,10.271785,-11.041562,-15.901153,391.135895,-622.377197,0.750654,-0.653347,-0.098262,0.100000,0.020000,1,0.113086
17.381861,25.232441,0.033491,3.308112,6.864580,-2.329638,-271.662872,108.147552,-113.606384,0.771747,-0.634914,0.035937,0.100000,0.020000,1,0.450067
17.951582,25.388540,0.598371,9.872049,-2.448852,0.059454,1.671403,-4.036774,-0.612777,-0.060095,-0.531168,0.845133,0.100000,0.020000,1,0.011862
17.733404,25.123434,-0.114799,71.727013,-18.038260,9.640759,5467.064453,-1832.814819,830.084595,0.761329,-0.603651,-0.236608,0.100000,0.020000,1,0.319317
17.482231,25.251368,-0.371875,8.348742,2.292686,-0.037022,7.058502,-2.476495,0.386313,0.628754,-0.573408,-0.525235,0.100000,0.020000,1,0.334955
17.293402,26.075798,-0.131666,-49.221794,165.421295,69.241287,-4822.440430,13686.081055,5781.600098,0.493069,-0.564824,-0.661708,0.100000,0.020000,1,0.985698
17.599880,25.284918,0.488514,8.718650,1.104677,0.046917,5.658398,-2.858999,-0.522379,0.456536,-0.561740,0.689944,0.100000,0.020000,1,0.200469
17.504551,25.242876,0.408002,8.268377,2.063238,0.040536,6.799712,-2.384448,-0.417943,0.603171,-0.551463,0.576257,0.100000,0.020000,1,0.493768
17.392473,25.214266,0.214960,7.946721,3.196168,0.021346,8.093619,-2.072925,-0.220128,0.765687,-0.567051,0.303606,0.100000,0.020000,1,0.148548
16.632570,25.405798,-0.080126,-132.811081,113.155502,43.228100,-12117.437500,7814.230957,3536.649414,0.749277,-0.538419,-0.385601,0.100000,0.020000,1,0.220372
17.225672,25.107811,0.192718,68.162857,-27.784071,-122.678505,3381.782715,-2103.735596,-7045.412598,0.872589,-0.487115,0.036172,0.100000,0.020000,1,0.136275
17.211748,25.169765,0.169943,-19.133850,17.075634,6.335819,-2206.404541,1058.315430,615.400146,0.870733,-0.462565,0.166907,0.100000,0.020000,1,0.956530
18.049580,25.873013,-0.556300,178.896744,202.232941,-236.436554,13480.680664,15595.562500,-18560.292969,0.762882,-0.471400,0.442485,0.100000,0.020000,1,0.477813
17.691149,25.271965,-0.563085,8.611557,0.171332,-0.054733,4.632700,-2.723282,0.588757,0.341534,-0.500895,-0.795272,0.100000,0.020000,1,0.085206
17.780203,25.314327,0.589843,9.070212,-0.723952,0.058597,3.641844,-3.196313,-0.604464,0.202965,-0.514559,0.833087,0.100000,0.020000,1,0.656811
17.286882,24.788340,-0.312777,41.587009,7.751577,-229.955078,1090.008911,-1311.324829,-13853.458984,0.582094,-0.469094,-0.664167,0.100000,0.020000,1,0.712887
17.338499,25.095190,-0.071163,6.707023,3.716415,0.063692,9.574074,-1.160337,4.282312,0.894790,-0.435046,-0.100423,0.100000,0.020000,1,0.592836
17.620800,25.169920,-0.349304,27.902842,6.803201,1.957196,2038.694702,394.490570,218.946716,0.728719,-0.440087,-0.524683,0.100000,0.020000,1,0.296149
19.736744,25.184233,-0.182534,603.836975,29.036488,-94.297928,47610.980469,2022.210938,-7598.144043,0.861740,-0.410626,0.297978,0.100000,0.020000,1,0.990472
17.406284,24.942892,-0.121820,24.588699,0.525794,12.516718,1347.814941,-713.473450,1097.894287,0.878826,-0.389487,-0.275616,0.100000,0.020000,1,0.847115
17.463799,25.098463,0.414264,7.260820,2.179593,-0.513376,22.168976,-10.412773,-23.088165,0.721876,-0.376039,0.580939,0.100000,0.020000,1,0.034091
17.555492,25.153917,0.501617,7.200256,1.401428,0.048850,-15.475500,-15.531179,-0.329584,0.574191,-0.410465,0.708394,0.100000,0.020000,1,0.670397
17.423754,24.901396,1.474149,27.251780,1.859108,369.002319,1488.563965,-603.460510,30641.332031,0.858913,-0.318235,-0.401241,0.100000,0.020000,1,0.589403
17.498217,24.878998,0.200474,-117.911140,77.746765,108.074730,-7392.446777,4155.436035,6387.560547,0.853338,-0.296050,0.429147,0.100000,0.020000,1,0.763682
17.511311,24.759308,-0.630520,-288.625366,174.229248,727.851501,-17825.564453,9900.121094,43666.515625,0.956872,-0.264073,-0.121085,0.100000,0.020000,1,0.804404
17.635836,25.183834,-0.558818,7.697659,0.707943,-0.051605,5.576818,-1.388638,0.259481,0.457288,-0.410174,-0.789079,0.100000,0.020000,1,0.601537
17.337084,24.945265,0.021799,5.202056,3.680364,0.000804,18.793568,-4.483515,-2.517222,0.970612,-0.238567,0.031601,0.100000,0.020000,1,0.620356
17.028769,25.318333,0.343818,-70.220047,89.966347,119.250130,-6122.369141,7037.703613,9701.935547,0.943016,-0.220738,-0.248987,0.100000,0.020000,1,0.801637
17.342838,24.921154,0.118422,4.854681,3.522571,-0.118691,-21.231495,14.523166,-33.620770,0.965192,-0.193664,0.175781,0.100000,0.020000,1,0.078735
17.511374,25.042421,-0.472010,6.229562,1.939443,-0.046893,6.747911,-0.099191,0.483591,0.689949,-0.282013,-0.666662,0.100000,0.020000,1,0.820209
17.436382,24.972475,-0.371186,5.511532,2.681617,-0.074256,10.780108,5.207854,-12.874027,0.824010,-0.223610,-0.520582,0.100000,0.020000,1,0.756767
17.458044,24.973972,0.402668,5.518341,2.463970,0.040008,7.360522,0.678402,-0.412445,0.793492,-0.216618,0.568724,0.100000,0.020000,1,0.890106
17.372946,24.891701,0.204266,4.651870,3.301942,0.020135,8.354238,1.628446,-0.207658,0.945982,-0.147944,0.288499,0.100000,0.020000,1,0.019435
17.406723,24.897486,0.295115,4.726070,2.965668,0.029318,7.962579,1.547492,-0.302471,0.898209,-0.139584,0.416818,0.100000,0.020000,1,0.639347
17.454016,24.791969,-0.262541,19.805084,-3.122123,2.971914,1184.618896,-723.699280,252.665588,0.913458,-0.108799,-0.392119,0.100000,0.020000,1,0.274971
17.723310,25.235916,0.596010,8.256668,-0.165955,0.059206,4.299224,-2.301096,-0.610649,0.316001,-0.437631,0.841797,0.100000,0.020000,1,0.625676
17.546457,25.006311,0.508754,5.871116,1.573364,0.050892,6.359237,0.312079,-0.527762,0.660633,-0.217310,0.718569,0.100000,0.020000,1,0.558687
17.379021,24.787046,-0.097408,3.519695,3.189608,0.021678,12.660714,0.976338,-3.934227,0.990747,-0.006769,-0.135549,0.100000,0.020000,1,0.782075
17.372639,24.783035,0.003665,3.484700,3.191542,0.000284,8.470800,3.181825,-0.001354,0.999984,-0.002215,0.005175,0.100000,0.020000,1,0.602504
17.394020,24.781284,-0.167959,3.509453,3.027566,-0.016331,8.156260,2.933844,0.160621,0.971414,0.009284,-0.237211,0.100000,0.020000,1,0.946212
18.124594,24.446802,-0.512520,75.504662,-37.845882,-16.862577,7319.248047,-4259.658203,-1706.236694,0.860039,-0.065094,-0.506059,0.100000,0.020000,1,0.360916
18.757395,25.403191,-0.488324,359.687225,202.831879,-142.603271,28234.289062,15250.950195,-11478.531250,0.988917,0.018455,0.147314,0.100000,0.020000,1,0.579160
17.752943,24.995129,-0.071522,62.802681,42.567142,-127.757820,4884.019043,3113.322510,-9988.176758,0.834265,-0.058059,0.548298,0.100000,0.020000,1,0.951570
17.539051,24.930801,-0.448905,-19.043571,13.650351,-21.503201,-1384.877930,781.932190,-1310.263184,0.751133,-0.121928,-0.648793,0.100000,0.020000,1,0.973987
17.534077,24.747414,0.293672,29.218727,-3.992095,47.481323,2161.330811,-547.646973,3355.027832,0.955728,0.023873,0.293281,0.100000,0.020000,1,0.080649
17.749313,24.794420,-0.520700,49.956539,-88.557419,11.345740,1423.331665,-2810.968506,266.779114,0.526517,-0.272651,-0.805259,0.100000,0.020000,1,0.301539
17.464388,24.918720,-0.244048,-15.323308,-75.917404,-4.826993,-1038.535889,-4347.559570,-208.863556,0.925672,0.037950,-0.376418,0.100000,0.020000,1,0.553211
17.453939,24.754295,0.299760,3.375539,2.398965,0.028428,9.857147,1.630930,-0.598328,0.902907,0.073829,0.423448,0.100000,0.020000,1,0.775857
17.689667,25.176535,0.595791,7.643015,0.160323,0.059197,4.682411,-1.631735,-0.610110,0.389069,-0.374864,0.841488,0.100000,0.020000,1,0.451598
17.556450,24.913021,0.517393,4.834831,2.664416,1.352836,8.833290,127.471947,135.551758,0.697783,-0.073162,0.712563,0.100000,0.020000,1,0.679232
17.454885,24.640055,0.167550,8.827852,-0.879643,34.601562,501.182983,-240.272842,2825.898193,0.977796,0.208634,0.019689,0.100000,0.020000,1,0.100369
17.541552,24.816652,-0.453040,1.508011,3.387167,-2.418463,-132.731888,68.391129,-117.871994,0.759358,0.015452,-0.650489,0.100000,0.020000,1,0.008606
17.404564,24.615582,0.224041,0.373101,17.272440,23.153772,-1943.829834,-2493.784180,1170.685303,0.958517,0.244847,0.145931,0.100000,0.020000,1,0.098606
17.742735,24.854620,-0.392259,34.195011,-11.433093,29.641993,2340.561279,-1343.756470,2599.982910,0.578610,-0.163743,-0.798998,0.100000,0.020000,1,0.198950
17.470652,24.643215,0.194091,1.751955,2.314939,-0.608762,-26.214205,23.736767,-35.474709,0.933220,0.234005,0.272659,0.100000,0.020000,1,0.308615
17.492834,24.670946,-0.312969,6.983451,10.075844,-31.928226,401.008698,637.308044,-2540.568115,0.935120,0.236273,-0.264056,0.100000,0.020000,1,0.683731
17.521990,24.701218,-0.368222,2.750157,1.770732,-0.059253,-1.506419,8.490557,-6.814053,0.836677,0.177520,-0.518130,0.100000,0.020000,1,0.949518
17.540260,24.705992,0.392978,2.812423,1.554613,0.039040,6.439459,3.759575,-0.402613,0.812436,0.178550,0.555038,0.100000,0.020000,1,0.364758
17.623940,24.747255,0.474681,-27.398932,19.965487,12.209786,-1790.629150,955.640808,677.138489,0.709948,0.069368,0.700830,0.100000,0.020000,1,0.784257
17.516977,24.724569,0.221929,-0.001601,15.750571,-9.902717,-185.491135,1341.231201,-922.288574,0.862695,0.291611,0.413182,0.100000,0.020000,1,0.140072
17.155003,24.780073,1.236980,-105.900337,63.405838,361.512207,-8166.530762,4706.209473,28327.812500,0.940982,0.318470,-0.114586,0.100000,0.020000,1,0.007293
17.628487,24.973326,0.575178,5.557857,0.728605,0.057147,5.412939,0.704927,-0.589152,0.567467,-0.134268,0.812375,0.100000,0.020000,1,0.661365
17.542170,24.606131,-0.289565,1.795956,1.486266,0.024058,6.470659,4.202659,1.991344,0.857708,0.312289,-0.408426,0.100000,0.020000,1,0.558123
17.654959,24.916990,-0.572078,-16.781693,-9.404758,7.614685,-1223.972900,-577.209961,436.961151,0.609264,-0.042068,-0.791850,0.100000,0.020000,1,0.569083
17.584368,24.529873,0.061538,-14.053498,0.581731,23.895937,-778.781067,-39.583267,1247.627319,0.891568,0.417827,0.174721,0.100000,0.020000,1,0.844661
17.593071,24.712347,-0.456283,2.891464,1.018829,-0.045334,5.839878,3.696897,0.467421,0.739270,0.195360,-0.644449,0.100000,0.020000,1,0.859390
17.299734,24.676105,-0.333016,-47.397762,27.763239,-70.671066,-4216.945801,2241.261719,-5879.973633,0.888662,0.458553,0.003059,0.100000,0.020000,1,0.719126
18.337322,24.077053,1.290954,197.802261,-113.190521,323.274933,15480.619141,-9470.034180,26167.498047,0.885653,0.451714,-0.107579,0.100000,0.020000,1,0.640834
17.593939,24.517361,0.180096,-8.597109,6.376458,14.081489,-526.602539,317.975372,797.713989,0.851362,0.440622,0.284665,0.100000,0.020000,1,0.497267
17.563278,24.529991,-0.162325,-4.144323,3.336216,4.215197,-371.308685,218.421967,337.731232,0.854661,0.453347,-0.253045,0.100000,0.020000,1,0.825251
17.604105,24.601974,-0.371373,1.770552,0.876549,-0.036895,5.707090,4.948708,0.380536,0.777385,0.347201,-0.524523,0.100000,0.020000,1,0.393744
17.641333,24.707098,0.499986,7.093783,-0.136365,4.125122,340.982208,-62.565758,324.111938,0.698213,0.213087,0.683441,0.100000,0.020000,1,0.134043
17.619286,24.595985,0.380421,1.759466,0.718446,0.011872,12.685261,3.248695,-4.408942,0.761371,0.361602,0.538106,0.100000,0.020000,1,0.656448
17.203924,24.731419,-1.412181,-56.073059,55.835033,-223.222687,-7033.102539,-1091.020264,-15447.630859,0.781612,0.502792,-0.369165,0.100000,0.020000,1,0.088403
18.427395,25.679701,0.061177,223.669601,317.658966,-57.595657,17356.251953,24900.464844,-4610.509766,0.771360,0.482283,0.415219,0.100000,0.020000,1,0.538020
17.294212,24.679293,-0.447562,-46.541031,44.564445,-39.974785,-7306.583984,624.043945,-5611.168945,0.787640,0.603643,-0.123445,0.100000,0.020000,1,0.314611
16.504623,25.135160,-1.345735,-377.526154,218.688339,-387.807922,-9180.120117,5129.333984,-18977.689453,0.779798,0.625550,0.024534,0.100000,0.020000,1,0.124149
17.794062,24.507408,-0.003763,17.278996,13.706759,-17.066620,1591.390381,1234.744507,-1505.131836,0.768640,0.624385,0.139054,0.100000,0.020000,1,0.434135
18.201368,24.155546,-0.632429,145.579010,-66.585083,-117.995018,3472.201172,-5546.093262,-5193.333984,0.746508,0.617802,-0.247077,0.100000,0.020000,1,0.608715
17.673904,24.792936,-0.562754,3.733599,0.217517,-0.055917,4.907097,2.765750,0.576138,0.593400,0.126985,-0.794827,0.100000,0.020000,1,0.989594
17.682415,24.455166,0.277037,-3.726031,2.454541,9.125453,-427.131104,174.688812,912.997009,0.721599,0.632141,0.282300,0.100000,0.020000,1,0.894265
17.715517,24.513577,-0.375389,0.864046,-0.203130,-0.164975,6.369116,25.038383,-30.282951,0.673986,0.522174,-0.522568,0.100000,0.020000,1,0.722209
17.699425,24.611549,-0.476048,3.952869,-2.535104,3.931824,118.371666,-124.159142,214.874222,0.642569,0.389311,-0.659956,0.100000,0.020000,1,0.055468
17.713520,24.528717,0.393171,1.062549,-0.273226,-0.004622,4.845542,5.171960,-2.299865,0.667096,0.496927,0.555019,0.100000,0.020000,1,0.142646
17.769730,24.444540,0.313445,0.217641,-0.848898,0.034931,3.767856,6.767667,-0.451494,0.632584,0.635404,0.442831,0.100000,0.020000,1,0.053603
17.967367,24.306376,-0.411388,31.603756,-22.547312,-39.012062,2823.498047,-1887.673706,-2975.496582,0.640074,0.651695,-0.406938,0.100000,0.020000,1,0.075262
17.713505,24.702915,-0.543217,2.827730,-0.209861,-0.053968,4.452624,3.810875,0.556435,0.583851,0.265464,-0.767233,0.100000,0.020000,1,0.491758
17.744236,24.613981,0.499901,1.930666,-0.546697,0.049665,4.111261,4.829010,-0.512119,0.585562,0.398251,0.706055,0.100000,0.020000,1,0.615620
17.668079,24.913536,0.593786,4.959621,0.309516,0.058989,4.946097,1.392650,-0.608396,0.543474,-0.035942,0.838656,0.100000,0.020000,1,0.270305
17.860432,24.352385,0.240136,5.375201,-2.209108,45.300003,378.476044,-425.527771,3893.404053,0.623315,0.781937,0.007264,0.100000,0.020000,1,0.534547
17.770260,24.545301,-0.451640,1.208509,-0.823298,-0.064080,2.620717,5.818423,-0.296156,0.584055,0.501776,-0.638045,0.100000,0.020000,1,0.607375
18.077715,24.226938,-0.407319,38.221748,-21.265753,-51.840679,3332.729980,-2109.342041,-4683.100098,0.601278,0.791376,-0.110404,0.100000,0.020000,1,0.921573
17.827972,24.371126,-0.166040,0.130950,0.226812,0.000000,-3.387667,1.452246,7.462329,0.598259,0.766666,-0.233043,0.100000,0.020000,1,0.883643
17.857141,24.354284,0.108014,0.290661,0.503440,0.000000,-67.743744,-107.584953,6.632514,0.575717,0.802881,0.154698,0.100000,0.020000,1,0.463918
17.811642,24.459114,-0.363969,0.700376,-1.798525,-0.239842,16.725180,-13.114919,-7.672808,0.568563,0.640938,-0.515688,0.100000,0.020000,1,0.333667
17.733047,24.735844,0.571994,3.168378,-0.400253,0.056822,4.233635,3.415283,-0.586037,0.542158,0.231081,0.807877,0.100000,0.020000,1,0.337743
17.874895,24.361092,0.201893,-0.610001,-1.948046,0.017359,2.664939,7.870588,-0.090668,0.533026,0.796635,0.285054,0.100000,0.020000,1,0.528007
17.852036,24.466183,0.400118,0.454999,-1.684253,0.039746,2.884519,6.519523,-0.409815,0.513078,0.646056,0.565122,0.100000,0.020000,1,0.808952
17.705120,24.819239,0.591370,4.009688,-0.093186,0.058752,4.540187,2.470004,-0.605960,0.539372,0.106986,0.835244,0.100000,0.020000,1,0.668896
17.829569,24.563643,0.499514,1.441198,-1.429189,0.049627,3.130731,5.406182,-0.511682,0.496313,0.505896,0.705508,0.100000,0.020000,1,0.205897
17.913616,24.394585,0.308119,-0.259438,-2.333675,0.030374,2.152592,7.305753,-0.318908,0.465579,0.770620,0.435180,0.100000,0.020000,1,0.908169
17.953529,24.316881,0.017593,-1.037542,-2.757676,0.001748,1.731196,8.245542,-0.018016,0.449682,0.892843,0.024849,0.100000,0.020000,1,0.874584
17.921755,24.376373,-0.276128,14.041285,0.146319,-1.375314,891.279602,168.738892,-82.549751,0.455284,0.800015,-0.390758,0.100000,0.020000,1,0.044319
17.967346,24.321775,0.096564,-0.983887,-2.897117,0.009594,1.579024,8.189921,-0.098950,0.428997,0.892950,0.136386,0.100000,0.020000,1,0.623673
17.975439,24.388895,-0.376188,1.083046,-2.943552,-0.532657,240.647369,-132.318207,-116.920021,0.426601,0.752139,-0.502293,0.100000,0.020000,1,0.743726
18.034166,24.489521,-0.004020,-143.954544,-169.565048,-75.500061,-8861.977539,-9769.445312,-4486.493652,0.393134,0.914045,-0.099842,0.100000,0.020000,1,0.720252
17.885040,24.338179,-0.519408,-45.973576,39.483116,-98.975655,-441.356934,-2335.785156,-4284.652344,0.371856,0.897446,-0.237306,0.100000,0.020000,1,0.612270
17.767029,24.406313,-0.507052,139.455093,-80.267944,144.872345,8114.423340,-5382.650391,8929.054688,0.425876,0.640584,-0.638969,0.100000,0.020000,1,0.832968
17.781210,24.640757,-0.565871,6.673515,-1.877029,3.172503,157.022644,-88.750008,182.222839,0.479867,0.377959,-0.791754,0.100000,0.020000,1,0.118436
17.977375,24.347071,0.305469,-5.860076,1.463709,13.356766,-569.641602,355.378174,1280.833374,0.327483,0.901480,0.282999,0.100000,0.020000,1,0.023424
17.979582,24.425560,0.380655,0.075947,-2.993657,0.037816,1.425167,6.996097,-0.390024,0.363127,0.760980,0.537632,0.100000,0.020000,1,0.055471
17.885597,24.633085,-0.579499,3.033748,-53.488434,45.221294,85.173088,-3049.808594,2687.855469,0.410320,0.502721,-0.760860,0.100000,0.020000,1,0.464079
18.054510,24.376719,0.295847,-0.408431,-3.771097,0.034090,1.175959,7.949791,-0.780561,0.287356,0.861747,0.418112,0.100000,0.020000,1,0.196196
18.058556,24.367983,-0.276618,0.181036,-2.207006,-3.561294,38.179504,101.494888,-205.336578,0.283792,0.873035,-0.396575,0.100000,0.020000,1,0.451104
18.099771,24.302160,0.105216,-0.293744,-2.619899,0.321182,-44.623852,36.983776,51.731602,0.225688,0.964414,0.137733,0.100000,0.020000,1,0.674404
17.951256,24.519575,0.492810,0.902704,-3.122145,-0.056773,-4.600471,-18.701286,-6.367225,0.356460,0.623575,0.695766,0.100000,0.020000,1,0.790380
18.108253,24.305943,-0.093696,-13.293550,-13.210936,-6.104825,-348.362549,-259.923126,-239.015549,0.199170,0.973544,-0.111993,0.100000,0.020000,1,0.965542
18.141922,24.319109,0.012434,-0.963823,-4.675079,0.001235,-0.416477,8.238198,-0.012739,0.198445,0.979954,0.017561,0.100000,0.020000,1,0.776912
18.588385,24.496759,0.252965,89.336555,26.775269,87.217209,7517.551270,2647.865479,7274.287598,0.177338,0.954387,-0.240203,0.100000,0.020000,1,0.565886
18.103098,24.407591,-0.350246,-0.073458,-4.255823,-0.034602,0.025474,7.211818,0.351401,0.207698,0.843894,-0.494676,0.100000,0.020000,1,0.540163
18.113241,24.461998,-0.499278,14.744227,-7.202187,-5.723612,1250.687500,-327.118805,-504.456421,0.272496,0.704190,-0.655639,0.100000,0.020000,1,0.495345
18.029181,24.439245,0.450471,-8.575114,4.381218,10.971151,-597.303894,278.688416,593.853577,0.262503,0.695926,0.668415,0.100000,0.020000,1,0.969527
17.837742,24.675039,0.584811,2.577558,-1.482190,0.058101,3.040443,4.135724,-0.598980,0.432206,0.361876,0.825980,0.100000,0.020000,1,0.658934
18.101845,24.426594,0.381751,0.113160,-4.233991,0.039557,-0.187834,7.115948,-0.339447,0.200330,0.818006,0.539199,0.100000,0.020000,1,0.751065
18.267622,24.303741,0.257069,11.796679,-12.371537,7.942357,1147.746948,-670.358093,733.211365,0.130819,0.949794,0.284213,0.100000,0.020000,1,0.253605
18.201412,24.389629,-0.269068,-0.109284,-4.719643,-0.354909,22.356005,69.917862,-39.422058,0.092696,0.922937,-0.373625,0.100000,0.020000,1,0.159067
17.895931,24.642414,0.581785,2.261141,-2.083366,0.057803,2.368722,4.519212,-0.596018,0.370529,0.433021,0.821706,0.100000,0.020000,1,0.004400
18.218653,24.408499,0.309276,-0.033429,-5.432105,0.030726,-1.320213,7.220448,-0.316872,0.053818,0.897939,0.436817,0.100000,0.020000,1,0.192279
18.296921,24.368511,0.101627,-0.370496,-6.807960,0.176915,-1.831852,-25.533981,17.786522,-0.031709,0.989494,0.141053,0.100000,0.020000,1,0.659545
18.303438,24.366375,-0.069563,-0.439030,-6.306653,-0.006901,-2.266433,7.704368,0.071274,-0.038632,0.994412,-0.098250,0.100000,0.020000,1,0.284566
18.230947,24.436110,-0.352210,0.251051,-5.549811,-0.034988,-1.456681,6.894451,0.361070,0.024291,0.867148,-0.497457,0.100000,0.020000,1,0.718847
18.146311,24.486622,-0.453540,0.742666,-4.674528,-0.045061,-0.481917,6.314099,0.464608,0.112529,0.759606,-0.640574,0.100000,0.020000,1,0.313582
18.294611,24.394970,0.215293,-0.195555,-6.256950,0.070843,-6.940999,3.100406,4.596555,-0.041284,0.951935,0.303505,0.100000,0.020000,1,0.440035
18.339157,24.397665,-0.024401,3.540206,-1.875231,-3.843369,366.885590,425.584778,-356.277863,-0.048338,0.998823,0.003951,0.100000,0.020000,1,0.008733
18.302500,24.387964,-0.181760,-0.219919,-6.294810,-0.012001,-2.144216,7.740407,-0.938128,-0.047627,0.965448,-0.256208,0.100000,0.020000,1,0.708179
17.997478,24.590046,-0.561209,1.754851,-3.131177,-0.056040,1.221806,5.116012,0.583914,0.260733,0.551105,-0.792654,0.100000,0.020000,1,0.090860
18.157429,24.507074,0.473878,0.953693,-4.782200,0.047032,-0.616411,6.082755,-0.484778,0.087990,0.737765,0.669299,0.100000,0.020000,1,0.413689
18.389132,24.805006,-0.481474,101.592514,67.936775,1.977410,3312.369629,2698.072510,1152.091309,0.188887,0.620827,-0.760852,0.100000,0.020000,1,0.614459
18.235643,24.489902,0.365059,12.924419,-20.987221,12.005057,735.204651,-886.792603,611.168518,-0.011898,0.825574,0.564168,0.100000,0.020000,1,0.440573
17.986250,24.619089,0.556424,10.318963,-12.334302,5.725379,460.212921,-487.597351,307.197571,0.247335,0.542526,0.802802,0.100000,0.020000,1,0.954036
18.336664,24.442078,-0.282283,5.315587,-4.476857,2.723558,302.498230,140.094299,169.585510,-0.121980,0.909584,-0.397212,0.100000,0.020000,1,0.928940
19.559137,24.443357,0.761173,252.664551,-7.405006,93.738426,21070.453125,-70.969063,7823.852051,-0.108881,0.896338,0.429793,0.100000,0.020000,1,0.266747
18.419533,24.421734,0.007647,0.203733,-7.324884,0.005431,-1.865308,13.334508,0.185331,-0.219884,0.975466,0.010834,0.100000,0.020000,1,0.526712
18.416447,24.428095,0.095777,0.219830,-7.440322,0.009516,-3.568433,7.015228,-0.098084,-0.218208,0.966482,0.135274,0.100000,0.020000,1,0.499245
18.436869,24.437868,-0.069463,0.324710,-7.645640,-0.006900,-3.802538,6.896047,0.071188,-0.249995,0.963264,-0.098109,0.100000,0.020000,1,0.131195
18.436325,24.455946,-0.161068,0.508878,-7.635217,-0.015763,-3.824476,6.686844,0.156366,-0.257932,0.939001,-0.227482,0.100000,0.020000,1,0.691434
18.440126,24.471487,0.201032,0.664407,-7.627924,-0.018300,-4.169347,8.515191,-1.903379,-0.270471,0.919981,0.283692,0.100000,0.020000,1,0.653507
18.273264,24.528246,-0.452777,1.200602,-5.955767,-0.044990,-1.943289,5.846501,0.463948,-0.075954,0.765033,-0.639497,0.100000,0.020000,1,0.548499
18.602757,24.724758,-0.395494,43.526115,32.853123,-6.125847,3651.191162,3420.741211,-525.325317,-0.195404,0.837176,-0.510836,0.100000,0.020000,1,0.600068
18.078787,24.592226,0.572192,0.761527,-2.557498,-1.181698,-62.769039,65.575439,-60.854778,0.150723,0.577836,0.802115,0.100000,0.020000,1,0.417063
21.124004,22.468161,-6.838999,907.730347,-472.957092,-2136.679932,21499.888672,-23628.894531,-72016.296875,-0.195351,0.817248,0.542166,0.100000,0.020000,1,0.217930
18.394041,24.423145,1.051971,13.303412,-10.488303,38.563473,1323.164307,-841.060486,4788.274414,-0.065359,0.721857,0.688950,0.100000,0.020000,1,0.857732
18.395391,24.533607,-0.446942,-11.382330,-4.899426,-33.869961,-1080.113037,263.654297,-2908.025391,-0.323612,0.870710,-0.370324,0.100000,0.020000,1,0.152230
18.456821,24.532639,0.299638,1.294978,-7.823307,0.029786,-4.037813,5.813069,-0.308347,-0.321801,0.846960,0.423206,0.100000,0.020000,1,0.684276
18.553009,24.532541,0.013627,1.320155,-8.802791,0.001291,-5.136190,5.816348,-0.014818,-0.449488,0.893079,0.019246,0.100000,0.020000,1,0.988999
18.542173,24.550289,-0.167807,1.497484,-8.687566,-0.016672,-5.031563,5.615300,0.171861,-0.443583,0.864327,-0.237008,0.100000,0.020000,1,0.175647
18.569098,24.558329,-0.088660,1.586661,-8.959317,-0.008746,-5.334091,5.527483,0.091023,-0.483179,0.866521,-0.125221,0.100000,0.020000,1,0.123168
18.491810,24.609877,-0.344007,-8.670494,-20.245306,-3.473540,-548.683472,-638.354736,-178.961090,-0.353612,0.791415,-0.498618,0.100000,0.020000,1,0.519769
18.210997,24.622122,-0.554318,5.774124,-1.993705,-0.046248,315.664520,265.562775,1.277956,-0.006341,0.622034,-0.782965,0.100000,0.020000,1,0.163105
18.935810,24.256113,0.324530,85.255798,-78.954239,52.648418,6799.183105,-5687.873535,4282.555664,-0.486965,0.863098,0.133890,0.100000,0.020000,1,0.163576
18.459574,24.592501,0.376232,1.870760,-7.913189,0.064851,-4.740405,3.159634,0.290789,-0.353398,0.769649,0.531743,0.100000,0.020000,1,0.719159
18.442940,24.652039,-0.495482,-159.973495,-141.701324,96.931412,-9954.043945,-8272.774414,5960.354492,-0.249201,0.722161,-0.645277,0.100000,0.020000,1,0.476827
18.539469,24.602573,-0.277824,2.029334,-8.645848,-0.027601,-4.995089,5.023499,0.284713,-0.464990,0.793606,-0.392395,0.100000,0.020000,1,0.918032
18.572714,24.583170,0.219185,0.754968,-7.701267,-2.360992,-64.717583,28.992010,-90.434105,-0.500551,0.815949,0.289267,0.100000,0.020000,1,0.686472
18.187349,24.630171,0.570991,2.233853,-4.831827,0.127923,13.755487,41.773609,12.623994,-0.004713,0.595259,0.803520,0.100000,0.020000,1,0.650889
18.545515,24.616531,0.287313,2.172799,-8.703730,0.028544,-5.073329,4.855985,-0.294351,-0.479692,0.777961,0.405797,0.100000,0.020000,1,0.367740
18.277796,24.620598,-0.533900,2.142288,-5.977153,-0.052970,-2.007206,4.783358,0.545564,-0.126132,0.644566,-0.754073,0.100000,0.020000,1,0.382252
18.370909,24.630007,0.489292,2.262833,-6.922378,0.048609,-3.075943,4.693289,-0.501304,-0.254270,0.676586,0.691071,0.100000,0.020000,1,0.485042
18.632986,24.633913,0.011670,2.373578,-9.589411,0.001159,-6.060038,4.668586,-0.011951,-0.604153,0.796698,0.016482,0.100000,0.020000,1,0.550195
18.618710,24.569031,0.101646,-4.872294,4.708941,7.170764,-578.285339,509.318451,392.587097,-0.630219,0.758992,0.163569,0.100000,0.020000,1,0.751729
18.718882,24.639177,-0.134044,-51.044338,20.278811,40.455200,-3110.852539,1773.927368,2326.440918,-0.642902,0.757662,-0.112364,0.100000,0.020000,1,0.361179
18.527021,24.661137,-0.330905,22.264906,7.205671,-17.359962,1130.400879,941.899536,-1004.800659,-0.513951,0.699001,-0.497245,0.100000,0.020000,1,0.942986
18.604265,24.693344,0.177423,16.843470,-23.265690,19.301701,770.891235,-818.283875,1125.823730,-0.622785,0.730049,0.281366,0.100000,0.020000,1,0.397899
18.368076,24.339108,-0.370919,112.307816,-43.856243,388.443970,5751.433594,-3604.831055,23646.906250,-0.642146,0.731648,-0.228778,0.100000,0.020000,1,0.173727
18.533487,24.702250,0.395008,3.054272,-8.522791,-0.001368,-1.809389,7.342492,-5.826660,-0.503851,0.658634,0.558869,0.100000,0.020000,1,0.288041
18.434818,24.695969,0.489898,2.951897,-7.555272,0.048673,-3.797174,3.931773,-0.501904,-0.370674,0.619547,0.691927,0.100000,0.020000,1,0.866077
18.761379,24.856432,-0.395809,-128.162064,-134.593475,155.054153,-7791.145508,-7385.438477,9194.063477,-0.658344,0.662150,-0.357967,0.100000,0.020000,1,0.363397
18.454803,24.688169,-0.475833,3.925260,-7.914852,2.172909,24.141512,-19.158186,88.162651,-0.406691,0.637506,-0.654361,0.100000,0.020000,1,0.012440
18.261530,24.666071,0.571621,2.600531,-5.799042,0.056789,-1.822959,4.275158,-0.585610,-0.126267,0.576404,0.807351,0.100000,0.020000,1,0.947436
18.601591,24.832796,0.328111,18.633324,-65.137344,-22.680283,852.086731,-3163.863037,-1292.304688,-0.647734,0.638516,0.415618,0.100000,0.020000,1,0.888719
18.694725,24.794355,0.097744,3.735385,-9.769377,-0.278518,-36.919796,72.907959,-44.552742,-0.763889,0.628403,0.146913,0.100000,0.020000,1,0.331085
18.361509,24.701637,-0.544255,2.990041,-6.807237,-0.054214,-2.969657,3.874063,0.557233,-0.276046,0.576972,-0.768702,0.100000,0.020000,1,0.356127
18.712576,24.802990,0.005332,4.098226,-10.427467,-0.053721,-16.426710,-10.658076,-11.894526,-0.793938,0.607911,0.010387,0.100000,0.020000,1,0.452130
18.800522,25.154785,-0.066891,16.902843,39.131199,0.920793,1177.354370,4587.670898,86.260078,-0.788075,0.606764,-0.103805,0.100000,0.020000,1,0.735932
18.521475,24.778282,-0.454179,4.736908,-9.300599,0.262098,39.582016,-36.245213,14.730713,-0.528567,0.557978,-0.639748,0.100000,0.020000,1,0.948524
18.614212,24.819155,-0.361421,4.254244,-9.348197,-0.035905,-5.869049,2.556057,0.370260,-0.667790,0.541738,-0.510466,0.100000,0.020000,1,0.336908
18.595484,24.812292,0.385990,4.179366,-9.159439,0.038359,-5.657639,2.626344,-0.395834,-0.639640,0.541897,0.545169,0.100000,0.020000,1,0.469158
18.696697,24.855112,0.205592,4.646522,-10.177802,0.020887,-6.280501,2.078281,-0.569140,-0.794427,0.533377,0.290507,0.100000,0.020000,1,0.364822
18.764183,24.962986,-0.152602,14.582074,8.134795,5.951054,878.145142,1617.083252,509.733734,-0.801946,0.537656,-0.260401,0.100000,0.020000,1,0.011927
18.513416,24.794577,0.475191,3.976932,-8.328684,0.047208,-4.713142,2.818995,-0.486901,-0.522191,0.526183,0.671155,0.100000,0.020000,1,0.601449
18.684818,24.871111,-0.259041,3.767027,-11.109338,0.057125,-50.072681,-46.603157,3.924180,-0.778087,0.510989,-0.365337,0.100000,0.020000,1,0.828717
18.334482,24.721272,0.570084,3.182218,-6.526775,0.056633,-2.656323,3.647077,-0.584132,-0.249531,0.537977,0.805180,0.100000,0.020000,1,0.447970
18.738550,24.929159,-0.066333,5.407794,-10.584324,-0.006591,-7.300245,1.302308,0.067935,-0.885495,0.455107,-0.093688,0.100000,0.020000,1,0.740051
18.412146,24.773041,-0.548955,3.730771,-7.303500,-0.054434,-3.550077,3.061478,0.562953,-0.377422,0.506366,-0.775336,0.100000,0.020000,1,0.762536
18.702408,24.964687,0.325777,-42.967377,-94.839417,-42.455097,-2920.064941,-5135.022949,-2569.824463,-0.788428,0.447340,0.422218,0.100000,0.020000,1,0.298017
18.735390,24.942385,0.105040,5.541219,-10.548805,0.010381,-7.274909,1.137138,-0.105873,-0.887619,0.436032,0.148356,0.100000,0.020000,1,0.470083
18.745766,24.970022,0.002882,5.825960,-10.646557,0.000344,-7.394381,0.829682,-0.002954,-0.914622,0.404290,0.004071,0.100000,0.020000,1,0.595287
18.571308,24.885439,-0.447521,4.917593,-8.893824,-0.044434,-5.378809,1.773543,0.458244,-0.642509,0.433204,-0.632073,0.100000,0.020000,1,0.929425
18.716854,24.974079,0.200937,5.859229,-10.351398,0.019964,-7.054832,0.775965,-0.205832,-0.878162,0.385083,0.283801,0.100000,0.020000,1,0.741145
18.742184,24.999184,-0.233852,-7.519411,-22.691002,33.741123,-772.546265,-698.549438,1920.973145,-0.888526,0.378550,-0.259270,0.100000,0.020000,1,0.625079
18.640205,24.943071,-0.366700,5.522638,-9.579378,-0.036371,-6.183126,1.127336,0.375140,-0.761551,0.389611,-0.517922,0.100000,0.020000,1,0.510162
18.691803,25.058640,0.229781,51.559971,-19.532106,18.521200,3157.192627,-191.576660,511.226044,-0.750967,0.371503,0.545924,0.100000,0.020000,1,0.209234
18.313860,24.098778,0.249691,-164.036392,97.184639,235.822281,-11633.884766,3366.621094,13919.386719,-0.608894,0.411902,0.677926,0.100000,0.020000,1,0.091975
18.628769,25.023642,-0.239793,52.223766,-14.060761,-8.781836,2592.986328,-242.995422,-483.721802,-0.878488,0.311898,-0.361909,0.100000,0.020000,1,0.321328
18.401918,24.740858,-0.578209,-7.506130,-33.213970,-6.778397,-1044.415405,-2087.405273,-584.610596,-0.491899,0.420551,-0.762346,0.100000,0.020000,1,0.999791
18.749866,25.087940,0.021088,6.920389,-10.626758,-0.009424,12.160209,34.650070,30.378551,-0.965736,0.258810,0.019283,0.100000,0.020000,1,0.754830
18.708513,24.966808,0.258899,14.302285,-29.942051,-8.390264,240.602219,-576.825684,-337.784760,-0.858279,0.296118,0.419131,0.100000,0.020000,1,0.940588
18.597090,25.007584,-0.434622,7.049848,-4.519225,1.391161,117.084244,439.615356,140.162354,-0.703806,0.327402,-0.630448,0.100000,0.020000,1,0.020034
18.745424,25.096291,0.051246,-33.422588,1.534186,210.579483,-2530.658691,747.705750,13106.633789,-0.964221,0.228285,0.134771,0.100000,0.020000,1,0.132616
18.663280,25.088398,-0.335341,1.821427,-43.357006,-6.777396,-284.698242,-1961.188477,-388.523071,-0.835507,0.256275,-0.486056,0.100000,0.020000,1,0.913316
18.396633,24.808748,0.573926,4.077316,-7.124924,0.060307,0.975738,3.123594,-1.916636,-0.372233,0.451131,0.811125,0.100000,0.020000,1,0.534738
18.448029,24.860912,0.558590,7.095294,-6.497694,-2.281934,117.915443,63.305885,-118.129311,-0.478672,0.405335,0.778830,0.100000,0.020000,1,0.432747
18.730919,25.123623,-0.072635,8.163812,-10.735175,-0.085830,20.170404,-8.698302,-2.645289,-0.974767,0.197859,-0.103346,0.100000,0.020000,1,0.167802
18.725302,25.127527,-0.173946,6.164332,-9.963428,1.050645,-59.556824,13.261652,42.411793,-0.954761,0.179373,-0.237185,0.100000,0.020000,1,0.290784
18.472069,25.084105,0.667895,-26.973177,-2.675580,65.277153,-2527.925293,724.161743,4976.854004,-0.705361,0.276477,0.652707,0.100000,0.020000,1,0.591237
19.016771,24.359234,0.032344,94.179962,-225.880661,-50.107750,6767.741211,-16858.203125,-3917.950928,-0.939348,0.165542,0.300369,0.100000,0.020000,1,0.501130
18.923716,25.688154,1.722646,95.249641,162.740646,370.347931,6805.348633,13426.904297,28949.052734,-0.809662,0.208180,0.548734,0.100000,0.020000,1,0.899677
18.933376,24.526093,0.392830,102.143578,-16.787035,17.341408,7046.153320,-3030.353760,1529.449829,-0.903239,0.135609,0.407149,0.100000,0.020000,1,0.141336
18.680206,25.165390,-0.260621,7.059945,-18.850958,-9.744133,-45.925316,-531.606995,-576.619995,-0.916485,0.123827,-0.380424,0.100000,0.020000,1,0.155467
18.481171,24.955433,-0.544406,12.040160,-12.367068,-3.443142,384.720367,-263.335602,-208.691269,-0.560932,0.302826,-0.770488,0.100000,0.020000,1,0.242271
18.696619,25.261545,0.001172,30.173372,22.741222,62.940681,1298.187134,2132.984863,3883.924805,-0.999344,0.017584,0.031659,0.100000,0.020000,1,0.670240
18.688341,25.247639,-0.169096,8.655849,-10.028642,-0.034228,-5.186229,-6.787562,-1.630294,-0.971090,0.007570,-0.238591,0.100000,0.020000,1,0.679155
18.699091,25.254448,-0.085434,9.381350,-9.433414,0.525629,29.042643,10.469686,36.074215,-0.992588,-0.004686,-0.121433,0.100000,0.020000,1,0.605580
18.691538,25.275991,0.096126,21.937597,-38.491890,3.475326,799.797058,-1749.366577,212.887573,-0.990417,-0.010410,0.137716,0.100000,0.020000,1,0.089596
18.632267,25.191990,-0.346397,8.071974,-9.419900,-0.048631,-5.761598,-1.432012,0.039063,-0.870288,0.055177,-0.489443,0.100000,0.020000,1,0.190325
18.677866,25.260843,0.189301,8.768041,-9.876905,0.018773,-6.632249,-2.503921,-0.193942,-0.963488,-0.014361,0.267365,0.100000,0.020000,1,0.830588
18.502645,24.926668,0.021812,-5.974616,-60.471981,-95.504066,-1098.678589,-4053.930420,-7885.159668,-0.743340,0.124421,0.657240,0.100000,0.020000,1,0.468230
18.837208,25.257429,0.092798,64.124191,2.874334,-69.315933,4510.091309,986.671997,-5617.593262,-0.834724,0.027447,0.549984,0.100000,0.020000,1,0.222286
18.565859,25.127386,-0.461091,7.379562,-8.772917,-0.046193,-5.339270,-0.989934,0.465603,-0.750952,0.109315,-0.651246,0.100000,0.020000,1,0.112952
18.639685,25.291164,-0.259983,9.066307,-9.480178,-0.025828,-6.208177,-2.857399,0.266514,-0.927284,-0.072877,-0.367198,0.100000,0.020000,1,0.487922
18.455704,24.963055,0.569627,5.669333,-7.692389,0.056403,-5.218787,2.153783,-0.609820,-0.526263,0.275254,0.804539,0.100000,0.020000,1,0.234417
18.647383,25.383183,0.003700,10.005363,-9.533712,0.000366,-6.289044,-3.911550,-0.003771,-0.981500,-0.191389,0.005225,0.100000,0.020000,1,0.689670
18.589060,25.296564,-0.350440,9.107589,-8.963292,-0.034806,-5.625839,-2.917027,0.358835,-0.862641,-0.104248,-0.494957,0.100000,0.020000,1,0.071844
18.663580,25.288853,0.315411,-167.505829,19.472498,-13.006579,-10926.419922,1723.371826,-799.658630,-0.892373,-0.110700,0.437511,0.100000,0.020000,1,0.308822
18.468908,25.070518,-0.468316,-38.008308,-79.542503,-107.771492,-3728.170654,-5805.054199,-8412.374023,-0.968560,-0.219456,-0.117176,0.100000,0.020000,1,0.935790
18.436954,25.126108,-0.570110,114.149635,-192.596283,38.748226,6565.391113,-11387.763672,2349.954834,-0.616392,0.157775,-0.771471,0.100000,0.020000,1,0.127016
18.680277,25.421997,0.123383,29.592447,-8.667123,1.954427,898.921509,306.157776,329.848816,-0.957031,-0.236911,0.167228,0.100000,0.020000,1,0.420881
18.581396,25.492437,0.151362,6.013761,5.083287,-6.355219,-386.911774,1326.810913,-583.660278,-0.936739,-0.216567,0.274988,0.100000,0.020000,1,0.647244
18.476740,25.048056,0.556037,6.547575,-7.887043,0.055229,-4.307769,-0.085417,-0.569798,-0.594676,0.172050,0.785340,0.100000,0.020000,1,0.962777
18.543690,25.220676,-0.453464,8.305695,-8.518171,-0.047593,-9.970387,-0.738221,1.433123,-0.767274,-0.024577,-0.640849,0.100000,0.020000,1,0.829035
18.603325,25.411312,-0.173432,10.325027,-9.063686,0.012534,-3.358315,-3.367723,4.589674,-0.936582,-0.249785,-0.245807,0.100000,0.020000,1,0.967185
18.523792,25.225941,0.472920,8.336213,-8.271502,0.123792,-5.835798,-1.691192,0.977042,-0.741962,-0.042567,0.669089,0.100000,0.020000,1,0.657835
18.575010,25.343533,0.336191,-35.086117,-57.161453,99.913437,-2739.666748,-2988.051758,6145.301758,-0.834369,-0.156816,0.528429,0.100000,0.020000,1,0.022501
18.498770,25.420607,0.368112,289.792816,-64.820152,-394.728638,17415.177734,-3511.925049,-24605.224609,-0.868337,-0.272659,0.414305,0.100000,0.020000,1,0.047255
18.422874,25.182945,-0.567206,63.229511,-47.800220,24.428144,3302.113037,-2376.514160,1454.498779,-0.636635,0.038099,-0.770224,0.100000,0.020000,1,0.175131
18.535709,25.440971,-0.279276,10.563613,-8.381461,-0.027748,-5.016890,-4.588512,0.286364,-0.860836,-0.321517,-0.394447,0.100000,0.020000,1,0.057113
19.007956,24.480192,0.545313,140.563263,-293.523499,121.102722,10100.200195,-22283.171875,9461.792969,-0.901848,-0.403069,0.155580,0.100000,0.020000,1,0.128520
18.544443,25.509617,0.000654,10.191977,-4.919601,7.480611,-65.761749,174.496338,391.533325,-0.905706,-0.422971,0.028131,0.100000,0.020000,1,0.993772
18.464306,25.160282,0.548652,7.687413,-7.730417,0.054189,-4.283032,-1.369468,-0.518014,-0.631868,0.017093,0.774888,0.100000,0.020000,1,0.798818
18.491711,25.397621,-0.416766,16.330589,-185.750336,-78.516289,440.291016,-10907.435547,-4794.874023,-0.744259,-0.184250,-0.641973,0.100000,0.020000,1,0.242188
18.518782,25.507256,-0.182250,11.294724,-8.172903,-0.005345,-4.449463,-5.942739,0.390548,-0.871287,-0.417977,-0.257204,0.100000,0.020000,1,0.343126
18.529898,25.525459,-0.074642,11.421854,-8.298876,-0.007340,-4.961359,-5.544800,0.076715,-0.893508,-0.436498,-0.105422,0.100000,0.020000,1,0.215511
18.486124,25.520893,0.219762,9.820902,-6.346175,-1.394979,-120.398163,74.365158,-43.161320,-0.840221,-0.455170,0.294702,0.100000,0.020000,1,0.745136
18.485197,25.509668,-0.251203,11.247588,-7.846583,-0.023153,-4.455540,-5.362326,0.264023,-0.826579,-0.436934,-0.354760,0.100000,0.020000,1,0.585205
18.483940,25.443087,-0.353397,10.571153,-7.853543,-0.035110,-4.424128,-4.603946,0.361976,-0.793101,-0.349079,-0.499134,0.100000,0.020000,1,0.155959
2.145910,34.735714,1.644925,-4934.134766,2809.038330,381.785980,-149956.515625,85456.976562,11658.926758,-0.770655,-0.343526,0.536732,0.100000,0.020000,1,0.376396
18.402075,25.305113,0.420770,19.130274,-10.104193,14.916229,362.645233,-301.303833,723.365479,-0.711165,-0.222586,0.666859,0.100000,0.020000,1,0.772393
18.468624,25.499031,0.297244,11.168118,-7.704390,0.070399,0.260456,-12.549747,9.570479,-0.799069,-0.432780,0.417362,0.100000,0.020000,1,0.210433
18.455149,25.586945,-0.086161,12.027551,-7.520741,-0.007736,-4.113818,-6.250849,0.089512,-0.823649,-0.553892,-0.121676,0.100000,0.020000,1,0.337136
18.441177,25.228630,-0.543881,8.375249,-7.482454,-0.053809,-6.353012,-3.009960,0.635438,-0.634586,-0.084740,-0.768193,0.100000,0.020000,1,0.125151
17.942595,26.156336,0.511788,-123.084145,153.568893,102.191620,-6641.298340,6452.079102,6112.687988,-0.808200,-0.567379,0.157780,0.100000,0.020000,1,0.536290
18.274773,25.722950,0.069677,444.904053,-285.580750,-129.168320,26683.261719,-17129.240234,-7938.157715,-0.794311,-0.606968,0.025687,0.100000,0.020000,1,0.739230
18.429766,25.418327,-0.436354,10.304428,-7.308641,-0.043350,-3.798804,-4.324593,0.447090,-0.709324,-0.342101,-0.616301,0.100000,0.020000,1,0.572213
18.396029,25.594292,0.202533,18.685610,-9.234241,2.264451,382.006409,-136.491196,130.406235,-0.757742,-0.584682,0.289783,0.100000,0.020000,1,0.123007
18.391384,25.611845,-0.165994,12.264203,-6.865935,-0.016491,-3.375318,-6.553820,0.170052,-0.750878,-0.617427,-0.234448,0.100000,0.020000,1,0.059622
17.218863,27.041010,1.335064,-321.092743,480.832062,239.571167,-11726.908203,15325.562500,8705.953125,-0.672727,-0.333896,0.660266,0.100000,0.020000,1,0.813726
18.321344,24.247128,-1.921959,-18.691902,-393.177338,-455.096252,-1437.849487,-12130.031250,-14451.646484,-0.708633,-0.479681,-0.517441,0.100000,0.020000,1,0.092337
18.387150,25.519485,0.374914,12.136608,-7.304403,-1.524942,47.713188,-7.898294,-76.294998,-0.699519,-0.488188,0.521867,0.100000,0.020000,1,0.840351
18.410320,25.218647,0.500863,8.699086,-10.419554,-7.819830,9.198491,-317.767792,-744.706909,-0.599822,-0.121188,0.790903,0.100000,0.020000,1,0.202396
19.714128,25.717203,-1.799019,445.727020,1.817604,-517.655640,13406.310547,-89.391602,-16320.748047,-0.694964,-0.615322,-0.372027,0.100000,0.020000,1,0.658120
18.356995,25.590349,0.275910,15.262779,-0.676432,-13.586097,200.853241,359.250793,-848.929016,-0.695098,-0.606437,0.386099,0.100000,0.020000,1,0.127385
18.169729,25.908888,-0.031766,-35.141594,128.856384,125.463928,-3704.655029,10995.743164,10036.948242,-0.603837,-0.242790,-0.759233,0.100000,0.020000,1,0.973941
18.311468,25.668634,-0.084091,12.820630,-6.036826,-0.008354,-2.474944,-7.205871,0.086143,-0.671908,-0.731050,-0.118769,0.100000,0.020000,1,0.295166
18.315273,25.569590,-0.350961,11.861196,-6.153345,-0.051856,-0.562197,-8.605579,1.079575,-0.629910,-0.597412,-0.496298,0.100000,0.020000,1,0.940859
18.297873,25.670401,0.109520,12.835114,-5.897970,0.010881,-2.312108,-7.232113,-0.112192,-0.654698,-0.739894,0.154685,0.100000,0.020000,1,0.387249
18.065401,26.485851,-0.905303,-83.277985,305.249695,-123.343811,3381.317383,2503.016602,-14691.666992,-0.620449,-0.499552,-0.604558,0.100000,0.020000,1,0.855219
18.296255,25.678999,0.010589,7.160318,-1.809506,1.945235,-341.289307,230.524536,113.756142,-0.649843,-0.759856,0.017976,0.100000,0.020000,1,0.658413
18.271378,25.666328,-0.173951,12.786449,-5.629370,-0.017431,-2.012850,-7.187812,0.181679,-0.617571,-0.747156,-0.245691,0.100000,0.020000,1,0.571414
18.210184,25.522066,0.382371,22.125822,-7.565356,-3.856563,336.191681,-337.893951,-178.501862,-0.590919,-0.619120,0.517210,0.100000,0.020000,1,0.741152
18.365442,25.298546,0.578932,8.593330,-7.012581,1.960589,-59.792747,-37.280983,207.273743,-0.576237,-0.216546,0.788073,0.100000,0.020000,1,0.539097
18.259905,25.658392,0.203433,12.708649,-5.568434,-0.103220,-3.253344,-20.874071,-18.978825,-0.599777,-0.745365,0.291030,0.100000,0.020000,1,0.869349
20.953112,26.010941,-1.152725,624.363953,118.159805,-375.449219,49842.812500,10043.228516,-30507.070312,-0.555319,-0.490169,0.671830,0.100000,0.020000,1,0.302575
18.321997,25.401878,-0.524339,10.121362,-6.197300,-0.063309,-2.561835,-4.322371,1.590320,-0.558717,-0.372169,-0.741165,0.100000,0.020000,1,0.384042
18.211939,25.640482,0.294978,12.507256,-5.031347,0.029303,-1.328232,-6.899021,-0.302380,-0.526284,-0.741248,0.416624,0.100000,0.020000,1,0.418748
18.243866,25.538260,-0.437029,11.482114,-5.387277,-0.052396,-1.945515,-5.585181,0.814584,-0.520009,-0.590083,-0.617570,0.100000,0.020000,1,0.446865
18.131542,25.606863,-0.127918,9.189550,5.662640,16.328114,-394.075745,195.037369,844.894653,-0.497879,-0.859224,-0.117686,0.100000,0.020000,1,0.948338
18.187473,25.626188,-0.335218,12.355282,-4.786018,-0.033303,-1.039630,-6.733567,0.343447,-0.486962,-0.733966,-0.473458,0.100000,0.020000,1,0.290507
18.195395,25.658987,-0.264558,12.709783,-4.855824,-0.049801,3.012113,-13.279119,-19.223303,-0.512593,-0.775971,-0.367583,0.100000,0.020000,1,0.029493
18.146791,25.714203,0.092180,13.240243,-4.347968,0.009158,-0.580078,-7.737318,-0.094430,-0.475015,-0.870293,0.130194,0.100000,0.020000,1,0.375765
18.151516,25.694296,0.186172,13.038665,-4.401665,0.018496,-0.646755,-7.517574,-0.190726,-0.471773,-0.841599,0.262947,0.100000,0.020000,1,0.307299
18.143147,25.720669,0.026526,8.919640,-4.402015,-0.872796,-269.978668,-14.611324,-53.825905,-0.470929,-0.881396,0.036972,0.100000,0.020000,1,0.115205
18.130314,25.704138,-0.160082,13.133321,-4.182926,-0.015903,-0.395745,-7.622900,0.164016,-0.448323,-0.864804,-0.226098,0.100000,0.020000,1,0.748485
18.210398,25.536345,0.454218,12.472728,-6.731401,1.160530,81.558212,-107.353088,57.846081,-0.468246,-0.603267,0.645612,0.100000,0.020000,1,0.789981
18.158937,25.616186,0.363356,12.245661,-4.498271,0.036103,-0.719989,-6.621230,-0.372164,-0.444287,-0.734327,0.513200,0.100000,0.020000,1,0.395377
18.623297,24.294128,0.914164,100.184570,-337.010437,108.491478,2653.033691,-10486.019531,4704.482422,-0.509333,-0.341735,0.789808,0.100000,0.020000,1,0.815054
18.055059,25.634687,-0.342730,16.253981,-3.511897,23.054716,71.609634,-161.405807,1127.534058,-0.380645,-0.846305,-0.372663,0.100000,0.020000,1,0.561600
18.075434,25.665674,0.289308,12.726960,-3.634817,0.028745,0.236480,-7.198387,-0.296338,-0.357056,-0.839967,0.408616,0.100000,0.020000,1,0.457088
17.995953,25.747137,-0.072377,31.617968,-23.431732,3.449244,993.404114,-1193.680176,195.371704,-0.331543,-0.938695,-0.094507,0.100000,0.020000,1,0.351182
17.475573,25.589176,0.184599,-37.997807,53.980801,30.126198,-5575.312988,3018.922852,2659.145752,-0.332378,-0.943135,0.004679,0.100000,0.020000,1,0.845806
18.170477,25.599817,-0.430345,-25.323967,-25.557322,-1.358229,-2145.290527,-1257.240967,-78.814003,-0.376760,-0.697899,-0.609089,0.100000,0.020000,1,0.709392
18.112906,25.572437,0.022632,23.577030,-18.662954,80.934990,857.296387,-1228.558350,6644.962891,-0.344509,-0.802940,-0.486416,0.100000,0.020000,1,0.836798
18.012047,25.710611,0.095235,12.196779,-1.098634,-1.391438,-75.494186,63.610886,-73.948944,-0.302334,-0.944352,0.129591,0.100000,0.020000,1,0.792002
18.224257,25.436621,-0.541959,10.435190,-5.211583,-0.053846,-1.450740,-4.553277,0.555109,-0.445173,-0.464648,-0.765456,0.100000,0.020000,1,0.115467
17.958937,25.806669,-0.203005,181.830795,-187.875198,159.830261,10475.286133,-11283.813477,9887.280273,-0.278487,-0.935303,-0.218297,0.100000,0.020000,1,0.541480
18.226963,25.422077,0.551906,10.287886,-5.243000,0.054830,-1.481795,-4.387994,-0.565619,-0.441813,-0.444042,0.779505,0.100000,0.020000,1,0.740597
18.096811,25.557104,0.458164,11.627540,-3.881842,0.045515,0.004973,-5.950310,-0.469550,-0.333539,-0.685571,0.647105,0.100000,0.020000,1,0.236249
18.033796,25.622448,0.372653,12.275373,-3.222530,0.036969,0.711140,-6.702577,-0.381535,-0.281099,-0.802471,0.526330,0.100000,0.020000,1,0.775242
18.155617,25.496357,-0.510803,4.107489,-12.683186,-7.873704,-427.882233,-513.179993,-481.353516,-0.378956,-0.574528,-0.725472,0.100000,0.020000,1,0.077740
18.106636,25.665224,0.777562,37.883293,-8.583506,105.990852,2144.179932,-518.173035,9104.119141,-0.231132,-0.931192,0.281884,0.100000,0.020000,1,0.543763
17.940552,25.677376,-0.248721,20.869768,-10.181694,-17.602152,485.552856,-474.820312,-1041.418945,-0.189583,-0.907773,-0.374174,0.100000,0.020000,1,0.620702
17.802563,25.997553,0.070310,-3.390238,60.356281,12.209895,-1372.583984,5105.012207,992.699829,-0.121762,-0.992263,0.024231,0.100000,0.020000,1,0.262992
17.934616,25.660843,0.281764,12.646840,-2.111618,-0.118412,0.288651,-6.645645,-4.845229,-0.168741,-0.902446,0.396380,0.100000,0.020000,1,0.184463
18.017593,25.670750,-0.046402,-125.004257,115.786110,-76.337975,-8167.250488,7276.454590,-5495.523926,-0.124805,-0.978702,0.162993,0.100000,0.020000,1,0.631243
17.966433,25.633656,-0.368662,15.988748,-1.773041,-4.130466,320.571838,36.127522,-357.246429,-0.167794,-0.857008,-0.487219,0.100000,0.020000,1,0.358037
17.832066,25.587822,-0.051619,5.403598,-19.305504,21.288294,-654.608521,-1545.945557,1835.019165,-0.103142,-0.965641,-0.238534,0.100000,0.020000,1,0.195776
17.833591,25.571081,-0.093537,7.656091,10.942086,3.730586,-458.192963,229.863953,179.576782,-0.091630,-0.989359,-0.113020,0.100000,0.020000,1,0.350306
18.144779,25.453945,0.549638,10.590094,-4.397973,0.054610,-0.542042,-4.762621,-0.562898,-0.347917,-0.525650,0.776303,0.100000,0.020000,1,0.109768
17.842485,25.673880,0.188958,12.748002,-1.262351,0.018386,2.844080,-7.700017,-0.334764,-0.051691,-0.962331,0.266922,0.100000,0.020000,1,0.373760
18.033724,25.475672,-0.365723,18.605452,-20.357077,14.063209,590.476990,-1510.210693,1213.027954,-0.206873,-0.752372,-0.625412,0.100000,0.020000,1,0.175512
18.068314,25.501104,-0.517433,10.359859,-1.875334,0.675640,-39.708130,89.885010,40.873627,-0.268684,-0.629643,-0.728944,0.100000,0.020000,1,0.159936
17.841188,25.653021,-0.249209,12.534842,-1.253283,-0.024691,2.917175,-7.062142,0.254387,-0.039950,-0.935155,-0.351978,0.100000,0.020000,1,0.922137
17.905939,25.607265,0.373147,12.085432,-1.924182,0.036697,2.168896,-6.535375,-0.384319,-0.104040,-0.843459,0.527022,0.100000,0.020000,1,0.123910
17.977184,25.560886,0.453168,11.633622,-2.662878,0.045023,1.367549,-6.004320,-0.464307,-0.176492,-0.747788,0.640049,0.100000,0.020000,1,0.278020
17.821182,25.632917,0.280730,12.324579,-1.055115,0.027939,3.146376,-6.832610,-0.287571,-0.003768,-0.918027,0.396501,0.100000,0.020000,1,0.916131
17.892691,25.570892,-0.420584,11.712533,-1.799769,-0.041786,2.321488,-6.114962,0.430805,-0.069078,-0.801473,-0.594028,0.100000,0.020000,1,0.887966
17.819304,25.597570,-0.348155,12.092008,-1.450061,0.158869,10.655496,-28.702356,11.082757,0.015647,-0.870889,-0.491230,0.100000,0.020000,1,0.688492
17.726170,25.650795,-0.079140,12.481314,-0.083299,-0.007862,4.239467,-7.060411,0.081111,0.113851,-0.987190,-0.111776,0.100000,0.020000,1,0.637723
17.721663,25.653065,0.023770,12.503161,-0.036615,0.002349,4.292166,-7.073873,-0.024268,0.118751,-0.992356,0.033573,0.100000,0.020000,1,0.675197
17.723063,25.629536,-0.175044,12.264091,-0.057133,-0.017392,4.277722,-6.807456,0.179306,0.128140,-0.960447,-0.247230,0.100000,0.020000,1,0.300052
17.801065,25.534460,0.496570,70.313133,2.628968,-56.101490,3382.144531,299.290863,-3431.492676,-0.036930,-0.747598,0.663124,0.100000,0.020000,1,0.114905
17.562241,25.691055,0.096540,-5.014234,8.833730,0.095884,-1594.640747,803.926514,-7.625233,0.180944,-0.973373,0.140728,0.100000,0.020000,1,0.170991
17.806999,25.539770,0.352978,-24.293468,48.333698,21.007095,-2160.107178,2959.007080,1276.633789,0.078902,-0.853959,0.514323,0.100000,0.020000,1,0.815029
17.736240,25.498430,0.277982,-4.480580,13.256778,-2.225613,-965.103455,440.501984,-110.925156,0.148606,-0.912152,0.381962,0.100000,0.020000,1,0.552864
18.293596,25.520027,0.619325,73.457039,12.537989,15.617214,5014.907227,1278.242188,1228.783569,-0.213489,-0.573066,0.791213,0.100000,0.020000,1,0.415202
17.704927,25.583565,-0.268225,11.793999,0.126733,-0.040610,5.123671,-6.658934,2.537435,0.174276,-0.908463,-0.379898,0.100000,0.020000,1,0.158637
17.669958,25.587450,0.214786,12.042093,-0.268443,-0.276608,25.805693,-44.101818,-12.394762,0.221623,-0.927474,0.301124,0.100000,0.020000,1,0.030426
17.941589,25.477295,-0.531994,10.772814,-2.322869,-0.052847,1.773712,-5.037544,0.545525,-0.089258,-0.653803,-0.751382,0.100000,0.020000,1,0.592611
17.764370,25.717445,0.092863,30.711035,17.674442,8.632250,1854.106323,1605.008789,841.558960,0.303005,-0.952490,0.030832,0.100000,0.020000,1,0.723236
17.610094,25.559912,-0.162858,11.524875,1.074109,-0.017869,5.575330,-6.013373,0.141304,0.311438,-0.922001,-0.230046,0.100000,0.020000,1,0.734154
17.595156,25.568407,-0.066099,11.666758,1.248168,0.149150,6.668072,-6.702937,5.440605,0.326173,-0.940837,-0.091855,0.100000,0.020000,1,0.555376
17.612619,25.579723,0.101479,16.347727,5.329379,-1.353496,370.677734,321.167786,-110.476036,0.326200,-0.933077,0.151527,0.100000,0.020000,1,0.893153
17.865950,25.479595,-0.510374,10.775655,-1.552762,-0.050488,2.632256,-5.104320,0.532454,0.010089,-0.693022,-0.720846,0.100000,0.020000,1,0.811848
17.676819,25.532074,-0.333115,11.263257,0.460433,-0.059795,6.951735,7.966599,-3.597460,0.237337,-0.850310,-0.469727,0.100000,0.020000,1,0.373890
17.759460,25.501009,-0.438454,10.965296,-0.462520,-0.043561,3.866550,-5.337774,0.449194,0.141257,-0.772369,-0.619267,0.100000,0.020000,1,0.099043
17.594017,25.535608,0.182760,10.641597,1.448716,0.051380,-17.723753,1.265706,0.839706,0.349305,-0.900650,0.258489,0.100000,0.020000,1,0.178719
18.014627,25.525667,0.511038,22.436575,16.171822,-9.956009,1025.043823,1466.204224,-804.512268,-0.088670,-0.619549,0.779934,0.100000,0.020000,1,0.447785
17.760906,25.469540,0.472487,48.944897,40.064774,-19.398006,2326.913818,2504.040527,-1210.273315,0.120422,-0.740303,0.661400,0.100000,0.020000,1,0.329593
17.670107,25.489157,0.341878,14.312419,23.771505,49.889278,215.322952,1413.799561,3046.383545,0.258914,-0.816103,0.516661,0.100000,0.020000,1,0.667021
17.396669,25.275188,-0.164423,59.125034,-4.460145,-71.359802,2198.170410,-1345.700439,-4106.527832,0.350195,-0.862201,-0.366023,0.100000,0.020000,1,0.758695
17.514130,25.491537,-0.064705,10.802178,2.032530,-0.006428,6.667260,-5.232310,0.066269,0.471570,-0.877080,-0.091389,0.100000,0.020000,1,0.946284
17.581030,25.484035,0.298307,9.814797,1.691864,-0.154128,-92.249535,42.516727,-20.884232,0.375130,-0.824137,0.424354,0.100000,0.020000,1,0.217449
17.688114,25.459276,-0.430900,10.521290,0.252756,-0.042810,4.692472,-4.854762,0.441476,0.255949,-0.751065,-0.608598,0.100000,0.020000,1,0.815298
17.504118,25.471069,0.091370,10.411308,1.794019,-1.480948,-17.025402,-39.674313,-165.922699,0.489733,-0.858295,0.153267,0.100000,0.020000,1,0.980870
17.496811,25.476009,0.024190,10.648668,2.195274,0.000713,6.320953,-4.747528,0.062069,0.501684,-0.864379,0.034101,0.100000,0.020000,1,0.374272
17.840595,25.432564,0.502833,9.876266,0.019874,-2.974052,-115.359482,58.833263,-352.965759,0.034948,-0.643428,0.764708,0.100000,0.020000,1,0.499367
17.598377,25.450285,-0.349456,10.382518,1.185432,-0.039313,5.135597,-4.501587,0.265387,0.379622,-0.782440,-0.493634,0.100000,0.020000,1,0.720680
17.501604,25.454935,-0.155008,10.426431,2.150114,-0.015398,6.825011,-4.826141,0.158809,0.505701,-0.834467,-0.218932,0.100000,0.020000,1,0.355885
17.506311,25.438972,0.200070,10.066463,2.241578,-0.004411,0.646224,-1.221848,-0.985381,0.508808,-0.813270,0.282323,0.100000,0.020000,1,0.665831
17.683111,25.426115,0.458311,10.158678,0.281217,0.054347,4.247244,-4.767562,-0.253147,0.278805,-0.709299,0.647428,0.100000,0.020000,1,0.449220
17.575920,25.422747,0.371042,9.646178,1.053672,1.203686,-50.129780,-34.786278,128.969681,0.413251,-0.757583,0.505264,0.100000,0.020000,1,0.086861
17.506784,25.407511,-0.261739,9.945040,2.084810,-0.026002,6.757575,-4.272609,0.268169,0.521492,-0.769016,-0.369677,0.100000,0.020000,1,0.478488
16.605146,25.685911,0.116879,-157.196106,110.137589,-30.708750,-14304.677734,8039.027344,-2632.626465,0.527421,-0.750068,0.399029,0.100000,0.020000,1,0.185059
17.417562,25.539791,-0.551553,-71.678604,27.544462,-3.330144,-6641.541504,2317.826660,-302.905579,0.166367,-0.644400,-0.746371,0.100000,0.020000,1,0.639972
17.417271,25.369417,-0.105822,11.777231,1.896933,5.364653,104.813736,-61.291759,255.655655,0.644772,-0.754703,-0.121209,0.100000,0.020000,1,0.814080
17.860218,25.790205,0.532538,86.875877,122.902290,289.216583,2344.586182,3688.704102,8766.881836,0.399584,-0.696328,-0.596204,0.100000,0.020000,1,0.947815
17.501661,25.415550,0.260599,26.348120,15.477880,38.945293,1427.974609,1068.157227,3128.446533,0.666371,-0.732107,0.141311,0.100000,0.020000,1,0.512325
17.615242,25.365103,0.450594,9.538682,0.969268,0.044773,5.449093,-3.767002,-0.463465,0.397800,-0.660856,0.636415,0.100000,0.020000,1,0.544282
18.614031,25.560644,-1.879689,259.510468,50.118988,-349.618317,20355.986328,3916.991699,-28437.457031,0.527463,-0.685916,-0.501300,0.100000,0.020000,1,0.680079
17.982609,24.970768,0.901259,85.792992,-30.071159,73.996399,5670.179199,-3590.311523,6148.500977,0.176659,-0.610429,0.772119,0.100000,0.020000,1,0.947988
21.699108,26.852352,-5.736825,1194.318970,430.773132,-1522.461182,92714.148438,33419.046875,-119357.148438,0.682055,-0.690299,-0.241431,0.100000,0.020000,1,0.799665
17.431667,25.314426,0.210291,9.933990,2.235055,3.262049,92.336662,-63.624073,292.181488,0.672171,-0.690428,0.267386,0.100000,0.020000,1,0.501446
17.401533,25.081259,0.015188,-74.135605,61.477287,-3.525260,-5240.500488,2653.127197,-204.469315,0.701501,-0.712504,0.015325,0.100000,0.020000,1,0.013845
17.513540,25.260021,0.458650,14.528527,3.169133,11.941860,372.025208,-178.063889,1152.147949,0.560938,-0.650339,0.512258,0.100000,0.020000,1,0.275216
17.414375,25.246201,-0.299541,10.721354,5.463845,18.276939,34.124550,-1.351245,1010.870544,0.669754,-0.641433,-0.374157,0.100000,0.020000,1,0.689235
17.704943,25.347775,0.531586,9.390408,0.051326,0.052818,4.502214,-3.578766,-0.544516,0.286915,-0.594954,0.750806,0.100000,0.020000,1,0.853127
17.589739,25.302065,-0.457319,39.858276,-13.446453,-33.050816,1495.524170,-1040.855469,-1794.209717,0.303323,-0.596240,-0.743298,0.100000,0.020000,1,0.575165
17.334455,25.287029,0.020002,6.291899,5.664384,0.712206,-260.705627,295.821320,95.708374,0.780746,-0.624751,0.011078,0.100000,0.020000,1,0.732019
17.168652,25.289236,-2.882191,-34.096249,51.842731,-531.004517,-4260.877441,3122.437988,-43804.210938,0.527894,-0.607990,-0.593023,0.100000,0.020000,1,0.789280
16.924623,24.899548,0.066274,87.348755,-48.347794,-54.334431,3127.517090,-4720.508301,-2815.537354,0.776487,-0.619782,-0.113747,0.100000,0.020000,1,0.597747
17.437830,25.269682,0.280432,8.539351,2.729383,-0.005999,7.954795,-3.112410,-1.038009,0.678806,-0.618639,0.395612,0.100000,0.020000,1,0.798786
17.458206,25.241920,-0.339499,8.245495,2.534979,-0.033939,7.338445,-2.391684,0.346941,0.665184,-0.572365,-0.479509,0.100000,0.020000,1,0.383919
17.501953,24.559353,0.983057,119.715599,-20.908524,204.109894,-880.844421,-9467.141602,7369.657227,0.778932,-0.572963,0.254910,0.100000,0.020000,1,0.688728
17.372473,25.212095,-0.150541,7.897639,3.394587,-0.005943,1.766358,1.775525,4.204206,0.791856,-0.572062,-0.213797,0.100000,0.020000,1,0.202245
17.365753,25.213036,0.105500,7.916948,3.473248,0.018408,8.583150,-2.160210,-0.258841,0.801995,-0.578390,0.149226,0.100000,0.020000,1,0.201762
17.398035,25.186089,-0.251991,7.661537,3.132077,-0.025033,8.019772,-1.749735,0.258244,0.771765,-0.526979,-0.355909,0.100000,0.020000,1,0.795331
17.478764,25.203806,0.311357,5.178134,4.828366,17.793751,-155.092072,72.646584,849.913452,0.653104,-0.539726,0.531179,0.100000,0.020000,1,0.217720
17.642763,25.284166,-0.523248,8.616812,0.752587,-0.013610,3.445667,-1.845002,1.109776,0.401281,-0.541968,-0.738406,0.100000,0.020000,1,0.286680
17.396555,25.149090,0.269273,7.284368,3.137148,0.026752,8.039657,-1.328080,-0.275928,0.791420,-0.478554,0.380318,0.100000,0.020000,1,0.278787
17.552801,25.228214,0.471152,8.140642,1.565005,0.052591,6.506157,-2.275020,-0.314266,0.546025,-0.508866,0.665516,0.100000,0.020000,1,0.105522
17.341755,25.099812,0.092436,6.704412,3.717744,0.043656,7.052411,0.208148,0.818417,0.888447,-0.439893,0.130982,0.100000,0.020000,1,0.194647
17.339087,25.097818,-0.077451,6.742163,3.702157,-0.007663,8.725348,-0.707639,0.079368,0.892380,-0.437827,-0.109390,0.100000,0.020000,1,0.099432
17.332289,25.098604,0.004336,7.112787,3.525983,0.509983,22.291889,-8.471861,18.714705,0.898428,-0.438992,0.010660,0.100000,0.020000,1,0.076468
17.493595,25.184958,-0.418988,7.575666,2.235956,-0.082420,4.111133,-0.159670,-0.621396,0.646338,-0.481083,-0.592289,0.100000,0.020000,1,0.192225
17.309689,25.062401,-0.045075,119.292152,-110.964378,-263.218475,6946.381348,-7324.211914,-16141.319336,0.882134,-0.414747,-0.223214,0.100000,0.020000,1,0.955340
17.648212,25.291296,0.555531,19.323727,-43.388744,-16.684231,651.446899,-2653.940186,-1011.962769,0.391489,-0.504781,0.769372,0.100000,0.020000,1,0.884673
17.491432,25.038033,-0.006387,24.820366,-16.088936,22.950886,1427.294189,-1520.270508,2821.421875,0.774198,-0.421532,-0.472154,0.100000,0.020000,1,0.714980
17.688934,24.707071,0.847380,105.238113,-38.780960,151.884384,7638.376953,-4128.765137,12337.204102,0.888197,-0.374009,0.266876,0.100000,0.020000,1,0.430925
17.415531,25.082933,-0.252807,-99.952812,-230.469818,123.453735,-6520.243652,-14584.052734,7762.559570,0.871984,-0.345965,-0.346340,0.100000,0.020000,1,0.102414
17.518333,25.143314,0.462545,10.071396,16.417253,-0.200644,185.592117,899.363159,-14.275250,0.631901,-0.417955,0.652698,0.100000,0.020000,1,0.410195
17.425249,25.049524,0.721870,-19.739784,-99.483101,-932.131042,-1448.545166,-6412.544434,-56945.390625,0.864323,-0.329880,0.379638,0.100000,0.020000,1,0.385912
17.594603,25.185225,-0.527147,7.599887,0.933395,0.141555,2.054854,-9.716485,8.201568,0.512403,-0.430590,-0.742991,0.100000,0.020000,1,0.677414
17.507582,25.341177,0.529133,19.812502,59.245506,30.815973,1122.324951,4722.108398,2567.635986,0.769951,-0.346218,0.536012,0.100000,0.020000,1,0.414974
17.177834,24.901670,-0.200329,129.296646,-61.480152,239.493484,7174.552734,-4306.086426,14553.267578,0.966400,-0.239919,-0.092250,0.100000,0.020000,1,0.754723
17.335125,24.924482,0.034419,5.194689,-9.757808,-2.775912,13.836104,-874.251343,-62.794258,0.975991,-0.217553,0.010598,0.100000,0.020000,1,0.177038
17.217588,24.821743,-0.571677,7.155768,25.630304,-122.543091,-383.585266,952.340942,-10545.666992,0.967640,-0.208410,0.142261,0.100000,0.020000,1,0.944866
17.481134,25.047749,-0.445188,6.583491,1.641728,1.080349,19.771339,-21.632793,43.755764,0.726437,-0.297634,-0.619438,0.100000,0.020000,1,0.949241
17.371712,24.908934,-0.165640,-10.594408,6.265425,25.459570,-909.583923,149.131256,1596.449951,0.954980,-0.187418,-0.229972,0.100000,0.020000,1,0.727222
17.813429,24.599646,0.364688,100.038841,-44.105412,32.305161,7880.500000,-4346.294922,2735.939453,0.940761,-0.192561,0.279086,0.100000,0.020000,1,0.205367
17.433685,24.972998,-0.361208,6.843396,2.307220,-1.103521,125.487717,-70.591255,-113.135956,0.834170,-0.243975,-0.494607,0.100000,0.020000,1,0.340605
17.545588,24.920660,0.707544,-37.024635,28.773619,-115.289688,-3096.139404,731.067566,-6615.128906,0.493164,-0.396702,0.774220,0.100000,0.020000,1,0.214862
17.498003,25.042223,0.456657,6.223828,2.075438,0.045370,6.891080,-0.100057,-0.467733,0.707799,-0.288140,0.644978,0.100000,0.020000,1,0.900396
17.558762,25.106182,-0.513398,6.891384,1.474499,-0.051011,6.177889,-0.812578,0.525785,0.596532,-0.344026,-0.725118,0.100000,0.020000,1,0.443024
18.559687,25.940588,1.059560,322.448212,279.360779,203.608292,24711.492188,21571.369141,15733.291016,0.828004,-0.205377,0.521757,0.100000,0.020000,1,0.374624
17.646185,24.694290,0.241979,-193.791840,120.439827,28.820385,-11494.276367,6581.645020,1657.355225,0.908115,-0.136738,0.395766,0.100000,0.020000,1,0.584503
17.410645,24.868975,-0.240610,-3.435143,8.018023,-1.444055,-403.166656,234.971832,-73.423073,0.928871,-0.134233,-0.345224,0.100000,0.020000,1,0.281804
17.469776,24.958502,-0.417073,5.361621,2.340337,-0.038601,7.347404,0.891252,0.278105,0.785397,-0.190470,-0.588959,0.100000,0.020000,1,0.902702
17.363777,24.820848,-0.072820,3.889944,3.324265,-0.006986,8.504698,2.588776,0.074577,0.993046,-0.057288,-0.102845,0.100000,0.020000,1,0.407451
17.431210,24.876310,-0.330480,4.529840,2.728972,-0.030309,16.419031,0.573155,2.430640,0.878243,-0.101036,-0.467419,0.100000,0.020000,1,0.339522
17.456858,24.747000,0.006880,8.890474,0.243660,0.069998,714.439270,-404.266968,9.285708,0.999628,-0.026066,0.008058,0.100000,0.020000,1,0.783722
17.374754,24.829678,0.056493,-1.671444,-8.995630,32.566002,-318.094879,-666.902832,1898.616699,0.990627,-0.032731,0.132612,0.100000,0.020000,1,0.988926
17.501892,24.957899,0.432864,-1.877890,-2.946882,6.170547,-410.509644,-285.422607,329.241974,0.757647,-0.168144,0.630633,0.100000,0.020000,1,0.512554
17.394783,24.795717,-0.173434,3.807675,3.089417,0.015025,36.104931,-2.960663,8.869748,0.968864,-0.013909,-0.247201,0.100000,0.020000,1,0.591723
17.537395,25.011156,-0.499706,5.892738,1.668909,-0.050275,5.878819,0.266755,0.497988,0.670671,-0.228178,-0.705787,0.100000,0.020000,1,0.470730
17.400040,24.775902,0.182927,3.461257,2.971222,0.017866,8.089120,2.926037,-0.170886,0.965860,0.019176,0.258352,0.100000,0.020000,1,0.939217
17.459690,24.841587,0.366076,3.698214,3.542345,-0.081383,-19.090969,63.426273,-6.809357,0.855056,-0.043552,0.516704,0.100000,0.020000,1,0.749490
17.577801,25.000980,0.595182,-4.386494,13.207135,-29.329691,-744.257568,459.031677,-1652.255859,0.568256,-0.284771,0.772004,0.100000,0.020000,1,0.785998
17.380178,24.788715,0.385083,35.602482,-15.269500,-76.731064,1821.033203,-1054.910767,-4352.380371,0.925197,0.040677,0.377301,0.100000,0.020000,1,0.792198
17.484743,24.773911,-0.210443,-59.110882,10.192244,-53.731476,-3706.678467,519.547180,-3202.969971,0.931517,0.049292,-0.360341,0.100000,0.020000,1,0.551204
17.751097,24.626423,0.681959,91.435562,-21.984854,175.796387,7038.561035,-1852.650513,13890.795898,0.991265,0.130549,0.018715,0.100000,0.020000,1,0.044361
17.638002,24.652281,-0.198011,40.104351,-2.860421,48.846752,2839.043945,-1118.234375,4049.050049,0.795732,-0.027306,-0.605034,0.100000,0.020000,1,0.665896
17.534595,25.046902,0.512014,52.528469,-60.920441,25.040768,2783.772461,-3691.729736,1477.020996,0.627521,-0.182758,0.756846,0.100000,0.020000,1,0.785052
17.424582,24.673519,0.086336,9.980775,-2.011884,3.889565,452.833221,-249.559341,224.246155,0.974624,0.183011,0.128902,0.100000,0.020000,1,0.465177
17.574070,24.578220,-0.302808,33.367615,-14.685067,-51.171082,2554.663574,-1422.635498,-4201.104004,0.976532,0.191124,-0.099282,0.100000,0.020000,1,0.029389
17.492233,24.751106,-0.368872,3.787034,2.777231,-2.047755,81.979240,80.240768,-242.874634,0.870205,0.103253,-0.481749,0.100000,0.020000,1,0.430607
17.321970,24.735855,0.150418,-17.311375,13.653394,46.763790,-1783.320801,1042.619629,4287.230957,0.949824,0.202374,-0.238492,0.100000,0.020000,1,0.912248
17.466631,24.653851,0.196305,2.203701,2.238859,0.025206,7.767692,4.858692,-0.214863,0.936727,0.213542,0.277385,0.100000,0.020000,1,0.666958
17.404518,24.785536,0.282765,42.573936,-20.447096,33.359859,2095.145264,-1201.548462,1769.919312,0.850478,0.120738,0.511966,0.100000,0.020000,1,0.968729
17.461437,24.847681,0.439662,29.483383,-12.182714,8.547840,1292.341187,-803.543213,437.709961,0.756217,0.009711,0.654249,0.100000,0.020000,1,0.579313
17.513515,24.662815,-0.253483,4.369156,2.613748,-0.333710,258.628418,65.719353,-37.140862,0.910108,0.218680,-0.351969,0.100000,0.020000,1,0.983387
17.498245,24.651890,0.271930,2.249327,1.968318,0.027341,6.950909,4.347814,-0.308269,0.894119,0.230278,0.384088,0.100000,0.020000,1,0.148335
17.576031,24.904783,-0.524314,4.879746,1.228789,-0.001050,6.555398,1.103271,1.491716,0.669411,-0.068035,-0.739771,0.100000,0.020000,1,0.180658
17.447443,24.610018,-0.077636,-7.623969,6.398859,0.173358,-774.428345,454.111694,24.955173,0.933793,0.339103,-0.114189,0.100000,0.020000,1,0.790056
17.622120,24.610064,-0.346160,16.703537,-4.692068,-3.009645,1298.402832,-555.715149,-270.112000,0.851277,0.250570,-0.461022,0.100000,0.020000,1,0.246605
17.509398,24.578939,-0.086030,0.667385,1.844058,4.031756,-71.629707,57.301941,558.695007,0.909254,0.350872,-0.223932,0.100000,0.020000,1,0.339162
16.425798,25.180670,-5.608364,-284.385498,197.099686,-1668.593994,-11934.543945,208.661774,-51453.035156,0.929082,0.369793,0.007755,0.100000,0.020000,1,0.280302
17.472189,24.590954,0.120910,54.474079,-29.598509,-20.175411,3185.933350,-1820.422974,-1198.278931,0.918327,0.368268,0.145100,0.100000,0.020000,1,0.516804
17.534359,24.563995,0.183542,1.204353,1.426419,0.011587,8.395421,9.810457,-0.373185,0.892965,0.368039,0.259154,0.100000,0.020000,1,0.618322
17.589973,24.816845,-0.508626,3.968140,1.087946,-0.071113,6.394350,2.906933,-0.287187,0.693298,0.055073,-0.718543,0.100000,0.020000,1,0.629274
17.571581,24.718288,-0.438447,2.945911,1.239313,-0.041478,6.077075,3.617358,0.461794,0.764968,0.177187,-0.619217,0.100000,0.020000,1,0.097622
17.459480,24.770247,0.316100,-12.004122,11.050057,-17.925205,-1452.489746,851.780090,-1691.461670,0.750604,0.183987,0.634619,0.100000,0.020000,1,0.133252
17.571413,24.646528,0.379039,2.215248,1.221431,0.037653,6.077534,4.437738,-0.388269,0.799497,0.272404,0.535351,0.100000,0.020000,1,0.211455
17.561003,24.555656,-0.240442,1.287302,1.302574,-0.023888,6.203397,5.465083,0.246328,0.856768,0.388101,-0.339598,0.100000,0.020000,1,0.254132
17.567421,24.565538,0.270074,1.387242,1.240762,0.026520,6.115524,5.370425,-0.279295,0.843562,0.378027,0.381444,0.100000,0.020000,1,0.264921
17.614878,24.876942,0.550423,12.360804,35.108440,-5.670183,518.687134,2083.268799,-348.084412,0.633414,-0.040684,0.772743,0.100000,0.020000,1,0.078433
17.604561,24.500114,-0.079605,0.100616,0.174272,0.000000,-26.725597,-42.295147,-0.293021,0.853848,0.508254,-0.112345,0.100000,0.020000,1,0.957931
17.605762,24.499418,0.014857,0.137586,0.238307,0.000000,-36.592285,-56.413071,0.048328,0.857323,0.514352,0.020965,0.100000,0.020000,1,0.271768
17.618715,24.491941,0.092328,0.125841,0.217962,0.000000,-32.869232,-51.995228,0.301462,0.840049,0.526634,0.130286,0.100000,0.020000,1,0.774133
17.470228,25.150330,-0.591787,-1.476358,159.447037,-5.395754,-5437.659180,7837.992188,-5810.269531,0.743336,0.311096,-0.592175,0.100000,0.020000,1,0.185880
17.667141,24.463982,-0.437268,-50.895203,30.987753,44.179848,-3586.200928,885.149719,2443.410156,0.769472,0.420040,-0.481124,0.100000,0.020000,1,0.620965
17.765493,24.407198,-0.238187,18.961891,-10.756104,-11.917035,1709.779297,-1034.687988,-1093.375610,0.810214,0.542246,-0.222540,0.100000,0.020000,1,0.361350
17.545574,24.799932,-0.665639,-16.027544,17.425129,-32.587612,-1575.404541,1395.397949,-2743.635498,0.677277,0.204197,-0.706824,0.100000,0.020000,1,0.913470
17.632120,24.612003,0.352792,245.254883,-552.435913,-122.798637,15372.221680,-34700.562500,-7809.143555,0.749897,0.412779,0.516981,0.100000,0.020000,1,0.432821
17.645874,24.476259,0.194656,0.067535,0.021811,0.010029,-4.666050,-14.317264,0.657136,0.793732,0.542709,0.274691,0.100000,0.020000,1,0.379337
17.634327,24.822598,0.546666,4.024736,0.628242,0.054319,5.346577,2.420104,-0.559864,0.631773,0.068681,0.772104,0.100000,0.020000,1,0.024243
17.654144,24.490612,-0.247057,1.166036,-3.308741,-0.969832,33.817413,-172.188141,-43.546082,0.766223,0.536076,-0.354295,0.100000,0.020000,1,0.747537
17.668005,24.484356,0.272162,22.376726,-22.602119,16.379372,1365.627197,-1411.963867,1019.009583,0.745358,0.541590,0.388745,0.100000,0.020000,1,0.057912
17.762461,24.666115,0.499573,-117.124619,-36.617306,-60.476688,-7089.533203,-2227.475586,-3664.418945,0.686754,0.319784,0.652769,0.100000,0.020000,1,0.593928
17.740477,24.421640,-0.062116,0.349033,0.604544,0.000000,-92.702606,-134.767914,-6.297020,0.723842,0.684086,-0.089879,0.100000,0.020000,1,0.175339
17.671204,24.461636,-0.482731,-19.486523,12.112261,-133.660156,-1637.734009,744.386780,-10516.777344,0.723256,0.690566,0.004357,0.100000,0.020000,1,0.987582
17.829929,24.782173,-0.485170,-299.103119,-446.489044,80.521561,-18434.988281,-27237.878906,4819.253906,0.664987,0.451128,-0.595211,0.100000,0.020000,1,0.617649
17.757616,24.500412,-0.226360,9.573461,8.455503,29.336706,725.384399,657.590027,2274.640869,0.680836,0.568487,-0.461828,0.100000,0.020000,1,0.638995
17.685732,24.611340,0.208552,-12.842756,36.006088,70.208466,-1002.899414,3194.083252,5986.799805,0.697968,0.677965,-0.230660,0.100000,0.020000,1,0.719310
18.097029,24.215786,-0.163769,91.603813,-52.129593,-66.774498,7149.743652,-4304.673828,-5341.601074,0.701242,0.698797,0.141219,0.100000,0.020000,1,0.604102
17.264418,25.336838,0.173428,-96.963898,154.229218,151.936630,-8072.521973,12577.112305,12424.556641,0.627198,0.316379,-0.711707,0.100000,0.020000,1,0.985199
17.674219,24.727938,0.532189,3.072016,0.196823,0.052874,4.903443,3.520364,-0.545161,0.624057,0.213455,0.751658,0.100000,0.020000,1,0.173608
17.764025,24.408047,0.178313,0.213946,0.370565,0.000000,-46.662720,-88.265465,0.795235,0.674553,0.693993,0.251699,0.100000,0.020000,1,0.482897
17.840832,24.608826,0.074123,30.106737,9.447232,-83.619667,2336.033447,793.667114,-6802.863281,0.645771,0.447102,0.618934,0.100000,0.020000,1,0.246382
17.768070,24.478872,0.351717,-6.431909,1.560628,4.182400,-363.790375,121.012283,216.063538,0.640222,0.572628,0.512067,0.100000,0.020000,1,0.643938
17.843824,24.361975,-0.175204,0.457914,0.237881,3.127264,224.553238,-335.891418,486.960938,0.648471,0.683654,-0.334817,0.100000,0.020000,1,0.182538
17.715069,24.672382,0.525195,2.517342,-0.234261,0.052182,4.438868,4.148432,-0.537919,0.596374,0.306757,0.741780,0.100000,0.020000,1,0.376879
17.802275,24.414509,0.281459,-0.084423,-1.191445,0.027946,3.463939,7.115601,-0.288190,0.603862,0.690885,0.397529,0.100000,0.020000,1,0.499686
17.854519,24.355801,0.020913,0.364684,0.631652,0.000000,-80.155983,-147.130676,0.223652,0.584287,0.811009,0.029568,0.100000,0.020000,1,0.612558
17.864590,24.349983,0.101450,0.291056,0.504124,0.000000,-54.383076,-116.093758,0.571446,0.562512,0.814285,0.143246,0.100000,0.020000,1,0.172419
17.733982,24.425390,-0.337172,207.481293,-118.978073,9.538813,12556.433594,-7823.230957,593.870544,0.566323,0.675662,-0.471973,0.100000,0.020000,1,0.966248
17.799353,24.500294,-0.417374,0.786580,-1.138439,-0.042011,3.474241,6.128966,0.423824,0.566756,0.575562,-0.589505,0.100000,0.020000,1,0.175731
17.868853,24.347523,-0.084652,0.302970,0.524760,0.000000,-57.262539,-120.247269,-0.589786,0.559052,0.820466,-0.119569,0.100000,0.020000,1,0.805083
17.877117,24.359058,0.197195,-0.628705,-1.968461,0.019592,2.612374,7.750237,-0.201978,0.530987,0.800301,0.278516,0.100000,0.020000,1,0.971760
17.841902,24.439804,0.355439,0.183764,-1.588073,0.035408,3.004462,6.827566,-0.365581,0.539147,0.676237,0.502020,0.100000,0.020000,1,0.260103
17.931049,24.311615,-0.395616,5.566232,-2.796766,-15.481201,520.479004,-395.492371,-1931.550293,0.532219,0.810846,-0.243456,0.100000,0.020000,1,0.360157
17.879822,24.379009,0.173920,-146.510193,90.775063,-113.472313,-9041.516602,5247.845703,-8298.229492,0.536099,0.563646,0.628412,0.100000,0.020000,1,0.966492
17.236900,24.835978,-0.008397,-160.111618,106.780746,68.448662,-12794.521484,8832.584961,5266.880859,0.511006,0.793239,-0.331127,0.100000,0.020000,1,0.457649
19.086859,23.644306,-0.030155,343.528656,-157.417725,-86.668579,7531.779785,-12552.701172,-2712.769043,0.486620,0.787959,0.377256,0.100000,0.020000,1,0.666053
17.808620,24.621124,-0.540697,-79.525848,-86.038696,116.151222,-5068.070312,-5292.529785,7242.839844,0.525021,0.433502,-0.732413,0.100000,0.020000,1,0.713091
18.218981,24.150421,0.578460,55.345932,-40.390869,128.621552,4584.455078,-3040.244873,10462.538086,0.423290,0.905655,0.024798,0.100000,0.020000,1,0.642251
19.420643,23.610165,-0.407245,395.769012,-240.019394,-17.309364,11029.129883,-7115.963379,-467.016022,0.425351,0.767120,-0.480212,0.100000,0.020000,1,0.138768
18.052158,24.259758,0.085176,-32.356262,16.210667,2.117706,-1748.904907,988.674561,114.691284,0.390580,0.911837,0.126496,0.100000,0.020000,1,0.805778
17.997248,24.315449,-0.083975,-1.080573,-3.086339,-0.030413,10.387530,2.734432,2.474583,0.395293,0.910698,-0.119881,0.100000,0.020000,1,0.864778
17.913610,24.465643,-0.422734,0.466371,-2.311197,-0.041977,2.184569,6.539361,0.432753,0.431566,0.676213,-0.597065,0.100000,0.020000,1,0.733027
18.002815,24.338070,0.190100,-0.846331,-3.291650,-0.022155,-3.555657,3.899796,-4.495473,0.373235,0.887860,0.269072,0.100000,0.020000,1,0.346211
17.910341,24.478645,0.437289,0.040597,-2.785766,-0.607958,-18.515583,-14.951212,-26.184055,0.435088,0.660019,0.612433,0.100000,0.020000,1,0.937683
18.240448,24.132980,-0.143569,-9.033852,6.946677,-0.251138,-48.528713,-859.391174,8.305162,0.375530,0.902395,-0.211334,0.100000,0.020000,1,0.777304
19.498676,24.891035,-1.349666,414.379089,84.774635,-215.241196,32891.148438,6903.248047,-17132.888672,0.452502,0.544392,-0.706314,0.100000,0.020000,1,0.570037
17.818201,24.617687,0.539300,1.988808,-1.302823,0.051661,1.772844,3.870342,-2.375558,0.485036,0.428574,0.762276,0.100000,0.020000,1,0.905611
18.026632,24.429502,0.311603,-73.778023,0.124249,122.441467,-4480.958008,278.865967,7521.470215,0.361248,0.781150,0.509219,0.100000,0.020000,1,0.634556
17.950670,24.352942,0.495367,56.078491,-33.530964,-199.748383,3187.143799,-1949.418701,-11716.453125,0.306369,0.864926,0.397543,0.100000,0.020000,1,0.429189
18.048338,24.358408,-0.252075,0.506642,-3.728617,-0.698954,67.949959,8.686040,-41.938618,0.303452,0.883787,-0.356143,0.100000,0.020000,1,0.365667
18.131943,24.317623,0.004900,-0.981913,-4.573808,0.000487,-0.312019,8.251362,-0.005023,0.212410,0.977156,0.006921,0.100000,0.020000,1,0.867074
18.129055,24.322027,-0.081910,-0.937699,-4.543240,-0.008144,-0.273571,8.204060,0.084110,0.214139,0.969928,-0.115688,0.100000,0.020000,1,0.501979
18.129519,24.323944,0.096423,-0.917971,-4.547313,0.009579,-0.274424,8.186904,-0.098798,0.212607,0.967601,0.136187,0.100000,0.020000,1,0.711637
18.054840,24.470581,-0.385167,-6.425498,17.447590,-13.566583,-189.545944,656.537537,-409.734589,0.248010,0.840950,-0.480931,0.100000,0.020000,1,0.023900
17.951616,24.521614,-0.497061,1.032560,-2.630906,-0.027809,3.898869,4.533312,-0.804623,0.355026,0.618351,-0.701141,0.100000,0.020000,1,0.210245
17.887966,24.584595,0.537766,1.670276,-2.017987,0.053446,2.461171,5.172877,-0.551287,0.408750,0.505993,0.759535,0.100000,0.020000,1,0.234168
18.131819,24.339355,-0.173378,-0.760713,-4.566673,-0.017228,-0.314382,8.004270,0.177690,0.202186,0.948238,-0.244877,0.100000,0.020000,1,0.554422
18.171400,24.478529,0.588223,-116.517288,-84.610001,-263.592468,-6915.242676,-4787.393066,-15659.328125,0.255067,0.828151,0.499106,0.100000,0.020000,1,0.661573
18.031702,24.456684,-0.429373,0.407043,-3.515728,-0.042646,0.824333,6.636925,0.432244,0.279030,0.744563,-0.606439,0.100000,0.020000,1,0.067418
18.027409,24.477449,0.455196,0.617168,-3.466461,0.045222,0.884007,6.414733,-0.466399,0.274810,0.714942,0.642913,0.100000,0.020000,1,0.340045
18.156199,24.362579,-0.236598,-0.517500,-4.808710,-0.023504,-0.590606,7.740606,0.242329,0.158705,0.929056,-0.334169,0.100000,0.020000,1,0.551985
18.182026,24.352455,0.189401,-0.613562,-5.074192,0.018816,-0.882800,7.863849,-0.194096,0.129247,0.954848,0.267507,0.100000,0.020000,1,0.273288
18.945265,24.174242,0.761214,235.910431,-66.967621,147.665131,7158.684570,-1873.337036,4473.571777,0.138345,0.911634,0.387019,0.100000,0.020000,1,0.312513
18.102364,24.449314,-0.414791,0.351015,-4.237218,-0.041206,0.022884,6.741241,0.424983,0.188725,0.788142,-0.585845,0.100000,0.020000,1,0.612428
18.244946,24.342394,0.004764,-1.919790,-6.570765,-2.064231,-75.072655,-44.078266,-124.870972,0.051786,0.998646,0.004887,0.100000,0.020000,1,0.758706
18.287617,24.249317,0.050024,-47.746941,23.639194,36.924126,-2838.293457,1434.175659,2109.893799,0.033343,0.988866,0.145021,0.100000,0.020000,1,0.768495
18.140682,24.228426,0.387554,0.359206,11.260574,103.593201,-442.364685,573.395630,8497.244141,0.025209,0.993126,-0.114306,0.100000,0.020000,1,0.989800
18.019859,24.840611,0.431838,10.363517,60.933365,-19.472502,725.125183,5231.450195,-1649.888672,0.297695,0.589611,0.750824,0.100000,0.020000,1,0.506311
18.457001,24.261818,-0.327423,49.194363,-33.256599,3.827861,4230.139648,-2426.682861,316.194916,0.091377,0.868719,-0.486804,0.100000,0.020000,1,0.536194
18.320431,24.330650,-0.218512,-329.774170,221.214020,267.870483,-20540.275391,14181.659180,16706.621094,0.017135,0.970602,-0.240081,0.100000,0.020000,1,0.466702
18.279551,24.344065,0.199381,-5.929923,-1.780882,-3.886445,-276.993011,146.157806,-178.769699,0.013779,0.965870,0.258661,0.100000,0.020000,1,0.499118
18.142126,24.333422,0.285961,5.036249,-40.786694,-40.613594,349.998566,-2886.051758,-3237.610352,0.145820,0.762285,0.630602,0.100000,0.020000,1,0.391175
18.192244,24.431082,0.362635,0.189467,-5.157089,0.036029,-1.011220,6.954248,-0.371447,0.078091,0.855320,0.512182,0.100000,0.020000,1,0.156927
18.201830,24.155279,-0.310771,-14.220724,10.354143,83.260887,-1860.069580,-913.527588,5103.883301,-0.052047,0.936981,-0.345482,0.100000,0.020000,1,0.693109
17.982653,24.546597,-0.540960,-5.841033,3.540483,-3.109758,-832.197083,530.220276,-305.270844,0.183977,0.662689,-0.725945,0.100000,0.020000,1,0.525145
18.298710,24.427685,0.289894,0.192031,-6.226933,0.019753,-2.140081,6.837811,0.228737,-0.061881,0.910401,0.409073,0.100000,0.020000,1,0.215173
18.381796,24.403809,-0.076462,-0.094056,-7.031862,0.007023,-4.705445,8.668836,0.438144,-0.160069,0.981201,-0.107804,0.100000,0.020000,1,0.230290
18.390524,24.411768,0.030419,0.466202,-6.303279,0.439268,51.878307,98.912971,48.468452,-0.164328,0.985753,0.035891,0.100000,0.020000,1,0.460050
18.395420,24.415134,0.095061,-1.193894,-2.963951,0.417433,-91.629593,273.409821,25.118038,-0.186806,0.973154,0.134444,0.100000,0.020000,1,0.806402
18.221888,24.484173,-0.414293,1.093944,-5.402138,-0.082500,-39.487656,26.910820,6.926124,-0.005233,0.808687,-0.588216,0.100000,0.020000,1,0.195994
18.344378,24.443541,-0.335602,-10.745494,-3.556407,4.723315,-587.632751,148.976730,241.890701,-0.095771,0.885739,-0.454197,0.100000,0.020000,1,0.882105
18.384050,24.429432,-0.171542,0.387901,-6.488842,-0.415669,22.646427,73.091843,-44.003296,-0.169051,0.956968,-0.235868,0.100000,0.020000,1,0.270440
18.143597,24.527390,-0.502133,0.912676,-5.377498,0.015999,-28.103033,-61.096840,6.568871,0.091377,0.698404,-0.709846,0.100000,0.020000,1,0.450010
18.062309,24.559780,0.537960,1.469790,-3.799770,0.042844,0.482184,5.434731,-0.637379,0.189000,0.622310,0.759611,0.100000,0.020000,1,0.004615
19.453306,23.654009,-0.196938,165.447311,-95.875778,-56.154217,14863.287109,-8863.265625,-5187.843750,-0.187580,0.942448,0.276778,0.100000,0.020000,1,0.969712
18.327606,24.475422,0.349238,0.677328,-6.523371,0.034697,-2.572647,6.456666,-0.357786,-0.122860,0.861162,0.493260,0.100000,0.020000,1,0.435890
18.239014,24.506964,0.444139,0.962019,-5.608566,0.044200,-2.371829,11.335876,-0.393799,-0.019986,0.778539,0.627278,0.100000,0.020000,1,0.810386
18.401461,24.462994,-0.243935,0.688002,-7.109007,-0.083513,-4.454976,6.687562,19.424137,-0.218418,0.910058,-0.352262,0.100000,0.020000,1,0.358354
18.426773,24.488804,0.263380,0.840524,-7.529029,0.026167,-3.696118,6.318497,-0.269850,-0.260944,0.890802,0.371995,0.100000,0.020000,1,0.204366
18.492765,24.480694,-0.072419,0.775944,-8.203170,-0.007195,-4.448067,6.415156,0.074172,-0.344702,0.933123,-0.102284,0.100000,0.020000,1,0.502191
18.500008,24.493090,0.108685,0.904727,-8.274315,0.010585,-4.520137,6.262632,-0.113485,-0.360254,0.920138,0.153501,0.100000,0.020000,1,0.834525
18.331278,24.531792,-0.421868,1.252430,-6.545532,-0.041838,-2.638224,5.835348,0.401515,-0.154695,0.788072,-0.595829,0.100000,0.020000,1,0.898249
18.487173,24.498446,-0.170556,0.954914,-8.141445,-0.016944,-4.390342,6.212563,0.174771,-0.345759,0.906875,-0.240891,0.100000,0.020000,1,0.669652
18.251797,24.567961,-0.493387,0.922712,-7.379250,-0.283111,-24.579679,-61.053993,-8.782182,-0.057566,0.713088,-0.698707,0.100000,0.020000,1,0.652678
18.414310,24.526760,-0.342769,1.228616,-7.402840,-0.042900,-3.441714,5.661655,0.149965,-0.262577,0.834603,-0.484243,0.100000,0.020000,1,0.989854
18.245567,24.527967,0.502219,-199.263382,109.180351,82.068161,-12347.031250,7013.097168,5039.833496,0.045472,0.653624,0.755452,0.100000,0.020000,1,0.798490
18.497709,24.512125,0.183330,1.096973,-8.245120,0.018214,-4.516510,6.052717,-0.187830,-0.366289,0.893748,0.258933,0.100000,0.020000,1,0.752651
18.505377,24.586641,0.382373,-50.758160,-32.401779,-25.739325,-2904.403320,-1338.603394,-1487.466797,-0.263661,0.829222,0.492823,0.100000,0.020000,1,0.910846
18.553511,24.529087,-0.261867,-54.420837,18.085732,3.044513,-3338.815186,1595.276611,119.872742,-0.396027,0.851035,-0.344821,0.100000,0.020000,1,0.817570
18.317148,24.533821,0.454578,1.322428,-4.195235,1.326459,-66.900703,19.123787,58.938519,-0.167008,0.741982,0.649285,0.100000,0.020000,1,0.035403
18.285749,24.385983,-0.049758,156.222641,-82.081406,69.480019,8705.720703,-5194.235352,4109.390137,-0.430751,0.902176,0.023045,0.100000,0.020000,1,0.020222
18.525358,24.474083,0.153380,2.239420,-28.878656,-18.579016,121.043106,-1670.563232,-1697.654663,-0.400255,0.827686,0.393361,0.100000,0.020000,1,0.140431
18.736830,24.763359,0.006533,-180.844116,-233.465912,-1.770648,-10850.219727,-13303.674805,-97.077179,-0.492835,0.870112,0.004256,0.100000,0.020000,1,0.466691
23.812756,22.187521,-1.622482,1678.321655,-740.492615,-649.878601,51218.804688,-21999.367188,-19712.957031,-0.066980,0.669511,0.739776,0.100000,0.020000,1,0.599553
19.751959,24.871853,0.486887,299.322571,66.309563,99.264206,23667.669922,6005.412109,7895.462402,-0.507734,0.850618,0.136588,0.100000,0.020000,1,0.697980
18.428455,24.594429,-0.411075,1.916546,-7.517879,-0.040560,-3.718402,5.103361,0.416319,-0.313681,0.751345,-0.580590,0.100000,0.020000,1,0.619837
18.634283,24.676441,-0.090111,-28.829689,-83.428596,19.011343,-1794.819336,-4315.945801,1106.676636,-0.536700,0.838344,-0.095560,0.100000,0.020000,1,0.983260
18.601185,24.600914,-0.164254,2.439043,-9.360347,-0.015677,60.123714,-32.696831,0.079822,-0.535221,0.812244,-0.231946,0.100000,0.020000,1,0.499193
18.336975,24.615425,-0.499179,2.105397,-6.580820,-0.049594,-2.672926,4.854525,0.511402,-0.202236,0.679725,-0.705035,0.100000,0.020000,1,0.693851
18.515543,25.067598,-0.280885,0.348948,83.160431,6.848095,-124.206779,7686.030273,629.588684,-0.440390,0.769450,-0.462605,0.100000,0.020000,1,0.168239
18.640993,24.703785,0.354728,-456.852478,-416.019135,100.353638,-28435.343750,-25385.972656,6358.923828,-0.435491,0.753933,0.491866,0.100000,0.020000,1,0.407815
18.410992,24.610130,0.446958,2.374116,-6.947896,0.079500,-11.199971,4.941533,16.010679,-0.308269,0.715896,0.626469,0.100000,0.020000,1,0.098897
18.599785,24.624208,0.177196,2.927703,-9.703066,-2.643698,47.662621,-35.413120,-222.351715,-0.552423,0.789119,0.268551,0.100000,0.020000,1,0.534011
18.593809,24.658524,-0.251883,2.613498,-9.183845,-0.025026,-5.624529,4.390461,0.258056,-0.563897,0.745290,-0.355756,0.100000,0.020000,1,0.591640
18.589525,24.653379,0.259666,2.886088,-9.155700,-0.347712,36.511082,-3.705334,-51.129269,-0.549222,0.746333,0.375955,0.100000,0.020000,1,0.196443
18.465286,24.673409,-0.436071,0.675009,-5.780777,-2.857342,-202.962494,259.854401,-311.558350,-0.414916,0.708734,-0.570562,0.100000,0.020000,1,0.580554
18.314974,24.642046,0.531738,2.557333,-6.330885,-0.050568,3.829132,5.789240,-4.204054,-0.187545,0.634230,0.750053,0.100000,0.020000,1,0.980112
18.665846,24.705542,0.100925,3.111643,-9.904552,0.010028,-6.446916,3.850904,-0.103342,-0.682035,0.717293,0.142546,0.100000,0.020000,1,0.900023
18.573832,24.686474,-0.323396,2.892533,-8.973049,-0.032130,-5.395659,4.055131,0.331309,-0.550730,0.698618,-0.456760,0.100000,0.020000,1,0.685335
18.658682,24.719257,-0.165923,3.249171,-9.827940,-0.016483,-6.376994,3.693112,0.170026,-0.679079,0.695652,-0.234347,0.100000,0.020000,1,0.203306
18.673986,24.714579,-0.074312,3.205684,-9.984963,-0.007383,-6.544855,3.748981,0.076117,-0.697166,0.709185,-0.104958,0.100000,0.020000,1,0.058186
18.678080,24.714794,0.021090,3.209067,-10.026852,0.002101,-6.595426,3.734358,-0.021672,-0.702707,0.710855,0.029788,0.100000,0.020000,1,0.081190
18.571615,24.672571,0.493125,-100.707787,101.038826,-413.912720,-6500.965332,6816.868164,-25575.785156,-0.538155,0.671437,0.509471,0.100000,0.020000,1,0.100499
18.502357,24.872675,0.550169,-5.514999,-79.975601,-41.854443,-441.216187,-3751.446289,-2187.655029,-0.425994,0.656574,0.622446,0.100000,0.020000,1,0.516955
18.661333,24.740858,0.191697,3.469929,-9.849017,0.019045,-6.399253,3.451129,-0.196408,-0.692930,0.668238,0.270751,0.100000,0.020000,1,0.974660
18.390085,24.673586,-0.508307,2.711646,-7.105669,-0.050500,-3.298480,4.201351,0.520785,-0.300569,0.627885,-0.717927,0.100000,0.020000,1,0.768393
18.639265,24.750351,0.259905,3.262798,-11.059514,0.947180,-21.951914,-78.772263,52.531155,-0.666636,0.647699,0.368894,0.100000,0.020000,1,0.815735
18.649366,24.750542,-0.238296,3.565236,-9.724339,-0.023675,-6.262819,3.345159,0.244065,-0.681669,0.649654,-0.336567,0.100000,0.020000,1,0.418010
17.401989,24.894081,0.586537,-300.645355,53.622711,22.732149,-9202.284180,1848.276733,686.795898,-0.328113,0.608318,0.722697,0.100000,0.020000,1,0.622883
18.339180,24.784023,-0.668417,-34.559052,45.600952,-250.767181,-4010.018555,3433.269775,-18355.056641,-0.792552,0.603122,-0.090024,0.100000,0.020000,1,0.081108
18.868153,24.654739,-0.094371,32.030865,-39.396244,-24.244671,2386.908447,-2479.793945,-1978.571655,-0.798522,0.601691,0.018172,0.100000,0.020000,1,0.463257
18.703655,24.822247,0.663650,41.638512,5.561204,47.207424,3054.919678,1140.144653,3972.408936,-0.549558,0.580546,0.600793,0.100000,0.020000,1,0.733854
18.608566,24.809309,-0.466335,-77.438759,-44.390373,102.823868,-4902.356445,-2080.596924,6285.169434,-0.564641,0.578881,-0.588283,0.100000,0.020000,1,0.345217
18.582123,24.784857,-0.346091,-1.924509,-12.495048,-3.077768,-548.292114,-224.676804,-252.839935,-0.666415,0.580240,-0.468202,0.100000,0.020000,1,0.711372
18.641397,24.870153,0.226300,259.162415,-149.148483,-593.133057,15774.580078,-8568.047852,-36875.972656,-0.802879,0.581994,0.129106,0.100000,0.020000,1,0.403417
18.705334,24.845837,-0.165212,4.522045,-12.115777,1.976001,-7.089140,-93.027489,101.224960,-0.799658,0.556703,-0.225008,0.100000,0.020000,1,0.104194
18.493750,24.724264,-0.473517,-17.452654,23.898199,-20.428288,-1244.733032,1919.435669,-1228.545166,-0.447534,0.571079,-0.688173,0.100000,0.020000,1,0.813288
18.620405,24.771563,0.378195,1.385803,-6.351354,-6.578415,-171.302963,56.535145,-280.556854,-0.667051,0.563120,0.487789,0.100000,0.020000,1,0.252480
18.332476,24.716650,0.629017,-22.846191,-14.810127,26.726059,-2151.554688,-572.390320,2185.015137,-0.413597,0.558764,0.718832,0.100000,0.020000,1,0.408562
18.707058,24.859945,0.173381,4.694645,-10.282228,0.017526,-6.939617,2.087548,-0.173014,-0.810589,0.531955,0.244886,0.100000,0.020000,1,0.460800
18.585598,25.528185,-0.031280,81.524612,-559.508118,243.877197,4439.578125,-31926.125000,14179.595703,-0.779976,0.507964,0.365528,0.100000,0.020000,1,0.043049
18.719490,24.893461,-0.214963,-13.893253,-10.794794,-18.595758,-1081.300049,-23.829380,-1053.321899,-0.803847,0.485474,-0.343722,0.100000,0.020000,1,0.614931
18.673571,24.957968,0.023818,-5.449846,-7.907850,0.849548,-994.205444,231.514725,129.277039,-0.899041,0.437790,0.008058,0.100000,0.020000,1,0.621854
18.506006,24.865503,-0.456133,1.360622,-80.572479,-46.390224,-215.143021,-4364.707520,-2797.970215,-0.533491,0.493308,-0.687047,0.100000,0.020000,1,0.904481
18.745825,24.943415,-0.151759,-1.812552,-6.734706,-0.403740,-399.221924,202.291656,-14.971232,-0.881110,0.419919,-0.217516,0.100000,0.020000,1,0.777017
18.739641,24.957497,0.107824,4.906270,-11.328559,-2.014210,-42.832726,-39.529713,-121.878281,-0.895416,0.419112,0.150249,0.100000,0.020000,1,0.857125
18.647985,24.943653,-0.558058,23.059910,8.520606,-43.061913,212.650146,621.376892,-798.604553,-0.669169,0.446054,-0.594347,0.100000,0.020000,1,0.831560
18.647812,24.917444,-0.429294,15.546448,-2.463693,72.014038,570.324036,420.068756,4099.275879,-0.785264,0.420253,-0.454695,0.100000,0.020000,1,0.558289
18.731831,24.968908,-0.076954,4.869613,-10.309629,-0.827646,-107.975456,34.424496,-90.734589,-0.907673,0.408665,-0.095512,0.100000,0.020000,1,0.035769
18.723984,24.969522,0.173817,5.813854,-10.426450,0.019195,-7.115030,0.981695,-0.450930,-0.885408,0.394611,0.245631,0.100000,0.020000,1,0.362792
18.643206,24.936054,0.360179,5.451990,-9.611904,0.035781,-6.221869,1.206886,-0.369040,-0.762181,0.400366,0.508712,0.100000,0.020000,1,0.368305
18.595116,24.949036,0.427323,-2.639526,-28.319181,7.478009,-405.745270,-1010.358032,386.297577,-0.653249,0.417829,0.631416,0.100000,0.020000,1,0.437988
18.704161,25.007191,-0.250917,6.275137,-11.802639,2.604229,-0.255138,-76.342194,128.424957,-0.875150,0.342625,-0.341644,0.100000,0.020000,1,0.301427
18.691202,25.008152,0.276431,6.199202,-10.081032,0.027462,-6.765867,0.383633,-0.283173,-0.860386,0.327570,0.390428,0.100000,0.020000,1,0.714463
18.487732,24.862574,0.520603,3.902156,-7.283950,0.351441,-69.268715,81.698845,27.373272,-0.524077,0.434899,0.732261,0.100000,0.020000,1,0.221565
18.760855,25.064444,-0.054052,8.012009,-11.233088,0.949012,142.335159,-88.497696,128.743256,-0.959888,0.262161,-0.099435,0.100000,0.020000,1,0.590362
18.745234,25.076355,0.009573,6.908094,-10.612757,0.000951,-7.391310,-0.388993,-0.009805,-0.964745,0.262838,0.013521,0.100000,0.020000,1,0.668892
18.629549,24.983446,-0.430426,-37.716602,-31.677847,10.672472,-2671.637207,-1383.352417,623.475769,-0.736410,0.331165,-0.589940,0.100000,0.020000,1,0.138019
18.740467,25.080126,-0.143077,3.411951,-9.846400,-2.861350,-179.157257,28.075621,-137.678619,-0.944630,0.246831,-0.216214,0.100000,0.020000,1,0.543849
18.737329,25.098101,0.090880,7.127423,-10.526382,0.009029,-7.301298,-0.637969,-0.093104,-0.964645,0.230183,0.128357,0.100000,0.020000,1,0.436697
18.360273,24.741413,-0.569823,3.326296,-7.185869,-0.191903,-17.790277,-43.279884,-15.780465,-0.298207,0.517295,-0.802171,0.100000,0.020000,1,0.643188
18.332359,24.991632,-1.177698,-31.679502,-26.693501,-297.011719,-3233.611328,-878.751099,-21631.689453,-0.629195,0.362740,-0.687410,0.100000,0.020000,1,0.366913
17.835054,25.117254,0.271866,-151.443710,8.422198,-42.215588,-13102.259766,1707.043945,-3362.885010,-0.714259,0.326839,0.618879,0.100000,0.020000,1,0.897595
18.855591,25.104233,0.422209,35.050407,-12.717669,48.397030,2328.124023,-195.874725,4040.989502,-0.944317,0.198293,0.262573,0.100000,0.020000,1,0.346538
18.671759,25.047581,-0.319698,-14.349325,-1.491191,-34.351593,-1288.103882,506.897766,-2095.241455,-0.841655,0.256148,-0.475399,0.100000,0.020000,1,0.182599
18.692696,25.118227,-0.216134,9.890307,-13.380880,-6.511341,125.635963,-163.131317,-327.781158,-0.921693,0.199296,-0.332811,0.100000,0.020000,1,0.126867
18.644972,25.067629,0.364871,7.297484,-9.330597,-1.136035,12.077087,12.493553,-48.024315,-0.832097,0.226102,0.506451,0.100000,0.020000,1,0.083538
18.641039,25.134869,0.248355,1.365105,-8.326473,-0.618365,-599.202332,166.906830,-66.595215,-0.915951,0.178384,0.359462,0.100000,0.020000,1,0.774740
18.742201,25.027687,-0.324149,-141.433014,58.873024,-75.775986,-8868.719727,4073.288574,-4473.055664,-0.804220,0.194484,-0.561611,0.100000,0.020000,1,0.784511
18.685007,25.230774,0.078856,24.969353,-25.558790,11.968495,922.321350,-847.126526,661.471619,-0.986362,0.081677,0.142892,0.100000,0.020000,1,0.146082
18.721251,25.209742,0.023852,8.259599,-10.332472,0.002370,-7.124942,-1.909299,-0.024438,-0.996671,0.074244,0.033688,0.100000,0.020000,1,0.828579
18.469404,25.284895,0.752660,-46.757114,35.357086,121.822258,-1642.205322,1321.670166,3747.844971,-0.866153,0.128130,0.483075,0.100000,0.020000,1,0.508027
18.531578,25.321369,-0.524280,-15.410618,20.639063,-37.970341,-1991.928833,2605.839355,-3259.756348,-0.886524,0.115570,-0.448017,0.100000,0.020000,1,0.138321
18.701506,25.246616,-0.060477,5.745671,-6.109811,0.311058,-227.050201,334.429688,25.874952,-0.995138,0.045458,-0.087374,0.100000,0.020000,1,0.593779
18.698603,25.233131,-0.152657,8.131307,-11.113315,3.484003,-29.228432,-55.084187,205.881271,-0.976930,0.036020,-0.210502,0.100000,0.020000,1,0.253778
18.547205,25.025961,-0.493826,6.704655,-8.448090,0.429563,10.527445,8.039946,21.640043,-0.680202,0.234774,-0.694412,0.100000,0.020000,1,0.023960
18.587893,25.104343,0.444882,6.334537,-8.078828,-1.081945,-49.244976,46.743568,-59.602962,-0.767328,0.146399,0.624319,0.100000,0.020000,1,0.279289
19.092480,25.441706,-0.238148,-232.618134,-121.619774,281.056152,-13407.105469,-6206.376465,15611.333984,-0.923876,0.009490,0.382575,0.100000,0.020000,1,0.179088
18.676477,25.291080,-0.243081,-73.379517,-268.728516,-86.643822,-5137.229004,-16169.093750,-5480.982422,-0.940892,-0.003270,-0.338692,0.100000,0.020000,1,0.839328
18.678131,25.269264,0.177197,8.849705,-9.879591,0.025947,-6.764317,-2.675841,0.086272,-0.967820,-0.025401,0.250359,0.100000,0.020000,1,0.051795
18.632000,25.247644,-0.315660,8.238491,-9.101137,-0.324578,-19.003326,6.679959,-9.108892,-0.893289,-0.022956,-0.448896,0.100000,0.020000,1,0.212933
18.531952,25.219120,-0.374142,45.613945,-36.307472,-26.752689,2126.397705,-1552.807983,-1517.725830,-0.809095,0.054110,-0.585181,0.100000,0.020000,1,0.518734
18.674513,25.333145,0.010370,9.503069,-9.823367,0.001030,-6.608449,-3.332385,-0.010624,-0.993603,-0.111972,0.014647,0.100000,0.020000,1,0.615536
18.492929,25.052704,0.529668,4.861104,-6.675336,0.218577,-179.779236,172.674789,18.374306,-0.634233,0.205795,0.745249,0.100000,0.020000,1,0.080269
18.784967,25.310667,0.348212,36.533558,-0.055087,0.756297,2472.523438,812.892395,64.123817,-0.873523,-0.036354,0.485425,0.100000,0.020000,1,0.845051
18.548527,25.110756,-0.492455,7.118016,-8.377140,-0.707457,-11.779042,27.301821,-79.133591,-0.719456,0.127729,-0.682693,0.100000,0.020000,1,0.024376
18.636152,25.271725,-0.024216,2.014069,-25.841583,14.176524,-606.314148,-1301.894531,1155.358521,-0.984733,-0.124128,-0.122042,0.100000,0.020000,1,0.088085
18.643133,25.393787,0.108758,7.870667,-4.547186,0.346762,-186.571747,525.214844,34.587658,-0.979669,-0.134280,0.149056,0.100000,0.020000,1,0.351557
18.572886,25.193710,0.431921,8.056171,-8.826507,0.042915,-5.436295,-1.749696,-0.442370,-0.791989,0.024600,0.610040,0.100000,0.020000,1,0.336751
18.637398,25.356871,0.174463,9.734622,-9.439217,0.017333,-6.185981,-3.608813,-0.178715,-0.955662,-0.161221,0.246409,0.100000,0.020000,1,0.080961
18.635996,25.365736,-0.161424,9.824261,-9.424937,-0.026149,-6.173984,-3.791198,-0.184388,-0.958030,-0.173644,-0.228091,0.100000,0.020000,1,0.057624
18.610012,25.364395,-0.239216,9.775380,-9.113623,-0.058972,-6.887091,-2.343379,-0.885958,-0.922731,-0.184835,-0.338234,0.100000,0.020000,1,0.952105
18.785196,26.118456,-0.346007,58.729794,182.275879,-74.308540,3765.718262,14956.614258,-5806.753418,-0.956289,-0.270453,-0.111203,0.100000,0.020000,1,0.333903
18.670641,25.485420,-0.074758,-61.851528,-52.479633,74.065437,-4337.045410,-2520.362061,4283.746094,-0.961344,-0.274061,0.026624,0.100000,0.020000,1,0.452979
18.569529,25.048521,0.631373,15.323405,-18.412117,15.121315,748.927612,-945.141357,1420.659546,-0.674067,0.092131,0.732903,0.100000,0.020000,1,0.229088
18.579262,25.396221,-0.297024,92.674316,-233.130615,-147.888382,5251.097656,-14026.439453,-9262.307617,-0.873758,-0.200192,-0.443249,0.100000,0.020000,1,0.265462
17.726780,24.704170,0.245483,-232.989578,-107.078003,-68.606766,-6570.242676,-1082.813965,-3967.782715,-0.568517,0.294652,0.768094,0.100000,0.020000,1,0.005089
18.606300,25.438965,0.097000,12.353408,-10.167110,0.103250,139.037933,-102.012840,9.529463,-0.945197,-0.296943,0.135747,0.100000,0.020000,1,0.979391
18.572300,25.291590,-0.460634,11.843501,-8.320640,-4.459169,289.898712,22.391201,-459.015778,-0.799530,-0.114781,-0.589556,0.100000,0.020000,1,0.453958
18.890427,25.847338,0.353762,96.683220,89.741737,131.007401,6721.679199,7870.319336,10388.035156,-0.924253,-0.314761,-0.216063,0.100000,0.020000,1,0.755233
18.511423,25.201387,-0.495607,8.117821,-8.196995,-0.050113,-4.561743,-1.799884,0.462510,-0.713992,-0.015012,-0.699993,0.100000,0.020000,1,0.431261
18.530552,25.294292,0.430011,9.068994,-8.368629,0.042845,-4.949324,-2.903652,-0.442362,-0.783861,-0.129201,0.607345,0.100000,0.020000,1,0.094166
18.568998,25.457556,0.171110,10.754869,-8.705969,0.017592,-5.457650,-4.863092,-0.176731,-0.913310,-0.327799,0.241687,0.100000,0.020000,1,0.488219
18.644592,25.544855,0.403935,43.561165,70.404869,-25.192032,2829.026611,6377.522461,-2011.458740,-0.702133,-0.023229,0.711667,0.100000,0.020000,1,0.343405
18.460100,25.482683,-0.311814,116.526466,-32.414150,118.136337,6302.317383,-1401.674561,7107.766113,-0.885518,-0.335062,-0.321857,0.100000,0.020000,1,0.788317
18.536591,25.383663,0.349314,9.980517,-8.405642,0.034700,-5.012377,-3.921116,-0.357766,-0.834605,-0.244996,0.493367,0.100000,0.020000,1,0.558851
18.469444,25.048334,-0.561681,6.548405,-7.812480,-0.055799,-4.229030,-0.082475,0.575518,-0.585121,0.168191,-0.793312,0.100000,0.020000,1,0.525040
18.387180,25.456179,-0.004840,-13.828034,-22.703518,-3.558765,-2186.932861,-1240.643677,-328.668640,-0.893159,-0.448851,0.028277,0.100000,0.020000,1,0.865774
18.519350,25.466299,0.268364,10.817131,-8.208001,0.026730,-4.828578,-4.883881,-0.276549,-0.851224,-0.362974,0.379036,0.100000,0.020000,1,0.853745
18.552921,25.409027,0.294061,10.242565,-8.564980,0.028711,-5.204612,-4.227661,-0.289263,-0.868411,-0.270880,0.415314,0.100000,0.020000,1,0.084117
18.497614,25.546869,0.120376,16.501923,-10.745970,-7.508363,254.179260,-142.001740,-390.805939,-0.874196,-0.464445,0.141675,0.100000,0.020000,1,0.796823
18.481537,25.284241,-0.485919,8.973099,-7.855186,-0.061447,-3.556376,-1.677831,-1.081589,-0.714101,-0.139251,-0.686053,0.100000,0.020000,1,0.114378
18.481682,25.387045,-0.403944,10.376388,-7.666454,-1.346611,10.821314,3.990785,-53.860943,-0.766305,-0.276286,-0.580037,0.100000,0.020000,1,0.264744
18.579628,25.609442,-0.038913,-158.883911,-296.316132,5.178773,-10402.703125,-17931.074219,794.019958,-0.852746,-0.477160,-0.212470,0.100000,0.020000,1,0.321602
18.486967,25.446735,-0.346839,10.515808,-11.296961,-5.103549,-21.342295,-270.304138,-395.882599,-0.805653,-0.368102,-0.464138,0.100000,0.020000,1,0.514686
18.472923,25.461323,0.344696,10.753610,-7.736631,0.034243,-4.309921,-4.819343,-0.353120,-0.787193,-0.378561,0.486845,0.100000,0.020000,1,0.453372
18.485439,25.560152,-0.067946,12.313846,-7.921545,0.039233,7.906372,-15.230643,1.546088,-0.858602,-0.503672,-0.095485,0.100000,0.020000,1,0.068112
18.486750,25.547293,0.188199,12.209456,-7.755939,0.222044,84.425591,-12.258437,34.238556,-0.830386,-0.493584,0.258524,0.100000,0.020000,1,0.033100
18.466578,25.373468,0.440450,9.857777,-7.695548,0.043760,-4.215598,-3.813088,-0.451188,-0.736763,-0.264932,0.622087,0.100000,0.020000,1,0.170225
18.440014,25.541189,-0.267317,9.091011,-2.164330,11.070374,-159.701447,294.073181,633.761841,-0.783572,-0.509917,-0.354965,0.100000,0.020000,1,0.937436
18.426155,25.551317,0.263893,11.652879,-7.216540,0.024252,-3.945022,-5.307344,-0.311513,-0.768123,-0.520661,0.372692,0.100000,0.020000,1,0.381710
18.435379,25.581173,0.100592,2.542362,9.818584,-6.132456,-543.437805,933.447021,-340.663818,-0.785794,-0.605483,0.126165,0.100000,0.020000,1,0.886896
18.429581,25.457336,-0.397497,10.701290,-7.294786,-0.037765,-3.803577,-4.759108,0.427423,-0.727729,-0.394019,-0.561390,0.100000,0.020000,1,0.736702
18.404762,25.621002,-0.083971,12.361132,-6.999736,-0.008343,-3.533847,-6.662930,0.086029,-0.773024,-0.623192,-0.118599,0.100000,0.020000,1,0.199317
18.404587,25.626945,0.003599,12.421311,-6.996069,0.000358,-3.538872,-6.717632,-0.003687,-0.775630,-0.631167,0.005084,0.100000,0.020000,1,0.120189
18.283562,25.176968,1.028899,-28.230068,-92.380325,185.113800,-2974.748535,-6846.339844,14530.403320,-0.715420,-0.497574,0.490504,0.100000,0.020000,1,0.461641
18.416843,25.562366,-0.377965,24.508846,109.464607,212.806473,917.916504,7424.272949,13208.494141,-0.718368,-0.524216,-0.457324,0.100000,0.020000,1,0.708161
17.949717,24.300838,0.588312,59.883392,49.674259,96.540764,-3745.271973,-15677.755859,8601.302734,-0.740869,-0.638403,-0.208699,0.100000,0.020000,1,0.072122
18.327402,25.713654,-0.259073,53.395653,-144.986603,36.195122,2444.613770,-8286.342773,2179.118896,-0.711285,-0.620801,-0.329665,0.100000,0.020000,1,0.610660
18.124571,25.023935,0.378483,-51.865456,-103.933861,-7.086547,-5077.159668,-7882.003418,-712.040894,-0.676591,-0.392629,0.622951,0.100000,0.020000,1,0.880116
18.350769,25.617487,0.181095,19.915695,-6.254577,3.294749,404.914246,11.857172,175.417770,-0.722749,-0.637739,0.266313,0.100000,0.020000,1,0.395062
18.399769,25.368357,-0.500450,9.784928,-7.021505,-0.047092,-3.516672,-2.958335,0.206305,-0.645499,-0.289737,-0.706671,0.100000,0.020000,1,0.823155
18.420677,25.292309,0.530846,9.019078,-7.250225,0.052746,-3.687252,-2.887565,-0.543578,-0.637008,-0.179103,0.749762,0.100000,0.020000,1,0.144557
18.247746,25.538326,0.450102,-22.616562,31.201542,-12.534818,-2642.489746,3096.847412,-1024.373901,-0.633464,-0.299927,0.713279,0.100000,0.020000,1,0.868210
18.290552,25.639568,0.217759,27.198917,-21.047152,30.217440,834.352295,-834.649536,1673.163940,-0.651047,-0.653540,0.386035,0.100000,0.020000,1,0.332729
18.280666,25.666790,0.166824,12.761980,-5.732527,0.016114,1.687127,-1.859452,-0.413044,-0.627860,-0.741782,0.235693,0.100000,0.020000,1,0.671477
18.316696,25.684874,0.105974,14.925232,-5.264745,-0.129689,271.272858,56.772579,-20.841913,-0.636533,-0.755782,0.153686,0.100000,0.020000,1,0.095874
18.325113,25.532560,-0.399857,11.650068,-3.693831,-0.381573,2.732797,197.073822,6.899730,-0.624767,-0.529088,-0.574224,0.100000,0.020000,1,0.283880
18.279512,25.686646,0.004815,12.992107,-5.713107,-0.009058,-2.039185,-7.161605,0.340674,-0.637953,-0.770048,0.006481,0.100000,0.020000,1,0.657329
18.274792,25.684292,-0.077123,12.957396,-5.658737,-0.005168,-0.109193,-6.215123,-0.500428,-0.629724,-0.769179,-0.108679,0.100000,0.020000,1,0.571584
18.265356,25.876001,-0.046544,10.852227,27.589945,18.440809,-122.335045,2935.295898,1639.942017,-0.610762,-0.758816,-0.226202,0.100000,0.020000,1,0.353994
18.082558,25.500431,0.174505,-35.172859,-11.419008,-50.513264,-3905.664307,-419.959015,-4217.587891,-0.604697,-0.531393,0.593265,0.100000,0.020000,1,0.618886
18.271254,25.603863,0.326152,11.253940,-4.876692,-2.359917,-65.192535,69.634438,-193.504303,-0.587920,-0.654858,0.474880,0.100000,0.020000,1,0.391386
18.251526,25.440086,-0.622247,5.897959,-42.788517,-68.527786,-513.385010,-3020.487549,-5565.114258,-0.597739,-0.657218,-0.459099,0.100000,0.020000,1,0.098652
18.264753,25.698606,-0.252221,15.624026,-1.726971,-1.010431,325.610077,377.797729,-121.175247,-0.559999,-0.757191,-0.336249,0.100000,0.020000,1,0.547991
18.413494,24.908310,1.146679,79.356728,-1.436119,111.050980,4723.647461,-1824.718994,9659.567383,-0.571016,-0.389468,0.722672,0.100000,0.020000,1,0.637444
18.324518,25.429001,-0.502927,10.397312,-6.214092,-0.038471,-2.416094,-4.726511,-0.527039,-0.574966,-0.407057,-0.709731,0.100000,0.020000,1,0.063039
18.215054,25.650711,0.270555,12.627595,-5.052471,0.012922,-2.084156,-6.723906,1.332861,-0.535871,-0.753301,0.381288,0.100000,0.020000,1,0.878370
18.389862,25.278765,-0.558827,8.871314,-6.938527,-0.042454,-2.981906,-2.877737,-1.261813,-0.589481,-0.175962,-0.788384,0.100000,0.020000,1,0.272632
18.168850,25.706856,0.102048,13.103368,-4.390006,-0.121246,-5.408910,-6.048894,-5.065369,-0.501529,-0.853239,0.143008,0.100000,0.020000,1,0.702495
18.169531,25.716339,0.011075,13.268141,-4.579013,0.001099,-0.841954,-7.762302,-0.011338,-0.506233,-0.862255,0.015642,0.100000,0.020000,1,0.870145
18.168262,25.713507,-0.065977,13.239580,-4.567014,-0.006492,-0.923322,-7.782747,0.048578,-0.503244,-0.859106,-0.093178,0.100000,0.020000,1,0.097561
17.875700,25.508789,-0.336339,115.821259,-57.345200,9.468213,5135.229980,-3817.493652,522.207764,-0.516963,-0.728945,-0.448763,0.100000,0.020000,1,0.475953
18.464567,25.597021,-0.493704,49.363499,19.068144,0.103497,3244.687500,1993.891602,-61.280228,-0.528292,-0.517396,-0.673208,0.100000,0.020000,1,0.631658
18.164522,25.671106,-0.074664,-47.763535,155.604446,-458.326508,-3803.233887,9973.564453,-28565.744141,-0.479363,-0.847446,-0.228137,0.100000,0.020000,1,0.790336
18.149712,25.800018,0.075562,193.299133,-632.510254,894.430725,11163.555664,-38561.816406,54964.386719,-0.497347,-0.616714,0.610172,0.100000,0.020000,1,0.406560
18.016031,25.535753,-0.353031,-1.799114,12.254333,7.627660,-1702.167358,956.642517,730.833740,-0.499662,-0.641678,-0.581882,0.100000,0.020000,1,0.044124
18.254244,25.534567,0.257933,-23.059488,63.442223,71.828629,-1927.906982,3925.707031,4173.884766,-0.476800,-0.733019,0.485124,0.100000,0.020000,1,0.778153
18.292839,25.456221,-0.052890,79.868729,-23.983332,-42.206665,4886.500977,-2273.233154,-3627.729492,-0.448551,-0.857923,0.250541,0.100000,0.020000,1,0.731107
18.054998,25.739044,-0.248275,31.075979,-33.733387,-3.133513,1006.418640,-1656.523438,-189.146210,-0.382324,-0.853958,-0.352965,0.100000,0.020000,1,0.777573
18.248053,25.626053,-0.381834,-37.272903,-19.252474,-10.180335,-2655.821777,-811.902100,-545.904724,-0.406933,-0.713014,-0.570978,0.100000,0.020000,1,0.091531
18.417046,24.921883,0.511723,85.919579,-26.806206,-1.959885,5500.518066,-3605.852539,-158.285721,-0.472974,-0.488646,0.733158,0.100000,0.020000,1,0.492192
17.690470,25.102846,0.035314,39.507748,33.304359,-1.856859,248.664948,-322.125946,-51.643898,-0.321633,-0.946460,0.027671,0.100000,0.020000,1,0.223503
18.063229,25.660961,-0.046933,-6.361211,40.320435,-17.795168,-1110.187988,2472.762939,-998.303345,-0.327307,-0.938688,-0.108325,0.100000,0.020000,1,0.825613
18.012386,25.720169,0.100909,13.277757,-2.942582,0.059521,0.581864,-7.900926,1.040681,-0.299927,-0.943155,0.143191,0.100000,0.020000,1,0.275634
18.132215,25.580193,0.423734,11.866405,-4.245394,0.047936,-1.256345,-3.380071,-2.795811,-0.391531,-0.698158,0.599399,0.100000,0.020000,1,0.373045
18.691042,24.843431,-0.493013,171.183899,-43.144791,-54.268570,12788.632812,-6176.700195,-4889.195312,-0.302775,-0.931567,-0.201268,0.100000,0.020000,1,0.544475
18.050390,25.634829,-0.338246,13.242818,-2.948016,0.796550,13.617592,-15.165624,33.689941,-0.324287,-0.820188,-0.471306,0.100000,0.020000,1,0.331425
18.069571,25.669182,0.282870,13.006278,-3.520092,-0.376240,10.577223,-5.142446,-17.140469,-0.352726,-0.847523,0.396597,0.100000,0.020000,1,0.196957
18.008827,25.689365,-0.228254,20.637159,7.136471,4.408063,465.587280,624.714233,268.705322,-0.286935,-0.903415,-0.318605,0.100000,0.020000,1,0.465310
18.063210,25.635345,0.350179,12.414716,-3.518482,0.034798,0.380191,-6.851900,-0.358757,-0.326323,-0.805540,0.494589,0.100000,0.020000,1,0.138194
18.172752,25.512815,-0.491678,11.198898,-4.666733,-0.046636,-1.033319,-6.209044,-3.664270,-0.413350,-0.590687,-0.692987,0.100000,0.020000,1,0.870842
18.348003,25.325283,-0.559777,11.571683,-6.151086,1.196875,172.966461,17.710117,98.498947,-0.545064,-0.260221,-0.796988,0.100000,0.020000,1,0.899882
18.003977,25.703251,0.184173,13.106597,-2.865384,0.004573,2.395863,-6.392290,1.452813,-0.280085,-0.924299,0.259277,0.100000,0.020000,1,0.611780
18.171713,25.499416,0.497034,10.886082,-4.619663,-0.492934,-21.685705,5.262009,-67.885582,-0.408107,-0.569923,0.713187,0.100000,0.020000,1,0.265473
18.029039,25.616980,-0.387508,12.306874,-5.718048,-2.065922,8.261040,-138.154404,-110.100395,-0.269690,-0.788181,-0.553207,0.100000,0.020000,1,0.480662
17.920036,25.714886,-0.070955,13.185740,-2.039873,-0.007197,1.992404,-7.740562,0.087819,-0.174230,-0.979591,-0.100224,0.100000,0.020000,1,0.896849
17.967840,25.673178,0.264416,12.794933,-2.511382,0.040568,2.079545,-6.507052,0.276328,-0.218050,-0.901606,0.373578,0.100000,0.020000,1,0.275896
17.913557,25.720652,0.008102,13.138081,-2.567031,-0.019641,-0.776361,-31.305799,-0.801718,-0.166259,-0.986018,0.011275,0.100000,0.020000,1,0.601690
17.900694,25.709566,0.086049,13.126488,-1.844028,0.008561,2.227223,-7.707057,-0.088335,-0.146001,-0.981791,0.121534,0.100000,0.020000,1,0.941665
17.968735,25.648088,-0.314045,12.686361,-2.028321,-0.205883,7.321346,15.627397,-6.304357,-0.209162,-0.870743,-0.445038,0.100000,0.020000,1,0.261789
18.015940,25.588276,0.422106,11.931774,-3.023490,0.032406,1.190351,-5.316485,-0.785408,-0.241188,-0.765833,0.596094,0.100000,0.020000,1,0.658711
18.270082,25.381474,-0.563485,9.886167,-5.693162,-0.055990,-1.972162,-3.923514,0.577040,-0.479658,-0.369507,-0.795860,0.100000,0.020000,1,0.741487
17.876844,25.656107,-0.238339,75.962517,74.740807,7.014144,3944.227295,4759.520996,439.031158,-0.111457,-0.935678,-0.334790,0.100000,0.020000,1,0.621976
17.881729,25.688234,0.175286,12.904207,-1.656452,0.017313,2.450730,-7.457618,-0.178095,-0.110617,-0.962535,0.247570,0.100000,0.020000,1,0.419500
18.070021,25.530201,-0.488734,11.371611,-3.820107,-0.187089,-2.720910,-36.734486,-20.966829,-0.287769,-0.668287,-0.685989,0.100000,0.020000,1,0.484512
17.947176,25.629213,0.349704,12.321048,-2.339009,0.034744,1.702382,-6.784498,-0.358166,-0.169311,-0.852865,0.493918,0.100000,0.020000,1,0.344619
17.871506,25.690069,-0.157980,12.920138,-1.551948,-0.015695,2.556331,-7.480223,0.161880,-0.097922,-0.969858,-0.223129,0.100000,0.020000,1,0.580054
17.872934,25.661621,0.250384,12.631059,-1.574253,0.024876,2.556445,-7.159271,-0.256500,-0.086216,-0.931400,0.353640,0.100000,0.020000,1,0.890754
18.006914,25.360178,0.322953,-275.833679,472.145538,610.923279,-18411.603516,29407.376953,37774.175781,-0.286039,-0.631007,0.721119,0.100000,0.020000,1,0.320907
18.014837,25.451889,-0.170200,46.348652,7.186043,34.548470,2550.472412,-8.156963,3146.838867,-0.122009,-0.815378,-0.565926,0.100000,0.020000,1,0.195847
17.594454,25.585470,-0.114657,110.824135,-39.293545,53.851418,5388.510742,-2828.415283,3248.520996,0.020404,-0.993629,-0.110840,0.100000,0.020000,1,0.809625
18.049973,25.627729,-0.084144,55.604965,-7.861002,-12.742948,3814.003906,-684.998840,-1187.666870,0.021704,-0.999707,0.010692,0.100000,0.020000,1,0.662091
17.774105,25.665522,0.088148,12.795873,-0.436984,-0.018910,23.664076,-18.079180,-13.092416,0.045319,-0.990700,0.128296,0.100000,0.020000,1,0.487546
17.791542,25.680655,-0.158368,10.477866,-5.310016,1.682318,-99.963478,-226.327271,86.533081,0.031298,-0.975746,-0.216655,0.100000,0.020000,1,0.299766
17.768345,25.651316,0.168223,12.524918,-0.468310,0.017927,7.635201,-9.673228,-0.338995,0.057958,-0.969613,0.237678,0.100000,0.020000,1,0.270219
17.877893,25.670715,-0.398285,-12.203093,-40.127880,51.096634,-1366.915894,-2234.130127,2923.405273,-0.017732,-0.887892,-0.459711,0.100000,0.020000,1,0.389498
17.986765,25.539738,-0.496738,10.804430,-5.060592,9.227625,-26.236561,-134.213455,527.232056,-0.174344,-0.710525,-0.681732,0.100000,0.020000,1,0.218671
17.752621,25.604734,-0.261655,10.158325,-4.995284,-4.563867,-194.010712,-402.532806,-407.255676,0.067929,-0.941987,-0.328704,0.100000,0.020000,1,0.515061
17.901087,25.561602,0.436353,13.122141,-2.564840,0.475108,53.870075,-40.551132,16.557655,-0.089304,-0.779696,0.619757,0.100000,0.020000,1,0.047284
17.829353,25.642029,0.357854,-35.825981,-265.790833,-10.583542,-2972.441406,-16508.314453,-662.285706,0.016771,-0.864353,0.502606,0.100000,0.020000,1,0.687164
17.761683,25.614672,0.266424,12.122060,-0.415424,-0.015813,7.264754,-8.653826,6.645623,0.084812,-0.923923,0.373060,0.100000,0.020000,1,0.538581
17.981062,25.509811,0.508397,11.075481,-2.806371,0.137847,-3.200895,-13.857234,7.990053,-0.158066,-0.678870,0.717043,0.100000,0.020000,1,0.023572
17.673679,25.620636,0.088146,12.159199,0.445257,0.008416,4.829010,-6.662539,-0.096900,0.197980,-0.972268,0.124492,0.100000,0.020000,1,0.932782
17.906643,25.522079,-0.481704,11.220037,-1.954779,-0.047837,2.293367,-5.798342,0.464293,-0.064257,-0.730072,-0.680343,0.100000,0.020000,1,0.174815
17.746222,25.573320,0.331562,11.690042,-0.304713,0.030687,3.829635,-6.100696,-0.388818,0.124355,-0.874794,0.468264,0.100000,0.020000,1,0.689998
17.643785,25.603615,0.006057,11.495560,-0.342596,-0.887894,-43.742790,-100.650543,-79.460197,0.238172,-0.971084,0.016439,0.100000,0.020000,1,0.095406
17.679277,25.496895,-0.361286,13.574442,4.946818,-1.981062,-79.231445,27.379133,-259.239044,0.151020,-0.872807,-0.464112,0.100000,0.020000,1,0.746781
17.647007,25.589956,-0.152828,11.835179,0.709933,-0.028032,5.070218,-6.314990,-0.041975,0.248132,-0.944324,-0.216060,0.100000,0.020000,1,0.219857
17.652992,25.583822,0.187504,11.782176,0.641415,0.022795,4.923003,-6.199674,-0.398013,0.242956,-0.933142,0.264987,0.100000,0.020000,1,0.975951
17.644529,25.524921,-0.107412,16.901604,2.452013,-2.264213,385.632263,-190.575912,-254.909592,0.269835,-0.956175,-0.113659,0.100000,0.020000,1,0.064607
17.821205,25.542694,0.427879,-32.574844,-38.488075,16.212725,-2689.933594,-2315.295410,993.285645,0.069660,-0.786674,0.613425,0.100000,0.020000,1,0.860843
17.640427,25.558125,-0.231813,11.599093,0.574155,-0.462535,9.842615,-15.453200,-22.103771,0.271947,-0.904241,-0.329232,0.100000,0.020000,1,0.999890
17.703468,25.538378,-0.408895,8.100116,1.904819,-2.027644,-289.206024,196.587326,-193.862213,0.174248,-0.813883,-0.554286,0.100000,0.020000,1,0.672365
17.572382,25.553455,0.005797,10.653399,0.232523,-21.113794,-43.611046,-81.821373,-1316.104126,0.364884,-0.931050,0.002569,0.100000,0.020000,1,0.908176
17.627222,25.534678,0.259754,11.271822,0.893295,0.025596,5.373754,-5.721021,-0.266264,0.300768,-0.880310,0.366869,0.100000,0.020000,1,0.291179
17.729212,25.553560,-0.384315,-2.558787,20.826206,22.991747,-440.187988,574.492310,478.654510,0.082025,-0.784675,-0.614456,0.100000,0.020000,1,0.057104
17.848286,25.509592,0.478250,102.047615,-71.923637,90.714554,5609.845215,-4318.869629,5571.309570,-0.015809,-0.687007,0.726479,0.100000,0.020000,1,0.529802
17.650843,25.521971,-0.315109,12.029779,0.807772,-0.770662,49.153587,3.642742,-37.046509,0.271667,-0.851657,-0.448194,0.100000,0.020000,1,0.057036
17.564131,25.538446,0.087892,11.293651,1.536150,0.009297,6.097545,-5.778117,-0.211948,0.382741,-0.915470,0.124191,0.100000,0.020000,1,0.936689
17.556355,25.533981,-0.069981,11.245823,1.614195,-0.006979,6.185691,-5.720320,0.071868,0.395206,-0.913259,-0.098840,0.100000,0.020000,1,0.907343
17.554089,25.528891,-0.172276,-1.884969,-5.932895,43.729042,-850.533875,-443.206909,2695.976074,0.393057,-0.892506,-0.221225,0.100000,0.020000,1,0.308893
17.701591,25.537846,0.405849,8.045555,5.819144,-3.283439,-273.062866,534.467651,-258.272522,0.189123,-0.785369,0.589431,0.100000,0.020000,1,0.353290
17.665678,25.386583,0.306748,-15.395611,20.832399,12.170265,-1595.498657,764.490540,641.245056,0.283633,-0.832838,0.475325,0.100000,0.020000,1,0.424695
17.849941,25.481979,-0.464827,-4.268795,4.604926,-18.404961,-769.868835,332.537415,-1089.595093,0.085582,-0.728470,-0.679711,0.100000,0.020000,1,0.616374
17.528650,25.517399,0.173127,10.346205,-1.073751,15.495606,-135.361832,-108.648155,917.365417,0.413992,-0.870979,0.264585,0.100000,0.020000,1,0.953115
17.570004,25.435303,0.194192,22.557308,179.065262,309.122345,773.361145,10998.532227,19282.259766,0.407748,-0.842802,0.351320,0.100000,0.020000,1,0.855877
17.061169,25.132036,-0.426376,21.893799,60.507767,-13.297107,-1317.994385,2272.271973,-1655.322754,0.434342,-0.839743,-0.325851,0.100000,0.020000,1,0.128951
17.301645,25.363058,-0.116864,-93.556770,-25.571171,84.494202,-3150.936035,-804.941956,2561.344238,0.317382,-0.764978,-0.560425,0.100000,0.020000,1,0.804474
17.492168,25.392363,-0.072624,5.073554,7.020787,-0.251014,-303.094696,26.195347,-9.985543,0.526674,-0.843636,-0.104372,0.100000,0.020000,1,0.142950
18.183846,26.943737,-0.427912,200.974777,456.293396,-34.352333,5787.406738,13771.228516,-1038.959717,0.440978,-0.781192,-0.441902,0.100000,0.020000,1,0.192504
17.841627,25.460035,0.453530,15.900795,1.559558,-6.525046,535.134216,215.530823,-665.887329,0.117935,-0.678418,0.725148,0.100000,0.020000,1,0.373571
17.725046,25.434883,-0.479643,9.371170,28.864258,23.423437,-57.348190,1800.696655,1464.663330,0.215658,-0.708842,-0.671591,0.100000,0.020000,1,0.729947
17.456591,25.439732,0.021857,25.037655,-2.400440,-23.612581,902.828125,-301.464691,-1428.126343,0.561821,-0.827201,0.009791,0.100000,0.020000,1,0.777397
17.470808,25.432177,0.093053,10.223010,2.452918,0.012991,10.322458,-6.743277,0.440693,0.557628,-0.819637,0.131325,0.100000,0.020000,1,0.502221
17.486242,25.349232,-0.152131,11.959310,-9.315900,0.145460,187.653885,-1022.563538,30.686844,0.563388,-0.795878,-0.221750,0.100000,0.020000,1,0.783930
17.739960,25.754993,0.132461,63.447094,69.180557,-7.276217,4477.222656,5625.246582,-617.286865,0.556506,-0.795403,0.240070,0.100000,0.020000,1,0.474000
17.572077,25.480028,0.357746,13.776841,22.664349,-15.500133,-570.911743,1205.293457,-1092.011963,0.336097,-0.716750,0.610990,0.100000,0.020000,1,0.075003
17.575089,25.373920,0.345829,11.998604,1.241651,-0.374018,231.954651,-127.065903,-48.348797,0.464240,-0.733842,0.495941,0.100000,0.020000,1,0.226515
17.976828,25.445791,-0.562524,10.461284,-2.691001,-0.055383,1.370975,-4.675361,0.566672,-0.120980,-0.595106,-0.794489,0.100000,0.020000,1,0.869541
17.729935,25.406326,0.494043,10.405311,0.015293,-0.188358,33.061836,-24.748936,-39.588207,0.224530,-0.671772,0.705910,0.100000,0.020000,1,0.431197
17.476854,25.208685,-0.166688,-38.742046,40.798958,-56.355633,-3064.099609,1691.127441,-3252.141602,0.568221,-0.750279,-0.337944,0.100000,0.020000,1,0.451005
17.415075,25.355673,0.007830,9.392096,3.003474,0.000777,7.825240,-3.686137,-0.008013,0.668077,-0.744010,0.011059,0.100000,0.020000,1,0.667555
17.493151,25.352501,-0.306918,9.351446,2.251820,0.222121,5.436722,-2.995166,7.280183,0.565896,-0.703184,-0.430458,0.100000,0.020000,1,0.549520
17.413141,25.336729,0.099937,9.198719,3.018157,0.009985,7.849259,-3.473204,-0.102836,0.679700,-0.719780,0.141152,0.100000,0.020000,1,0.145314
17.557871,25.360254,-0.394119,9.500595,1.547225,0.056114,6.681676,-4.062721,3.179324,0.475939,-0.681791,-0.555557,0.100000,0.020000,1,0.062363
17.419014,25.318459,0.168870,9.014298,2.953798,0.016771,7.767346,-3.262750,-0.172969,0.680630,-0.692716,0.238510,0.100000,0.020000,1,0.224047
17.571957,25.350960,0.408396,9.660179,1.902822,-0.506808,-7.881925,0.881793,-76.655716,0.450134,-0.669509,0.590878,0.100000,0.020000,1,0.958302
17.646639,25.372770,-0.472552,9.629276,0.651680,-0.046948,5.173872,-3.870276,0.484152,0.352387,-0.656022,-0.667427,0.100000,0.020000,1,0.854973
17.501293,25.340004,0.332159,9.256619,2.122620,0.032995,6.838268,-3.499822,-0.340451,0.561056,-0.682002,0.469138,0.100000,0.020000,1,0.954025
17.399506,25.319294,-0.059044,9.017831,3.151431,-0.012049,8.011168,-3.276688,0.008590,0.706140,-0.703130,-0.083507,0.100000,0.020000,1,0.110525
17.823269,25.407965,-0.551718,10.024925,-1.121231,-0.045731,5.194116,-5.475442,-0.722032,0.101745,-0.619202,-0.778612,0.100000,0.020000,1,0.997029
17.405979,25.302807,-0.145958,8.851452,3.081944,-0.011396,7.927653,-3.089955,0.175862,0.705424,-0.678161,-0.206092,0.100000,0.020000,1,0.301520
17.917955,25.384340,-0.506187,-43.226238,105.571266,-78.935402,-3246.886719,6602.348145,-4749.204102,0.006731,-0.609983,-0.792386,0.100000,0.020000,1,0.067869
17.337366,25.192026,-0.610484,-15.508038,-29.067930,-106.867638,-712.022034,-987.456360,-3215.625000,0.675900,-0.652404,-0.342824,0.100000,0.020000,1,0.693533
17.274719,25.885609,0.527877,-71.583534,128.672699,5.342597,-6744.297363,10319.870117,439.876495,0.336309,-0.619123,0.709636,0.100000,0.020000,1,0.872189
17.551062,25.444904,-0.405313,22.449503,68.094650,-230.887726,55.682312,2168.359863,-7570.635742,0.690114,-0.625075,0.364725,0.100000,0.020000,1,0.141886
17.361185,25.206070,0.020672,13.038432,50.468735,-16.887054,303.391998,2837.990479,-1022.736450,0.792735,-0.609393,0.014576,0.100000,0.020000,1,0.059292
17.031116,25.071751,-0.023944,170.206085,-87.689880,-43.955711,8833.513672,-6429.334961,-2562.532471,0.790065,-0.603915,-0.105281,0.100000,0.020000,1,0.794603
17.590158,25.304411,-0.468365,8.918199,1.208027,-0.046429,5.843853,-3.064523,0.447179,0.460078,-0.592237,-0.661501,0.100000,0.020000,1,0.714943
18.047056,25.180336,-1.648973,129.365723,-19.707449,-283.733337,9832.137695,-1762.445068,-23087.287109,0.567385,-0.586517,-0.577990,0.100000,0.020000,1,0.926165
18.056681,25.588678,0.246693,162.048019,91.627174,134.090897,12287.851562,7059.119141,10786.878906,0.687701,-0.580552,-0.435921,0.100000,0.020000,1,0.479144
18.234713,25.585184,0.699635,152.577286,63.663368,56.646454,12052.037109,5182.423340,4760.554688,0.557209,-0.587691,0.586632,0.100000,0.020000,1,0.935905
17.484648,25.232084,0.008339,-46.698223,-3.834356,36.520523,-2936.908447,-396.524750,1967.597046,0.802809,-0.582843,0.125662,0.100000,0.020000,1,0.935504
17.744200,25.358921,-0.547868,5.585147,-0.594720,-0.572214,-268.393799,-32.325043,-31.841410,0.220686,-0.593616,-0.773897,0.100000,0.020000,1,0.767849
17.480528,25.355539,0.089470,23.675606,28.357088,-15.166801,1432.794800,2217.888916,-1346.577759,0.789126,-0.557664,0.257470,0.100000,0.020000,1,0.014229
17.431351,25.286024,0.320387,3.644003,1.358171,3.675368,-428.348602,-105.593933,312.577911,0.640813,-0.639633,0.424534,0.100000,0.020000,1,0.096605
17.366451,25.200270,-0.143436,6.345598,-6.655094,6.098405,-79.868050,-611.810242,375.182251,0.809846,-0.551880,-0.198944,0.100000,0.020000,1,0.475964
17.770622,24.626440,0.987668,138.609161,-18.280798,140.233597,9565.822266,-3821.133301,11537.927734,0.677376,-0.552044,0.486219,0.100000,0.020000,1,0.328725
17.772049,25.593525,0.574866,42.115231,66.308380,16.012224,2753.191406,5402.002930,1307.445435,0.430483,-0.556789,0.710402,0.100000,0.020000,1,0.993590
17.395792,25.151562,0.264973,3.440255,6.324750,-9.520130,-225.670380,188.168335,-574.341797,0.793957,-0.486498,0.364626,0.100000,0.020000,1,0.696695
17.479420,25.223209,-0.397579,8.854834,8.292346,-1.633684,92.752022,481.489410,-131.450958,0.664317,-0.505058,-0.550998,0.100000,0.020000,1,0.984008
17.338633,25.121836,0.020891,6.047968,2.225900,-4.350254,-42.008007,-76.804993,-225.775284,0.885423,-0.464605,0.012984,0.100000,0.020000,1,0.793021
17.351528,25.154650,-0.228667,12.786812,0.704778,-2.545423,208.836578,-146.318893,-100.964157,0.804031,-0.486000,-0.342547,0.100000,0.020000,1,0.104135
17.335567,25.100548,-0.034578,6.679959,3.793622,1.307663,-4.331573,7.202463,182.925568,0.893599,-0.441197,-0.082621,0.100000,0.020000,1,0.681376
17.365681,25.093683,-0.135543,8.045510,2.883819,0.194614,155.327988,-85.677696,29.371162,0.876124,-0.440054,-0.196871,0.100000,0.020000,1,0.242478
17.552654,25.236618,-0.466844,7.857389,-0.234947,-0.655299,-5.778218,-82.464767,-26.541996,0.547937,-0.509813,-0.663216,0.100000,0.020000,1,0.334072
17.703171,25.308619,-0.565340,8.313364,0.693627,2.859217,-29.458416,12.675323,112.544403,0.309304,-0.552262,-0.774169,0.100000,0.020000,1,0.658307
17.440998,25.107231,-0.337059,-6.755730,12.177575,10.574714,-753.896179,508.728943,591.800720,0.778741,-0.437422,-0.449694,0.100000,0.020000,1,0.017197
17.628061,24.977060,0.314915,34.800190,-11.345504,-3.027024,2617.487305,-1474.964966,-293.449097,0.770760,-0.420619,0.478549,0.100000,0.020000,1,0.958367
17.353115,25.066120,0.174930,6.663217,3.395940,0.446620,17.673935,-5.628316,15.729172,0.887225,-0.387181,0.250843,0.100000,0.020000,1,0.622652
17.477968,25.179817,0.405613,4.409262,11.326409,2.213761,-230.363708,645.829956,65.022423,0.662317,-0.452569,0.597091,0.100000,0.020000,1,0.782479
17.369427,25.074726,-0.224952,6.519700,3.393023,-0.022333,8.370734,-0.471733,0.230301,0.863009,-0.392771,-0.317719,0.100000,0.020000,1,0.266478
18.038258,24.552298,0.511415,159.246170,-73.471252,80.846268,12583.096680,-6967.249023,6792.376465,0.912763,-0.379514,0.151107,0.100000,0.020000,1,0.165893
17.376465,25.038885,0.249997,6.157191,3.315931,0.022711,7.859540,0.174201,-2.397410,0.870647,-0.341792,0.353770,0.100000,0.020000,1,0.720907
16.247778,25.414768,0.147960,-242.776382,159.816467,34.675018,-20197.025391,11645.790039,2786.486572,0.956316,-0.292254,0.006930,0.100000,0.020000,1,0.514963
17.523331,25.227623,0.656644,93.501534,-29.496134,-209.240799,5182.346191,-1813.664673,-12593.661133,0.526749,-0.453817,0.718738,0.100000,0.020000,1,0.513470
17.291336,24.972979,-0.331871,25.473248,-6.702444,151.913910,1091.563843,-627.754333,8465.663086,0.960190,-0.264811,-0.088941,0.100000,0.020000,1,0.819754
17.497066,25.056702,-0.358634,-11.822314,10.591739,-14.331985,-996.710876,427.512207,-714.208984,0.742259,-0.352514,-0.569899,0.100000,0.020000,1,0.772221
16.481997,25.274433,-0.356294,-167.382858,120.863823,-97.823021,-14484.786133,8672.047852,-8093.629883,0.952604,-0.267386,0.145090,0.100000,0.020000,1,0.865781
17.399662,25.016388,-0.332707,7.972672,1.834673,1.709230,98.340118,-53.217808,76.872742,0.839834,-0.290413,-0.458628,0.100000,0.020000,1,0.012591
17.584581,25.122023,-0.503314,11.525530,1.096170,-2.025960,499.065491,-77.274544,-208.319962,0.619031,-0.388585,-0.682497,0.100000,0.020000,1,0.593706
17.415270,25.018293,0.335859,5.957908,2.911242,0.033368,7.838395,0.163992,-0.344012,0.829103,-0.295920,0.474363,0.100000,0.020000,1,0.687764
17.376501,24.950081,-0.235031,3.922701,4.059042,1.352876,-59.843834,43.152508,67.597534,0.917935,-0.226999,-0.325372,0.100000,0.020000,1,0.035310
17.622229,24.761570,-0.262306,-158.934662,99.113197,64.550629,-9217.341797,5313.525391,3617.938232,0.952668,-0.214135,-0.215799,0.100000,0.020000,1,0.558620
17.475571,25.057978,0.427611,6.378273,2.308279,0.042466,7.149024,-0.274417,-0.438413,0.730053,-0.319787,0.603953,0.100000,0.020000,1,0.963047
17.654282,25.239941,-0.552446,8.278869,0.537960,-0.054883,5.077758,-2.348330,0.566038,0.405743,-0.475978,-0.780268,0.100000,0.020000,1,0.706178
17.329491,24.942785,0.223720,3.064016,4.545934,2.661744,-241.822327,145.835159,351.407501,0.946828,-0.198059,0.253553,0.100000,0.020000,1,0.271854
17.385401,24.940866,0.261655,5.162205,3.194948,0.025899,8.185840,1.064870,-0.269162,0.905770,-0.207387,0.369557,0.100000,0.020000,1,0.408881
17.335896,25.188017,0.188313,-15.388567,16.629082,-36.837395,-2282.998779,1328.638306,-3652.926270,0.614287,-0.337073,0.713466,0.100000,0.020000,1,0.074099
17.282585,24.943684,-0.215362,161.608063,-82.788780,-242.160721,9147.719727,-5516.467285,-14530.977539,0.799754,-0.221008,-0.558166,0.100000,0.020000,1,0.875119
17.466516,24.969442,0.414086,5.474292,2.376413,0.041085,7.246867,0.730580,-0.424292,0.784404,-0.206547,0.584849,0.100000,0.020000,1,0.841963
18.110348,24.890114,-0.593118,191.733902,6.733083,-115.432701,14951.150391,408.302704,-9168.143555,0.975631,-0.087290,-0.201306,0.100000,0.020000,1,0.539994
17.422909,24.795504,-0.108932,-19.845280,17.164400,15.107619,-1234.536865,721.391235,786.368958,0.992536,-0.073705,-0.097163,0.100000,0.020000,1,0.840825
17.397617,24.807198,-0.018683,5.780788,2.353187,-1.141487,291.063599,-160.671707,-177.700485,0.997267,-0.073296,0.009304,0.100000,0.020000,1,0.530415
17.407118,24.807022,0.175660,6.424744,1.944091,4.233959,339.610260,-188.393280,571.707520,0.986843,-0.071638,0.144947,0.100000,0.020000,1,0.672208
17.619440,25.172401,-0.549870,7.588300,0.872014,-0.057515,5.537092,-1.631645,0.534737,0.484191,-0.402896,-0.776682,0.100000,0.020000,1,0.192847
17.377369,24.829479,0.165570,4.005028,3.220906,0.016247,8.329980,2.346700,-0.162362,0.970240,-0.062869,0.233842,0.100000,0.020000,1,0.322901
17.522141,25.029589,-0.484211,6.102931,1.825910,-0.047386,6.626086,0.051192,0.502584,0.681767,-0.259810,-0.683881,0.100000,0.020000,1,0.227571
17.432335,24.902042,0.346228,4.778982,2.706276,0.034359,7.648117,1.506794,-0.354662,0.862020,-0.133388,0.489008,0.100000,0.020000,1,0.596781
17.421146,24.897264,-0.324105,4.727420,2.818915,-0.032198,7.783401,1.558541,0.332061,0.879162,-0.132396,-0.457762,0.100000,0.020000,1,0.311709
17.407145,24.824881,-0.249941,2.832131,2.824203,2.126333,-42.569538,-4.924961,95.282982,0.939645,-0.044360,-0.339264,0.100000,0.020000,1,0.955468
17.408554,24.814747,0.249639,3.884088,2.924767,0.024758,7.941722,2.495495,-0.255195,0.935335,-0.028841,0.352586,0.100000,0.020000,1,0.716071
17.263756,24.774103,-0.394372,133.440384,-53.639618,-68.829956,7061.593262,-4267.995605,-4037.737305,0.732585,-0.168197,-0.659568,0.100000,0.020000,1,0.784318
17.434135,24.815638,-0.306981,3.899840,2.664589,-0.030565,7.639759,2.491533,0.314413,0.900941,-0.017790,-0.433577,0.100000,0.020000,1,0.089208
17.401094,24.738586,-0.059420,1.102656,4.106473,-1.363699,-76.761314,52.879631,-56.517799,0.993844,0.059042,-0.093751,0.100000,0.020000,1,0.800832
17.400455,24.720474,0.014881,2.738599,2.918434,-0.040191,8.074797,6.332384,-0.525302,0.995372,0.093930,0.020302,0.100000,0.020000,1,0.631270
17.507406,24.601395,-0.304406,49.011494,-14.602515,119.649155,3295.411865,-1576.822632,6922.201172,0.970523,0.105708,-0.216587,0.100000,0.020000,1,0.275443
17.630539,25.026695,0.450476,-216.197800,-20.527582,266.281372,-13722.421875,-1374.266479,16511.158203,0.635995,-0.234344,0.735250,0.100000,0.020000,1,0.067428
18.004642,25.009375,0.415387,148.905716,73.234062,70.206566,11694.086914,5751.206543,5732.649902,0.980557,0.130366,0.146669,0.100000,0.020000,1,0.542634
17.756413,24.595625,-0.026132,45.849586,-17.468132,-115.893738,3704.217285,-2338.333008,-9219.537109,0.794318,-0.047738,0.605624,0.100000,0.020000,1,0.834369
17.496723,24.848274,-0.418802,5.226229,1.833704,-0.896742,119.823807,-38.365837,-103.008636,0.817121,-0.043495,-0.574823,0.100000,0.020000,1,0.085460
17.414301,24.718571,0.223507,6.222188,0.641752,-7.835919,156.569077,-81.152885,-334.614380,0.957420,0.123076,0.261149,0.100000,0.020000,1,0.721637
17.381346,24.786589,-0.463742,-9.510258,18.300499,-44.013397,-1041.201172,1361.845093,-3782.360107,0.938440,0.141717,-0.315036,0.100000,0.020000,1,0.176650
17.518929,24.738138,0.449032,11.616704,-1.542774,15.390085,710.451172,-384.816650,1389.763184,0.868759,0.056842,0.491963,0.100000,0.020000,1,0.055780
17.671364,24.623123,-0.607704,53.758743,-12.653884,-207.561188,4114.114258,-1242.348755,-16674.828125,0.924187,0.155595,0.348810,0.100000,0.020000,1,0.712635
17.504187,24.780390,-0.402409,4.890615,2.032135,0.569970,80.442413,9.271447,34.211647,0.821432,0.063393,-0.566772,0.100000,0.020000,1,0.726587
17.976791,24.931101,0.505741,95.648605,-6.176839,0.575109,7481.172363,-496.799713,14.406974,0.683360,-0.118235,0.720444,0.100000,0.020000,1,0.606420
17.464296,24.636148,-0.139152,1.906194,2.129703,-0.033950,7.896006,3.513537,0.878120,0.951137,0.237583,-0.197214,0.100000,0.020000,1,0.961664
17.255743,24.783442,-0.214945,-40.856476,34.904091,-32.909153,-3538.129639,2744.576660,-2706.462402,0.962809,0.254480,-0.090768,0.100000,0.020000,1,0.390061
17.587921,24.509718,0.077986,-58.636906,38.745312,-332.856903,-4535.153320,-229.507141,-21029.470703,0.966087,0.257302,0.021720,0.100000,0.020000,1,0.886403
18.213358,24.148624,1.287780,146.270935,-83.950439,223.863297,12094.727539,-7650.800781,18842.468750,0.938565,0.253859,0.233776,0.100000,0.020000,1,0.551713
17.606401,25.097672,-0.555332,6.817827,0.986956,-0.055174,5.650850,-0.723467,0.569028,0.537342,-0.309948,-0.784344,0.100000,0.020000,1,0.124202
17.608870,24.511292,0.036371,12.675323,-3.177339,-3.842028,1292.421387,-775.179626,-468.982910,0.956324,0.262945,0.127689,0.100000,0.020000,1,0.174685
17.511801,24.774500,0.466145,4.382756,2.211440,-4.626760,23.593624,9.555475,-94.220650,0.803880,0.071431,0.590486,0.100000,0.020000,1,0.701866
17.496725,24.705196,-0.336854,-1.253749,-7.930037,34.436214,-239.124146,-608.250854,2119.380859,0.874604,0.162952,-0.456633,0.100000,0.020000,1,0.641439
17.142595,24.943598,0.128980,-71.510147,58.901829,138.018997,-6411.596191,4047.903564,11194.513672,0.754960,-0.002309,-0.655767,0.100000,0.020000,1,0.293287
17.514328,24.689552,0.339934,2.378404,2.056923,0.731786,-7.416255,11.056154,30.538212,0.854934,0.185168,0.484563,0.100000,0.020000,1,0.120091
17.507456,24.609533,-0.231694,76.627815,-65.788773,-13.167142,4678.047363,-4202.282715,-818.913879,0.889683,0.314709,-0.330790,0.100000,0.020000,1,0.769990
17.525137,24.610697,0.265144,1.837769,1.682829,0.026126,6.617178,4.854551,-0.273691,0.878088,0.297865,0.374483,0.100000,0.020000,1,0.894395
17.555765,24.775547,0.421992,-6.313063,8.836870,51.227455,-743.246094,158.775574,2871.006836,0.696781,0.000093,0.717284,0.100000,0.020000,1,0.349784
17.627903,24.628105,-0.315552,-52.132130,34.256500,-54.193630,-3138.219971,1788.511353,-3065.034424,0.801464,0.196275,-0.564917,0.100000,0.020000,1,0.184973
17.533678,24.548021,0.094123,-1.507135,1.967753,2.992960,-135.444092,80.598190,241.427109,0.909384,0.399748,0.114991,0.100000,0.020000,1,0.311875
17.583490,25.016401,-0.557679,3.687434,14.316006,-2.409305,-124.604454,1178.393799,-208.997025,0.633712,-0.099962,-0.767083,0.100000,0.020000,1,0.127754
17.556898,24.610806,-0.317324,4.830405,2.790187,-5.580331,196.283325,95.696571,-344.905853,0.836458,0.312968,-0.449876,0.100000,0.020000,1,0.545086
17.600813,25.013346,-0.556336,5.957715,1.021077,-0.055276,5.720035,0.238580,0.569659,0.585082,-0.200642,-0.785762,0.100000,0.020000,1,0.646784
17.553019,24.533072,-0.070056,0.488100,0.688520,-0.095463,15.955549,19.791059,12.784548,0.896639,0.430102,-0.105120,0.100000,0.020000,1,0.864811
17.625040,24.489908,-0.055437,14.604368,-7.940641,-11.734848,1218.079224,-690.956604,-987.317566,0.900847,0.434108,0.005040,0.100000,0.020000,1,0.917695
17.604849,24.523424,0.224956,4.070788,1.057528,3.767391,383.200012,-20.919880,454.266144,0.870562,0.427221,0.244139,0.100000,0.020000,1,0.631378
17.409470,24.617813,-0.062301,172.993668,-98.898666,-41.699173,10241.649414,-5900.196289,-2305.222900,0.876868,0.438008,-0.198119,0.100000,0.020000,1,0.923001
18.129734,24.571512,0.571190,121.242043,-8.576594,84.312599,9893.741211,-759.996643,6330.048340,0.823683,0.324261,0.465190,0.100000,0.020000,1,0.096613
17.563740,24.523680,-0.300136,29.127525,-0.582934,44.473751,-305.081055,-3408.300049,2250.474609,0.734117,0.133169,-0.665837,0.100000,0.020000,1,0.437745
17.348900,24.751766,1.037176,-34.162605,28.314705,137.134094,-3296.327881,1993.066528,11199.046875,0.764347,0.224801,0.604350,0.100000,0.020000,1,0.237858
17.628265,24.486429,-0.064472,0.383117,0.174972,-1.072815,-28.632965,-78.729897,-52.909264,0.831999,0.545028,-0.103544,0.100000,0.020000,1,0.225963
17.524567,24.563042,0.224610,31.864197,-16.972839,-3.303050,1607.640991,-920.762939,-322.323578,0.811952,0.463298,0.355089,0.100000,0.020000,1,0.198304
18.952793,24.700268,0.645820,405.602173,-22.810947,37.458946,13621.287109,-727.468750,2302.684326,0.688690,0.123279,0.714498,0.100000,0.020000,1,0.227988
17.601801,24.501705,0.039241,21.127508,-11.636064,-10.591609,1087.855835,-761.434692,-601.314941,0.816921,0.576062,0.028169,0.100000,0.020000,1,0.682661
17.621218,24.756189,-0.108585,-0.991544,21.223488,17.459797,-208.847748,2305.658936,1937.161499,0.764812,0.475365,-0.434846,0.100000,0.020000,1,0.990243
17.092979,24.825129,0.475111,-163.027039,64.709747,16.350971,-4990.061035,1946.916504,503.334259,0.728393,0.346522,0.591072,0.100000,0.020000,1,0.053473
17.635916,24.597637,-0.400317,1.651030,0.596104,-0.083368,3.038766,5.981010,-0.777274,0.738075,0.367378,-0.565932,0.100000,0.020000,1,0.125078
17.628246,24.537622,-0.214985,-3.518166,-14.680028,-12.545101,-226.252777,-825.149902,-670.773132,0.804604,0.484045,-0.343965,0.100000,0.020000,1,0.080776
17.780588,24.515619,0.356561,22.245764,-1.101582,2.694687,1909.279297,-158.122757,284.999420,0.756902,0.460264,0.463957,0.100000,0.020000,1,0.595976
17.664152,24.465708,0.092062,0.225768,0.391041,0.000000,-57.653606,-90.383926,0.304802,0.798283,0.588104,0.129912,0.100000,0.020000,1,0.379413
17.677057,24.458256,-0.140773,0.187218,0.324271,0.000000,-44.659264,-76.923714,-1.548445,0.776839,0.597414,-0.199045,0.100000,0.020000,1,0.564112
17.623770,24.854179,-0.549231,4.343692,0.744394,-0.054566,5.482841,2.060872,0.562476,0.630694,0.021692,-0.775728,0.100000,0.020000,1,0.915151
17.643559,24.703152,0.497755,3.049148,0.410521,-0.141625,12.050178,-1.049514,-7.073850,0.674009,0.232539,0.701169,0.100000,0.020000,1,0.960752
17.823141,24.373915,-0.146163,79.271446,-23.289869,86.799141,440.180573,-4846.905273,3097.006836,0.681511,0.263516,-0.682716,0.100000,0.020000,1,0.581274
17.804138,24.384888,-0.195814,13.546592,-7.723997,2.355114,1339.951904,-798.273560,249.824585,0.748179,0.586662,-0.309930,0.100000,0.020000,1,0.301940
17.688911,24.451414,0.169945,0.151708,0.262767,0.000000,-35.924610,-62.673988,9.736344,0.758133,0.605066,0.243168,0.100000,0.020000,1,0.057125
17.748899,24.416779,0.020283,0.375755,0.650826,0.000000,-93.749496,-148.301636,0.068695,0.715409,0.698119,0.028623,0.100000,0.020000,1,0.290414
17.730288,24.468187,-0.319445,0.442807,-0.444158,-0.031738,4.286218,6.491913,0.327291,0.673789,0.585188,-0.451180,0.100000,0.020000,1,0.750248
19.070448,23.655386,-0.006953,374.561035,-215.928619,-73.370689,29280.865234,-16900.384766,-5758.214355,0.699642,0.610966,0.370434,0.100000,0.020000,1,0.208022
17.638268,24.708078,-0.646415,38.793392,-91.746826,133.312714,2091.030762,-5071.662109,7395.598145,0.669942,0.478629,-0.567532,0.100000,0.020000,1,0.967348
17.690161,24.616272,-0.466102,1.920159,-0.004010,-0.029211,6.476223,10.119726,-6.409344,0.657613,0.371073,-0.655630,0.100000,0.020000,1,0.637592
17.760258,24.410223,-0.139409,0.279902,0.484804,0.000000,-66.275101,-112.485077,-0.536203,0.688450,0.698086,-0.196753,0.100000,0.020000,1,0.465181
17.767082,24.406282,-0.074785,0.357793,0.619716,0.000000,-87.451485,-141.921982,-0.273506,0.690752,0.715348,-0.105541,0.100000,0.020000,1,0.098548
17.767128,24.406254,0.084970,0.350973,0.607903,0.000000,-81.249420,-141.820389,-6.029121,0.688428,0.715707,0.117599,0.100000,0.020000,1,0.171842
17.742897,24.470526,0.335145,0.415963,-0.599582,-0.035807,-0.842007,4.352890,-6.402931,0.655394,0.588091,0.473928,0.100000,0.020000,1,0.695517
17.399458,24.798388,-0.723150,269.147614,-151.220428,234.046478,15706.335938,-9502.754883,14028.970703,0.626330,0.130850,-0.768498,0.100000,0.020000,1,0.599450
17.734571,24.710340,0.660207,3.563475,26.275267,39.098064,212.066177,2371.621338,3474.393555,0.650165,0.477171,0.591264,0.100000,0.020000,1,0.559457
17.773378,24.402647,0.170200,0.232892,0.403381,0.000000,-50.912140,-95.785995,0.963861,0.665610,0.706547,0.240322,0.100000,0.020000,1,0.829808
17.149693,24.762730,0.917265,-95.917809,83.006294,131.511978,-7862.857422,-1141.726929,-1379.828125,0.626087,0.354257,0.694634,0.100000,0.020000,1,0.884047
18.000486,24.271526,-0.178442,23.810873,-13.549521,2.867221,2413.072021,-1439.318359,422.339783,0.641834,0.690954,-0.332614,0.100000,0.020000,1,0.793924
16.954693,24.875315,1.261812,-234.801117,136.300247,344.896790,-12701.974609,7163.044434,13849.904297,0.588838,0.795726,0.141734,0.100000,0.020000,1,0.166538
17.869911,24.346914,-0.643276,-283.367584,168.981735,266.078705,-19069.568359,7578.413574,16278.208984,0.585802,0.462210,-0.665731,0.100000,0.020000,1,0.946914
17.756695,24.485125,-0.473134,16.200609,-9.063019,46.431076,838.472412,-516.420898,2622.086670,0.582497,0.586342,-0.562940,0.100000,0.020000,1,0.742619
18.335487,24.413366,0.009672,96.094017,13.914483,-1.451281,8122.901855,1323.776855,-117.279999,0.568920,0.822091,0.022299,0.100000,0.020000,1,0.700329
17.834536,24.396614,0.267379,-0.027021,-1.604668,-0.066659,17.295656,2.471372,-6.002578,0.569468,0.730158,0.377591,0.100000,0.020000,1,0.112694
17.850527,24.436810,0.356342,-45.136959,-27.084524,-72.961044,-2773.753906,-1565.586914,-4486.286621,0.557886,0.689270,0.462244,0.100000,0.020000,1,0.485433
17.852959,24.418827,-0.323361,-0.210756,-1.869706,0.132990,-2.622699,1.497843,5.620016,0.536782,0.710533,-0.454980,0.100000,0.020000,1,0.034394
17.922565,24.384384,-0.156023,-28.734240,-25.626091,-1.548099,-1611.201050,-1315.604736,-110.511497,0.525423,0.823055,-0.215664,0.100000,0.020000,1,0.770638
17.886948,24.339479,-0.085557,-0.602621,-5.607339,10.440407,18.996408,-175.792419,545.339294,0.530597,0.843621,-0.082280,0.100000,0.020000,1,0.093653
18.027357,24.256012,0.556686,34.421837,-19.483770,69.997635,2698.264648,-1646.296387,6052.308594,0.515972,0.822207,0.240308,0.100000,0.020000,1,0.569290
17.895924,24.374641,0.254836,-0.465026,-2.155780,0.025316,2.393926,7.571044,-0.261147,0.498564,0.788598,0.359928,0.100000,0.020000,1,0.375020
17.787748,24.568579,0.485185,1.545939,-1.077079,-0.057096,5.546358,3.519400,-3.335474,0.548954,0.480432,0.683985,0.100000,0.020000,1,0.653857
17.703022,24.720535,-0.564876,4.940007,-2.830937,6.084304,105.774368,-130.498276,309.470093,0.584976,0.250881,-0.771273,0.100000,0.020000,1,0.080568
20.796942,22.656990,-2.093669,830.363159,-291.987061,-477.399750,10329.637695,-43741.566406,-17012.121094,0.485369,0.804971,-0.341231,0.100000,0.020000,1,0.100306
17.868401,24.477043,-0.402101,5.987031,-2.818475,5.390282,474.528412,-262.246857,573.580811,0.515164,0.563676,-0.645659,0.100000,0.020000,1,0.974366
17.827963,24.500713,0.433028,0.799409,-1.430130,0.043444,3.152323,6.133158,-0.441365,0.528549,0.588700,0.611612,0.100000,0.020000,1,0.069437
21.040842,23.251833,-3.507778,999.119019,-427.428680,-899.922363,30207.490234,-12929.599609,-27268.203125,0.553512,0.340260,-0.760163,0.100000,0.020000,1,0.661825
17.896181,24.456249,-0.408203,-3.185352,-10.419605,15.429999,-185.776260,-455.738525,858.033142,0.474785,0.697729,-0.536427,0.100000,0.020000,1,0.587445
17.646957,24.477163,0.104085,159.203308,-93.201500,-7.500446,8765.917969,-5041.421875,-449.103699,0.426493,0.893817,0.138544,0.100000,0.020000,1,0.756059
17.870602,24.346514,0.002970,51.244034,-28.620605,71.394470,2678.415527,-1865.719849,4487.841309,0.420884,0.906763,0.025233,0.100000,0.020000,1,0.757603
17.934008,24.400003,0.326223,-0.196589,-2.536468,0.032412,1.952204,7.289621,-0.334151,0.435866,0.773128,0.460754,0.100000,0.020000,1,0.942644
18.212543,24.168215,0.095152,42.163273,-25.301373,-13.838702,3687.032471,-2102.566162,-1220.262085,0.405089,0.879106,0.251149,0.100000,0.020000,1,0.911949
17.890734,24.464142,0.413266,0.444772,-2.078820,0.041058,2.445109,6.541196,-0.423418,0.462665,0.667267,0.583692,0.100000,0.020000,1,0.273447
17.982103,24.336994,-0.221827,-4.815835,-2.020034,-11.915960,-335.972931,115.715111,-1022.380676,0.377066,0.899289,-0.221586,0.100000,0.020000,1,0.738997
17.881306,24.340334,-0.119700,-17.522993,10.484568,-6.734318,-1667.397827,827.031738,-597.826538,0.381114,0.917625,-0.112764,0.100000,0.020000,1,0.006775
17.969465,24.394234,-0.323496,-0.370682,-2.964677,0.029322,-0.749605,5.835544,1.599604,0.393526,0.798236,-0.456022,0.100000,0.020000,1,0.151074
17.862617,24.541204,0.490257,1.018393,-1.590028,0.307233,-5.657858,12.381583,9.752427,0.464292,0.549665,0.694479,0.100000,0.020000,1,0.924219
16.707354,25.018116,-0.304932,-310.618042,179.643250,-17.893503,-25106.554688,14220.871094,-1432.345703,0.355873,0.875067,-0.328042,0.100000,0.020000,1,0.991850
18.023359,24.359560,0.255881,-0.584146,-3.457230,0.025421,0.930438,7.758285,-0.262168,0.336547,0.869554,0.361404,0.100000,0.020000,1,0.900922
17.981407,24.430189,-0.388106,0.123447,-3.009987,-0.038211,1.440261,6.884207,0.369259,0.358498,0.755661,-0.548139,0.100000,0.020000,1,0.745423
18.813154,24.058027,-0.337178,205.473862,-72.168991,-70.807762,16058.012695,-5352.931152,-5945.597168,0.270340,0.962499,0.022644,0.100000,0.020000,1,0.019511
17.828560,24.609047,-0.581691,2.303211,-1.577606,-3.843276,46.371265,-22.167774,-423.127502,0.480757,0.438682,-0.759231,0.100000,0.020000,1,0.559136
18.358133,24.188101,0.299232,66.708054,-39.123985,57.336765,2263.540527,-1187.578125,1821.667603,0.244515,0.959554,0.139531,0.100000,0.020000,1,0.194429
18.140293,24.330015,-0.123807,-14.023687,-8.213598,24.687210,-682.667236,-185.883408,1307.676025,0.245852,0.965119,-0.090009,0.100000,0.020000,1,0.965407
18.057367,24.348249,-0.205948,3.033004,-12.447824,28.791073,95.646400,-248.412369,874.271179,0.295407,0.850230,-0.435710,0.100000,0.020000,1,0.987874
17.988861,24.442616,0.407272,0.251912,-3.083401,0.040463,1.314658,6.806984,-0.417250,0.342652,0.742767,0.575227,0.100000,0.020000,1,0.477743
18.158270,24.534586,-0.273780,-48.008198,-456.198120,360.295990,-2811.668213,-27658.523438,22211.566406,0.223433,0.952487,-0.206994,0.100000,0.020000,1,0.774163
18.055773,24.392250,0.328687,-0.247256,-3.769853,-0.187161,0.315054,7.781799,-10.979479,0.277884,0.841593,0.463144,0.100000,0.020000,1,0.211300
18.607018,24.825556,0.776110,125.157387,117.563110,150.124451,10033.261719,9733.646484,11949.157227,0.233662,0.936957,0.259832,0.100000,0.020000,1,0.737037
17.946119,24.532652,-0.521346,-3.496827,-1.064436,-5.014996,-290.289215,214.518127,-485.458374,0.363958,0.638555,-0.678072,0.100000,0.020000,1,0.912160
18.051329,24.242172,0.101850,11.550839,3.183479,-492.928253,-1975.490234,-4242.113770,-30301.833984,0.208017,0.922406,-0.325418,0.100000,0.020000,1,0.480156
18.099604,24.389666,0.237278,-10.004113,2.258527,-4.328815,-743.240540,542.161316,-340.526184,0.187264,0.915045,0.357248,0.100000,0.020000,1,0.154371
18.029850,24.297148,-0.178534,10.571555,3.218558,49.787991,448.773773,-85.092537,4018.851074,0.228123,0.805221,-0.547339,0.100000,0.020000,1,0.780101
17.968246,24.523443,0.500063,1.069480,-2.851768,0.049685,1.551448,5.883524,-0.512115,0.331380,0.625580,0.706284,0.100000,0.020000,1,0.092560
18.231100,24.353481,0.116341,-43.785629,-22.979687,-16.363468,-2638.803711,-1049.105713,-976.654114,0.095279,0.984824,0.145064,0.100000,0.020000,1,0.237232
18.017471,24.491444,-0.471001,0.756458,-3.360410,-0.047898,0.979655,6.285555,0.451634,0.281319,0.691594,-0.665249,0.100000,0.020000,1,0.911488
17.096090,24.793680,-1.032837,-222.610962,218.515884,-262.128235,-17243.609375,-7827.983398,-9585.958984,0.081211,0.996556,0.016799,0.100000,0.020000,1,0.388717
18.071688,24.941589,-0.896856,49.270485,97.827797,-99.491554,3725.504150,7824.669922,-7776.808594,0.394332,0.517376,-0.759490,0.100000,0.020000,1,0.286001
18.171534,24.415255,-0.386911,-2.128709,-20.255571,64.044098,-115.258789,-884.577087,3729.821777,0.124848,0.889267,-0.440018,0.100000,0.020000,1,0.903721
18.243111,24.351643,0.147701,-5.771021,-4.184144,4.227786,-260.474457,73.244377,205.753922,0.068453,0.971048,0.228865,0.100000,0.020000,1,0.952080
18.246910,24.294035,-0.194190,-15.918551,5.480704,14.796662,-902.909668,444.160004,784.586853,0.062768,0.972705,-0.223392,0.100000,0.020000,1,0.314309
18.236774,24.336798,-0.067482,-1.792346,12.108302,-27.774080,-78.397530,1099.784058,-1741.223877,0.058446,0.993354,-0.099159,0.100000,0.020000,1,0.780233
18.098988,24.453886,0.421451,0.396876,-4.201590,0.042024,-0.028858,6.607274,-0.715005,0.190984,0.780437,0.595351,0.100000,0.020000,1,0.018921
18.243958,24.380436,-0.227759,-0.147112,-5.535975,0.016140,7.591025,15.591184,-0.978342,0.033096,0.946687,-0.320450,0.100000,0.020000,1,0.998243
18.185539,24.421486,0.349481,0.090198,-5.091228,0.034682,-0.933999,7.066324,-0.358204,0.091574,0.864854,0.493602,0.100000,0.020000,1,0.123297
18.037897,24.519176,0.500811,1.044619,-3.562175,0.049756,0.750455,5.924707,-0.512964,0.240931,0.664547,0.707340,0.100000,0.020000,1,0.505963
18.299318,24.915344,0.640115,10.087152,125.605202,97.715813,813.109924,10473.075195,7777.856445,0.006172,0.933189,0.359332,0.100000,0.020000,1,0.435130
18.356171,24.387178,-0.061843,3.122710,-5.275473,0.814619,356.184479,137.661560,85.435860,-0.068262,0.992776,-0.098671,0.100000,0.020000,1,0.363024
18.187334,24.447083,-0.389293,0.351078,-5.102832,-0.038587,-0.958282,6.763830,0.397636,0.076955,0.831724,-0.549830,0.100000,0.020000,1,0.494838
18.329157,24.375624,-0.002285,-0.356933,-6.530628,-0.016863,6.403129,20.718325,-13.787721,-0.073203,0.997316,0.001071,0.100000,0.020000,1,0.175579
18.343351,24.387968,0.098863,-0.207539,-6.710593,0.010006,-2.792740,7.578108,-0.116219,-0.101976,0.984937,0.139642,0.100000,0.020000,1,0.978034
18.454556,24.929012,-0.902502,92.629318,116.803497,-121.354324,7173.827637,9488.917969,-9490.847656,0.138418,0.743066,-0.654746,0.100000,0.020000,1,0.615539
18.369280,24.186399,0.382581,-129.206390,74.684105,-227.734467,-7983.007324,4252.638184,-13507.166016,-0.087639,0.965124,0.246691,0.100000,0.020000,1,0.954884
18.231585,24.490381,-0.281540,-4.691681,0.613724,3.578346,-522.283325,674.211914,351.236542,-0.041236,0.897419,-0.439248,0.100000,0.020000,1,0.613179
17.978277,24.572109,-0.544402,1.762369,-2.460402,-0.358049,22.396997,51.438862,-29.600636,0.298624,0.570336,-0.765206,0.100000,0.020000,1,0.508053
18.343390,24.397408,-0.144488,-11.464436,-3.753811,-4.498637,-767.990967,184.515671,-300.733215,-0.122953,0.972448,-0.198058,0.100000,0.020000,1,0.005764
18.218849,24.770710,0.368416,-47.744877,-22.350494,-51.852791,-2299.046631,-3163.871094,-2978.950684,-0.023065,0.876642,0.480590,0.100000,0.020000,1,0.878001
18.375944,24.388613,-0.160148,-139.773895,90.099754,-153.971619,-8704.499023,5964.953125,-9408.287109,-0.121186,0.935972,-0.330562,0.100000,0.020000,1,0.288635
18.126549,24.514454,0.488289,1.020517,-4.465740,0.047818,-0.251035,6.002783,-0.488278,0.125474,0.713203,0.689636,0.100000,0.020000,1,0.805327
18.218933,24.496008,0.461364,-5.898246,-20.810720,-29.986759,-372.211426,-875.005615,-1708.481812,0.035486,0.807858,0.588307,0.100000,0.020000,1,0.417730
18.364466,24.446772,0.278752,-9.372291,-15.966887,-30.134851,-578.198975,-536.188782,-1791.721924,-0.142803,0.923600,0.355768,0.100000,0.020000,1,0.349654
18.202156,24.507177,-0.460508,0.964876,-5.239205,-0.045891,-1.133650,6.077142,0.470881,0.028591,0.759037,-0.650419,0.100000,0.020000,1,0.403554
18.374960,24.782700,-0.583583,13.829132,37.208092,-28.205118,1215.371704,4017.019287,-2612.622070,-0.063238,0.837994,-0.542002,0.100000,0.020000,1,0.259410
18.483892,24.468327,-0.026997,-34.182457,-30.892269,-20.401262,-1964.312622,-1318.013794,-1160.350708,-0.242164,0.966845,-0.081045,0.100000,0.020000,1,0.134662
18.435911,24.450237,-0.139415,0.467490,-7.662362,0.002466,-3.320979,6.000870,0.560473,-0.254763,0.946786,-0.196702,0.100000,0.020000,1,0.311903
18.930395,24.827898,-0.542403,158.970947,94.631134,-64.458527,12375.417969,7917.875000,-5054.618164,-0.162597,0.887046,-0.432102,0.100000,0.020000,1,0.154802
18.593090,24.531231,0.018115,21.023352,5.073997,1.290122,1911.886230,1194.496948,119.557945,-0.264550,0.964288,0.012678,0.100000,0.020000,1,0.795213
18.494663,24.382656,0.149473,7.321506,-9.024492,5.099957,637.521118,-343.755188,561.034851,-0.265714,0.955237,0.130069,0.100000,0.020000,1,0.740237
18.199846,24.529873,0.482440,1.124185,-5.097283,0.111742,-5.119152,35.279762,14.633906,0.022396,0.735046,0.677648,0.100000,0.020000,1,0.852848
18.282763,24.505028,0.420878,0.966343,-6.059028,0.041298,-2.039142,6.120080,-0.416997,-0.077452,0.800411,0.594427,0.100000,0.020000,1,0.045318
18.373680,24.487144,0.330532,6.364236,1.006214,1.574824,322.528992,484.108459,91.140411,-0.199506,0.860471,0.468814,0.100000,0.020000,1,0.624158
18.508902,24.469717,0.126875,6.579608,-8.375130,-6.224899,594.239868,-56.411438,-633.203369,-0.291429,0.920594,0.259954,0.100000,0.020000,1,0.794783
18.442295,24.483860,-0.223505,0.925023,-7.797574,-0.064209,0.196241,3.490684,-1.016884,-0.280296,0.906357,-0.316149,0.100000,0.020000,1,0.362720
18.283091,24.537247,-0.459946,1.074664,-6.320802,-0.201439,-27.319345,-19.495573,-15.604545,-0.097538,0.755784,-0.647516,0.100000,0.020000,1,0.944427
18.379829,24.529867,-0.376698,1.197279,-6.963344,-0.068506,0.010048,32.861691,-8.996924,-0.214791,0.820641,-0.529540,0.100000,0.020000,1,0.531395
18.369415,24.626869,0.263192,122.328033,-210.372971,-12.998507,7321.222656,-12258.467773,-782.735107,-0.297144,0.885038,0.358348,0.100000,0.020000,1,0.442687
18.055668,24.615839,-0.626313,2.104598,1.698752,-10.482944,57.528328,508.714447,-968.517761,0.198562,0.594052,-0.779536,0.100000,0.020000,1,0.969329
18.380167,24.556084,-0.279386,-17.506979,-1.798859,10.209770,-568.760559,213.314026,329.606903,-0.300211,0.842212,-0.447832,0.100000,0.020000,1,0.701005
18.379396,24.531948,0.382879,-18.881327,0.971722,29.190763,-1224.553955,482.173706,1762.685791,-0.204124,0.798186,0.566774,0.100000,0.020000,1,0.770232
18.538521,24.519842,0.012886,1.173038,-8.668665,0.002248,-7.660792,12.019320,-1.829756,-0.424339,0.905308,0.018834,0.100000,0.020000,1,0.526124
18.540453,24.529129,-0.074904,1.474861,-9.029174,0.105241,1.895004,-4.875719,3.656285,-0.432163,0.895708,-0.104601,0.100000,0.020000,1,0.187949
18.546099,24.553337,0.159853,2.294399,-7.260840,0.160322,107.898628,154.403030,9.497694,-0.425601,0.876340,0.225591,0.100000,0.020000,1,0.586698
18.443495,24.543053,0.334273,3.296817,-5.746728,-0.771856,109.125938,121.579269,-48.428127,-0.311737,0.825099,0.471202,0.100000,0.020000,1,0.708368
18.545179,24.534418,0.094621,1.328869,-8.726178,0.010020,-5.820458,9.117793,-1.248806,-0.439844,0.888014,0.134043,0.100000,0.020000,1,0.840732
18.448742,24.064180,-0.111671,-402.209381,247.808289,-262.485992,-25806.085938,14237.227539,-16393.771484,-0.415608,0.883442,-0.216335,0.100000,0.020000,1,0.098584
18.670382,24.515778,-0.272278,-154.341187,42.170715,32.300968,-9213.634766,3033.985840,1888.244019,-0.415961,0.846190,-0.333075,0.100000,0.020000,1,0.126599
18.138811,24.582335,-0.548472,1.755597,-4.618640,0.089207,1.048451,4.216393,5.101509,0.076490,0.629621,-0.773127,0.100000,0.020000,1,0.987116
18.301014,24.580763,0.507212,1.012085,-5.637391,-3.307723,-35.211800,31.078487,-155.948502,-0.134342,0.704072,0.697306,0.100000,0.020000,1,0.509392
18.383686,24.449114,-0.556473,0.374521,-0.085312,60.380772,-344.739441,-89.058273,3108.692871,-0.329287,0.769264,-0.547542,0.100000,0.020000,1,0.392514
18.541115,24.583477,0.243429,1.835018,-8.667875,0.024053,-5.017755,5.230790,-0.249464,-0.458043,0.819749,0.343813,0.100000,0.020000,1,0.431177
18.446119,24.598690,0.398304,1.958238,-7.692742,0.037196,-4.022423,5.106249,-0.439220,-0.339086,0.754051,0.562519,0.100000,0.020000,1,0.662109
18.358892,24.595127,-0.467793,1.904044,-6.809968,-0.047320,-2.928717,5.089556,0.470815,-0.221623,0.717169,-0.660721,0.100000,0.020000,1,0.817082
18.490913,24.679207,-0.427021,25.984818,-58.308151,83.765991,1353.848999,-2824.162598,4762.002930,-0.449770,0.785646,-0.424816,0.100000,0.020000,1,0.853669
18.614861,24.607281,0.007403,2.091614,-9.419210,0.001552,-5.930422,4.859514,0.005694,-0.567235,0.823490,0.010468,0.100000,0.020000,1,0.819406
18.540373,24.591173,-0.174725,15.732832,-12.946677,6.598379,567.952393,-367.743774,342.617859,-0.564670,0.795060,-0.221424,0.100000,0.020000,1,0.126461
18.616550,24.620501,0.094011,2.232532,-9.425750,0.009348,-5.884587,4.816175,-0.096308,-0.575920,0.806651,0.132781,0.100000,0.020000,1,0.462875
18.599056,24.622013,0.172959,2.243156,-9.247101,0.017140,-5.682898,4.813468,-0.177299,-0.553410,0.796281,0.244285,0.100000,0.020000,1,0.947357
18.628830,24.626303,-0.038056,2.126627,-7.730359,-7.612868,-17.932039,99.156075,-396.982971,-0.596724,0.798262,-0.081844,0.100000,0.020000,1,0.627444
18.532694,24.631584,0.327505,2.322756,-8.568927,0.032512,-4.921596,4.690876,-0.335682,-0.469862,0.751841,0.462564,0.100000,0.020000,1,0.273769
18.128550,24.587280,0.553440,1.762519,-4.466323,0.054982,-0.296657,5.170808,-0.567137,0.087989,0.617451,0.781673,0.100000,0.020000,1,0.903784
18.174917,24.703331,-0.732935,-3.902931,14.477765,-35.069813,-497.023865,1703.008911,-3010.493408,-0.019231,0.644297,-0.764533,0.100000,0.020000,1,0.488167
18.591131,24.657940,0.256359,2.596390,-9.165195,0.024861,-4.990864,6.627260,-0.129434,-0.559478,0.745604,0.362021,0.100000,0.020000,1,0.252054
18.684395,24.662073,-0.340309,-66.904457,-16.783657,88.548790,-4049.321777,-435.251526,5104.984375,-0.573422,0.755688,-0.316420,0.100000,0.020000,1,0.554871
18.353077,24.625553,0.495454,2.098538,-6.667812,0.131476,-18.995123,24.510609,14.079158,-0.230399,0.679455,0.696604,0.100000,0.020000,1,0.909275
18.664059,24.686436,0.007215,2.916647,-9.891599,0.000726,-6.430666,4.067763,-0.007377,-0.670532,0.741811,0.010191,0.100000,0.020000,1,0.396394
18.579491,24.694139,-0.305582,7.951324,5.539435,21.713404,297.416779,963.936829,1371.564575,-0.563041,0.705028,-0.431185,0.100000,0.020000,1,0.761298
18.391909,24.611591,-0.326275,40.195347,-22.386936,-34.929813,1852.430176,-1118.540649,-1932.507446,-0.462630,0.693822,-0.551892,0.100000,0.020000,1,0.700726
18.510296,24.680346,0.405304,2.814685,-8.328591,0.040220,-4.637994,4.119426,-0.416126,-0.463453,0.676400,0.572446,0.100000,0.020000,1,0.804049
18.672382,24.719299,0.102050,3.253253,-9.967276,0.010137,-6.532435,3.700154,-0.104549,-0.697292,0.702146,0.144134,0.100000,0.020000,1,0.968643
18.548773,24.801626,-0.073390,279.194031,-186.160004,-1.301376,16865.353516,-10790.096680,-80.158180,-0.707826,0.698668,-0.104145,0.100000,0.020000,1,0.300972
18.434650,24.669409,0.492934,3.381176,-7.560554,0.641712,90.138237,-11.555009,79.753014,-0.342571,0.646412,0.681759,0.100000,0.020000,1,0.861488
18.442863,24.675304,-0.468799,2.743316,-7.642684,-0.046839,-3.902260,4.182494,0.475286,-0.371476,0.650838,-0.662130,0.100000,0.020000,1,0.460956
18.754314,24.842888,-0.152857,-183.572052,-248.385269,5.886863,-11473.564453,-14613.919922,340.436798,-0.708212,0.675579,-0.205009,0.100000,0.020000,1,0.949808
18.671291,24.742517,0.158732,3.489424,-9.950053,0.015770,-6.514654,3.432193,-0.162637,-0.706945,0.670796,0.224192,0.100000,0.020000,1,0.623826
18.252779,24.619522,-0.564442,-2.723847,-9.016141,-3.932505,-442.511383,-247.377808,-338.128632,-0.139076,0.628239,-0.765489,0.100000,0.020000,1,0.502112
18.662024,24.770725,-0.219174,3.890327,-8.014104,1.595715,-13.657571,117.217056,101.484413,-0.712973,0.629299,-0.309277,0.100000,0.020000,1,0.980539
18.748287,24.412922,0.364244,-58.177544,48.797523,-93.867111,-3253.641113,2285.282959,-5830.597656,-0.604792,0.634172,0.481719,0.100000,0.020000,1,0.202194
19.064482,25.254580,-0.755315,120.393837,100.423119,-60.262089,9766.570312,9076.257812,-5063.027832,-0.464794,0.611765,-0.640086,0.100000,0.020000,1,0.785889
18.576797,24.853924,0.334013,-3.071151,25.141815,221.408722,2559.440430,-1362.187012,5777.485840,-0.679583,0.603021,-0.417772,0.100000,0.020000,1,0.677641
18.654325,24.787544,0.265102,3.574793,-10.440428,-0.798846,-23.677490,-21.448875,-34.735294,-0.702854,0.608455,0.368481,0.100000,0.020000,1,0.373321
18.711342,24.808270,0.079031,4.153586,-10.328521,0.018891,-4.539470,2.279891,-1.646649,-0.790515,0.602043,0.112386,0.100000,0.020000,1,0.489993
18.710745,24.809786,-0.074106,4.214117,-10.342751,-0.000067,-8.292333,3.359333,-0.317990,-0.792444,0.600947,-0.104379,0.100000,0.020000,1,0.667037
18.715612,24.809748,0.003937,4.185700,-10.382983,0.000396,-7.034123,2.671201,-0.003980,-0.797942,0.602709,0.005561,0.100000,0.020000,1,0.576229
18.568048,24.768995,0.402988,3.916666,-8.901421,-0.655876,-2.850078,0.670465,-16.450314,-0.585626,0.586263,0.559767,0.100000,0.020000,1,0.986353
18.549072,24.815645,-0.393310,7.560736,-21.027468,-0.377204,167.633545,-533.385742,-14.510570,-0.576867,0.596843,-0.557676,0.100000,0.020000,1,0.441663
18.343451,24.670452,-0.536709,2.671249,-6.653960,-0.064528,-5.657257,-1.737262,-3.521197,-0.238461,0.608464,-0.756907,0.100000,0.020000,1,0.827976
18.611734,24.741730,0.417728,0.047804,-2.391977,-34.445099,-350.644104,164.846741,-1795.185181,-0.687218,0.561361,0.461090,0.100000,0.020000,1,0.158591
18.702965,24.833603,0.147851,6.038128,-5.198665,7.493048,77.086716,283.686218,415.310303,-0.800746,0.553952,0.227911,0.100000,0.020000,1,0.464680
18.708591,24.844198,-0.150984,4.528327,-10.307950,-0.007630,-7.139181,2.062339,0.384601,-0.805010,0.553640,-0.213169,0.100000,0.020000,1,0.515906
18.485014,24.751524,0.480345,3.528470,-8.050385,0.047487,-4.324033,3.291606,-0.485787,-0.463825,0.569739,0.678427,0.100000,0.020000,1,0.078046
18.686302,24.835388,-0.237069,4.696466,-3.615026,0.594421,-2.067420,332.707642,32.139866,-0.780023,0.530142,-0.332435,0.100000,0.020000,1,0.487041
18.263092,24.638952,0.553309,2.324878,-5.822360,0.054970,-1.837052,4.580362,-0.566810,-0.115375,0.613161,0.781487,0.100000,0.020000,1,0.811919
18.605183,24.841982,-0.386629,4.483743,-9.245361,-0.031907,-5.700864,2.767834,1.219207,-0.666668,0.507158,-0.546209,0.100000,0.020000,1,0.456242
18.735327,24.923151,0.089393,5.337295,-10.556209,0.009780,-6.964140,1.563484,-0.097040,-0.878046,0.461615,0.126278,0.100000,0.020000,1,0.982540
18.545271,24.814796,-0.455075,4.416673,-8.409134,0.029373,52.134415,34.659042,20.458912,-0.559082,0.517353,-0.647900,0.100000,0.020000,1,0.063740
18.767546,24.710360,0.354865,28.700768,-15.522403,13.579424,1819.199951,-1136.895996,1251.429565,-0.803394,0.468663,0.367306,0.100000,0.020000,1,0.234124
18.738964,24.940863,-0.076235,5.526852,-10.585401,-0.007494,-7.306192,1.159196,0.078014,-0.891638,0.439760,-0.107672,0.100000,0.020000,1,0.542242
18.664570,24.896051,-0.310428,5.058811,-9.863616,-0.082421,-6.334552,-2.918786,-9.506104,-0.771752,0.462713,-0.436229,0.100000,0.020000,1,0.753388
18.741640,24.943470,0.008389,5.431918,-10.621520,-0.097513,-22.048967,2.057606,-11.882104,-0.898615,0.438522,0.013761,0.100000,0.020000,1,0.772224
18.689955,24.890110,0.321526,-29.245522,-4.293606,-0.914359,-2021.197510,283.072174,-113.915092,-0.759920,0.446613,0.472290,0.100000,0.020000,1,0.765273
18.534775,24.834120,0.497622,1.753475,-9.531446,-5.916332,-130.021591,-53.991959,-298.821442,-0.555683,0.483377,0.676434,0.100000,0.020000,1,0.943570
18.708916,24.970867,-0.215187,6.492887,-10.961808,0.299584,22.238230,-26.557491,13.622227,-0.869273,0.391654,-0.301614,0.100000,0.020000,1,0.049930
18.730545,24.969494,-0.145905,5.825923,-10.452897,0.045669,-4.465552,6.312848,9.460090,-0.893260,0.398560,-0.207934,0.100000,0.020000,1,0.062874
18.734659,24.989389,0.147727,6.776470,-10.399608,-1.166011,77.286331,12.183339,-164.525314,-0.896934,0.372031,0.238961,0.100000,0.020000,1,0.101020
18.593489,24.885305,0.419753,4.922299,-9.119936,0.040330,-5.655621,1.835986,-0.321712,-0.671902,0.444015,0.592788,0.100000,0.020000,1,0.050704
18.700470,24.976006,0.249414,5.895048,-10.195725,0.018241,-6.391669,0.544046,-0.400771,-0.857560,0.374915,0.352179,0.100000,0.020000,1,0.167207
18.633457,24.945557,-0.378021,5.546483,-9.510184,-0.037555,-6.086465,1.096912,0.387267,-0.753779,0.383087,-0.533913,0.100000,0.020000,1,0.590398
18.745045,25.038113,-0.056666,6.518251,-10.619334,-0.007412,-7.394288,0.046330,0.055884,-0.946210,0.313490,-0.080072,0.100000,0.020000,1,0.170401
18.646214,24.998625,0.496481,-19.393694,-65.587021,-87.499443,-1468.040527,-3323.650635,-5118.492676,-0.735028,0.377072,0.563516,0.100000,0.020000,1,0.421271
18.549234,24.721838,-0.835640,49.854778,-4.596375,-74.367203,1703.064209,-663.555908,-3282.289551,-0.340057,0.535077,-0.773340,0.100000,0.020000,1,0.848766
18.902496,25.292984,1.199416,45.916111,61.779655,317.640808,3121.134033,5578.926758,25049.753906,-0.955092,0.296281,0.004137,0.100000,0.020000,1,0.086667
18.742279,25.049635,-0.377423,-227.799561,-385.753693,421.915955,-14503.395508,-23509.113281,26329.328125,-0.838922,0.333453,-0.430139,0.100000,0.020000,1,0.654581
18.429874,24.940733,-0.625073,-24.899729,-0.739275,-36.726955,-2448.370605,653.746277,-2983.481934,-0.638697,0.400752,-0.656859,0.100000,0.020000,1,0.433777
18.787521,24.964209,0.791844,-155.845779,47.807232,-773.733582,-9720.414062,3450.497559,-46921.757812,-0.825160,0.313825,0.469707,0.100000,0.020000,1,0.402924
18.843430,25.117811,0.076352,23.330486,-1.682611,0.917078,1467.753418,742.194336,-25.856373,-0.955209,0.262879,0.135905,0.100000,0.020000,1,0.556372
18.735271,25.122440,0.153018,3.647053,-21.098543,2.431083,-178.633392,-530.555725,114.047401,-0.943835,0.238154,0.229038,0.100000,0.020000,1,0.629876
18.730431,25.090858,-0.137507,7.051923,-10.458283,-0.013660,-7.218416,-0.563613,0.140840,-0.952023,0.236502,-0.194213,0.100000,0.020000,1,0.790008
18.711145,25.078135,-0.216354,6.916931,-10.265034,-0.021451,-6.995189,-0.415248,0.221160,-0.920328,0.244172,-0.305575,0.100000,0.020000,1,0.918783
18.545097,24.913696,0.485514,4.916692,-5.988995,-0.237691,-23.094931,154.722702,-16.604015,-0.622105,0.379014,0.685079,0.100000,0.020000,1,0.800936
18.719227,25.089176,0.211463,-54.828854,37.113586,106.725113,-3819.910156,2900.101318,6557.155273,-0.912520,0.196611,0.358679,0.100000,0.020000,1,0.288010
18.726374,25.169436,0.091339,8.039420,-11.052137,-2.067478,4.523870,-36.676830,-105.697357,-0.983874,0.132256,0.120413,0.100000,0.020000,1,0.432595
18.726721,25.168747,-0.072358,7.833484,-10.415237,-0.006468,-13.056724,-1.365308,0.226164,-0.985965,0.131986,-0.102233,0.100000,0.020000,1,0.635996
18.508068,24.942026,0.193703,29.410337,-12.741779,120.122589,957.513489,-713.864197,6705.294434,-0.791592,0.222822,0.568975,0.100000,0.020000,1,0.500652
18.583178,24.982470,-0.455749,3.730034,-7.360224,-2.108522,-94.811844,59.709827,-81.035728,-0.691762,0.292720,-0.660136,0.100000,0.020000,1,0.822221
18.661367,25.116920,0.324266,7.298509,-9.748078,0.032193,-6.432533,-0.870002,-0.331893,-0.872771,0.168871,0.457989,0.100000,0.020000,1,0.607246
18.666933,25.118876,-0.312179,7.348266,-9.816976,-0.017884,-6.275865,-1.069571,0.435825,-0.881568,0.169241,-0.440677,0.100000,0.020000,1,0.527068
18.628967,25.147480,-0.322282,7.649277,11.267217,16.773193,70.949318,1680.746826,1369.750122,-0.796205,0.230679,-0.559326,0.100000,0.020000,1,0.123530
18.714663,25.184587,-0.135661,8.001536,-10.272377,-0.013478,-7.053625,-1.636467,0.138937,-0.975893,0.104496,-0.191606,0.100000,0.020000,1,0.891564
18.458521,24.829468,-0.543416,-7.677663,-13.228333,-2.637728,-651.894226,-277.625732,-142.530563,-0.426243,0.467797,-0.774263,0.100000,0.020000,1,0.031225
18.511456,24.845509,-0.516565,-14.701297,6.791277,-11.559069,-1083.531738,817.993408,-637.507751,-0.509441,0.404707,-0.759396,0.100000,0.020000,1,0.341846
18.703466,25.187376,0.180162,8.027241,-10.157580,0.017899,-6.918218,-1.663462,-0.184600,-0.962363,0.095443,0.254458,0.100000,0.020000,1,0.184551
18.506540,24.993311,0.526228,4.664641,-5.762391,2.943239,-290.296753,153.528076,347.656616,-0.673705,0.271482,0.687328,0.100000,0.020000,1,0.438492
18.719881,25.215488,0.015007,8.317606,-10.317027,0.001491,-7.112166,-1.982549,-0.015374,-0.997597,0.065956,0.021196,0.100000,0.020000,1,0.163689
18.420765,24.809525,0.555589,3.602649,-7.139550,0.339540,-63.976788,45.933681,37.771576,-0.413841,0.472991,0.777827,0.100000,0.020000,1,0.163187
18.677742,25.214775,-0.236584,8.301868,-9.886289,-0.022092,-6.654933,-1.981689,0.208747,-0.941376,0.046729,-0.334107,0.100000,0.020000,1,0.130396
18.633327,25.138382,-0.369183,8.339059,-9.266929,0.732713,60.279034,11.268356,61.821369,-0.841210,0.126200,-0.525776,0.100000,0.020000,1,0.563880
18.692192,25.276373,0.030889,8.191927,-9.523099,1.677538,-92.388062,72.300117,192.846100,-0.999834,-0.011417,0.014213,0.100000,0.020000,1,0.451855
18.670782,25.219542,0.251934,8.339752,-9.811912,0.028698,-4.685927,-1.596163,-1.739255,-0.933597,0.037015,0.356407,0.100000,0.020000,1,0.234658
18.625513,25.158804,0.316349,-7.804833,-30.574556,119.300087,-936.116150,-1289.355103,7212.683594,-0.825849,0.109323,0.553193,0.100000,0.020000,1,0.702547
19.750868,23.938103,-0.640487,385.514496,-311.630402,-31.614109,11506.676758,-9203.889648,-956.809509,-0.574229,0.320560,-0.753328,0.100000,0.020000,1,0.934796
18.909739,26.109339,0.605785,76.546204,198.128708,82.128113,5249.793945,16574.593750,6970.576660,-0.966762,-0.046899,0.251338,0.100000,0.020000,1,0.397557
19.688778,26.595556,-0.131094,291.082855,335.947083,-46.497555,21983.187500,27254.167969,-3842.059570,-0.990837,-0.059569,0.121213,0.100000,0.020000,1,0.840771
19.934523,23.154909,-4.853077,602.799683,-201.616760,-1314.026855,3991.659668,-32223.521484,-43666.300781,-0.994405,-0.064521,-0.083645,0.100000,0.020000,1,0.114377
19.021542,25.409307,0.096818,88.967590,26.070332,-49.831036,6709.571289,2989.822266,-4114.670898,-0.886062,0.005196,0.463536,0.100000,0.020000,1,0.378247
18.563713,25.087004,-0.471036,6.945509,-8.782391,-0.078156,-6.242902,-1.469118,-0.903380,-0.728619,0.161995,-0.665486,0.100000,0.020000,1,0.509145
18.649588,25.308323,-0.214542,9.243626,-9.576253,-0.021314,-6.320899,-3.053971,0.219854,-0.948637,-0.090928,-0.303017,0.100000,0.020000,1,0.500994
18.700228,25.278065,-0.141634,13.817828,-17.043209,2.529914,425.950897,-636.274231,186.246384,-0.973056,-0.098114,-0.208654,0.100000,0.020000,1,0.221027
18.595671,25.386734,0.278422,35.505081,-54.998905,-23.593443,1480.817261,-2584.816406,-1338.907104,-0.933510,-0.108204,0.341835,0.100000,0.020000,1,0.346172
18.548506,25.103563,0.484877,7.132403,-8.604596,0.047949,-5.163601,-0.653053,-0.485836,-0.716519,0.132716,0.684826,0.100000,0.020000,1,0.187544
18.589701,25.234282,-0.390679,8.474778,-8.985225,-0.037174,-5.656013,-2.281184,0.315571,-0.833753,-0.021284,-0.551727,0.100000,0.020000,1,0.113954
18.623337,25.249905,-0.327993,8.641862,-9.324862,-0.032568,-6.014083,-2.385159,0.335574,-0.885847,-0.025903,-0.463253,0.100000,0.020000,1,0.058239
18.844637,25.177378,0.243506,76.158134,-78.603645,80.170715,141.385254,-209.362061,-102.091553,-0.980546,-0.195825,0.013506,0.100000,0.020000,1,0.257092
18.109428,27.131319,0.045386,-140.348373,477.950104,31.071661,-11729.267578,38068.089844,2426.168945,-0.976679,-0.193585,-0.092862,0.100000,0.020000,1,0.238542
18.650152,25.357407,0.152579,18.846552,-17.249321,-2.862740,672.898010,-624.623169,-265.619690,-0.947517,-0.206846,0.243776,0.100000,0.020000,1,0.920311
17.739746,28.155687,1.802473,-262.485016,822.349365,513.421387,-7843.138184,25403.500000,16196.665039,-0.965685,-0.220789,0.136767,0.100000,0.020000,1,0.772062
18.497410,25.005709,-0.544037,6.483293,-7.649236,-0.274356,-8.805562,-2.153415,-49.428406,-0.612702,0.229627,-0.756219,0.100000,0.020000,1,0.373744
18.604151,25.387842,-0.217424,10.041156,-9.092425,-0.021613,-5.800261,-3.966222,0.222977,-0.926319,-0.218243,-0.307088,0.100000,0.020000,1,0.750072
18.471632,25.257320,0.413476,41.779942,-18.997757,-43.340794,1532.637085,-923.355408,-2343.293945,-0.881346,-0.142161,0.450577,0.100000,0.020000,1,0.173397
18.565193,25.336512,0.375001,12.384915,-76.621140,27.005514,211.966309,-3951.876953,1571.343628,-0.816803,-0.060969,0.573686,0.100000,0.020000,1,0.894068
18.533106,25.454002,-0.134972,-1.511493,-2.528526,0.522756,-1094.878296,615.117188,49.884377,-0.951396,-0.237552,-0.195998,0.100000,0.020000,1,0.845258
18.595493,25.330950,-0.308959,9.463846,-9.024021,-0.039413,-5.579608,-3.415467,0.101696,-0.887660,-0.146768,-0.436484,0.100000,0.020000,1,0.148818
18.546650,25.188423,-0.458078,6.461257,-12.383941,-4.909068,-76.074966,-195.479691,-243.331696,-0.743161,0.032886,-0.668304,0.100000,0.020000,1,0.557087
18.534895,25.165285,0.484434,7.756842,-8.447331,0.048126,-4.976996,-1.423396,-0.496389,-0.727946,0.044182,0.684209,0.100000,0.020000,1,0.502998
18.515390,25.325256,0.324563,13.085991,-1.209547,6.150970,-95.772835,114.045357,751.817993,-0.904986,-0.262318,0.334947,0.100000,0.020000,1,0.883986
18.558353,25.408865,-0.285675,10.804431,-12.691564,-3.446931,30.223192,-240.619064,-198.658676,-0.874227,-0.261368,-0.409162,0.100000,0.020000,1,0.877582
18.549372,25.330244,-0.380297,9.498251,-8.546145,0.020011,-4.713665,-4.055544,1.448904,-0.827155,-0.168067,-0.536254,0.100000,0.020000,1,0.466753
18.548548,25.509714,0.027756,52.792713,-50.554485,-24.938862,2521.873291,-2532.276123,-1508.410278,-0.933185,-0.358996,0.016951,0.100000,0.020000,1,0.945380
18.522840,25.254206,-0.461274,8.658661,-8.300607,-0.045823,-4.863922,-2.448522,0.472590,-0.754457,-0.079663,-0.651498,0.100000,0.020000,1,0.113002
18.566236,26.188011,-0.273040,13.033920,152.774765,-31.645514,159.791214,13123.419922,-2573.416016,-0.910076,-0.367984,-0.190656,0.100000,0.020000,1,0.212284
18.562420,25.491749,-0.074323,11.087626,-8.639570,-0.007384,-5.328721,-5.162388,0.076154,-0.920583,-0.376176,-0.104973,0.100000,0.020000,1,0.944196
18.549383,25.478794,0.095444,124.370811,-47.347031,13.393122,7100.209473,-2498.407715,849.422363,-0.917226,-0.375436,0.133206,0.100000,0.020000,1,0.778283
18.132107,24.929527,-0.537175,103.895172,-54.917557,3.935473,4554.745605,-3705.231445,216.116486,-0.657408,0.102858,-0.746482,0.100000,0.020000,1,0.045904
19.571863,24.152229,0.015388,323.585388,-417.756409,-100.585762,9920.417969,-10274.955078,-2689.674072,-0.836865,-0.281036,0.469762,0.100000,0.020000,1,0.043360
18.659281,25.513002,0.145598,-285.381592,-8.988113,53.577179,-18226.330078,37.181335,3330.867676,-0.893649,-0.389738,0.222478,0.100000,0.020000,1,0.740038
18.578558,25.495617,0.481257,20.335999,16.667728,14.345552,905.258362,2203.189209,1231.504761,-0.798161,-0.199232,0.568548,0.100000,0.020000,1,0.813014
18.541243,25.489046,-0.188762,-18.125616,-3.355704,-36.940594,-1771.813110,290.165222,-2233.294678,-0.868296,-0.395540,-0.299348,0.100000,0.020000,1,0.123527
18.438828,25.429874,-0.250497,0.071763,-3.320466,19.569838,-921.862854,403.746552,1735.051758,-0.803296,-0.287116,-0.521805,0.100000,0.020000,1,0.329669
18.140322,25.627087,-0.274047,300.920410,-132.254456,-22.629850,16838.310547,-7251.239258,-1353.399902,-0.819277,-0.399115,-0.411695,0.100000,0.020000,1,0.318686
18.485628,25.213125,0.485158,11.043685,-6.471882,-0.297105,127.939568,-111.732010,-45.686657,-0.713022,-0.105727,0.693124,0.100000,0.020000,1,0.806876
18.405596,25.470825,0.058146,-2.484547,-12.786277,-38.693798,-1225.750000,-440.387787,-3269.453613,-0.831196,-0.422816,0.361026,0.100000,0.020000,1,0.345412
18.490366,25.565739,0.022034,11.821426,-7.885947,0.002189,-4.513503,-6.013230,-0.022571,-0.860276,-0.508878,0.031120,0.100000,0.020000,1,0.876886
17.365709,25.723988,0.019205,662.260376,-372.517120,255.305939,36506.953125,-21721.199219,14539.341797,-0.768923,-0.310786,0.558721,0.100000,0.020000,1,0.580772
18.484396,25.326403,-0.458588,9.418853,-7.946214,-0.099342,-1.835325,-18.481052,-12.273851,-0.738553,-0.197725,-0.644550,0.100000,0.020000,1,0.239060
18.476997,25.571459,-0.078031,11.876095,-7.748519,-0.007729,-4.361536,-6.091193,0.079711,-0.845261,-0.522866,-0.110210,0.100000,0.020000,1,0.560172
18.474083,25.572237,0.085995,11.917931,-7.703793,0.026494,-3.257837,-5.542369,0.487726,-0.842150,-0.525344,0.121647,0.100000,0.020000,1,0.771599
18.456429,25.572971,-0.139478,14.324039,-8.470466,0.002092,125.179749,-51.009769,0.043475,-0.825779,-0.528609,-0.196624,0.100000,0.020000,1,0.008742
18.497456,25.163679,-0.517188,10.615832,-10.478244,2.130462,245.223969,-255.412369,194.600677,-0.661962,-0.009027,-0.749483,0.100000,0.020000,1,0.128852
18.363680,24.730644,1.032223,-19.444393,-190.592667,168.419693,-878.929504,-5549.059082,5103.990234,-0.707890,-0.217580,0.671975,0.100000,0.020000,1,0.288725
18.181870,25.489676,0.302622,-39.477116,-20.225842,13.736298,-4317.121582,-1081.633911,1142.628662,-0.789102,-0.515718,0.333696,0.100000,0.020000,1,0.499043
18.628399,25.714479,-0.262036,45.782726,21.092548,-7.598289,2921.604492,2442.635742,-650.872498,-0.793503,-0.522699,-0.311670,0.100000,0.020000,1,0.798486
18.424181,25.577888,0.140047,11.917081,-6.766133,-0.642758,-76.776154,37.996304,-180.869873,-0.800712,-0.546753,0.244791,0.100000,0.020000,1,0.616616
18.476875,25.105755,0.550005,7.134944,-7.872583,0.054533,-4.320673,-0.747652,-0.563286,-0.622442,0.095490,0.776819,0.100000,0.020000,1,0.817066
18.419043,25.464317,0.359554,12.426453,-5.014146,2.505811,-26.279764,-18.622223,308.403717,-0.768101,-0.449277,0.456257,0.100000,0.020000,1,0.153228
18.100916,25.370285,-0.519950,151.326538,-73.746971,95.954971,7499.229492,-4647.946289,5465.543945,-0.733113,-0.421649,-0.533626,0.100000,0.020000,1,0.190720
18.426201,25.354839,0.381647,19.894306,-6.454348,-1.700019,627.835144,-453.784393,-178.660049,-0.711136,-0.422200,0.562169,0.100000,0.020000,1,0.719048
18.384178,25.635782,-0.060906,12.505753,-6.786105,-0.006051,-3.306029,-6.824763,0.062395,-0.752753,-0.652659,-0.086022,0.100000,0.020000,1,0.793927
18.382629,25.633221,0.088968,12.479425,-6.770847,0.008838,-3.281145,-6.789247,-0.091202,-0.749474,-0.649999,0.125658,0.100000,0.020000,1,0.988608
18.376638,25.642672,0.018058,12.574072,-6.707323,0.001795,-3.210514,-6.903329,-0.018491,-0.746038,-0.665415,0.025505,0.100000,0.020000,1,0.561309
18.383293,25.553802,-0.312545,21.858564,-2.955424,16.918634,621.674194,229.469254,1039.865601,-0.718732,-0.545425,-0.431201,0.100000,0.020000,1,0.010965
18.403502,25.300045,-0.520985,1.844091,1.415391,2.222580,-599.881714,791.754150,203.018448,-0.646515,-0.104468,-0.755715,0.100000,0.020000,1,0.854212
18.227329,25.289692,0.669284,53.533768,-26.088678,-94.444557,1996.098877,-1672.229858,-5139.942871,-0.667671,-0.331678,0.666488,0.100000,0.020000,1,0.250846
18.266006,25.408424,-0.612490,-15.302001,-9.193955,-30.199625,-2218.863281,-128.627747,-2531.394287,-0.679174,-0.335832,-0.652640,0.100000,0.020000,1,0.040078
18.347830,25.633644,0.173425,12.473435,-6.416384,0.017398,-2.884056,-6.804448,-0.176733,-0.703447,-0.667206,0.244946,0.100000,0.020000,1,0.958254
18.355446,25.634800,-0.154585,12.488060,-6.493695,-0.015368,-2.972223,-6.811079,0.158505,-0.714131,-0.665092,-0.218335,0.100000,0.020000,1,0.149857
18.130817,25.546528,-0.387722,-54.963947,2.546695,-195.845245,-5194.206543,510.897156,-15321.611328,-0.692271,-0.562614,0.451914,0.100000,0.020000,1,0.443896
18.442623,25.623560,-0.259001,-471.144287,22.373096,184.605270,-30135.054688,1835.663086,11479.185547,-0.699789,-0.645148,-0.306724,0.100000,0.020000,1,0.564709
18.361149,25.543087,-0.377507,-7.017603,-9.323987,2.419730,-1082.516602,-181.165405,146.389999,-0.647759,-0.547161,-0.530116,0.100000,0.020000,1,0.315505
18.168499,24.837496,1.203502,-71.780746,-85.465080,165.141830,-6248.535156,-6264.737793,13151.259766,-0.629762,0.014048,0.776661,0.100000,0.020000,1,0.017048
16.153545,25.369850,0.249330,-588.371521,-89.931221,3.755550,-36673.894531,5036.325195,297.655823,-0.652102,-0.668624,0.357360,0.100000,0.020000,1,0.195008
18.295418,25.680441,0.010787,12.936584,-5.870273,0.001067,-2.287564,-7.341914,-0.011023,-0.656240,-0.754399,0.015236,0.100000,0.020000,1,0.058615
18.279476,25.673311,-0.150425,13.125723,-5.251816,0.928055,22.679832,33.485115,51.065773,-0.628306,-0.749212,-0.209553,0.100000,0.020000,1,0.656466
18.374769,24.676510,-0.134053,21.445774,-243.798355,102.149590,283.187347,-7195.156738,2990.459229,-0.627885,-0.445313,-0.638324,0.100000,0.020000,1,0.855403
18.277197,25.683558,-0.061954,13.839910,-5.556551,-0.189314,46.342739,0.580663,-10.091022,-0.635787,-0.766834,-0.087978,0.100000,0.020000,1,0.387628
18.277124,25.680973,0.091915,12.936824,-5.683988,0.009133,-2.087667,-7.350463,-0.094148,-0.632200,-0.763852,0.129820,0.100000,0.020000,1,0.067501
18.402710,25.325108,-0.525608,9.348047,-7.058564,-0.052217,-3.487539,-3.262176,0.538402,-0.628826,-0.231246,-0.742363,0.100000,0.020000,1,0.426401
18.287754,25.615582,-0.290729,12.663280,-7.441393,-2.997023,17.707861,-107.353630,-182.414230,-0.616425,-0.670911,-0.412187,0.100000,0.020000,1,0.397851
18.490656,25.348734,0.451757,18.734324,8.623905,-15.084173,899.815430,1420.642944,-1349.143921,-0.625839,-0.118527,0.770894,0.100000,0.020000,1,0.377465
18.350233,25.549660,0.472429,20.130154,-5.070401,14.007354,699.756836,103.623642,1195.280151,-0.611280,-0.558104,0.561121,0.100000,0.020000,1,0.747741
18.257767,25.674852,0.159125,12.869759,-5.488649,0.015809,-1.848482,-7.286362,-0.163023,-0.603570,-0.764978,0.224746,0.100000,0.020000,1,0.636306
18.269278,25.608213,0.316478,12.139866,-5.276107,-1.630604,-9.538811,31.457478,-145.633194,-0.587312,-0.665502,0.460620,0.100000,0.020000,1,0.985349
18.326527,25.442047,0.485229,10.030227,-6.677496,-0.212721,-52.327808,-42.941528,-18.388681,-0.590456,-0.425468,0.685812,0.100000,0.020000,1,0.790410
18.226482,25.665531,-0.223860,12.766514,-5.172399,-0.022124,-1.491945,-7.169381,0.229332,-0.557576,-0.767556,-0.316174,0.100000,0.020000,1,0.119112
18.141859,25.669292,-0.279118,-1.823907,6.060972,11.921702,-1335.010376,1107.118896,1181.196777,-0.551847,-0.637053,-0.538171,0.100000,0.020000,1,0.469227
18.215122,25.658480,0.251555,12.691258,-5.058901,0.025064,-1.364556,-7.097964,-0.257897,-0.539111,-0.763626,0.355295,0.100000,0.020000,1,0.180263
18.090588,25.711613,-0.011671,114.978386,-1.943982,24.896376,6041.725586,155.880722,1478.753784,-0.520617,-0.853661,0.014828,0.100000,0.020000,1,0.114678
18.168451,25.700129,-0.147206,13.127985,-4.530842,0.021614,-1.148795,-7.991155,0.645459,-0.497867,-0.842112,-0.207307,0.100000,0.020000,1,0.201579
18.068052,25.583395,-0.100197,21.376162,1.914104,4.335739,93.405403,-140.857574,144.641693,-0.503299,-0.858567,-0.097737,0.100000,0.020000,1,0.537777
18.164015,25.710377,0.098970,13.206109,-4.524774,0.009323,-0.775814,-7.685748,-0.089181,-0.496058,-0.856966,0.139769,0.100000,0.020000,1,0.575832
17.958170,25.573322,-0.226542,91.180084,-42.316849,-43.108929,3986.037109,-2639.308350,-2361.990234,-0.499504,-0.745926,-0.440557,0.100000,0.020000,1,0.186461
18.189222,25.621550,0.515544,3.374709,5.687433,26.570625,-689.802734,879.149780,2158.116943,-0.513391,-0.646255,0.564609,0.100000,0.020000,1,0.996299
18.269575,25.503193,-0.462080,12.360472,-6.480541,-0.276299,63.078266,-46.573826,-5.101103,-0.540692,-0.527028,-0.655663,0.100000,0.020000,1,0.109865
18.350019,25.370651,-0.530981,9.797429,-6.509701,-0.052760,-2.889649,-3.783679,0.543741,-0.580634,-0.316919,-0.749951,0.100000,0.020000,1,0.160976
17.944221,26.112877,0.506912,-33.659779,100.012138,84.988350,-3723.887695,8287.218750,6765.170898,-0.445156,-0.862091,0.242148,0.100000,0.020000,1,0.561762
18.260517,25.501028,0.470386,11.100408,-5.563646,0.046732,-1.881853,-5.303962,-0.481904,-0.524116,-0.532840,0.664367,0.100000,0.020000,1,0.177825
18.119947,25.685307,-0.229743,12.938804,-4.082707,-0.022830,-0.282651,-7.418166,0.235263,-0.425557,-0.844755,-0.324486,0.100000,0.020000,1,0.162230
18.110680,25.677275,0.254562,12.854640,-3.990370,0.025377,-0.166788,-7.316568,-0.260205,-0.409412,-0.838518,0.359542,0.100000,0.020000,1,0.369867
18.267511,25.436516,0.381858,22.631426,-50.642067,34.611710,1108.922974,-3755.840576,2400.445068,-0.449648,-0.762250,0.465608,0.100000,0.020000,1,0.126114
18.070625,25.769962,0.010029,-10.513892,-55.508183,-2.718438,-1488.312866,-3113.906250,-131.573227,-0.374689,-0.927150,0.000639,0.100000,0.020000,1,0.834931
18.388542,25.633488,-0.280769,47.350594,1.981459,20.775160,3249.484375,499.758850,1736.116333,-0.418328,-0.730952,-0.539177,0.100000,0.020000,1,0.400389
18.210901,25.025160,-0.888551,41.080795,8.800638,-58.561718,1587.109375,-722.922668,-5210.937988,-0.532075,-0.408157,-0.741825,0.100000,0.020000,1,0.055088
18.187725,25.582302,-0.450100,11.019298,-0.986558,-0.079003,-53.850250,393.740906,-2.972395,-0.455052,-0.623969,-0.635287,0.100000,0.020000,1,0.888544
17.943775,25.471066,0.360935,24.187569,7.967945,42.081890,242.319824,-342.468719,3775.072998,-0.350913,-0.927141,0.131411,0.100000,0.020000,1,0.101918
18.027414,25.798782,-0.077563,27.015167,-49.627266,7.224036,773.384521,-2621.565186,413.974335,-0.350758,-0.931616,-0.095184,0.100000,0.020000,1,0.206120
18.123808,25.584198,0.436695,29.276617,19.466846,-54.979206,1048.264038,1427.594727,-3307.680420,-0.401457,-0.724085,0.560833,0.100000,0.020000,1,0.766017
18.088675,25.650749,-0.313996,12.155322,-3.683636,-0.835963,-28.370007,-16.672190,-60.985909,-0.369051,-0.818691,-0.439939,0.100000,0.020000,1,0.969320
20.862707,22.619020,0.030605,806.411682,154.564896,-11.257111,-22025.855469,-112545.500000,-1666.170776,-0.334598,-0.913707,0.230616,0.100000,0.020000,1,0.777030
18.052143,25.544258,0.309443,8.069837,5.978592,6.270428,-368.567749,177.993484,299.630035,-0.344259,-0.813494,0.468736,0.100000,0.020000,1,0.630543
18.183481,25.525824,0.474321,11.332478,-4.772342,0.047125,-0.990183,-5.575602,-0.485815,-0.433676,-0.602598,0.669926,0.100000,0.020000,1,0.914604
18.013870,25.690306,-0.230409,13.145844,-3.058715,0.306291,4.672400,-10.688612,9.854346,-0.289638,-0.901467,-0.321662,0.100000,0.020000,1,0.605631
18.008589,25.713573,-0.141365,13.195538,-2.938739,-0.014616,1.073569,-7.788155,0.156834,-0.291161,-0.935603,-0.199678,0.100000,0.020000,1,0.236798
17.995989,25.681511,0.250604,11.982643,-4.328045,3.059535,-51.657944,-98.200058,182.107254,-0.257882,-0.897782,0.357050,0.100000,0.020000,1,0.403004
18.149641,26.137152,0.103400,-6.735698,150.403427,143.844925,-1415.589111,12656.416992,11707.352539,-0.456880,-0.492438,-0.740787,0.100000,0.020000,1,0.409835
18.159441,25.603048,-0.521736,-24.181440,-33.168789,45.587292,-2042.998657,-1659.612793,2604.793213,-0.347810,-0.681768,-0.643600,0.100000,0.020000,1,0.862604
18.016897,25.611656,-0.386220,8.911352,-3.639613,0.144211,-334.047852,-34.788643,9.169662,-0.295180,-0.785059,-0.544565,0.100000,0.020000,1,0.473478
17.934542,25.724287,0.004485,13.229716,-3.592041,0.714825,1.120451,-81.873039,29.719894,-0.196128,-0.980511,0.011519,0.100000,0.020000,1,0.817846
17.929388,25.708591,-0.147865,11.701327,-3.841552,-0.387763,-66.927742,-95.626640,-18.606901,-0.175548,-0.961712,-0.210458,0.100000,0.020000,1,0.354835
18.038700,25.634903,0.378935,9.742518,-52.962498,13.930677,-128.027054,-3047.747314,829.736084,-0.274658,-0.788012,0.550999,0.100000,0.020000,1,0.499048
17.977726,25.657227,-0.301173,12.618937,-2.632016,-0.023037,4.450177,-9.528051,4.309343,-0.222550,-0.876644,-0.426576,0.100000,0.020000,1,0.963008
18.271767,25.407766,0.545037,10.154450,-5.703076,0.054149,-1.986716,-4.215579,-0.558441,-0.494466,-0.403614,0.769804,0.100000,0.020000,1,0.191067
17.916664,25.714504,-0.071205,-4.012200,-7.196965,8.219500,-1053.696289,-334.170959,514.049866,-0.159885,-0.982180,-0.098784,0.100000,0.020000,1,0.024862
17.905260,25.709530,0.096077,11.946056,-4.144731,-0.253694,-71.202187,-148.345367,-16.515005,-0.151556,-0.979099,0.135631,0.100000,0.020000,1,0.474750
17.905802,25.693727,0.175160,12.981422,-1.923773,0.025870,2.479161,-7.906270,-0.029785,-0.145343,-0.957918,0.247524,0.100000,0.020000,1,0.876556
17.901529,25.675196,-0.231641,12.686963,-1.822341,0.085038,-0.931663,-6.199440,3.907231,-0.129947,-0.936360,-0.326104,0.100000,0.020000,1,0.880740
17.949745,25.640593,0.329934,12.438689,-2.365228,0.031054,1.666607,-6.925761,-0.344079,-0.178173,-0.866681,0.465960,0.100000,0.020000,1,0.268405
17.901192,25.664955,0.258017,12.673330,-1.851920,0.041622,2.389117,-7.313690,-0.837916,-0.125343,-0.922550,0.364954,0.100000,0.020000,1,0.268021
18.030016,25.571800,-0.444012,11.756090,-3.194740,-0.043370,0.882111,-6.205431,0.427991,-0.251785,-0.737129,-0.627092,0.100000,0.020000,1,0.086827
17.838303,25.699594,0.001056,12.984407,-1.242476,-0.006743,1.894360,-9.224707,-0.346045,-0.058216,-0.998303,0.001462,0.100000,0.020000,1,0.321881
17.946564,25.611296,-0.379033,12.128553,-2.362818,-0.075006,1.553515,-7.154917,-0.441149,-0.159714,-0.829065,-0.535857,0.100000,0.020000,1,0.294392
18.140675,25.345568,0.705956,134.976257,-6.684636,-278.593567,8042.020508,-988.128113,-16656.884766,-0.304801,-0.664607,0.682198,0.100000,0.020000,1,0.407648
17.886156,25.653002,-0.288513,13.072824,-0.449527,9.000731,-49.922485,57.406380,69.781921,-0.103731,-0.901683,-0.419770,0.100000,0.020000,1,0.801644
17.461306,24.755203,-0.860741,-150.173203,-248.035187,-377.604767,-3426.233887,-7967.928711,-12640.926758,-0.160467,-0.802067,0.575272,0.100000,0.020000,1,0.473875
17.817867,25.680187,-0.136712,9.048374,-3.493561,-2.773208,-218.187225,-155.166473,-164.990189,-0.016262,-0.980440,-0.196146,0.100000,0.020000,1,0.450269
17.822613,25.686811,0.089282,7.171790,-2.332530,-0.823318,-269.606873,-82.202530,-39.417587,-0.002694,-0.992570,0.121646,0.100000,0.020000,1,0.960635
17.820066,25.670197,0.176905,12.703721,-1.033159,0.017184,3.169638,-7.263511,-0.172638,-0.020107,-0.968077,0.249847,0.100000,0.020000,1,0.607065
17.804916,25.684994,-0.072704,12.655951,-1.064594,-1.165746,-6.066194,-16.771206,-61.752747,-0.005964,-0.994295,-0.106498,0.100000,0.020000,1,0.621626
17.823490,25.782143,0.042982,2.998509,34.308300,-64.006050,-752.790710,2906.798584,-5213.344238,-0.057632,-0.887887,0.456437,0.100000,0.020000,1,0.715413
18.294600,24.974844,-0.608107,161.521774,-175.492935,-111.018829,11421.355469,-13874.835938,-8663.790039,-0.003344,-0.954371,-0.298604,0.100000,0.020000,1,0.776908
17.999886,25.544949,0.473693,11.377130,-2.893369,0.071933,-1.506137,-5.880187,0.178016,-0.197831,-0.716129,0.669345,0.100000,0.020000,1,0.386023
18.137051,25.469681,-0.538322,10.748191,-4.314880,-0.053481,-0.451557,-4.943765,0.551563,-0.345175,-0.550243,-0.760320,0.100000,0.020000,1,0.229748
17.855812,25.541910,-0.801165,9.111792,-15.058897,-87.083679,-172.456024,-1110.172241,-7326.065430,-0.031719,-0.858157,-0.512407,0.100000,0.020000,1,0.709481
18.147514,25.458668,0.547958,10.775335,-4.489523,0.201672,19.396795,-23.136763,26.882320,-0.351017,-0.535968,0.767806,0.100000,0.020000,1,0.364597
18.077854,25.490894,-0.527063,10.870606,-3.707633,-0.002445,-8.314535,-4.327131,6.074396,-0.277832,-0.606180,-0.745222,0.100000,0.020000,1,0.231392
17.716614,25.644770,0.090490,12.363191,-0.100579,-0.017333,1.883758,-12.487210,-1.250302,0.129835,-0.983286,0.127638,0.100000,0.020000,1,0.840293
17.714619,25.646725,-0.057936,12.406198,0.075998,0.110847,3.135769,-6.588090,3.006714,0.131215,-0.988093,-0.080340,0.100000,0.020000,1,0.288105
17.714952,25.649578,0.022937,12.462076,0.041060,-0.005784,4.282793,-6.773871,-0.288511,0.129351,-0.991072,0.032314,0.100000,0.020000,1,0.338172
17.900925,25.530283,0.460602,25.231041,5.670969,1.370705,765.276367,429.930176,73.350685,-0.101090,-0.749834,0.653858,0.100000,0.020000,1,0.857503
18.403578,25.776981,-0.308387,-1169.812866,-548.809631,-380.326538,-72549.507812,-33590.375000,-23419.152344,-0.098974,-0.767828,-0.632965,0.100000,0.020000,1,0.099196
17.774128,25.624521,0.254071,12.389132,-0.624341,0.605319,7.512040,-10.103868,18.698235,0.060605,-0.929110,0.364804,0.100000,0.020000,1,0.016089
18.271095,25.863316,0.486269,-181.272598,-131.080536,-42.787693,-10400.875000,-7001.873047,-2309.436523,-0.008704,-0.832760,0.553566,0.100000,0.020000,1,0.567591
17.678431,25.580624,0.314588,-10.054173,-6.461410,140.190308,-1793.885376,-484.209564,11408.472656,0.070509,-0.904772,-0.420020,0.100000,0.020000,1,0.855042
17.451300,25.963167,-0.005977,-58.465710,92.676598,45.638592,-5540.648438,7222.802734,3436.379150,0.144971,-0.969850,-0.195893,0.100000,0.020000,1,0.742796
18.702118,24.257481,-2.879569,381.614471,-171.853455,-705.642395,27463.039062,-16508.955078,-55660.347656,0.150429,-0.939311,-0.308329,0.100000,0.020000,1,0.556849
17.769451,25.592131,0.319310,11.898549,-0.549796,0.038819,3.866514,-6.719556,-0.081711,0.084422,-0.888493,0.451058,0.100000,0.020000,1,0.577637
17.693682,25.617725,0.159609,12.135702,0.238712,0.015857,4.602242,-6.679653,-0.163552,0.172802,-0.958812,0.225431,0.100000,0.020000,1,0.949588
17.811577,25.503925,-0.376107,17.221827,0.308150,-0.908855,486.752106,-221.290039,-106.639694,0.081318,-0.854132,-0.513660,0.100000,0.020000,1,0.453321
17.706511,25.594187,0.248405,11.899734,0.101898,0.024728,4.469433,-6.397122,-0.256456,0.167019,-0.921418,0.350846,0.100000,0.020000,1,0.617164
17.998516,25.498003,-0.521073,10.999033,-2.896855,-0.051770,1.122186,-5.270295,0.533697,-0.174754,-0.654085,-0.735957,0.100000,0.020000,1,0.182395
17.838358,25.531805,-0.445817,11.343286,-1.198549,-0.043982,9.652345,-9.846835,-6.213712,0.022548,-0.778363,-0.627409,0.100000,0.020000,1,0.473825
17.667925,25.542589,-0.316309,187.436325,128.148300,97.168343,10964.041016,7972.577637,6059.070801,0.187473,-0.887516,-0.420915,0.100000,0.020000,1,0.043292
17.622486,25.584661,0.098226,11.778747,0.955761,0.009292,5.476695,-6.326790,-0.083923,0.283188,-0.948980,0.138717,0.100000,0.020000,1,0.996215
17.746838,24.992615,-0.423916,37.314445,-177.806702,-118.018379,-1965.741211,-7930.019531,1095.601562,0.285396,-0.952684,-0.104605,0.100000,0.020000,1,0.238452
17.567389,25.631479,-0.008699,32.886726,-18.444036,4.259360,1130.459351,-1056.091431,228.406967,0.289296,-0.957239,0.001381,0.100000,0.020000,1,0.930824
17.650173,25.587254,0.346685,45.156929,-20.507805,-9.483868,1927.683594,-1163.158936,-495.269897,0.197421,-0.868893,0.453928,0.100000,0.020000,1,0.095512
17.945898,25.430489,0.481855,-45.640930,41.371052,-7.136908,-3143.226807,2351.137695,-407.914764,0.027016,-0.746339,0.665017,0.100000,0.020000,1,0.697514
17.569456,25.617453,0.162584,6.514311,10.339724,-1.376164,-451.427277,847.687439,-129.323395,0.322717,-0.914622,0.243556,0.100000,0.020000,1,0.810417
17.722914,25.545042,0.464636,1.189734,-67.323296,-147.258453,-755.841736,-4157.434570,-9040.423828,0.137123,-0.810691,0.569190,0.100000,0.020000,1,0.058294
17.603783,25.532864,-0.215027,10.986382,1.455667,0.484580,-8.766234,-1.212174,18.670860,0.332405,-0.894436,-0.299152,0.100000,0.020000,1,0.346878
18.702959,25.490559,0.431357,-1598.992798,-56.268341,289.920441,-98927.835938,-3244.779785,17813.687500,-0.245483,-0.585968,0.772256,0.100000,0.020000,1,0.096017
17.579477,25.464319,0.235767,12.131126,3.898525,1.048908,-21.368074,-61.934837,16.366364,0.342418,-0.872232,0.349230,0.100000,0.020000,1,0.389489
19.753357,26.307360,-1.470284,638.996094,242.230713,-335.033783,19033.115234,7324.391602,-10152.366211,0.243005,-0.821075,-0.516511,0.100000,0.020000,1,0.670549
17.584244,24.854815,0.163306,77.065094,33.740170,41.739189,4173.740723,-817.694580,3955.855957,0.361410,-0.907156,-0.215524,0.100000,0.020000,1,0.049485
17.679142,25.493731,0.376081,19.334753,0.201486,21.147121,527.852844,-19.172308,1294.169312,0.247449,-0.801794,0.543962,0.100000,0.020000,1,0.629502
17.768097,25.489868,-0.455596,10.854193,-0.553340,-0.045261,3.768595,-5.201437,0.466868,0.135113,-0.753445,-0.643479,0.100000,0.020000,1,0.602922
17.526539,25.478678,-0.012694,7.697963,6.067045,7.245883,-217.420486,116.631401,371.687836,0.440486,-0.897692,0.011009,0.100000,0.020000,1,0.570536
17.556690,25.413313,-0.076666,-29.821611,19.287596,-12.231762,-2468.292725,689.844299,-798.657776,0.438443,-0.893276,-0.099126,0.100000,0.020000,1,0.431979
17.904533,25.479984,-0.521508,10.790388,-1.944675,-0.051814,2.207443,-5.062982,0.534279,-0.041338,-0.675094,-0.736573,0.100000,0.020000,1,0.107293
17.534763,25.489384,0.096318,9.207747,3.631708,-0.813169,-92.441116,36.473713,-36.686481,0.440804,-0.888013,0.130861,0.100000,0.020000,1,0.453999
17.528875,25.491552,-0.137732,10.948412,1.965410,-0.322956,14.702255,-1.257462,-15.246257,0.451652,-0.870416,-0.195926,0.100000,0.020000,1,0.975080
17.603285,25.496300,-0.295643,10.433664,-0.139524,-1.393078,-20.194265,-57.037029,-54.339634,0.353354,-0.831752,-0.428169,0.100000,0.020000,1,0.770585
16.886120,25.249310,-1.012968,-83.200661,94.186272,-333.010162,-8935.359375,4885.050293,-26565.244141,0.352078,-0.824634,0.442742,0.100000,0.020000,1,0.339576
17.507305,25.449055,0.137992,10.830525,3.951123,5.378409,-33.678856,6.224619,265.561340,0.471479,-0.854123,0.219501,0.100000,0.020000,1,0.724729
17.941637,25.598375,0.611235,-1.528953,33.546738,18.143270,-953.468628,2833.623535,1413.153076,-0.143099,-0.620055,0.771398,0.100000,0.020000,1,0.004220
17.615183,25.450115,-0.369730,10.370214,1.043182,-0.008721,3.894878,-3.953505,1.205638,0.357276,-0.774590,-0.521885,0.100000,0.020000,1,0.097075
17.521534,25.444139,-0.232126,10.315696,1.953419,-0.013461,7.786954,-5.339446,-1.122131,0.484836,-0.811099,-0.327188,0.100000,0.020000,1,0.882035
17.519871,25.437624,0.226613,10.398011,2.199936,-0.632365,3.347908,0.284935,-103.267593,0.485067,-0.805301,0.340881,0.100000,0.020000,1,0.610595
17.456890,25.424360,0.020764,10.103027,2.244605,0.052073,7.832684,-22.817383,2.594932,0.580110,-0.814004,0.029510,0.100000,0.020000,1,0.519277
17.458174,25.417160,0.085603,10.027829,1.957625,-0.352833,9.996064,-39.563118,-19.600754,0.582622,-0.803866,0.119793,0.100000,0.020000,1,0.456010
17.456179,25.416046,-0.075435,10.048470,2.625052,-0.013952,7.138489,-4.220701,0.028593,0.583845,-0.804828,-0.106665,0.100000,0.020000,1,0.427880
17.606812,25.418106,0.393598,10.070808,1.020790,-0.029874,2.619388,-11.286051,-11.092064,0.382567,-0.736357,0.558051,0.100000,0.020000,1,0.302710
17.690355,25.430773,-0.459821,10.231542,0.222255,-0.045683,4.656806,-4.531424,0.471026,0.266600,-0.712141,-0.649446,0.100000,0.020000,1,0.528595
17.530529,25.413332,-0.300378,9.998739,1.735249,0.138003,6.427042,-7.294482,4.851080,0.487656,-0.764154,-0.422209,0.100000,0.020000,1,0.062816
17.461601,25.402514,-0.149280,9.881767,2.542954,-0.014829,7.281428,-4.235682,0.152897,0.583887,-0.783978,-0.210842,0.100000,0.020000,1,0.392117
17.787775,25.622555,0.599882,-12.078570,-101.378349,-59.015202,-1252.368530,-5628.528809,-3265.181641,0.182544,-0.699797,0.690625,0.100000,0.020000,1,0.002376
17.020664,25.584204,-0.050916,-111.137199,61.061989,50.136204,-9506.610352,4518.297852,3839.278076,0.577778,-0.759296,-0.299404,0.100000,0.020000,1,0.420354
18.313620,24.807878,0.063049,231.874344,-108.352257,-63.105873,17282.615234,-9414.682617,-5075.943848,0.491821,-0.740787,0.457544,0.100000,0.020000,1,0.742530
17.086485,24.918415,0.008296,62.194778,0.210505,73.936134,1796.340088,-2102.895508,4048.752930,0.606234,-0.764179,0.220253,0.100000,0.020000,1,0.256517
17.877634,25.466011,-0.546887,19.724674,4.136415,-3.680182,753.770813,412.501038,-309.940460,0.062177,-0.664302,-0.744874,0.100000,0.020000,1,0.010875
17.670507,25.381327,0.537107,11.545483,2.169716,-23.617985,19.729107,-7.056943,-1238.697998,0.276695,-0.686693,0.672230,0.100000,0.020000,1,0.940928
17.454378,25.306282,0.240326,4.959809,8.790486,-6.124179,-342.604767,132.543137,-362.801178,0.590195,-0.736359,0.330825,0.100000,0.020000,1,0.456820
17.537315,25.366329,0.381328,12.066888,-1.801150,0.277417,128.503510,-175.402618,-1.050359,0.491758,-0.679956,0.543907,0.100000,0.020000,1,0.037826
17.396944,25.321344,-0.011086,9.020902,3.222983,-0.598459,3.252216,-0.186132,-116.978317,0.707376,-0.706751,0.011092,0.100000,0.020000,1,0.759135
17.405649,25.325031,0.091756,9.140265,3.216780,0.341892,21.855200,13.294903,61.579636,0.699042,-0.705630,0.115874,0.100000,0.020000,1,0.564558
17.410839,25.318991,-0.134192,9.017067,3.037145,-0.011145,7.869226,-3.271852,0.149771,0.691244,-0.697335,-0.189489,0.100000,0.020000,1,0.077040
17.401539,25.320751,-0.067840,9.041356,3.139976,-0.010151,9.874893,-4.356892,-2.134166,0.703088,-0.704709,-0.095145,0.100000,0.020000,1,0.990128
18.476570,25.315153,-0.770082,292.953888,-8.886562,-121.174568,8597.832031,-325.755859,-3672.060303,0.508071,-0.680285,-0.528277,0.100000,0.020000,1,0.181474
17.914249,25.451468,0.547605,10.502511,-2.051452,0.054408,2.086895,-4.741105,-0.560995,-0.040606,-0.632578,0.773431,0.100000,0.020000,1,0.580864
17.485098,25.336941,-0.299770,-4.128932,-5.604241,-1.278091,-772.943726,-454.937561,-89.644539,0.607405,-0.674516,-0.419627,0.100000,0.020000,1,0.333459
17.401625,25.313787,0.168199,10.749826,0.598026,-0.956740,91.454720,-110.712997,-42.843220,0.699745,-0.675937,0.231228,0.100000,0.020000,1,0.581500
17.776075,25.383715,-0.546827,11.485662,-0.447339,-1.278452,131.204803,-84.975563,-150.499756,0.175593,-0.640708,-0.747436,0.100000,0.020000,1,0.225675
17.478222,25.308102,0.320352,9.074926,2.190607,-0.078166,16.506527,-19.026588,-12.165687,0.606561,-0.652584,0.454113,0.100000,0.020000,1,0.473799
17.095093,24.794254,0.264956,17.277639,33.831203,94.387054,-4224.829102,-6684.725098,4485.381836,0.698777,-0.649001,-0.300847,0.100000,0.020000,1,0.300051
17.590265,25.327765,0.616620,19.534687,-3.166116,-43.856018,474.150360,-337.413116,-2191.559082,0.384302,-0.630015,0.674828,0.100000,0.020000,1,0.658177
17.420689,25.274761,0.233431,8.506502,2.892597,-0.010290,5.144220,-4.360207,-1.724860,0.699782,-0.633834,0.329484,0.100000,0.020000,1,0.671241
17.844349,25.427792,0.545250,10.238688,-1.348537,0.051534,1.156855,-4.126903,-1.917620,0.063085,-0.634301,0.770508,0.100000,0.020000,1,0.691289
17.498270,25.289562,-0.367059,8.479069,2.365981,0.076969,-4.684535,2.919075,4.590203,0.590292,-0.619529,-0.517435,0.100000,0.020000,1,0.262906
17.819115,25.416656,0.560635,-7.546748,-7.424746,-9.119131,-908.343384,-357.070831,-478.629395,0.171674,-0.629575,0.757735,0.100000,0.020000,1,0.183827
17.367315,25.216339,0.096336,8.033781,3.454683,0.012423,20.062984,-8.513648,0.529984,0.799994,-0.584413,0.135912,0.100000,0.020000,1,0.575243
17.626034,25.337431,-0.471538,8.445186,1.480484,-0.073815,-24.439987,12.943936,-0.408613,0.402259,-0.627913,-0.666268,0.100000,0.020000,1,0.015505
17.590412,25.310831,-0.446268,6.345054,1.043690,-2.705383,-115.672302,-14.071505,-129.960358,0.471285,-0.603719,-0.642973,0.100000,0.020000,1,0.114234
17.360405,25.213520,-0.063652,7.928854,3.519953,-0.006316,8.472389,-2.046349,0.065056,0.808676,-0.581345,-0.089901,0.100000,0.020000,1,0.130575
17.357061,25.212877,0.009103,7.941205,3.538668,0.046121,8.970096,-2.320079,0.977723,0.813206,-0.581820,0.013487,0.100000,0.020000,1,0.923276
17.434845,25.228148,-0.306092,8.105700,2.759580,-0.032130,7.668918,-2.301175,0.295506,0.702706,-0.565047,-0.432351,0.100000,0.020000,1,0.869466
17.491806,25.244532,0.384408,8.722458,2.959170,-0.841017,-16.420580,-4.365844,-103.622276,0.599434,-0.572848,0.559038,0.100000,0.020000,1,0.569987
17.726284,25.363510,-0.533638,9.577535,-0.209498,-0.055330,5.081844,-12.782238,0.480064,0.250502,-0.607567,-0.753731,0.100000,0.020000,1,0.607240
17.309689,25.183500,0.166375,-205.768799,-255.046005,150.642395,-13698.732422,-16303.263672,9544.060547,0.815835,-0.533711,0.222633,0.100000,0.020000,1,0.285886
17.405708,25.207338,-0.171184,-20.650167,-11.160186,15.423475,-1617.044434,-833.450867,895.855713,0.812866,-0.541259,-0.215146,0.100000,0.020000,1,0.481243
17.389938,25.031803,-0.474907,166.621399,-58.762531,-51.305454,8818.521484,-4986.910156,-3081.573486,0.357063,-0.592020,-0.722508,0.100000,0.020000,1,0.187400
17.553871,25.298409,0.483101,6.385702,2.347412,0.270332,-269.851776,138.935333,38.614166,0.477809,-0.563563,0.673866,0.100000,0.020000,1,0.950299
17.445848,25.201021,0.218643,-35.356827,-17.006203,11.597515,-2456.266113,-1151.614502,657.389160,0.792203,-0.511096,0.333458,0.100000,0.020000,1,0.946047
17.359009,25.172470,-0.227544,54.313644,-20.339382,-39.085365,2877.915527,-1447.636108,-2493.885986,0.806402,-0.502502,-0.311782,0.100000,0.020000,1,0.723229
18.271809,24.114876,-0.940949,310.171478,-117.648079,-153.001434,4357.699707,-15120.312500,-5408.199219,0.675200,-0.508853,-0.534017,0.100000,0.020000,1,0.655871
17.511108,25.219990,-0.425884,5.003549,-1.152002,2.877375,-239.428543,-238.985001,228.709991,0.585155,-0.526976,-0.616353,0.100000,0.020000,1,0.521450
17.471424,25.199535,0.383961,7.818303,2.388727,0.038147,7.180728,-1.899322,-0.393359,0.667880,-0.509749,0.542302,0.100000,0.020000,1,0.757518
17.418165,25.155935,-0.247058,-35.790413,-16.988806,100.464027,-2362.659912,-1147.333618,5571.355957,0.881459,-0.463886,-0.088542,0.100000,0.020000,1,0.839174
17.726513,25.359854,0.538511,9.530115,-0.057946,0.068933,15.901524,17.303688,1.652373,0.256976,-0.596742,0.760172,0.100000,0.020000,1,0.315911
17.387310,25.155514,-0.354867,14.342147,-6.610963,38.960922,406.098175,-537.927917,2162.994629,0.791873,-0.461117,-0.400385,0.100000,0.020000,1,0.058046
17.369719,25.077065,0.055055,-12.398778,14.777328,-27.275345,-1052.835693,611.473206,-1511.487671,0.898428,-0.439070,0.006721,0.100000,0.020000,1,0.905054
17.338919,25.101902,0.081437,6.780746,3.693151,0.008512,4.576048,1.640421,-0.597751,0.889560,-0.442054,0.115204,0.100000,0.020000,1,0.255115
17.350569,25.087919,-0.153185,6.647267,3.578110,-0.007623,8.545306,-0.788153,0.221453,0.881796,-0.419148,-0.216217,0.100000,0.020000,1,0.085397
17.369593,25.057213,0.168262,-7.844635,13.928629,-8.149781,-842.906860,506.034576,-499.664764,0.875360,-0.424030,0.232258,0.100000,0.020000,1,0.060788
17.428696,25.083298,0.531828,-17.566881,19.213251,-109.248642,-1606.253052,686.831177,-6106.020508,0.729559,-0.483849,0.483357,0.100000,0.020000,1,0.009692
17.419819,25.121069,0.328303,7.002625,2.940384,0.052774,15.488209,10.844470,6.967254,0.777056,-0.427851,0.461657,0.100000,0.020000,1,0.988863
17.608494,25.247929,-0.511439,8.007596,1.470315,0.066011,-13.199954,9.322909,7.428366,0.462475,-0.514351,-0.722192,0.100000,0.020000,1,0.409320
17.533514,25.203171,0.460260,19.297295,-0.839499,15.616133,709.110107,-158.767319,956.404663,0.578114,-0.481397,0.658818,0.100000,0.020000,1,0.309962
17.372887,25.061901,0.228817,6.418330,3.423730,-0.091394,20.057003,9.282718,-20.115370,0.868118,-0.373020,0.327456,0.100000,0.020000,1,0.483595
17.355156,25.062218,-0.219314,8.867626,1.940217,-1.136144,114.940323,-62.113651,-45.753590,0.874132,-0.367132,-0.317976,0.100000,0.020000,1,0.992578
17.681496,25.321081,0.527028,9.037292,1.169589,-0.672153,15.304550,114.979172,-98.231331,0.339763,-0.551427,0.761899,0.100000,0.020000,1,0.094787
17.330997,25.000824,0.012364,5.745946,3.749410,0.001217,8.881446,0.495455,-0.012722,0.949688,-0.312710,0.017463,0.100000,0.020000,1,0.882439
17.435917,25.085550,-0.365802,6.648185,2.719064,-0.036034,7.613296,-0.593253,0.367926,0.769535,-0.375357,-0.516646,0.100000,0.020000,1,0.168381
17.456701,25.079666,0.392195,7.786149,1.913806,1.027429,119.622696,-63.556988,96.441925,0.755144,-0.368319,0.542308,0.100000,0.020000,1,0.511631
17.392368,25.036114,-0.301313,6.555284,2.882987,1.431892,26.266155,-10.224604,61.521336,0.848659,-0.327838,-0.415092,0.100000,0.020000,1,0.699203
17.333738,24.985567,-0.056401,5.590615,3.717165,-0.005562,8.846661,0.684036,0.056658,0.953360,-0.291134,-0.079659,0.100000,0.020000,1,0.780939
17.338564,24.985836,0.097572,5.549170,3.651499,-0.021466,7.456245,-0.387947,-1.026257,0.947321,-0.289288,0.137459,0.100000,0.020000,1,0.425586
17.351000,24.971291,-0.148738,5.504285,3.547753,-0.049781,21.089258,-6.470868,8.606981,0.939684,-0.267089,-0.213674,0.100000,0.020000,1,0.845566
17.511509,25.134192,-0.457989,7.112148,2.003912,-0.043174,5.645127,-0.546241,0.490311,0.646474,-0.404599,-0.646817,0.100000,0.020000,1,0.431812
17.354942,24.962286,0.177122,5.294246,3.832619,0.334303,11.133835,53.063690,49.327015,0.940462,-0.240482,0.240206,0.100000,0.020000,1,0.178124
17.765823,25.196423,0.561200,-322.915863,83.716232,-70.423866,-20299.792969,5084.496094,-4333.645020,0.450605,-0.478566,0.753611,0.100000,0.020000,1,0.864156
17.354504,24.997496,0.402716,1.934308,9.205688,6.890844,-463.420227,374.557159,763.523315,0.845120,-0.277441,0.456944,0.100000,0.020000,1,0.205588
17.611410,25.195274,-0.475621,-37.159679,17.035997,-38.266674,-2668.000000,1058.925903,-2264.822998,0.540703,-0.432691,-0.721401,0.100000,0.020000,1,0.237831
17.459408,25.078800,0.268872,-15.054537,-31.969938,146.824188,-1655.057251,-2300.637939,8398.746094,0.637072,-0.377121,0.672249,0.100000,0.020000,1,0.646976
17.373585,24.959785,-0.205809,3.973770,-0.451764,-3.579212,-51.719780,-180.942734,-169.101852,0.924779,-0.221560,-0.309346,0.100000,0.020000,1,0.135846
17.373116,24.944723,0.229912,5.196018,3.319967,0.013342,8.309256,1.006706,-0.599850,0.920282,-0.218371,0.324646,0.100000,0.020000,1,0.700241
17.345722,24.890015,-0.054898,3.314872,5.001305,0.952470,-70.014557,89.089470,59.230946,0.984141,-0.159756,-0.077102,0.100000,0.020000,1,0.874264
17.344099,24.884832,0.002065,4.549516,3.562969,0.000800,9.181782,1.624399,4.420327,0.988358,-0.152142,0.001438,0.100000,0.020000,1,0.912821
17.397415,24.929823,-0.286660,5.056088,3.071302,-0.032149,7.977805,1.208278,0.345980,0.895005,-0.186989,-0.404971,0.100000,0.020000,1,0.875359
17.351498,24.873316,0.084731,4.437958,3.486149,0.008303,8.675677,1.982317,-0.083145,0.983834,-0.133229,0.119669,0.100000,0.020000,1,0.264693
17.496731,25.040384,-0.455663,6.198439,2.069949,-0.003204,6.840466,-0.372006,1.121203,0.710530,-0.286057,-0.642899,0.100000,0.020000,1,0.174498
17.366253,24.866917,0.159884,4.387866,3.351194,0.015561,8.489895,2.054878,-0.167820,0.967000,-0.117982,0.225813,0.100000,0.020000,1,0.077324
17.445522,24.979101,-0.384581,5.567157,2.592787,-0.038211,7.504745,0.617163,0.393862,0.807668,-0.229414,-0.543177,0.100000,0.020000,1,0.110613
18.303532,24.096561,0.244279,260.261047,15.887155,-15.919812,-4820.401367,-31011.445312,-576.354858,0.801409,-0.227565,0.553135,0.100000,0.020000,1,0.751974
17.825802,24.862541,0.526246,-237.344299,145.826477,-10.918421,-14507.868164,7806.980957,-711.952271,0.508753,-0.423310,0.749652,0.100000,0.020000,1,0.607291
16.962610,25.305677,0.192883,-107.748947,97.553955,-34.650181,-9006.805664,7556.615723,-2740.618164,0.871149,-0.175233,0.458686,0.100000,0.020000,1,0.674390
17.450775,24.801020,-0.186004,-51.793045,35.818470,28.330727,-3167.111084,1798.992920,1593.561401,0.974116,-0.111622,-0.196564,0.100000,0.020000,1,0.894243
17.558817,25.106672,-0.514027,-4.763963,-0.760045,13.752869,-710.642517,-141.486511,852.083557,0.602492,-0.345764,-0.719340,0.100000,0.020000,1,0.759145
17.387062,24.840050,-0.208314,5.317821,8.078528,-7.255806,79.480301,298.083374,-429.442230,0.949730,-0.077445,-0.303340,0.100000,0.020000,1,0.236044
17.566776,25.068357,0.453140,-12.659754,-8.916817,9.539968,-967.416687,-550.562866,500.165924,0.687286,-0.272566,0.673309,0.100000,0.020000,1,0.289156
17.485247,24.962748,-0.437959,5.411440,2.184082,-0.043515,7.047268,0.818249,0.448520,0.762735,-0.188703,-0.618568,0.100000,0.020000,1,0.668885
17.375492,24.775978,0.016247,3.412586,3.161088,0.001497,8.711120,3.622806,-0.018896,0.999700,0.008606,0.022945,0.100000,0.020000,1,0.662783
17.448328,24.899828,-0.372115,4.760895,2.542788,-0.036962,7.470420,1.523617,0.381065,0.841840,-0.122806,-0.525571,0.100000,0.020000,1,0.672498
17.418318,24.847418,-0.294628,4.218319,2.831796,-0.031654,7.821303,2.105964,0.278113,0.906776,-0.067517,-0.416172,0.100000,0.020000,1,0.697224
17.319025,24.804413,-0.076538,-7.161148,13.565372,-76.295471,-1047.678467,584.678101,-6158.588867,0.937484,-0.044901,0.345120,0.100000,0.020000,1,0.099601
17.457933,24.882793,0.449582,0.399862,5.694510,-20.677532,-295.648346,104.639000,-1088.975342,0.818144,-0.126475,0.560932,0.100000,0.020000,1,0.857121
17.389914,24.770290,-0.130452,3.379838,3.043193,-0.012621,8.365659,3.300744,0.118668,0.982627,0.022399,-0.184236,0.100000,0.020000,1,0.642794
17.515366,24.916182,0.510435,-10.071192,12.929081,-33.027714,-912.908508,525.096741,-1869.388672,0.743027,-0.171099,0.647021,0.100000,0.020000,1,0.479152
17.401861,24.756796,0.160159,3.253449,2.930109,0.015466,8.235565,3.432427,-0.148543,0.973005,0.045802,0.226192,0.100000,0.020000,1,0.117320
17.426132,24.760303,0.242618,3.334500,2.731268,0.024104,7.738926,3.134275,-0.248580,0.938022,0.051866,0.342671,0.100000,0.020000,1,0.990889
17.417498,24.752935,-0.209607,3.240435,2.799856,-0.020386,7.861135,3.153177,0.208299,0.953427,0.057786,-0.296035,0.100000,0.020000,1,0.690908
17.468039,24.785780,0.219330,9.253537,1.218786,-17.961590,439.148560,-205.096680,-1592.024536,0.885830,-0.011967,0.463856,0.100000,0.020000,1,0.349027
17.456398,24.811573,-0.630714,-7.070172,-40.845287,284.470032,-733.929077,-2763.802002,16859.621094,0.854495,-0.009655,-0.519369,0.100000,0.020000,1,0.571299
21.117252,27.376272,1.583337,1018.215454,884.196106,491.689667,52740.187500,14072.273438,25867.804688,0.989128,0.097444,-0.110133,0.100000,0.020000,1,0.108069
17.523304,24.849705,-0.499470,-88.113396,101.115822,209.899918,-5754.100098,6139.884766,13002.847656,0.780710,-0.068273,-0.621153,0.100000,0.020000,1,0.458810
17.593111,25.019056,-0.553018,9.950681,0.218318,-3.649633,394.893219,-135.846207,-367.280487,0.633187,-0.247023,-0.733522,0.100000,0.020000,1,0.133187
17.524080,24.623030,-0.036820,20.357100,-7.745697,-26.975498,1546.725586,-881.978149,-2237.769531,0.978346,0.162172,0.128608,0.100000,0.020000,1,0.471981
17.448858,24.629663,0.044586,-127.072647,75.634064,-188.256683,-8063.678223,4428.903809,-11471.166992,0.982831,0.168106,-0.076052,0.100000,0.020000,1,0.709582
17.438879,24.720978,-0.032086,2.713670,10.089803,-3.880568,69.752159,740.564209,-380.605865,0.981574,0.191084,0.000531,0.100000,0.020000,1,0.172662
17.427195,24.742445,-0.296215,16.155596,-4.993947,-6.207827,689.637451,-406.654999,-410.824402,0.904879,0.109898,-0.411237,0.100000,0.020000,1,0.947783
17.587406,25.090187,0.541042,6.736392,1.178386,0.053792,5.860091,-0.640115,-0.554257,0.566143,-0.309092,0.764162,0.100000,0.020000,1,0.148205
17.496891,24.796200,0.397243,3.718964,2.020376,0.039467,6.925797,2.714548,-0.406882,0.826900,0.038027,0.561062,0.100000,0.020000,1,0.565424
17.389795,24.699087,-0.127922,62.414371,-25.943350,101.474030,3571.053711,-1619.812134,6434.749512,0.961777,0.196847,-0.190359,0.100000,0.020000,1,0.283636
17.090584,24.933422,0.287478,-64.103783,51.124226,43.261688,-5571.892578,4060.712158,3542.635010,0.981715,0.137743,0.131389,0.100000,0.020000,1,0.160566
17.475182,24.721636,0.308139,2.954261,2.221180,0.030200,7.145257,3.501331,-0.464993,0.891356,0.126645,0.435253,0.100000,0.020000,1,0.042374
18.417562,24.067892,-1.013215,263.446198,-148.078415,-296.235687,20508.466797,-11938.094727,-23639.380859,0.948372,0.209180,0.238400,0.100000,0.020000,1,0.248519
17.569468,25.018198,0.530225,5.998696,1.341500,0.052677,6.074323,0.176922,-0.543440,0.624385,-0.222073,0.748884,0.100000,0.020000,1,0.385570
17.531681,24.873274,0.471997,4.513050,1.686980,0.046885,6.521588,1.830152,-0.483518,0.743850,-0.047691,0.666643,0.100000,0.020000,1,0.978867
17.479286,24.665491,-0.211302,2.461616,3.334793,-0.297410,48.979568,147.878754,-29.847263,0.929242,0.223528,-0.294184,0.100000,0.020000,1,0.414597
17.472614,24.663113,0.233431,3.619909,1.468144,1.205013,75.411514,-34.549965,62.039452,0.919629,0.206943,0.333852,0.100000,0.020000,1,0.969126
17.510839,24.731249,-0.364571,2.972846,1.885586,-0.017710,27.362604,16.287853,-7.262391,0.848670,0.132934,-0.511945,0.100000,0.020000,1,0.240709
17.584343,24.578856,-0.639018,-647.713318,394.280884,460.291718,-41120.386719,23264.011719,28556.525391,0.667514,-0.130113,-0.733141,0.100000,0.020000,1,0.315366
17.479204,24.594107,0.009737,-2.154463,3.597406,0.423363,-94.878708,68.373878,12.811614,0.946503,0.322482,0.011769,0.100000,0.020000,1,0.547461
17.480566,24.594585,-0.085486,-0.828352,2.711096,-2.814887,-171.537277,109.191002,-256.772430,0.942308,0.321325,-0.093843,0.100000,0.020000,1,0.963738
17.491526,24.588709,0.158059,1.482897,1.401124,8.193950,11.668507,4.515715,842.341309,0.939713,0.322701,0.113155,0.100000,0.020000,1,0.878188
17.518305,24.651085,-0.282869,4.225546,1.518231,0.071642,184.133224,-32.177074,30.049366,0.883603,0.230742,-0.407437,0.100000,0.020000,1,0.933799
17.519339,24.655441,0.314486,2.292101,1.753926,0.031244,6.679248,4.331526,-0.322201,0.864387,0.235676,0.444176,0.100000,0.020000,1,0.828146
17.464117,24.606253,-0.071871,-4.945393,5.185213,9.299104,-572.270874,346.888763,868.772949,0.920936,0.336599,-0.196411,0.100000,0.020000,1,0.886509
15.980495,25.603745,-0.415353,-284.324554,170.914566,9.638304,-24689.669922,14091.426758,744.939697,0.772340,0.066758,-0.631692,0.100000,0.020000,1,0.819484
17.538549,24.709528,0.393613,2.847937,1.573094,0.039104,6.457447,3.720848,-0.403318,0.813017,0.173035,0.555934,0.100000,0.020000,1,0.677584
20.989649,28.161602,-0.947519,956.415466,995.267273,-312.917603,74785.445312,77763.218750,-24360.318359,0.906454,0.361082,0.218999,0.100000,0.020000,1,0.939760
17.561529,24.800142,0.474719,3.776495,1.363309,0.047176,6.185725,2.675437,-0.486527,0.739181,0.063695,0.670488,0.100000,0.020000,1,0.822523
17.381739,24.693714,-0.635211,-37.896595,40.715191,-193.847778,-176.335815,646.876831,-1965.216797,0.882058,0.364497,-0.298523,0.100000,0.020000,1,0.369425
17.569008,24.643427,-0.363295,1.101717,1.171014,-0.066799,-33.493439,-0.749573,-0.792938,0.813461,0.273363,-0.513375,0.100000,0.020000,1,0.362814
17.305002,24.888819,-0.463918,-188.909103,31.486649,-156.409744,-13235.590820,2597.896729,-9942.541992,0.757471,0.169339,-0.630525,0.100000,0.020000,1,0.485687
18.875664,33.573971,-3.987296,345.798309,2257.603760,-1083.265381,27130.359375,179760.718750,-86624.632812,0.796730,0.281239,0.534907,0.100000,0.020000,1,0.537693
17.542871,24.567511,0.289849,6.883894,-1.831845,-15.612405,258.001923,-135.225464,-824.367737,0.848896,0.392222,0.354314,0.100000,0.020000,1,0.805559
17.782135,24.397593,1.278306,80.209763,-44.030998,368.570007,-1210.536133,230.167725,11266.688477,0.879096,0.476193,0.020731,0.100000,0.020000,1,0.561091
17.622190,24.569267,-0.230442,10.518221,1.494885,9.372504,789.102295,31.634951,808.512390,0.835981,0.377704,-0.398091,0.100000,0.020000,1,0.323469
17.581703,24.866117,-0.522377,4.332475,1.237146,-0.129223,-11.702556,18.783598,-13.796235,0.678423,-0.009407,-0.734611,0.100000,0.020000,1,0.204159
17.678209,24.457592,-0.083657,-115.987648,67.174377,153.659424,-7010.624512,3995.125244,9615.370117,0.863055,0.497634,-0.086586,0.100000,0.020000,1,0.660972
17.701839,24.620819,0.803865,23.052111,-8.823812,53.309525,1753.398193,-1018.070068,4826.648926,0.744778,0.188192,0.640226,0.100000,0.020000,1,0.464264
17.601360,24.558411,0.309038,1.071096,0.874063,0.124781,-4.220621,4.152311,3.399696,0.803850,0.403305,0.437231,0.100000,0.020000,1,0.104009
17.623919,24.490076,0.218348,-48.620495,28.417105,-12.976076,-3011.598145,1747.113525,-628.994385,0.833753,0.495430,0.243729,0.100000,0.020000,1,0.161516
17.630659,24.485046,0.082880,3.714332,-1.896260,0.315055,312.305359,-241.656784,28.498198,0.851146,0.512330,0.114320,0.100000,0.020000,1,0.220580
17.590233,24.941324,0.542218,5.221622,1.109225,0.053842,5.845834,1.057836,-0.555432,0.633564,-0.110062,0.765822,0.100000,0.020000,1,0.626001
17.624216,24.492538,-0.215183,0.464961,0.447857,-0.017215,5.584550,5.556815,0.066518,0.807820,0.505118,-0.303781,0.100000,0.020000,1,0.984541
17.618847,24.491865,-0.149991,0.048659,0.084279,0.000000,-12.104118,-22.562634,-0.491870,0.829572,0.516732,-0.211657,0.100000,0.020000,1,0.320903
17.596859,24.798357,-0.511812,4.121256,0.390420,0.884803,19.879017,-18.137194,41.431141,0.691587,0.089286,-0.716753,0.100000,0.020000,1,0.684820
17.710114,24.486610,0.245807,-49.015594,9.200720,-3.701818,-2754.048096,477.209717,-207.199707,0.805752,0.486581,0.337643,0.100000,0.020000,1,0.679323
17.597715,24.885422,0.537350,4.654422,1.017797,0.053376,5.754951,1.688602,-0.550911,0.650354,-0.032250,0.758947,0.100000,0.020000,1,0.998678
18.087736,24.299753,-0.963220,54.632263,-29.619438,-68.933296,5235.677246,-3018.881836,-6819.354980,0.746302,0.408749,-0.525316,0.100000,0.020000,1,0.912332
17.631310,24.654032,-0.439219,2.520474,-2.518435,-0.337905,22.686529,-159.766144,-3.774644,0.719779,0.301755,-0.625190,0.100000,0.020000,1,0.684682
17.684269,24.454096,0.003262,-2.769764,2.288806,10.651925,-251.258789,-17.385790,672.950562,0.788594,0.614670,0.017353,0.100000,0.020000,1,0.593566
17.681839,24.455496,-0.058000,0.284034,0.491962,0.000000,-72.530144,-112.703979,-0.191622,0.784619,0.614552,-0.081846,0.100000,0.020000,1,0.712412
17.663496,24.488514,-0.288059,0.411152,0.648203,-0.503658,-17.081984,14.596725,-22.756588,0.748982,0.521141,-0.409191,0.100000,0.020000,1,0.417913
17.665913,24.513140,0.323877,0.475589,-0.026607,-0.561294,-11.677673,-5.311994,-24.897760,0.741006,0.495600,0.453090,0.100000,0.020000,1,0.426628
17.664864,24.586481,0.403230,-5.975422,-1.289206,-3.820173,-388.964966,-85.341888,-202.250916,0.732547,0.393572,0.555406,0.100000,0.020000,1,0.279468
17.680502,24.456268,0.155954,0.115822,0.330673,-0.020138,-83.941971,-45.987965,-18.237844,0.764992,0.604097,0.223281,0.100000,0.020000,1,0.391076
17.695961,24.447340,0.096380,0.273219,0.473229,0.000000,-69.321884,-108.463524,0.294215,0.766148,0.628110,0.135997,0.100000,0.020000,1,0.911545
17.622047,24.791391,0.523435,3.830564,0.858732,-0.089028,8.568326,-0.364533,-22.693974,0.660735,0.101204,0.743765,0.100000,0.020000,1,0.413877
17.868135,24.347937,-0.096252,-419.306030,242.260117,-298.961395,-25804.775391,14856.295898,-18374.722656,0.732633,0.608540,-0.304841,0.100000,0.020000,1,0.497428
17.669613,24.646835,0.460646,1.545448,0.664061,2.240349,5.285225,-9.936289,88.758568,0.680719,0.302340,0.667242,0.100000,0.020000,1,0.405806
17.708967,24.441673,0.241752,0.165766,-0.233676,0.024685,4.748731,6.827056,-0.396910,0.714875,0.610182,0.341513,0.100000,0.020000,1,0.542207
17.646309,24.727282,-0.512592,3.352138,0.481355,0.075338,19.428209,5.027361,7.303056,0.660105,0.201736,-0.723578,0.100000,0.020000,1,0.857723
17.726194,24.429888,-0.138535,0.255926,0.443277,0.000000,-62.324512,-102.600334,-0.487255,0.726860,0.658372,-0.195502,0.100000,0.020000,1,0.211587
17.507463,24.556171,-0.412306,269.779724,-149.657394,-41.699390,14929.573242,-12079.791016,-2844.127441,0.682145,0.507979,-0.525961,0.100000,0.020000,1,0.483634
17.847317,24.359957,0.149249,-76.763130,45.129707,-27.720043,-4625.936035,2480.162354,-1487.551392,0.696383,0.708034,0.117212,0.100000,0.020000,1,0.290617
17.764446,24.505117,-0.073275,-99.974815,-202.863785,92.201088,-6193.691406,-12227.178711,5746.524414,0.697906,0.711865,-0.078589,0.100000,0.020000,1,0.991244
17.693546,24.448736,0.336407,183.326431,-104.939804,-655.181152,11110.882812,-6625.010742,-40045.996094,0.678642,0.734307,0.015464,0.100000,0.020000,1,0.685395
17.693119,24.599674,0.453160,1.770744,-0.031848,0.045140,4.709020,5.050726,-0.468080,0.660307,0.392863,0.640041,0.100000,0.020000,1,0.411771
17.896431,24.443224,0.571081,-356.071106,69.057373,-601.584961,-21793.937500,4054.642334,-37217.640625,0.662340,0.508184,0.550504,0.100000,0.020000,1,0.945397
17.699894,24.588024,-0.451784,2.300023,-0.450749,0.202541,23.613482,-6.612781,7.955801,0.650431,0.416250,-0.635354,0.100000,0.020000,1,0.078875
17.791111,24.392408,-0.129641,0.302747,0.524373,0.000000,-69.972649,-121.968674,-0.523247,0.653755,0.734251,-0.182975,0.100000,0.020000,1,0.410249
17.755239,24.437708,-0.285966,-0.260199,-0.763266,0.020036,-18.815613,3.356662,3.904433,0.656012,0.637469,-0.404082,0.100000,0.020000,1,0.668431
17.725267,24.464382,0.357316,12.026431,-6.875222,-12.721707,600.049744,-344.797546,-668.848267,0.641068,0.615455,0.458527,0.100000,0.020000,1,0.016772
17.661659,24.737179,0.528414,3.162501,0.327001,0.052491,5.042040,3.406943,-0.541505,0.636320,0.195177,0.746326,0.100000,0.020000,1,0.626658
17.714153,24.457691,-0.292866,71.971138,-40.415737,-165.312469,4260.927734,-2546.596436,-10139.966797,0.612573,0.601882,-0.512341,0.100000,0.020000,1,0.945446
17.859428,24.352964,-0.225738,-57.531895,33.481575,-13.794157,-3471.099365,1942.779785,-877.993347,0.608423,0.727606,-0.316879,0.100000,0.020000,1,0.658985
17.807505,24.382942,0.064405,19.003071,-6.737223,401.871399,168.461395,-2208.560059,24906.943359,0.604976,0.724847,0.329546,0.100000,0.020000,1,0.811246
18.292963,24.440054,0.237489,67.019188,8.571861,10.846416,6289.554199,920.519653,989.767151,0.616003,0.752838,0.231893,0.100000,0.020000,1,0.026179
17.951189,24.299986,-0.076385,-40.530579,24.112997,4.886210,-2294.596191,1197.041382,267.159485,0.573746,0.813813,-0.092322,0.100000,0.020000,1,0.997057
17.861916,24.351528,0.005948,0.531980,0.522780,-0.219173,-48.354786,-162.062286,-46.275681,0.574403,0.818541,0.007177,0.100000,0.020000,1,0.852640
17.937351,24.314564,0.401502,12.515912,-7.137443,7.779462,1226.035400,-762.984253,891.789429,0.560668,0.707102,0.430882,0.100000,0.020000,1,0.607884
16.954342,24.875515,-0.513017,1626.320312,-917.804382,137.475113,94956.390625,-66204.585938,8482.585938,0.582897,0.517062,-0.626801,0.100000,0.020000,1,0.159701
17.694445,24.686598,-0.521280,2.656514,-0.020123,-0.051790,4.672311,3.995147,0.533906,0.616963,0.278017,-0.736250,0.100000,0.020000,1,0.357228
17.890028,24.335299,0.081191,19.031076,-9.967323,-14.113231,1112.334229,-970.543030,-963.735535,0.545277,0.828430,0.127973,0.100000,0.020000,1,0.167077
17.776760,24.547903,0.458311,1.266798,-0.895604,0.045529,3.742633,5.589375,-0.469472,0.573966,0.501547,0.647313,0.100000,0.020000,1,0.380928
17.889143,24.352173,0.170402,10.587697,-6.837914,-22.219433,735.259094,-286.311249,-1408.891479,0.525348,0.815627,0.242408,0.100000,0.020000,1,0.959192
17.889326,24.342094,-0.140140,-0.815210,-2.115623,-0.015806,2.241325,7.644525,0.114007,0.523217,0.828888,-0.197962,0.100000,0.020000,1,0.636392
17.835064,24.468201,0.412059,0.719422,-1.524961,0.422273,53.739025,-22.523901,86.194946,0.544233,0.623874,0.560885,0.100000,0.020000,1,0.025909
17.851154,24.416479,-0.295102,-0.124154,-1.603687,-0.009049,18.641069,50.793633,17.562035,0.547083,0.722811,-0.422191,0.100000,0.020000,1,0.089118
17.902967,24.359978,-0.225822,-6.804811,0.211317,1.810144,-351.757812,141.279587,104.472908,0.506876,0.802368,-0.315091,0.100000,0.020000,1,0.778139
17.673019,24.703373,-0.524716,66.296288,-68.220795,14.257837,3759.743652,-3912.218018,819.632812,0.581240,0.392692,-0.712708,0.100000,0.020000,1,0.924569
17.884401,24.415014,-0.316291,1.332492,-1.955944,1.937292,148.464111,-83.559944,311.254059,0.507423,0.694783,-0.509704,0.100000,0.020000,1,0.565218
17.924864,24.381861,0.244889,-6.026330,-9.593880,-5.570338,-282.327698,-370.753815,-292.426605,0.484692,0.811940,0.325310,0.100000,0.020000,1,0.101640
18.024700,24.575516,-0.469880,-122.535057,-43.746872,14.192857,-6994.713379,-2368.039062,784.203369,0.516138,0.585831,-0.624823,0.100000,0.020000,1,0.273900
18.119318,24.275845,0.184681,-829.342224,241.034180,-490.389343,-51632.964844,15211.383789,-30568.843750,0.434391,0.891217,0.130527,0.100000,0.020000,1,0.572096
18.032215,24.253206,-0.228396,-54.448811,31.844925,191.728165,-3201.018555,1751.762573,11476.032227,0.432732,0.895605,-0.103130,0.100000,0.020000,1,0.524567
17.913038,24.351463,0.508626,-52.893837,31.479565,-174.333908,-3244.884277,1698.223755,-10536.452148,0.474036,0.680012,0.559351,0.100000,0.020000,1,0.128046
17.878069,24.342203,0.273942,88.826622,-48.114967,-357.982849,4514.838867,-4117.184082,-21694.076172,0.419656,0.907428,0.021514,0.100000,0.020000,1,0.391955
18.741884,23.843477,-0.538222,367.666321,-195.066040,-71.240417,11989.445312,-10916.281250,-2199.841553,0.437362,0.804962,-0.400937,0.100000,0.020000,1,0.520373
17.962482,24.332455,0.375477,-12.299881,6.552686,-63.009941,-654.510498,358.271362,-3668.205078,0.435934,0.793237,0.425132,0.100000,0.020000,1,0.570689
17.993017,24.333693,0.171128,-0.858248,-3.164061,0.021126,-0.092924,6.480384,0.851306,0.388750,0.889146,0.241441,0.100000,0.020000,1,0.945018
17.995785,24.368309,-0.160664,9.671336,-58.528179,42.824234,659.176636,-3311.848877,2629.185791,0.385262,0.900520,-0.201588,0.100000,0.020000,1,0.398266
17.866962,24.514532,0.466340,0.973226,-1.792623,0.039550,2.811009,5.648299,0.147520,0.469578,0.588337,0.658297,0.100000,0.020000,1,0.825088
18.020411,24.399025,-0.288304,4.200836,-45.724564,57.942406,289.249939,-2437.550049,3367.290283,0.339787,0.888425,-0.308619,0.100000,0.020000,1,0.441505
17.935633,24.540476,-0.378259,-8.716736,22.831400,-11.162359,-674.934937,2144.098145,-758.427307,0.385110,0.765710,-0.515148,0.100000,0.020000,1,0.831084
18.033817,24.351692,0.235127,-0.663352,-3.563515,0.023741,0.801373,7.853780,-0.240547,0.326450,0.884953,0.332098,0.100000,0.020000,1,0.220855
17.923313,24.479496,-0.442924,0.609741,-2.406778,-0.043505,2.054155,6.394279,0.442055,0.412061,0.662474,-0.625567,0.100000,0.020000,1,0.415201
18.002754,24.284048,-0.042643,58.113228,-34.938705,54.569061,3407.552490,-2061.129639,3227.727051,0.282422,0.959202,0.012992,0.100000,0.020000,1,0.913942
17.721636,24.693510,0.542457,2.734121,-0.295413,0.053892,4.352079,3.908877,-0.555845,0.577550,0.281841,0.766160,0.100000,0.020000,1,0.282472
17.936321,24.493122,0.459360,0.757886,-2.289179,0.226805,15.482049,47.235462,32.397633,0.394195,0.658032,0.641564,0.100000,0.020000,1,0.744147
17.823074,24.593750,-0.522772,1.746079,-1.354744,-0.051936,3.210941,5.074465,0.535625,0.490545,0.462811,-0.738357,0.100000,0.020000,1,0.545643
18.098730,24.319120,0.084661,-0.975431,-4.235875,0.007562,0.074815,8.259496,-0.043044,0.255800,0.959310,0.119542,0.100000,0.020000,1,0.930958
18.068256,24.375093,-0.058079,90.016457,-144.116959,-43.632587,5603.759277,-8581.589844,-2684.429199,0.252112,0.961941,-0.105400,0.100000,0.020000,1,0.310183
18.038227,24.380997,0.305827,-0.361788,-3.602889,0.030382,0.757010,7.523208,-0.312633,0.306555,0.848202,0.431946,0.100000,0.020000,1,0.634288
18.046696,24.374762,-0.292707,-0.425716,-3.683089,-0.026674,0.820887,7.463388,0.225209,0.298357,0.860310,-0.413340,0.100000,0.020000,1,0.544066
18.086147,24.330101,0.154196,-0.867241,-4.104356,0.015319,0.208349,8.095662,-0.157960,0.267257,0.938692,0.217785,0.100000,0.020000,1,0.453930
17.971165,24.410681,0.394131,-5.471499,-8.314994,4.274006,-441.113617,-387.197052,308.250702,0.344760,0.765898,0.542716,0.100000,0.020000,1,0.665241
18.080868,24.322643,-0.123765,23.185196,6.238839,-24.275370,1480.058105,649.668152,-1491.651489,0.263226,0.946198,-0.188207,0.100000,0.020000,1,0.964322
17.823711,24.600163,0.528263,1.814260,-1.358407,0.050791,3.163828,4.998939,-0.493415,0.486559,0.454592,0.746061,0.100000,0.020000,1,0.874838
17.879864,24.548191,-0.503691,1.297528,-1.945347,-0.050043,2.561229,5.586006,0.516055,0.436915,0.550459,-0.711407,0.100000,0.020000,1,0.314612
17.778578,24.642849,0.539921,2.233813,-0.888553,0.053642,3.706035,4.504583,-0.553160,0.526159,0.376340,0.762578,0.100000,0.020000,1,0.533468
18.236855,24.361141,-0.169167,-302.873749,-38.892628,-99.056816,-18571.794922,-2111.251221,-6086.231934,0.218652,0.930262,-0.294624,0.100000,0.020000,1,0.627212
18.117874,24.360649,0.246867,-0.547562,-4.419048,0.024526,-0.144466,7.754994,-0.252961,0.210522,0.913295,0.348673,0.100000,0.020000,1,0.255938
18.063936,24.416670,-0.370359,0.008342,-3.855069,-0.036696,0.464032,7.110215,0.379663,0.255359,0.813124,-0.523089,0.100000,0.020000,1,0.587867
17.997780,24.469538,-0.445874,0.687195,-3.280264,0.392806,7.323515,2.699423,16.661139,0.316879,0.712622,-0.625906,0.100000,0.020000,1,0.672977
18.340450,24.380241,0.033140,-261.716583,-89.037910,-143.305099,-15776.883789,-5073.547363,-8666.822266,0.149770,0.985394,-0.081045,0.100000,0.020000,1,0.174227
18.075302,24.422922,0.379818,0.084361,-3.994396,0.018499,1.003724,3.476399,-2.988011,0.237179,0.809609,0.536917,0.100000,0.020000,1,0.042277
18.256889,24.212759,0.103902,16.371979,-8.260373,14.987121,1337.127930,-670.005371,1373.308838,0.120805,0.992674,0.002325,0.100000,0.020000,1,0.590610
17.811913,24.425430,1.224305,-36.562679,34.755806,187.280502,-3179.170898,2165.379395,15005.418945,0.294392,0.698837,0.651890,0.100000,0.020000,1,0.317433
18.142620,24.235481,0.204763,-28.414057,19.163603,-43.462276,-1982.347168,1069.740356,-2585.747803,0.110401,0.965579,0.235521,0.100000,0.020000,1,0.486448
18.129089,24.423410,0.482426,-2.090982,3.225065,43.722691,-147.785065,636.770142,3473.923096,0.171531,0.881836,0.439251,0.100000,0.020000,1,0.301843
18.147280,24.387123,-0.293151,-0.192835,-4.670902,0.147041,16.047789,12.988358,31.442057,0.162800,0.892427,-0.420798,0.100000,0.020000,1,0.669672
18.206230,24.342613,0.081704,-1.677571,-4.591349,-1.339808,-76.813385,77.763870,-93.400124,0.098633,0.988082,0.118175,0.100000,0.020000,1,0.450752
17.905663,24.566191,0.526333,1.720127,-2.668099,-0.135398,14.772707,-11.769932,-6.783495,0.394127,0.542999,0.741496,0.100000,0.020000,1,0.773777
18.241941,24.207756,-0.238499,-73.009476,41.793987,17.844854,-4446.213379,2316.775879,1035.324219,0.085379,0.948342,-0.305545,0.100000,0.020000,1,0.609707
18.192244,24.344511,-0.222218,-4.688362,-6.057021,-13.593266,-360.949799,-47.524239,-1208.034790,0.084432,0.977119,-0.195219,0.100000,0.020000,1,0.460990
18.217272,24.374355,0.242165,-0.355583,-5.577144,0.089078,-2.130778,-14.124063,18.054064,0.070392,0.938783,0.337241,0.100000,0.020000,1,0.342752
17.970098,24.529741,-0.506485,1.133949,-2.868987,-0.050315,1.519524,5.804294,0.519089,0.325911,0.618103,-0.715354,0.100000,0.020000,1,0.633794
18.096418,24.463791,-0.434812,0.496772,-4.172795,-0.043200,0.087489,6.574409,0.445443,0.189698,0.766073,-0.614123,0.100000,0.020000,1,0.759345
18.164951,24.428589,-0.369015,0.156899,-4.879899,-0.036648,-0.688799,6.984255,0.378092,0.115522,0.845584,-0.521192,0.100000,0.020000,1,0.145583
18.669361,25.087666,-0.897961,103.824722,175.790146,-253.882080,8192.015625,14549.524414,-19791.755859,-0.009189,0.999947,0.004726,0.100000,0.020000,1,0.458191
18.214140,24.297220,-0.190273,-2.286262,2.804163,-22.251755,-415.776062,313.717346,-1938.143799,-0.012545,0.996020,-0.088242,0.100000,0.020000,1,0.171335
18.207745,24.428812,0.351317,9.940750,-7.073874,-6.950988,446.454193,-62.984173,-333.195862,0.104519,0.839566,0.533109,0.100000,0.020000,1,0.370290
18.234798,24.403429,-0.290226,-0.186462,-5.519526,-0.066372,-4.787144,9.334573,-0.798967,0.035719,0.911232,-0.410341,0.100000,0.020000,1,0.885771
17.963041,24.557224,0.527160,1.118627,-1.192239,0.943235,-9.478309,132.669418,64.820038,0.326242,0.586329,0.741475,0.100000,0.020000,1,0.551815
18.117832,24.531305,0.497461,-2.096823,-23.076624,-16.148380,-144.050659,-972.834534,-846.592712,0.162580,0.748312,0.643114,0.100000,0.020000,1,0.715901
18.307718,24.390829,0.166566,-0.087223,-7.491673,-1.328283,4.219412,-37.423576,-53.232143,-0.054204,0.972961,0.224518,0.100000,0.020000,1,0.259744
18.317495,24.383469,0.096905,6.635252,-10.995979,-3.071414,412.304352,-253.321472,-188.874878,-0.070478,0.988343,0.134943,0.100000,0.020000,1,0.415012
18.316828,24.401009,-0.204003,-0.082323,-6.432810,-0.019141,-2.409615,7.321555,0.258486,-0.072977,0.954808,-0.288124,0.100000,0.020000,1,0.342397
18.334846,24.393185,-0.145566,-0.158702,-6.626649,-0.022334,-2.713240,7.853120,0.644938,-0.093104,0.974128,-0.205930,0.100000,0.020000,1,0.108171
18.317570,24.420078,0.237671,-2.492336,-8.292509,4.865882,-138.822845,-93.184006,260.274475,-0.072891,0.933568,0.350911,0.100000,0.020000,1,0.801159
18.245436,24.446411,-0.360825,0.359685,-5.694483,-0.035754,-1.623761,6.787731,0.369982,0.000129,0.860398,-0.509623,0.100000,0.020000,1,0.412855
18.313007,24.436863,-0.294476,0.279230,-6.387791,-0.030196,-2.423438,6.844627,0.281626,-0.085005,0.905416,-0.415928,0.100000,0.020000,1,0.805313
18.385767,24.409340,0.094017,0.020566,-7.133123,0.009340,-3.211297,7.220581,-0.096305,-0.168498,0.976717,0.132788,0.100000,0.020000,1,0.061874
18.389744,24.404419,0.006580,-0.028387,-7.175111,0.000654,-3.262120,7.268075,-0.006740,-0.171429,0.985153,0.009293,0.100000,0.020000,1,0.343793
18.037636,24.536219,-0.517269,1.218089,-3.554808,-0.051389,0.752120,5.737179,0.530126,0.233130,0.641791,-0.730585,0.100000,0.020000,1,0.654472
18.190998,24.490700,-0.445481,0.796004,-5.128394,-0.044256,-1.006707,6.271466,0.456485,0.051239,0.775559,-0.629193,0.100000,0.020000,1,0.921334
18.343193,24.500250,0.323071,-7.677234,-29.622040,-7.378350,-438.380737,-1238.954712,-399.605072,-0.107312,0.894888,0.433198,0.100000,0.020000,1,0.464319
18.305954,24.491068,0.361218,8.569817,-2.507081,-4.724590,706.417603,299.726593,-424.195587,-0.026465,0.833561,0.551794,0.100000,0.020000,1,0.537082
18.781858,24.481348,-1.563265,145.491913,109.034439,-400.146576,7237.142090,1451.367188,-15392.628906,-0.191273,0.959527,-0.206698,0.100000,0.020000,1,0.618204
18.364996,24.551004,-0.008240,111.141792,-636.544373,-265.082642,6833.010254,-39146.558594,-16542.861328,-0.199198,0.977046,-0.075504,0.100000,0.020000,1,0.509900
18.110155,24.684256,0.716854,-138.628387,-307.952759,-421.116028,-8533.611328,-18624.675781,-25783.742188,0.227560,0.630983,0.741672,0.100000,0.020000,1,0.490446
18.404539,24.436890,0.168309,0.305911,-7.316772,0.016721,-3.444045,6.908506,-0.172511,-0.206600,0.949108,0.237718,0.100000,0.020000,1,0.725921
18.189693,24.508816,0.466481,0.977310,-5.108527,0.048443,-0.844127,6.144935,-0.720859,0.044416,0.750849,0.658979,0.100000,0.020000,1,0.051843
18.276806,24.450813,0.348287,0.413219,-6.012732,0.034601,-1.980628,6.727076,-0.356931,-0.043635,0.869548,0.491917,0.100000,0.020000,1,0.001449
18.263214,24.560160,-0.417421,-11.957013,7.070644,-10.448905,-1097.470703,1178.818237,-894.484497,-0.134618,0.850015,-0.509267,0.100000,0.020000,1,0.623630
18.599026,24.535217,-0.666517,-152.617630,-65.983330,375.166656,-8922.154297,-3398.016602,21837.107422,-0.239450,0.917459,-0.317699,0.100000,0.020000,1,0.443192
18.768387,24.281609,0.089720,82.256470,-54.787338,85.192284,6620.182617,-3850.087646,6931.963379,-0.242796,0.884676,-0.397994,0.100000,0.020000,1,0.742643
24.241619,20.668203,15.372755,1844.790405,-711.451172,4353.181641,23672.351562,-85009.570312,140985.078125,-0.330342,0.943579,0.023071,0.100000,0.020000,1,0.647856
18.623644,24.467152,-0.090622,-318.513824,14.303221,112.888649,-19587.765625,1390.500000,6997.615723,-0.335754,0.938144,-0.084584,0.100000,0.020000,1,0.189906
18.480375,24.495291,-0.124171,72.416000,-16.693686,-66.294518,4464.987305,-520.930786,-4114.982910,-0.348300,0.916115,-0.198546,0.100000,0.020000,1,0.903206
18.339272,24.513563,0.393865,1.070165,-6.632274,0.038639,-2.695306,6.024061,-0.406045,-0.156607,0.816105,0.556280,0.100000,0.020000,1,0.001676
18.130861,24.535891,-0.508752,1.240061,-4.503954,-0.050548,-0.310249,5.753422,0.521089,0.109489,0.686797,-0.718556,0.100000,0.020000,1,0.133456
18.275272,24.521540,-0.444332,1.132951,-5.978091,-0.044142,-1.961900,5.923949,0.455345,-0.075415,0.774899,-0.627570,0.100000,0.020000,1,0.410898
18.504528,24.505674,0.084109,1.055282,-7.645453,-0.077106,33.954521,120.410561,-15.981681,-0.355574,0.926607,0.122338,0.100000,0.020000,1,0.226121
18.486702,24.479074,0.161086,-0.894840,-4.478893,0.092965,-94.219109,186.624008,8.295870,-0.334425,0.914849,0.226301,0.100000,0.020000,1,0.749165
18.434017,24.482782,0.242146,0.768073,-7.601082,0.049158,-4.147024,1.592922,0.459103,-0.267856,0.900602,0.342300,0.100000,0.020000,1,0.234532
18.421970,24.513123,0.313737,1.095293,-7.464743,0.026218,-3.703689,5.985618,-0.108077,-0.266426,0.856049,0.442941,0.100000,0.020000,1,0.678959
18.455107,24.529291,-0.329115,60.902706,-60.978363,284.404510,3673.466553,-3246.739990,17479.101562,-0.339666,0.889879,-0.304537,0.100000,0.020000,1,0.184452
18.138016,24.546043,0.536158,-50.621933,4.782381,-2.893551,-3192.943359,541.266418,-157.762100,0.120145,0.653251,0.747549,0.100000,0.020000,1,0.255399
18.486092,24.528151,0.235695,1.264368,-7.728778,-0.644746,3.138413,44.119564,-62.540409,-0.355371,0.870820,0.339683,0.100000,0.020000,1,0.860555
17.769053,24.405142,-0.392560,-38.169109,54.381790,22.952038,-5191.610840,-3397.644287,1021.902405,0.005221,0.702621,-0.711546,0.100000,0.020000,1,0.396745
18.413473,24.540205,-0.362470,1.360288,-7.379868,-0.036015,-3.550884,5.724107,0.371251,-0.267858,0.816186,-0.511949,0.100000,0.020000,1,0.414013
18.338982,24.547361,-0.434005,1.412920,-6.619596,-0.043120,-2.696611,5.633477,0.444523,-0.172359,0.771066,-0.612983,0.100000,0.020000,1,0.997549
18.278854,24.544987,0.467353,1.376310,-6.014761,0.046244,-1.969429,5.617319,-0.480446,-0.091422,0.745611,0.660080,0.100000,0.020000,1,0.033205
18.567558,24.551987,-0.059613,2.081169,-8.452737,0.348622,28.898771,35.882088,23.169538,-0.478512,0.874012,-0.084442,0.100000,0.020000,1,0.846658
18.563980,24.549702,0.020404,-0.431892,-8.942280,-0.538569,-150.614624,2.538866,-42.224598,-0.479990,0.876707,0.031545,0.100000,0.020000,1,0.641844
18.492098,24.561663,-0.288721,1.461549,-8.808718,-0.090120,-9.775099,-19.232655,-3.571751,-0.380434,0.830047,-0.407789,0.100000,0.020000,1,0.936676
18.486082,24.523746,0.207069,-9.212595,-12.248018,14.679229,-964.102112,-349.870392,1152.907593,-0.460677,0.860988,0.215586,0.100000,0.020000,1,0.204060
18.486973,24.569590,0.313558,1.679319,-8.120330,0.031149,-4.383656,5.387250,-0.321425,-0.379509,0.812307,0.442865,0.100000,0.020000,1,0.934190
18.334787,24.565647,0.455831,1.597901,-6.572057,0.045285,-2.647758,5.423371,-0.467059,-0.175530,0.744780,0.643811,0.100000,0.020000,1,0.695605
18.620148,24.045662,-0.257463,97.742661,-29.157465,-181.099686,6869.127930,-3524.089111,-14086.000000,-0.297833,0.792156,0.532713,0.100000,0.020000,1,0.445978
18.543972,24.635963,0.049420,-0.384928,-0.684432,-3.034837,-272.676849,826.694580,-312.077850,-0.497145,0.860623,0.110340,0.100000,0.020000,1,0.154674
18.611292,24.577192,-0.141096,-47.447750,-40.778202,8.076900,-2913.585449,-1954.352173,476.545807,-0.481694,0.856000,-0.187709,0.100000,0.020000,1,0.199377
18.264942,24.557367,-0.423706,6.122775,-12.109330,26.913361,-19.148956,-61.147079,621.592285,-0.076054,0.699584,-0.710492,0.100000,0.020000,1,0.796091
18.554104,24.584818,-0.203190,2.460721,-8.995072,-0.276281,16.149359,-0.154220,-8.691319,-0.481050,0.827538,-0.289435,0.100000,0.020000,1,0.687151
18.182575,24.568874,0.526760,1.589924,-5.021590,0.052339,-0.903883,5.373163,-0.539517,0.025049,0.667722,0.743989,0.100000,0.020000,1,0.547579
18.484013,24.608644,-0.366835,2.076012,-8.079546,-0.036488,-4.365418,4.946107,0.376186,-0.394250,0.759029,-0.518114,0.100000,0.020000,1,0.731689
18.418898,24.613611,-0.435564,1.834802,-7.756326,-0.437435,-13.788606,-9.067403,-15.047156,-0.307352,0.723309,-0.618352,0.100000,0.020000,1,0.647522
18.606022,24.609417,0.086822,-6.502710,-18.092413,-3.807106,-288.446503,-267.370300,-118.316376,-0.613151,0.779896,0.125727,0.100000,0.020000,1,0.595557
18.656210,24.733656,-0.049369,-8.312151,-59.986805,17.479511,-620.334290,-2814.202393,1119.532715,-0.619627,0.781297,-0.075076,0.100000,0.020000,1,0.496982
18.528608,24.629148,0.019007,34.455807,-23.821373,-6.996467,1558.015503,-941.114441,-365.183228,-0.613981,0.789321,0.001009,0.100000,0.020000,1,0.042740
18.529585,24.646204,-0.272821,-5.094982,-6.555727,0.581910,-627.754211,200.016953,51.277580,-0.515488,0.763224,-0.389566,0.100000,0.020000,1,0.289411
18.429892,24.630898,0.476757,4.105695,-5.716944,2.683870,236.827423,180.680435,276.181915,-0.288112,0.715739,0.636168,0.100000,0.020000,1,0.531360
18.490507,24.638792,0.391373,1.891081,-7.694260,3.240563,-0.445311,87.425934,233.190811,-0.402343,0.737700,0.542143,0.100000,0.020000,1,0.175468
18.577126,24.590065,-0.321933,-10.150710,-26.024057,-40.850094,-1050.407227,-1332.959961,-3329.057861,-0.618261,0.759924,-0.200668,0.100000,0.020000,1,0.660811
18.652391,24.822094,0.379040,-94.689842,-386.536682,-461.920135,-6032.508301,-23112.486328,-28280.830078,-0.604972,0.759563,0.238897,0.100000,0.020000,1,0.779324
18.561211,24.651602,0.305544,2.536369,-8.858093,0.034640,-5.223690,4.415418,-0.258922,-0.517324,0.738972,0.431620,0.100000,0.020000,1,0.488941
18.578764,24.631264,0.243870,2.334274,-9.037777,0.020843,-5.575530,4.641586,-0.037220,-0.530981,0.774287,0.344295,0.100000,0.020000,1,0.069051
18.618639,24.690758,0.239175,2.896945,-9.370838,0.168894,-11.826475,16.478472,26.817223,-0.612585,0.717405,0.331768,0.100000,0.020000,1,0.460576
18.460455,24.664000,-0.444263,2.633013,-7.824801,-0.044110,-4.104745,4.308895,0.455262,-0.389429,0.674258,-0.627472,0.100000,0.020000,1,0.770816
18.302197,24.623957,-0.544945,23.606318,-5.915657,28.699984,1242.434937,41.069759,1674.251953,-0.194055,0.664118,-0.722004,0.100000,0.020000,1,0.245514
18.554613,24.689569,-0.356079,2.918951,-8.776595,-0.035377,-5.176509,4.021749,0.364748,-0.526692,0.685321,-0.502922,0.100000,0.020000,1,0.928972
18.607454,24.703571,-0.280758,3.120311,-9.294038,0.095652,-4.224495,4.633842,4.827495,-0.603980,0.691979,-0.395440,0.100000,0.020000,1,0.484672
18.677187,24.714947,-0.072443,2.726093,-12.554366,-2.608765,-54.258881,-194.131516,-204.718567,-0.709572,0.699037,-0.088627,0.100000,0.020000,1,0.629501
18.536493,24.699049,0.389710,3.168931,-8.198430,-0.166980,3.077919,25.144905,-11.481359,-0.508017,0.663069,0.549780,0.100000,0.020000,1,0.505393
19.062040,25.099649,-1.423941,110.556564,87.723106,-358.475464,8359.467773,7659.167969,-28006.482422,-0.715231,0.671781,-0.192758,0.100000,0.020000,1,0.362736
18.603668,24.718805,0.303836,3.229810,-9.267967,0.030186,-5.743890,3.692038,-0.311272,-0.605812,0.669951,0.429135,0.100000,0.020000,1,0.989196
18.637308,24.705309,-0.212325,3.104675,-9.596675,0.008137,-6.047370,4.500104,1.301061,-0.644098,0.703818,-0.299629,0.100000,0.020000,1,0.268586
19.870321,23.584478,-0.126953,344.786743,-160.874664,-50.120533,26477.177734,-14370.611328,-4049.755127,-0.730217,0.672600,0.119969,0.100000,0.020000,1,0.518994
18.252928,24.610363,0.537007,2.268317,-5.482593,0.049380,-12.767952,11.710348,0.979989,-0.097225,0.645130,0.757862,0.100000,0.020000,1,0.557697
18.726494,24.729301,0.192559,-188.633896,54.624973,-145.588928,-11945.926758,3940.288330,-9078.811523,-0.726344,0.646241,0.234088,0.100000,0.020000,1,0.247018
18.465656,24.701080,0.461080,3.003803,-7.707227,-0.108908,-0.432955,29.283337,-25.488955,-0.411709,0.632199,0.656369,0.100000,0.020000,1,0.048480
18.684628,24.129089,0.134137,-389.817719,229.908310,-250.654099,-24899.082031,12525.722656,-15306.413086,-0.750258,0.660968,0.015347,0.100000,0.020000,1,0.157014
18.329279,24.593151,0.534326,-5.861559,0.719375,-1.757511,-467.465942,261.435150,-89.696594,-0.186484,0.639076,0.746194,0.100000,0.020000,1,0.703463
18.532125,24.649252,-0.438464,35.288174,-11.484553,16.935251,2663.010986,-369.859375,1370.775513,-0.294950,0.628142,-0.720030,0.100000,0.020000,1,0.937236
18.589424,24.836092,0.109132,-4.273178,-5.210643,-12.371448,-864.144531,483.296692,-1281.583862,-0.728698,0.603990,0.322794,0.100000,0.020000,1,0.350729
18.588926,24.760977,-0.363243,3.650165,-9.104650,-0.037440,-4.416267,4.994485,2.908185,-0.605811,0.607351,-0.513925,0.100000,0.020000,1,0.759760
18.813402,24.817549,-0.163026,71.385925,11.413052,62.479298,5531.011230,1613.380615,5088.386719,-0.496182,0.611793,-0.616046,0.100000,0.020000,1,0.686598
18.651073,24.803869,-0.293816,4.145380,-9.174415,-1.102886,4.941671,62.897812,-118.708305,-0.704918,0.587306,-0.397695,0.100000,0.020000,1,0.115210
18.582281,24.770044,0.382546,3.751851,-9.017787,0.038191,1.025644,-0.865493,-0.741006,-0.600242,0.589618,0.540426,0.100000,0.020000,1,0.965259
18.346495,24.487120,0.157858,-92.633690,-114.266518,11.946936,-7679.395996,-8002.478027,1029.779541,-0.810342,0.571454,0.129557,0.100000,0.020000,1,0.562663
21.003498,23.354500,-2.426146,528.562805,-350.567993,-559.812744,42602.800781,-27659.960938,-45488.082031,-0.821209,0.570609,0.004577,0.100000,0.020000,1,0.826471
18.669178,24.811804,-0.224427,3.768156,-8.961275,-0.015512,-42.066208,121.788216,1.764987,-0.736299,0.597622,-0.317351,0.100000,0.020000,1,0.292662
18.614468,24.891531,-0.024320,180.488129,-66.595642,-59.335655,10627.093750,-3392.302246,-3588.242676,-0.833272,0.545931,-0.087283,0.100000,0.020000,1,0.548579
18.507704,24.749142,0.456802,3.512854,-8.282894,0.045385,-4.645751,3.340316,-0.467923,-0.492883,0.583787,0.645181,0.100000,0.020000,1,0.836073
18.382082,24.685793,0.521651,-7.190658,-11.949879,4.805473,-624.666260,-306.182373,293.644928,-0.292047,0.607411,0.738756,0.100000,0.020000,1,0.494053
18.653152,25.026312,0.229393,-5.963265,18.093414,11.537331,-930.013672,2444.593750,989.292114,-0.821546,0.519298,0.235353,0.100000,0.020000,1,0.646861
18.646759,24.567472,-0.776992,51.448261,-62.126907,-69.424896,2912.970703,-1072.219238,-2824.418457,-0.388750,0.580222,-0.715692,0.100000,0.020000,1,0.915703
18.686142,24.955544,-0.285505,47.388840,-192.956207,200.957306,2602.837646,-11227.929688,12351.881836,-0.816168,0.499598,-0.290295,0.100000,0.020000,1,0.242494
18.629482,24.843523,-0.348172,4.505048,-9.509111,-0.039398,-9.916516,2.872880,-2.043062,-0.700862,0.517364,-0.491048,0.100000,0.020000,1,0.640499
18.638435,24.840141,0.320553,4.311522,-9.644829,-0.054502,-37.093712,1.159832,-16.421944,-0.716561,0.527540,0.456336,0.100000,0.020000,1,0.211963
18.737938,24.926485,0.077079,7.794501,-8.356362,-12.223025,54.009521,48.745590,-396.665527,-0.881675,0.452767,0.132855,0.100000,0.020000,1,0.847434
18.679216,24.891205,-0.274188,5.006571,-9.994213,-0.028777,-7.005485,2.039562,0.801152,-0.788676,0.477345,-0.387469,0.100000,0.020000,1,0.288569
18.613413,24.863495,0.383282,4.705982,-9.333721,0.038021,-7.103754,2.939345,-0.369738,-0.688261,0.482964,0.541334,0.100000,0.020000,1,0.747245
18.743721,24.956247,0.009586,5.000108,-20.477718,4.325646,-49.866341,-602.984192,262.673187,-0.903950,0.427300,0.017013,0.100000,0.020000,1,0.617476
18.736738,24.944708,-0.143491,-16.180202,-12.868530,4.647034,-1347.538818,-145.207291,282.866272,-0.880042,0.431290,-0.198783,0.100000,0.020000,1,0.889390
18.700054,24.978008,-0.082830,58.167282,-231.148285,-144.444901,3260.027832,-13563.593750,-8876.100586,-0.843824,0.498669,-0.198219,0.100000,0.020000,1,0.003923
18.713099,24.957184,-0.208706,5.689390,-10.312353,-0.022663,-7.027021,0.942179,0.238713,-0.865191,0.405617,-0.294823,0.100000,0.020000,1,0.627633
18.741663,24.959723,-0.067825,5.820584,-10.673096,0.081463,-1.125459,-3.035929,5.489611,-0.904281,0.416062,-0.095746,0.100000,0.020000,1,0.321675
18.550203,24.832813,0.453164,4.376070,-8.692870,0.045021,-5.137853,2.381773,-0.464320,-0.589322,0.492995,0.640044,0.100000,0.020000,1,0.514117
18.661930,24.924511,0.314552,5.500791,-9.654267,0.046169,-16.274527,5.826283,-3.030028,-0.788364,0.424277,0.445501,0.100000,0.020000,1,0.212347
18.696529,24.925638,0.236136,5.297338,-10.156119,0.005422,-21.726727,12.880511,-6.907107,-0.830831,0.444117,0.335380,0.100000,0.020000,1,0.270323
18.723583,24.975960,0.157414,5.829634,-10.455008,0.018596,-28.846308,12.023748,2.307803,-0.893158,0.391382,0.221560,0.100000,0.020000,1,0.497384
18.591436,24.887962,-0.423256,4.948829,-9.097789,-0.042049,-5.604856,1.754712,0.433722,-0.670444,0.439474,-0.597802,0.100000,0.020000,1,0.692619
19.385618,23.933517,-1.161674,238.173004,-293.042023,-207.871048,10159.112305,-19161.863281,-11011.390625,-0.607070,0.488494,-0.626770,0.100000,0.020000,1,0.051326
18.462723,24.919727,-0.271853,-14.160330,7.287080,8.791403,-1992.516235,1014.896484,928.688904,-0.759296,0.404949,-0.509398,0.100000,0.020000,1,0.088664
18.571039,24.912977,0.239976,3.608367,0.763587,0.058046,-721.842163,377.545349,13.606796,-0.870680,0.360132,0.334994,0.100000,0.020000,1,0.518483
18.731258,25.038599,-0.387170,12.739199,-4.013735,-17.731068,589.224304,558.742920,-1563.944702,-0.852172,0.342231,-0.395828,0.100000,0.020000,1,0.806963
18.722973,25.167170,0.042069,1.978434,10.273767,5.094503,-399.859375,1822.569092,451.743408,-0.952934,0.302786,0.015395,0.100000,0.020000,1,0.197462
18.408409,24.753717,0.537657,5.205561,-10.516291,-1.433507,82.869896,-150.531250,-72.530479,-0.366206,0.548078,0.752000,0.100000,0.020000,1,0.668939
18.404921,25.003880,-0.320461,-17.642431,57.393028,57.657616,-661.625549,1977.780518,1749.375854,-0.470593,0.510707,-0.719528,0.100000,0.020000,1,0.011647
18.471231,24.800488,0.516355,4.025630,-7.897736,0.051299,-4.234125,2.741549,-0.529049,-0.468999,0.498167,0.729294,0.100000,0.020000,1,0.356110
18.630535,24.958153,0.384874,5.633605,-9.462198,0.079669,-8.113818,1.623921,1.692881,-0.755779,0.364846,0.543770,0.100000,0.020000,1,0.838961
18.770924,25.424417,-0.246051,13.513332,49.418217,-14.591598,588.956482,5323.115723,-1336.290894,-0.936198,0.284189,-0.206811,0.100000,0.020000,1,0.352184
18.735960,25.068016,0.056486,6.248766,-10.424029,-1.841237,-66.457550,26.085411,-199.374435,-0.954655,0.277552,0.107696,0.100000,0.020000,1,0.548687
18.679405,25.007299,0.302525,6.124884,-9.961314,0.156507,-14.155000,1.047266,14.601807,-0.845438,0.323507,0.424945,0.100000,0.020000,1,0.849529
18.774853,25.087797,-0.103827,13.810563,-1.253640,-19.852863,303.953979,173.824646,-351.210114,-0.957611,0.275403,-0.084468,0.100000,0.020000,1,0.052092
18.711733,25.070065,-0.207155,7.368955,-10.519344,-0.485511,17.283848,-9.515938,-20.659527,-0.919910,0.257834,-0.295442,0.100000,0.020000,1,0.976890
18.718061,25.088024,0.155858,6.500751,-9.865739,-0.065993,-69.968613,91.406387,-18.576832,-0.940058,0.256596,0.224611,0.100000,0.020000,1,0.740227
18.568693,24.862364,0.544353,0.621231,-4.246220,-23.563360,-289.486053,102.107315,-1126.142090,-0.649331,0.401902,0.645635,0.100000,0.020000,1,0.517017
17.188576,24.980040,-0.017901,-230.139526,176.082703,121.688835,-20337.542969,12159.129883,9716.206055,-0.544860,0.443142,-0.711865,0.100000,0.020000,1,0.867076
18.781687,25.212053,0.009904,-10.414467,-38.478294,25.608143,-938.206848,-1466.697021,1336.345215,-0.978956,0.172869,0.108452,0.100000,0.020000,1,0.959230
18.661444,25.071306,-0.359984,7.138992,-7.101654,-0.826401,61.878849,288.146118,-89.761696,-0.827386,0.265592,-0.494866,0.100000,0.020000,1,0.892789
18.805559,25.627659,0.041792,61.104050,162.206696,130.223328,4333.892090,13477.362305,10203.896484,-0.730328,0.306467,-0.610490,0.100000,0.020000,1,0.632667
18.735710,25.164120,0.019024,7.406693,-11.050790,-0.132643,-19.410849,-21.397518,-4.605910,-0.988970,0.145897,0.025552,0.100000,0.020000,1,0.385759
18.900497,24.953201,-0.349577,-1098.232544,767.203979,373.503082,-68862.585938,48433.605469,23319.947266,-0.891782,0.198581,-0.406558,0.100000,0.020000,1,0.634744
18.671726,25.112192,0.302390,7.925242,-11.461856,0.159688,30.946087,-86.456436,7.237063,-0.884860,0.185557,0.427306,0.100000,0.020000,1,0.643270
18.714212,25.161753,0.161144,7.772511,-10.274175,0.013571,-6.926424,-1.381365,-0.247675,-0.964412,0.134612,0.227574,0.100000,0.020000,1,0.529234
18.697332,25.105385,0.247847,7.159472,-10.072927,0.021508,-8.198952,0.711295,-0.678211,-0.914902,0.200902,0.350134,0.100000,0.020000,1,0.299282
18.509386,25.100847,0.507807,-1.596587,3.418930,5.646429,-779.426392,1278.819214,577.457397,-0.701971,0.309604,0.641391,0.100000,0.020000,1,0.586140
18.630402,25.046064,0.397420,5.937348,-10.034781,2.419961,-65.196579,-48.413807,211.946640,-0.804785,0.245626,0.540361,0.100000,0.020000,1,0.367698
18.712772,25.179373,-0.136335,7.693933,-10.050474,-0.037815,-37.959221,37.103466,-3.619344,-0.974086,0.119863,-0.191806,0.100000,0.020000,1,0.971053
18.673004,25.112217,-0.339263,-54.053955,20.337044,-25.724569,-3778.108398,1905.701294,-1588.718750,-0.854011,0.174388,-0.490157,0.100000,0.020000,1,0.678488
18.695332,25.176752,-0.213654,7.969830,-9.987817,-0.291198,-4.322080,2.729124,-10.244169,-0.946844,0.105262,-0.303982,0.100000,0.020000,1,0.888440
18.587759,24.588062,0.452911,-127.805443,76.926567,51.277897,-7934.981934,4208.929688,2918.137695,-0.517018,0.419644,0.746051,0.100000,0.020000,1,0.719211
18.690001,25.186844,0.224323,8.017985,-10.019857,0.024636,-6.682157,-1.466673,-0.418172,-0.944188,0.089750,0.316945,0.100000,0.020000,1,0.871129
18.312830,24.646650,-0.571734,53.705570,-9.191736,75.898911,2111.892090,-1280.047241,4495.380859,-0.621096,0.339399,-0.706433,0.100000,0.020000,1,0.440713
18.364962,25.189396,-0.417626,-52.872238,30.427553,2.299357,-4774.994141,3050.457520,166.650757,-0.771944,0.220885,-0.596080,0.100000,0.020000,1,0.090859
18.727858,25.153814,0.332263,-156.847275,-50.435314,98.134460,-9975.311523,-2470.341064,6027.811523,-0.839135,0.143527,0.524644,0.100000,0.020000,1,0.676333
18.979437,25.139982,-0.286855,64.676994,-19.579596,-1.286856,4868.553223,-831.599243,-118.850365,-0.917092,0.073989,-0.391751,0.100000,0.020000,1,0.754900
18.696426,25.270311,0.084655,8.869485,-10.063453,0.008410,-6.846169,-2.612339,-0.086766,-0.992662,-0.018056,0.119565,0.100000,0.020000,1,0.306140
18.698750,25.270683,-0.062634,8.873836,-10.087011,-0.006223,-6.874868,-2.618961,0.064184,-0.995927,-0.017441,-0.088464,0.100000,0.020000,1,0.821046
18.687620,25.260237,0.153574,8.764501,-9.976424,0.015258,-6.742840,-2.488019,-0.157278,-0.976152,-0.008889,0.216906,0.100000,0.020000,1,0.045128
18.683781,25.278070,-0.133203,9.141399,-9.929048,-0.012133,-0.468439,-2.110942,0.163702,-0.981561,-0.033894,-0.188120,0.100000,0.020000,1,0.861399
18.599920,25.476685,0.385187,53.873920,-449.928802,-42.733768,2664.769531,-26694.376953,-2356.763428,-0.903006,0.035445,0.428163,0.100000,0.020000,1,0.318188
18.564594,25.058666,0.472014,6.878838,-7.138139,-1.896619,-45.447868,-3.276250,-75.789650,-0.740384,0.168642,0.650685,0.100000,0.020000,1,0.695034
18.708321,25.244383,-0.060794,8.608632,-10.191653,-0.006040,-6.987088,-2.321202,0.062285,-0.996063,0.022061,-0.085865,0.100000,0.020000,1,0.033369
18.505678,24.942690,0.527121,5.482807,-8.209908,0.052366,-4.630068,1.126894,-0.540150,-0.582729,0.325804,0.744499,0.100000,0.020000,1,0.461625
18.633196,25.201567,-0.346159,-4.053004,10.297000,-15.533469,-735.739014,1176.330078,-950.457764,-0.866873,0.018413,-0.498189,0.100000,0.020000,1,0.541739
18.836706,25.188898,-0.012972,47.797649,-42.645424,-6.578261,3056.007324,-2567.407471,-527.218384,-0.997071,-0.073957,0.019496,0.100000,0.020000,1,0.246576
18.685013,25.348923,0.024178,4.493075,-15.608305,-2.901002,-262.610352,-350.652832,-158.092575,-0.991356,-0.128670,0.025647,0.100000,0.020000,1,0.263467
18.715364,25.193779,-0.419820,17.887913,-19.378664,-18.135174,870.283813,-961.025208,-1757.019043,-0.921470,-0.049146,-0.385327,0.100000,0.020000,1,0.747205
18.621040,24.959635,-0.571073,23.001532,-17.812542,-11.041460,1440.431641,-802.049377,-944.312866,-0.646327,0.247776,-0.721712,0.100000,0.020000,1,0.185939
19.458157,23.724092,-0.343925,273.792236,-441.785126,28.672480,8056.456055,-13136.845703,856.638672,-0.780757,0.082340,-0.619386,0.100000,0.020000,1,0.605055
18.658911,25.358694,0.095507,9.701875,-8.335641,3.740738,-6.751858,101.821098,297.112823,-0.982624,-0.146410,0.114079,0.100000,0.020000,1,0.409342
18.659782,25.357504,-0.052915,9.745326,-9.667933,-0.003275,-6.452503,-3.640038,0.085049,-0.985653,-0.151353,-0.074704,0.100000,0.020000,1,0.717462
18.592991,25.233276,0.381253,8.809816,-9.188972,0.461200,7.444948,-7.606236,15.302762,-0.840097,-0.016073,0.542198,0.100000,0.020000,1,0.338934
18.644247,25.302816,0.235910,9.186258,-9.523592,0.023437,-6.254004,-2.999726,-0.241697,-0.938912,-0.086169,0.333197,0.100000,0.020000,1,0.037724
18.596106,25.391489,-0.211977,51.431606,-84.013885,-15.445306,2451.913086,-4337.776855,-895.426208,-0.941480,-0.086832,-0.325692,0.100000,0.020000,1,0.029380
18.573143,25.148977,0.454160,7.776459,-8.589369,0.028225,8.691136,-8.764534,27.385744,-0.771454,0.076307,0.631694,0.100000,0.020000,1,0.769912
18.640848,25.366442,-0.140618,9.833171,-9.471810,-0.013972,-6.215820,-3.720546,0.143987,-0.964818,-0.172283,-0.198608,0.100000,0.020000,1,0.601067
18.619160,25.296318,0.298288,9.113396,-9.269798,0.029637,-5.963001,-2.909227,-0.305480,-0.902492,-0.089532,0.421299,0.100000,0.020000,1,0.082873
18.629377,25.377909,0.159555,9.943607,-9.353168,0.022073,-5.778016,-3.342693,-1.503251,-0.954865,-0.192833,0.225938,0.100000,0.020000,1,0.675616
18.700914,25.359488,-0.104972,19.094311,-9.663347,12.028607,901.060974,-36.898800,1180.546875,-0.940982,-0.174269,-0.290142,0.100000,0.020000,1,0.209513
18.607910,25.373360,0.231146,9.894591,-9.134634,0.023197,-5.881313,-3.790544,-0.287006,-0.924399,-0.197209,0.326490,0.100000,0.020000,1,0.716429
18.569923,25.220915,-0.423443,8.348387,-8.785117,-0.036867,-5.413219,-2.183837,0.457915,-0.801418,-0.012998,-0.597964,0.100000,0.020000,1,0.829797
18.515982,25.077539,-0.537652,13.365809,-1.961409,15.604807,352.244751,355.137451,867.605652,-0.681131,0.141043,-0.718448,0.100000,0.020000,1,0.461101
18.605890,25.304686,-0.358569,2.604770,-10.287175,-1.205168,-308.354950,-69.410782,-56.533028,-0.851547,-0.112128,-0.512148,0.100000,0.020000,1,0.601225
19.103325,25.182240,-1.138517,133.304260,-69.830162,-315.999329,6747.341797,-4798.497559,-24751.490234,-0.947881,-0.318616,0.002272,0.100000,0.020000,1,0.030493
18.594633,25.405941,-0.289745,0.617887,-47.319420,-5.353699,-522.469910,-2311.914062,-333.529755,-0.886081,-0.216236,-0.410003,0.100000,0.020000,1,0.980767
18.498751,25.405319,-0.064459,29.496893,-13.710365,-3.056559,773.878174,-497.993591,-171.745972,-0.946517,-0.307402,-0.098030,0.100000,0.020000,1,0.678047
18.576893,25.319117,0.353259,3.863938,-16.219164,12.425323,-303.647766,-417.982208,690.181946,-0.838651,-0.126304,0.529822,0.100000,0.020000,1,0.700484
18.561550,25.380953,0.313373,10.149916,-8.855015,0.208717,5.368929,-14.618375,9.584184,-0.866792,-0.228875,0.443044,0.100000,0.020000,1,0.710571
18.575449,25.451628,0.165004,10.807662,-8.796742,-0.012991,-0.734459,-4.881103,-1.156263,-0.919681,-0.316246,0.232758,0.100000,0.020000,1,0.657337
18.499611,25.061314,0.514257,5.724022,-4.415657,-1.283148,-57.301853,456.391937,-161.909103,-0.614470,0.237430,0.752366,0.100000,0.020000,1,0.076003
18.521343,25.166193,-0.497362,7.869493,-8.387720,-0.056873,0.676035,-5.216814,0.135708,-0.710722,0.036961,-0.702501,0.100000,0.020000,1,0.982424
18.438278,25.143147,0.372114,17.136570,-8.266636,18.746950,146.906509,-385.813812,815.425842,-0.759188,-0.052172,0.648777,0.100000,0.020000,1,0.720589
18.570816,25.419046,-0.151004,15.990395,9.828341,3.869866,304.169495,1004.108765,225.073364,-0.922565,-0.325978,-0.206428,0.100000,0.020000,1,0.174758
18.524477,25.443460,-0.089653,34.907154,13.039246,-112.391098,1379.395874,1291.508301,-6640.754883,-0.899321,-0.336393,-0.279394,0.100000,0.020000,1,0.806632
18.467884,25.046185,-0.660682,-26.418310,24.223417,151.417892,-2514.792236,969.888977,8564.869141,-0.789501,-0.144183,-0.596573,0.100000,0.020000,1,0.146292
18.150826,24.977884,-0.169842,81.078682,-23.779764,-90.599922,2881.172607,-2655.180664,-4938.522949,-0.830239,-0.240823,-0.502700,0.100000,0.020000,1,0.113427
18.512976,25.085661,0.522179,6.940032,-8.245633,0.051873,-4.735415,-0.507763,-0.535279,-0.660773,0.139439,0.737520,0.100000,0.020000,1,0.005854
18.537052,25.537548,0.009530,11.542996,-8.213134,-0.056807,28.416901,28.909483,-16.105501,-0.896239,-0.443220,0.017661,0.100000,0.020000,1,0.499503
18.509827,25.477858,-0.289001,10.513751,-6.736357,-0.116712,-40.643803,174.490601,1.072994,-0.841258,-0.352030,-0.410317,0.100000,0.020000,1,0.707206
18.501652,25.514309,-0.011934,13.569695,-7.357791,-15.559458,50.335880,-44.340366,-736.218811,-0.884520,-0.455703,-0.099792,0.100000,0.020000,1,0.430450
18.522125,25.539970,0.088767,10.802024,-9.083116,-0.332546,-30.905573,-43.073505,-15.893036,-0.881765,-0.455253,0.123435,0.100000,0.020000,1,0.626585
18.572239,25.602953,-0.368135,16.750925,-0.090305,-24.406515,559.112427,829.668152,-2525.974854,-0.877426,-0.441942,-0.186575,0.100000,0.020000,1,0.706117
18.542816,25.538944,-0.152566,23.198307,7.814013,16.119616,467.090729,349.168091,441.840210,-0.849515,-0.446269,-0.281367,0.100000,0.020000,1,0.707624
18.503834,25.397804,0.375996,13.049932,-9.690075,-1.655536,168.437210,-98.247604,-106.517448,-0.801295,-0.275988,0.530808,0.100000,0.020000,1,0.244891
18.538328,25.504801,0.081904,10.076320,-8.197125,-2.079609,-111.956612,13.408076,-196.862732,-0.905830,-0.400668,0.137610,0.100000,0.020000,1,0.099963
18.495081,25.531914,0.157811,11.593149,-7.583353,-0.213957,-8.864850,-6.038803,-6.550367,-0.855599,-0.468490,0.220155,0.100000,0.020000,1,0.733135
18.484228,25.469311,0.305885,0.190758,10.237973,35.342720,-695.509521,1148.581177,2189.869385,-0.811454,-0.378712,0.445105,0.100000,0.020000,1,0.276120
18.481400,25.525969,0.223730,11.418540,-7.798961,0.025733,-4.407055,-5.614681,-0.338179,-0.829475,-0.460486,0.316106,0.100000,0.020000,1,0.528804
18.482586,25.309475,0.465371,16.055359,-6.906091,-4.761638,371.524689,55.995022,-265.293274,-0.745824,-0.169411,0.644241,0.100000,0.020000,1,0.050069
18.399837,25.434547,-0.419105,98.448830,-76.663635,-10.621045,5257.838379,-4093.112305,-627.915222,-0.752788,-0.258823,-0.605244,0.100000,0.020000,1,0.984600
18.523216,25.539530,0.186765,-108.855118,-256.561035,365.866821,-7480.765625,-15498.393555,22804.187500,-0.839031,-0.407042,0.361032,0.100000,0.020000,1,0.135028
18.485466,25.225227,-0.509131,8.410971,-7.925504,-0.076296,-3.831908,-2.752196,0.013820,-0.692007,-0.059113,-0.719467,0.100000,0.020000,1,0.536091
18.488771,25.158121,0.529389,7.671238,-7.979544,0.052595,-4.466462,-1.335567,-0.542479,-0.663279,0.031643,0.747703,0.100000,0.020000,1,0.398829
18.447437,25.521566,-0.289027,11.360256,-7.460828,-0.028683,-4.007715,-5.511996,0.296030,-0.782149,-0.470746,-0.408217,0.100000,0.020000,1,0.896330
18.464991,25.460732,-0.355173,10.745502,-7.656021,-0.035280,-4.218570,-4.819707,0.363997,-0.776376,-0.381569,-0.501642,0.100000,0.020000,1,0.224135
18.452738,25.319506,0.310577,72.272141,29.273355,113.553886,3880.673096,2116.170898,6610.854980,-0.734994,-0.261233,0.625733,0.100000,0.020000,1,0.570977
18.481436,25.646555,0.029971,-162.985107,-90.406319,-59.246429,-10891.911133,-5066.872559,-3680.658447,-0.812594,-0.582401,0.022344,0.100000,0.020000,1,0.984442
18.236578,25.348427,0.104396,20.108271,14.300714,13.639504,-365.394409,317.473450,1550.580933,-0.813604,-0.575101,-0.085487,0.100000,0.020000,1,0.680715
19.984964,25.117367,1.855534,477.521606,-108.105614,446.806671,14136.133789,-3075.554688,13579.756836,-0.755733,-0.389468,0.526481,0.100000,0.020000,1,0.334561
18.539660,25.539307,0.158651,-97.286926,30.753036,-58.552773,-6438.789551,2109.348389,-3423.237793,-0.793619,-0.593991,0.131695,0.100000,0.020000,1,0.211932
18.477549,25.234205,0.520135,8.582817,-7.830547,0.182060,20.452702,-6.907887,23.875429,-0.679915,-0.077597,0.729174,0.100000,0.020000,1,0.575172
18.428581,25.594641,-0.139305,12.196616,-7.262772,0.186313,-2.181952,-7.728060,5.176568,-0.793557,-0.576678,-0.194189,0.100000,0.020000,1,0.315866
18.443548,25.525223,0.274333,6.602097,-4.714870,7.437476,-243.702896,134.700562,356.356232,-0.760221,-0.491408,0.424949,0.100000,0.020000,1,0.294907
18.460426,25.295748,-0.498037,9.064661,-7.653956,-0.049482,-4.152647,-2.923948,0.510172,-0.691436,-0.164665,-0.703421,0.100000,0.020000,1,0.616624
18.425697,25.433445,-0.425165,10.442373,-7.296147,-0.066830,-8.020607,-9.399298,-4.147474,-0.712413,-0.364825,-0.599475,0.100000,0.020000,1,0.550115
18.328878,25.638668,0.235352,6.432167,-2.797427,1.177413,-626.724915,446.328766,127.872940,-0.743562,-0.590483,0.313760,0.100000,0.020000,1,0.318000
18.402147,25.608805,0.154081,12.236226,-6.995099,-0.006413,-3.476061,-6.827902,-0.547714,-0.763655,-0.607960,0.217291,0.100000,0.020000,1,0.179917
15.940488,25.817493,0.739562,-726.456177,99.107086,115.380692,-24954.849609,416.266602,2883.488037,-0.721128,-0.464143,0.514340,0.100000,0.020000,1,0.149379
18.388128,25.595375,-0.223929,12.126171,-6.855612,-0.137678,0.924507,-11.123224,-21.289295,-0.738150,-0.598431,-0.311473,0.100000,0.020000,1,0.135059
18.340780,25.760473,-0.029853,10.209946,12.499310,-6.264189,-232.477081,1645.229736,-537.199768,-0.726677,-0.686955,0.005751,0.100000,0.020000,1,0.456421
18.369024,25.582891,-0.275997,11.963171,-6.646200,-0.027368,-3.128558,-6.226013,0.282836,-0.707344,-0.589669,-0.389814,0.100000,0.020000,1,0.306914
18.478884,25.533518,-0.246966,34.271069,-24.008240,-16.441032,1927.980957,-1574.838379,-1462.400269,-0.703574,-0.680429,-0.204938,0.100000,0.020000,1,0.647455
18.342541,25.651281,0.086010,13.315677,-5.947081,-0.429009,25.576632,12.261945,-19.432121,-0.709681,-0.694454,0.118688,0.100000,0.020000,1,0.519109
18.345491,25.635695,-0.058953,11.274171,-4.336630,-1.721747,-88.549133,37.725407,-74.287224,-0.709603,-0.698206,-0.094722,0.100000,0.020000,1,0.058752
18.348402,25.579216,0.305710,11.920225,-6.437215,0.030373,-2.895028,-6.186119,-0.313240,-0.678203,-0.594647,0.431782,0.100000,0.020000,1,0.911189
18.323856,25.648228,0.161850,12.616208,-6.168629,0.016068,-2.619627,-6.975164,-0.165669,-0.678604,-0.698027,0.228595,0.100000,0.020000,1,0.728733
18.310196,25.639561,-0.211136,12.524560,-6.031923,-0.020977,-2.448851,-6.883490,0.216294,-0.656321,-0.693048,-0.298207,0.100000,0.020000,1,0.202432
18.773573,25.239210,-0.056288,93.656487,-50.668964,-109.694641,6872.162598,-3586.177002,-9078.897461,-0.657580,-0.384846,0.647675,0.100000,0.020000,1,0.615520
18.405550,25.334242,-0.518897,9.272839,-12.454988,-3.885866,-14.120163,-166.088089,-115.710884,-0.646959,-0.264968,-0.715008,0.100000,0.020000,1,0.686690
18.428467,25.265759,0.542692,8.795811,-9.626720,1.758417,-22.109068,-237.960754,175.565277,-0.647354,-0.168325,0.743370,0.100000,0.020000,1,0.182103
18.337852,25.485491,-0.431453,11.778213,-6.367761,-0.130533,12.228029,-19.836546,-2.362585,-0.632134,-0.477431,-0.610300,0.100000,0.020000,1,0.267150
18.396627,25.355047,0.510319,9.593669,-6.863598,0.088945,-6.367014,-2.338261,0.468057,-0.635266,-0.276108,0.721250,0.100000,0.020000,1,0.959716
18.257669,25.691496,-0.057634,13.039070,-5.482930,-0.005722,-1.842385,-7.471871,0.058998,-0.611395,-0.787128,-0.081401,0.100000,0.020000,1,0.735936
18.282991,25.639112,0.243166,12.512388,-5.754959,0.024154,-2.148553,-6.866899,-0.249142,-0.619979,-0.705459,0.343445,0.100000,0.020000,1,0.532072
18.284977,25.624815,-0.275010,12.367571,-5.778831,-0.027319,-2.162641,-6.700524,0.281846,-0.615781,-0.685524,-0.388421,0.100000,0.020000,1,0.693216
18.032066,25.656481,0.023390,-27.046944,-12.372993,1.729538,-3454.458984,-609.409729,149.232407,-0.606073,-0.795171,0.019462,0.100000,0.020000,1,0.378104
18.218483,25.502625,0.577285,-16.675579,-3.909552,34.697338,-2209.726807,181.125061,2758.121826,-0.610060,-0.490488,0.622293,0.100000,0.020000,1,0.298425
18.283764,25.616652,0.285892,-89.939156,-2.759183,136.872650,-6391.269531,161.600662,8578.451172,-0.591066,-0.686391,0.423685,0.100000,0.020000,1,0.443739
18.344446,25.555906,-0.456867,24.863972,-73.924515,46.900551,806.656738,-4084.813232,2709.881592,-0.657441,-0.504566,-0.559628,0.100000,0.020000,1,0.028993
18.339094,25.519793,0.359004,24.629095,-16.409573,-6.563367,1012.245667,-854.908569,-496.727905,-0.594400,-0.601289,0.533985,0.100000,0.020000,1,0.235457
17.114862,25.886360,-0.017353,-323.983185,53.909817,-31.676577,-10225.789062,1789.161011,-964.321838,-0.570678,-0.812317,0.120278,0.100000,0.020000,1,0.193423
18.373699,25.412128,-0.504325,3.995573,-7.615684,1.054243,-314.571198,-58.131634,55.258339,-0.605179,-0.365444,-0.707254,0.100000,0.020000,1,0.478080
18.314697,25.738018,0.225298,-101.149200,-81.544014,-70.448334,-6774.709473,-4624.333984,-4198.541992,-0.548125,-0.803022,0.233910,0.100000,0.020000,1,0.303383
18.195814,25.677359,0.236921,19.998007,-8.390956,-0.084562,408.576294,-185.146652,15.343768,-0.532519,-0.780675,0.327063,0.100000,0.020000,1,0.832783
15.644509,26.072798,-0.144039,-467.097351,379.285278,55.078083,-41270.554688,26420.384766,4454.983887,-0.590023,-0.606285,-0.533190,0.100000,0.020000,1,0.134697
18.183300,25.625143,-0.370623,51.198296,-29.610960,1.998326,2187.385986,-1415.978149,51.223225,-0.556618,-0.665501,-0.497277,0.100000,0.020000,1,0.446326
18.219877,25.692266,-0.131769,13.036859,-5.098095,-0.013091,-1.411767,-7.486876,0.135047,-0.561583,-0.806218,-0.186109,0.100000,0.020000,1,0.235504
18.203419,25.673925,-0.217541,12.845440,-4.935296,-0.021613,-1.235167,-7.272204,0.222895,-0.530956,-0.789735,-0.307253,0.100000,0.020000,1,0.291500
18.192041,25.521070,0.484331,26.544538,-12.601902,-10.892415,656.315063,-458.939819,-522.745422,-0.539991,-0.561194,0.627273,0.100000,0.020000,1,0.693640
18.338923,25.410456,0.509750,10.147839,-6.392387,0.026158,-3.998100,-4.509304,-1.125396,-0.584258,-0.375168,0.719647,0.100000,0.020000,1,0.499590
18.164846,25.698191,0.282396,27.778391,-80.515434,40.799717,850.764709,-4563.960938,2514.708496,-0.500785,-0.757618,0.418604,0.100000,0.020000,1,0.628307
18.149813,25.706774,-0.134467,13.165603,-4.380856,-0.013356,-0.612449,-7.656288,0.137784,-0.475479,-0.858982,-0.189919,0.100000,0.020000,1,0.170096
18.145149,25.717720,-0.062951,13.275698,-4.330464,-0.006254,-0.566949,-7.778936,0.064493,-0.474518,-0.875744,-0.088911,0.100000,0.020000,1,0.754137
18.144421,25.634214,0.012559,13.146840,-22.578262,-0.854913,-1.034544,-1523.591553,-67.329575,-0.471996,-0.881321,0.022217,0.100000,0.020000,1,0.939026
18.175877,25.655096,-0.282572,12.646222,-4.660400,-0.028073,-0.922262,-7.076522,0.289458,-0.485382,-0.777896,-0.399101,0.100000,0.020000,1,0.378639
18.011320,25.713316,0.108398,-12.162752,-4.776950,6.690388,-2123.622803,-60.896107,552.832886,-0.461302,-0.880548,0.108793,0.100000,0.020000,1,0.155042
18.189342,25.438065,-0.709233,-10.043788,-10.655180,-39.845860,-1730.192017,-391.842834,-3400.585205,-0.542772,-0.462274,-0.701214,0.100000,0.020000,1,0.541470
16.467413,26.074118,-0.643872,-261.694214,203.008698,-37.994308,-24726.740234,15439.272461,-3241.166992,-0.535597,-0.569640,-0.623415,0.100000,0.020000,1,0.268516
18.121323,25.690451,-0.213770,12.991508,-4.095026,-0.021238,-0.293106,-7.464346,0.219031,-0.429840,-0.850928,-0.301926,0.100000,0.020000,1,0.781776
18.147413,25.627306,-0.380150,14.855563,-5.506154,5.072676,77.159790,-56.169682,178.200104,-0.458950,-0.742392,-0.488077,0.100000,0.020000,1,0.326536
18.335840,25.248686,-0.188791,64.896072,-114.952316,-85.863724,4179.351074,-8919.044922,-6874.038086,-0.431937,-0.873524,0.224468,0.100000,0.020000,1,0.198860
18.103514,25.684387,0.240329,13.205350,-3.923656,0.432909,25.791601,-10.024179,37.697365,-0.400767,-0.852601,0.335347,0.100000,0.020000,1,0.958099
17.988291,25.687412,-0.063635,428.611969,107.407516,307.812408,25883.937500,6824.926758,19136.314453,-0.375191,-0.926902,0.009146,0.100000,0.020000,1,0.941747
17.664112,25.545086,0.777423,-43.933994,51.960629,57.042221,-5710.445801,3534.677490,5016.862793,-0.457887,-0.638822,0.618260,0.100000,0.020000,1,0.866624
18.470354,25.541967,-0.497779,100.615944,-10.317801,-20.751591,2618.712891,-212.610992,-635.872864,-0.455083,-0.653265,-0.605099,0.100000,0.020000,1,0.572846
18.402191,25.518440,0.367298,-446.233490,149.469543,60.332951,-28047.150391,9424.593750,3717.719238,-0.476702,-0.687023,0.548412,0.100000,0.020000,1,0.177652
18.100430,25.665421,-0.285627,12.730872,-3.889320,-0.028378,-0.057469,-7.193829,0.292588,-0.390129,-0.827680,-0.403417,0.100000,0.020000,1,0.680906
18.012913,25.679029,0.070244,59.409691,39.577450,25.213345,2759.308838,2517.659424,1520.772217,-0.349607,-0.928801,0.122897,0.100000,0.020000,1,0.314128
18.048674,25.726391,-0.054383,13.337672,-3.345825,-0.005307,0.529062,-7.885145,0.056254,-0.350553,-0.933388,-0.076808,0.100000,0.020000,1,0.683570
18.140411,25.713182,0.481811,-65.703468,-451.096222,-408.438049,-4712.526367,-28023.318359,-25024.851562,-0.366147,-0.828230,0.424231,0.100000,0.020000,1,0.874613
18.231953,25.535950,-0.506171,12.149251,-32.909496,7.843187,64.859200,-1569.811035,431.105347,-0.484099,-0.535413,-0.692084,0.100000,0.020000,1,0.801191
18.047714,25.742027,-0.137326,14.262282,-0.650153,-0.342435,107.010506,265.067078,-36.674641,-0.331196,-0.924534,-0.188538,0.100000,0.020000,1,0.370940
17.062483,25.266687,0.033393,1140.802246,-647.746826,465.488678,66779.554688,-42060.175781,27921.673828,-0.402382,-0.739412,0.539776,0.100000,0.020000,1,0.661042
18.018646,25.709671,0.164207,13.233619,-3.277423,0.489052,4.398097,-16.181225,17.932766,-0.302666,-0.923445,0.235885,0.100000,0.020000,1,0.989646
18.278654,25.431967,0.522815,10.698848,-5.816490,-0.067972,2.021834,-9.293201,-3.317590,-0.520042,-0.432062,0.736803,0.100000,0.020000,1,0.866717
18.002771,25.801130,-0.268680,-17.116182,46.588875,37.274715,-1714.780396,1973.777832,2575.484619,-0.280091,-0.912006,-0.299656,0.100000,0.020000,1,0.144108
18.104546,25.577465,-0.425516,12.179709,-3.888133,-0.476564,6.739866,-10.790484,-15.452338,-0.358928,-0.710837,-0.604882,0.100000,0.020000,1,0.865970
17.945230,25.750441,0.180434,40.758392,-36.218224,30.624069,1552.236694,-1845.102661,1687.109863,-0.259401,-0.904929,0.337364,0.100000,0.020000,1,0.476556
18.783087,24.780914,1.785048,210.014740,-241.896545,400.029785,15569.263672,-18581.830078,31149.572266,-0.295021,-0.797412,0.526400,0.100000,0.020000,1,0.675005
18.040369,25.629139,-0.361662,12.345447,-3.287622,-0.035933,0.635647,-6.776027,0.370425,-0.293029,-0.808214,-0.510808,0.100000,0.020000,1,0.819660
17.943733,25.722139,-0.141959,14.559003,1.149803,-2.590143,115.645416,260.998962,-205.047668,-0.195303,-0.962918,-0.186131,0.100000,0.020000,1,0.135679
17.936071,25.718204,-0.062873,13.223948,-2.201861,-0.006246,1.817954,-7.805028,0.064426,-0.197112,-0.976351,-0.088801,0.100000,0.020000,1,0.847491
17.570528,26.193644,0.306426,-105.962646,143.872055,-11.897452,-9190.019531,11470.024414,-713.786743,-0.225718,-0.879249,0.419491,0.100000,0.020000,1,0.775198
17.930735,25.715294,0.082943,13.193093,-2.148074,0.008239,1.896082,-7.763423,-0.084999,-0.188630,-0.975036,0.117147,0.100000,0.020000,1,0.028151
17.959841,25.438574,-0.402879,60.113121,-27.132483,-34.006859,2247.724854,-1761.786865,-1781.363525,-0.398498,-0.602820,-0.691236,0.100000,0.020000,1,0.205150
19.884905,23.183556,-1.870306,731.398132,-306.059357,-417.051880,12543.986328,-31759.343750,-15098.464844,-0.237422,-0.880112,-0.411136,0.100000,0.020000,1,0.425870
18.207548,25.464371,0.524650,45.140640,33.333805,-41.685951,2139.975830,2390.664062,-2602.193359,-0.448295,-0.515999,0.729915,0.100000,0.020000,1,0.732855
17.296459,25.485016,0.315049,-176.390976,-67.658531,48.743786,-5738.642578,-1995.479492,1476.461670,-0.169923,-0.961075,0.217854,0.100000,0.020000,1,0.672613
18.150011,25.529333,0.491196,-84.198311,140.580658,-176.010437,-5816.323242,8953.138672,-10928.474609,-0.333078,-0.700338,0.631337,0.100000,0.020000,1,0.505873
17.915768,25.687077,-0.204464,12.901602,-2.003553,-0.020315,2.062454,-7.448306,0.209443,-0.155264,-0.944721,-0.288782,0.100000,0.020000,1,0.936364
17.845730,25.697369,0.076490,12.987564,-1.287671,0.007599,2.861048,-7.571587,-0.078378,-0.067184,-0.991874,0.108034,0.100000,0.020000,1,0.911980
17.958860,25.623960,-0.361467,12.271063,-2.459089,-0.035914,1.585539,-6.721748,0.370186,-0.182316,-0.840309,-0.510532,0.100000,0.020000,1,0.938032
17.961636,25.463799,0.506904,18.211992,3.446730,-33.504017,115.344093,-55.433445,-1833.018066,-0.255249,-0.742232,0.619629,0.100000,0.020000,1,0.733397
17.893906,25.672153,0.235797,12.743896,-1.784673,0.023432,2.307829,-7.272067,-0.241490,-0.119103,-0.935361,0.333037,0.100000,0.020000,1,0.304452
17.835945,25.695858,-0.063392,12.969720,-1.188522,-0.006298,2.982080,-7.559947,0.064946,-0.053466,-0.994548,-0.089534,0.100000,0.020000,1,0.918997
18.249338,25.318542,0.203511,110.755165,-91.748428,-28.412027,7686.197266,-7039.330078,-2221.937988,-0.107251,-0.895704,0.431523,0.100000,0.020000,1,0.494242
17.125601,25.198065,-0.059610,-62.816303,98.082001,-88.390854,-8170.696289,4593.876465,-7397.549316,-0.164050,-0.832352,0.529412,0.100000,0.020000,1,0.525183
17.829311,25.684505,-0.128369,12.852001,-1.123968,-0.012754,3.043536,-7.425392,0.131466,-0.039230,-0.982644,-0.181306,0.100000,0.020000,1,0.426675
18.152225,25.542494,0.472454,-3.803122,-273.575745,234.096298,-922.015564,-16781.859375,14588.327148,-0.372259,-0.573732,0.729558,0.100000,0.020000,1,0.788678
17.888174,25.653408,-0.279233,12.551429,-1.731400,-0.027742,2.373620,-7.053152,0.286026,-0.102529,-0.913208,-0.394385,0.100000,0.020000,1,0.349708
17.874111,25.709055,0.007554,13.114118,-1.573352,0.000750,2.526538,-7.698471,-0.007739,-0.110460,-0.993823,0.010669,0.100000,0.020000,1,0.066821
17.444893,25.760759,0.244448,-112.536407,65.186256,106.521622,-10198.065430,5056.121582,9563.146484,-0.224740,-0.757173,-0.613335,0.100000,0.020000,1,0.041575
17.916971,25.306973,-0.414099,36.452953,-88.417679,-59.160370,1956.392944,-7000.558594,-4615.629395,-0.001518,-0.958085,-0.286481,0.100000,0.020000,1,0.909530
17.690197,25.618156,-1.968156,-99.998703,21.905453,-434.290436,-3274.911377,695.220459,-13033.260742,-0.293763,-0.640334,-0.709701,0.100000,0.020000,1,0.493056
17.976849,25.623430,-0.468799,16.758512,5.012806,-5.448079,457.862915,665.578857,-495.615814,-0.137505,-0.780551,-0.609781,0.100000,0.020000,1,0.434963
17.580994,25.893002,-0.180985,317.911194,-305.212036,241.031860,18586.427734,-18301.685547,14456.398438,0.081541,-0.996670,0.000468,0.100000,0.020000,1,0.235856
17.801205,25.643215,0.238768,12.424088,-0.849007,0.023722,3.363470,-6.959192,-0.244567,0.017834,-0.941252,0.337233,0.100000,0.020000,1,0.329613
17.786217,25.661659,0.153974,17.997814,2.189842,3.707187,315.042297,164.178894,214.699951,0.018903,-0.974497,0.223604,0.100000,0.020000,1,0.311478
17.838549,25.611507,-0.350877,7.413597,3.604112,1.562010,-424.159637,335.371918,129.759293,-0.056757,-0.861119,-0.505225,0.100000,0.020000,1,0.988640
17.573496,25.770447,-0.094582,-24.937714,18.812819,-18.779770,-3111.256348,1640.324951,-1361.545166,0.073346,-0.994563,-0.073922,0.100000,0.020000,1,0.512265
17.737101,25.281233,-0.186689,6.814897,-85.761551,15.708333,-290.282166,-2625.829590,787.307983,0.021800,-0.918757,-0.394221,0.100000,0.020000,1,0.119788
17.599165,25.541384,-0.269321,58.802139,-14.128861,99.954124,2323.494141,-1332.582886,5762.332520,0.091002,-0.976528,-0.195223,0.100000,0.020000,1,0.628648
17.738506,25.654667,0.094541,12.523553,-0.207774,0.006434,4.094642,-7.085203,-0.126145,0.095627,-0.986428,0.133475,0.100000,0.020000,1,0.280569
17.863838,25.598465,0.369505,11.985593,-1.498495,0.036712,2.665615,-6.428895,-0.378531,-0.043942,-0.851883,0.521885,0.100000,0.020000,1,0.364029
17.791403,25.612339,0.299562,12.107428,-0.757320,0.029763,3.495490,-6.591910,-0.306883,0.045612,-0.904935,0.423098,0.100000,0.020000,1,0.621437
17.776527,25.620844,0.026660,16.657177,-0.191234,1.191132,298.913910,-209.112686,131.396027,0.051011,-0.998524,0.018624,0.100000,0.020000,1,0.111375
17.940498,25.555000,0.453663,11.563702,-2.290756,0.045073,1.783626,-5.931581,-0.464804,-0.124961,-0.757513,0.640748,0.100000,0.020000,1,0.390284
17.726084,25.635384,0.159333,12.324298,-0.086312,0.015829,4.241462,-6.869647,-0.163243,0.121334,-0.966765,0.225040,0.100000,0.020000,1,0.890697
18.075201,25.503033,0.516738,11.071232,-3.676399,0.051335,0.255494,-5.338209,-0.529522,-0.278991,-0.624103,0.729835,0.100000,0.020000,1,0.324140
17.561810,25.853985,-0.345377,-24.606436,51.552280,-48.821339,-3012.358154,4224.406250,-3656.607666,0.125381,-0.947865,-0.292969,0.100000,0.020000,1,0.574870
17.843517,25.522738,-0.458185,16.195541,-10.796663,-8.131241,-29.479980,-239.765808,-367.972961,-0.016030,-0.807444,-0.589727,0.100000,0.020000,1,0.915244
17.711338,25.608023,0.220980,12.041690,0.056364,0.021954,4.404054,-6.559900,-0.226383,0.153994,-0.937483,0.312110,0.100000,0.020000,1,0.628790
17.724888,25.579750,-0.373361,12.435952,0.216722,-4.996083,51.865383,-28.956066,-710.488098,0.148389,-0.907444,-0.393099,0.100000,0.020000,1,0.964013
17.796928,25.567062,0.379409,11.647653,-0.825961,0.037696,3.421792,-6.074570,-0.388646,0.059921,-0.842169,0.535873,0.100000,0.020000,1,0.298340
17.980402,25.497692,-0.489396,11.972660,-1.732072,0.803775,-7.879750,-4.480330,120.649681,-0.177614,-0.677663,-0.713601,0.100000,0.020000,1,0.907403
17.648252,25.608583,-0.053996,12.030370,0.698796,-0.005364,5.132141,-6.565886,0.055315,0.237501,-0.968389,-0.076264,0.100000,0.020000,1,0.529718
17.653912,25.577070,-0.002111,2.857747,26.655155,8.217173,-527.868408,1501.080078,478.228821,0.244828,-0.969508,0.010669,0.100000,0.020000,1,0.747737
17.640696,25.594322,-0.140964,11.602692,0.737010,0.036059,-27.558273,8.006625,13.427990,0.250511,-0.946696,-0.202511,0.100000,0.020000,1,0.077109
17.650162,25.590828,0.157983,11.850070,0.674595,0.015694,5.104638,-6.359260,-0.161891,0.243452,-0.943898,0.223133,0.100000,0.020000,1,0.706077
17.643173,25.600050,0.094254,11.942095,0.748092,0.009364,5.180719,-6.475645,-0.096557,0.248324,-0.959486,0.133123,0.100000,0.020000,1,0.238194
17.862844,25.541649,0.445644,11.406830,-1.503952,0.044276,2.676846,-5.788948,-0.456445,-0.015457,-0.776909,0.629423,0.100000,0.020000,1,0.564981
16.886410,24.914738,-0.793528,-46.780327,88.716179,-88.183853,-9018.304688,-7448.063965,-3923.132080,0.085449,-0.851534,-0.517289,0.100000,0.020000,1,0.441299
17.643492,25.570612,-0.218872,11.678736,0.871845,-0.109988,-10.740564,4.434443,-27.985981,0.256182,-0.918408,-0.301493,0.100000,0.020000,1,0.079938
17.804842,25.633358,-1.107589,31.729670,19.624775,-164.592117,1639.916626,1606.773682,-13537.050781,0.172067,-0.849017,-0.499564,0.100000,0.020000,1,0.861535
17.796160,25.427963,0.433014,-39.068966,-15.996437,-24.398355,-3955.562256,-1143.615479,-1897.200195,-0.159919,-0.663352,0.731020,0.100000,0.020000,1,0.481270
17.695831,25.546755,0.305894,-5.541860,68.027985,-5.442132,-1063.430786,4222.952637,-335.398132,0.201239,-0.880822,0.428550,0.100000,0.020000,1,0.191760
18.096270,25.496162,0.123324,86.596092,-11.718002,134.329025,6037.457031,-854.060425,10749.188477,0.085622,-0.801322,-0.592075,0.100000,0.020000,1,0.135982
17.635118,25.562931,0.223146,12.058198,-0.051861,0.563925,31.081593,-39.539940,23.537411,0.276348,-0.906681,0.318688,0.100000,0.020000,1,0.229797
19.880198,27.597511,1.105393,561.334473,584.231079,216.313416,20316.699219,21872.214844,3700.561523,-0.077163,-0.697726,0.712197,0.100000,0.020000,1,0.935501
17.571968,25.550011,-0.054747,11.413416,1.459545,-0.005432,6.003377,-5.900313,0.056063,0.366804,-0.927079,-0.077324,0.100000,0.020000,1,0.441258
17.573286,25.553638,0.019220,11.450830,1.446957,0.001915,5.998374,-5.955685,-0.019723,0.363320,-0.931269,0.027146,0.100000,0.020000,1,0.919710
17.911146,25.527273,-0.492345,12.685413,-7.410997,-2.222554,77.470367,-252.338226,-100.364014,-0.071142,-0.702982,-0.707641,0.100000,0.020000,1,0.232010
17.568094,25.534151,-0.126100,11.250911,1.494755,-0.012543,6.058669,-5.723475,0.129220,0.379534,-0.907873,-0.178103,0.100000,0.020000,1,0.818743
17.636370,25.528879,-0.284727,11.224605,0.790590,-0.013737,5.514218,-5.783513,0.601283,0.291306,-0.868093,-0.401940,0.100000,0.020000,1,0.311863
17.563166,25.539148,0.078031,11.300468,1.546301,0.007751,6.105587,-5.773607,-0.079987,0.383688,-0.916863,0.110210,0.100000,0.020000,1,0.540406
17.449249,25.461311,0.149332,-12.928582,24.968130,-40.966599,-2584.272217,1308.903320,-3515.397217,0.203677,-0.826899,0.524169,0.100000,0.020000,1,0.359396
17.788008,25.532682,0.426471,-20.055885,-82.880844,58.723755,-1951.719116,-5118.382812,3654.165039,0.100493,-0.778925,0.619013,0.100000,0.020000,1,0.158901
17.558994,25.518330,0.152503,11.087478,1.582935,0.015150,6.159860,-5.554556,-0.156215,0.399179,-0.891214,0.215394,0.100000,0.020000,1,0.873368
17.645979,25.521416,0.306531,-70.158211,-56.805878,3.108254,-5077.791016,-3611.142334,187.103683,0.299617,-0.848990,0.435254,0.100000,0.020000,1,0.217400
18.150743,24.783577,-1.957369,144.681259,-14.508208,-295.839111,9713.177734,-3789.647705,-24786.847656,0.028554,-0.716306,-0.697202,0.100000,0.020000,1,0.778063
17.646254,25.497036,-0.346462,10.893888,0.689240,-0.034242,5.172935,-5.291501,0.351561,0.293495,-0.821227,-0.489333,0.100000,0.020000,1,0.378466
17.567772,25.502800,-0.216340,10.931630,1.489647,-0.021710,6.066342,-5.367142,0.225752,0.394950,-0.866399,-0.305562,0.100000,0.020000,1,0.571644
17.771503,25.599228,-0.367149,-8.179849,-32.442684,-14.236427,-913.878235,-1580.843750,-686.933655,0.221559,-0.777114,-0.589072,0.100000,0.020000,1,0.493324
17.557053,25.482250,0.236031,10.698585,1.605636,0.021409,5.701377,-4.892542,-0.289729,0.419245,-0.844463,0.333341,0.100000,0.020000,1,0.773959
17.674776,25.467199,0.407082,224.962357,29.703548,153.787338,13366.740234,1839.935791,9586.010742,0.214568,-0.758907,0.614834,0.100000,0.020000,1,0.670212
17.625837,25.445112,0.387548,17.268681,13.994263,-3.890501,391.876617,715.216980,-154.081436,0.322398,-0.793896,0.515547,0.100000,0.020000,1,0.559678
17.487986,25.465412,0.004294,10.529468,2.291428,0.000426,6.982427,-4.945658,-0.004399,0.518779,-0.854887,0.006064,0.100000,0.020000,1,0.653076
17.493603,25.466896,-0.069624,10.546065,2.234789,-0.006916,6.920871,-4.957080,0.071314,0.510608,-0.854172,-0.098336,0.100000,0.020000,1,0.682956
17.570900,25.469456,-0.284233,10.593522,1.448510,-0.028698,6.014898,-4.979364,0.298690,0.406722,-0.820614,-0.401460,0.100000,0.020000,1,0.855895
17.968420,25.102285,0.229203,80.903152,-27.474646,-8.775629,6144.529297,-3318.446533,-813.413940,0.422492,-0.807973,0.410708,0.100000,0.020000,1,0.998959
17.495758,25.453789,-0.136807,10.413183,2.209225,-0.013591,6.885309,-4.810510,0.140120,0.514010,-0.835738,-0.193224,0.100000,0.020000,1,0.276297
17.489355,25.457867,0.090429,10.452723,2.275361,0.008983,6.954467,-4.866238,-0.092611,0.520567,-0.844214,0.127721,0.100000,0.020000,1,0.552512
17.838526,25.489254,0.509767,199.895020,-30.834576,28.933765,11852.178711,-1770.363159,1786.689575,0.021530,-0.680851,0.732105,0.100000,0.020000,1,0.520996
17.490072,25.435833,0.166563,10.228886,2.262481,0.016546,6.956114,-4.603694,-0.170654,0.530147,-0.814617,0.235251,0.100000,0.020000,1,0.753198
17.489828,25.425804,-0.204952,9.877680,2.425606,0.267902,-24.289661,29.477613,43.952625,0.531724,-0.792724,-0.298091,0.100000,0.020000,1,0.242174
17.148598,25.478907,0.260338,-71.842903,16.764681,6.747250,-6605.686035,1177.729126,590.501831,0.534009,-0.785996,0.311520,0.100000,0.020000,1,0.811029
17.758558,25.186474,0.050006,72.902733,-63.544292,72.724579,5031.745117,-5045.077148,5940.078125,0.522763,-0.760663,-0.384851,0.100000,0.020000,1,0.745871
17.518742,25.422367,-0.346833,57.583752,-15.871573,-34.334618,2795.791992,-1063.800781,-2131.268066,0.435072,-0.748044,-0.501141,0.100000,0.020000,1,0.654217
17.475807,25.687389,0.399023,4.550183,51.018414,16.176872,-447.473969,4350.311035,1464.812866,0.532772,-0.738700,0.412888,0.100000,0.020000,1,0.816322
17.656977,25.418091,0.444211,10.093361,0.558431,0.044131,5.044278,-4.391746,-0.455149,0.316991,-0.711258,0.627399,0.100000,0.020000,1,0.950911
17.599977,25.424892,0.365084,-55.246967,-52.477322,13.507004,-3986.133789,-3300.144531,815.630676,0.439321,-0.727359,0.527206,0.100000,0.020000,1,0.910917
17.448273,25.351784,-0.109951,5.907417,1.672168,1.002233,-181.625443,28.845375,-17.430473,0.628607,-0.757257,-0.177245,0.100000,0.020000,1,0.940107
17.429794,25.378052,0.010040,9.627007,2.878447,-0.004967,15.346256,-5.886680,-0.298273,0.640070,-0.768186,0.014150,0.100000,0.020000,1,0.088161
17.430399,25.253063,-0.045526,-6.468309,14.356368,-7.920225,-1006.288269,209.040543,-397.740051,0.638211,-0.763512,-0.098667,0.100000,0.020000,1,0.897776
17.008932,26.091923,-1.187583,-118.732285,213.716858,-387.539581,-3696.917236,6514.502441,-11795.092773,0.636774,-0.760950,0.124392,0.100000,0.020000,1,0.572272
17.218386,24.991608,0.168584,19.090166,27.217163,-0.146017,-277.876251,12.028969,79.337860,0.643939,-0.736312,0.207814,0.100000,0.020000,1,0.675301
17.724949,25.425396,-0.488176,10.422307,-0.167214,-0.356020,16.195969,-5.892517,-14.986105,0.222319,-0.688000,-0.690819,0.100000,0.020000,1,0.466521
17.790201,25.437950,0.514843,10.331685,-0.792334,0.051148,3.527791,-4.595685,-0.527519,0.130584,-0.673935,0.727159,0.100000,0.020000,1,0.037762
17.607866,25.460697,-0.443381,7.164102,6.175552,-1.042844,-297.714294,564.194458,-87.088242,0.347718,-0.705136,-0.617961,0.100000,0.020000,1,0.144260
17.589432,25.367434,-0.444080,8.569327,0.715285,7.345668,-43.926151,-31.200146,372.086578,0.435388,-0.675386,-0.595223,0.100000,0.020000,1,0.611024
17.363535,25.276932,0.422412,-9.289865,-5.957894,44.356895,-1479.749146,-733.665466,3576.971680,0.648356,-0.684468,0.333374,0.100000,0.020000,1,0.309735
17.431530,25.303665,-0.204435,9.163857,0.124405,-0.035411,18.852661,-244.470978,-1.432456,0.664096,-0.689738,-0.288509,0.100000,0.020000,1,0.032142
17.523476,25.339464,-0.687890,99.702530,71.726364,1479.412109,5768.607910,4421.725586,91990.468750,0.550233,-0.668371,-0.500523,0.100000,0.020000,1,0.429404
17.381966,25.292032,-0.002211,8.719318,3.307100,-0.029988,-1.598555,2.781466,-14.038000,0.740040,-0.672562,0.000980,0.100000,0.020000,1,0.572897
17.384821,25.287672,-0.045387,8.930153,3.281231,-4.390279,13.489277,-8.150990,-188.671631,0.737306,-0.669010,-0.093834,0.100000,0.020000,1,0.919408
17.430210,25.241266,-0.132764,12.338140,1.859049,0.478026,408.213989,-220.461792,55.197460,0.738595,-0.645141,-0.195630,0.100000,0.020000,1,0.972275
17.378479,25.269009,0.072293,8.507184,3.333980,0.017997,4.842546,-0.705887,-2.779586,0.757053,-0.645143,0.103250,0.100000,0.020000,1,0.602894
18.097387,24.925646,0.428209,98.824921,-44.284309,7.628600,8076.075684,-4569.703613,680.920349,0.542565,-0.646394,0.536469,0.100000,0.020000,1,0.309183
17.387255,25.254265,0.149836,8.353138,3.255920,0.021508,7.475930,-2.142220,-2.272448,0.753301,-0.622405,0.212482,0.100000,0.020000,1,0.997213
17.757914,25.066027,-0.845135,59.796856,-21.925066,-84.384575,4511.174316,-2512.299805,-7676.316406,0.649581,-0.647336,-0.398749,0.100000,0.020000,1,0.021351
17.396711,25.147074,0.232129,5.411200,-22.645088,3.247044,-232.387772,-2090.208496,256.900513,0.722483,-0.618116,0.309759,0.100000,0.020000,1,0.542535
17.525251,25.216217,0.500766,21.414589,19.971399,0.376527,-120.035263,542.040161,-55.473984,0.233416,-0.639181,0.732778,0.100000,0.020000,1,0.944163
17.372717,25.217173,-0.234544,10.591929,2.721049,7.385035,61.292099,-119.759254,333.287262,0.749148,-0.597544,-0.285863,0.100000,0.020000,1,0.864558
17.780003,25.438004,-0.509752,10.329267,-0.688619,-0.050644,3.626202,-4.613360,0.522166,0.144100,-0.678883,-0.719967,0.100000,0.020000,1,0.008065
17.419127,25.298855,-0.356888,44.550407,-13.466196,5.868784,2028.901367,-909.914001,336.304291,0.621801,-0.609612,-0.491668,0.100000,0.020000,1,0.920322
17.437790,25.298504,0.312260,3.813044,10.353376,0.571092,-363.487274,590.631714,44.251316,0.654566,-0.616555,0.437496,0.100000,0.020000,1,0.215222
17.800280,25.111088,0.410821,48.454628,-10.819459,-15.995564,2989.042725,-1739.487915,-1407.095093,0.322206,-0.622380,0.713321,0.100000,0.020000,1,0.629070
17.758265,24.411371,-1.225863,189.511154,-42.390465,-252.587814,-6203.380859,1130.283203,-17438.978516,0.821964,-0.564318,-0.076941,0.100000,0.020000,1,0.610620
15.958030,27.201763,-0.256679,-448.716858,586.673584,-191.885056,-13954.935547,17776.966797,-5370.566406,0.619347,-0.591146,0.516677,0.100000,0.020000,1,0.405436
16.863804,25.378454,0.779604,-85.286430,73.216522,97.507523,-8236.525391,5124.055176,8151.761719,0.718047,-0.550845,0.425416,0.100000,0.020000,1,0.737173
17.564882,25.372646,0.495208,5.946310,4.756398,2.935629,-359.010010,403.122559,313.173401,0.430187,-0.621152,0.655064,0.100000,0.020000,1,0.055184
17.550327,25.289036,0.436541,8.750957,1.612064,0.041099,6.349196,-2.965075,-0.353617,0.520318,-0.590945,0.616485,0.100000,0.020000,1,0.141409
16.812197,25.559620,-0.197668,-114.155174,92.124710,-54.941395,-9911.339844,7191.136719,-4379.958008,0.843626,-0.536148,0.029006,0.100000,0.020000,1,0.494219
17.125288,24.834459,-0.035827,121.314201,-52.573936,-478.736298,5960.224609,-5087.592285,-29231.599609,0.738728,-0.554348,-0.383379,0.100000,0.020000,1,0.219429
17.165230,25.566530,-0.024453,-35.198132,90.686943,-24.206264,-3486.514648,7091.359375,-1962.782227,0.830042,-0.546290,0.112242,0.100000,0.020000,1,0.210380
17.626379,25.350140,-0.520428,10.252280,6.139236,-3.039411,144.509201,529.484436,-307.519745,0.430476,-0.576219,-0.694739,0.100000,0.020000,1,0.090824
17.671368,25.347723,-0.509513,9.375983,0.399376,-0.048902,7.717373,-2.269490,-2.702498,0.332604,-0.610839,-0.718505,0.100000,0.020000,1,0.251946
17.361992,25.153227,0.160828,7.315488,3.487982,0.015956,8.438592,-1.381135,-0.164428,0.835384,-0.500536,0.227151,0.100000,0.020000,1,0.696785
17.316034,24.797487,-0.437521,-149.058548,125.693985,227.608643,-10406.635742,6116.946777,13950.751953,0.713708,-0.513397,-0.476493,0.100000,0.020000,1,0.845979
17.529699,25.256865,-0.412217,8.877269,2.716531,1.600754,-7.219604,18.750853,204.254654,0.546885,-0.566954,-0.616019,0.100000,0.020000,1,0.043500
17.501570,25.215729,-0.418797,7.990613,2.078206,-0.039905,5.338385,-0.520700,-0.258322,0.619764,-0.516073,-0.591237,0.100000,0.020000,1,0.717787
17.365923,25.113495,0.177182,7.945982,4.066801,-5.772806,23.033560,-43.120022,-537.819824,0.827450,-0.469319,0.308329,0.100000,0.020000,1,0.913247
16.840109,24.941467,1.057793,-60.403473,91.557716,351.450317,-8108.924805,-6983.578613,12199.081055,0.804127,-0.454515,-0.383140,0.100000,0.020000,1,0.000222
16.853783,26.551662,-0.644484,-132.431732,398.690887,-137.958115,-10893.172852,30879.375000,-10777.715820,0.855247,-0.473593,-0.210383,0.100000,0.020000,1,0.017781
17.150051,25.102545,-0.094094,-29.360878,36.002598,-110.326233,-3558.315674,1850.521973,-8873.487305,0.717010,-0.473440,0.511616,0.100000,0.020000,1,0.063878
17.331554,25.090309,-0.007296,7.357967,7.106055,15.735824,47.955761,235.571823,911.242493,0.906112,-0.422680,0.017384,0.100000,0.020000,1,0.883589
17.572374,25.243885,-0.482154,8.301506,1.391648,-0.046652,12.740223,-5.650744,-1.849738,0.514432,-0.522231,-0.680172,0.100000,0.020000,1,0.599620
17.709032,24.439796,-0.709344,157.272919,-33.149822,-117.032532,-116.039261,-11798.750977,-4535.458984,0.841018,-0.447763,-0.303638,0.100000,0.020000,1,0.234888
17.629192,25.301899,0.507960,8.607490,1.974110,0.220101,-36.077198,97.625992,-7.775428,0.403760,-0.559936,0.723498,0.100000,0.020000,1,0.601185
17.193605,24.971182,0.033268,141.538956,-70.136978,369.536804,7065.445801,-5524.358887,21585.955078,0.596493,-0.492451,0.633788,0.100000,0.020000,1,0.808861
17.131056,25.153347,0.782557,-24.294914,24.942122,106.695656,-2833.287109,1709.908325,9397.137695,0.896775,-0.392094,0.205076,0.100000,0.020000,1,0.815251
17.355589,25.083031,-0.133660,9.659490,7.761796,-1.109565,257.640167,316.495331,-71.836182,0.899964,-0.395106,-0.184269,0.100000,0.020000,1,0.669986
17.113300,24.822977,-0.250585,127.917473,-61.964165,48.432171,6630.466797,-5130.742188,2895.492920,0.875694,-0.379322,-0.298790,0.100000,0.020000,1,0.511062
17.364775,25.040150,0.216672,5.888381,3.335588,-0.859569,-7.632891,-5.773415,-51.496651,0.886225,-0.349067,0.304560,0.100000,0.020000,1,0.941460
17.446825,25.085630,0.405088,6.475294,-6.708623,7.914461,6.409097,-617.011230,614.931641,0.756475,-0.380112,0.532222,0.100000,0.020000,1,0.234515
17.334064,25.038038,-0.066732,6.132141,3.731569,-0.168864,8.853610,0.018802,-3.827147,0.927679,-0.360722,-0.096392,0.100000,0.020000,1,0.022938
17.483917,25.134150,-0.424895,6.786336,2.187968,0.742301,-7.602481,-4.569985,39.622772,0.685385,-0.417468,-0.596631,0.100000,0.020000,1,0.503234
17.330454,24.990147,0.020745,5.385729,4.139515,-0.059373,-10.694412,35.184433,-5.284718,0.954952,-0.295265,0.029768,0.100000,0.020000,1,0.432616
17.334354,24.986361,-0.064138,5.599563,3.711768,-0.006328,8.848733,0.680749,0.065456,0.952149,-0.291901,-0.090587,0.100000,0.020000,1,0.939093
17.549078,25.088511,0.340461,12.268190,-2.335280,-15.126520,575.399963,-454.100006,-1355.039917,0.675601,-0.406523,0.615063,0.100000,0.020000,1,0.033042
17.284142,24.936857,-0.420424,79.321930,-20.340139,76.904381,3989.418457,-2024.231323,4604.171875,0.782325,-0.359873,-0.508389,0.100000,0.020000,1,0.185837
17.063229,25.965979,-3.030359,-80.180328,239.179459,-841.401794,-6826.871094,18804.609375,-67015.007812,0.848607,-0.323172,0.418839,0.100000,0.020000,1,0.825233
17.234571,25.005098,0.113186,-3.451908,14.022606,4.387304,-1011.185730,561.818054,394.696655,0.931091,-0.344538,0.119850,0.100000,0.020000,1,0.200985
17.405190,25.077271,-0.269563,6.874520,9.207935,1.121799,138.358154,609.055786,107.941032,0.864213,-0.314655,-0.392592,0.100000,0.020000,1,0.253192
17.274014,25.012648,-0.133481,51.623791,-20.798550,3.264106,2628.804932,-1385.837158,186.017090,0.944665,-0.273286,-0.181445,0.100000,0.020000,1,0.233874
17.337254,24.970955,0.084176,5.447605,3.671896,0.005362,8.599442,0.919123,0.004002,0.955538,-0.269880,0.118794,0.100000,0.020000,1,0.660634
17.557934,25.214760,-0.499968,3.137118,-29.152042,8.541140,-255.105484,-1789.029663,500.473022,0.570008,-0.443165,-0.691879,0.100000,0.020000,1,0.849505
17.684101,25.455137,-0.046596,116.449692,148.973495,-17.578743,1849.328613,4750.532715,-7231.781250,0.941652,-0.255685,0.218899,0.100000,0.020000,1,0.402681
17.361221,24.965050,-0.198671,5.397773,3.443518,-0.019630,8.489852,0.811840,0.203720,0.926429,-0.250986,-0.280598,0.100000,0.020000,1,0.615443
17.338373,24.989107,0.209299,14.553182,-2.905646,2.631419,465.395050,-315.547302,131.482285,0.917096,-0.254603,0.306776,0.100000,0.020000,1,0.331305
17.604965,25.235113,0.516694,8.216574,1.038798,0.051328,5.648726,-2.295679,-0.529318,0.473536,-0.493148,0.729773,0.100000,0.020000,1,0.632109
17.353697,24.928228,-0.051213,48.328518,-21.010807,-455.931122,2188.490967,-1976.615967,-27247.533203,0.746369,-0.310223,-0.588809,0.100000,0.020000,1,0.905779
17.350864,24.880146,-0.001944,6.071000,1.516321,-3.144381,133.843430,-175.532196,-269.598633,0.986660,-0.161403,0.021255,0.100000,0.020000,1,0.661954
17.512791,25.324482,0.511271,-1.065058,31.253643,1.409874,-730.486572,2566.349609,118.948280,0.568385,-0.414458,0.710749,0.100000,0.020000,1,0.453920
17.357237,24.883537,-0.134654,4.552570,3.443887,-0.013102,8.604270,1.873089,0.141296,0.971087,-0.144296,-0.190180,0.100000,0.020000,1,0.947611
17.390106,24.936190,-0.273288,5.086470,3.141306,-0.017170,9.251448,11.969349,-12.230334,0.903436,-0.195495,-0.381556,0.100000,0.020000,1,0.830722
17.360821,24.840382,-0.434322,9.932971,4.129982,-178.201263,164.579651,-319.813263,-14259.288086,0.894656,-0.191680,0.403546,0.100000,0.020000,1,0.158430
17.352581,24.874186,-0.063248,4.518157,3.489038,-0.039349,29.873823,-10.291803,-14.012054,0.986584,-0.139206,-0.085285,0.100000,0.020000,1,0.586447
17.350903,24.875975,0.084647,4.467854,3.492238,0.018996,8.703245,1.976958,-0.031085,0.983303,-0.137013,0.119760,0.100000,0.020000,1,0.246993
17.425474,25.063425,0.393446,33.882729,-16.281481,16.978304,1521.187012,-1057.058472,886.131165,0.731917,-0.288438,0.617333,0.100000,0.020000,1,0.642532
17.368221,24.866653,0.168448,3.214062,0.345785,-7.404717,-61.790623,-174.022125,-446.613983,0.966502,-0.112909,0.230490,0.100000,0.020000,1,0.876553
17.442822,24.880026,0.069463,-32.957752,27.295893,-384.788361,-2386.299561,1169.341187,-22462.052734,0.825179,-0.224922,-0.518160,0.100000,0.020000,1,0.180512
17.628050,24.972626,-0.637405,-173.490814,0.371075,246.932175,-10623.166016,-114.692131,14668.352539,0.781329,-0.206671,-0.588908,0.100000,0.020000,1,0.866235
17.282616,25.061043,0.529796,181.088989,-96.148071,-156.538925,10432.475586,-5842.106445,-9241.102539,0.819380,-0.215683,0.531128,0.100000,0.020000,1,0.191811
17.878267,24.482992,0.272205,119.972115,-53.040352,8.336999,9345.295898,-5050.916016,694.556335,0.941996,-0.075592,0.327001,0.100000,0.020000,1,0.604377
17.387196,24.842108,-0.211020,4.073920,3.191198,-0.228868,4.678121,4.244175,-9.079694,0.951142,-0.075678,-0.299334,0.100000,0.020000,1,0.718815
17.376141,24.785515,0.078111,3.521230,3.172438,0.007554,8.485589,3.136664,-0.071115,0.993888,-0.004128,0.110315,0.100000,0.020000,1,0.519689
17.451008,24.912649,0.377419,4.904809,2.538304,0.039351,16.665768,0.430239,1.158760,0.834755,-0.139790,0.532581,0.100000,0.020000,1,0.478363
17.412392,24.847952,-0.288727,4.426226,2.593851,0.948994,17.006443,-9.966311,41.234791,0.913598,-0.068614,-0.400786,0.100000,0.020000,1,0.189309
17.421694,24.831469,0.292455,4.043863,2.740046,-0.119780,7.332069,-0.018889,-6.531437,0.910104,-0.044406,0.411993,0.100000,0.020000,1,0.430595
17.378336,24.776257,-0.066094,3.419956,3.137291,-0.006091,8.434088,3.242377,0.076904,0.995590,0.009398,-0.093344,0.100000,0.020000,1,0.200750
17.339842,26.170383,-0.157139,-15.881451,320.990601,47.479656,-1692.720703,25441.494141,3802.328613,0.862004,-0.116718,-0.493280,0.100000,0.020000,1,0.004979
17.357199,24.952332,-0.435398,67.500465,-25.548481,-29.719707,3221.531250,-2017.995850,-1692.941650,0.693207,-0.251007,-0.675618,0.100000,0.020000,1,0.890308
16.608845,25.074991,1.264567,-170.673584,137.400009,395.967621,-10600.712891,-1288.061157,12281.437500,0.983250,0.017918,-0.181379,0.100000,0.020000,1,0.671542
17.565142,24.886215,0.522987,-26.875038,30.281916,-12.891213,-2195.051270,1342.405029,-1012.138306,0.754241,-0.181865,0.630908,0.100000,0.020000,1,0.098634
17.425436,25.025574,0.356123,6.142342,2.737360,0.007150,10.410351,-1.488276,-1.049592,0.810978,-0.299490,0.502614,0.100000,0.020000,1,0.039621
17.412090,24.776337,0.222183,3.486530,2.870918,0.021875,7.904353,2.918495,-0.226824,0.949185,0.023975,0.313804,0.100000,0.020000,1,0.377091
17.387089,24.749258,0.036489,3.504390,2.801755,4.982098,36.583515,-12.673862,415.588135,0.998663,0.048700,0.017332,0.100000,0.020000,1,0.118929
17.404539,24.747639,0.154907,3.152783,2.889186,0.014887,8.031013,3.302460,-0.146702,0.973967,0.059376,0.218775,0.100000,0.020000,1,0.258636
17.534643,25.083366,0.508879,12.272819,-0.969735,2.388375,262.555542,-159.441559,118.081627,0.608042,-0.315536,0.728506,0.100000,0.020000,1,0.922063
17.536327,25.031900,0.524149,6.517206,1.481995,3.712615,-2.422846,-7.576450,303.646545,0.651309,-0.252332,0.715630,0.100000,0.020000,1,0.648289
17.463699,24.829958,0.367035,4.053790,2.367008,0.036442,7.312309,2.338086,-0.375781,0.854840,-0.022661,0.518396,0.100000,0.020000,1,0.908479
17.558081,25.054947,-0.521903,-1.700423,7.523833,7.242442,-459.686890,242.628204,374.844818,0.627178,-0.324463,-0.708076,0.100000,0.020000,1,0.095630
17.458014,24.822239,-0.352305,3.961288,2.413826,-0.041305,7.716445,6.376800,2.897193,0.866734,-0.013732,-0.498582,0.100000,0.020000,1,0.368494
17.487843,24.886059,-0.424228,4.620577,2.125286,-0.036204,7.531878,4.348478,-0.840616,0.796555,-0.084600,-0.598618,0.100000,0.020000,1,0.561713
17.405920,24.727825,-0.054582,0.528628,11.528658,-1.294829,-53.942402,272.239685,-39.054527,0.988893,0.130533,-0.071069,0.100000,0.020000,1,0.864100
17.244263,24.830112,0.138322,-34.178226,30.973270,9.428705,-3027.773193,2350.388916,867.938782,0.985514,0.134744,0.102986,0.100000,0.020000,1,0.336477
17.370279,24.721027,0.114201,-6.063458,7.480058,34.880703,-784.349731,462.186798,3235.315430,0.969933,0.154896,-0.187716,0.100000,0.020000,1,0.299683
17.429796,24.692011,0.144248,2.567437,2.590385,0.012765,8.629073,5.522772,-0.181810,0.968050,0.146223,0.203712,0.100000,0.020000,1,0.524746
17.526770,24.973612,-0.488962,7.117086,-2.258220,-0.195682,121.518333,-205.560547,-30.267107,0.710319,-0.168734,-0.683356,0.100000,0.020000,1,0.935716
17.422470,24.678347,0.008060,2.352314,2.555884,0.000768,9.386827,6.840500,-0.003633,0.986550,0.163063,0.011382,0.100000,0.020000,1,0.292671
17.500572,24.892654,0.442265,4.701916,2.008651,0.043896,6.875731,1.622756,-0.452960,0.775899,-0.088290,0.624649,0.100000,0.020000,1,0.811099
17.457340,24.713373,-0.237449,6.311501,0.768026,-2.758703,333.406982,-184.196991,-274.018219,0.948896,0.094574,-0.301085,0.100000,0.020000,1,0.013024
17.462814,24.741032,0.303384,3.148035,2.351634,0.030107,7.326423,3.346282,-0.310553,0.898535,0.095007,0.428495,0.100000,0.020000,1,0.640306
17.464136,24.744768,-0.301670,-0.480649,3.653466,3.880614,-172.096848,60.046391,189.057632,0.910255,0.078820,-0.406477,0.100000,0.020000,1,0.181543
17.454668,24.671543,-0.196143,2.293017,2.402649,-0.052880,-6.264637,12.641210,6.551750,0.941702,0.186714,-0.279883,0.100000,0.020000,1,0.267498
17.386957,24.739176,0.262543,-16.634329,19.066029,10.818517,-1510.928589,1337.474609,859.448792,0.932305,0.185313,0.310592,0.100000,0.020000,1,0.452989
17.490330,24.743809,-0.352736,3.214021,2.103393,-0.126952,8.263231,4.622138,-3.625615,0.860411,0.104302,-0.498813,0.100000,0.020000,1,0.732862
17.540770,24.942818,0.497453,5.223600,1.612642,0.049348,6.415288,1.050206,-0.509263,0.698536,-0.135678,0.702595,0.100000,0.020000,1,0.369097
17.466494,24.614744,0.012224,1.569191,1.891694,0.000769,8.429198,7.162352,-0.024419,0.962155,0.271954,0.017260,0.100000,0.020000,1,0.652365
17.504364,24.801077,-0.409480,3.749599,2.066105,-0.028139,6.352628,6.743628,2.858731,0.814692,0.033924,-0.578901,0.100000,0.020000,1,0.444297
17.493248,24.599592,-0.274724,5.544247,1.007752,-100.159836,295.241791,-108.659805,-8088.821777,0.937669,0.277881,0.208710,0.100000,0.020000,1,0.304915
17.483091,24.609041,-0.132713,1.609452,1.852512,-0.012635,7.768828,5.671791,0.006404,0.940133,0.284667,-0.187387,0.100000,0.020000,1,0.313076
20.297693,22.945230,0.443863,852.239685,-452.748260,116.630684,17181.257812,-17965.365234,-12856.140625,0.947281,0.295200,0.124563,0.100000,0.020000,1,0.788914
17.538815,24.873604,0.358296,-180.805634,-128.866226,78.817291,-11562.076172,-7980.072266,4666.935547,0.792529,0.029709,0.609110,0.100000,0.020000,1,0.710426
17.703421,24.869267,-0.116615,51.899429,42.699253,53.643250,3991.801270,3433.153564,4099.692383,0.888766,0.214244,-0.405209,0.100000,0.020000,1,0.483714
18.623091,24.246693,0.405936,331.150696,-118.402626,47.022404,12785.773438,-3876.629639,1855.599365,0.886707,0.220033,0.406614,0.100000,0.020000,1,0.621658
17.449835,24.632198,-0.288630,35.859226,-18.002298,98.877243,1930.182007,-1105.063965,5860.816406,0.910361,0.305975,-0.278608,0.100000,0.020000,1,0.177007
17.444439,24.639542,0.261889,46.799835,-24.297222,-26.187693,2573.047119,-1477.732178,-1464.225342,0.901790,0.305627,0.305559,0.100000,0.020000,1,0.548256
17.547674,24.872454,-0.488352,4.508800,1.523127,-0.048399,6.323372,1.872213,0.499660,0.723010,-0.038929,-0.689740,0.100000,0.020000,1,0.305667
17.465109,24.689291,-0.313610,-7.452424,7.729431,3.573213,-889.199951,526.799866,320.289093,0.847003,0.240383,-0.474133,0.100000,0.020000,1,0.834110
17.532774,24.717081,0.389676,1.365704,1.987998,-0.657086,-77.682220,20.932434,-37.880432,0.821343,0.157701,0.548202,0.100000,0.020000,1,0.086246
17.551741,24.730970,-0.425158,3.069384,1.442609,-0.042114,6.303388,3.504747,0.434591,0.785265,0.150917,-0.600486,0.100000,0.020000,1,0.364511
17.544613,24.592148,-0.277705,2.606372,1.147948,0.349009,86.555351,-41.046314,-5.455445,0.866009,0.322331,-0.382271,0.100000,0.020000,1,0.366346
17.602322,24.625473,0.346201,-33.205536,-16.738503,-40.789860,-1958.565430,-1042.161377,-2325.197998,0.856884,0.320281,0.403944,0.100000,0.020000,1,0.573892
17.557930,24.535799,-0.158982,2.052710,0.119601,-3.969099,143.959579,-72.882401,-377.980865,0.895117,0.407367,-0.181154,0.100000,0.020000,1,0.714495
17.582237,24.518169,-0.109350,5.950150,-2.346827,-6.036237,518.772644,-280.989014,-539.031372,0.905339,0.412539,-0.100862,0.100000,0.020000,1,0.971948
17.450430,24.592447,-0.132704,-11.544608,7.679449,-15.318067,-1134.077759,685.094604,-1557.389282,0.907527,0.419819,0.012126,0.100000,0.020000,1,0.485860
17.545549,24.868073,0.449295,8.177405,0.041610,17.747114,163.752991,-109.366203,888.882080,0.701814,-0.034567,0.711521,0.100000,0.020000,1,0.314963
17.704386,24.572117,0.237599,21.657654,-9.379025,-19.004061,1838.999756,-1064.432007,-1791.713135,0.810095,0.240314,0.534786,0.100000,0.020000,1,0.732698
17.854668,24.362755,0.973978,75.722794,-42.635269,209.676834,5983.263184,-3449.350586,16697.378906,0.881474,0.425388,0.205057,0.100000,0.020000,1,0.342514
17.494287,24.567051,0.102497,-12.168073,8.017007,3.088266,-1045.857422,633.206421,239.885086,0.891188,0.436225,0.124467,0.100000,0.020000,1,0.536531
17.563297,24.752066,0.459454,1.664227,-6.299135,-9.998080,-71.931160,-409.190704,-541.591492,0.772176,0.149371,0.617602,0.100000,0.020000,1,0.238818
17.572495,24.814962,-0.491914,3.930336,1.253562,-0.048611,6.048369,2.538534,0.502070,0.717542,0.049313,-0.694768,0.100000,0.020000,1,0.589551
17.663500,24.500238,0.186454,-50.206921,16.710535,26.943571,-2905.474854,898.414062,1531.380249,0.837312,0.443284,0.320013,0.100000,0.020000,1,0.344639
17.588633,24.518526,-0.203946,0.753536,0.892660,-0.015894,8.877301,12.158138,0.418872,0.843034,0.454240,-0.288028,0.100000,0.020000,1,0.626217
17.589512,24.749466,-0.475839,3.268049,1.061282,-0.046959,5.864039,3.308772,0.485531,0.726268,0.144454,-0.672062,0.100000,0.020000,1,0.928865
17.622561,24.489719,-0.055636,0.165239,0.286203,0.000000,-43.270283,-67.056671,-0.181420,0.840644,0.535866,-0.078509,0.100000,0.020000,1,0.549267
17.635605,24.590960,-0.394759,5.924951,0.987727,-5.089677,421.895203,13.279434,-491.581268,0.787675,0.361178,-0.499118,0.100000,0.020000,1,0.361764
17.543427,24.539772,-0.057970,0.451695,0.823749,0.341757,0.868424,25.156010,56.365707,0.903527,0.418213,-0.093472,0.100000,0.020000,1,0.085080
17.898340,24.366198,0.073374,64.445908,-35.152626,78.345924,5202.746582,-2909.824219,6379.208984,0.803111,0.458636,-0.380349,0.100000,0.020000,1,0.129660
17.628077,24.486538,0.090492,-0.816554,0.872830,0.846599,-146.398849,-11.856306,96.571976,0.826592,0.550344,0.117762,0.100000,0.020000,1,0.190960
17.603838,24.599220,0.367822,1.741130,0.871636,0.036250,5.729347,4.956958,-0.374112,0.779114,0.350857,0.519500,0.100000,0.020000,1,0.176924
18.114006,24.205984,0.433529,109.240723,-62.542675,108.044846,8821.253906,-5218.478516,8611.446289,0.824480,0.565728,0.013589,0.100000,0.020000,1,0.489493
17.595112,24.660257,-0.418611,2.360728,0.977661,-0.041253,5.814286,4.255446,0.425971,0.761504,0.265622,-0.591233,0.100000,0.020000,1,0.130912
17.582209,24.777321,0.571830,6.740981,0.510423,-23.924129,133.763458,-140.645966,-1248.379883,0.692065,0.074940,0.717935,0.100000,0.020000,1,0.670565
17.624147,24.599382,0.462403,-11.028214,12.266158,-13.705078,-793.851562,482.695923,-756.019836,0.738110,0.277075,0.615161,0.100000,0.020000,1,0.906103
17.627796,24.624674,0.289799,-28.749462,-152.597870,66.279732,-1879.786255,-9244.871094,4147.287109,0.780409,0.462431,0.420855,0.100000,0.020000,1,0.710100
17.130110,24.774036,-0.009536,-129.412155,75.277809,38.726311,-10493.316406,5863.854004,3002.127686,0.797394,0.569766,-0.198820,0.100000,0.020000,1,0.458930
17.657045,24.469810,0.146840,0.140504,0.243361,0.000000,-34.948414,-57.881424,0.487012,0.795475,0.569458,0.207211,0.100000,0.020000,1,0.014947
17.637133,24.600197,-0.404866,1.759911,0.530241,-0.039683,5.349443,4.932889,0.410231,0.734451,0.365526,-0.571815,0.100000,0.020000,1,0.452200
17.387661,24.625340,-0.446405,735.691833,-424.745789,586.933411,45304.222656,-26160.464844,36082.812500,0.776591,0.551920,-0.303795,0.100000,0.020000,1,0.908709
17.722853,24.447371,0.241641,3.906137,-0.750578,0.720815,436.437653,-98.426529,84.079247,0.753471,0.570007,0.327680,0.100000,0.020000,1,0.971974
17.657164,24.533585,-0.345297,1.085325,0.309008,-0.033785,5.117197,5.945608,0.350207,0.739746,0.463620,-0.487681,0.100000,0.020000,1,0.923626
17.718939,24.434078,-0.125260,0.267458,0.463252,0.000000,-65.742203,-106.965149,-0.437294,0.737202,0.652140,-0.176767,0.100000,0.020000,1,0.533360
17.248537,24.772047,0.485092,-62.387432,37.588844,18.659048,-5787.167480,3345.129150,1652.587524,0.713629,0.465213,0.523747,0.100000,0.020000,1,0.879337
17.662434,24.694731,0.391147,-11.980818,-117.219353,92.076172,-841.352905,-7036.061523,5658.103516,0.706526,0.369796,0.603384,0.100000,0.020000,1,0.556426
17.838779,24.364887,-0.050787,19.449976,-10.403578,-8.581109,1651.806152,-1147.993652,-774.698364,0.744475,0.667649,0.001093,0.100000,0.020000,1,0.765187
17.733690,24.425562,-0.055153,0.350040,0.606287,0.000000,-87.475700,-138.433975,-0.187513,0.730406,0.678564,-0.077830,0.100000,0.020000,1,0.298862
17.741779,24.420891,0.223969,-5.764233,3.893771,-108.111755,-422.933777,111.713661,-6558.395996,0.710555,0.670003,0.214959,0.100000,0.020000,1,0.836101
17.654978,24.678623,-0.487391,2.565783,0.363652,-0.047291,5.171646,3.981495,0.491768,0.673235,0.270030,-0.688359,0.100000,0.020000,1,0.289491
17.561859,24.768307,0.484728,32.118481,-15.191976,13.449043,1527.865234,-917.116333,724.485657,0.668272,0.164895,0.725412,0.100000,0.020000,1,0.076445
17.983795,24.305302,-0.188924,-621.948120,277.453217,-57.932343,-38212.894531,17091.775391,-3558.859375,0.691161,0.657770,-0.299391,0.100000,0.020000,1,0.289681
17.715794,24.469997,0.307423,0.450748,-0.320368,0.029826,4.439630,6.287426,-0.310243,0.692387,0.576267,0.434184,0.100000,0.020000,1,0.210148
17.704256,24.559237,-0.420823,1.358401,-0.169722,-0.040523,4.542696,5.887550,0.427283,0.664991,0.452274,-0.594336,0.100000,0.020000,1,0.532598
17.730711,24.486731,-0.349245,0.625704,-0.460856,-0.033628,4.314259,6.795161,0.354686,0.664599,0.561264,-0.493246,0.100000,0.020000,1,0.304350
17.758371,24.411310,0.221319,0.161273,0.033601,0.010901,4.071369,7.761268,-0.224804,0.666505,0.676807,0.312574,0.100000,0.020000,1,0.779061
17.895506,24.332134,-0.005839,-200.804367,116.749687,131.470932,-12266.488281,6892.179199,7964.849609,0.692419,0.712702,0.112301,0.100000,0.020000,1,0.059784
17.727379,24.457108,-0.295596,0.319572,-0.451065,-0.028348,4.301893,6.319002,0.296329,0.683257,0.599062,-0.417473,0.100000,0.020000,1,0.056880
17.808012,24.382650,0.003128,0.392545,0.679908,0.000000,-93.819763,-156.052017,0.011733,0.645399,0.763833,0.004414,0.100000,0.020000,1,0.139506
17.901997,24.345568,0.052619,-126.606628,16.487700,21.632780,-7478.557617,1053.253662,1284.491577,0.646265,0.756331,0.101512,0.100000,0.020000,1,0.944069
17.687254,24.772699,0.287846,-3.435296,-634.162659,805.635254,-280.959137,-39686.652344,49961.578125,0.657450,0.262319,0.706362,0.100000,0.020000,1,0.706005
17.784012,24.418612,-0.272816,-0.058088,-1.029679,-0.025793,3.794267,7.971377,0.277504,0.626567,0.677468,-0.385293,0.100000,0.020000,1,0.259342
17.782030,24.430498,0.295951,0.062832,-1.006092,0.027981,3.787192,7.810266,-0.300948,0.623496,0.660724,0.417967,0.100000,0.020000,1,0.645636
17.815361,24.488525,0.358381,-34.516903,2.797147,10.379462,-1949.598145,199.089172,573.240051,0.634167,0.560194,0.532930,0.100000,0.020000,1,0.747469
17.823534,24.373688,-0.062359,0.366928,0.635538,0.000000,-84.246994,-147.418564,-0.267211,0.622559,0.777607,-0.088020,0.100000,0.020000,1,0.191236
17.739166,24.516359,0.429203,-6.998260,5.648592,2.123963,-471.964264,228.132812,113.283630,0.636294,0.469461,0.612157,0.100000,0.020000,1,0.929386
17.519453,24.549250,-0.931430,-106.731766,62.284035,-192.117554,-8148.613770,4474.419434,-15213.616211,0.596995,0.750764,-0.282754,0.100000,0.020000,1,0.929595
19.364702,25.503506,-1.111384,473.276337,327.552948,-381.228699,14026.935547,10782.901367,-11869.394531,0.600845,0.766358,0.227336,0.100000,0.020000,1,0.264233
16.959097,24.872772,-1.051056,-164.773849,96.109169,-143.576874,-14241.252930,7548.813477,-12066.696289,0.582606,0.655858,-0.480021,0.100000,0.020000,1,0.890837
17.724615,24.664459,-0.507708,-6.647457,-32.300266,13.927243,-502.061127,-1859.257812,813.781067,0.619204,0.367743,-0.693795,0.100000,0.020000,1,0.429836
17.748808,24.497547,0.389987,43.177143,-30.364885,-20.295513,2446.426025,-1646.589478,-1157.651733,0.572755,0.643172,0.508214,0.100000,0.020000,1,0.952455
18.113722,24.368092,-0.082581,45.407299,5.877961,-17.620436,3871.265137,679.503967,-1470.211304,0.531419,0.847098,0.004351,0.100000,0.020000,1,0.711232
19.106470,24.593597,3.142580,349.788422,53.733105,948.175720,27363.599609,4341.394531,74105.109375,0.554771,0.740742,-0.378854,0.100000,0.020000,1,0.511818
17.886337,24.337429,0.084452,0.173184,0.299963,0.000000,2.334821,6.877305,-0.082001,0.533166,0.837562,0.119265,0.100000,0.020000,1,0.355438
17.328112,25.877701,1.681194,-155.399185,412.609619,411.678986,-11982.952148,32436.621094,32038.302734,0.550851,0.767361,0.328208,0.100000,0.020000,1,0.183095
17.921963,24.342552,-0.054378,-12.365221,-9.381238,-5.427308,-630.235657,-383.685455,-300.592072,0.514438,0.852703,-0.090834,0.100000,0.020000,1,0.507793
18.140465,24.305166,1.825769,66.613899,-15.326447,478.986389,5447.423340,-1036.768066,38442.070312,0.565018,0.801676,-0.195117,0.100000,0.020000,1,0.145570
17.788761,24.521194,0.435217,0.987277,-1.062006,0.038909,3.465431,7.563647,-0.441052,0.571231,0.544021,0.614602,0.100000,0.020000,1,0.530560
17.899239,24.342222,-0.136327,11.281200,-7.604492,4.495660,724.322266,-300.670166,267.861603,0.498654,0.846424,-0.186843,0.100000,0.020000,1,0.353338
17.764208,24.578035,-0.479767,1.575651,-0.836808,-0.042434,4.287869,4.246039,0.461282,0.576493,0.456788,-0.677496,0.100000,0.020000,1,0.862612
17.724018,24.641035,0.508422,2.218388,-0.396045,0.044979,4.911163,3.770848,-0.488357,0.599503,0.353736,0.717960,0.100000,0.020000,1,0.083520
17.772274,24.459923,0.159560,-41.477406,30.799820,2.324155,-3173.131348,2610.558350,180.449097,0.486406,0.847226,0.213583,0.100000,0.020000,1,0.467182
17.369280,26.733633,0.721116,-161.420044,703.999023,287.034027,-4672.669922,21058.953125,8825.291016,0.470630,0.831174,-0.296070,0.100000,0.020000,1,0.316557
17.899984,24.419052,-0.345939,3.900198,-1.601922,-2.745170,5.799164,14.915431,-37.742149,0.490179,0.730025,-0.476223,0.100000,0.020000,1,0.985450
17.853224,24.484959,-0.423427,0.632996,-1.834238,-0.035599,3.175624,4.103500,0.407866,0.503335,0.623837,-0.597897,0.100000,0.020000,1,0.302114
17.146347,24.764662,1.143102,-171.617096,147.116394,225.498230,-10842.962891,-3360.053467,7796.010742,0.484757,0.769784,0.415262,0.100000,0.020000,1,0.225029
17.997864,24.319818,0.076029,-1.046078,-3.295809,0.006190,2.486200,14.929661,-0.076921,0.391635,0.913837,0.107353,0.100000,0.020000,1,0.740317
17.959938,24.294935,0.028945,29.633482,-16.869658,-118.135040,1715.079224,-1040.620239,-7119.765625,0.389327,0.917839,-0.077442,0.100000,0.020000,1,0.476282
17.992708,24.327446,-0.126650,-0.968691,-3.240505,-0.010312,2.472029,14.749630,0.128060,0.394777,0.901205,-0.178831,0.100000,0.020000,1,0.860739
18.198509,24.259686,0.124787,69.430122,-33.076916,-32.869484,4841.861328,-1199.372559,-1795.667236,0.434379,0.835533,0.336453,0.100000,0.020000,1,0.701443
17.858801,24.493404,0.435821,0.710834,-1.811063,0.035484,2.467181,10.585203,-0.440873,0.491989,0.615836,0.615381,0.100000,0.020000,1,0.306124
17.915236,24.432520,0.372090,0.089995,-2.568930,0.029319,2.175964,2.632574,-0.293330,0.446725,0.724191,0.525343,0.100000,0.020000,1,0.176502
18.008825,24.332331,0.154122,-0.952351,-3.611178,0.012143,0.254411,2.461772,-0.121550,0.371209,0.902693,0.217600,0.100000,0.020000,1,0.653133
17.828846,24.545082,-0.480090,1.267689,-1.599552,-0.037827,4.168408,2.622792,0.378568,0.506666,0.532768,-0.677826,0.100000,0.020000,1,0.684799
16.670809,25.203953,-0.902224,-318.700409,191.559082,-129.194824,-24972.458984,15092.903320,-10093.942383,0.535225,0.576016,-0.617851,0.100000,0.020000,1,0.104962
18.016426,24.344864,-0.219023,6.977809,1.336438,12.849368,470.970886,313.169830,778.245911,0.347718,0.889071,-0.297734,0.100000,0.020000,1,0.846515
19.129082,23.668385,2.221368,351.259735,-221.067688,580.763062,10657.768555,-6592.204590,17597.935547,0.397917,0.810156,0.430475,0.100000,0.020000,1,0.004505
17.779123,24.608017,0.513319,1.869663,-0.967685,0.036349,1.040827,8.916957,-0.488992,0.541935,0.425609,0.724681,0.100000,0.020000,1,0.980261
17.968658,24.441347,-0.293971,-49.256744,10.543560,-124.198814,-2941.595703,789.968628,-7375.242188,0.424796,0.702403,-0.571121,0.100000,0.020000,1,0.448301
18.283133,24.108339,0.447160,121.932549,-56.718235,6.055096,9309.290039,-6536.567383,-3312.874023,0.497234,0.507304,0.703847,0.100000,0.020000,1,0.280931
17.925522,24.314806,0.467125,2.623554,7.180582,47.334618,-415.135742,-1512.995972,-1100.646484,0.369991,0.780785,0.503469,0.100000,0.020000,1,0.929104
18.035141,24.351940,0.223139,-0.774874,-4.006075,0.015227,-0.381290,-1.215246,-0.148451,0.327696,0.890730,0.314983,0.100000,0.020000,1,0.038398
18.136028,24.205017,-0.152137,-305.505829,179.079926,-213.225540,-18618.535156,10804.934570,-12915.189453,0.382456,0.833878,-0.397964,0.100000,0.020000,1,0.069132
18.028650,24.374763,-0.288899,70.063446,-38.849079,106.164360,4408.751465,-2174.846191,6623.889160,0.311815,0.870298,-0.381252,0.100000,0.020000,1,0.308601
18.093826,24.323751,0.074932,-1.032078,-4.315384,0.004213,3.157437,25.382256,-0.070473,0.264813,0.958482,0.105763,0.100000,0.020000,1,0.261649
16.790432,24.970148,-0.027784,-324.168945,232.762741,-10.711663,-15487.286133,-94.202667,-359.261963,0.265932,0.963859,0.016003,0.100000,0.020000,1,0.780030
19.061592,24.535765,0.048009,288.684509,54.892822,-32.185883,8775.044922,1806.333984,-975.673645,0.242289,0.945467,0.217689,0.100000,0.020000,1,0.743853
18.111944,24.334829,-0.134977,-1.008592,-5.055440,-0.007290,-2.581604,-8.259201,0.080025,0.235704,0.952973,-0.190491,0.100000,0.020000,1,0.182266
17.899094,24.517677,-0.475745,1.024913,-2.551000,-0.025694,5.029297,-2.784692,0.282072,0.427230,0.605545,-0.671408,0.100000,0.020000,1,0.349146
18.127186,24.327646,-0.053156,-1.018085,-4.663499,-0.002144,5.022915,35.376877,0.049904,0.220778,0.972436,-0.075009,0.100000,0.020000,1,0.089994
18.070139,24.386759,0.300167,-0.410843,-4.060439,0.012107,2.751307,31.383333,-0.281892,0.266653,0.865730,0.423566,0.100000,0.020000,1,0.501985
18.255936,24.419424,-0.122877,-362.897766,-171.899628,-194.994095,-22251.990234,-10253.764648,-11983.032227,0.228633,0.931487,-0.282947,0.100000,0.020000,1,0.698970
17.611660,24.501390,0.404484,-78.469040,46.932663,33.901268,-6993.126465,3875.537598,2908.894287,0.226284,0.923135,0.310834,0.100000,0.020000,1,0.474222
18.013437,24.448837,-0.408996,0.249194,-4.096869,-0.015272,2.137702,-12.583410,0.077053,0.310746,0.755316,-0.577005,0.100000,0.020000,1,0.409371
18.064476,24.410879,-0.347843,-2.595928,-4.373475,0.126063,-149.645020,6.666307,8.733240,0.262882,0.830729,-0.490696,0.100000,0.020000,1,0.606238
18.139221,24.380653,-0.260867,-0.511988,-4.771662,-0.006124,4.199627,48.235630,0.149746,0.180844,0.912076,-0.367984,0.100000,0.020000,1,0.491025
18.189665,24.342485,-0.054042,-0.903873,-5.297754,-0.001269,6.938615,53.058125,0.031007,0.133823,0.988069,-0.076233,0.100000,0.020000,1,0.145231
17.953157,24.484394,0.446974,0.548864,-2.834892,0.010491,-2.710008,30.837004,-0.256597,0.373165,0.680591,0.630511,0.100000,0.020000,1,0.108866
17.905355,24.541561,0.499703,1.137793,-2.334914,0.011729,-7.141219,26.018368,-0.286762,0.407028,0.580910,0.704892,0.100000,0.020000,1,0.759672
17.478693,24.572784,-0.276974,-156.644699,121.930382,-77.854309,-8604.296875,-1207.439331,-2685.784424,0.105941,0.994132,0.021870,0.100000,0.020000,1,0.612762
18.196173,24.281778,0.095526,-5.730645,-27.979214,3.323472,-150.601288,-674.943665,100.711266,0.101023,0.987712,0.119250,0.100000,0.020000,1,0.241373
