posX,posY,posZ,velX,velY,velZ,forceX,forceY,forceZ,attachX,attachY,attachZ,mass,radius,state,wetness
35.258209,16.270630,0.410154,-25.188370,11.625397,-31.622047,-2540.538818,1525.055176,-1946.896851,-0.809278,0.431697,0.398381,0.100000,0.020000,1,0.439627
35.258926,17.279192,-0.700952,25.239323,252.759460,-130.927078,892.362915,20630.626953,-10206.942383,-0.851964,0.453893,-0.261034,0.100000,0.020000,1,0.853635
35.214882,16.311060,-0.439986,56.650108,197.347870,153.137024,2592.698242,12998.172852,7733.479980,-0.883462,0.467842,0.024864,0.100000,0.020000,1,0.736546
35.049088,16.089775,-0.557292,61.690491,60.782822,56.879692,2767.987549,3884.546387,3434.344482,-0.723154,0.382698,-0.574970,0.100000,0.020000,1,0.158882
34.724785,15.196538,1.159115,99.462700,10.259583,133.142929,3690.831055,-3362.090576,10672.178711,-0.699437,0.370099,0.611403,0.100000,0.020000,1,0.103844
35.201435,16.075882,0.498658,22.422716,-50.260010,-44.521248,805.557434,-3336.729736,-2605.628662,-0.772433,0.395064,0.497264,0.100000,0.020000,1,0.031616
34.997318,16.026501,-0.809608,-96.640656,482.564941,-518.748108,-7123.566895,30444.375000,-33507.855469,-0.641844,0.328198,-0.693053,0.100000,0.020000,1,0.476657
34.766525,16.103071,-0.735156,15.384121,15.754707,-18.850166,-579.934753,1650.283569,-1170.684204,-0.512396,0.261467,-0.817976,0.100000,0.020000,1,0.959263
34.136642,15.134155,-0.858593,232.477051,-80.024490,561.730164,9474.520508,-9276.868164,33380.878906,-0.817099,0.415058,-0.400096,0.100000,0.020000,1,0.246057
34.905941,16.128754,0.884562,294.014343,-25.281887,-645.406616,17474.994141,-943.312866,-40017.421875,-0.550783,0.277113,0.787304,0.100000,0.020000,1,0.529578
34.853451,16.434072,0.751692,-80.109238,20.141403,256.357513,-7481.065918,2275.797852,18910.363281,-0.888311,0.446090,0.109121,0.100000,0.020000,1,0.098737
34.408287,15.098178,0.124278,583.675171,-246.166199,31.458130,34132.640625,-18921.570312,5817.770508,-0.438690,0.197935,-0.876569,0.100000,0.020000,1,0.085302
34.823719,15.960762,0.830417,11.268943,-6.908351,0.077797,-3.110309,2.661369,0.857847,-0.359800,0.159375,0.919317,0.100000,0.020000,1,0.124343
35.527718,15.284772,1.077406,197.968933,-257.776825,103.389374,5705.967773,-8126.872559,2826.861328,-0.546705,0.239360,0.802384,0.100000,0.020000,1,0.900594
34.280651,16.251635,0.526845,204.797272,189.807419,-73.279320,8705.390625,10703.663086,-3722.352295,-0.884787,0.374217,0.277694,0.100000,0.020000,1,0.577214
34.756908,15.936990,-0.635395,8.729244,-75.097733,28.263100,-1295.949585,-5249.567871,1805.489014,-0.651190,0.272551,-0.708285,0.100000,0.020000,1,0.995973
34.804047,15.859308,0.909461,-60.414383,12.376644,-19.938015,-4171.739746,1165.175537,-1122.134277,-0.225978,0.094219,0.969565,0.100000,0.020000,1,0.234580
34.553150,15.735797,-0.955688,-40.458923,-34.981941,-19.761375,-3955.092773,-2343.858887,-1576.519287,-0.226244,0.092528,-0.969666,0.100000,0.020000,1,0.556804
35.234749,14.380590,1.448785,163.220551,-409.740265,160.561737,9932.090820,-15438.900391,3886.309082,-0.013737,-0.029152,0.999481,0.100000,0.020000,1,0.984496
34.383404,15.806829,1.070475,36.313477,30.401848,84.026459,1442.473389,2729.277832,6041.465820,0.060730,-0.138446,0.988506,0.100000,0.020000,1,0.813988
34.517620,15.790378,0.937359,82.893021,-216.490631,105.984245,4706.782715,-12878.240234,6843.202148,0.046539,-0.077479,0.995907,0.100000,0.020000,1,0.929778
33.358021,17.359640,-1.461134,-344.984131,511.582977,-183.907440,-11074.911133,15627.724609,-5642.229004,0.069438,-0.106685,-0.991865,0.100000,0.020000,1,0.682842
34.490364,15.709721,-0.995870,-6.257305,6.182268,-13.123959,-1081.478271,853.359375,-1222.597656,0.044752,-0.064881,-0.996889,0.100000,0.020000,1,0.614245
33.618328,15.691040,-0.311984,-85.659897,-43.291615,-22.371819,-6728.639160,-1529.109741,-4449.994629,0.556044,-0.693016,0.458851,0.100000,0.020000,1,0.152547
34.230453,15.590828,-0.873284,19.177492,-10.520679,8.558636,382.768677,-385.058167,449.261902,0.218543,-0.256269,-0.941576,0.100000,0.020000,1,0.194685
33.405212,15.488269,-1.884018,-174.871307,40.740486,-296.406250,-10295.139648,3713.838379,-14402.417969,0.389727,-0.279131,-0.877610,0.100000,0.020000,1,0.305367
33.926411,15.152807,-0.330489,680.411865,-385.945740,-303.803955,42288.441406,-24696.642578,-18336.431641,0.658786,-0.469711,-0.587684,0.100000,0.020000,1,0.099751
33.509480,15.586123,-0.214518,-299.729675,119.838638,-390.171753,-22551.791016,8324.021484,-28919.322266,0.359246,-0.252937,0.898313,0.100000,0.020000,1,0.482903
34.495453,16.100601,-0.789012,29.836952,50.503418,42.566162,2225.829102,6021.121094,2858.523193,0.325817,-0.226514,-0.917897,0.100000,0.020000,1,0.627270
33.943638,15.222314,0.802799,-30.931946,32.737045,-73.200096,-2818.451172,1899.590088,-3845.172852,0.600549,-0.416468,0.682565,0.100000,0.020000,1,0.829790
34.272141,15.280010,3.161563,112.784531,-39.313835,714.528687,6425.738281,-3133.246582,54797.316406,0.301752,-0.208042,0.930411,0.100000,0.020000,1,0.124912
33.724609,15.220996,0.737654,149.448944,-100.402191,-657.258057,8523.609375,-5952.441895,-38526.230469,0.824681,-0.564673,0.032340,0.100000,0.020000,1,0.029854
34.129330,15.036452,-1.238872,3.772788,21.130405,-153.052673,-123.576004,-510.605255,9374.837891,0.624099,-0.403146,-0.669309,0.100000,0.020000,1,0.612038
33.979820,15.045852,0.252513,-49.838970,34.096703,187.276276,-4553.862793,-785.888306,9987.650391,0.747854,-0.482477,0.455993,0.100000,0.020000,1,0.305491
33.217426,15.564063,-0.155042,206.921295,-249.387268,272.444550,-8150.960449,11354.100586,-14226.810547,0.763881,-0.492594,-0.416938,0.100000,0.020000,1,0.993713
37.372292,13.087207,-4.491983,1110.792480,-595.021729,-1393.139160,12785.305664,-16795.314453,-24400.207031,0.835045,-0.537893,0.115629,0.100000,0.020000,1,0.641274
33.736389,15.186396,1.186924,112.809853,-64.701378,-39.160313,-4427.129395,3423.095459,475.710449,0.593016,-0.381437,0.709110,0.100000,0.020000,1,0.678839
34.046875,17.321970,0.768032,63.018723,417.954956,325.601868,-2588.814453,-26390.675781,-20308.267578,0.516680,-0.331355,-0.789459,0.100000,0.020000,1,0.648623
33.983650,15.043640,0.324411,-880.108093,517.092163,-1191.657104,-58005.144531,28726.445312,-74419.140625,0.848654,-0.527309,0.041600,0.100000,0.020000,1,0.554669
35.584396,14.119447,-4.435587,446.660736,-257.445129,-1136.673096,-26645.875000,15582.945312,68170.570312,0.812334,-0.504170,-0.293131,0.100000,0.020000,1,0.588478
34.219189,15.067604,0.108151,105.990952,-18.727901,454.795349,7533.158691,-1438.206177,27779.498047,0.791562,-0.490095,0.365016,0.100000,0.020000,1,0.041527
35.686306,15.930285,0.321930,177.123718,-148.081161,12.030655,11640.683594,-5232.398438,6599.506836,-0.950376,0.152957,0.270906,0.100000,0.020000,1,0.207603
34.935696,16.293358,-0.105876,41.280056,145.780090,-63.712013,1437.171631,8903.590820,-3609.857178,-0.961842,0.154206,-0.226009,0.100000,0.020000,1,0.372381
34.690788,16.861229,-0.128095,-44.137253,43.635376,139.265442,-4794.321289,5032.687500,9871.766602,-0.894203,0.132061,-0.427740,0.100000,0.020000,1,0.408967
34.913914,16.369616,0.295285,16.568071,166.266251,-73.905792,-13.982094,10740.685547,-5102.623535,-0.887310,0.130531,0.442315,0.100000,0.020000,1,0.500751
33.999233,16.345070,0.637980,-211.862366,-54.518654,139.438141,-18457.589844,-3632.682617,11256.874023,-0.988101,0.143352,0.055737,0.100000,0.020000,1,0.446531
34.781067,16.374632,0.655278,54.878975,-73.168175,-41.475445,2441.861084,-3912.540771,-2496.309082,-0.720619,0.036058,0.692393,0.100000,0.020000,1,0.175218
34.866386,16.187275,-0.845260,-105.554672,254.097229,257.837952,-7309.834473,15863.571289,15275.030273,-0.741981,0.021338,-0.670082,0.100000,0.020000,1,0.527977
34.646294,15.879155,0.716379,-45.530251,52.686241,69.713608,-3760.051025,2570.630615,4135.446289,-0.502207,-0.065708,0.862247,0.100000,0.020000,1,0.173865
34.198727,15.870080,0.596411,-479.208313,421.373077,-98.927879,-33044.796875,25468.853516,-6794.439941,-0.586134,-0.091499,0.805031,0.100000,0.020000,1,0.044196
35.295692,16.760185,-1.297440,208.347321,179.099091,-130.306015,15113.921875,14223.385742,-10373.519531,-0.489929,-0.098685,-0.866158,0.100000,0.020000,1,0.181535
34.499435,16.010635,0.864403,31.607635,8.507145,-66.668083,1173.568604,713.661865,-4079.351074,-0.340009,-0.186482,0.921747,0.100000,0.020000,1,0.868262
34.318859,16.267956,-0.078631,0.788315,68.616821,103.359100,-1402.013428,5581.052246,9671.687500,-0.327405,-0.216232,-0.919809,0.100000,0.020000,1,0.202888
35.683125,15.266350,-0.860865,432.880890,-210.358017,-20.857712,8955.855469,1562.891602,7431.572266,-0.157068,-0.342654,-0.926238,0.100000,0.020000,1,0.506783
34.362457,15.915381,0.833380,6.923586,-36.690781,-49.821457,-143.755936,-2008.322754,-3204.483398,-0.128755,-0.323803,0.937322,0.100000,0.020000,1,0.078077
34.411892,15.452357,0.800035,-131.256500,-214.680481,-135.063507,-8143.706055,-14754.738281,-8641.718750,0.026064,-0.401582,0.915452,0.100000,0.020000,1,0.827993
35.113613,16.421638,-0.235025,283.965271,207.608948,182.946808,8374.389648,6354.720703,5647.765137,0.060141,-0.436349,-0.897765,0.100000,0.020000,1,0.832886
34.900181,15.581124,0.843390,232.653442,0.929960,103.272644,17879.855469,-49.858242,7141.500488,0.265061,-0.583315,0.767780,0.100000,0.020000,1,0.032754
34.038372,15.505102,-0.133570,-324.944702,-259.435730,-130.040497,-21372.906250,-16618.671875,-12014.266602,0.219751,-0.482133,0.848091,0.100000,0.020000,1,0.275935
34.214443,16.422104,-0.562853,41.124458,208.596130,50.371231,2628.920166,16647.210938,3947.080078,0.251612,-0.505222,-0.825495,0.100000,0.020000,1,0.610561
33.840553,15.679363,0.486616,474.901184,-414.325989,22.736349,-33924.234375,23200.470703,-8943.858398,0.416999,-0.621303,0.663396,0.100000,0.020000,1,0.971132
32.921288,15.819670,0.601194,-268.287292,173.905701,376.840454,16148.353516,-9644.494141,-21641.113281,0.492326,-0.730269,-0.473627,0.100000,0.020000,1,0.774662
33.705250,15.422607,0.272568,2.477764,5.157193,-11.263458,580.432312,-123.962708,1153.974121,0.474588,-0.693687,0.541816,0.100000,0.020000,1,0.702968
33.708099,15.202729,0.720721,-67.284737,53.934212,209.818817,-4738.493164,-897.545105,-2786.520508,0.449851,-0.629623,-0.633411,0.100000,0.020000,1,0.850111
33.708481,15.483290,-0.221239,263.851562,-353.228882,218.555573,16047.861328,-21819.259766,13565.796875,0.625278,-0.758428,-0.183887,0.100000,0.020000,1,0.341169
36.681473,17.058634,1.677611,855.732727,472.690308,404.375946,33822.035156,27870.097656,12995.615234,0.611045,-0.737428,0.287791,0.100000,0.020000,1,0.525557
33.822701,15.392301,0.353776,125.445023,-277.955200,-63.508728,7492.617676,-17505.173828,-4139.026367,0.580535,-0.694105,0.425672,0.100000,0.020000,1,0.898904
34.060879,15.261944,0.077148,-244.951996,-61.927979,-86.583817,-14545.973633,-4300.433105,-5277.624023,0.643959,-0.764228,0.035665,0.100000,0.020000,1,0.836356
34.780296,17.513605,-0.454367,27.687340,526.408081,-408.940308,2452.083984,22286.619141,-19386.554688,-0.985799,0.159304,0.053118,0.100000,0.020000,1,0.148188
34.983509,16.314888,-0.116037,-205.382599,98.834457,-309.720276,-13941.174805,6003.819824,-19303.703125,-0.969040,0.153462,-0.193421,0.100000,0.020000,1,0.888352
36.226231,16.209597,0.679710,478.405182,-57.632263,372.821503,19513.335938,-13848.379883,9887.390625,-0.817852,0.060374,-0.572253,0.100000,0.020000,1,0.185218
34.824703,17.296497,-1.001421,88.973328,279.625977,-39.092575,6279.860352,23204.931641,-3173.650635,-0.325660,-0.215934,-0.920499,0.100000,0.020000,1,0.679942
34.330860,15.838014,-0.922347,-95.976242,252.422791,288.083710,-6887.173828,15800.889648,17867.583984,-0.168670,-0.308479,-0.936158,0.100000,0.020000,1,0.114004
34.240223,15.760279,-0.832279,-60.430374,84.055649,14.428726,-4409.115723,5311.740234,887.634155,0.005883,-0.405251,-0.914187,0.100000,0.020000,1,0.321044
33.508720,15.387463,-0.591781,713.810120,-391.020386,-130.710129,43414.562500,-24831.970703,-9225.041016,0.550333,-0.734788,-0.396509,0.100000,0.020000,1,0.829327
34.656315,16.214283,-0.607352,-19.133209,46.123878,95.207336,-2416.823242,2991.254639,6256.268066,-0.674930,-0.038676,-0.736867,0.100000,0.020000,1,0.016135
34.970684,15.235920,-0.832700,388.074982,-73.818451,-40.263397,14976.929688,-3022.159912,8560.123047,0.334145,-0.594836,-0.731107,0.100000,0.020000,1,0.307733
34.075665,15.932144,0.838495,187.593109,89.176941,342.742981,12212.597656,7819.203613,27232.160156,0.528160,-0.643473,-0.554066,0.100000,0.020000,1,0.198422
34.078217,15.064619,3.789871,62.990372,-27.288849,963.897461,4860.805664,-2630.526855,76558.343750,0.706220,-0.707265,0.032078,0.100000,0.020000,1,0.721990
34.118484,15.245184,0.382453,-282.864716,92.376114,88.485275,-17953.275391,4651.021973,4281.013672,0.341224,-0.541967,0.768009,0.100000,0.020000,1,0.709997
34.000721,15.114380,-0.003101,-275.336029,168.058624,-349.663452,-16851.560547,9902.290039,-21576.427734,0.701402,-0.699999,-0.134300,0.100000,0.020000,1,0.376403
33.624802,15.466982,0.504679,57.205231,-21.466000,-25.489071,1980.106567,-1018.648682,-1717.728760,0.537053,-0.605949,0.586855,0.100000,0.020000,1,0.502050
33.423176,15.510763,0.092078,-136.514236,101.857300,-86.739014,-1745.244873,1489.846924,5449.608887,0.710826,-0.669469,0.215727,0.100000,0.020000,1,0.679853
33.320007,15.498743,-1.075883,-106.826202,68.717224,-229.874939,-13391.405273,7786.779297,-19331.548828,0.771752,-0.518423,-0.368289,0.100000,0.020000,1,0.881216
33.859146,15.202343,-0.055629,-130.603088,-135.694702,195.161789,-5021.599609,-3392.263672,6077.315918,0.170558,-0.398855,-0.901013,0.100000,0.020000,1,0.791194
34.383209,14.932005,0.781209,84.840881,-47.323196,81.046051,6840.639648,-3887.785156,6817.041504,0.768530,-0.488116,0.413647,0.100000,0.020000,1,0.917481
33.629936,15.356593,-0.320971,187.433685,-93.746681,-969.461060,9703.419922,-5723.928711,-59898.019531,0.558054,-0.449362,-0.697602,0.100000,0.020000,1,0.669924
33.774345,15.509265,-0.458510,-201.904053,-140.522400,12.263779,-10562.926758,-8791.722656,2509.520508,0.737927,-0.413189,-0.533609,0.100000,0.020000,1,0.604724
36.812794,13.902191,-0.513924,798.972290,-422.277283,-295.761108,-47071.234375,24934.410156,18017.357422,0.537113,-0.394867,0.745379,0.100000,0.020000,1,0.648375
33.861801,15.113990,0.264220,-19.028610,31.675896,249.276413,-3192.708984,-2343.045654,15294.594727,0.910795,-0.347319,0.223206,0.100000,0.020000,1,0.690102
31.997751,16.190199,-0.404672,-563.478394,325.593445,-62.656647,-44393.339844,25563.240234,-4986.412598,0.921962,-0.345518,-0.174938,0.100000,0.020000,1,0.683074
33.849941,15.412548,2.091869,-90.202789,111.401581,614.438965,5167.900879,-6841.841309,-36327.460938,0.941567,-0.335201,0.033033,0.100000,0.020000,1,0.075853
34.233200,14.930166,0.661931,-150.338089,96.072060,-462.052551,5902.821289,10267.691406,9573.418945,0.764171,-0.320059,0.560004,0.100000,0.020000,1,0.711865
32.695553,15.787322,2.007930,-226.466644,138.085098,377.741150,-6881.800781,179.670410,5077.697266,0.906421,-0.270454,-0.324433,0.100000,0.020000,1,0.622804
34.552685,15.644742,0.457339,316.810364,-77.259674,-187.958664,-16778.169922,1966.860229,9145.688477,0.888335,-0.220724,0.402668,0.100000,0.020000,1,0.814220
34.238003,15.436218,-0.880702,40.979858,-11.527182,45.711884,-11034.256836,2412.425293,-6565.634766,0.366636,-0.301122,-0.880286,0.100000,0.020000,1,0.571645
33.835571,15.129133,-0.672356,-90.293831,86.125748,5.109943,18164.312500,-11467.830078,4643.244141,0.676266,-0.154494,-0.720275,0.100000,0.020000,1,0.131746
34.226475,15.123952,-0.781774,-15.127403,29.758774,-59.052505,1549.861084,-1413.756470,4904.322754,0.851900,-0.091052,-0.515728,0.100000,0.020000,1,0.379623
34.169586,15.508388,0.848036,-32.171738,13.888634,0.629697,2172.459229,-425.425995,-61.566360,0.158497,-0.344026,0.925486,0.100000,0.020000,1,0.344533
34.747585,14.602581,-0.187814,207.475449,-115.827187,5.283971,13853.150391,-9827.161133,49.045532,0.991013,0.026879,-0.131036,0.100000,0.020000,1,0.887338
34.648155,14.659988,0.122794,-383.153290,226.361359,-333.456696,-24559.570312,11771.413086,-20875.970703,0.998562,0.032900,0.042329,0.100000,0.020000,1,0.252357
34.348610,15.245818,0.730563,-105.995583,-406.392090,-79.892090,5403.048828,19928.033203,3842.324219,0.656849,-0.111769,0.745692,0.100000,0.020000,1,0.683608
34.263435,14.882104,0.486339,8.406173,-0.250991,-171.820145,-1143.234619,-1547.506226,-9796.165039,0.981268,0.038538,0.188755,0.100000,0.020000,1,0.016205
35.810909,15.203032,-0.537077,338.296204,90.039001,-78.839615,-20614.277344,-5640.614746,4616.549805,0.943231,0.090729,-0.319505,0.100000,0.020000,1,0.644157
33.499523,15.889266,-0.748477,-121.476379,164.918488,-210.795837,8650.458008,-10867.897461,14031.026367,0.804914,0.026628,0.592794,0.100000,0.020000,1,0.182015
33.699295,15.207813,0.417182,88.727913,153.681229,0.000000,-12700.646484,-34468.828125,9762.425781,0.907489,0.138267,0.396668,0.100000,0.020000,1,0.303801
34.279079,14.873075,-0.689893,-276.865753,168.120682,-175.760269,14290.666016,-7364.840332,8525.901367,0.477422,-0.123933,-0.869890,0.100000,0.020000,1,0.698181
35.168533,15.190399,-1.306783,188.424377,6.736763,-183.333984,-11081.626953,-970.622070,11049.964844,0.724088,0.121530,-0.678915,0.100000,0.020000,1,0.682095
34.998341,14.907894,0.231314,124.765289,-149.780350,97.780609,-7249.245117,7277.211914,-6786.824707,0.820314,0.245825,-0.516386,0.100000,0.020000,1,0.714054
33.992130,15.038742,-0.810312,-230.140015,133.225601,-269.738373,-8850.051758,4565.055664,-8818.423828,0.902904,0.398303,-0.161614,0.100000,0.020000,1,0.349159
34.195610,15.755667,1.062192,-94.414536,181.657288,107.189697,5886.521973,-11155.783203,-6446.988281,0.659074,0.171942,0.732159,0.100000,0.020000,1,0.544259
34.753811,14.598988,0.449668,-182.177185,106.100578,503.551086,-11448.081055,5170.776367,31473.347656,0.754114,0.282782,0.592745,0.100000,0.020000,1,0.629957
35.046021,15.113714,0.466724,-240.148697,207.563171,241.651703,-13952.357422,14797.971680,16497.994141,0.883597,0.429408,0.186719,0.100000,0.020000,1,0.672041
34.854336,14.876554,0.007621,-58.452408,-301.852844,-40.839874,-3462.868164,-18293.244141,-2693.614746,0.877774,0.477480,0.039061,0.100000,0.020000,1,0.977289
34.605896,15.210411,-0.825977,-122.360809,37.771133,46.250778,-7606.172852,2539.862305,2733.797852,0.500962,0.046330,-0.864228,0.100000,0.020000,1,0.157227
35.016190,14.705659,-0.675707,34.229118,-49.521599,-79.377914,2869.297119,-3315.181641,-6587.707520,0.801483,0.498851,-0.329808,0.100000,0.020000,1,0.817885
34.830013,14.907816,0.389349,-108.146271,-272.841125,-83.017044,5502.806152,13289.795898,4065.447754,0.766912,0.505317,0.395601,0.100000,0.020000,1,0.751743
34.883171,15.161627,-0.470699,-31.324543,-173.090485,-145.733154,1357.668945,8016.216797,6940.010742,0.645173,0.381703,-0.661857,0.100000,0.020000,1,0.758968
34.460934,15.385513,0.869068,-18.540627,-21.387032,-37.733452,1057.520020,846.972778,1767.131226,0.401841,-0.079457,0.912256,0.100000,0.020000,1,0.010618
32.803574,15.724956,0.552624,-462.970551,306.589722,-38.773746,-15569.498047,10273.119141,2224.010986,0.571650,0.371206,0.731726,0.100000,0.020000,1,0.992200
33.521580,15.420085,0.641526,-261.866974,184.421997,373.822021,16988.794922,-10747.006836,-21711.314453,0.646843,0.558753,-0.519028,0.100000,0.020000,1,0.444538
34.644703,14.708512,0.384302,256.531433,-134.008087,-663.569214,-13100.535156,19284.837891,25519.457031,0.665543,0.714671,0.215169,0.100000,0.020000,1,0.987040
33.926437,15.076672,-1.788695,8.388926,12.660714,-715.265503,-4263.621582,-1714.967041,-20339.740234,0.596266,0.556179,0.578906,0.100000,0.020000,1,0.360441
36.659237,13.498890,0.067324,488.094147,-242.631088,-4.569574,19539.048828,-19544.335938,10597.007812,0.658750,0.752341,0.005555,0.100000,0.020000,1,0.006970
34.497345,15.246083,-0.770468,-118.924393,-7.911708,-27.942413,6415.727539,-3808.950439,-7236.105469,0.486195,0.237332,-0.841004,0.100000,0.020000,1,0.630153
35.764393,14.517152,-0.034485,196.333466,-142.338715,0.792181,-11567.989258,7870.337891,-359.782898,0.638166,0.751248,-0.168435,0.100000,0.020000,1,0.616967
34.539330,14.722817,1.347816,-41.901348,80.550873,221.552444,-12510.150391,-7357.423828,23642.279297,0.527139,0.758440,0.383267,0.100000,0.020000,1,0.050086
35.556194,14.648588,-0.776002,119.338196,-468.973206,224.818314,-6966.386719,24058.308594,-9920.021484,0.530753,0.784778,-0.320040,0.100000,0.020000,1,0.265827
34.699524,15.114209,1.167620,49.103355,-19.633949,72.664474,3499.171143,-1834.816284,6015.889648,0.406588,0.035393,0.912926,0.100000,0.020000,1,0.749430
34.820759,14.610578,0.877545,-161.766357,108.620621,-614.781067,-11191.668945,5031.666992,-37799.410156,0.415648,0.575673,0.704157,0.100000,0.020000,1,0.035762
35.006123,15.243917,-0.676129,78.636810,-96.364899,64.459183,4647.216309,-5247.922852,3835.620850,0.407024,0.603149,-0.685961,0.100000,0.020000,1,0.085070
34.083153,15.367391,0.560179,-408.037476,32.027451,215.658936,-4531.107910,-4463.426270,4866.630859,0.340962,0.926452,-0.159473,0.100000,0.020000,1,0.829558
35.547218,15.179280,-0.121702,-37.775276,12.417229,9.611310,1461.593872,-1179.432495,-111.736565,0.341290,0.939829,0.015552,0.100000,0.020000,1,0.349729
34.759449,15.381151,-0.808197,27.817097,-13.944492,31.125298,-991.592896,89.217796,-1442.241455,0.371960,0.379326,-0.847206,0.100000,0.020000,1,0.803881
32.717194,15.774828,0.351345,-504.262238,376.026581,153.648621,-33504.843750,189.750488,8152.449219,0.343822,0.772532,-0.533836,0.100000,0.020000,1,0.019871
35.549335,16.148619,0.375029,91.446808,277.200043,-55.289673,-1999.726318,-8075.873047,17191.521484,0.335598,0.775295,0.535062,0.100000,0.020000,1,0.160324
34.653866,14.671935,-0.474569,343.895691,-350.245850,287.462830,22587.546875,-21493.714844,16066.407227,0.267382,0.901121,-0.341303,0.100000,0.020000,1,0.420124
34.072800,16.634211,1.029286,-404.917419,376.630402,217.165939,-15626.629883,11343.611328,6552.602051,0.263953,0.938205,0.223833,0.100000,0.020000,1,0.127457
35.223984,15.299415,0.407307,110.276718,-23.882538,-194.664185,6236.327637,-670.072449,-12090.518555,0.213712,0.892010,0.398303,0.100000,0.020000,1,0.246022
35.542480,16.250521,-1.388519,135.098755,146.169739,-268.117371,9733.255859,13804.584961,-20261.984375,0.221331,0.725134,-0.652069,0.100000,0.020000,1,0.546892
35.260010,15.435483,0.638660,43.910606,-68.352097,84.587357,2228.123047,-3462.324219,5905.056641,0.085401,0.826458,0.556484,0.100000,0.020000,1,0.486426
34.899769,14.686091,0.806891,-124.683395,123.917938,-188.954269,-9328.103516,5487.118652,-11277.643555,0.134572,0.680351,0.720425,0.100000,0.020000,1,0.794005
35.256527,15.498035,0.254325,337.431335,-264.845764,394.806335,20058.189453,-15676.422852,25247.638672,-0.003768,0.980865,0.194654,0.100000,0.020000,1,0.885700
34.831116,15.861312,-0.199884,-53.444168,95.184082,24.216118,-6436.853027,8558.662109,1207.462280,-0.010486,0.990644,-0.136066,0.100000,0.020000,1,0.989407
34.576344,16.062138,0.457975,-29.173454,164.952637,-169.247650,-2731.474365,13868.757812,-12207.002930,0.346547,0.228964,0.909659,0.100000,0.020000,1,0.056101
35.911613,16.202538,-0.092079,271.719116,262.955811,73.063858,15582.803711,20204.308594,6529.602539,0.039052,0.853049,-0.520368,0.100000,0.020000,1,0.539988
35.015121,15.291020,0.748276,8.741510,-43.823307,19.679197,874.994568,-2570.841064,1015.267761,0.271919,0.372135,0.887455,0.100000,0.020000,1,0.673073
35.221737,15.697300,-0.878845,501.443573,-47.638325,170.070251,28219.449219,-3359.165527,11574.616211,0.188199,0.529045,-0.827461,0.100000,0.020000,1,0.714499
35.871342,15.667579,-0.235244,-562.398926,-238.054077,257.793335,-34313.519531,-13432.172852,15286.322266,-0.055720,0.998446,0.000719,0.100000,0.020000,1,0.623088
35.299461,15.331843,-0.450141,-451.481628,346.220978,306.573944,-29615.119141,21740.150391,18613.458984,-0.118847,0.945696,-0.302547,0.100000,0.020000,1,0.062080
35.204639,15.536902,-0.575384,240.373428,38.937294,-103.454941,14464.705078,3204.707031,-6458.818359,-0.033115,0.754804,-0.655115,0.100000,0.020000,1,0.548814
35.324646,15.702558,0.249178,92.158859,-8.850718,-251.625977,4829.238770,726.778381,-16166.156250,-0.151959,0.924151,0.350505,0.100000,0.020000,1,0.558245
35.008060,15.468246,0.868785,-42.239670,-64.939308,-94.863815,-2832.311768,-3416.498047,-5666.355469,0.163316,0.454600,0.875595,0.100000,0.020000,1,0.267838
35.071663,15.566018,-0.715935,-214.378021,-40.576466,-168.557510,-14071.345703,-1653.715820,-10578.222656,0.052375,0.587039,-0.807862,0.100000,0.020000,1,0.317592
35.285305,15.576477,0.115332,-17.698387,-32.331284,134.709106,-2083.718750,-1611.593262,10840.277344,-0.210589,0.845359,-0.490939,0.100000,0.020000,1,0.569669
35.094273,16.817198,0.081132,-125.566101,268.723419,-28.861511,-11512.947266,20231.792969,6119.040039,-0.360867,0.916146,0.174502,0.100000,0.020000,1,0.929261
35.910660,15.463047,-0.745461,108.971375,-99.416412,-149.055969,8009.767090,-6758.274414,-12065.956055,-0.368910,0.921538,-0.121138,0.100000,0.020000,1,0.628587
35.492947,15.835292,0.088262,36.509003,-362.646912,-135.607513,1666.489136,-21821.574219,-8377.399414,-0.372269,0.926811,0.049373,0.100000,0.020000,1,0.982503
34.504456,15.376776,0.403898,-87.302032,77.088882,-36.019760,-8992.967773,4505.705078,-3344.309326,-0.121141,0.672700,0.729931,0.100000,0.020000,1,0.651880
35.353184,15.626805,0.521454,-80.004822,283.532043,-4.396474,-5629.972656,18307.986328,-170.090805,-0.253940,0.796876,0.548182,0.100000,0.020000,1,0.175271
35.518894,15.788877,-0.008269,99.368774,82.102600,-587.161865,5943.718262,5978.450195,-35872.082031,-0.369828,0.870767,-0.324025,0.100000,0.020000,1,0.518350
35.083256,15.067154,-0.283896,22.641418,-281.360870,-283.279449,16362.381836,-17870.806641,-13436.093750,-0.447693,0.806523,0.386124,0.100000,0.020000,1,0.560167
35.082443,15.566370,0.728132,38.377312,-10.064081,-63.656403,1114.644165,-864.012634,-3571.751465,-0.303396,0.660235,0.687053,0.100000,0.020000,1,0.000190
35.667236,15.713223,-1.223571,147.650803,-36.034813,-170.378082,-2101.291992,3701.810059,-6979.334961,-0.330866,0.656976,-0.677429,0.100000,0.020000,1,0.041171
34.987160,15.596292,0.146473,228.795349,-458.943970,-386.751190,12414.237305,-26092.507812,-16670.425781,-0.028796,0.489107,0.871749,0.100000,0.020000,1,0.449894
35.255898,16.275869,0.292886,-44.401112,115.884499,166.192627,1689.801270,-2217.073242,14326.053711,-0.498985,0.725490,-0.474002,0.100000,0.020000,1,0.006507
34.763088,15.450848,-0.729444,-353.287628,-639.315125,459.785736,-24460.812500,-40866.691406,28988.542969,-0.205476,0.566920,-0.797735,0.100000,0.020000,1,0.338945
34.896656,16.229553,-0.561192,29.137951,90.535965,15.535187,-1156.827637,7270.212402,-1494.589844,-0.633811,0.772723,0.034397,0.100000,0.020000,1,0.890345
35.399036,15.882590,0.574924,27.909908,-43.152489,28.086823,1399.671265,-2253.369873,2137.280762,-0.490871,0.684250,0.539303,0.100000,0.020000,1,0.498598
34.713116,15.390068,0.092490,-617.405029,296.527985,-353.717285,-42649.699219,16719.125000,-22662.833984,-0.635673,0.747915,0.191162,0.100000,0.020000,1,0.693057
35.628036,16.169369,-0.120683,-85.863983,201.856354,-68.109009,-7947.625977,10120.922852,-5525.156738,-0.678825,0.719770,-0.145354,0.100000,0.020000,1,0.350743
35.307327,16.090790,0.013766,-81.286133,-84.780121,-213.970947,-6101.454590,-4641.125977,-12206.039062,-0.664233,0.671353,-0.328754,0.100000,0.020000,1,0.982947
34.979259,15.440511,-0.816494,-57.427246,-185.136200,-64.813942,-5376.764648,-13325.750000,-5083.535156,-0.514888,0.570064,-0.640248,0.100000,0.020000,1,0.924030
36.596489,14.975450,4.135625,570.601379,-79.116211,978.722046,40551.617188,-9168.829102,77756.898438,-0.705034,0.619681,0.344852,0.100000,0.020000,1,0.465233
35.333801,15.873178,-0.534129,-12.694046,97.671387,-11.701811,-3435.931152,8553.388672,-780.649048,-0.703671,0.540043,-0.461738,0.100000,0.020000,1,0.448897
35.629642,15.189693,-0.828176,155.485168,-195.538025,-15.777809,11381.291992,-14576.312500,-1395.913452,-0.343760,0.475241,-0.809923,0.100000,0.020000,1,0.518225
35.084740,15.905559,0.489119,4.126646,2.469868,-6.037003,-832.143677,277.601746,-913.301086,-0.535052,0.499027,0.681683,0.100000,0.020000,1,0.614387
35.164406,16.244787,0.573432,16.879938,-52.160500,-56.330307,126.939522,-2322.050293,-3206.479980,-0.688967,0.481547,0.541698,0.100000,0.020000,1,0.877444
34.933121,16.621300,-0.121192,51.041458,-77.670486,198.718628,991.237793,-2972.168457,11927.380859,-0.868864,0.494203,0.028957,0.100000,0.020000,1,0.485110
35.114807,16.036613,-0.728346,-8.162650,-80.139687,-189.674225,-449.638611,-2341.461182,-6246.927734,-0.866809,0.473547,-0.156195,0.100000,0.020000,1,0.654638
35.095020,16.542488,0.136574,66.575775,-502.076477,223.936493,2849.915527,-30238.111328,13996.236328,-0.882711,0.430781,0.187747,0.100000,0.020000,1,0.850129
34.575272,15.849174,1.263553,-141.224976,59.170685,100.881989,-11357.775391,4646.127441,8315.273438,-0.209700,0.422298,0.881868,0.100000,0.020000,1,0.374392
34.945225,17.027195,0.809235,-44.297478,172.039108,148.635651,-3014.322266,8335.373047,5898.993164,-0.843987,0.390690,0.367489,0.100000,0.020000,1,0.921503
35.252476,16.367971,-0.400123,-283.083252,32.924629,162.736664,-18391.236328,2769.231689,9729.701172,-0.872474,0.386563,-0.298931,0.100000,0.020000,1,0.303498
34.981346,15.839018,0.918507,1.477655,-25.904247,30.915405,-697.288025,-1253.797119,2526.484375,-0.330066,0.381384,0.863483,0.100000,0.020000,1,0.683839
34.798702,15.750111,0.041222,39.817795,11.886190,116.804688,679.215637,-636.826538,10028.329102,-0.691216,0.300772,-0.657082,0.100000,0.020000,1,0.208493
35.031513,16.447723,-0.518761,-43.697105,-105.781113,-19.066151,-3743.031982,-5698.464844,-1562.362793,-0.834735,0.272213,-0.478663,0.100000,0.020000,1,0.799984
35.007805,16.200235,0.664298,-2.460409,-15.914243,-8.112321,-929.961609,-406.481445,-434.407745,-0.646950,0.267666,0.714010,0.100000,0.020000,1,0.918282
35.983543,16.779400,0.410614,304.800995,78.914413,109.984573,22438.863281,7251.955566,6743.368652,-0.835295,0.213439,0.506682,0.100000,0.020000,1,0.574616
34.936951,16.652582,-0.466857,46.793190,23.319635,-37.745651,2493.976074,1171.566895,-3662.627930,-0.975358,0.172874,-0.137084,0.100000,0.020000,1,0.152547
34.455757,16.096409,0.899965,-6.167374,31.762878,186.347687,-3650.367432,825.538879,15368.699219,-0.984813,0.168732,0.040909,0.100000,0.020000,1,0.223921
36.167995,16.864412,0.751949,510.417236,154.090744,351.680054,28759.783203,8117.888184,29509.916016,-0.498058,0.301518,-0.813034,0.100000,0.020000,1,0.691953
34.602173,15.632246,0.374670,-462.698547,-144.747406,-21.478052,-31702.677734,-12250.363281,-602.426086,-0.967507,0.133102,0.214975,0.100000,0.020000,1,0.300847
34.045826,15.832343,-0.108058,472.922791,-207.369568,-202.540192,25367.419922,-15419.943359,-12007.386719,-0.944493,0.047292,-0.325111,0.100000,0.020000,1,0.629601
34.812481,16.520079,0.454491,10.238737,-24.715935,-89.918442,-546.342163,-991.403137,-5168.038086,-0.929278,0.029210,0.368226,0.100000,0.020000,1,0.134094
35.024643,16.195200,0.847027,59.856125,-31.568113,-23.094761,3448.544922,-870.476685,-1115.266357,-0.478061,0.236144,0.845987,0.100000,0.020000,1,0.419875
34.673744,16.421465,-0.755794,495.424774,-268.061462,333.327606,-23681.626953,12894.683594,-16170.247070,-0.770563,0.073303,-0.633135,0.100000,0.020000,1,0.570683
34.602077,14.686590,-0.421792,167.820618,-5.210762,-218.714432,-4468.569336,-9377.840820,-24900.658203,-0.735618,0.077801,0.672914,0.100000,0.020000,1,0.657094
34.658527,15.932069,-0.531616,90.725464,-20.545372,-47.901466,-3479.003418,2197.647705,2701.709961,-0.886214,-0.011104,-0.463144,0.100000,0.020000,1,0.804682
34.265747,16.559175,-0.877394,-106.923164,-23.119469,-316.761841,7364.776855,966.076904,18244.382812,-0.994354,-0.105778,0.008476,0.100000,0.020000,1,0.655207
34.701912,16.211241,0.346993,-112.377289,-14.422943,245.419128,-8300.807617,-1551.559814,15049.394531,-0.862995,-0.068452,0.500553,0.100000,0.020000,1,0.194364
35.662537,15.587355,-0.229108,317.604980,-307.325378,-60.626560,12665.777344,-9108.764648,317.912109,-0.974956,-0.172167,-0.140781,0.100000,0.020000,1,0.581057
34.776596,16.318069,-0.689180,114.677536,-266.390808,-270.210510,6202.898438,-15733.205078,-16866.160156,-0.574760,0.099303,-0.812274,0.100000,0.020000,1,0.322806
35.015476,16.122688,0.168456,223.089813,-113.688599,-532.067139,14546.710938,-8751.366211,-33588.351562,-0.958740,-0.213865,0.187299,0.100000,0.020000,1,0.491231
34.733852,16.465611,0.283142,16.100359,-110.216873,55.398209,418.524017,-6907.520996,3270.689453,-0.901225,-0.220748,0.372912,0.100000,0.020000,1,0.149896
34.717358,16.626062,-0.119822,48.116051,-0.786797,8.908596,2428.292236,535.567017,1121.204712,-0.927118,-0.248676,-0.280379,0.100000,0.020000,1,0.396172
34.297626,15.775958,-0.585414,462.978943,-216.419708,-125.856125,26795.167969,-15859.050781,-7964.432129,-0.751498,-0.152119,-0.641958,0.100000,0.020000,1,0.478526
34.493130,15.920038,-0.404588,252.090271,66.992950,-75.916779,15146.659180,10083.966797,-4891.859863,-0.843674,-0.281337,-0.457236,0.100000,0.020000,1,0.294263
34.813053,16.079451,0.761309,-10.057293,31.579384,54.112358,-1353.814209,2316.944092,3341.599609,-0.500660,0.085500,0.861411,0.100000,0.020000,1,0.574171
34.237354,15.691716,0.704725,-91.849365,-102.255005,-174.995453,-8279.745117,-8860.910156,-10722.242188,-0.696437,-0.183984,0.693633,0.100000,0.020000,1,0.836374
34.294415,16.676514,0.145456,78.992699,-124.883728,-131.421539,3449.383301,-7276.477051,-7698.650391,-0.883728,-0.467993,0.002931,0.100000,0.020000,1,0.718200
34.718136,16.179800,-0.774523,-13.732346,7.125071,16.092251,-1597.571655,690.112244,851.169373,-0.579442,-0.058817,-0.812889,0.100000,0.020000,1,0.917570
34.579498,16.747969,0.012091,-201.109772,-397.627197,-166.224335,-12984.391602,-24123.132812,-11138.745117,-0.861178,-0.473657,0.184447,0.100000,0.020000,1,0.914189
33.627838,16.354128,-1.216646,-241.313660,115.227676,-245.735962,-14110.133789,6276.245605,-14897.982422,-0.854496,-0.506518,-0.115219,0.100000,0.020000,1,0.203582
34.652298,15.124703,-0.454374,-120.272766,-116.729431,-330.454620,-5685.097656,-4325.678711,-13001.498047,-0.752296,-0.378619,0.539164,0.100000,0.020000,1,0.960936
34.820755,16.536331,0.930021,52.258919,53.466385,32.099854,3152.026367,5072.603027,2832.268555,-0.570797,-0.099125,0.815086,0.100000,0.020000,1,0.786763
33.499599,15.614520,-0.902476,-159.069061,-270.615448,-167.514328,-13496.957031,-8110.193848,-5814.484375,-0.792665,-0.532691,-0.296517,0.100000,0.020000,1,0.409198
37.052628,17.934500,2.376352,826.448425,499.963654,598.465881,24953.710938,11498.488281,14645.818359,-0.770828,-0.533878,0.347561,0.100000,0.020000,1,0.866500
34.822365,15.879161,-0.458750,-78.010147,337.905853,130.247879,-4228.135742,19456.074219,8670.341797,-0.678440,-0.384381,-0.626076,0.100000,0.020000,1,0.217337
34.610157,16.122288,-0.787854,23.216797,-102.120560,-186.650635,1780.373779,-7648.927734,-13354.289062,-0.707351,-0.540935,-0.455021,0.100000,0.020000,1,0.481871
34.377480,16.848507,0.537117,34.661938,54.442322,50.141632,1620.232056,5411.711914,3482.665527,-0.663838,-0.547138,0.509863,0.100000,0.020000,1,0.115232
34.297016,16.032829,-0.596961,22.563866,-59.569794,14.147514,-300.490967,-4377.072266,1372.739502,-0.556488,-0.266257,-0.787038,0.100000,0.020000,1,0.046883
33.827095,15.337689,0.800841,-16.587975,71.293861,-136.127930,-4262.495605,561.048340,-7794.033203,-0.605685,-0.422508,0.674265,0.100000,0.020000,1,0.744216
31.712196,17.088051,2.285191,-625.899048,334.690674,641.174744,-30407.347656,17886.597656,20342.585938,-0.693969,-0.706605,-0.138266,0.100000,0.020000,1,0.091992
34.143333,16.653879,0.075110,-15.014824,-210.279816,-73.568390,-1878.866089,-12464.302734,-4385.948730,-0.682902,-0.730359,0.014854,0.100000,0.020000,1,0.457012
34.642696,17.300100,0.994399,144.851410,200.282654,289.318542,10351.497070,16350.303711,23498.814453,-0.630091,-0.721891,-0.286111,0.100000,0.020000,1,0.253193
34.047813,16.517302,0.194218,7.694483,-364.559875,-137.197571,-722.231079,-22628.775391,-8623.747070,-0.635690,-0.744181,0.205163,0.100000,0.020000,1,0.270828
33.951977,16.661861,-0.340182,40.490540,141.611801,-158.679443,1048.487915,10148.919922,-12738.069336,-0.571943,-0.744622,0.344119,0.100000,0.020000,1,0.658055
34.383209,15.950059,0.551534,26.228176,-26.341331,76.969177,1421.496704,-2926.673584,4713.158203,-0.508878,-0.566365,0.648285,0.100000,0.020000,1,0.596539
33.791946,15.353669,-0.569950,-77.416443,105.105125,22.198015,-7551.688477,2851.987061,1422.313599,-0.510873,-0.578560,-0.635828,0.100000,0.020000,1,0.928389
34.834854,15.568886,1.041091,100.791916,-184.721375,86.689850,7049.621094,-13872.497070,6620.187012,-0.457698,-0.269224,0.847367,0.100000,0.020000,1,0.184737
34.487164,16.596708,-0.263155,268.854309,177.499435,-340.370300,17014.064453,12272.431641,-20551.458984,-0.464452,-0.756542,-0.460356,0.100000,0.020000,1,0.353626
34.156620,16.229168,0.567199,-648.926270,-173.809570,-79.652130,-41444.238281,-11110.905273,-4581.820312,-0.445450,-0.736399,0.509206,0.100000,0.020000,1,0.433007
33.922565,16.360497,0.131867,2.812639,-91.752502,38.890762,-718.384094,-5542.067383,2321.339355,-0.423715,-0.887500,0.181132,0.100000,0.020000,1,0.159238
34.004250,16.306894,-0.320089,19.224686,20.869076,-96.542648,698.169067,1333.521729,-6951.940918,-0.421754,-0.897788,-0.126888,0.100000,0.020000,1,0.299032
34.279243,15.928175,-0.528919,14.184578,31.170040,-124.580460,-138.047440,1114.157959,-7063.503418,-0.428109,-0.426845,-0.796571,0.100000,0.020000,1,0.528137
34.462257,16.730803,0.612552,228.315186,121.621796,155.887970,-12389.421875,-7274.387207,-9392.842773,-0.400436,-0.915923,0.027120,0.100000,0.020000,1,0.362078
34.652996,14.657190,-1.221215,442.816406,-132.729416,-252.265793,257.314453,-40573.453125,-10112.094727,-0.355195,-0.880331,-0.314412,0.100000,0.020000,1,0.917357
34.223930,16.222128,0.847573,12.345974,20.311737,14.702225,247.911743,-1367.611084,-999.141968,-0.395640,-0.393595,0.829790,0.100000,0.020000,1,0.092579
34.415394,15.656135,0.254473,-220.388123,-95.066467,117.324966,10188.716797,6245.118164,-5645.344238,-0.316482,-0.872815,0.371529,0.100000,0.020000,1,0.072685
34.179192,16.141582,-0.764225,-57.251961,-103.785217,239.086075,-4543.674316,-6442.059082,14770.415039,-0.356436,-0.543260,-0.760146,0.100000,0.020000,1,0.003838
34.625679,15.626882,-0.365550,148.368103,-86.410416,-16.055449,11047.682617,-7664.125000,-291.932892,-0.317632,-0.738199,-0.595123,0.100000,0.020000,1,0.570345
33.779453,15.383803,-0.798798,-308.571381,245.508835,766.194763,-20855.859375,12311.374023,46782.894531,-0.258006,-0.846752,-0.465234,0.100000,0.020000,1,0.516250
34.130760,17.626638,0.633701,152.783920,434.105591,165.675690,10353.875977,33674.558594,13063.237305,-0.172178,-0.985002,0.011255,0.100000,0.020000,1,0.405639
33.859348,15.699148,1.546565,47.692890,4.202293,231.649048,1506.974976,-1279.983276,18544.869141,-0.229818,-0.703900,0.672092,0.100000,0.020000,1,0.083344
34.138584,15.797199,0.581525,-257.548889,72.398857,-170.668610,-16056.148438,3422.064941,-10326.519531,-0.176165,-0.832696,0.524960,0.100000,0.020000,1,0.759110
33.609367,15.905325,0.300844,88.911980,-361.333954,-364.495087,4187.616211,-23540.052734,-22433.820312,-0.123031,-0.975768,0.180942,0.100000,0.020000,1,0.211127
33.302143,15.740392,0.270624,-44.598953,62.776833,59.473801,-5464.246094,2613.932617,5488.279297,-0.099440,-0.982154,-0.159643,0.100000,0.020000,1,0.433897
33.178852,16.312407,-0.381368,-229.647751,169.871246,-99.690308,-9172.240234,9100.797852,-1653.095947,-0.065571,-0.947678,-0.312420,0.100000,0.020000,1,0.370851
33.229565,17.661633,-0.903341,-117.199005,414.263184,-276.951904,-10421.750977,33015.359375,-22464.128906,-0.062689,-0.945489,0.319565,0.100000,0.020000,1,0.124574
34.393780,15.777533,1.357610,64.374397,-69.956917,203.538727,4040.825684,-5365.657715,15375.583008,-0.245524,-0.497055,0.832259,0.100000,0.020000,1,0.565505
34.455326,16.336365,-1.138357,129.185669,96.858475,-155.264481,7412.089844,5839.132812,-6126.598633,-0.074297,-0.796796,-0.599663,0.100000,0.020000,1,0.436548
33.108521,15.876939,0.298275,-134.302612,138.831207,229.956238,-13217.092773,8333.214844,18604.119141,-0.151820,-0.641238,-0.752173,0.100000,0.020000,1,0.149807
33.607216,15.882831,-0.457737,90.795792,-40.698570,57.205208,4226.232422,-2822.666992,3356.769043,0.005407,-0.898509,-0.438922,0.100000,0.020000,1,0.540379
34.058662,17.141336,-0.215640,48.906540,297.917603,-181.814362,2914.356445,23925.318359,-14854.588867,-0.025678,-0.754782,0.655473,0.100000,0.020000,1,0.719748
33.578991,15.925109,-0.014543,-10.094620,-110.406158,177.285675,-1722.752075,-6698.073730,11079.678711,0.144599,-0.989402,0.013218,0.100000,0.020000,1,0.291273
33.756344,15.806053,0.520496,7.925215,7.324389,5.716236,-379.221649,211.166702,665.116760,0.082426,-0.864960,0.495026,0.100000,0.020000,1,0.251467
33.733097,15.487164,0.014104,6.405729,23.991186,19.149353,-65.084137,45.402264,656.726868,0.163119,-0.973273,0.161655,0.100000,0.020000,1,0.792012
32.858231,16.081724,-0.357758,-171.442047,98.199219,-54.806393,-14149.914062,9820.220703,-980.282959,0.193282,-0.972871,-0.127138,0.100000,0.020000,1,0.879063
33.719608,15.476543,0.249947,-76.053986,71.162315,67.268959,-5459.654785,3307.011230,3950.420410,0.227069,-0.907023,0.354611,0.100000,0.020000,1,0.594724
34.598801,15.732329,-1.592749,279.989502,51.097778,-398.917358,19652.308594,-5370.986328,-31090.830078,0.245001,-0.927048,-0.283823,0.100000,0.020000,1,0.957288
34.088791,15.888265,0.749066,12.022094,10.862768,0.257332,-59.508072,636.603271,46.214336,-0.091080,-0.564548,0.820359,0.100000,0.020000,1,0.899936
34.008057,15.808499,-0.682485,-36.060699,-21.901981,-55.831276,-2892.683350,-1496.672485,-3553.549805,0.029399,-0.664311,-0.746878,0.100000,0.020000,1,0.509221
33.618896,16.246849,-1.697888,-19.656641,148.825195,-298.855774,-806.101990,4192.339355,-8445.648438,0.138471,-0.765568,-0.628276,0.100000,0.020000,1,0.039641
33.924900,15.603463,0.958487,75.290695,-81.940308,18.676788,4243.694824,-5762.774902,2690.114258,0.167673,-0.732329,0.659985,0.100000,0.020000,1,0.131603
33.589062,15.501587,-0.787576,-148.176819,107.599625,-342.008850,-10721.865234,6141.386719,-23083.082031,0.311800,-0.822762,-0.475230,0.100000,0.020000,1,0.013305
33.289574,15.573071,-0.284375,-76.626480,62.839828,-82.158142,-6996.105957,3984.593262,-6509.053711,0.448146,-0.893249,0.035665,0.100000,0.020000,1,0.581289
33.731388,15.303992,0.521122,-226.579346,165.575790,-181.239258,-15099.528320,9159.559570,-11109.606445,0.353094,-0.797731,0.488826,0.100000,0.020000,1,0.945863
33.981937,15.044627,0.559802,-223.687653,130.110931,445.199707,-13740.730469,5794.368652,29723.154297,0.480045,-0.853476,0.202820,0.100000,0.020000,1,0.386777
33.849113,15.169582,-0.840217,432.105774,-234.849457,-837.227539,-19758.396484,27250.812500,39303.960938,0.488319,-0.860445,-0.145529,0.100000,0.020000,1,0.094430
33.711838,15.503970,-0.411196,-125.019440,2.461270,321.001770,18801.146484,11678.355469,-8338.374023,0.520670,-0.796370,-0.307731,0.100000,0.020000,1,0.283390
34.482891,15.249977,1.219618,158.822754,21.860544,203.199646,-9583.259766,-518.838379,-12597.164062,0.522776,-0.774052,0.357140,0.100000,0.020000,1,0.510894
33.832104,15.549213,-0.553129,-30.076424,32.140812,-218.960846,-3080.961426,1693.663208,-13304.489258,0.252034,-0.613626,-0.748293,0.100000,0.020000,1,0.103986
33.971569,15.434296,-0.622660,31.521156,-10.593159,-22.524418,1848.816772,-1038.719238,-1698.464478,0.406079,-0.675655,-0.615297,0.100000,0.020000,1,0.216145
34.679363,15.042552,-0.677440,-83.307831,-34.488567,-14.532913,-9256.040039,-1366.926392,2783.739014,0.532004,-0.729801,-0.429374,0.100000,0.020000,1,0.513990
34.048855,15.721017,0.743392,0.364176,-83.133942,-253.055176,-707.302856,-5242.606934,-16003.496094,0.114512,-0.545765,0.830077,0.100000,0.020000,1,0.045904
33.414867,15.384347,0.389679,31.324188,-14.351273,156.344437,3681.979492,-2676.142578,6663.287109,0.674814,-0.737586,0.024347,0.100000,0.020000,1,0.785553
33.641808,15.306016,0.050915,40.917389,-3.922882,-87.397156,872.773621,-1083.448486,-7838.695312,0.402642,-0.622884,0.670742,0.100000,0.020000,1,0.488241
33.092113,15.648329,0.461934,-154.678085,116.564026,43.871681,-10530.290039,6770.782715,-2289.638672,0.555131,-0.654930,0.512734,0.100000,0.020000,1,0.964441
32.401237,17.140163,1.529192,-443.576660,574.810181,401.355713,-34166.652344,44058.398438,32265.929688,0.703999,-0.695588,-0.143326,0.100000,0.020000,1,0.381670
35.020012,14.487499,1.230369,-121.713928,83.060242,418.750610,-20684.138672,12221.734375,17969.988281,0.711833,-0.675325,0.192951,0.100000,0.020000,1,0.721207
34.191422,15.044816,0.292846,-124.078415,108.343094,951.042969,-7774.600586,4557.339355,58218.492188,0.262819,-0.534462,0.803291,0.100000,0.020000,1,0.984282
33.789589,15.197961,-0.447364,-104.395805,73.084785,119.755432,-6825.483398,4233.066406,6094.115723,0.719189,-0.627959,-0.297379,0.100000,0.020000,1,0.459894
31.956450,16.257294,-1.384170,-446.186157,270.711975,-434.108887,-22586.957031,13430.185547,-17907.544922,0.740142,-0.589652,0.323266,0.100000,0.020000,1,0.645758
35.985855,15.899408,0.346013,577.659546,96.309296,-38.013748,25037.816406,10837.490234,-4713.729980,0.557176,-0.541709,0.629370,0.100000,0.020000,1,0.966719
34.222534,15.729097,0.573798,-74.456284,140.001099,59.062927,-3999.214844,10477.903320,8454.804688,0.569179,-0.544341,-0.616220,0.100000,0.020000,1,0.675191
33.963924,15.109916,0.076835,416.239197,-237.024139,-250.459122,26119.708984,-15384.742188,-13837.583984,0.717207,-0.543032,-0.436727,0.100000,0.020000,1,0.948052
33.943901,16.267067,1.040401,-164.704865,412.046722,334.665710,-16043.714844,18183.082031,34830.707031,0.394049,-0.498521,-0.772142,0.100000,0.020000,1,0.873333
33.743752,15.239569,0.603471,471.508301,-267.792267,-165.278717,28538.025391,-16735.091797,-9758.897461,0.713241,-0.502109,0.489054,0.100000,0.020000,1,0.883387
34.024574,16.013784,1.292871,50.043182,197.443115,157.760803,2531.126465,14919.318359,12430.783203,0.427607,-0.464831,0.775297,0.100000,0.020000,1,0.440552
33.257137,15.475617,-1.121714,195.852570,-111.846550,-74.586090,9095.535156,-5291.845703,-8363.381836,0.857880,-0.435266,-0.273104,0.100000,0.020000,1,0.514559
34.066128,15.001214,0.260835,-1303.113281,753.529602,56.147812,-82112.054688,47431.039062,3902.574219,0.880295,-0.433144,0.193566,0.100000,0.020000,1,0.606842
33.959747,15.057441,0.164389,753.727539,-422.162994,-692.394043,44569.839844,-32410.240234,-43072.167969,0.894063,-0.433773,-0.111769,0.100000,0.020000,1,0.159345
31.494329,16.480848,-2.381820,-877.470398,507.141663,-673.797729,488.906250,-530.787109,-19394.804688,0.899962,-0.435694,0.015439,0.100000,0.020000,1,0.219615
34.159042,14.942376,-0.894683,-76.595222,47.239594,477.693115,3954.179199,-1869.088867,-23360.039062,0.703191,-0.404826,-0.584499,0.100000,0.020000,1,0.292163
33.314579,18.913830,0.429653,-251.592300,1034.917480,53.402954,14694.822266,-62332.851562,-3012.302246,0.867334,-0.367243,0.335954,0.100000,0.020000,1,0.711527
33.953323,15.111309,1.145887,-13.445412,22.962959,319.596588,1340.404541,-1050.417969,-17505.609375,0.693266,-0.317919,0.646769,0.100000,0.020000,1,0.422989
34.300396,14.938498,-0.491112,-108.351509,86.111969,-550.076477,-2375.663574,9678.333008,18899.863281,0.557499,-0.338661,-0.757960,0.100000,0.020000,1,0.747864
33.683258,15.220947,-0.274701,351.713165,-201.886749,339.352997,-16208.631836,9462.970703,-17331.472656,0.854868,-0.256285,-0.451131,0.100000,0.020000,1,0.398770
35.163853,14.362247,-0.955302,147.103104,-44.484589,-142.393097,7502.331055,-12578.372070,-12177.775391,0.838067,-0.220070,0.499212,0.100000,0.020000,1,0.517015
33.920769,15.079946,1.484206,-197.171509,114.866470,441.512451,-13942.071289,7785.447754,33971.109375,0.983884,-0.174131,0.040630,0.100000,0.020000,1,0.872675
35.151688,15.181184,1.042146,194.865997,122.508797,374.008606,-12285.889648,-7021.757324,-21802.087891,0.979238,-0.170798,-0.109184,0.100000,0.020000,1,0.878725
30.229244,17.211246,1.118469,-1177.338135,680.491577,177.161255,-26459.843750,15100.784180,6556.952148,0.974579,-0.148123,0.168094,0.100000,0.020000,1,0.063112
34.229584,15.614932,0.906362,80.656235,164.096069,-181.817383,-3910.619629,-9101.909180,8585.446289,0.523385,-0.303653,0.796156,0.100000,0.020000,1,0.589296
30.446920,17.085571,-3.762282,-1118.024048,649.312378,-1245.403687,-34011.285156,18854.453125,2254.157227,0.949018,-0.135110,-0.284798,0.100000,0.020000,1,0.522033
34.235760,14.898085,0.450703,-367.783539,212.518066,-687.692078,-23435.279297,13487.190430,-42731.347656,0.941311,-0.115762,0.317069,0.100000,0.020000,1,0.026526
34.174480,14.933461,0.450311,519.709229,-299.563934,331.446442,-36487.695312,21442.468750,-11895.041992,0.758601,-0.137924,0.636790,0.100000,0.020000,1,0.294743
34.140171,14.953273,-0.127172,-13.776387,12.230169,-727.363953,-2742.118408,-1259.038574,-44387.769531,0.782970,-0.120659,-0.610245,0.100000,0.020000,1,0.723449
34.149002,15.098178,-0.908981,19.502928,4.128893,-32.953331,-482.196594,-109.150635,2301.703857,0.648699,-0.181826,-0.739006,0.100000,0.020000,1,0.641826
34.177025,14.931995,-0.620428,-202.473160,116.983360,275.964508,24663.492188,-14142.607422,-18783.666016,0.906987,-0.007383,-0.421093,0.100000,0.020000,1,0.578050
34.865459,14.534525,1.031365,385.121094,-221.626785,9.413210,26044.908203,-15201.587891,4895.413086,0.997247,0.074101,0.002558,0.100000,0.020000,1,0.414696
34.799686,14.572500,0.433368,415.054626,-239.324448,-149.581833,-11740.779297,6980.132324,-36480.156250,0.867814,0.019035,0.496524,0.100000,0.020000,1,0.236395
34.259968,14.884108,-0.324174,-16.567612,25.212070,-178.566177,-521.095215,428.811096,9268.625000,0.610334,-0.146993,0.778387,0.100000,0.020000,1,0.200717
34.250862,14.889365,2.336549,-207.661041,120.302979,741.606934,4371.875977,-2615.763672,23049.912109,0.982609,0.123113,-0.139006,0.100000,0.020000,1,0.376634
33.982552,15.044273,0.570210,2428.166260,-1401.636108,-2546.558594,151194.015625,-87350.679688,-159101.078125,0.973372,0.122302,0.193882,0.100000,0.020000,1,0.945970
33.582050,15.395550,-0.572268,-311.495483,190.661682,234.162781,18020.283203,-10863.597656,-11591.761719,0.808182,0.068350,-0.584954,0.100000,0.020000,1,0.944369
34.500179,14.893067,-0.227809,14.482784,-22.307644,-20.230930,788.078186,-805.067383,-1184.797241,0.942888,0.186068,-0.276297,0.100000,0.020000,1,0.568370
35.181885,14.404861,0.530438,127.745941,-119.740540,90.252319,10709.284180,-9057.125000,6635.931641,0.920111,0.197799,0.338039,0.100000,0.020000,1,0.310990
34.394604,15.193246,-0.764222,-3.284381,-149.090973,130.888428,-463.639221,-8875.022461,7899.320801,0.661859,-0.026996,-0.749142,0.100000,0.020000,1,0.253247
34.560371,14.812958,0.379191,-72.011932,43.985016,-145.300293,-4332.545410,2287.784180,-9965.166992,0.772425,0.085581,0.629313,0.100000,0.020000,1,0.346632
31.640804,16.396282,1.130049,-545.893311,329.858521,372.111542,-2882.462891,-3223.244141,11210.732422,0.872014,0.243616,-0.424550,0.100000,0.020000,1,0.178367
34.549820,15.870670,-0.058708,-209.723389,195.070129,-87.390724,26913.058594,-7556.556641,-2752.361816,0.936130,0.351637,0.003323,0.100000,0.020000,1,0.502673
33.239719,15.473149,-0.170601,8.124160,27.922451,295.982941,-11734.134766,-128.162598,10109.771484,0.844326,0.270051,0.462802,0.100000,0.020000,1,0.141461
34.444794,15.286139,0.481467,-418.628143,-130.023956,-623.998779,21133.166016,5892.141113,31785.480469,0.637708,0.036314,0.769422,0.100000,0.020000,1,0.931201
34.896439,14.516640,-0.018401,70.184090,-34.165546,-22.551716,-3932.873047,2218.560547,1592.958984,0.894343,0.414232,0.169005,0.100000,0.020000,1,0.136354
34.978031,14.972569,-0.743787,-31.719673,58.576843,-219.169983,942.999268,-3671.595459,12654.207031,0.899086,0.417150,-0.132781,0.100000,0.020000,1,0.824576
34.546268,15.142806,-0.831711,-42.678101,-1.308529,-186.726700,2729.621094,-1050.829590,10880.343750,0.856064,0.426709,-0.291675,0.100000,0.020000,1,0.007984
34.883976,14.523838,-0.079535,-1756.133789,1015.326050,976.599731,-110786.781250,62620.449219,60180.082031,0.849460,0.427777,0.308909,0.100000,0.020000,1,0.642644
31.730223,16.414497,0.888900,-749.205994,453.717896,311.441864,-18975.722656,11488.689453,-610.435547,0.730414,0.308607,-0.609309,0.100000,0.020000,1,0.838331
35.640919,14.146863,0.102315,199.306671,-96.873138,99.173203,16130.831055,-8769.549805,8304.281250,0.794879,0.430277,-0.427818,0.100000,0.020000,1,0.340991
33.818024,15.189951,-0.366046,267.923889,-139.326355,-260.818268,13425.313477,-7949.488770,-15230.939453,0.652100,0.201804,-0.730781,0.100000,0.020000,1,0.825804
35.921970,14.003153,-0.426693,415.123138,-215.852707,-270.863831,12499.093750,-6540.627441,-8537.376953,0.715023,0.315695,0.623762,0.100000,0.020000,1,0.811230
35.023571,14.997896,0.066281,-104.431870,-119.451584,-142.142670,-6607.490723,-6980.541016,-8465.608398,0.803427,0.595267,0.012769,0.100000,0.020000,1,0.377203
36.665165,14.581642,-0.321943,672.730896,-102.044891,52.679764,38799.167969,-14277.474609,5300.934570,0.497811,-0.069562,-0.864491,0.100000,0.020000,1,0.105000
34.905285,14.982576,0.459612,3.800144,-11.240043,8.726822,401.593292,23.765812,727.912964,0.736979,0.493965,0.461369,0.100000,0.020000,1,0.594955
40.031784,13.770895,3.565438,1533.506958,-238.054504,924.451599,59495.867188,-14762.369141,43878.304688,0.779040,0.597338,0.190483,0.100000,0.020000,1,0.426369
34.690113,15.220755,0.602788,-205.667938,192.300110,-164.039917,-12917.208008,12942.869141,-10750.187500,0.602161,0.206198,0.771288,0.100000,0.020000,1,0.841819
34.942875,14.649896,-0.031054,-5.379709,-0.090451,-123.753372,-541.157837,-386.238861,-7372.214355,0.747792,0.646638,-0.150550,0.100000,0.020000,1,0.873689
34.747017,14.741387,-0.651094,-37.139648,29.601223,134.462372,-2906.235107,1316.919922,7931.520996,0.664687,0.479586,-0.572877,0.100000,0.020000,1,0.383129
34.886204,15.576416,0.273536,47.226189,43.518280,-18.995792,2588.762207,6061.294922,-1333.399170,0.710652,0.617022,0.338021,0.100000,0.020000,1,0.550487
34.671642,14.736566,-0.464679,-128.009796,101.221146,88.104126,-9450.000000,6215.515137,4765.898438,0.707252,0.638555,-0.303386,0.100000,0.020000,1,0.045993
35.338242,15.456839,-0.624492,168.543060,63.058975,6.818605,12792.036133,5852.654297,648.310913,0.556104,0.361861,-0.748201,0.100000,0.020000,1,0.312609
35.057617,15.408329,0.805025,123.872742,125.885162,19.098198,7408.159180,10469.425781,2666.476562,0.605741,0.641555,0.470622,0.100000,0.020000,1,0.198048
35.314816,15.425976,1.147270,159.332123,125.337875,101.499039,11607.696289,9919.757812,8751.584961,0.565808,0.509679,0.648143,0.100000,0.020000,1,0.954423
33.256252,15.463603,-0.963174,-401.990326,308.405670,-75.600403,-22345.595703,-2532.051025,-1253.106323,0.589677,0.679743,-0.436154,0.100000,0.020000,1,0.811141
35.244778,14.985724,-0.076851,-107.584091,197.908112,-154.872223,5163.438965,-10374.953125,7666.400879,0.603073,0.789101,-0.116718,0.100000,0.020000,1,0.881162
35.041725,14.432760,0.092892,26.262962,22.463305,-1.631425,-753.430542,-5141.207520,1378.464111,0.579866,0.799617,0.156100,0.100000,0.020000,1,0.461603
35.947002,13.910098,2.512108,310.090149,-119.041458,633.174683,-17554.900391,8420.180664,-38442.441406,0.582240,0.812812,0.018255,0.100000,0.020000,1,0.257286
36.002464,14.019129,3.298037,370.946106,-171.423065,666.994873,28343.705078,-15151.531250,52898.812500,0.509724,0.341254,0.789764,0.100000,0.020000,1,0.428256
34.955109,14.735345,-0.683129,155.274292,-65.343521,4.632946,11321.757812,-5966.460938,720.196716,0.492130,0.058309,-0.868566,0.100000,0.020000,1,0.143009
36.260536,13.876726,0.951666,527.506470,-259.814911,397.017487,14486.695312,-7206.719727,11728.527344,0.512182,0.804628,-0.300406,0.100000,0.020000,1,0.942732
34.910889,15.353859,-0.901591,-7.652462,10.446465,-72.760513,-1231.764038,2318.752930,-6164.619629,0.490110,0.649784,-0.581010,0.100000,0.020000,1,0.451673
35.856609,15.022053,0.270587,191.688965,27.616011,14.647899,6933.458984,233.619995,-174.594788,0.486188,0.815402,0.314230,0.100000,0.020000,1,0.735318
35.549175,15.443521,0.761751,102.665619,58.106499,69.637131,8363.069336,5563.506836,5249.369629,0.453501,0.643737,0.616392,0.100000,0.020000,1,0.984104
34.821289,15.393122,-1.181239,204.479111,-47.773163,-119.854652,7304.020508,-2234.632080,-3324.002686,0.476896,0.183831,-0.859521,0.100000,0.020000,1,0.455232
35.332222,16.093193,-1.650841,158.167648,228.780273,-257.280151,-1163.910522,18981.582031,-17461.207031,0.433304,0.517459,-0.737891,0.100000,0.020000,1,0.760551
34.923019,15.266923,-0.427254,12.812269,53.659744,83.939575,244.524414,-3475.607422,-4135.107422,0.401847,0.799143,-0.447091,0.100000,0.020000,1,0.453097
35.445251,15.139805,-0.048464,-116.083389,52.027405,64.712128,5611.052734,-3096.329346,-3046.283936,0.364182,0.931029,0.023592,0.100000,0.020000,1,0.871482
33.806465,15.145936,0.706552,-248.990540,210.944794,155.212738,-11412.351562,-1525.771729,19732.636719,0.360879,0.926666,-0.105146,0.100000,0.020000,1,0.619974
34.948795,15.135699,0.837281,-296.756470,161.981537,-196.737091,14924.612305,-8247.420898,9453.148438,0.414844,0.485923,0.769274,0.100000,0.020000,1,0.773790
34.946014,14.707429,1.279776,-1.379560,-31.726063,194.192719,927.495789,2405.335449,-12003.096680,0.362791,0.797453,0.482133,0.100000,0.020000,1,0.665421
34.532314,14.726868,0.668879,90.083405,-4.423790,289.827423,4986.991211,-8630.468750,15324.125000,0.335666,0.927749,0.163131,0.100000,0.020000,1,0.272589
34.921009,15.046641,-0.452368,-97.386520,-71.493790,-28.305740,5098.242188,3934.627441,1469.521484,0.290306,0.915453,-0.278690,0.100000,0.020000,1,0.570808
35.067589,15.355215,-0.677210,70.866196,69.166718,44.082298,-3425.881836,-4181.877930,-2106.713623,0.349701,0.612274,-0.709104,0.100000,0.020000,1,0.371972
35.631065,15.025105,0.273066,72.417923,-26.998371,15.647011,-4285.324219,1397.218872,-734.927856,0.274528,0.906319,0.321278,0.100000,0.020000,1,0.183260
34.959568,14.480193,-0.725832,49.806099,32.260170,-26.584755,-3910.726807,-16957.285156,-4642.511230,0.229791,0.879609,-0.416515,0.100000,0.020000,1,0.435587
36.442917,14.368045,-1.398928,400.821045,-328.018585,-270.967407,-23227.302734,18440.005859,15871.875977,0.250597,0.758300,-0.601815,0.100000,0.020000,1,0.051990
34.976128,15.286482,0.356702,-80.045517,-34.064491,-74.841515,4790.002930,1266.782349,4283.378906,0.245024,0.749841,0.614575,0.100000,0.020000,1,0.016561
34.810879,15.324508,-0.796625,12.033287,-6.503150,-11.978039,675.046021,264.159668,-972.378845,0.392864,0.331257,-0.857861,0.100000,0.020000,1,0.648392
35.583313,15.339733,0.241006,-68.179840,-17.592131,91.686546,-4594.628418,-44.733963,4277.583984,0.092949,0.983657,0.154205,0.100000,0.020000,1,0.540397
35.554680,15.443492,-0.047952,-89.350967,-72.521667,-72.822342,-5508.111816,-3429.183838,-4268.980469,0.089224,0.986164,-0.139713,0.100000,0.020000,1,0.394873
35.409988,15.344345,0.500639,-426.155060,90.765671,-58.742157,-26921.892578,6399.143555,-3404.185547,0.121419,0.872527,0.473238,0.100000,0.020000,1,0.526072
35.563805,15.560167,0.059445,-375.519989,-197.019836,153.773438,-23661.962891,-10969.722656,9833.932617,0.035368,0.998863,0.031958,0.100000,0.020000,1,0.313872
34.761242,14.642591,-0.792969,-203.386047,-241.558884,-157.629623,-4972.727539,-9543.513672,-10951.901367,0.025689,0.962663,-0.269480,0.100000,0.020000,1,0.611593
34.954708,15.381929,0.786729,91.731827,29.379066,-10.160928,5106.021484,2612.623779,-326.474060,0.235829,0.570633,0.786615,0.100000,0.020000,1,0.797920
35.139053,14.754395,-0.353243,-91.248856,71.758293,-104.447037,-6772.789551,2440.388916,-5856.215332,0.066646,0.807928,-0.585500,0.100000,0.020000,1,0.516588
36.219818,15.879062,-1.734615,81.781670,103.084366,-548.199036,-3776.572754,3951.517090,-13590.853516,-0.017700,0.945959,0.323803,0.100000,0.020000,1,0.797457
35.891735,17.031572,-0.398432,264.134399,348.970886,-12.673744,-2515.667969,29185.623047,2911.126465,0.133979,0.679241,-0.721582,0.100000,0.020000,1,0.958408
35.612545,15.522934,-0.351444,-573.196655,61.115860,-322.762451,-35744.210938,4740.852539,-20270.621094,-0.045952,0.908338,-0.415705,0.100000,0.020000,1,0.221590
35.167465,15.190693,-0.231423,63.490883,-114.959778,-198.650574,3100.826172,-7728.828125,-15826.710938,0.016270,0.789100,0.614049,0.100000,0.020000,1,0.520022
35.549473,15.286419,0.500572,57.049583,-89.755829,25.790131,3814.224854,-5943.574219,1955.989380,-0.082748,0.880537,0.466699,0.100000,0.020000,1,0.719232
35.080032,15.106918,-0.500939,-59.375427,66.543701,-130.846832,-4707.680176,3910.497070,-4082.211182,-0.211234,0.966352,-0.146780,0.100000,0.020000,1,0.859471
35.216503,15.556919,0.210737,74.109566,-82.539703,154.056519,3006.909668,-4689.493652,9973.038086,-0.213427,0.962550,0.167172,0.100000,0.020000,1,0.007771
35.335621,16.269690,0.645141,-16.655807,109.399200,173.134766,-2279.194336,10398.343750,13510.831055,-0.220641,0.974892,0.030051,0.100000,0.020000,1,0.105427
36.584084,13.542277,-0.188553,530.885742,-237.131378,-267.745483,28798.062500,-10500.918945,-10401.585938,0.092739,0.617706,0.780922,0.100000,0.020000,1,0.653018
34.720375,14.618292,-1.517653,42.702499,66.545624,-198.039474,-7851.215332,-13064.565430,-10062.199219,-0.111209,0.822484,-0.557811,0.100000,0.020000,1,0.967306
35.235703,15.374201,0.108190,-37.369888,46.077324,127.622452,2822.078857,-2060.758301,-5893.017090,-0.231471,0.919213,0.318541,0.100000,0.020000,1,0.558476
35.346935,16.878328,0.027416,173.313995,117.120926,54.769402,-7972.221191,-9618.870117,-3501.031006,-0.268094,0.921830,-0.279919,0.100000,0.020000,1,0.317093
35.417164,15.508740,-0.871346,61.590652,-8.109144,-35.964111,4309.048340,-110.262192,-3127.852051,-0.061765,0.673575,-0.736534,0.100000,0.020000,1,0.007522
35.970573,14.591653,-0.059198,179.635834,-374.040070,108.430878,5102.673828,-10140.673828,2911.709473,-0.293253,0.853534,-0.430677,0.100000,0.020000,1,0.968729
35.377117,16.411070,0.427835,160.383438,104.374062,-96.703903,6706.313965,-74.677734,-3398.853027,-0.071147,0.664201,0.744161,0.100000,0.020000,1,0.724339
35.433208,16.222610,1.168242,48.300751,104.343842,157.805939,2988.139648,9608.344727,12539.827148,-0.205725,0.765720,0.609386,0.100000,0.020000,1,0.516392
35.295128,15.847979,0.296563,39.607765,24.706139,-53.651184,1464.130981,2686.585205,-3888.238770,-0.325885,0.825569,0.460690,0.100000,0.020000,1,0.751689
35.213470,16.263060,0.674186,-42.284409,75.347488,109.196564,-4405.024902,7263.321289,8986.976562,-0.447819,0.873419,0.191302,0.100000,0.020000,1,0.624743
34.848572,16.882755,-0.110369,-161.534973,257.301544,-21.229996,-10990.458984,18757.730469,6388.052734,-0.456520,0.878367,-0.141635,0.100000,0.020000,1,0.177246
33.553413,15.540595,-0.322567,-532.020203,-147.750946,-28.225525,-33867.742188,-4597.694336,-13192.670898,-0.464155,0.885636,0.014456,0.100000,0.020000,1,0.816479
35.913578,16.297842,-0.731800,46.429550,62.956802,-105.125366,4206.225586,6480.060547,-8664.566406,-0.473556,0.837607,-0.272323,0.100000,0.020000,1,0.363430
34.937321,15.441788,-0.722293,-43.966953,-186.596619,-75.399948,-1264.612305,-5076.437012,-7655.185547,-0.347747,0.747533,-0.565921,0.100000,0.020000,1,0.697789
35.161907,15.724086,-0.798609,176.005951,-11.478935,326.947876,10216.631836,-31.380825,19970.654297,-0.232282,0.668292,-0.706704,0.100000,0.020000,1,0.186802
35.185562,15.489798,-0.824940,24.808727,-15.863131,-9.712757,1607.601318,-604.162964,-884.763733,0.017924,0.541827,-0.840299,0.100000,0.020000,1,0.305295
36.303795,17.979641,0.793735,239.719177,592.808167,146.258209,18128.343750,46696.617188,11342.048828,-0.524808,0.789051,0.319337,0.100000,0.020000,1,0.111602
35.401878,17.632895,1.204608,47.353264,489.750244,175.368408,2207.616699,15465.182617,16453.574219,-0.499237,0.722951,0.477603,0.100000,0.020000,1,0.072240
35.331459,15.946234,-0.449776,35.064465,26.951950,32.351906,1313.163696,2395.863525,1734.758789,-0.527727,0.740557,-0.416029,0.100000,0.020000,1,0.535735
35.357349,15.841809,0.567333,129.132065,340.874481,436.035797,7817.234375,22122.714844,27516.302734,-0.396781,0.668446,0.629083,0.100000,0.020000,1,0.831391
35.366310,16.112143,-0.169460,-6.609863,-16.630392,-9.098911,-790.890259,-332.167999,-183.081406,-0.644829,0.752389,-0.134559,0.100000,0.020000,1,0.755355
35.217419,15.589218,0.736823,-483.364258,352.814331,-59.338261,-30994.578125,22215.466797,-3508.036377,-0.257345,0.606945,0.751925,0.100000,0.020000,1,0.895291
35.311901,16.117977,0.051198,105.178329,-114.642532,121.662582,5467.714355,-6304.976562,7333.489258,-0.661865,0.734837,0.148151,0.100000,0.020000,1,0.078237
35.488377,15.770365,-0.368938,95.346054,12.613246,7.692360,5555.605469,233.256989,-1175.782349,-0.674792,0.737330,0.031636,0.100000,0.020000,1,0.012415
35.254509,16.057203,-0.568440,268.963257,-199.619034,45.725029,16085.131836,-11561.057617,2601.567383,-0.521327,0.649721,-0.553246,0.100000,0.020000,1,0.076636
35.343716,16.324556,-0.378550,-11.141747,-189.845337,152.083466,-1593.612549,-10319.494141,9022.463867,-0.677368,0.685920,-0.265868,0.100000,0.020000,1,0.681205
35.068241,15.860591,0.595061,515.706055,-395.131317,25.606934,30618.884766,-25360.777344,2945.800293,-0.700248,0.644892,0.306213,0.100000,0.020000,1,0.711918
35.161541,15.915465,-0.739189,133.518402,71.712708,306.066101,7557.754395,5225.583008,18875.742188,-0.418183,0.578840,-0.700048,0.100000,0.020000,1,0.634744
35.354652,16.072876,0.472025,-531.924011,-266.935730,-162.657104,-33899.058594,-15905.986328,-10522.887695,-0.543834,0.597128,0.589646,0.100000,0.020000,1,0.309869
35.486938,16.906025,0.083779,124.232666,163.430206,139.141052,7806.031738,14316.724609,10687.603516,-0.672391,0.615333,-0.411408,0.100000,0.020000,1,0.994780
35.645008,16.198418,1.144092,336.711548,141.176270,179.129059,22597.468750,10810.141602,13261.896484,-0.393622,0.534715,0.747758,0.100000,0.020000,1,0.088451
35.121632,16.356960,-0.038697,45.944294,-104.949600,-90.173920,1297.138550,-5519.632324,-5422.174316,-0.819481,0.561624,-0.114145,0.100000,0.020000,1,0.347344
35.087372,15.561869,-0.849502,-22.725948,30.376907,38.626640,-1918.811279,2066.663086,2101.365967,-0.124611,0.511440,-0.850236,0.100000,0.020000,1,0.052435
34.707489,14.984123,0.698469,53.622890,77.644440,-563.629211,317.609497,644.095215,-34420.035156,-0.702319,0.537893,0.466282,0.100000,0.020000,1,0.714196
35.149647,16.438587,0.074359,347.596924,-459.690979,484.929016,20532.896484,-27619.369141,30228.759766,-0.822954,0.537874,0.182858,0.100000,0.020000,1,0.944440
35.129314,16.573404,0.083949,-11.306320,-30.440880,37.074265,-901.272949,-2030.359131,1396.095215,-0.839859,0.542303,0.023334,0.100000,0.020000,1,0.446477
34.710445,16.969797,0.578832,-57.781479,132.540924,123.603653,-6656.876465,11863.208008,9051.436523,-0.826719,0.469880,0.309433,0.100000,0.020000,1,0.362202
35.721725,16.873270,-0.060093,88.824745,219.623291,12.068565,6207.508301,17210.152344,1020.562988,-0.833296,0.469869,-0.291274,0.100000,0.020000,1,0.106939
33.667889,15.902454,0.281918,-163.954773,51.736427,-6.734695,-17266.201172,3300.691406,3388.749756,-0.542398,0.468406,-0.697424,0.100000,0.020000,1,0.791816
35.088020,16.058979,-0.591242,8.005877,3.813781,34.827618,-619.621521,308.391724,1839.663086,-0.704941,0.436724,-0.558865,0.100000,0.020000,1,0.244812
35.389145,16.078945,0.711400,-308.741394,-67.294540,-121.589645,-19202.972656,-4074.245361,-7001.099121,-0.683670,0.403092,0.608368,0.100000,0.020000,1,0.333998
35.666298,14.093424,3.252131,331.769073,-689.420410,923.361938,5847.767578,-22133.125000,41566.492188,-0.813510,0.368897,0.449575,0.100000,0.020000,1,0.034747
35.490803,17.026855,-0.327224,112.396271,165.734985,-60.901596,7713.173828,13992.475586,-3654.646729,-0.836563,0.361162,-0.411977,0.100000,0.020000,1,0.077205
35.135014,15.917295,0.571796,57.655205,89.293533,-153.621277,3166.459473,5700.264648,-10185.314453,-0.517231,0.390505,0.761563,0.100000,0.020000,1,0.378466
35.397732,18.298964,1.005907,91.488541,516.464844,309.799042,3688.848389,41761.574219,23520.822266,-0.948591,0.284828,-0.138017,0.100000,0.020000,1,0.537728
34.971230,16.393793,-0.128883,74.089767,108.429291,79.778122,3216.563232,7168.849121,4490.554199,-0.959973,0.280089,0.001722,0.100000,0.020000,1,0.600774
34.875553,16.202217,-0.016882,-211.686279,-24.059444,13.052385,-15114.814453,-2015.543335,135.965134,-0.953706,0.252509,0.163356,0.100000,0.020000,1,0.561412
34.743599,16.179979,0.840248,23.267925,-59.380959,277.937012,-676.131165,-3709.330322,23127.517578,-0.787639,0.280835,-0.548413,0.100000,0.020000,1,0.822921
35.632267,14.598564,0.270847,169.178375,-550.502319,13.997406,18482.554688,-28068.824219,-6194.602051,-0.919578,0.215302,0.328667,0.100000,0.020000,1,0.084358
34.699516,16.700638,0.429872,-79.469162,51.781288,179.247009,-7329.604492,4829.299805,14115.715820,-0.941221,0.208261,-0.265954,0.100000,0.020000,1,0.859631
34.742435,15.918633,-0.422336,-68.371857,-70.104248,-42.969933,-6252.675293,-4967.023926,-1792.389771,-0.643844,0.284214,-0.710414,0.100000,0.020000,1,0.403236
33.581917,16.970026,-0.418703,-326.888763,127.167236,-57.068329,-8939.617188,16989.175781,-3264.900635,-0.756222,0.234087,0.611008,0.100000,0.020000,1,0.344247
35.213715,16.823256,-0.294692,278.930725,302.380219,-12.872774,17616.832031,21257.712891,-534.366638,-0.899499,0.177003,-0.399465,0.100000,0.020000,1,0.087454
34.286476,16.416210,-0.086110,-257.766815,171.085892,167.742493,-7543.944336,8317.302734,7148.248047,-0.241861,0.450325,-0.859483,0.100000,0.020000,1,0.101548
34.941841,16.728586,0.193121,82.701462,100.325256,35.216469,4228.210449,9203.059570,250.622589,-0.625498,0.260607,0.735415,0.100000,0.020000,1,0.870824
36.378864,16.242435,1.852968,323.153046,139.269562,489.509583,3426.879395,8015.649414,13426.569336,-0.996756,0.077213,0.022722,0.100000,0.020000,1,0.957412
34.889729,16.454279,0.520054,9.780191,50.223831,-39.217987,-466.120514,3787.849121,-2081.197754,-0.874873,0.114061,0.470730,0.100000,0.020000,1,0.604528
34.566898,16.087051,0.471478,-27.865387,-115.910995,102.787727,-6810.263672,-9546.938477,5978.527832,-0.987225,0.057138,0.148733,0.100000,0.020000,1,0.172833
34.663921,16.127760,0.737328,-294.490723,-142.399765,333.344299,-20502.785156,-10270.632812,24639.419922,-0.990109,0.030879,-0.136862,0.100000,0.020000,1,0.459450
33.980576,16.486210,0.000437,-233.699677,-21.784515,-21.717636,-14986.409180,-4415.826172,-7681.717773,-0.955839,-0.008990,0.293754,0.100000,0.020000,1,0.391029
34.987125,16.311773,-0.523403,-97.794250,-212.802460,25.522758,-6667.370117,-12822.464844,2013.077148,-0.716201,0.132776,-0.685147,0.100000,0.020000,1,0.186463
34.697502,16.090328,0.675190,127.181847,-91.647644,226.475861,-3416.037598,-11986.244141,9699.408203,-0.958975,-0.041444,-0.280444,0.100000,0.020000,1,0.340884
35.180927,16.514463,0.295405,23.043816,72.445366,7.275887,-2370.520752,-1663.344238,-2856.074707,-0.798757,0.049790,0.599589,0.100000,0.020000,1,0.548511
34.318462,16.496859,-0.959293,-102.634949,14.062649,-99.397003,-9602.040039,1779.362793,-8101.259766,-0.815495,0.041781,-0.577254,0.100000,0.020000,1,0.018857
35.133472,16.123648,-0.689227,-264.931274,-116.864365,10.380814,-16904.638672,-5820.104980,1020.850037,-0.336317,0.386322,-0.858863,0.100000,0.020000,1,0.862567
34.527367,16.683022,0.608267,-22.295952,28.447968,30.530731,-3379.038330,3058.731201,2710.887695,-0.882639,-0.067276,0.465212,0.100000,0.020000,1,0.199293
34.763618,16.432817,-0.396229,-248.444397,139.735306,41.377232,-16642.353516,8948.743164,2563.874756,-0.901220,-0.082359,-0.425464,0.100000,0.020000,1,0.956433
34.835724,16.223751,0.610386,16.474503,13.426659,51.012894,125.090157,1175.427246,2998.305664,-0.673411,0.091403,0.733596,0.100000,0.020000,1,0.058432
34.660500,16.759829,-0.049544,-1.882107,27.667618,-15.613495,-1299.206421,2799.898438,-1213.250122,-0.983843,-0.178948,0.005471,0.100000,0.020000,1,0.272411
34.633053,16.578537,-0.227817,-158.470947,-257.832031,288.397583,-11188.334961,-15981.140625,17654.869141,-0.972888,-0.205223,-0.106644,0.100000,0.020000,1,0.436387
34.804920,16.107624,-0.053558,74.912537,-42.606316,91.112778,4210.108887,-3734.212646,7587.002930,-0.828794,-0.126754,-0.545008,0.100000,0.020000,1,0.635829
34.555851,16.365334,-0.075096,-113.198242,46.939896,53.745445,-8462.283203,2365.545166,2428.823730,-0.952712,-0.250550,0.171942,0.100000,0.020000,1,0.925524
34.647396,16.534693,-1.111096,-55.532349,123.556793,-96.591873,-5497.403320,10525.248047,-7516.886719,-0.443109,0.276108,-0.852888,0.100000,0.020000,1,0.310509
33.613686,16.170666,-0.865427,-73.842377,98.818405,-96.785492,-9837.997070,4906.591309,-8687.741211,-0.925583,-0.260498,-0.274658,0.100000,0.020000,1,0.121335
34.503273,16.590242,0.424636,112.919815,-47.865761,-187.848389,5728.530762,-2571.727783,-11234.213867,-0.912782,-0.271984,0.304721,0.100000,0.020000,1,0.165928
34.749603,16.325968,-0.547265,-193.827789,219.706451,-76.606491,-12448.500000,14481.611328,-4988.484375,-0.703163,-0.057506,-0.708699,0.100000,0.020000,1,0.060994
34.990139,16.176645,-0.577983,175.037415,-156.388947,-105.378113,11491.207031,-10753.606445,-8892.158203,-0.856571,-0.316120,-0.407867,0.100000,0.020000,1,0.282536
34.654556,16.053268,-0.819816,106.554611,-81.962906,31.469200,5038.577637,-4846.711914,1755.849243,-0.506147,0.169989,-0.845529,0.100000,0.020000,1,0.320759
34.800037,16.260004,0.825704,149.950012,-105.914093,-220.424622,9037.943359,-6499.606934,-13226.430664,-0.676028,-0.090739,0.731267,0.100000,0.020000,1,0.376207
34.505630,16.435469,0.689899,-174.210297,-329.178406,-151.609924,-12369.792969,-20356.554688,-8990.400391,-0.764262,-0.210538,0.609571,0.100000,0.020000,1,0.292875
34.478207,17.432943,0.939150,-29.441212,205.436020,202.701416,650.680420,5706.934570,5262.822754,-0.830530,-0.325911,0.451666,0.100000,0.020000,1,0.237302
34.253353,16.671888,0.236064,127.117264,-138.757660,-112.161926,6342.504883,-8124.098633,-6671.552734,-0.869616,-0.469416,0.153022,0.100000,0.020000,1,0.974637
34.418255,16.809179,0.087614,24.047796,54.074142,56.755478,529.266602,4609.286621,4442.956055,-0.872106,-0.471507,-0.130813,0.100000,0.020000,1,0.662859
34.130222,15.966743,-0.642117,134.022568,-58.571945,-1.653135,5634.927734,-5024.493652,-223.524094,-0.702024,-0.216349,-0.678495,0.100000,0.020000,1,0.074019
35.013592,16.733456,0.939979,55.829773,125.795486,217.232361,-6225.462891,2514.348145,1824.737305,-0.840548,-0.467395,-0.273899,0.100000,0.020000,1,0.976434
34.553982,16.511580,0.604942,-458.338135,-106.090668,-244.255173,-29237.804688,-6567.782227,-14085.074219,-0.818209,-0.480066,0.316339,0.100000,0.020000,1,0.794005
34.306076,16.601807,-0.120778,78.056633,-49.366364,226.116760,3655.048340,-2798.916748,13649.051758,-0.855499,-0.516849,0.031457,0.100000,0.020000,1,0.055638
34.446659,16.414175,-0.273861,15.908452,194.079742,-446.180359,-14.825158,12381.236328,-27241.041016,-0.748830,-0.374456,-0.546842,0.100000,0.020000,1,0.058787
34.441399,16.505463,-0.366706,-108.110336,-136.711639,-34.632637,-7516.240723,-8387.098633,-2199.146484,-0.776198,-0.485691,-0.402022,0.100000,0.020000,1,0.198706
34.480862,16.488211,0.447536,-234.034485,-172.561676,106.302109,-15532.647461,-10360.355469,6392.440430,-0.714856,-0.392301,0.578861,0.100000,0.020000,1,0.051118
34.454239,16.070105,0.811499,-18.217300,33.731735,7.537502,-2392.216309,1447.436523,1076.859741,-0.627237,-0.248037,0.738276,0.100000,0.020000,1,0.084483
36.861942,16.835424,1.851453,782.994080,110.381355,404.905182,31310.087891,2961.625977,16513.472656,-0.717197,-0.530525,0.451853,0.100000,0.020000,1,0.820963
34.945717,17.848402,-0.986530,212.189194,374.097504,-277.355774,9016.099609,11794.097656,-6648.806641,-0.761814,-0.647793,0.001883,0.100000,0.020000,1,0.154415
33.448879,16.450956,-0.416148,-72.306122,80.335876,-68.894043,-8714.330078,4950.708984,-5571.218750,-0.735506,-0.663593,-0.136663,0.100000,0.020000,1,0.263176
34.126785,16.458832,-0.642526,383.652039,42.189697,-294.839661,22460.777344,3042.989502,-19261.660156,-0.670759,-0.510335,-0.538182,0.100000,0.020000,1,0.542817
34.968880,17.686409,0.269810,299.070618,407.307312,30.862167,23848.017578,28178.185547,3896.768311,-0.718360,-0.676186,0.163497,0.100000,0.020000,1,0.979335
34.724865,16.148476,-0.787008,18.560143,-10.558374,7.990773,257.712433,-238.707977,428.040070,-0.526126,0.024843,-0.850044,0.100000,0.020000,1,0.630206
33.343048,17.352488,-0.488481,-240.017822,346.554688,-78.406769,-15899.239258,13039.313477,-661.898193,-0.690118,-0.675319,-0.260157,0.100000,0.020000,1,0.313641
34.638126,16.190065,-0.746149,-100.084732,76.106369,31.896576,-7079.341309,5049.883301,1994.025391,-0.556349,-0.134726,-0.819954,0.100000,0.020000,1,0.538048
34.023102,16.472301,-0.380243,-17.109962,2.099152,-204.985718,-2673.412598,321.105316,-15698.530273,-0.666814,-0.677795,0.309762,0.100000,0.020000,1,0.524489
34.913250,16.583035,-0.935176,145.207092,65.274948,-71.517456,10463.609375,5486.279297,-5766.655762,-0.584412,-0.405824,-0.702688,0.100000,0.020000,1,0.300491
34.711102,15.800848,1.869377,147.444794,-125.665848,368.365295,3154.169434,-7538.518555,18110.015625,-0.600226,-0.523674,0.604562,0.100000,0.020000,1,0.626451
33.476944,16.300076,0.404642,-151.458130,76.394043,131.998108,-12275.387695,5619.340332,9977.940430,-0.623935,-0.679106,-0.386678,0.100000,0.020000,1,0.499825
34.695808,16.155331,0.768681,32.231754,30.627060,7.497904,1029.124756,2398.754150,460.077026,-0.520804,0.018716,0.853471,0.100000,0.020000,1,0.825056
34.267612,15.883090,0.001201,-6.402132,39.035877,-50.318298,-902.680542,442.046051,-4834.511230,-0.599352,-0.668619,0.440142,0.100000,0.020000,1,0.562551
33.825298,16.203476,0.047011,109.269180,-45.153702,90.325836,5060.326660,-3711.345459,5798.010254,-0.587906,-0.808498,0.026429,0.100000,0.020000,1,0.671756
33.849419,16.185276,-0.520047,-55.386398,-23.149979,-0.519506,-5671.619629,-1982.506348,-216.025604,-0.535449,-0.660321,-0.526564,0.100000,0.020000,1,0.849488
34.426880,16.202932,-0.125540,219.548767,163.465256,123.403656,14247.965820,10779.425781,8238.279297,-0.541229,-0.830063,-0.134412,0.100000,0.020000,1,0.680582
33.961006,16.346304,0.182856,37.160641,-9.427019,-20.643051,1224.858154,-716.147827,-1117.784302,-0.538209,-0.828774,0.153185,0.100000,0.020000,1,0.047880
33.809177,16.190952,-0.102792,235.430328,-60.511383,-157.725067,13065.947266,-4484.854980,-9324.378906,-0.517431,-0.808370,-0.280720,0.100000,0.020000,1,0.368306
34.934067,17.438538,1.380954,179.040176,366.559631,189.727325,6204.015625,13034.568359,11771.124023,-0.520586,-0.405710,0.751258,0.100000,0.020000,1,0.006205
34.029343,16.348301,0.411835,225.878326,-148.051666,130.577087,12944.293945,-9001.198242,7810.774414,-0.480159,-0.667147,0.569528,0.100000,0.020000,1,0.833491
34.752258,15.331475,-0.911911,175.014740,-96.441589,-145.960846,12249.951172,-9750.346680,-10347.931641,-0.475782,-0.521762,-0.708093,0.100000,0.020000,1,0.136158
33.176361,16.395172,-1.142755,-191.008423,38.572441,-396.184204,-16275.041992,2796.613525,-30885.740234,-0.452926,-0.842442,0.291803,0.100000,0.020000,1,0.246644
33.868866,17.147680,-0.715031,-98.405731,280.801453,-5.350523,-9700.155273,22032.953125,-164.385315,-0.490525,-0.244161,-0.836523,0.100000,0.020000,1,0.858599
34.797379,14.782450,-0.017904,-225.851501,-365.844543,48.052628,-18200.703125,-8913.330078,-2261.942871,-0.400055,-0.827421,-0.394119,0.100000,0.020000,1,0.105694
33.376019,17.186764,0.406913,-138.711700,255.582764,14.498865,-12126.577148,20108.646484,946.717957,-0.378859,-0.813296,0.441604,0.100000,0.020000,1,0.343002
34.914299,17.169086,0.677920,315.691772,245.314880,186.058075,21360.888672,21141.949219,11389.812500,-0.358973,-0.918514,0.165741,0.100000,0.020000,1,0.348999
34.323582,15.791726,0.152684,-698.264404,31.532482,466.856079,-44575.394531,439.807434,27306.308594,-0.421637,-0.522767,0.740903,0.100000,0.020000,1,0.745016
34.071636,15.986237,0.340315,271.240051,64.090309,401.795593,17190.152344,2972.392578,26659.939453,-0.330313,-0.943302,0.032772,0.100000,0.020000,1,0.249865
34.419102,16.238148,-0.148849,-1.773424,-15.118404,-26.443760,-163.227585,572.725220,88.418106,-0.378019,-0.642282,-0.666765,0.100000,0.020000,1,0.168615
34.008236,15.029444,-1.216359,103.082291,53.731285,-103.257629,-2416.423828,-21209.419922,-5125.094727,-0.344048,-0.776100,-0.528488,0.100000,0.020000,1,0.048200
33.264713,15.458716,-0.500351,14.639474,36.066551,-11.514669,1462.026855,261.075348,1316.163452,-0.313658,-0.915499,-0.251954,0.100000,0.020000,1,0.079358
33.602882,16.236952,-0.157076,212.001556,-265.982971,84.581833,-9404.744141,13259.803711,-4081.956787,-0.304239,-0.945793,-0.113636,0.100000,0.020000,1,0.605080
30.948820,16.795801,0.191447,-624.045898,403.382080,-18.881630,-34080.855469,9254.571289,2604.063232,-0.261371,-0.916884,0.301677,0.100000,0.020000,1,0.708466
34.379601,16.243216,0.873682,172.339355,18.404503,85.968552,-9102.732422,-1189.871948,-5234.806641,-0.296398,-0.754798,0.585174,0.100000,0.020000,1,0.827084
34.659893,15.335011,-0.484572,71.423737,91.511963,-146.052704,-3813.477539,-2486.873291,6583.460938,-0.419417,-0.370359,-0.828809,0.100000,0.020000,1,0.176374
33.810387,15.455857,0.537815,-84.477463,143.374329,23.140882,6709.483398,-9251.967773,-5470.322754,-0.322224,-0.624713,0.711270,0.100000,0.020000,1,0.472724
33.862221,16.057274,-0.690778,104.931137,-160.411835,683.712402,5845.958984,-10299.456055,41872.531250,-0.184389,-0.886640,-0.424112,0.100000,0.020000,1,0.271094
33.876732,16.050535,0.265572,50.698898,-145.258362,230.566833,2503.722168,-9345.191406,14063.759766,-0.176093,-0.888731,0.423260,0.100000,0.020000,1,0.558370
34.455738,15.296928,0.179802,296.678772,-154.711548,300.652283,20938.056641,-12994.914062,19636.894531,-0.101803,-0.994507,0.024313,0.100000,0.020000,1,0.418041
33.141102,15.568659,-0.597782,-108.947510,-81.384392,-149.981628,-6463.834473,-1279.127930,-7696.068359,-0.080839,-0.988818,-0.125315,0.100000,0.020000,1,0.945063
34.334091,14.841311,0.634454,133.235992,-49.017509,99.767990,13560.835938,-15497.955078,-2408.684570,-0.078821,-0.983603,0.162213,0.100000,0.020000,1,0.542159
33.283390,16.723604,1.213771,-238.374588,224.968979,143.981873,15389.238281,-12992.159180,-8430.848633,-0.393234,-0.371290,0.841137,0.100000,0.020000,1,0.795037
33.318954,15.535172,-0.591496,174.944901,-68.347290,33.538971,-6724.278809,4738.282227,-1385.180054,-0.114132,-0.836952,-0.535243,0.100000,0.020000,1,0.210824
33.030785,15.593776,4.065192,-152.227066,130.088470,952.106079,994.883789,-3553.918213,60386.320312,-0.042558,-0.948184,0.314859,0.100000,0.020000,1,0.774235
33.673138,16.259981,0.763625,-43.307556,59.937546,45.858078,-4438.569824,4851.626465,3917.910156,-0.105001,-0.812366,0.573616,0.100000,0.020000,1,0.327770
35.071217,14.782327,1.846653,383.823364,-190.510315,447.248779,29028.585938,-17043.675781,36995.742188,-0.014131,-0.960677,-0.277309,0.100000,0.020000,1,0.374925
34.048897,15.938335,0.708263,150.811493,94.497589,-139.396454,8825.074219,5655.338867,-8521.666992,-0.171930,-0.683058,0.709839,0.100000,0.020000,1,0.098024
34.181217,16.344040,-0.804233,-351.442596,62.737061,236.996765,-22225.039062,5368.733398,14215.815430,-0.156041,-0.704308,-0.692532,0.100000,0.020000,1,0.635989
32.909531,16.889015,-0.725135,-168.341797,257.093323,-96.520950,-14969.888672,20107.673828,-7679.200684,-0.003466,-0.924167,-0.381974,0.100000,0.020000,1,0.605525
33.872448,15.887589,-0.132695,-270.584290,66.158813,-71.466217,-17472.937500,3932.422607,-6710.840332,0.003419,-0.900252,0.435356,0.100000,0.020000,1,0.391261
34.010929,15.721212,-0.890633,-20.435913,-612.648621,154.062744,-3182.254639,-40034.531250,9155.197266,-0.316310,-0.451775,-0.834175,0.100000,0.020000,1,0.646523
33.906590,17.582788,-0.996539,-95.317566,484.037231,-65.817627,15535.325195,19767.957031,-14154.122070,-0.216853,-0.564485,-0.796449,0.100000,0.020000,1,0.543262
34.038574,16.545124,-2.247109,106.797729,316.899353,-642.798889,5218.660156,7760.446289,-29663.050781,0.122095,-0.983104,-0.136380,0.100000,0.020000,1,0.118791
34.542450,14.971588,-3.319711,345.526825,-270.091095,-1141.450684,3003.336426,-3090.770508,-21639.984375,0.160058,-0.986944,0.017959,0.100000,0.020000,1,0.616753
34.220146,16.220215,-0.792870,126.204651,95.575333,-96.115204,8417.547852,7370.641113,-6821.204102,-0.015206,-0.735711,-0.677125,0.100000,0.020000,1,0.571591
34.046249,16.565199,0.856382,115.542297,245.659363,306.484741,7567.206543,10711.078125,23973.398438,0.194774,-0.950706,-0.241291,0.100000,0.020000,1,0.011329
33.417015,15.923208,-0.052782,-70.810089,83.833618,-70.773132,4680.992676,-4518.703613,4073.593262,0.202377,-0.966281,0.159200,0.100000,0.020000,1,0.136923
33.479881,15.600623,-0.363799,163.257980,-78.985672,-131.947296,1084.760254,2181.472656,-436.842285,0.114672,-0.842685,-0.526054,0.100000,0.020000,1,0.825021
33.874565,15.983209,0.692364,3.935468,66.410019,136.985260,-218.224258,-3918.324219,-7941.769531,0.228543,-0.919006,0.321242,0.100000,0.020000,1,0.618230
33.397507,15.382049,0.153461,-97.676910,120.924156,-147.470673,-12849.952148,-6042.799805,-7390.153320,0.137092,-0.810367,0.569659,0.100000,0.020000,1,0.916983
33.975834,15.048153,-0.938933,162.731247,-18.331299,-69.821175,-1494.304443,-14913.835938,-1443.230713,0.255749,-0.882508,-0.394679,0.100000,0.020000,1,0.347112
34.026642,15.849884,0.831476,-30.278000,28.165585,113.432388,7277.827637,7857.277832,-6656.689941,0.020271,-0.678877,0.733972,0.100000,0.020000,1,0.543190
33.557522,15.573985,0.365262,340.183777,-163.893585,128.219223,-24074.957031,14346.986328,-11888.562500,0.254336,-0.857187,0.447821,0.100000,0.020000,1,0.728467
34.475624,15.487114,0.447858,128.214600,19.173393,68.444885,-8230.908203,-503.389801,-4579.157715,0.363009,-0.931463,0.024524,0.100000,0.020000,1,0.361117
33.541233,15.607364,0.118378,-10.178749,19.646069,53.338135,-1855.957153,1087.098145,4758.993164,0.362370,-0.901268,-0.237496,0.100000,0.020000,1,0.797332
33.796074,15.560437,-0.185897,-57.798050,-53.799271,137.671051,-3719.972656,-3609.810303,8426.658203,0.402537,-0.905259,-0.135904,0.100000,0.020000,1,0.973890
33.957207,15.716189,-0.455493,-386.798401,-6.161480,132.276825,-24793.462891,-492.975067,8948.635742,0.170852,-0.729567,-0.662225,0.100000,0.020000,1,0.404482
35.136787,14.637107,-0.186056,367.515015,-266.944153,132.693604,24241.751953,-8571.028320,-387.561035,0.270705,-0.788896,-0.551690,0.100000,0.020000,1,0.261859
34.042336,15.982830,-0.983849,25.610529,26.005165,-39.913406,701.120300,2108.030518,-3544.863770,-0.052260,-0.574900,-0.816553,0.100000,0.020000,1,0.567391
33.578156,15.716242,0.008364,-4.464096,-395.251099,207.249908,-1427.687866,-24291.859375,11936.714844,0.437431,-0.843306,0.312234,0.100000,0.020000,1,0.822494
33.824844,15.250070,0.025675,-8.361973,39.598709,67.949127,-1128.453003,929.859863,2245.388672,0.320219,-0.757326,0.569138,0.100000,0.020000,1,0.240310
33.785435,15.357116,0.239282,-130.295044,71.556595,30.966469,-8365.562500,3768.094727,2362.937012,0.474684,-0.866122,0.156549,0.100000,0.020000,1,0.039214
33.681767,16.393305,-0.415895,-62.130943,264.036774,-32.440735,-1550.032227,11470.359375,556.203369,0.455407,-0.795925,-0.398883,0.100000,0.020000,1,0.947429
34.487991,16.513716,1.111164,176.703430,241.268860,162.641266,13622.201172,19412.314453,13309.694336,0.463707,-0.778315,0.423322,0.100000,0.020000,1,0.616878
32.998638,15.834640,0.500554,-221.162598,151.806152,90.302872,-17395.613281,11222.205078,7706.389648,0.567342,-0.823172,0.022592,0.100000,0.020000,1,0.986417
33.913734,15.483936,0.628026,-85.155151,28.050308,-305.166565,-6144.630859,936.925049,-19387.259766,0.206002,-0.654450,0.727501,0.100000,0.020000,1,0.304210
35.166122,14.495033,-0.232112,370.125122,-198.476990,-110.484985,28909.988281,-16418.953125,-8614.838867,0.575405,-0.798367,0.177539,0.100000,0.020000,1,0.046687
33.955322,15.490338,0.829441,-6.867233,-72.000954,258.875183,-6759.078613,-289.277588,15698.193359,0.585325,-0.801835,-0.120231,0.100000,0.020000,1,0.039658
33.840374,15.408003,-0.575662,-4.218670,35.241692,432.039307,-1065.775024,1432.205811,27348.398438,0.320301,-0.682349,-0.657120,0.100000,0.020000,1,0.486906
33.874767,15.521967,-0.652378,47.722717,-87.847763,282.771973,2666.780029,-5434.397461,17150.806641,0.454272,-0.711056,-0.536690,0.100000,0.020000,1,0.155821
33.006588,15.734428,0.354146,-181.511536,115.217804,114.567780,-15027.151367,8748.318359,9600.796875,0.610081,-0.756596,-0.235296,0.100000,0.020000,1,0.350458
34.137066,15.620025,-0.799008,-27.649940,-30.193932,44.154816,-2064.532227,-2518.411133,2524.093262,0.072596,-0.576416,-0.813925,0.100000,0.020000,1,0.724463
33.810513,15.398887,0.359818,42.632469,-9.681845,184.567596,1968.090088,-910.528564,10993.208008,0.467569,-0.674215,0.571676,0.100000,0.020000,1,0.818419
34.006027,15.291171,-0.127818,54.839874,-197.846344,192.261627,3946.112305,-12743.464844,10424.088867,0.626048,-0.714838,0.311561,0.100000,0.020000,1,0.406155
33.398666,15.407050,0.021981,-13.093899,-124.691269,-55.049500,-1092.034424,-7447.707520,-4441.088379,0.343197,-0.611099,0.713284,0.100000,0.020000,1,0.040245
33.701992,15.346972,-0.150703,-186.962067,-165.738892,-585.235229,-12779.013672,-10320.943359,-36061.539062,0.644459,-0.652151,-0.399214,0.100000,0.020000,1,0.567178
32.839172,15.774714,0.695996,-168.387115,118.525131,647.920166,-537.660156,906.300781,36353.355469,0.639788,-0.629572,0.440807,0.100000,0.020000,1,0.510840
33.651089,15.275559,-1.467155,-133.610046,89.235428,-855.139893,-3570.531738,2426.057861,-36063.187500,0.746599,-0.641409,0.176591,0.100000,0.020000,1,0.536269
33.883846,15.141692,0.273839,225.730057,-123.801849,121.853302,14223.935547,-8082.772949,8704.421875,0.767228,-0.640688,0.029665,0.100000,0.020000,1,0.262553
36.905235,14.407758,2.473174,875.060425,-194.543732,758.656616,43581.031250,-15933.428711,51277.515625,0.777574,-0.619521,-0.107577,0.100000,0.020000,1,0.809006
33.991722,15.171247,-0.620568,-217.970428,92.875839,353.022217,-13827.062500,5270.553223,21715.177734,0.613139,-0.580364,-0.535947,0.100000,0.020000,1,0.620419
36.805328,15.917678,1.312842,793.889343,292.473389,332.667480,17847.957031,12214.437500,4070.923340,0.759027,-0.591996,-0.270957,0.100000,0.020000,1,0.130909
33.981754,15.044733,0.338362,-385.505951,224.321243,-1225.698120,-24700.539062,12890.942383,-77093.109375,0.775322,-0.567985,0.276166,0.100000,0.020000,1,0.181054
33.924763,15.646073,-0.877128,11.337606,0.879806,-25.939400,164.102448,-109.701797,1674.673584,0.224813,-0.532189,-0.816232,0.100000,0.020000,1,0.053342
36.985939,13.486155,-1.196215,690.892212,-382.184692,-161.349487,-42414.148438,24265.349609,9646.849609,0.506999,-0.529304,-0.680286,0.100000,0.020000,1,0.250702
33.984474,15.379930,0.513801,-50.308594,-31.047974,224.948166,2707.744141,1324.154419,-11187.072266,0.609307,-0.526224,0.593156,0.100000,0.020000,1,0.867532
31.590509,16.425320,1.672063,-618.075684,373.792450,360.162384,-44838.984375,21647.042969,14999.951172,0.481468,-0.512673,0.710883,0.100000,0.020000,1,0.925880
33.719479,15.196157,-0.592301,257.048553,-141.931442,14.671440,13690.218750,-11769.435547,-6.533884,0.766227,-0.500362,-0.403156,0.100000,0.020000,1,0.303213
33.765095,15.291315,0.696161,-98.346634,93.596626,181.068680,6126.311035,-3756.151367,-8911.069336,0.208258,-0.520465,0.828097,0.100000,0.020000,1,0.234313
30.848249,19.438381,-4.184172,-973.373657,1345.164795,-1401.793213,57244.117188,-79189.601562,81214.726562,0.876858,-0.469830,-0.101883,0.100000,0.020000,1,0.788719
36.120605,14.334790,-0.324328,582.496460,-181.902313,-62.947945,-34745.222656,11289.502930,5144.172363,0.762775,-0.460608,0.453889,0.100000,0.020000,1,0.972662
35.015991,14.447618,1.126993,269.603180,-155.630203,195.881332,19360.923828,-11189.380859,28033.095703,0.896021,-0.443522,0.020828,0.100000,0.020000,1,0.898957
33.447826,15.352998,-1.170286,32.955635,-7.992398,-171.826614,396.656647,736.483765,4284.969238,0.349954,-0.493503,-0.796233,0.100000,0.020000,1,0.515164
32.534019,15.880585,1.330416,-360.398071,274.254272,323.428925,-18307.785156,-4138.776367,12591.652344,0.903277,-0.394974,0.167588,0.100000,0.020000,1,0.704445
29.997635,19.486900,-3.599766,-1209.474976,1347.361938,-960.490356,71716.437500,-78910.226562,56210.039062,0.629074,-0.424651,-0.651105,0.100000,0.020000,1,0.695868
33.785015,15.203825,-1.162740,497.872192,-275.747223,1134.199951,-23973.726562,13575.897461,-54889.972656,0.747817,-0.382430,-0.542694,0.100000,0.020000,1,0.683412
32.837933,15.705120,-4.727497,-416.379639,244.873459,-1565.275757,-17613.398438,9257.941406,-32244.484375,0.890035,-0.359002,0.280991,0.100000,0.020000,1,0.338126
33.640064,15.512139,0.923159,577.049316,-283.577393,-269.571838,-27292.984375,14182.001953,12999.118164,0.323705,-0.463041,0.825111,0.100000,0.020000,1,0.255666
35.078625,14.411455,-3.113853,232.072357,-124.346680,-863.829834,-14093.625000,8127.989258,53076.187500,0.741997,-0.339770,0.577925,0.100000,0.020000,1,0.805909
34.143585,14.951303,0.147541,347.784668,-199.891190,-763.829468,21758.314453,-13207.987305,-46178.464844,0.868452,-0.308958,-0.387731,0.100000,0.020000,1,0.463061
34.454018,14.835995,0.765470,95.742325,-35.905754,-129.347015,-5504.015137,2891.379639,6122.291504,0.605870,-0.367236,0.705733,0.100000,0.020000,1,0.686899
32.093952,16.134657,-1.411066,-576.204956,332.756714,-426.126892,-18165.302734,10465.469727,-5085.571289,0.910528,-0.311512,-0.271844,0.100000,0.020000,1,0.024871
34.141209,14.952673,0.539595,563.668762,-325.415619,-3.182147,-28045.437500,16353.412109,-213.630920,0.859517,-0.251476,0.444961,0.100000,0.020000,1,0.151942
34.288448,14.867664,-1.090169,-53.070820,31.474218,128.348495,-5662.155762,3068.941895,12595.694336,0.973514,-0.194571,-0.120049,0.100000,0.020000,1,0.973551
31.254124,16.619532,-2.276927,-925.353882,535.171326,-745.644348,-29273.044922,16683.236328,-19650.738281,0.981127,-0.191720,0.025178,0.100000,0.020000,1,0.346899
34.189468,15.081525,-2.123861,30.855957,-8.525877,-374.912598,-1444.635132,589.349609,22880.921875,0.687377,-0.289129,-0.666272,0.100000,0.020000,1,0.152138
34.081978,17.392147,-0.355812,95.435211,298.006744,46.627304,-4383.286133,-21350.455078,-2686.445801,0.809449,-0.235581,-0.537860,0.100000,0.020000,1,0.408343
34.202259,14.917426,0.322775,317.571686,-182.292526,66.037117,19761.556641,-11879.063477,4437.441406,0.939545,-0.184275,0.288614,0.100000,0.020000,1,0.971754
33.909035,15.191216,-0.286022,-55.035812,44.041595,-123.857056,3854.165771,-621.559814,8512.331055,0.952421,-0.181438,-0.244897,0.100000,0.020000,1,0.331542
33.667736,15.226032,0.690889,-214.405853,166.494019,140.957642,2914.002441,2797.813477,5266.677246,0.972181,-0.170250,0.160869,0.100000,0.020000,1,0.002788
34.063461,15.579231,-0.747106,43.147781,-52.023392,17.201572,-8787.526367,7041.438477,-832.009766,0.435462,-0.382770,-0.814776,0.100000,0.020000,1,0.810731
35.017277,14.973521,2.073431,240.685974,-97.975220,406.758606,-14081.663086,5383.181641,-24238.314453,0.660385,-0.255360,0.706175,0.100000,0.020000,1,0.270560
34.073128,14.991980,0.634731,-66.482483,113.319809,59.655056,824.777344,-13638.852539,3270.172852,0.797858,-0.181127,0.574992,0.100000,0.020000,1,0.264955
34.206406,14.915030,0.298598,199.344193,-111.905548,57.790565,-9711.219727,5560.370117,-2622.452637,0.891864,-0.108928,0.438991,0.100000,0.020000,1,0.635971
34.341190,15.100126,-0.219403,34.951355,-138.130585,-91.844193,-1852.158325,6295.937500,4241.228027,0.917710,-0.095361,-0.385637,0.100000,0.020000,1,0.118897
34.083561,14.985957,-0.071349,302.595978,-173.785522,176.907608,17842.687500,-10512.911133,10845.653320,0.999807,-0.015168,0.012460,0.100000,0.020000,1,0.922232
34.439522,15.239174,0.855922,96.933578,-134.562424,175.108002,-5058.691406,5469.868652,-10740.987305,0.990310,0.006811,0.138710,0.100000,0.020000,1,0.193172
34.027687,15.018214,-2.707007,71.089905,-7.815039,-628.773560,-2836.306641,1031.329346,36851.210938,0.546544,-0.272660,-0.791799,0.100000,0.020000,1,0.865396
33.771645,15.166039,-1.574635,-85.863472,50.278156,-473.719757,-9091.130859,5087.526367,-12270.616211,0.990447,0.022493,-0.136050,0.100000,0.020000,1,0.017113
33.693394,15.211220,-0.863755,-54.148590,52.112965,195.816162,16760.039062,-10219.371094,1324.536133,0.757785,-0.106282,-0.643790,0.100000,0.020000,1,0.904829
34.267117,14.879980,-1.440467,-51.272469,30.909246,-568.874268,-4920.024902,2574.479492,-9300.345703,0.961700,0.074086,-0.263902,0.100000,0.020000,1,0.219953
35.375748,14.239913,-1.188510,407.144684,-230.248398,-163.412918,-27142.476562,15769.388672,-8440.945312,0.823199,-0.012483,0.567615,0.100000,0.020000,1,0.834736
34.505882,14.753723,-0.696086,10.081354,-2.307058,-92.285828,-271.047485,4.633545,-6832.593262,0.846506,0.008105,-0.532317,0.100000,0.020000,1,0.850733
33.980812,15.338124,0.766864,72.223564,-26.838860,2.984090,3357.004883,-2009.054932,215.958130,0.398733,-0.366457,0.840667,0.100000,0.020000,1,0.174612
33.336895,15.422627,0.188917,393.178253,-225.309601,174.850647,20404.630859,-12584.559570,9232.586914,0.723521,-0.074466,0.686274,0.100000,0.020000,1,0.455392
34.673557,14.901318,0.463165,-252.134155,77.718704,-161.846741,-15047.155273,5266.165527,-9845.099609,0.905500,0.092956,0.414039,0.100000,0.020000,1,0.624013
33.887669,16.143316,0.746647,-338.010803,286.026428,6.438011,-12810.884766,7418.929688,-3345.835449,0.946239,0.132227,0.295208,0.100000,0.020000,1,0.295081
34.339451,14.862888,-0.445189,-83.216629,48.556435,-8.234692,-5889.563477,3370.405762,-974.634766,0.919143,0.129819,-0.371917,0.100000,0.020000,1,0.721990
34.045525,15.229544,0.887987,31.784153,-13.419964,-132.330231,837.373352,-1035.666748,-7750.227051,0.511440,-0.248959,0.822465,0.100000,0.020000,1,0.323357
34.037426,15.016958,-1.426024,-91.503738,52.994286,-283.059326,-7895.880859,4590.180176,-24375.462891,0.966078,0.213468,0.145342,0.100000,0.020000,1,0.635562
34.743572,14.875591,-0.032775,-123.005447,-219.007538,-382.588226,-6936.119141,-13146.671875,-23911.126953,0.971218,0.216531,-0.099250,0.100000,0.020000,1,0.351543
34.912769,14.710514,-0.453390,-108.408234,-331.607971,-98.639420,-10854.101562,-17928.683594,-3497.599121,0.968775,0.247805,0.008191,0.100000,0.020000,1,0.251111
34.296650,15.266804,-0.987105,-2.789225,5.620684,-48.750504,-500.777954,678.258118,-4170.382324,0.574415,-0.162681,-0.802236,0.100000,0.020000,1,0.476817
34.498447,14.927065,-0.146664,-63.179871,-81.199875,28.616219,-4359.874512,-4312.938965,2162.152832,0.933748,0.249809,-0.256341,0.100000,0.020000,1,0.834149
34.445419,15.176708,-0.718416,107.718018,-157.607483,167.536835,6552.773438,-8978.452148,10013.027344,0.760000,0.074097,-0.645685,0.100000,0.020000,1,0.203172
31.672667,17.140568,0.086093,-850.906982,649.115723,-107.676544,-32119.843750,22264.158203,3935.163086,0.923754,0.266867,0.274699,0.100000,0.020000,1,0.302555
34.463799,14.928807,-1.446331,45.964226,-7.978813,-153.245819,2887.583008,-1165.499756,-12799.208984,0.634993,-0.025690,-0.772090,0.100000,0.020000,1,0.218404
35.545166,14.801657,0.248429,230.159760,25.530739,-19.820633,18505.117188,1383.123657,1877.383179,0.808428,0.201301,-0.553103,0.100000,0.020000,1,0.024462
34.827137,14.934408,-0.238277,203.317581,-149.091827,-510.330200,-10608.509766,6981.770020,25247.351562,0.872536,0.314265,-0.374057,0.100000,0.020000,1,0.446922
34.233047,15.536019,0.029235,-66.198792,132.212448,-260.180725,4159.978027,-8110.463379,14663.087891,0.702481,0.097715,0.704963,0.100000,0.020000,1,0.770391
34.619789,15.151897,0.618000,-61.510429,12.966995,-17.659035,7314.297852,11020.208984,-7972.821289,0.781898,0.218084,0.584017,0.100000,0.020000,1,0.321542
35.076088,14.412921,0.096005,81.399063,-30.954987,-36.027679,7924.894531,-7820.042969,-8303.801758,0.843253,0.320577,0.431456,0.100000,0.020000,1,0.080283
34.715050,14.621365,0.444998,100.082657,-25.162226,-66.027428,13027.433594,-8393.437500,2086.684082,0.546955,-0.131915,0.826703,0.100000,0.020000,1,0.801834
34.880852,14.569760,0.039405,-486.953369,280.594727,219.545898,24098.281250,-13680.735352,-11355.904297,0.879033,0.463881,-0.110067,0.100000,0.020000,1,0.791157
34.473541,15.096519,-0.529529,-26.132706,-33.774017,-16.202856,1766.702393,1199.000610,654.713074,0.727243,0.223932,-0.648823,0.100000,0.020000,1,0.230078
34.707371,14.666619,-0.332108,-79.132355,58.056423,-50.812996,1067.791870,7088.612305,18693.123047,0.847197,0.462357,-0.261692,0.100000,0.020000,1,0.866606
34.743546,14.816754,0.135016,-91.153320,31.096706,-20.496082,4335.811035,-1827.406372,2579.022461,0.858967,0.483784,0.167717,0.100000,0.020000,1,0.986648
34.971199,15.026582,-0.428748,54.159775,12.163555,13.020931,-2317.880859,-1551.699585,-304.563507,0.771199,0.348753,-0.532563,0.100000,0.020000,1,0.935080
33.979763,15.045884,0.261373,27.755302,-7.555765,-111.225998,-3092.008789,-3767.837158,-8995.713867,0.693053,0.227435,0.684070,0.100000,0.020000,1,0.825056
35.003326,14.530764,0.747603,55.232834,-111.138870,214.096329,-3220.728271,6011.606445,-12658.454102,0.859475,0.510174,0.032017,0.100000,0.020000,1,0.003802
35.071419,14.554341,0.504658,84.933243,-34.636993,-2.447150,6578.991211,-3463.891846,-216.076416,0.722582,0.384726,0.574335,0.100000,0.020000,1,0.187744
34.849869,14.848120,0.164619,-11.512707,-28.313732,-22.930569,-841.900085,-1345.854736,-1839.324585,0.796293,0.533172,0.285735,0.100000,0.020000,1,0.348892
34.641617,14.807474,0.635961,-4.421062,13.790003,29.933456,-1238.679443,926.081116,2914.930420,0.747780,0.504296,0.431869,0.100000,0.020000,1,0.173811
34.932579,14.773186,-0.254324,3.979904,5.161363,-24.183060,491.089752,301.496307,-1098.234497,0.761089,0.514868,-0.394531,0.100000,0.020000,1,0.027807
35.593361,14.705339,0.486777,162.973145,24.860031,118.816132,12845.773438,1457.971436,9916.595703,0.761152,0.640622,-0.101243,0.100000,0.020000,1,0.133916
35.118946,14.703753,0.225139,34.437668,-20.312275,18.188084,2678.002686,-1446.609985,1521.243408,0.742496,0.652793,0.150201,0.100000,0.020000,1,0.437366
34.840961,14.894672,-0.862575,-29.275230,-57.310173,-263.469543,-1022.534363,3306.737793,-11506.063477,0.743139,0.668126,0.036775,0.100000,0.020000,1,0.914420
34.490746,15.063344,-0.899306,6.889091,4.935090,-14.936501,-97.654472,274.507538,-1671.447266,0.583352,0.130806,-0.801618,0.100000,0.020000,1,0.993304
34.575703,14.701818,-0.964411,27.379650,28.200294,-311.947021,-154.428284,-1184.681763,18954.197266,0.690351,0.658742,0.299122,0.100000,0.020000,1,0.497636
34.998714,14.457590,-0.379547,-39.793274,27.586332,-26.367449,1536.772705,-84.807045,710.939087,0.626251,0.403708,-0.666955,0.100000,0.020000,1,0.384374
35.048679,14.428743,1.834459,130.062439,-36.506546,410.442749,-6859.691406,3040.241943,-24123.527344,0.646311,0.514407,0.563621,0.100000,0.020000,1,0.929332
34.010765,15.027987,-0.775204,-3.358812,4.235578,-286.031525,2883.232422,-4383.541016,-12457.470703,0.652208,0.547117,-0.524679,0.100000,0.020000,1,0.679443
35.066650,15.049197,-0.260201,-60.510002,-164.785446,-441.465515,2895.561279,7593.702637,21852.923828,0.665862,0.643054,-0.378298,0.100000,0.020000,1,0.506284
33.977119,15.485875,0.533109,-93.338623,71.082840,24.685879,6962.217285,-4982.673828,-966.000122,0.604815,0.382061,0.698733,0.100000,0.020000,1,0.682931
34.424377,14.789186,-0.893866,20.330952,23.785412,-6.680276,-1932.286377,-10402.707031,647.551758,0.567852,0.248947,-0.784582,0.100000,0.020000,1,0.856730
34.584641,15.187463,0.716028,24.614033,-16.744038,40.842087,-789.494629,1299.670044,118.273193,0.554219,0.146311,0.819411,0.100000,0.020000,1,0.282233
33.912682,16.434912,0.355451,-358.746399,451.241455,229.485153,-8844.999023,14573.449219,514.605469,0.627699,0.728158,-0.275280,0.100000,0.020000,1,0.012575
34.640816,14.805796,-0.240455,321.675964,-181.428192,382.118774,18457.681641,-11696.447266,21463.531250,0.585068,0.683222,0.436926,0.100000,0.020000,1,0.715833
35.337788,14.998519,0.114550,71.803101,-129.007324,53.689445,5158.784668,-7379.626953,3731.173584,0.586882,0.808867,0.036103,0.100000,0.020000,1,0.503633
35.760727,14.372669,0.773308,199.389709,-97.328476,111.879486,14940.652344,-8038.275391,10674.911133,0.572608,0.813595,-0.100916,0.100000,0.020000,1,0.019550
34.939426,14.491823,-0.411663,175.829208,-11.256676,-315.337524,-10552.873047,-12567.431641,-22930.720703,0.541735,0.656504,-0.524906,0.100000,0.020000,1,0.008322
34.776936,14.755219,0.143663,-406.469788,241.712830,437.724426,26829.449219,-1076.939453,-18219.738281,0.540014,0.790496,0.288965,0.100000,0.020000,1,0.269759
34.797810,15.124680,-0.139618,85.552124,-346.717163,133.260895,-3138.419434,16584.394531,-5884.527832,0.542570,0.824098,0.162728,0.100000,0.020000,1,0.904740
34.935543,15.191542,0.575364,-236.857147,-539.792480,197.059631,3949.742432,28036.626953,3884.801758,0.526637,0.508462,0.681263,0.100000,0.020000,1,0.997930
35.577805,14.512706,-0.391699,102.916504,-44.946030,-33.379219,8009.179199,-4317.194336,-2796.677002,0.523945,0.814048,-0.250615,0.100000,0.020000,1,0.355333
34.880207,15.578483,1.043982,33.007774,77.108459,76.656769,2693.216797,6976.401855,6135.341309,0.530687,0.245338,0.811283,0.100000,0.020000,1,0.444858
34.982918,14.752814,0.706673,22.600430,6.256325,13.482758,1024.608032,-415.717712,1628.968872,0.504843,0.643313,0.575570,0.100000,0.020000,1,0.823294
34.919613,15.251383,-0.462732,-195.940369,-349.616516,-255.364807,-12700.511719,-20964.402344,-15512.295898,0.499845,0.546219,-0.672161,0.100000,0.020000,1,0.051314
35.397713,14.974195,-0.467054,55.927856,-49.541878,-22.529930,4319.845215,-2898.730469,-1862.172363,0.474800,0.783938,-0.400008,0.100000,0.020000,1,0.264528
34.873917,14.569141,0.459154,45.983719,-14.579475,-114.683090,1490.677734,-2446.336670,-6925.444824,0.458809,0.780421,0.424779,0.100000,0.020000,1,0.061368
35.006805,15.484741,0.082357,-290.997894,-265.582550,464.597290,-19785.523438,-14528.646484,29013.777344,0.384267,0.906751,0.173611,0.100000,0.020000,1,0.939973
35.219337,15.009574,0.009631,-119.643158,-47.278893,112.888550,-8114.229980,-2729.110596,7650.094238,0.382164,0.915168,-0.128132,0.100000,0.020000,1,0.722274
34.795040,15.210485,-0.724656,-76.742294,17.124744,49.711395,-5197.733887,1693.072632,3080.395020,0.476354,0.393864,-0.786103,0.100000,0.020000,1,0.013803
34.994488,14.819093,-0.089107,18.292072,8.907936,61.428864,163.809341,-167.493362,5387.243164,0.391155,0.773926,-0.498032,0.100000,0.020000,1,0.885629
34.757160,15.017874,-0.429075,-332.930481,-96.129272,81.355293,-23453.041016,-5873.938965,4350.319336,0.365206,0.891884,-0.266771,0.100000,0.020000,1,0.941770
34.482212,15.089534,-0.329539,517.148804,-242.031250,-148.607300,30066.753906,-15048.273438,-8240.824219,0.408969,0.623982,-0.665876,0.100000,0.020000,1,0.634975
35.851780,15.421015,-0.683485,150.643494,26.391983,-271.323669,16047.207031,2837.886719,-22890.105469,0.311575,0.906122,0.286118,0.100000,0.020000,1,0.728805
34.756855,15.345192,0.755091,34.121105,-43.150730,13.388647,1734.447510,-1655.087646,935.774780,0.460978,0.360339,0.810959,0.100000,0.020000,1,0.632466
35.351063,15.337689,-0.419369,-15.060379,-89.738983,118.319366,-946.951721,-4392.769043,7160.698730,0.299581,0.874126,-0.382302,0.100000,0.020000,1,0.690262
35.212898,15.266488,0.567631,10.813192,22.207550,-35.975235,507.436188,2243.776367,-2028.659180,0.310222,0.765584,0.563599,0.100000,0.020000,1,0.459699
35.919834,14.165527,-1.220526,238.082733,-103.712646,-298.946259,17129.406250,-10046.089844,-24007.619141,0.300353,0.953777,0.009897,0.100000,0.020000,1,0.137261
35.231560,15.171952,0.726415,-219.875458,126.640198,-104.176987,-13425.489258,8344.540039,-6186.385254,0.345397,0.624813,0.700221,0.100000,0.020000,1,0.916876
35.754475,15.099795,-0.307797,149.227966,-90.055359,-177.259338,11037.208984,-5576.050781,-14050.859375,0.251867,0.873323,0.416977,0.100000,0.020000,1,0.520413
34.618881,14.969733,0.194923,-15.933037,36.844635,25.281448,-2535.085205,1776.022095,5370.117676,0.393089,0.481803,-0.783165,0.100000,0.020000,1,0.472848
35.673359,14.992541,-0.111805,53.707977,-88.762115,-56.147629,4217.966309,-6019.576660,-4546.247559,0.186089,0.972284,0.141548,0.100000,0.020000,1,0.814504
35.173798,16.230848,-0.307863,-13.894253,170.957275,-74.199890,-2199.945801,15466.775391,-5481.550293,0.159934,0.978626,-0.129271,0.100000,0.020000,1,0.211856
35.925339,16.086760,0.023343,180.691956,103.234650,-25.312603,13178.407227,10580.194336,-1526.773071,0.152912,0.988215,0.007031,0.100000,0.020000,1,0.862193
35.338306,15.468431,-0.738150,30.286865,19.157310,-25.789330,2300.213135,2564.177246,-2251.475586,0.235807,0.721338,-0.651203,0.100000,0.020000,1,0.775391
35.365971,15.333432,0.246789,168.818207,35.362000,39.758293,10176.460938,2967.695068,2438.006592,0.119091,0.949028,0.291827,0.100000,0.020000,1,0.775142
35.467220,15.032398,-0.200347,20.504000,-90.521973,8.216484,770.685181,-6291.800781,1221.873291,0.110313,0.959837,-0.257961,0.100000,0.020000,1,0.852388
35.374638,15.419240,0.450767,-120.674835,-55.497360,99.654068,-7538.463867,-2448.236328,6107.928223,0.164714,0.820980,0.546682,0.100000,0.020000,1,0.478276
35.159340,15.668625,-0.595242,-29.552505,122.514557,-13.249660,-1423.813232,4026.746094,-187.343567,0.161804,0.833580,-0.528171,0.100000,0.020000,1,0.222835
35.380077,15.611725,-0.440453,-179.361359,-23.408484,450.394958,-11687.497070,313.754761,27976.560547,0.099361,0.924801,-0.367248,0.100000,0.020000,1,0.063556
35.956760,15.787023,0.367352,250.045502,128.440582,-72.411316,17205.566406,12067.849609,-4625.922852,0.224772,0.687306,0.690715,0.100000,0.020000,1,0.788630
35.427795,15.171936,0.526348,72.744888,-91.692566,-100.094299,4389.667480,-6005.834961,-5627.958008,0.054895,0.915123,0.399421,0.100000,0.020000,1,0.131834
35.062824,15.054268,0.691792,71.754227,-38.888435,-37.702858,4876.607422,-2835.252930,-2575.977539,0.351629,0.457272,0.816859,0.100000,0.020000,1,0.969672
34.046364,15.557775,-0.615061,-359.092316,-81.358139,-157.793854,-23637.492188,-6881.660156,-17223.312500,-0.029588,0.999510,0.010241,0.100000,0.020000,1,0.512477
34.896080,15.443319,-0.635185,132.290100,-154.562134,11.187099,7506.229980,-8648.913086,1015.667908,0.266742,0.560154,-0.784267,0.100000,0.020000,1,0.707648
34.132168,15.169756,0.327123,-337.768372,259.211792,-310.298828,-27363.806641,15862.120117,-18768.636719,-0.054753,0.987861,0.145367,0.100000,0.020000,1,0.960472
35.531757,14.508181,-1.303291,164.723602,-40.699417,-240.415619,10246.097656,-5908.935059,-19732.982422,-0.068162,0.969572,-0.235127,0.100000,0.020000,1,0.870966
35.607101,15.530508,-0.082609,-60.888084,-60.940575,149.239197,3001.811035,2447.696289,-7484.895020,-0.080807,0.991663,-0.100376,0.100000,0.020000,1,0.953444
35.294407,15.622786,-0.544523,-193.992950,-178.428436,-101.761032,7894.643555,17547.244141,1399.419922,0.086351,0.746919,-0.659284,0.100000,0.020000,1,0.417347
35.178383,15.042511,-0.577282,362.616425,-193.132355,-362.602417,-17418.613281,10342.977539,18403.410156,0.000207,0.849337,-0.527852,0.100000,0.020000,1,0.224757
35.037647,14.435112,-0.955190,68.453949,3.112665,-68.162308,-2327.569580,-8578.460938,2163.665039,-0.115152,0.946950,0.300041,0.100000,0.020000,1,0.242516
35.395309,15.496758,0.486669,-44.378662,48.342499,-25.766743,-3024.922363,3738.117188,-1635.381836,-0.040530,0.840359,0.540513,0.100000,0.020000,1,0.771067
35.289257,15.705597,-0.145450,720.081848,-425.279297,-183.906006,44378.703125,-25421.917969,-10823.682617,-0.115974,0.922388,-0.368442,0.100000,0.020000,1,0.782936
35.336594,15.572995,0.369129,164.297302,34.826813,-64.571350,9564.944336,2997.555420,-4123.249512,-0.124898,0.898549,0.420727,0.100000,0.020000,1,0.286130
35.147953,15.506585,0.558358,46.015518,-72.771027,88.366776,2256.280518,-3735.758789,5255.540039,0.054465,0.709421,0.702677,0.100000,0.020000,1,0.095302
35.759720,15.280236,-0.444503,83.838699,-98.207474,-77.139969,5845.599121,-6912.393066,-6304.878906,-0.236663,0.965160,-0.111612,0.100000,0.020000,1,0.997005
35.000111,15.230246,-0.757901,39.053337,5.833894,54.122261,1696.665283,218.725327,3204.571045,0.141955,0.606831,-0.782052,0.100000,0.020000,1,0.729001
34.848198,14.991096,1.308940,16.975695,38.709461,130.360718,55.387943,1453.633301,10608.083984,0.220526,0.531696,0.817721,0.100000,0.020000,1,0.547781
35.279293,14.963463,-0.938822,56.779182,16.649467,-55.140747,2623.218262,-943.247986,-5542.120117,-0.174470,0.852583,-0.492609,0.100000,0.020000,1,0.257214
35.231277,15.802230,-0.056747,320.425659,-80.241821,429.278992,18554.498047,-3785.808594,26339.470703,-0.283206,0.949146,0.137540,0.100000,0.020000,1,0.330991
35.271282,15.502822,-0.618457,36.714241,87.594543,69.858734,1794.215088,5976.901855,4259.889648,-0.080197,0.760582,-0.644270,0.100000,0.020000,1,0.009336
33.871944,16.524872,0.664696,-347.696655,119.125458,44.934845,-28708.505859,12004.778320,3607.324219,-0.176779,0.828736,0.530986,0.100000,0.020000,1,0.667805
33.573631,16.840328,-3.549100,-421.634277,487.851898,-1053.604492,-21729.513672,18520.472656,-41971.210938,-0.287513,0.919761,0.267163,0.100000,0.020000,1,0.388485
34.445442,15.529112,-1.003601,-119.771729,107.315918,-211.438843,-12557.114258,6840.845215,-17692.619141,-0.304442,0.951676,0.040341,0.100000,0.020000,1,0.051723
35.557991,15.514956,-0.350080,-153.123291,-3.094966,133.434082,-9918.288086,-307.321533,7850.960938,-0.322903,0.916565,-0.235885,0.100000,0.020000,1,0.028038
35.690182,15.382986,0.240067,113.037689,-70.830887,-91.087540,8477.882812,-4605.296875,-7329.918945,-0.087370,0.724573,0.683638,0.100000,0.020000,1,0.429732
35.502350,15.789875,-0.417660,-79.694656,-62.384491,6.395279,-5320.704102,-2899.496094,128.136261,-0.302014,0.870360,-0.388925,0.100000,0.020000,1,0.812617
33.843426,16.569624,0.238105,-359.352386,299.896576,-136.616943,-11238.462891,8788.163086,-4571.484375,0.108610,0.586811,0.802407,0.100000,0.020000,1,0.862780
35.854740,14.731366,0.736647,199.452423,-27.985031,86.176544,13808.698242,-5430.331543,6938.660645,-0.364305,0.832261,0.417880,0.100000,0.020000,1,0.307484
34.779617,14.974138,0.257643,41.260571,94.375206,-185.076126,-1013.222595,3036.018555,-10630.235352,-0.465020,0.885276,0.006554,0.100000,0.020000,1,0.128595
35.086391,15.518216,-0.716458,14.851444,-18.134560,-12.929419,254.129654,-573.605835,-849.016968,-0.001690,0.621356,-0.783527,0.100000,0.020000,1,0.725371
35.299927,16.105892,-0.193957,71.355293,-137.565414,-70.403633,3191.568359,-6897.215332,-4284.220215,-0.456575,0.851838,-0.256730,0.100000,0.020000,1,0.656115
35.403656,16.024504,0.319332,49.978027,47.172974,-66.602386,2341.000000,4489.002441,-3998.229492,-0.470658,0.838644,0.274148,0.100000,0.020000,1,0.830875
34.705669,15.043543,0.485710,501.388428,-163.185852,-566.607300,27784.451172,-13072.486328,-34347.800781,-0.491870,0.855433,0.162170,0.100000,0.020000,1,0.380104
35.433239,16.027864,0.007572,-8.641502,-44.766148,-112.772629,-1386.806519,-1530.398438,-6633.669922,-0.504732,0.854915,-0.119860,0.100000,0.020000,1,0.431067
35.221256,15.704194,-0.579728,154.905457,-0.862791,-211.602234,8880.659180,515.866760,-13377.288086,-0.268272,0.723961,-0.635540,0.100000,0.020000,1,0.587445
33.858959,16.530233,0.106727,-418.822083,197.303894,-37.192719,-22606.007812,18577.916016,-8875.515625,-0.370765,0.744628,0.555033,0.100000,0.020000,1,0.581200
35.240749,15.751431,0.382018,47.086548,-23.264843,172.602966,2328.391602,-697.525024,9898.598633,-0.249395,0.683497,0.686027,0.100000,0.020000,1,0.617340
35.437340,15.855892,-0.508462,-76.311478,3.952606,31.410080,-5122.453125,999.266174,1822.177612,-0.408988,0.750037,-0.519782,0.100000,0.020000,1,0.311879
36.384781,15.539340,0.096502,328.114441,-97.834541,158.621201,18711.332031,149.129883,2000.068359,-0.510320,0.780358,-0.361406,0.100000,0.020000,1,0.252232
35.731285,16.328621,0.369500,112.900665,41.269714,-9.057066,7948.521973,4809.619629,-665.643555,-0.543192,0.719078,0.433441,0.100000,0.020000,1,0.935560
35.233917,15.795469,-0.158343,-58.768433,-135.114807,-20.565434,-2655.109619,-4244.591309,-558.478699,-0.655089,0.748999,-0.099292,0.100000,0.020000,1,0.219846
35.082539,15.603364,0.746146,32.179684,15.658501,37.657379,1465.467407,1768.847290,2402.100342,-0.022371,0.574200,0.818409,0.100000,0.020000,1,0.947981
35.817566,16.275068,-0.893562,457.292847,133.041260,-73.038986,31046.847656,11562.710938,-5398.741699,-0.156763,0.606551,-0.779436,0.100000,0.020000,1,0.641541
35.680561,16.498453,-0.649709,94.580154,259.298584,-45.909153,1396.327637,10222.148438,-1174.147339,-0.394832,0.658998,-0.640179,0.100000,0.020000,1,0.761173
35.410027,15.495325,-0.381505,-114.459351,136.649734,-71.990829,-7616.352051,7383.828125,-4251.787109,-0.521068,0.692302,-0.499205,0.100000,0.020000,1,0.878884
35.304104,16.052402,0.019022,6.038807,-115.246002,417.233154,-804.686890,-6656.315430,25825.996094,-0.669286,0.726444,0.156000,0.100000,0.020000,1,0.240754
35.501976,16.025557,0.435545,-156.458313,-47.501350,-34.532333,-10276.195312,-2514.772705,-431.123566,-0.678959,0.733932,0.018927,0.100000,0.020000,1,0.429715
33.811653,17.165562,-0.190228,-473.346008,295.632477,21.105545,-11813.128906,10081.548828,-2580.871094,-0.666178,0.704536,-0.244613,0.100000,0.020000,1,0.087401
35.769146,16.308287,0.547336,1.673731,-578.973389,-433.211060,968.858032,-34879.070312,-26067.201172,-0.663197,0.699117,0.267219,0.100000,0.020000,1,0.060122
35.493683,15.742035,0.667775,72.878632,-52.973454,48.920753,-668.279602,-2645.360840,-3317.572998,-0.397407,0.630176,0.667043,0.100000,0.020000,1,0.228761
35.095688,15.675536,0.772833,37.712517,-1.878952,9.361731,1628.918091,498.640137,806.998230,-0.158086,0.582383,0.797396,0.100000,0.020000,1,0.936023
35.511505,16.169472,0.563981,-378.774109,-310.699066,-219.555298,-23683.548828,-18161.701172,-13630.386719,-0.530645,0.633356,0.563272,0.100000,0.020000,1,0.018038
35.394211,16.326736,-0.340171,25.156837,51.731674,41.839752,1112.020630,4855.585938,2673.800537,-0.675535,0.628929,-0.384839,0.100000,0.020000,1,0.323552
35.285500,16.086979,0.456811,268.730408,-15.799321,-9.442312,16118.916016,-430.344482,-298.138855,-0.671486,0.606109,0.426309,0.100000,0.020000,1,0.294974
35.646820,17.025921,0.113377,100.168732,190.616669,51.790031,6842.219727,16052.878906,4166.636719,-0.798467,0.591501,-0.112144,0.100000,0.020000,1,0.665012
35.422153,16.237051,-0.053636,14.985626,-48.452232,-46.280266,7196.436523,1612.698486,-3096.435791,-0.806360,0.591093,0.019816,0.100000,0.020000,1,0.149094
35.064693,15.707351,-0.732767,-7.834007,-27.683151,-38.418068,-1465.020630,-1484.187622,-2523.950439,-0.283129,0.552322,-0.784078,0.100000,0.020000,1,0.277945
32.983124,16.009495,-1.130135,-668.060669,-40.977852,-179.843185,-25584.910156,-1912.482788,1478.001099,-0.551711,0.548291,-0.628483,0.100000,0.020000,1,0.962661
35.220436,16.418842,-0.464834,-43.124840,-570.908081,-163.510681,-3625.376709,-34193.386719,-10382.420898,-0.675490,0.544047,-0.497721,0.100000,0.020000,1,0.374018
36.510963,15.764589,0.890159,406.472076,-167.714294,337.280334,12029.146484,-5733.812500,7051.123535,-0.800447,0.547459,-0.244076,0.100000,0.020000,1,0.576982
35.039776,15.017545,1.092733,54.869915,26.415764,179.975525,1622.157593,-2775.255859,14918.263672,-0.796724,0.542250,0.266824,0.100000,0.020000,1,0.513616
34.403534,16.552309,0.923148,-246.720093,74.833107,184.728973,-12234.433594,3161.180176,10877.752930,-0.820792,0.546229,0.167135,0.100000,0.020000,1,0.109733
35.355938,15.765594,-0.625124,-192.565918,314.048401,29.849403,-11987.536133,19938.451172,2128.718506,-0.384324,0.529922,-0.755962,0.100000,0.020000,1,0.285419
34.188488,15.288683,0.816924,-43.129868,134.994385,-236.421356,-7813.373535,5604.745117,-13541.358398,-0.670913,0.510628,0.537712,0.100000,0.020000,1,0.887016
34.173584,16.329735,-1.089525,-110.573822,29.399323,-133.179245,-12254.468750,2881.292480,-11525.653320,-0.780765,0.496462,-0.379383,0.100000,0.020000,1,0.937749
34.919392,16.448624,0.358950,-505.567566,-379.180664,19.913506,-34013.238281,-22443.826172,1255.460571,-0.782393,0.479590,0.397310,0.100000,0.020000,1,0.836996
35.141846,16.140814,0.780422,-59.297272,-189.117462,-174.035187,-4559.648926,-10821.032227,-10340.298828,-0.528430,0.491394,0.692310,0.100000,0.020000,1,0.840181
35.069096,16.489027,-0.111778,306.906494,-195.693359,597.288513,17860.078125,-11167.047852,37178.593750,-0.898722,0.438272,0.014709,0.100000,0.020000,1,0.779947
34.855087,15.656492,1.116907,-30.539246,191.237366,172.445618,-3613.449951,12187.166016,12469.006836,-0.250663,0.521076,0.815872,0.100000,0.020000,1,0.126406
35.304279,16.564541,-0.399515,45.892715,48.462158,8.734947,2656.780518,5003.262207,750.781372,-0.762966,0.416312,-0.494537,0.100000,0.020000,1,0.821960
35.351940,16.443083,-0.148843,-618.194397,-311.438507,-745.835938,-39155.414062,-18715.253906,-46786.527344,-0.890055,0.386543,-0.241634,0.100000,0.020000,1,0.634423
35.112114,16.421473,-0.163223,53.676437,-68.625793,163.192688,2263.644287,-3632.558594,9976.667969,-0.925208,0.367450,-0.094708,0.100000,0.020000,1,0.121282
36.306877,16.219213,0.947351,379.579346,65.721535,84.038673,10822.114258,3274.935547,1715.616943,-0.381864,0.476263,0.792056,0.100000,0.020000,1,0.582676
34.599705,16.056078,-1.050620,-63.702179,-20.707979,-57.618362,-6894.233887,-523.871582,-5220.866211,-0.501389,0.443992,-0.742617,0.100000,0.020000,1,0.456371
37.594543,15.271799,1.046956,718.923645,-266.888916,472.983398,37455.539062,-2208.149902,14076.585938,-0.645971,0.420475,-0.637120,0.100000,0.020000,1,0.144717
34.409618,16.947227,0.127883,-269.273499,213.490067,-49.991505,-9163.598633,1154.094727,-2124.127930,-0.921755,0.357212,0.150888,0.100000,0.020000,1,0.034231
33.749924,18.656878,1.671855,-323.405487,706.916748,345.167694,-9422.920898,21639.890625,10465.854492,-0.751837,0.358053,0.553660,0.100000,0.020000,1,0.805962
33.905201,15.677144,-1.281106,-77.267151,156.403076,-302.591614,-8230.037109,6125.551758,-26848.914062,-0.901152,0.316979,0.295717,0.100000,0.020000,1,0.521089
34.605423,16.489357,0.928927,-115.830231,127.677063,87.457840,-10127.174805,10102.527344,6833.493164,-0.628531,0.378051,0.679726,0.100000,0.020000,1,0.872639
35.023407,16.359716,-0.329524,37.089928,-4.677761,-30.993816,1236.827515,378.835785,-1398.002563,-0.881970,0.300499,-0.363084,0.100000,0.020000,1,0.659905
34.886406,16.317162,0.487635,373.753326,-182.914536,-417.752533,22009.074219,-11250.139648,-25951.894531,-0.866426,0.255673,0.428880,0.100000,0.020000,1,0.634103
35.095150,16.077803,-0.184416,-80.368774,115.823608,-449.913025,-5706.278320,6688.957520,-27333.427734,-0.838673,0.246154,-0.485835,0.100000,0.020000,1,0.862745
37.578335,16.128225,-2.284932,709.846680,8.839500,-647.883972,27945.041016,-1999.015625,-21579.900391,-0.950563,0.193645,-0.242758,0.100000,0.020000,1,0.957750
34.916786,16.574169,0.193598,312.690430,-309.121155,0.432281,18363.554688,-18670.226562,725.585571,-0.983114,0.180631,0.029301,0.100000,0.020000,1,0.543742
34.792355,16.537807,1.896631,154.453323,129.800018,390.659607,4470.367188,14348.462891,28473.664062,-0.488873,0.386115,0.782252,0.100000,0.020000,1,0.781388
35.281639,16.149721,0.489877,91.162811,-35.959541,265.991028,5977.230957,-2150.021484,21220.621094,-0.725834,0.274352,-0.630791,0.100000,0.020000,1,0.886305
35.096245,16.615076,-0.088924,-29.232903,-138.194458,-26.302864,-3056.260742,-7488.180176,-1184.362427,-0.980407,0.164076,-0.109004,0.100000,0.020000,1,0.134307
34.906620,16.734793,0.268361,14.933232,31.531868,5.993706,-386.616028,3507.942627,869.516968,-0.972848,0.160479,0.166772,0.100000,0.020000,1,0.318694
35.050461,15.945045,-0.866947,-47.885841,-83.825836,-11.512051,-3698.789062,-5457.867676,-1526.811768,-0.583737,0.318391,-0.746912,0.100000,0.020000,1,0.754714
34.907257,16.438053,0.426032,-7.334560,-179.025665,106.115677,-1643.827393,-10450.451172,6442.488770,-0.821653,0.186173,0.538727,0.100000,0.020000,1,0.151497
34.688374,16.425882,0.646152,225.495636,-119.421463,-376.577759,12250.928711,-7167.824219,-22562.650391,-0.911536,0.114162,0.395056,0.100000,0.020000,1,0.780071
35.544205,16.584503,0.039377,188.535004,11.309826,95.683762,13493.791016,1699.984863,7600.910156,-0.922740,0.109370,-0.369579,0.100000,0.020000,1,0.828081
33.672699,18.361641,2.162169,-393.079590,554.382263,552.635864,-14976.370117,24040.501953,17485.724609,-0.948147,0.107331,0.299162,0.100000,0.020000,1,0.146390
34.409470,15.923037,1.002184,-133.251617,-93.522964,59.983139,-11612.934570,-6743.066895,5429.667969,-0.705600,0.220881,0.673305,0.100000,0.020000,1,0.145998
34.060085,15.569997,-0.646359,-58.403351,43.942898,-310.680908,-8217.457031,125.339745,-19976.332031,-0.770899,0.154660,-0.617896,0.100000,0.020000,1,0.187424
34.737682,16.709679,-0.062054,132.440308,-361.797180,-415.533600,6856.841309,-21734.419922,-27010.156250,-0.990412,0.001424,0.138136,0.100000,0.020000,1,0.786068
34.935356,16.867876,-0.265270,97.734833,127.433350,-63.913200,5586.143066,9751.269531,-4735.578125,-0.993818,-0.026760,-0.107752,0.100000,0.020000,1,0.358003
35.352413,16.797981,2.375100,70.531609,188.517395,653.776001,-1513.335938,14939.167969,20317.828125,-0.999161,-0.028786,0.029138,0.100000,0.020000,1,0.299209
34.907131,16.209366,0.852867,141.853882,-221.490570,-329.886169,7851.962891,-12971.507812,-20229.480469,-0.548570,0.284782,0.786111,0.100000,0.020000,1,0.359497
33.232880,16.479876,-0.864151,-436.952576,16.750664,-137.564407,-18940.105469,76.594482,-2316.858154,-0.858415,0.046268,-0.510865,0.100000,0.020000,1,0.601556
35.596050,16.340485,0.629973,307.672913,50.658852,98.956207,21677.349609,2829.568115,7765.159180,-0.955063,-0.031940,0.294677,0.100000,0.020000,1,0.458613
34.780521,16.446640,0.419039,54.345047,-102.667175,550.694519,2222.320068,-5927.660645,34510.480469,-0.847746,0.031802,0.529447,0.100000,0.020000,1,0.721278
35.155331,16.757250,-0.286047,218.935089,45.273434,13.008642,11792.785156,-1072.633301,758.236145,-0.963806,-0.061575,-0.259396,0.100000,0.020000,1,0.940240
34.542812,16.125448,1.019014,141.196915,-322.956421,212.246033,6690.599121,-20663.492188,15089.433594,-0.728537,0.090528,0.678998,0.100000,0.020000,1,0.915345
34.865715,16.208277,0.095759,36.338078,-56.875732,10.442650,1758.506226,-4468.248535,2523.105713,-0.917617,-0.089215,-0.387324,0.100000,0.020000,1,0.190271
34.418022,16.495918,0.011280,-105.551392,72.876389,179.565094,-9526.347656,6307.140625,14225.602539,-0.637440,0.165198,-0.752582,0.100000,0.020000,1,0.385566
34.752930,17.905924,-0.093837,7.132316,369.068237,-133.467133,-483.857574,29506.142578,-10318.603516,-0.911376,-0.107033,0.397414,0.100000,0.020000,1,0.962127
34.637939,16.709536,0.057055,37.218376,-100.901688,-37.329781,1098.340454,-5530.770996,-2185.766602,-0.982550,-0.185129,0.017969,0.100000,0.020000,1,0.572569
34.580734,16.574030,-0.109661,124.382675,83.459381,-197.379700,6449.048828,5547.321289,-12470.147461,-0.971547,-0.205218,-0.118245,0.100000,0.020000,1,0.531731
34.711849,16.451328,-0.628695,-33.052811,37.589195,385.650635,-3062.040283,2656.781738,23578.318359,-0.861475,-0.121834,-0.492968,0.100000,0.020000,1,0.797492
34.679253,15.519662,-0.465893,172.684357,-3.180511,192.435242,9647.538086,-3364.196533,12603.919922,-0.770438,-0.041513,-0.636162,0.100000,0.020000,1,0.377808
34.654507,16.565422,0.210023,-216.152039,-202.003448,-147.838501,-14533.598633,-12518.229492,-9080.882812,-0.952668,-0.254771,0.165875,0.100000,0.020000,1,0.995884
33.645866,16.052248,-0.560063,-25.097916,81.885010,-176.901306,-6597.254883,3288.203857,-12659.472656,-0.935462,-0.273249,-0.224157,0.100000,0.020000,1,0.836978
35.189362,17.008617,0.367476,200.389526,85.932098,24.621639,16841.447266,9307.875977,1066.596191,-0.912714,-0.282742,0.294976,0.100000,0.020000,1,0.615685
33.718510,16.957670,0.630425,-341.312683,237.418884,-26.572365,-18735.146484,7721.594238,3106.033691,-0.582996,0.146256,0.799202,0.100000,0.020000,1,0.419714
35.838757,16.670137,0.844759,325.487793,103.615189,68.122177,11459.453125,-264.086670,5983.070801,-0.736908,-0.072622,0.672081,0.100000,0.020000,1,0.379943
34.756485,16.149042,1.794414,83.018326,-104.628311,355.491516,4770.623047,-7545.257812,27895.093750,-0.818766,-0.193704,0.540464,0.100000,0.020000,1,0.750959
34.240215,15.623558,-1.942337,-81.396324,-244.320282,-439.556610,-101.739258,-11357.351562,-20525.035156,-0.884209,-0.285910,-0.369365,0.100000,0.020000,1,0.746172
33.370449,15.397671,3.207364,-151.267105,96.269096,728.533813,-1787.719727,4402.248047,23868.234375,-0.859569,-0.283935,0.424878,0.100000,0.020000,1,0.567996
34.409645,15.741890,-1.304242,-60.911255,-158.137695,-171.693512,4625.067383,9029.786133,10273.148438,-0.654874,0.023924,-0.755359,0.100000,0.020000,1,0.104946
34.646503,16.383625,0.008568,74.792130,149.507751,133.606155,-3601.901855,-7094.849609,-6357.001953,-0.891798,-0.429794,0.141325,0.100000,0.020000,1,0.291451
33.644432,16.071823,0.339441,390.617554,-145.351929,-504.500244,-16693.021484,8508.129883,24054.855469,-0.892558,-0.439264,-0.101915,0.100000,0.020000,1,0.093184
34.611008,16.451815,-0.490086,-52.263809,-28.147793,532.253357,-4206.630371,-1224.826538,33932.796875,-0.746829,-0.210033,-0.630977,0.100000,0.020000,1,0.695583
35.232384,16.240255,0.162704,202.008759,44.547195,99.709320,15061.872070,1710.533203,7908.642578,-0.863902,-0.438710,-0.247401,0.100000,0.020000,1,0.470606
34.557182,16.473747,0.038341,12.512514,74.095688,9.523951,311.793915,4433.350586,760.702271,-0.888484,-0.458907,0.000180,0.100000,0.020000,1,0.225629
34.523590,17.283813,0.590258,22.580740,180.131866,22.725971,516.807129,15066.390625,1936.907959,-0.787349,-0.331588,0.519741,0.100000,0.020000,1,0.805624
34.567879,16.571913,-0.861073,37.591927,19.838852,-83.363022,1663.715088,1936.790405,-6956.316406,-0.794577,-0.338864,-0.503804,0.100000,0.020000,1,0.669247
34.466232,16.494120,-0.231028,-94.357742,421.511658,19.309910,-6763.193848,26602.640625,-795.468750,-0.846332,-0.454639,0.277536,0.100000,0.020000,1,0.628711
34.232292,15.732387,0.629532,-420.447144,-134.522736,36.998901,-28960.392578,-10838.719727,2448.810791,-0.714166,-0.215109,0.666104,0.100000,0.020000,1,0.437384
34.747364,16.259893,0.814855,4.814230,-54.891441,-90.221039,-614.288147,-2851.170166,-5303.898438,-0.602899,0.018728,0.797598,0.100000,0.020000,1,0.607322
34.657455,17.790741,0.211699,100.075714,363.895935,173.793121,6378.465820,28541.255859,13320.634766,-0.801743,-0.454680,-0.387911,0.100000,0.020000,1,0.232978
34.284260,16.385023,-0.034744,-68.247330,-189.087769,-136.700867,-5408.769043,-12482.296875,-8875.205078,-0.817941,-0.574677,0.026818,0.100000,0.020000,1,0.800962
34.631718,16.364107,-0.671922,2.660635,-41.581383,14.325647,-767.690186,-1953.583496,945.736877,-0.643579,-0.131689,-0.753966,0.100000,0.020000,1,0.278674
34.841240,16.338564,0.336832,-390.694946,-27.831200,253.783508,-23655.011719,-2176.164795,15838.855469,-0.764831,-0.488396,0.420123,0.100000,0.020000,1,0.459182
34.916977,16.191172,0.359711,204.591705,-114.218567,124.913689,15970.236328,9267.747070,2440.593994,-0.800789,-0.592042,-0.090683,0.100000,0.020000,1,0.128417
34.411655,16.575104,-0.586464,97.917435,-280.158264,1.127191,5006.688477,-16684.746094,-44.866127,-0.703270,-0.351774,-0.617792,0.100000,0.020000,1,0.991150
34.252956,16.657135,0.142222,51.765137,-237.052643,-71.303696,2212.285889,-14298.380859,-4418.589844,-0.781684,-0.608771,0.135526,0.100000,0.020000,1,0.855680
30.569878,17.145405,1.729285,-1072.043091,184.535889,507.316772,-35313.500000,11085.488281,12788.606445,-0.751512,-0.597082,0.280577,0.100000,0.020000,1,0.846854
34.711761,16.302711,0.673730,-121.876511,-157.381134,86.324875,-8348.180664,-9339.765625,5283.676270,-0.606604,-0.099905,0.788702,0.100000,0.020000,1,0.343358
33.891964,17.757341,0.425994,-151.130127,325.546814,57.579254,-12416.605469,26284.291016,3443.734375,-0.702342,-0.484500,0.521512,0.100000,0.020000,1,0.394837
33.853836,17.692646,0.342823,-239.815582,430.460083,218.827515,-10664.470703,14557.659180,6824.308594,-0.709064,-0.497442,-0.499780,0.100000,0.020000,1,0.313979
34.465206,16.623182,-0.169558,-138.761963,78.903114,-275.200928,-10401.651367,3257.032227,-16670.458984,-0.737741,-0.624852,-0.255537,0.100000,0.020000,1,0.768950
34.389523,16.178602,-0.684561,-120.739899,-11.323559,52.601967,-9206.392578,-911.944397,3273.716553,-0.627473,-0.227560,-0.744643,0.100000,0.020000,1,0.787687
35.269207,16.043726,1.099127,195.397095,-119.455017,186.043915,14887.412109,-8634.011719,13862.453125,-0.657791,-0.372536,0.654620,0.100000,0.020000,1,0.746831
34.222073,16.369349,0.335479,-9.891911,1.449854,78.473221,-1624.904907,-111.304375,4876.503418,-0.682737,-0.617067,0.391279,0.100000,0.020000,1,0.092811
34.170578,16.514771,-0.357538,-392.317322,-625.273499,-172.304596,-25959.330078,-39086.898438,-10960.277344,-0.686369,-0.624284,-0.373051,0.100000,0.020000,1,0.268211
34.168945,16.539154,-0.620620,160.660217,-571.038940,100.520416,8644.199219,-35110.226562,6052.463379,-0.610164,-0.506926,-0.608873,0.100000,0.020000,1,0.641434
34.223347,16.379999,0.061481,-32.201683,-34.989159,-21.782120,-2430.073242,-2413.600586,-1631.693970,-0.630870,-0.763889,0.135931,0.100000,0.020000,1,0.641683
33.969521,15.094182,-0.177897,-56.995529,-391.445465,21.428299,-5985.085449,-16950.949219,-6546.076660,-0.630209,-0.767779,-0.115552,0.100000,0.020000,1,0.762045
34.814716,16.097801,1.611850,257.437805,-42.389618,381.710510,15186.382812,-10571.752930,30160.117188,-0.633570,-0.772902,0.034810,0.100000,0.020000,1,0.675493
34.721630,16.457569,0.798051,23.423069,-93.497406,35.426598,1462.038818,-4819.631348,2655.976807,-0.581495,-0.258561,0.771369,0.100000,0.020000,1,0.924243
33.873390,16.117855,-0.440830,-70.770370,-308.611053,-229.206543,-6790.160645,-20456.119141,-14410.368164,-0.602697,-0.619781,-0.502620,0.100000,0.020000,1,0.315901
34.182301,16.448463,0.699379,2.893114,-267.697968,-520.840454,-807.698303,-16414.947266,-31943.095703,-0.579981,-0.621593,0.526541,0.100000,0.020000,1,0.831675
34.037426,16.339115,0.368727,220.240646,-293.003418,-157.496765,12804.192383,-18708.873047,-9422.108398,-0.584396,-0.765112,0.270342,0.100000,0.020000,1,0.150749
34.199604,16.408474,-0.235217,-24.622383,-69.167419,56.858955,-1958.957153,-4304.367676,3556.735107,-0.586141,-0.770166,-0.251562,0.100000,0.020000,1,0.820839
34.366631,16.308483,-0.262776,110.426956,-161.906250,23.529198,7210.664062,-10453.227539,1744.112671,-0.562564,-0.744702,-0.359083,0.100000,0.020000,1,0.865752
34.657261,17.458370,1.140458,165.530151,363.794312,198.684357,2272.853027,11544.097656,5351.568359,-0.517775,-0.757862,0.396931,0.100000,0.020000,1,0.374498
34.386818,16.167343,-0.672635,-124.863281,68.817337,63.947266,-8795.798828,4197.125977,4085.466309,-0.532445,-0.379234,-0.756759,0.100000,0.020000,1,0.670546
34.242302,16.037107,0.733073,-21.621605,8.709925,-50.137848,-2415.222656,-315.528870,-2681.386963,-0.524563,-0.508668,0.682709,0.100000,0.020000,1,0.358252
33.874725,16.291588,-0.082346,40.605774,-189.222046,106.149094,1343.432251,-12163.640625,6289.444824,-0.479789,-0.877207,0.017634,0.100000,0.020000,1,0.860325
33.952847,16.508677,-0.503479,813.104187,-242.417419,-60.498840,49554.910156,-14257.410156,-3644.477539,-0.487341,-0.631733,-0.602837,0.100000,0.020000,1,0.657235
33.853443,16.289230,-0.248066,100.210251,-33.436958,12.100077,4978.343262,-2223.677490,649.055115,-0.456170,-0.855802,-0.243949,0.100000,0.020000,1,0.966807
34.354301,16.156586,0.014329,118.552795,-0.255764,24.401516,8286.967773,-729.976562,1029.495850,-0.461100,-0.874408,0.150990,0.100000,0.020000,1,0.239224
33.474003,18.954798,-0.494793,-213.349304,828.734863,-371.964142,-10058.051758,24567.257812,-8450.257812,-0.515147,-0.374433,0.770989,0.100000,0.020000,1,0.377736
33.869572,16.283739,-0.449656,-13.592537,22.051083,-30.107998,-2556.865234,1453.704224,-1876.237915,-0.453360,-0.735415,-0.503617,0.100000,0.020000,1,0.514612
33.857956,16.361250,0.239720,139.436874,-196.618866,54.187996,7515.307129,-12138.201172,3356.862549,-0.431631,-0.856876,0.281882,0.100000,0.020000,1,0.748290
35.028267,15.939116,0.549837,-518.223755,-129.480179,200.091705,-30054.437500,-9363.518555,12454.433594,-0.460105,-0.600023,0.654428,0.100000,0.020000,1,0.412917
34.679237,16.072809,0.280376,203.638489,26.342505,97.069946,15001.873047,902.187256,8729.031250,-0.390517,-0.839212,-0.378444,0.100000,0.020000,1,0.025600
34.064201,15.396048,-0.703221,139.657242,-12.903061,-143.690598,8629.180664,-4540.435547,-11564.058594,-0.398239,-0.909709,-0.117621,0.100000,0.020000,1,0.079820
34.142036,16.351591,0.540342,24.739609,52.538506,14.437454,1118.462158,3850.891846,1131.967529,-0.396089,-0.743292,0.539102,0.100000,0.020000,1,0.767277
34.220715,16.288717,-0.735037,14.726246,-323.448303,420.540527,-207.561951,-19939.298828,26310.179688,-0.455137,-0.478871,-0.750688,0.100000,0.020000,1,0.112936
33.781193,17.265066,0.295531,142.478226,484.152100,-18.635590,-3522.649414,17036.365234,9783.531250,-0.319999,-0.852215,0.413920,0.100000,0.020000,1,0.262908
33.740662,15.778247,0.384600,110.799057,-35.168549,40.192429,5780.370605,-4009.167236,4609.658691,-0.283424,-0.951053,-0.123163,0.100000,0.020000,1,0.253548
33.944214,16.194328,-0.453449,6.814516,86.614120,-159.921906,-952.594299,5561.587891,-9623.705078,-0.356468,-0.693624,-0.625953,0.100000,0.020000,1,0.681365
33.571697,16.038481,-0.175084,476.334778,-195.235413,233.263336,28222.083984,-12980.294922,13922.182617,-0.264870,-0.964107,0.018497,0.100000,0.020000,1,0.047932
33.866344,16.076927,-0.154104,-164.584412,-654.181702,-12.837311,-11032.377930,-41747.753906,-2062.178223,-0.258369,-0.952561,0.160849,0.100000,0.020000,1,0.540343
33.736057,15.982073,0.125345,9.912498,-9.611275,-282.779602,-579.045593,-1357.644287,-18284.085938,-0.236200,-0.938012,0.253658,0.100000,0.020000,1,0.085497
34.185703,15.664134,-0.363023,190.616760,-123.392944,88.360069,12714.691406,-9868.598633,4992.704102,-0.235381,-0.940067,-0.246717,0.100000,0.020000,1,0.461940
33.855965,16.872953,0.471588,0.551121,177.597595,0.199465,-1146.348145,14264.558594,45.342529,-0.266916,-0.815962,0.512798,0.100000,0.020000,1,0.796958
33.333973,16.529055,0.100692,-192.272491,92.920654,126.772278,-15443.092773,7475.952148,10283.030273,-0.262605,-0.829904,-0.492238,0.100000,0.020000,1,0.414127
33.625172,15.907310,-0.255924,-144.677032,58.932861,171.735184,-5678.649414,2244.831543,5803.659180,-0.357383,-0.576677,-0.734657,0.100000,0.020000,1,0.283888
34.184650,16.020592,0.693603,193.828339,7.178949,-55.888939,12760.301758,244.049774,-3452.039062,-0.309672,-0.675254,0.669429,0.100000,0.020000,1,0.270791
33.665730,16.206217,-0.341036,323.914124,-342.852051,87.755219,-15234.244141,16847.634766,-4368.917969,-0.170132,-0.913621,-0.369258,0.100000,0.020000,1,0.936218
33.421535,16.778286,0.899971,-109.958740,318.142212,-49.130592,7154.205566,-17784.349609,1007.616516,-0.165853,-0.898979,0.405377,0.100000,0.020000,1,0.040583
36.353203,13.675576,-0.005206,800.272888,-404.160919,-214.514023,17302.173828,-19034.654297,-4713.927734,-0.393801,-0.461982,0.794666,0.100000,0.020000,1,0.025245
34.015205,15.636522,0.832209,-75.285904,-117.141403,273.175598,3488.815186,6971.020020,-15854.501953,-0.072914,-0.996968,0.027169,0.100000,0.020000,1,0.520858
34.516640,16.819365,1.453823,87.046341,159.349396,201.073059,6068.469727,13099.288086,15870.101562,-0.322894,-0.555015,0.766614,0.100000,0.020000,1,0.018838
34.381908,15.659389,-0.766077,126.371796,-50.786880,-25.712959,8831.752930,-4888.104492,-2465.966064,-0.200814,-0.750403,-0.629737,0.100000,0.020000,1,0.749910
33.904758,15.933013,-0.273947,0.831132,23.099190,47.394287,25.632795,1075.056030,1346.477661,-0.050344,-0.989920,0.132375,0.100000,0.020000,1,0.279155
33.672523,15.839869,0.327105,-6.063072,-631.448975,-388.924683,-1369.120972,-40629.468750,-22758.482422,-0.049127,-0.992478,-0.112134,0.100000,0.020000,1,0.554668
33.714432,15.719300,-0.464122,-263.568359,64.218575,-221.337921,15663.220703,-2195.625000,13591.467773,-0.109122,-0.862631,-0.493923,0.100000,0.020000,1,0.404944
33.430008,15.489574,0.339437,6.304378,-124.669540,73.393471,1063.262939,7637.255859,-3877.108643,-0.043376,-0.955720,0.291065,0.100000,0.020000,1,0.810429
33.105068,15.550890,1.648981,-80.632782,131.090347,449.233734,-15148.187500,-13667.666992,16258.469727,-0.028475,-0.972997,-0.229054,0.100000,0.020000,1,0.486070
34.117199,15.643655,0.109004,62.029053,-111.965752,-107.325058,-3005.250977,6649.297363,6638.242676,-0.162255,-0.752758,0.637988,0.100000,0.020000,1,0.884988
34.046871,16.016907,0.640525,-436.695679,-317.656830,-5.457026,21850.347656,15852.136719,-160.695770,-0.092768,-0.841765,0.531813,0.100000,0.020000,1,0.377843
33.962246,15.854039,-0.359678,-16.961626,-183.384460,-60.784607,814.199219,9475.344727,3089.434814,-0.009495,-0.925997,-0.377411,0.100000,0.020000,1,0.134930
32.848629,15.698944,-0.786114,-153.931198,131.741653,-248.637436,-8141.854980,-493.534668,-15362.917969,-0.208324,-0.630928,-0.747349,0.100000,0.020000,1,0.629423
33.007954,16.653490,2.257774,-481.755249,254.130096,635.207764,26617.650391,-14703.673828,-36920.878906,0.042688,-0.916547,0.397642,0.100000,0.020000,1,0.197656
33.579201,15.491110,0.053779,15.282240,-129.101288,-39.179882,813.101929,-4209.291016,-2489.976074,0.106511,-0.994006,0.024637,0.100000,0.020000,1,0.813649
33.812279,15.751448,-0.075927,69.273590,-40.849167,64.960907,4202.106445,-3067.136230,3185.048340,0.130269,-0.978769,0.158243,0.100000,0.020000,1,0.655225
33.784946,15.678689,0.006194,-30.890442,104.556046,250.020508,-2204.641113,5803.980469,16182.394531,0.132725,-0.986173,-0.099233,0.100000,0.020000,1,0.454182
33.735489,15.692721,-1.355947,72.678375,-46.552567,-262.585327,3194.025391,-3835.398926,-19884.367188,-0.003429,-0.781757,-0.623574,0.100000,0.020000,1,0.469289
32.819523,15.715747,-0.594834,-130.372391,147.292267,-298.707886,-14784.625000,-5823.507812,-5402.932617,0.077550,-0.857238,0.509047,0.100000,0.020000,1,0.438060
34.041901,16.361399,-0.850467,-157.345245,185.899933,-102.813950,7662.294434,-10642.696289,6237.715332,0.083134,-0.865386,-0.494161,0.100000,0.020000,1,0.035797
33.468338,15.385058,0.529277,-149.593567,99.672073,-549.777161,10311.384766,-1329.300537,29978.652344,0.164181,-0.948855,0.269665,0.100000,0.020000,1,0.604760
33.865589,15.717255,0.945261,2.934416,13.580212,71.642059,440.355316,-186.216080,-4569.150879,-0.000392,-0.765301,0.643673,0.100000,0.020000,1,0.889685
33.436516,15.550572,-0.979786,-63.806240,-41.795940,-193.918213,-1056.391724,-2203.808838,-7527.366699,0.186283,-0.947926,-0.258330,0.100000,0.020000,1,0.083610
34.052330,16.106886,0.312424,49.491135,126.253876,22.905781,3773.097656,9296.457031,1271.100098,0.189419,-0.900383,0.391701,0.100000,0.020000,1,0.490447
33.684490,15.764591,-0.381217,307.616364,-62.347710,203.843811,18612.074219,-4003.016357,12569.667969,0.206630,-0.916357,-0.342920,0.100000,0.020000,1,0.834878
34.192223,15.881972,0.862576,-68.382431,111.178513,-164.422638,-4806.683105,6571.478027,-9770.571289,-0.190098,-0.578873,0.792950,0.100000,0.020000,1,0.754874
33.918381,16.159651,-0.935780,-69.877487,-184.995239,84.464706,4299.340820,8667.315430,-3522.657715,-0.104881,-0.653691,-0.749459,0.100000,0.020000,1,0.213084
33.605682,16.428461,-0.736372,-13.376759,217.514160,-153.304871,1282.026001,-12902.070312,9111.108398,0.323713,-0.918736,-0.226128,0.100000,0.020000,1,0.725567
32.863842,15.690160,0.695179,-104.675659,71.601700,139.769989,-18119.062500,8055.211914,-8417.586914,0.339954,-0.929099,0.145626,0.100000,0.020000,1,0.964672
34.117973,15.778237,0.603750,-591.949646,-117.910324,19.147728,28754.859375,5594.447266,-2522.659424,0.350254,-0.936154,0.030610,0.100000,0.020000,1,0.458382
36.620331,13.624160,-1.160749,956.068359,-520.832153,-318.918030,25219.152344,-13679.621094,-8573.280273,0.348905,-0.931839,-0.099705,0.100000,0.020000,1,0.179114
33.922031,15.689432,-0.590472,39.699783,10.137071,-0.399899,2122.942871,273.662994,-193.232361,0.150179,-0.779236,-0.608472,0.100000,0.020000,1,0.629138
32.215649,16.220919,0.426958,-349.130676,249.001587,-29.075653,-28825.962891,18035.632812,-1065.310303,0.336649,-0.902575,0.268378,0.100000,0.020000,1,0.459858
33.678017,15.674242,0.615950,80.728149,-67.756439,-197.182190,3551.422607,-4717.765625,-12335.097656,0.132596,-0.746819,0.651674,0.100000,0.020000,1,0.659033
33.775646,15.859002,-0.180501,40.999310,-177.517303,-176.541748,1919.041870,-10566.512695,-9993.790039,0.254795,-0.825391,-0.503795,0.100000,0.020000,1,0.771832
34.105995,16.057318,0.881961,-35.269867,51.673920,50.225014,-2801.098389,3874.782959,3877.791748,-0.083520,-0.609958,0.788020,0.100000,0.020000,1,0.948034
35.162449,15.165525,2.461947,389.107971,-152.518188,589.919922,17753.337891,-2791.000977,29349.507812,0.272528,-0.813137,0.514331,0.100000,0.020000,1,0.489949
34.173191,16.588203,0.087813,150.922974,269.910797,115.523300,6050.470215,19615.246094,1249.623535,0.379940,-0.845048,-0.376218,0.100000,0.020000,1,0.147101
33.456192,15.762136,1.070479,-34.463364,61.138107,181.056000,-3949.942871,4563.212402,14399.291992,0.390626,-0.830264,0.397584,0.100000,0.020000,1,0.110195
33.859890,15.701689,-1.038341,28.898361,128.266281,-441.746979,-7520.966797,8475.535156,-19868.298828,0.489724,-0.871259,0.032839,0.100000,0.020000,1,0.776156
34.271610,15.227185,-0.810223,-384.579956,251.759888,294.089508,-23744.925781,13489.369141,18004.507812,0.067769,-0.660122,-0.748095,0.100000,0.020000,1,0.079286
34.064392,15.811183,0.729421,152.798798,59.070343,276.372742,9978.642578,4394.167969,22730.162109,0.287187,-0.753076,-0.591946,0.100000,0.020000,1,0.694907
34.782467,14.693870,-0.516233,260.657013,-145.543030,-221.296631,20395.494141,-12498.708008,-15243.927734,0.515440,-0.824549,-0.233324,0.100000,0.020000,1,0.696953
34.227615,15.370768,0.110501,-7.027267,61.896282,119.524376,3219.117676,-766.639160,2482.347656,0.532035,-0.834882,0.141108,0.100000,0.020000,1,0.393182
33.166893,15.931670,-0.154934,-37.339828,71.159622,-26.511520,-5088.256348,6405.279785,-1917.616577,0.536144,-0.837355,-0.106706,0.100000,0.020000,1,0.779430
33.472614,16.177179,0.594854,40.254921,220.421677,71.457085,2910.612793,5387.348633,-895.757812,0.425991,-0.773311,-0.469598,0.100000,0.020000,1,0.402685
33.687504,15.554303,0.424319,-155.057770,93.954086,505.398804,-10891.826172,5951.896484,31642.142578,0.403507,-0.740290,0.537729,0.100000,0.020000,1,0.461335
34.117638,16.575003,-0.089363,121.909851,320.177307,-123.621140,-9596.228516,28744.089844,5728.674805,0.549488,-0.789466,0.273508,0.100000,0.020000,1,0.334389
34.084396,15.431343,0.302192,104.683731,-16.793671,-51.576065,6882.537598,-1802.574463,-4414.046387,0.314696,-0.700333,0.640703,0.100000,0.020000,1,0.109751
34.100445,15.889155,0.248923,225.088165,136.828735,-193.909180,15124.813477,10502.382812,-9863.911133,0.540298,-0.763670,-0.353391,0.100000,0.020000,1,0.664442
34.294899,15.573469,-0.302671,-33.006760,158.552841,-147.835632,-4174.547852,5213.585938,-19177.369141,0.075592,-0.618750,0.781942,0.100000,0.020000,1,0.152298
33.824440,15.431357,-0.826678,60.511787,-11.017601,103.715302,2598.219482,-1836.657349,5901.407227,0.176863,-0.645048,-0.743393,0.100000,0.020000,1,0.261342
33.900620,15.286571,0.455045,-130.191299,85.970474,-104.445602,-8218.924805,4813.642578,-6203.498047,0.540944,-0.739747,0.400192,0.100000,0.020000,1,0.452954
36.159416,13.932088,-0.142317,552.623230,-294.984070,-74.969978,43945.671875,-25241.150391,-3084.943848,0.418786,-0.687530,-0.593229,0.100000,0.020000,1,0.888066
33.851280,15.449715,0.822364,-83.677673,82.497299,-119.674286,-6436.890137,4216.400391,-6974.886230,0.189502,-0.626393,0.756122,0.100000,0.020000,1,0.447865
34.155151,15.088315,-0.790788,-560.076050,236.513214,896.037964,-34188.164062,13946.063477,54112.679688,0.660525,-0.715593,-0.227230,0.100000,0.020000,1,0.909544
33.315384,15.521574,-0.974188,82.872444,-36.851219,-413.069824,2939.391357,-1471.748779,-30697.671875,0.672475,-0.725494,0.146412,0.100000,0.020000,1,0.273265
34.994053,16.751291,-1.881538,299.229492,505.835083,-594.308716,9606.179688,14830.789062,-31967.654297,0.683105,-0.729673,0.030735,0.100000,0.020000,1,0.334834
33.593658,15.358130,-0.225126,163.682007,-85.487015,155.196594,9200.440430,-5178.845215,9317.087891,0.683085,-0.720046,-0.122182,0.100000,0.020000,1,0.864631
32.125885,16.285007,1.812683,-362.398682,229.326843,373.693420,-30528.251953,18127.630859,29250.347656,0.538149,-0.674010,0.506069,0.100000,0.020000,1,0.069980
34.698994,14.792746,0.707184,169.702667,-84.670135,255.451477,13841.114258,-7869.097168,20916.130859,0.555319,-0.674879,-0.485961,0.100000,0.020000,1,0.964138
33.991123,15.267668,0.775539,-112.893036,-658.160645,136.970337,-6743.444824,-41638.265625,10863.610352,0.683293,-0.678114,0.270687,0.100000,0.020000,1,0.829522
33.881023,15.379906,-0.102275,510.271179,-429.698975,204.134430,-24957.277344,21990.494141,-11694.694336,0.328232,-0.613497,-0.718251,0.100000,0.020000,1,0.482262
34.322338,14.848097,0.476734,152.125595,-71.120125,-52.289036,9136.169922,-9413.619141,-5915.228027,0.444069,-0.625912,0.641121,0.100000,0.020000,1,0.416422
34.365559,14.869194,-0.951530,204.014465,-103.833160,-42.763916,-11377.598633,6347.588867,3805.375488,0.664594,-0.647015,-0.373746,0.100000,0.020000,1,0.527869
33.824097,15.135758,-0.320483,-102.755600,90.876045,-70.803276,-9609.416016,-1478.535400,-14015.669922,0.556533,-0.583802,-0.591140,0.100000,0.020000,1,0.471727
34.358006,14.867501,-2.823360,198.431396,-111.845612,-791.754028,-10978.581055,6631.871582,48278.031250,0.692678,-0.591149,0.413207,0.100000,0.020000,1,0.623906
34.401436,14.802431,-0.003560,-484.346802,282.447296,-228.589188,22928.933594,-13164.523438,11508.736328,0.805291,-0.592225,0.027863,0.100000,0.020000,1,0.262108
33.739529,15.184585,0.357657,-194.444702,122.188454,-170.210754,-9714.966797,3563.296143,-14730.367188,0.793650,-0.561343,-0.234549,0.100000,0.020000,1,0.775747
34.098164,14.977525,-0.086941,0.939919,13.380942,-12.709703,-3513.859619,-5400.843750,-741.128906,0.817162,-0.563137,-0.122979,0.100000,0.020000,1,0.885984
34.376419,15.001834,1.187419,237.306702,-112.763184,341.681946,15978.997070,-9454.481445,23630.544922,0.310170,-0.561644,0.767040,0.100000,0.020000,1,0.341827
32.956371,15.704525,1.216220,-88.986038,56.624535,285.891418,-10045.375977,5495.341309,24859.062500,0.695171,-0.540152,-0.474314,0.100000,0.020000,1,0.999371
34.924023,15.385577,0.604187,300.738708,8.987923,58.002014,22964.412109,1595.325684,5218.069824,0.801301,-0.540668,0.256115,0.100000,0.020000,1,0.676293
33.706112,15.221411,-0.552781,215.417206,-121.443565,-61.781158,12533.090820,-7219.569336,-6721.639160,0.830625,-0.540105,0.135458,0.100000,0.020000,1,0.081475
33.666382,15.931823,0.580779,-30.618385,102.763504,21.241871,1184.857178,3698.755615,1047.070557,0.547405,-0.517385,0.657769,0.100000,0.020000,1,0.637341
33.900215,15.333675,0.259923,-93.202469,-82.061417,46.547550,-6474.112793,-4691.152344,2082.836182,0.693743,-0.504786,0.513724,0.100000,0.020000,1,0.714712
33.821609,15.362345,-0.514527,73.720345,-25.494434,-176.512085,3423.525146,-1901.835083,-10557.876953,0.447155,-0.526074,-0.723394,0.100000,0.020000,1,0.165554
33.863934,15.143387,0.483860,68.953484,-35.287930,-183.950836,3643.021484,-2110.472900,-11025.239258,0.797800,-0.468089,0.380010,0.100000,0.020000,1,0.628604
32.247337,16.046099,-4.159689,-523.462891,302.223999,-1428.263794,31015.681641,-17664.757812,81849.757812,0.808529,-0.469264,-0.355067,0.100000,0.020000,1,0.978587
33.819481,15.138422,-0.099219,252.625366,-145.735626,257.332336,15047.929688,-8720.423828,15721.737305,0.903578,-0.427412,0.029428,0.100000,0.020000,1,0.413628
33.695679,15.209901,0.570336,174.563507,-100.611877,-62.890667,9516.080078,-5538.886719,-1208.249390,0.909775,-0.402668,-0.100833,0.100000,0.020000,1,0.768843
34.249111,15.180788,-0.944051,125.141190,-40.463570,-84.663620,-6628.898926,2108.156006,5308.562500,0.667287,-0.432428,-0.606411,0.100000,0.020000,1,0.626024
33.545361,15.296687,-0.619074,818.083008,-469.720184,1859.293701,48770.082031,-30012.843750,116695.460938,0.781280,-0.407616,-0.472706,0.100000,0.020000,1,0.613568
34.453987,14.772092,-0.237561,514.046326,-296.599091,-353.763000,34048.265625,-19705.388672,-23858.070312,0.912671,-0.383886,0.140228,0.100000,0.020000,1,0.263531
34.640999,14.664120,1.346260,155.975266,-89.935875,375.655151,3091.080078,-1782.216309,-34974.394531,0.900176,-0.374476,-0.222375,0.100000,0.020000,1,0.545094
31.666451,16.381477,1.109955,-668.433777,398.379456,239.813141,40204.343750,-22504.443359,-13126.968750,0.428761,-0.479955,0.765380,0.100000,0.020000,1,0.559971
35.304203,16.378391,0.350992,345.389954,366.475159,119.777351,-12947.919922,-11677.213867,6657.958984,0.525006,-0.459517,-0.716389,0.100000,0.020000,1,0.217443
35.001095,14.924854,0.960961,244.833984,-42.310799,108.134750,-14614.103516,2890.627686,-6486.548340,0.662216,-0.415811,0.623354,0.100000,0.020000,1,0.085283
32.414253,15.949733,-0.893479,-361.250214,215.261581,-348.541382,-30507.033203,16258.000977,-23744.187500,0.902882,-0.349806,0.249881,0.100000,0.020000,1,0.171427
34.365410,15.539688,0.650379,-64.309143,-674.380615,-179.507996,2577.963867,32542.613281,8508.858398,0.764971,-0.367500,0.528927,0.100000,0.020000,1,0.467403
34.000710,15.033792,-0.212491,-388.712311,224.424713,141.466125,21476.251953,-12311.618164,18567.435547,0.877018,-0.333046,-0.346295,0.100000,0.020000,1,0.290810
36.898212,13.360918,-0.501268,835.655029,-477.407898,-74.217438,-49162.886719,28627.710938,3604.833984,0.736245,-0.317535,-0.597590,0.100000,0.020000,1,0.672361
34.417999,14.971389,0.194045,-454.373718,-286.549744,-673.645813,22062.033203,14346.552734,34167.714844,0.871817,-0.266863,0.410756,0.100000,0.020000,1,0.863403
33.634987,15.244940,-0.214282,10.304132,-2.194847,234.605499,-2604.376709,-163.252487,14122.558594,0.979881,-0.199564,0.002782,0.100000,0.020000,1,0.182975
34.715984,14.620828,-1.920604,120.081100,-67.886086,-493.915558,9400.846680,-5943.950195,-39765.964844,0.972583,-0.194460,0.127546,0.100000,0.020000,1,0.969031
34.443611,14.778080,-0.472137,-700.638184,405.479706,-141.427765,-15988.107422,19534.714844,-50045.578125,0.977006,-0.193632,-0.089249,0.100000,0.020000,1,0.538190
33.912254,15.084860,-0.204986,28.961342,-10.566814,-25.148113,-9744.409180,5520.723145,10933.162109,0.848243,-0.226324,-0.478813,0.100000,0.020000,1,0.355155
34.434689,14.783234,0.135969,263.797211,-151.711243,382.868225,17419.220703,-10196.183594,25567.257812,0.961397,-0.174223,-0.212986,0.100000,0.020000,1,0.716046
33.902000,15.394327,0.880564,89.197983,-91.750076,-160.816559,-3623.273682,4459.144531,7557.851074,0.490458,-0.394998,0.776806,0.100000,0.020000,1,0.658748
33.105949,15.550381,-1.333807,-260.571991,184.642914,-202.933884,16057.359375,-10132.691406,12005.604492,0.612634,-0.328754,-0.718749,0.100000,0.020000,1,0.427259
34.000118,15.096117,0.666775,135.306793,-74.571671,-191.326782,-6146.942383,3722.039062,9291.600586,0.733929,-0.265720,0.625093,0.100000,0.020000,1,0.668944
35.874088,13.952193,-1.137775,424.456177,-244.688583,-415.027740,23674.046875,-13754.991211,-16806.720703,0.950206,-0.151286,0.272435,0.100000,0.020000,1,0.652680
31.899895,16.246695,0.406773,-547.596863,358.290527,215.282608,-44145.761719,16961.503906,7304.848145,0.920010,-0.145580,-0.363852,0.100000,0.020000,1,0.907782
33.721462,15.229701,1.717737,-92.998108,55.146698,235.571716,6138.752930,-3441.636719,-15146.420898,0.830464,-0.173847,0.529251,0.100000,0.020000,1,0.192335
34.379528,14.818987,0.287456,285.901886,-163.881714,-256.885193,-12033.141602,7217.016602,9818.074219,0.913633,-0.123243,0.387410,0.100000,0.020000,1,0.258602
34.500160,14.874809,-0.020656,-266.692871,-40.467743,-20.488682,16434.060547,6629.244629,-12139.129883,0.995813,-0.010923,-0.090763,0.100000,0.020000,1,0.429376
33.008904,15.644766,0.808533,66.092072,-26.534576,337.148285,12011.543945,2322.322510,-17874.816406,0.783705,-0.133476,-0.606622,0.100000,0.020000,1,0.846089
31.762987,16.339262,1.777515,-555.480835,324.804626,405.238037,34782.175781,-20111.167969,-23857.435547,0.861035,-0.074708,0.503028,0.100000,0.020000,1,0.518438
34.486794,14.753148,0.797424,-39.534687,23.608759,243.656998,2516.305176,-1628.770508,9516.703125,0.987235,0.016708,0.158392,0.100000,0.020000,1,0.735603
34.375992,14.817121,-0.606071,-152.616074,92.589119,127.803314,7576.750488,-4435.076660,-5901.490234,0.880769,-0.048750,-0.471030,0.100000,0.020000,1,0.082863
34.299549,17.227299,1.285342,-86.553917,674.758301,361.607910,4529.471680,-40441.898438,-21546.853516,0.999620,0.025172,0.011242,0.100000,0.020000,1,0.323392
34.262451,14.882673,0.031421,-47.868176,27.921436,598.949097,-3617.309326,2024.820068,36955.925781,0.964138,0.026138,0.264110,0.100000,0.020000,1,0.690689
33.909782,15.086287,-0.143864,-80.271027,46.713383,-499.282959,-7169.836426,4056.308350,-31227.703125,0.970066,0.031717,-0.240761,0.100000,0.020000,1,0.720744
33.192165,15.655166,-2.199311,-293.158752,156.489182,-452.934998,17714.050781,-9276.201172,26855.873047,0.667635,-0.190088,-0.719813,0.100000,0.020000,1,0.855769
34.426079,14.788202,0.430070,129.800858,-48.096909,-85.948303,-851.429199,-4999.004883,-2798.835205,0.757238,-0.094497,0.646267,0.100000,0.020000,1,0.848224
34.242050,15.237382,0.756647,-24.950657,44.819202,-37.258339,1354.179443,-2234.012207,1716.375244,0.565177,-0.277332,0.776957,0.100000,0.020000,1,0.004282
34.628441,14.801727,-0.193041,-541.788574,83.681946,-393.817261,23232.255859,-1317.504150,20476.646484,0.933240,0.091079,-0.347516,0.100000,0.020000,1,0.801745
34.641304,14.826820,0.238073,-63.729836,-116.229576,-144.053589,1052.734009,3365.951416,5227.023438,0.976982,0.173171,0.124571,0.100000,0.020000,1,0.917659
32.733574,15.765370,2.458729,-299.958984,173.469833,618.604126,-44063.839844,25376.455078,31328.841797,0.980246,0.176727,-0.088805,0.100000,0.020000,1,0.414642
32.959896,15.634703,-1.702799,-677.470032,394.962646,-770.399597,37876.652344,-21617.513672,41641.062500,0.789116,0.001072,-0.614243,0.100000,0.020000,1,0.742827
34.648674,15.117290,-0.544758,-265.097961,-259.083374,342.629883,12814.357422,12197.968750,-16822.951172,0.873380,0.102615,-0.476106,0.100000,0.020000,1,0.433949
34.173340,15.837701,-0.389925,-48.844940,192.095764,-33.704674,3403.728271,-12599.100586,2202.905273,0.956988,0.188498,-0.220551,0.100000,0.020000,1,0.775409
36.450802,15.648555,-0.398696,560.446716,267.615295,-146.913696,12120.451172,18223.744141,3693.520508,0.976952,0.211313,0.030191,0.100000,0.020000,1,0.544311
34.275272,15.251492,0.757957,-135.482147,134.929276,-168.855957,-8900.971680,8972.545898,-10371.661133,0.627829,-0.157398,0.762271,0.100000,0.020000,1,0.186338
34.517048,14.942648,0.304350,-14.208572,-5.648187,6.427910,-823.008667,214.588638,103.462959,0.899762,0.130150,0.416521,0.100000,0.020000,1,0.011293
34.562286,14.826875,0.479936,17.855453,-7.064464,20.123322,1095.490479,-68.273285,2293.377930,0.937669,0.230647,0.259959,0.100000,0.020000,1,0.421173
33.674870,15.424064,1.005951,-103.200104,97.983902,-42.889923,-11245.321289,7409.681152,-363.233887,0.770994,0.054192,0.634532,0.100000,0.020000,1,0.595364
34.949951,14.501230,-2.009849,261.494690,-146.281158,-525.615662,1171.090820,-807.488770,-20373.583984,0.847827,0.156673,0.506600,0.100000,0.020000,1,0.971932
35.455086,14.201497,0.839445,225.676178,-128.054688,266.326782,17784.460938,-10424.338867,21688.398438,0.895753,0.257447,-0.362418,0.100000,0.020000,1,0.518349
34.430851,15.174285,-0.087246,39.715012,-26.961655,180.979736,2468.090332,-1164.989502,13798.906250,0.687904,-0.034217,-0.724995,0.100000,0.020000,1,0.026721
34.730042,14.612710,0.329332,-726.447144,420.203461,226.447678,-45667.359375,25527.658203,14157.904297,0.873567,0.272532,0.403245,0.100000,0.020000,1,0.198901
35.522217,18.633148,0.273103,98.895126,1285.173462,122.691162,-7540.937012,-74397.468750,-5364.715820,0.772907,0.154003,0.615546,0.100000,0.020000,1,0.472670
34.133247,14.957271,-2.166608,-29.345345,33.263134,-326.171204,1682.569824,-4379.831055,-26046.488281,0.788751,0.175907,-0.589006,0.100000,0.020000,1,0.927659
34.640110,15.787683,-0.321136,-29.239288,255.929306,-117.869629,1634.829834,-15745.211914,7154.747559,0.912129,0.378242,0.157970,0.100000,0.020000,1,0.044195
33.351734,15.425426,-2.117084,-340.220032,201.562347,-687.821289,-30454.892578,17698.449219,-30516.830078,0.920819,0.389930,0.006832,0.100000,0.020000,1,0.308107
34.134907,15.060494,0.788797,-39.065506,23.088707,-272.437988,-4597.923828,2449.355225,-15821.609375,0.818606,0.267186,0.508425,0.100000,0.020000,1,0.746831
34.702629,15.598426,0.184043,8.529938,269.620483,171.260193,-2307.068359,9612.800781,6343.183594,0.884432,0.381584,0.268650,0.100000,0.020000,1,0.752828
35.096306,14.445216,-0.490276,-11.915005,20.203341,-219.144409,991.637146,-216.866699,-14091.413086,0.824348,0.310032,-0.473637,0.100000,0.020000,1,0.480286
34.822136,14.617541,-0.326338,-117.843140,67.092194,122.366455,-7124.914551,3906.826660,6744.931641,0.899754,0.424351,-0.101823,0.100000,0.020000,1,0.056598
34.513168,14.926443,0.763046,-220.998322,134.443085,-27.092014,-13765.198242,7842.354004,-1421.742188,0.640764,-0.020792,0.767456,0.100000,0.020000,1,0.254883
34.678368,14.757062,-0.180703,-195.060638,118.737656,-34.897240,-12751.426758,7648.425293,-2042.438354,0.859714,0.449684,-0.242232,0.100000,0.020000,1,0.126495
34.889091,15.166780,0.265834,40.166275,39.860764,2.989062,2922.373047,4191.666504,-163.726685,0.808823,0.442590,0.387195,0.100000,0.020000,1,0.544436
34.440067,14.948907,0.839833,-70.927658,42.705627,-203.838318,-4981.129883,2387.547607,-12180.171875,0.657831,0.095619,0.747071,0.100000,0.020000,1,0.121086
34.943806,14.698393,0.189839,-155.022186,94.235962,-229.847992,-9479.965820,5896.069824,-14221.233398,0.830605,0.540501,0.133991,0.100000,0.020000,1,0.677824
34.700359,14.732359,-0.085478,450.354065,-257.285675,76.026047,27422.607422,-15892.151367,5618.037109,0.829641,0.547346,-0.110036,0.100000,0.020000,1,0.964441
35.846474,14.022333,-1.177335,302.315125,-161.114990,-248.386505,23103.964844,-13023.015625,-20713.126953,0.830449,0.556266,0.030369,0.100000,0.020000,1,0.587018
35.004616,15.486268,-1.193027,604.973755,-310.417938,-397.852234,-30741.861328,13562.337891,22208.587891,0.797569,0.470539,-0.377461,0.100000,0.020000,1,0.185289
34.856316,14.539804,-0.807225,-243.775238,142.562607,356.890198,-15447.636719,6821.290527,21532.976562,0.715879,0.344384,-0.607386,0.100000,0.020000,1,0.649815
35.413448,14.409589,-0.620531,274.145813,-185.997101,-78.750671,-15290.115234,10381.198242,4462.816406,0.752351,0.458991,-0.472541,0.100000,0.020000,1,0.767526
34.882195,15.018043,-0.088453,-69.978073,-149.101196,-66.851608,3580.223389,6691.706055,3000.794434,0.786732,0.569967,-0.237044,0.100000,0.020000,1,0.549454
34.290947,15.534615,-0.527826,-72.648941,78.974686,38.522339,-5732.599121,7134.198242,3045.564697,0.658061,0.101304,-0.746119,0.100000,0.020000,1,0.064730
34.697979,15.221753,0.475464,-18.541164,11.938629,-138.339813,-1347.278564,2070.962646,-9173.439453,0.693954,0.324942,0.642527,0.100000,0.020000,1,0.782117
34.494354,15.010959,-0.325843,321.530884,-431.370361,192.330231,18525.773438,-26205.964844,12050.996094,0.754938,0.562735,-0.336746,0.100000,0.020000,1,0.359017
34.932751,14.838426,0.073721,-22.735241,-19.773006,-69.148293,-959.681274,-307.566864,-2282.986816,0.761988,0.582981,0.281969,0.100000,0.020000,1,0.350368
34.488735,15.781675,-0.963912,163.247742,55.090073,-138.844315,9620.333984,6780.216309,-10016.837891,0.648528,0.200384,-0.734341,0.100000,0.020000,1,0.119395
34.689640,14.722051,0.542778,15.924047,15.345522,-379.881012,350.705780,494.883148,-23680.638672,0.717857,0.461326,0.521401,0.100000,0.020000,1,0.324940
35.123634,14.966506,0.040851,-251.745422,185.245743,46.803658,-15476.662109,12636.191406,3108.278564,0.733218,0.679979,0.004423,0.100000,0.020000,1,0.622251
36.365841,16.282631,2.152750,533.033264,333.138977,444.461426,15973.164062,10326.273438,13201.919922,0.632866,0.224662,0.740951,0.100000,0.020000,1,0.455517
34.908321,14.907742,0.415031,-8.598331,-4.988047,-31.957108,1999.241455,4556.145508,9343.808594,0.697689,0.590603,0.405484,0.100000,0.020000,1,0.105889
33.444984,15.354639,2.107311,-360.349426,302.975861,419.681854,2100.664062,-21282.736328,67209.109375,0.712308,0.690299,0.126901,0.100000,0.020000,1,0.710281
34.761967,14.594277,0.370375,16.527161,61.228966,38.987213,-12590.210938,-7625.354004,3278.253906,0.713552,0.693116,-0.102141,0.100000,0.020000,1,0.838971
35.406120,15.117093,-0.922314,132.298279,-21.500637,-104.628998,-8035.842285,431.936646,6305.983398,0.656913,0.478388,-0.582761,0.100000,0.020000,1,0.865183
35.286789,14.738281,-0.484414,84.345322,-29.129585,-3.288486,6658.230957,-2215.123047,-511.547699,0.671472,0.584727,-0.455214,0.100000,0.020000,1,0.797207
35.019753,15.016056,-0.263828,-20.966042,38.346893,131.338593,-4188.145508,3669.662842,5458.130859,0.623936,0.332643,-0.707144,0.100000,0.020000,1,0.694728
35.513588,14.434576,0.041335,116.682648,-55.412964,-36.566246,9229.342773,-4991.360840,-3133.992432,0.663528,0.699933,0.264244,0.100000,0.020000,1,0.936805
35.044289,14.747341,0.323611,-209.632812,142.249023,125.430161,-12995.549805,8523.981445,7396.053711,0.634983,0.592480,0.495746,0.100000,0.020000,1,0.651043
34.721989,14.617360,2.167972,85.992477,-49.509792,531.482666,4497.892578,-4675.546387,11767.763672,0.646327,0.728474,-0.227126,0.100000,0.020000,1,0.620774
35.331524,14.999796,1.066502,107.466431,-26.346535,105.904938,-6557.511719,1109.508423,-6626.644043,0.608854,0.471894,0.637663,0.100000,0.020000,1,0.845110
35.419960,14.826386,0.201102,-115.838501,-94.902618,-16.777847,4894.020996,4747.638184,-552.156372,0.619080,0.706079,-0.343792,0.100000,0.020000,1,0.657360
34.695938,15.079726,0.728811,7.060779,-5.659902,-21.646248,21064.302734,1851.231323,-240.640259,0.588213,0.324942,0.740552,0.100000,0.020000,1,0.335599
35.799809,16.377935,1.413851,179.733215,338.153931,278.621765,14247.928711,27734.800781,22062.031250,0.590631,0.712280,0.379225,0.100000,0.020000,1,0.431992
35.292374,14.998825,-0.104310,-136.645538,-52.656601,-155.248993,-8329.867188,-2660.946045,-9893.306641,0.547786,0.831709,-0.090503,0.100000,0.020000,1,0.405976
35.368530,14.914037,0.043004,43.021011,0.125627,-3.707022,3333.556396,285.000641,-627.843262,0.540808,0.827342,0.151767,0.100000,0.020000,1,0.618123
36.726681,16.116209,1.032380,432.313568,332.477081,279.263123,16097.503906,8182.271973,11847.515625,0.546037,0.837377,0.025356,0.100000,0.020000,1,0.072969
34.616234,15.584394,-0.446335,-99.134819,113.890167,71.601906,-3147.203125,8380.336914,-2427.131348,0.554877,0.574967,-0.601269,0.100000,0.020000,1,0.163526
34.844231,14.585503,-0.185227,-355.010986,216.699036,310.878174,-23558.060547,12358.568359,20630.003906,0.532294,0.703228,-0.471309,0.100000,0.020000,1,0.846320
34.362190,14.893536,-1.339020,-278.414001,-266.692352,-466.657776,-8308.465820,-12964.099609,-19182.373047,0.519632,0.819255,-0.242495,0.100000,0.020000,1,0.941325
34.893528,15.045997,-0.676981,-135.215820,-119.841019,165.853455,-8633.650391,-7324.272461,10308.061523,0.534740,0.464269,-0.706051,0.100000,0.020000,1,0.455748
35.427097,15.327260,0.393013,58.973267,52.472092,-12.954529,5006.021484,5004.018555,-1088.856201,0.511077,0.694574,0.506328,0.100000,0.020000,1,0.680724
35.276894,14.979125,0.181392,-66.366745,4.477316,24.241592,-4088.900146,608.660400,1239.591675,0.473653,0.835864,0.277458,0.100000,0.020000,1,0.836320
34.895042,15.174570,0.592681,83.519180,-75.143066,2.986229,4676.803223,-3898.891113,264.534119,0.497630,0.590617,0.635244,0.100000,0.020000,1,0.345795
35.255035,15.094394,-0.348904,8.354050,132.423004,-153.988434,553.989563,9058.829102,-9843.865234,0.449992,0.820307,-0.352993,0.100000,0.020000,1,0.664833
36.318897,14.963583,-1.708171,293.243958,-103.352058,-631.563599,-17540.746094,5162.919922,37221.515625,0.410454,0.816211,0.406605,0.100000,0.020000,1,0.215219
35.230873,14.323552,-0.300216,-20.704554,13.646968,25.028009,-2315.725586,-2443.625732,792.333740,0.381603,0.918353,-0.104916,0.100000,0.020000,1,0.720975
36.249535,14.947098,-0.331493,231.377136,-76.192810,-102.375580,-13973.747070,3814.242676,6061.937500,0.377206,0.925972,0.017086,0.100000,0.020000,1,0.443487
34.906952,15.137202,-1.112258,-9.992756,-29.509060,-93.508759,808.898987,1170.925781,5975.572266,0.452874,0.550968,-0.700956,0.100000,0.020000,1,0.538172
34.962502,14.991021,-0.294717,135.116013,-64.901535,-130.766113,7291.535645,-4088.224121,-7761.317871,0.383968,0.802738,-0.456268,0.100000,0.020000,1,0.147439
35.351025,15.557569,-1.388376,4.508302,108.537445,-353.671753,162.982178,8907.584961,-26374.257812,0.361732,0.901826,-0.236348,0.100000,0.020000,1,0.915487
34.804646,15.739413,-2.135694,-179.842041,121.532257,-530.248413,-5821.991211,3280.269287,-10071.338867,0.352803,0.927049,0.126925,0.100000,0.020000,1,0.752988
35.171669,15.504339,-1.729182,35.761135,91.979156,-289.515625,2316.461670,7859.637695,-23241.628906,0.404777,0.692007,-0.597731,0.100000,0.020000,1,0.029728
34.726978,14.694832,0.242347,612.857178,-329.483643,131.508972,36060.675781,-22032.392578,8254.090820,0.340244,0.897565,0.280377,0.100000,0.020000,1,0.154095
34.675636,15.662388,0.474967,-122.317719,71.261337,21.220730,-9657.542969,7128.187500,923.442505,0.392893,0.664870,0.635283,0.100000,0.020000,1,0.621931
35.439056,14.860552,0.066776,11.507713,-40.733910,-134.574112,1492.260498,-3263.432617,-10159.462891,0.348267,0.783636,0.514416,0.100000,0.020000,1,0.283817
35.422848,15.263455,-0.380109,-126.354828,2.799965,41.629555,-7798.582031,1057.684570,2382.512451,0.267142,0.895713,-0.355436,0.100000,0.020000,1,0.320669
36.053440,15.189188,1.102653,263.392792,-38.621338,235.881927,-15007.010742,1571.201416,-13885.242188,0.264391,0.891155,0.368700,0.100000,0.020000,1,0.798880
35.065598,15.049763,-0.622197,-9.557213,7.306134,22.073265,3507.967529,-1741.311890,-7962.239746,0.306226,0.746145,-0.591180,0.100000,0.020000,1,0.081617
35.593296,15.104938,-0.225401,82.183640,44.270889,4.335403,-4440.264160,-2279.072998,122.275078,0.199001,0.973665,-0.111247,0.100000,0.020000,1,0.789520
34.544765,14.719679,-0.548960,-67.621811,109.963394,-76.806084,-11568.494141,-8064.778320,-7262.702148,0.199773,0.979837,0.003334,0.100000,0.020000,1,0.556144
36.609898,16.251194,1.957188,421.016541,467.029694,508.114471,15740.928711,11639.726562,19762.277344,0.197630,0.969470,0.145156,0.100000,0.020000,1,0.505679
35.192478,15.550111,-0.773234,-46.167755,48.469376,-137.652649,-4033.711670,4930.271484,-11007.374023,0.182579,0.953072,-0.241493,0.100000,0.020000,1,0.984032
35.113377,14.715096,-1.395732,7.505598,-107.248169,-259.848572,357.093201,-8391.534180,-19585.105469,0.322271,0.636145,-0.701043,0.100000,0.020000,1,0.096849
35.089851,16.824499,-1.079816,-88.579285,319.921997,-177.765991,-6782.182129,27329.667969,-13981.456055,0.205878,0.861838,-0.463519,0.100000,0.020000,1,0.914011
35.231281,14.503420,1.214823,-582.208252,338.480347,228.359650,-35478.710938,18971.781250,16530.542969,0.443390,0.435675,0.783322,0.100000,0.020000,1,0.071635
35.525719,15.591419,1.163650,-161.329559,126.512207,29.455750,-8983.997070,9944.019531,4308.366211,0.259977,0.724223,0.638681,0.100000,0.020000,1,0.230576
34.914143,15.038651,-0.405184,33.176792,-112.297882,22.033119,-165.204010,-7544.478027,1006.973633,0.140021,0.927544,-0.346490,0.100000,0.020000,1,0.502725
34.767040,15.475324,-0.977099,-147.963898,-22.689932,-299.814575,-12329.360352,-53.324104,-24000.013672,0.130254,0.956085,0.262555,0.100000,0.020000,1,0.338927
34.963814,15.201878,0.628732,13.506384,26.963516,81.110397,565.584961,2098.438721,4847.976562,0.366425,0.526524,0.767141,0.100000,0.020000,1,0.259243
34.997761,15.407171,0.689294,36.645828,-99.359024,18.652958,1778.590698,-5120.017090,1281.896606,0.300993,0.608153,0.734543,0.100000,0.020000,1,0.571466
34.197567,16.688353,-0.200597,-283.705414,383.093079,-172.368317,-22841.404297,30570.339844,-13635.215820,0.162203,0.846413,0.507223,0.100000,0.020000,1,0.042060
35.315262,15.299447,0.521623,1.471230,53.069687,-231.855499,-493.126282,3817.944336,-13968.560547,0.100412,0.910788,0.400477,0.100000,0.020000,1,0.559899
35.485870,15.559946,0.091829,157.238800,-63.603729,5.945747,9599.766602,-2634.113037,660.391113,0.010947,0.999599,0.026105,0.100000,0.020000,1,0.303284
35.579063,14.630033,-0.325938,148.779816,-69.235535,64.482788,10348.814453,-6771.620605,4930.107422,0.129779,0.798423,-0.587945,0.100000,0.020000,1,0.972804
35.022408,16.068871,-1.109958,-145.480042,159.125351,-264.630554,-5018.066406,5275.148926,-7895.404785,-0.010216,0.975298,-0.220657,0.100000,0.020000,1,0.872442
35.917862,15.932151,-0.366147,105.925964,76.538391,-53.262939,8146.580078,7656.220215,-4436.329590,-0.017454,0.992548,-0.120599,0.100000,0.020000,1,0.495020
35.131363,15.398344,-0.744947,4.521894,-8.296433,94.593994,-141.216934,355.790131,5488.059570,0.197694,0.690303,-0.695988,0.100000,0.020000,1,0.439608
34.136265,15.387192,0.028857,-207.447021,156.321991,-160.229340,-18119.992188,10577.927734,-12302.631836,0.122281,0.782065,0.611083,0.100000,0.020000,1,0.833668
35.121197,14.515697,0.187256,-229.854858,171.743683,19.747402,-15806.726562,7801.216309,130.390182,0.055681,0.862852,0.502380,0.100000,0.020000,1,0.379267
35.904537,15.806872,-0.283024,115.038269,-126.856308,-37.463840,9173.666992,-5674.827148,-1727.259277,0.043359,0.875297,-0.481638,0.100000,0.020000,1,0.943692
35.475800,15.630777,0.284972,-45.933899,-201.399353,211.158203,-3198.914551,-11206.291016,13539.453125,-0.022364,0.965542,0.259284,0.100000,0.020000,1,0.631718
35.062843,15.479289,0.241795,47.919907,-45.791924,-33.470421,872.002686,-2118.284424,-1710.028320,-0.059772,0.985172,0.160825,0.100000,0.020000,1,0.405193
35.192398,15.286191,0.654468,-0.150831,-2.843755,1.952096,-81.475952,120.647179,86.484383,0.181923,0.654995,0.733407,0.100000,0.020000,1,0.326933
35.467293,15.486199,-0.359407,-0.969333,-13.055704,24.083157,-340.676056,-154.069016,1400.910645,-0.071585,0.927909,-0.365869,0.100000,0.020000,1,0.213777
35.532940,15.891278,-0.054163,22.474373,44.763794,-112.683624,383.818573,5433.026367,-7807.162598,-0.103160,0.911918,0.397195,0.100000,0.020000,1,0.284831
35.624702,15.623173,0.159665,31.049965,-15.702711,8.925352,2015.676147,-21.258102,711.197754,-0.170257,0.975768,0.137437,0.100000,0.020000,1,0.997182
35.689060,15.549261,0.069740,31.343307,-22.206881,5.353367,2263.121826,-751.339050,587.147888,-0.177004,0.984147,0.011167,0.100000,0.020000,1,0.352397
35.614201,15.802868,-0.188004,-619.899536,-250.516846,-34.603752,-39147.343750,-14122.492188,-2648.453857,-0.180742,0.979847,-0.085049,0.100000,0.020000,1,0.120320
35.230312,14.825336,-0.473326,8.331553,41.009308,-6.803318,-248.385574,487.215149,-188.771790,-0.021667,0.809250,-0.587065,0.100000,0.020000,1,0.728271
35.152905,15.509923,-0.496080,-33.166779,-67.863419,-7.647253,-3554.435791,-3694.063721,-783.824280,-0.100284,0.877557,-0.468869,0.100000,0.020000,1,0.843206
35.131062,15.315256,-0.649717,145.899109,-31.330116,95.823669,8582.610352,-1879.633789,6048.280273,0.073649,0.691736,-0.718385,0.100000,0.020000,1,0.740727
35.365334,15.492206,0.578102,-73.281403,15.905201,-40.017410,-4784.010254,1566.507812,-2449.570557,-0.045412,0.784046,0.619039,0.100000,0.020000,1,0.702647
36.100914,14.033122,-0.069548,633.759521,-301.693909,4.970276,21915.150391,-13318.475586,2698.274414,-0.234555,0.936169,0.261862,0.100000,0.020000,1,0.980028
34.804699,15.497066,-0.497675,255.629883,-23.609921,104.607910,12769.823242,-1357.559937,5398.972656,-0.243350,0.941848,-0.231739,0.100000,0.020000,1,0.478311
35.261845,14.723968,-0.504128,110.745728,-34.878265,-118.572601,5661.967773,-5348.787598,-8282.951172,-0.241662,0.906523,-0.346144,0.100000,0.020000,1,0.983125
34.947521,15.667068,0.602184,-19.024857,-28.449528,-19.291946,-2539.915283,-349.020721,-1513.930664,0.050578,0.665982,0.744251,0.100000,0.020000,1,0.752667
35.493851,15.757326,0.412108,-21.253330,-49.081612,-21.755783,-1665.468628,-2090.306885,-1100.988403,-0.276763,0.881029,0.383655,0.100000,0.020000,1,0.766084
35.271076,15.775041,-0.269095,18.650702,42.821190,348.664307,-388.050476,3577.649902,20759.136719,-0.358616,0.932906,0.032887,0.100000,0.020000,1,0.401510
36.345615,14.593797,-1.288227,306.566223,-305.712524,-219.797440,11283.622070,-7929.337402,-9741.658203,-0.183073,0.793426,-0.580483,0.100000,0.020000,1,0.744073
36.305962,15.944201,-0.300447,209.735657,21.688110,-32.093658,16089.074219,2885.239502,-2443.675049,-0.364556,0.904419,-0.221645,0.100000,0.020000,1,0.483009
35.331444,16.354128,-0.516417,-11.400299,122.112305,-96.635040,1413.520020,-8177.950684,5974.316895,-0.382658,0.917763,-0.106231,0.100000,0.020000,1,0.446423
35.274132,15.791785,-0.422470,126.123734,-4.811954,-50.956055,-6112.582031,-829.976990,1969.871948,-0.059888,0.709198,-0.702461,0.100000,0.020000,1,0.800944
35.392494,14.230244,0.735295,229.984680,-46.411888,23.418602,467.210022,-19458.353516,560.896362,-0.162004,0.762851,0.625949,0.100000,0.020000,1,0.607713
35.756065,15.613953,0.678100,136.195160,-63.688744,69.098892,-7555.880371,2770.694092,-3950.896484,-0.183101,0.816114,0.548117,0.100000,0.020000,1,0.101423
34.732807,17.108797,0.301390,-207.910004,380.073822,204.887543,2548.372070,19001.021484,15317.608398,-0.282495,0.833261,-0.475260,0.100000,0.020000,1,0.307804
35.722542,16.379881,0.432836,106.305878,215.842285,5.756802,7061.418457,16807.763672,1650.009644,-0.407377,0.902748,0.138165,0.100000,0.020000,1,0.450676
35.652092,15.624463,0.290746,-508.186096,41.685478,-220.022369,-31908.005859,2669.005615,-13714.629883,-0.392953,0.877279,0.275627,0.100000,0.020000,1,0.015262
35.079395,15.471366,0.615972,60.078827,-32.474846,45.772858,2765.272217,-1800.896729,2712.691650,-0.064806,0.682691,0.727828,0.100000,0.020000,1,0.369640
35.238953,15.434347,0.425599,1.110786,-109.888046,-181.771912,713.859192,5843.972656,9162.715820,-0.301352,0.811652,0.500407,0.100000,0.020000,1,0.142208
35.400974,16.278046,-0.408743,65.103607,206.966827,-159.111008,-1247.003784,-18177.585938,5046.482910,-0.407867,0.845493,-0.344654,0.100000,0.020000,1,0.702505
35.206154,15.460123,0.104422,-45.477142,-63.636246,-40.556396,3295.654541,3702.649414,2645.981689,-0.415965,0.832053,0.366962,0.100000,0.020000,1,0.086635
34.472576,14.761358,-0.220249,77.328056,73.249985,-13.141706,-7138.000000,-24686.212891,-335.895203,-0.547899,0.825804,0.133617,0.100000,0.020000,1,0.679923
37.600086,16.797014,1.143795,622.648254,218.003372,388.001129,36274.355469,9278.914062,17103.123047,-0.552300,0.827071,-0.104486,0.100000,0.020000,1,0.800286
35.423740,15.321079,0.227547,-14.321487,-204.155518,55.930740,-1776.549683,-14779.604492,4361.303223,-0.559587,0.828163,0.031750,0.100000,0.020000,1,0.724837
34.958858,15.364120,-1.137704,-168.793091,-209.246475,-293.403870,-3028.682617,-4543.341797,-8079.842773,-0.550710,0.799714,-0.239115,0.100000,0.020000,1,0.839647
35.236591,15.569970,-0.715935,-8.114044,87.429947,137.190735,-1063.978149,5687.841797,8354.417969,-0.200714,0.674036,-0.710907,0.100000,0.020000,1,0.944137
35.356834,15.931539,-0.670748,-206.643188,49.253052,140.763489,-13471.919922,4356.687012,8368.160156,-0.343303,0.718494,-0.604905,0.100000,0.020000,1,0.372149
35.651314,14.897971,-0.371459,280.652710,-110.184448,-23.732338,18193.419922,-10372.883789,-1306.726196,-0.459679,0.758843,-0.461358,0.100000,0.020000,1,0.196214
35.554031,16.029043,0.156431,-586.236511,121.583252,141.840088,-37168.164062,8672.616211,8562.212891,-0.558302,0.782244,0.276394,0.100000,0.020000,1,0.729089
34.368301,15.735783,1.786946,-149.855713,165.791840,434.806213,-13939.556641,10865.005859,32529.453125,-0.342025,0.696633,0.630651,0.100000,0.020000,1,0.216358
35.638477,15.871003,0.357812,-42.101063,-79.933929,73.922714,-2151.671143,-4453.704102,4287.180664,-0.464559,0.733662,0.495907,0.100000,0.020000,1,0.188545
35.173870,15.945648,0.369175,-188.383423,204.400909,46.219803,-13523.234375,13518.128906,3092.018311,-0.553526,0.750032,0.362024,0.100000,0.020000,1,0.540129
35.135353,15.645140,0.687951,146.998978,136.575378,-72.626503,8382.389648,9086.849609,-4471.608887,-0.196523,0.653568,0.730909,0.100000,0.020000,1,0.593335
35.618832,15.993250,0.098209,-326.578796,-32.484364,-47.586685,-20379.255859,-1297.037598,-1241.835205,-0.567389,0.741748,-0.357602,0.100000,0.020000,1,0.172654
35.313652,15.889123,-0.421233,69.396095,53.570404,-228.785187,3747.927002,3948.037109,-14019.979492,-0.465409,0.670984,-0.577213,0.100000,0.020000,1,0.651060
35.521626,16.232170,0.037625,-62.877991,-73.706596,-25.500511,-4246.202148,-3421.629150,-1456.524292,-0.702226,0.711953,0.001097,0.100000,0.020000,1,0.203314
35.145908,15.686933,-0.019807,-38.036392,-128.214691,-1.574273,-4232.431152,-9141.833008,144.920593,-0.700815,0.708074,-0.086542,0.100000,0.020000,1,0.622073
34.210342,16.555710,2.490260,-339.773041,111.608772,746.467041,-7946.001953,-2043.894043,35822.832031,-0.699520,0.704281,0.121075,0.100000,0.020000,1,0.989370
35.374332,15.701583,-0.564154,391.654297,-292.748352,263.114258,24667.787109,-18267.539062,16877.466797,-0.329543,0.638901,-0.695131,0.100000,0.020000,1,0.270239
35.209759,16.791559,-1.074413,21.578001,164.232452,-190.389709,129.759552,14328.805664,-14723.280273,-0.572018,0.670760,-0.472098,0.100000,0.020000,1,0.214792
35.249813,16.266188,0.265580,28.720774,-245.556030,-162.515625,530.136353,-14120.588867,-10099.636719,-0.687025,0.681635,0.251737,0.100000,0.020000,1,0.925025
35.629543,15.696445,0.407642,163.097717,-76.094681,-74.939178,11130.335938,-5016.435059,-5402.672852,-0.443838,0.638559,0.628690,0.100000,0.020000,1,0.415069
35.338295,17.171034,0.001226,304.647583,418.734253,-216.915100,16029.754883,15956.605469,-13916.936523,-0.709458,0.663561,-0.237393,0.100000,0.020000,1,0.589563
34.787907,15.719396,1.078556,87.712196,137.014832,545.870605,2349.362061,2096.884033,23724.570312,-0.587462,0.630273,0.507587,0.100000,0.020000,1,0.916253
34.890064,15.645452,-0.237924,-104.770691,-180.318771,15.503700,-3315.437256,-3919.646484,-835.908447,-0.692655,0.635065,-0.341938,0.100000,0.020000,1,0.609492
35.239532,16.332359,0.279574,-62.542755,-89.225174,-162.415924,-5038.986816,-4113.061523,-10513.933594,-0.694782,0.611568,0.378500,0.100000,0.020000,1,0.298373
35.069386,15.904955,0.679507,475.663330,-144.486359,-201.583862,28834.578125,-8190.881348,-12634.488281,-0.346206,0.592163,0.727657,0.100000,0.020000,1,0.844487
36.518745,17.038631,-1.773515,368.359985,265.377991,-340.780426,19743.583984,15975.911133,-15263.734375,-0.572653,0.591751,-0.567363,0.100000,0.020000,1,0.586662
35.389584,16.177464,0.661080,72.365326,-43.559406,216.033340,1423.373779,612.215820,6681.026367,-0.810481,0.570201,0.134134,0.100000,0.020000,1,0.290490
34.393932,16.357389,0.478615,-110.526886,166.219147,70.599197,-11629.715820,11593.465820,6785.500488,-0.821659,0.563287,-0.087088,0.100000,0.020000,1,0.845768
35.402981,15.984076,-0.064847,29.985737,97.188065,217.617157,-8316.758789,586.215332,-15072.485352,-0.827530,0.560845,0.025432,0.100000,0.020000,1,0.246875
35.006733,15.832150,-0.660587,-30.556396,-27.168907,-25.438557,2502.443604,1199.632080,1350.874390,-0.441524,0.563319,-0.698375,0.100000,0.020000,1,0.906644
34.741287,16.448776,0.444868,-6.218796,129.167755,57.514046,-1410.435059,-13692.460938,11709.986328,-0.568895,0.555321,0.606611,0.100000,0.020000,1,0.569366
33.807949,15.145082,-0.307832,-88.082733,131.442856,10.745334,-7781.149414,-15863.454102,-5248.616211,-0.702395,0.545968,-0.456685,0.100000,0.020000,1,0.682165
35.187366,16.250360,0.037996,2.219025,-2.446022,67.521637,-1102.995728,488.949493,5227.714844,-0.814320,0.539717,-0.213513,0.100000,0.020000,1,0.436334
35.145275,15.923675,0.711072,-100.303497,-78.529877,17.232918,-5744.879883,-1702.504395,-970.251221,-0.682644,0.524891,0.508416,0.100000,0.020000,1,0.660616
36.466381,17.640902,0.335231,400.680756,505.563660,217.971344,8340.843750,9240.723633,3060.971191,-0.800551,0.489641,-0.345500,0.100000,0.020000,1,0.376064
35.159271,16.035616,0.412816,42.293350,-59.287872,148.400543,1454.666504,-4109.528809,10059.558594,-0.825856,0.493243,0.273264,0.100000,0.020000,1,0.375743
35.114704,14.918385,0.403886,11.212662,-397.296021,44.519836,3804.967041,-22825.468750,5288.793457,-0.801679,0.448607,0.395047,0.100000,0.020000,1,0.358590
34.194515,16.375834,1.183678,-279.593353,123.290062,165.475983,-8561.096680,3462.443359,3834.588379,-0.450285,0.507000,0.734979,0.100000,0.020000,1,0.885272
35.053429,15.899912,-0.947019,32.722832,-43.053574,-100.607544,771.013306,-3234.622070,-8162.124023,-0.688573,0.451083,-0.567795,0.100000,0.020000,1,0.311594
35.030090,16.566998,-0.113436,102.070824,-226.624237,220.681763,4911.142578,-12832.929688,14235.452148,-0.892949,0.400071,-0.206363,0.100000,0.020000,1,0.180697
35.548721,16.791517,0.063635,89.629852,77.338089,37.331787,6269.224121,7224.416016,3006.788574,-0.911434,0.398672,-0.101727,0.100000,0.020000,1,0.894881
35.343842,16.333824,-0.078628,-199.614197,106.317886,177.260376,-12841.393555,7111.881836,10727.609375,-0.918040,0.394931,0.035091,0.100000,0.020000,1,0.783345
35.406338,15.347917,-0.583293,86.149490,-221.697906,-368.128998,3018.179688,-5631.494629,-11036.689453,-0.648346,0.439465,0.621706,0.100000,0.020000,1,0.056171
35.079449,16.416451,-0.542834,-106.265625,148.605728,153.701065,-7899.252930,10567.751953,9127.989258,-0.796959,0.404679,-0.448433,0.100000,0.020000,1,0.686863
35.149601,16.457335,0.169988,-146.707367,-24.534111,-403.590118,-10216.658203,-556.929382,-25716.384766,-0.890136,0.379767,0.251861,0.100000,0.020000,1,0.868101
35.197159,16.428761,0.173523,120.034470,-669.647949,-695.230042,6759.901367,-41455.683594,-43704.656250,-0.910439,0.387558,0.144569,0.100000,0.020000,1,0.029301
35.077900,15.718289,-0.648438,36.228149,7.336193,-71.596970,1460.826050,1001.908936,-4197.137695,-0.219121,0.555317,-0.802253,0.100000,0.020000,1,0.019586
36.170143,16.485323,-0.298457,372.650024,4.321654,-72.017960,13787.616211,329.123474,-2339.479980,-0.782464,0.383465,0.490616,0.100000,0.020000,1,0.814912
34.765141,15.259517,0.959442,-20.073528,-229.990631,59.344631,216.898926,-6412.610352,1293.091797,-0.536513,0.435133,0.723058,0.100000,0.020000,1,0.923281
35.531773,16.359642,-1.313498,105.203232,48.746353,-163.913300,7629.125488,4945.543945,-13130.671875,-0.548364,0.432565,-0.715670,0.100000,0.020000,1,0.925221
35.073509,16.131199,0.656041,119.851959,80.875031,92.301178,6567.889648,4685.695312,7135.555176,-0.872333,0.308927,0.378944,0.100000,0.020000,1,0.637501
34.963345,16.375776,-0.283983,59.562599,-51.430191,-59.440193,2285.884277,-2680.056641,-3600.497070,-0.882727,0.308899,-0.354082,0.100000,0.020000,1,0.876749
34.119045,16.908566,0.100324,506.361938,-82.596077,-417.131500,27056.982422,-2778.583252,-26467.248047,-0.957448,0.248162,0.147341,0.100000,0.020000,1,0.637946
35.087528,16.448803,0.106100,-36.765579,-21.712759,2.929745,-3198.009521,-892.669617,512.005249,-0.968002,0.249047,0.030776,0.100000,0.020000,1,0.680083
34.041344,15.285939,-1.625796,-232.660767,-300.297211,-292.315247,-17020.281250,-9828.212891,-18969.542969,-0.753969,0.312936,-0.577583,0.100000,0.020000,1,0.360707
37.093567,16.669254,-1.589143,610.943237,61.286987,-297.212524,20354.144531,5443.010254,-16886.292969,-0.839607,0.272868,-0.469684,0.100000,0.020000,1,0.758184
35.030914,15.728510,-1.294376,-14.653820,-107.674957,-164.802277,-1896.014282,-7914.238281,-13175.468750,-0.617143,0.364144,-0.697520,0.100000,0.020000,1,0.381491
34.925472,16.322405,-0.227418,204.702057,250.024231,542.651367,11511.870117,15652.347656,33746.175781,-0.971436,0.206183,-0.117480,0.100000,0.020000,1,0.007538
35.214100,16.292923,0.537923,-78.775070,-80.433594,-76.497162,-5055.666992,-4831.051758,-4434.205566,-0.840475,0.230310,0.490468,0.100000,0.020000,1,0.304494
35.815380,17.099743,-0.620967,238.771759,158.749222,-117.574875,8515.420898,8032.750977,-1699.446777,-0.927790,0.184432,-0.324331,0.100000,0.020000,1,0.280275
35.064499,16.101858,0.588518,47.705269,-92.331390,69.540588,515.092957,-5473.649902,6205.196289,-0.948610,0.175125,0.263573,0.100000,0.020000,1,0.299387
35.179890,16.450769,-0.258606,-120.199493,8.528645,50.890999,-7799.033691,939.366455,2981.646729,-0.958757,0.173754,-0.224931,0.100000,0.020000,1,0.667503
34.298985,17.259670,2.159663,-177.846588,263.636902,468.696533,-15145.238281,21447.777344,36215.140625,-0.718073,0.288010,0.633578,0.100000,0.020000,1,0.207692
35.796268,15.743670,0.710175,228.801666,-113.578705,10.451860,16820.537109,-8272.623047,902.304932,-0.612879,0.323102,0.721100,0.100000,0.020000,1,0.277144
34.972889,16.327715,0.486515,401.860657,-193.812134,-261.047699,24481.470703,-12223.460938,-15925.160156,-0.909178,0.140989,0.391812,0.100000,0.020000,1,0.099323
36.529625,15.998432,-2.296106,343.225220,109.827332,-511.192352,13429.937500,7298.837891,-15117.013672,-0.881266,0.111956,-0.459168,0.100000,0.020000,1,0.954120
35.022896,16.559128,0.622729,-103.085281,44.304886,81.397156,-6912.893066,3323.035156,7162.731445,-0.987814,0.029598,0.152799,0.100000,0.020000,1,0.648195
34.860565,16.558559,-0.008604,-10.684811,-15.337076,17.971409,-1756.746948,-494.035431,1014.420166,-0.999469,0.023815,0.022225,0.100000,0.020000,1,0.884347
35.080612,15.423738,0.714790,55.023773,-230.133728,417.684784,1523.536499,-4480.530762,9713.939453,-0.694553,0.225758,-0.683103,0.100000,0.020000,1,0.713146
34.524151,16.400494,0.474775,665.873901,-204.418121,117.175888,39383.890625,-12057.691406,7061.923828,-0.771194,0.170123,0.613448,0.100000,0.020000,1,0.220717
34.951927,16.708696,-0.216340,42.933197,48.272263,8.402892,2082.349121,4215.530762,449.985535,-0.975867,0.013580,-0.217944,0.100000,0.020000,1,0.880094
34.927567,16.508793,-0.143832,-92.801788,213.047516,115.702255,-6583.254395,13703.442383,7120.596191,-0.993841,0.004497,-0.110723,0.100000,0.020000,1,0.787989
33.991169,15.385075,-0.653617,440.548004,-149.569885,68.440063,22949.138672,-12901.811523,3852.968262,-0.784496,0.159875,-0.599171,0.100000,0.020000,1,0.221358
34.829849,16.648243,0.377397,-19.406891,-102.815445,-146.251770,-2273.377197,-5557.277832,-8679.269531,-0.962510,-0.005895,0.271184,0.100000,0.020000,1,0.606058
35.207745,16.043661,-0.784342,200.080444,-80.482132,-328.172424,13083.523438,-6185.952637,-25939.375000,-0.854683,0.063696,0.515228,0.100000,0.020000,1,0.057185
35.146194,16.183676,-0.247255,6.973452,-11.018139,185.334442,815.436951,-1667.077148,11919.601562,-0.942945,-0.026107,-0.331924,0.100000,0.020000,1,0.354372
34.958103,16.022972,0.723666,13.213429,-43.045647,7.754120,40.163250,-2972.980957,767.952454,-0.653961,0.210997,0.726509,0.100000,0.020000,1,0.287393
34.833439,17.345888,-0.291072,-13.998211,255.825989,37.768600,-1901.906494,20570.136719,3296.946045,-0.824586,0.051031,-0.563431,0.100000,0.020000,1,0.583548
34.748463,16.803322,0.129450,-14.994087,-250.193756,-30.924820,-1950.307861,-14469.228516,-1919.015991,-0.983095,-0.124326,0.134414,0.100000,0.020000,1,0.572693
34.738216,16.638123,-0.012907,13.263554,-38.425266,-42.108704,-196.258301,-1810.094238,-2308.828369,-0.985853,-0.129305,-0.106646,0.100000,0.020000,1,0.537905
35.289127,16.187920,-1.065043,118.413429,-63.866135,-122.927475,2204.030273,2438.584473,-7230.684570,-0.715568,0.115393,-0.688946,0.100000,0.020000,1,0.454733
35.154400,16.714985,-0.889377,31.185913,51.903793,-380.265106,8288.192383,5183.339355,-25630.669922,-0.921059,-0.073367,0.382448,0.100000,0.020000,1,0.023821
35.801888,16.775951,-0.280766,340.785522,71.404823,-47.126892,20128.306641,2601.508057,5398.520020,-0.966881,-0.147472,-0.208311,0.100000,0.020000,1,0.286397
36.079269,15.201679,0.788923,348.969666,-301.108063,49.309998,26398.970703,-23487.335938,4100.898438,-0.791653,0.013406,0.610824,0.100000,0.020000,1,0.704747
35.259933,16.546467,-0.104074,163.788437,32.712254,83.937782,4327.935059,135.290100,3201.029053,-0.885634,-0.090291,-0.455522,0.100000,0.020000,1,0.241359
33.848637,16.074373,-0.884845,-300.995422,-75.910828,-341.718964,-12298.166016,-54.573242,-9349.173828,-0.955198,-0.163535,0.246685,0.100000,0.020000,1,0.973800
34.983131,15.083243,1.056326,264.074860,-77.273010,229.859161,16849.402344,-10833.553711,18921.419922,-0.983233,-0.182355,0.000473,0.100000,0.020000,1,0.080283
34.750233,16.336399,0.329519,43.474808,269.943207,101.702057,1833.677979,16879.845703,5919.736816,-0.862720,-0.095344,0.496612,0.100000,0.020000,1,0.798773
34.745831,16.133047,0.603243,-55.342453,344.265930,725.263184,3622.427002,-17143.935547,-36141.046875,-0.689827,0.091121,0.718217,0.100000,0.020000,1,0.887710
35.295921,16.861376,0.933171,209.280411,70.118927,240.056152,-11538.555664,-4599.340332,-15388.264648,-0.917019,-0.199338,-0.345457,0.100000,0.020000,1,0.669371
33.259926,15.461480,1.054297,-100.518082,164.723114,150.834396,-16671.011719,-10027.957031,9079.660156,-0.900329,-0.212641,0.379725,0.100000,0.020000,1,0.596378
34.528393,16.428841,-1.169854,78.948654,116.925476,-318.744385,-3161.812500,-5574.977539,19165.017578,-0.949700,-0.312557,0.019418,0.100000,0.020000,1,0.766351
34.834198,16.331459,-0.533242,99.508972,-409.904541,114.981110,5686.291016,-25467.097656,7621.487793,-0.727258,-0.025233,-0.685900,0.100000,0.020000,1,0.038394
35.177364,17.761780,-0.119738,166.653870,363.830994,95.798447,11859.821289,28585.183594,7307.713867,-0.855767,-0.224682,-0.466026,0.100000,0.020000,1,0.019034
34.418243,16.699703,-0.082181,222.324860,-192.285980,86.469238,12489.507812,-11408.305664,5555.810547,-0.932879,-0.340741,-0.116753,0.100000,0.020000,1,0.711633
35.513218,17.000376,0.672556,252.388794,123.169632,158.968597,18966.330078,9767.188477,12345.532227,-0.930818,-0.340773,0.132105,0.100000,0.020000,1,0.197994
33.654583,15.963736,0.093996,-255.576080,-187.941940,146.722534,-10486.144531,5398.213867,11930.820312,-0.798743,-0.134126,-0.586532,0.100000,0.020000,1,0.183865
35.017643,16.353178,0.103658,148.002396,-31.733723,-81.433823,3562.016357,-912.724487,-2546.096680,-0.837507,-0.237083,0.492314,0.100000,0.020000,1,0.424073
34.517666,16.553493,-0.149343,389.356079,-114.553879,-36.435028,23492.917969,-7030.766113,-2022.978271,-0.908683,-0.342733,-0.238388,0.100000,0.020000,1,0.061296
34.910778,15.558933,-0.144585,85.584511,-217.236511,-218.844879,5207.076172,-16471.267578,-17098.310547,-0.703951,-0.037534,0.709256,0.100000,0.020000,1,0.920167
34.388660,16.607101,0.359529,-1.080589,-74.784988,75.875702,-1591.152710,-4273.436523,5287.614258,-0.892707,-0.363971,0.265707,0.100000,0.020000,1,0.826123
34.390018,16.616501,0.751793,-47.972961,54.900307,42.720352,-5078.736328,4703.370605,3504.241211,-0.770440,-0.158153,0.617584,0.100000,0.020000,1,0.169344
35.474144,16.089796,0.153096,286.015259,-109.659607,183.233887,13641.713867,-15785.300781,21.667633,-0.862454,-0.361241,-0.354511,0.100000,0.020000,1,0.671293
34.248501,16.329311,0.312817,-21.893524,-82.462776,1.974545,-4164.598145,-1502.746094,-501.475922,-0.859930,-0.365117,0.356666,0.100000,0.020000,1,0.792314
35.198383,15.825836,-2.547295,88.746475,-80.287689,-484.290955,6088.124512,-5973.891602,-38208.070312,-0.583645,0.163734,-0.795330,0.100000,0.020000,1,0.026721
34.740803,16.610699,-0.294871,94.193161,40.337505,-43.862717,6670.352051,-947.096436,-504.789673,-0.868031,-0.483635,-0.112340,0.100000,0.020000,1,0.591716
35.534603,16.316071,-2.687669,421.247986,-64.502563,-823.816650,10875.518555,1419.805786,-31263.308594,-0.867264,-0.497568,0.016725,0.100000,0.020000,1,0.959511
34.736141,15.598175,0.106953,235.762238,-146.950226,157.714691,14751.097656,-12469.922852,12589.135742,-0.762500,-0.289270,-0.578719,0.100000,0.020000,1,0.753646
34.810905,16.473755,-0.078043,303.049622,140.906189,-244.263550,19929.292969,8703.906250,-16245.389648,-0.852809,-0.505107,0.132607,0.100000,0.020000,1,0.787207
34.183773,15.960045,0.126962,-41.573654,-149.470764,-79.699219,-4759.474121,-11323.416992,-6372.624512,-0.779592,-0.383067,0.495475,0.100000,0.020000,1,0.279172
31.945869,18.615208,-4.549344,-747.000977,602.708984,-1240.472412,-30896.357422,32227.425781,-38873.558594,-0.794518,-0.398010,-0.458616,0.100000,0.020000,1,0.345137
34.506519,16.360365,1.214304,34.008659,59.210892,176.338104,1743.482422,3170.189209,15263.850586,-0.822639,-0.511113,0.249057,0.100000,0.020000,1,0.875236
37.000500,17.764067,0.005738,822.469971,372.602783,-1.190420,28551.773438,10771.564453,-838.857422,-0.824698,-0.522992,-0.215298,0.100000,0.020000,1,0.512014
35.052242,15.804499,-0.408923,200.872345,-36.097046,-24.881920,13562.183594,-4157.282715,-609.137695,-0.687291,-0.168492,-0.706570,0.100000,0.020000,1,0.666471
34.916527,16.203806,0.497132,107.317970,-31.112640,-30.202679,4526.904297,-5241.325195,-1240.955200,-0.732076,-0.306417,0.608419,0.100000,0.020000,1,0.783541
34.313148,16.475239,-0.286108,-20.035011,-77.066467,17.221008,-2465.728516,-4823.703613,1222.101196,-0.791186,-0.500039,-0.352115,0.100000,0.020000,1,0.728734
34.161972,16.450184,0.282151,135.373581,99.096863,-194.560791,6890.514648,6237.505371,-12471.476562,-0.761378,-0.537532,0.362439,0.100000,0.020000,1,0.808115
35.634014,15.124656,-0.024229,272.919617,-352.558044,-183.337982,19519.544922,-25483.087891,-10876.891602,-0.655610,-0.182954,0.732600,0.100000,0.020000,1,0.265702
34.449524,16.477510,-0.507462,-111.427856,24.501595,35.707890,-7805.308105,2001.914307,2258.988281,-0.709841,-0.423964,-0.562477,0.100000,0.020000,1,0.381722
34.245903,16.585812,-0.090445,166.686188,-65.714966,298.887665,9598.648438,-3773.978516,18434.302734,-0.762845,-0.646425,0.014221,0.100000,0.020000,1,0.886785
34.479477,16.310633,-0.353178,93.437347,-71.919937,-72.802216,1265.978149,248.757080,-3087.841797,-0.757615,-0.646909,-0.086762,0.100000,0.020000,1,0.067417
34.299625,16.408499,-0.383872,-1.820286,3.279517,-21.100845,-1087.124268,175.564102,-1267.899170,-0.712055,-0.546020,-0.441407,0.100000,0.020000,1,0.355386
34.142757,16.391190,0.131896,-62.724991,-421.014038,-34.030685,-5267.969727,-26961.044922,-2127.400879,-0.745522,-0.651529,0.140384,0.100000,0.020000,1,0.229597
33.948685,16.559200,0.328951,-21.034645,79.419678,122.225739,-3431.085693,5378.164551,9857.437500,-0.732079,-0.650220,-0.203161,0.100000,0.020000,1,0.411528
38.800625,12.262558,0.110933,1523.523315,-795.629578,-75.187416,37780.492188,-38269.222656,262.317017,-0.670219,-0.404982,0.621929,0.100000,0.020000,1,0.807670
34.127388,16.450220,0.127218,16.934607,-38.572037,126.506836,18.740973,1944.284058,-6025.101562,-0.713637,-0.649222,0.263121,0.100000,0.020000,1,0.206891
34.337646,16.843355,0.233502,-71.970535,122.763702,-54.017105,4639.381348,-7721.519531,3811.997070,-0.640996,-0.290855,0.710301,0.100000,0.020000,1,0.827155
34.394356,16.411583,-0.620301,9.154530,10.876499,3.637893,402.561157,-942.843567,-231.048004,-0.640652,-0.302101,-0.705903,0.100000,0.020000,1,0.563209
34.102814,16.528801,0.512173,194.713654,-62.798599,-229.666412,10552.099609,-3367.934570,-14222.863281,-0.676525,-0.546258,0.493879,0.100000,0.020000,1,0.436244
33.028778,15.959009,0.956275,-224.448517,129.022125,406.956421,-9100.726562,1876.962891,17767.287109,-0.683218,-0.652836,-0.327138,0.100000,0.020000,1,0.204435
34.118992,16.410076,0.290464,-54.435791,0.047257,-2.368736,-4625.648926,42.650650,-377.760956,-0.640117,-0.666820,0.381578,0.100000,0.020000,1,0.987395
33.905159,16.049873,0.218840,44.423378,25.210529,-92.951721,1051.230103,-45.298855,-5007.690430,-0.645906,-0.763278,0.014560,0.100000,0.020000,1,0.174024
34.916134,16.348835,-1.053215,68.723297,18.074463,-70.951340,4430.156250,1989.548584,-5876.506348,-0.603183,-0.068117,-0.794689,0.100000,0.020000,1,0.678927
33.939293,16.315933,-0.316443,300.717010,-417.240570,102.634109,16605.347656,-26401.212891,7342.690918,-0.617373,-0.532961,-0.578621,0.100000,0.020000,1,0.400300
34.457897,16.132162,0.670538,119.386444,-114.014023,155.971008,397.461914,7613.076172,15076.513672,-0.627234,-0.772864,-0.096219,0.100000,0.020000,1,0.105426
33.999287,16.404287,-0.279819,71.389374,-18.344414,32.604416,3235.144531,-1149.178467,1772.076782,-0.597592,-0.766970,-0.233754,0.100000,0.020000,1,0.890006
33.907677,16.487062,0.650627,25.863289,144.299667,89.171158,-1822.320923,3632.980713,3681.543213,-0.601226,-0.787491,0.135591,0.100000,0.020000,1,0.990616
34.279602,16.400320,0.137208,-136.367279,-194.372192,946.642212,-9480.076172,-11859.910156,58019.863281,-0.580050,-0.539568,0.610253,0.100000,0.020000,1,0.715512
34.193680,16.524757,-0.613169,26.436558,32.602158,-9.864643,869.450134,2772.015869,-1432.048584,-0.585522,-0.664834,-0.463853,0.100000,0.020000,1,0.071990
34.332577,16.452084,0.611425,102.255035,19.993164,33.173737,1092.297607,2783.088867,3453.653809,-0.574194,-0.666457,0.475537,0.100000,0.020000,1,0.515893
33.983654,16.472019,0.182973,152.235306,-352.757721,201.462982,8324.692383,-21902.781250,12454.956055,-0.575092,-0.771713,0.271528,0.100000,0.020000,1,0.643729
33.955048,15.985982,0.784323,173.546234,-55.686768,-200.624969,8321.532227,-4573.733887,-12094.013672,-0.560002,-0.415857,0.716561,0.100000,0.020000,1,0.596502
34.368832,16.502989,-0.773542,184.368408,-90.402573,419.994141,10765.521484,-4635.305664,25949.845703,-0.563980,-0.426631,-0.707045,0.100000,0.020000,1,0.313124
32.879379,16.126575,0.912485,-141.116302,159.816315,137.323975,-14788.540039,9196.368164,11022.021484,-0.528400,-0.756118,0.386108,0.100000,0.020000,1,0.435337
34.276215,16.554155,-0.101088,11.787361,86.232529,49.905365,-619.971313,-4882.968750,-3068.030029,-0.522950,-0.779519,-0.344780,0.100000,0.020000,1,0.826960
35.065571,15.435977,0.086936,190.400085,-47.781448,-12.905859,-11935.959961,4877.370605,464.725952,-0.491722,-0.870458,0.022617,0.100000,0.020000,1,0.480695
34.145203,14.950366,-1.191769,222.918549,-17.636688,-168.822937,-1162.791504,-21136.312500,-8022.741211,-0.497892,-0.648867,-0.575392,0.100000,0.020000,1,0.161319
34.262699,15.909447,-0.373344,57.657753,-76.326248,-38.590904,-3160.294922,4969.883301,2696.278320,-0.466980,-0.878497,-0.100864,0.100000,0.020000,1,0.570024
34.013058,16.245234,0.371629,97.023178,130.077484,-55.538727,5495.819824,7859.244141,-2507.190674,-0.463638,-0.873789,0.146739,0.100000,0.020000,1,0.056385
33.953625,16.366255,-0.538076,86.830719,-148.020996,46.699989,4169.297363,-9007.067383,2463.421387,-0.466299,-0.751420,-0.466833,0.100000,0.020000,1,0.542140
33.983082,16.286541,0.122339,-14.905384,295.611938,618.670837,-1717.265503,18581.718750,38569.835938,-0.442015,-0.857713,0.262584,0.100000,0.020000,1,0.379765
34.473957,15.562799,-0.302171,62.727280,-593.142029,70.279663,5286.174805,-40562.140625,3969.751465,-0.441435,-0.872197,-0.210731,0.100000,0.020000,1,0.501426
36.020683,16.101700,1.026661,533.582092,-18.031174,161.047852,22731.738281,-2782.991455,3710.967041,-0.468489,-0.628524,0.620867,0.100000,0.020000,1,0.479308
34.159550,16.187473,-0.656230,159.076492,132.014175,105.349213,8738.263672,8216.367188,6566.818359,-0.486113,-0.518172,-0.703699,0.100000,0.020000,1,0.866250
34.151974,16.026798,0.316750,-8.917862,23.009062,-40.752373,-979.844482,479.759949,-3106.094482,-0.433299,-0.755441,0.491489,0.100000,0.020000,1,0.094002
34.380833,16.233982,-0.666918,215.855133,-51.822510,-143.407104,12333.877930,-3028.817627,-8853.280273,-0.543276,-0.284096,-0.790025,0.100000,0.020000,1,0.585915
33.963436,16.258606,0.392535,-182.757904,-244.405640,-269.056000,-12328.037109,-15385.031250,-16738.158203,-0.378932,-0.848562,0.369259,0.100000,0.020000,1,0.027326
34.003391,16.177906,-0.341161,-34.015373,6.857529,20.951565,-2689.066650,148.429764,1166.350586,-0.367600,-0.867191,-0.335931,0.100000,0.020000,1,0.795570
36.738338,17.813370,-0.873655,868.908020,457.352112,-143.423889,23587.453125,17720.625000,-1181.675537,-0.384297,-0.733884,-0.560116,0.100000,0.020000,1,0.321167
33.836544,16.055645,0.425116,173.549286,-72.052719,202.424500,8297.442383,-5102.424805,11793.608398,-0.459772,-0.505192,0.730336,0.100000,0.020000,1,0.205147
33.915440,16.109262,-0.178951,-255.409241,335.765411,82.377518,-16616.857422,20765.978516,4876.803223,-0.289886,-0.950435,-0.112429,0.100000,0.020000,1,0.447331
34.363537,16.415424,0.432814,168.270081,86.938370,-34.549179,12002.440430,6355.631836,-860.193909,-0.285605,-0.949604,0.129161,0.100000,0.020000,1,0.476567
33.861164,16.240925,0.145325,-165.570923,-83.008041,-0.426418,-11130.163086,-5102.324707,474.747772,-0.281864,-0.959047,0.027953,0.100000,0.020000,1,0.859541
33.606407,18.339108,0.724179,-167.716248,532.339722,107.494957,-8334.439453,13433.240234,-2893.803711,-0.306682,-0.833896,-0.458872,0.100000,0.020000,1,0.890450
33.968166,15.832850,0.698695,77.288757,-13.100403,224.465057,4632.130371,-2289.095459,17855.972656,-0.258228,-0.944482,-0.203153,0.100000,0.020000,1,0.813649
34.030411,16.061275,0.376243,-24.576897,33.212261,-51.189728,-2034.104248,1655.579590,-3515.949707,-0.294675,-0.819569,0.491399,0.100000,0.020000,1,0.566928
32.602875,16.197052,0.503461,-195.438477,148.983246,43.675110,-18428.416016,9559.284180,3522.658203,-0.250325,-0.901098,0.354061,0.100000,0.020000,1,0.231590
33.541847,16.221952,0.324031,-34.307877,23.517807,6.636780,-3207.595215,1200.795288,829.626221,-0.244221,-0.934158,0.260201,0.100000,0.020000,1,0.874898
32.607925,15.837914,0.360572,-73.901672,76.527153,-109.485161,-3601.866699,-6221.875000,-5447.803711,-0.384384,-0.584309,0.714725,0.100000,0.020000,1,0.941183
34.256943,16.266193,-0.518987,51.545502,169.352325,-71.225861,-2283.743896,-8763.570312,3240.737061,-0.382040,-0.598123,-0.704482,0.100000,0.020000,1,0.089945
34.059059,15.995348,0.415748,-223.538269,-508.479553,69.434013,11693.963867,25865.408203,-3081.900391,-0.330226,-0.713027,0.618501,0.100000,0.020000,1,0.054641
33.697384,16.695684,-0.665137,4.970629,151.355438,-69.890671,692.578064,-9063.041992,4462.973145,-0.228727,-0.911629,-0.341491,0.100000,0.020000,1,0.160536
33.616959,16.163643,0.136320,118.533325,-147.832336,-30.309879,6086.079590,-9108.130859,-1407.588257,-0.152772,-0.988116,0.016956,0.100000,0.020000,1,0.434874
33.300903,15.797088,-0.433569,-68.551788,66.176865,40.019394,-7863.816895,2853.191650,2814.977783,-0.242805,-0.795015,-0.555875,0.100000,0.020000,1,0.627838
33.478298,15.656110,-0.160499,15.104988,-0.442104,125.964447,-1020.940369,-1853.763428,6749.341309,-0.135599,-0.980754,0.140482,0.100000,0.020000,1,0.777686
35.289139,16.806650,0.214451,413.175079,215.483948,296.460602,10354.210938,5496.454102,5322.966797,-0.291624,-0.659849,-0.692499,0.100000,0.020000,1,0.255345
33.249832,15.712601,-0.940549,-300.113708,-200.674011,-253.458435,-12317.869141,-9362.066406,-13248.958984,-0.147598,-0.867200,0.475583,0.100000,0.020000,1,0.444234
35.331947,15.622678,-2.039414,464.294312,-107.426361,-659.339478,14796.008789,-2673.479248,-20941.841797,-0.084245,-0.960502,0.265216,0.100000,0.020000,1,0.447455
33.611031,16.205149,-0.106433,-29.484268,18.175430,11.817017,-3222.138428,1814.519653,1103.462646,-0.082242,-0.973737,-0.212303,0.100000,0.020000,1,0.815571
33.617142,16.051140,0.026837,-51.035446,-186.157166,-604.561523,-4488.257324,-11736.488281,-37637.531250,-0.077334,-0.991065,-0.108670,0.100000,0.020000,1,0.327413
33.522133,15.310097,0.858687,25.490437,44.150723,0.000000,-8720.241211,-7524.396973,930.289062,-0.198489,-0.764644,0.613125,0.100000,0.020000,1,0.638302
33.847118,16.673344,-0.103165,78.271767,210.520081,69.224846,-3392.473877,-12226.131836,-4335.005371,-0.129795,-0.873319,-0.469539,0.100000,0.020000,1,0.188794
33.642059,16.861525,0.717936,26.442093,442.467926,252.862640,-703.792969,-24596.630859,-14565.551758,0.039955,-0.999129,0.011996,0.100000,0.020000,1,0.899472
33.584137,15.621902,-1.403038,-32.125977,93.937157,-132.842209,3223.092285,-3599.220459,8813.831055,-0.169707,-0.724688,-0.667852,0.100000,0.020000,1,0.841782
33.827354,15.983574,-0.190051,18.619129,135.382370,-36.677017,264.011627,3498.576172,6850.584473,-0.088292,-0.816205,-0.570976,0.100000,0.020000,1,0.255915
33.242523,15.932537,0.464996,-63.899704,60.560455,15.385349,-7010.164551,3635.374268,1487.935303,-0.022630,-0.925762,0.377428,0.100000,0.020000,1,0.100568
33.710270,15.937817,-0.218180,99.495544,-200.356659,-183.838638,5308.211914,-12805.934570,-11197.238281,-0.015951,-0.937026,-0.348895,0.100000,0.020000,1,0.212425
33.530548,15.825644,0.162463,78.313164,-50.807083,5.191692,3521.802246,-3659.675781,524.942871,0.057458,-0.990179,0.127455,0.100000,0.020000,1,0.857335
33.774677,15.164288,0.010336,341.778015,-196.524551,-457.486450,21026.417969,-15950.480469,-28516.986328,0.067971,-0.993323,-0.093221,0.100000,0.020000,1,0.091208
33.987061,16.004993,0.708182,-38.007866,18.758148,-19.840416,21106.570312,14504.019531,-1303.539062,-0.247060,-0.627205,0.738631,0.100000,0.020000,1,0.120463
33.178902,15.508261,-1.176262,-77.549011,121.251686,-502.782623,6073.894531,-4868.303223,29500.814453,-0.007787,-0.880799,0.473425,0.100000,0.020000,1,0.903280
33.512581,15.775451,-0.457814,118.807236,-43.505913,171.313110,-4674.982910,2630.215088,-8456.930664,0.001214,-0.887069,-0.461636,0.100000,0.020000,1,0.778006
33.801590,15.850877,-0.760458,12.320230,35.407600,-159.371796,466.672699,1976.006348,-12458.960938,0.076073,-0.975585,-0.206024,0.100000,0.020000,1,0.559934
34.307346,16.326971,-0.721556,271.658600,-609.336670,-255.583740,16803.078125,-37429.082031,-16198.058594,-0.315773,-0.539458,-0.780559,0.100000,0.020000,1,0.810677
33.847630,16.052414,0.635809,171.402893,-602.588318,-364.541412,9850.346680,-37654.613281,-22633.650391,-0.061454,-0.795038,0.603438,0.100000,0.020000,1,0.670759
33.481102,16.361305,0.879033,-103.055542,133.572540,144.540466,-10458.447266,12002.646484,11647.964844,0.104961,-0.963569,0.246004,0.100000,0.020000,1,0.371953
33.530514,15.677427,-0.115764,-222.497467,190.071243,-495.717773,12103.761719,-8999.099609,24313.943359,0.118750,-0.939575,-0.321088,0.100000,0.020000,1,0.743343
34.379658,18.079088,1.140245,147.079132,586.166748,132.100586,-7820.125000,-35023.550781,-7918.397461,-0.133560,-0.673959,0.726596,0.100000,0.020000,1,0.887034
33.661602,15.229573,-0.890599,103.662209,-16.878582,-94.751297,-16202.059570,9829.710938,-4831.937500,-0.049555,-0.743606,-0.666779,0.100000,0.020000,1,0.732969
33.511211,15.316403,1.110014,67.940445,-16.908245,252.595078,5438.223633,-8416.260742,10524.664062,0.147985,-0.913718,0.378445,0.100000,0.020000,1,0.265968
33.227257,16.486063,1.100919,-144.390961,173.329224,163.832855,-12464.180664,13495.689453,12717.412109,0.046636,-0.807067,0.588615,0.100000,0.020000,1,0.429002
33.615807,15.893644,-0.627212,36.205368,-132.133057,75.592903,604.226257,-8222.400391,4334.956055,0.060571,-0.813756,-0.578042,0.100000,0.020000,1,0.424091
33.520111,15.503813,0.169829,-3.034283,7.683357,-19.406307,-1431.768921,-581.998962,-631.139343,0.254591,-0.966562,0.030668,0.100000,0.020000,1,0.485909
32.813316,15.944473,0.700837,-137.021606,89.539139,65.485626,-13330.198242,6260.902832,5292.846191,0.163981,-0.868278,0.468192,0.100000,0.020000,1,0.800018
33.606586,15.593737,-0.725717,-35.835670,42.007812,-105.041046,-3619.086914,1974.475952,-8077.041504,0.175338,-0.877479,-0.446416,0.100000,0.020000,1,0.968390
33.788464,15.841963,0.078954,-105.047256,-36.527981,817.718933,-6855.611328,-1937.261353,51047.507812,0.248700,-0.939019,0.237471,0.100000,0.020000,1,0.249260
33.649990,15.297303,0.076008,24.108366,4.572937,-130.745193,811.802429,-1596.164673,-7540.375488,0.264000,-0.958851,-0.104446,0.100000,0.020000,1,0.129218
34.420177,14.974761,0.341859,501.396118,-256.708191,207.248627,34150.910156,-19412.636719,14034.323242,0.268965,-0.954880,0.125945,0.100000,0.020000,1,0.150126
33.028931,15.924903,-0.093434,-117.880592,62.211994,75.731506,-2419.810059,815.638062,4038.997803,0.267423,-0.940840,-0.208098,0.100000,0.020000,1,0.357041
33.642757,15.926393,0.305610,-78.655670,49.647552,4.091203,-5937.262207,4121.603516,118.154900,0.297384,-0.878031,0.374999,0.100000,0.020000,1,0.323409
33.654282,15.628109,-0.104799,-3.799038,9.034421,30.244949,-1127.244995,328.111115,2799.631348,0.305195,-0.885034,-0.351526,0.100000,0.020000,1,0.784128
34.173428,15.854682,0.557933,34.982414,14.770239,-1.134182,2277.814209,833.755066,-504.103485,-0.013219,-0.681835,0.731386,0.100000,0.020000,1,0.797652
33.746128,15.978588,0.060955,-412.354187,-977.658325,-483.869019,-26275.062500,-60192.695312,-30415.740234,0.402353,-0.914855,0.033947,0.100000,0.020000,1,0.402079
33.863396,15.583523,-0.450112,-196.399689,25.616341,-27.764420,-12540.803711,1325.362305,-1986.150513,0.323967,-0.839667,-0.435896,0.100000,0.020000,1,0.009176
34.199238,17.618816,1.279251,155.169662,549.155884,330.205322,4497.459473,14345.303711,9096.345703,0.430653,-0.897247,-0.097395,0.100000,0.020000,1,0.275186
33.695541,15.779465,0.136459,25.174526,-505.158936,-229.577423,1100.509155,-31072.066406,-14396.839844,0.429619,-0.894183,0.125951,0.100000,0.020000,1,0.467901
33.412464,15.619203,-0.412270,-110.287598,16.232346,58.758648,-8431.348633,2871.939941,693.861450,0.206200,-0.782719,-0.587225,0.100000,0.020000,1,0.002200
32.120132,16.479372,-0.569081,-305.216858,189.617157,-174.091888,-26810.933594,15417.217773,-15231.510742,0.310813,-0.812395,0.493366,0.100000,0.020000,1,0.838028
32.843884,15.905697,-0.237816,-147.254578,104.328308,10.570415,-13411.816406,7954.368652,525.390076,0.428862,-0.874788,-0.225441,0.100000,0.020000,1,0.339531
33.340660,15.537965,0.049541,-22.477264,50.279247,-23.701218,-3487.433105,3035.157715,-2246.183838,0.432864,-0.865149,0.253271,0.100000,0.020000,1,0.398004
34.219021,15.603107,-0.560536,92.402008,-67.632576,46.237873,2943.527100,-637.907715,-2.705078,0.120038,-0.709170,-0.694744,0.100000,0.020000,1,0.045192
33.928230,16.065527,0.791494,19.450260,137.702393,102.677048,892.059631,10178.702148,7451.602051,0.219225,-0.754672,0.618394,0.100000,0.020000,1,0.721793
33.838226,15.774839,0.403409,12.891352,20.326454,45.534821,706.467529,2137.801514,3238.347900,0.421254,-0.836805,0.349718,0.100000,0.020000,1,0.790783
32.993732,15.659846,-0.906913,-159.266602,35.704926,-152.764832,-12348.465820,5067.438965,-8517.681641,0.427741,-0.836131,-0.343398,0.100000,0.020000,1,0.132438
33.237526,15.717452,0.027183,3.621292,41.001350,7.879311,-3411.947266,2349.783203,-2114.513672,0.110924,-0.683823,0.721167,0.100000,0.020000,1,0.242818
34.295322,15.733324,-0.362584,-154.384033,272.093170,-504.065857,-7765.069336,18297.236328,-32942.195312,0.544630,-0.832302,-0.103206,0.100000,0.020000,1,0.509985
36.752529,15.628718,-0.411856,621.726074,216.049561,-49.315186,51506.441406,14358.409180,-4893.122070,0.554649,-0.831937,0.015662,0.100000,0.020000,1,0.124235
33.714310,15.293070,0.359774,130.357101,-70.330269,-276.570892,7753.177734,-5039.930664,-16395.318359,0.569501,-0.813650,0.116805,0.100000,0.020000,1,0.240024
33.658604,15.700912,0.470799,113.050140,-18.826530,316.101074,4598.907227,-2159.303955,24917.322266,-0.115728,-0.597984,-0.793109,0.100000,0.020000,1,0.052950
34.159744,15.109568,-0.362504,-310.095001,45.385971,410.967102,-18554.781250,1165.819580,26182.558594,0.452059,-0.761268,-0.464880,0.100000,0.020000,1,0.612268
34.785000,15.575245,2.919093,390.363281,49.846436,838.277893,24829.812500,-6301.063965,34537.589844,0.568182,-0.787883,0.237507,0.100000,0.020000,1,0.884809
31.636339,18.519274,-1.770527,-697.548218,808.392639,-352.501770,-20924.515625,39635.101562,-7030.227539,0.228135,-0.682938,-0.693938,0.100000,0.020000,1,0.695476
34.588963,15.864318,-0.537673,114.221069,-20.514568,339.472992,-7374.931152,232.058029,-16940.439453,0.369696,-0.725630,-0.580332,0.100000,0.020000,1,0.059641
33.201595,15.495159,0.963847,-74.039810,125.198853,79.827019,-16508.726562,-7344.256836,4223.279785,0.472950,-0.744429,0.471322,0.100000,0.020000,1,0.305401
33.726639,15.438601,-0.100085,-177.309723,-150.006805,5.494244,12487.589844,4993.957520,-1322.438477,0.597300,-0.775443,-0.204746,0.100000,0.020000,1,0.358109
34.984406,16.265951,0.193048,283.104980,96.059280,-142.381180,-17579.488281,-9591.074219,10769.074219,0.373244,-0.708110,0.599391,0.100000,0.020000,1,0.189167
33.898895,15.377805,-0.550751,-118.929672,-50.224823,336.775757,-7445.878906,-3289.026367,20239.150391,0.575041,-0.744343,-0.339532,0.100000,0.020000,1,0.741083
33.536293,15.394259,0.240240,1370.542725,-786.979187,461.692169,84972.726562,-49646.093750,28709.558594,0.584998,-0.716414,0.380168,0.100000,0.020000,1,0.515715
34.385395,15.279943,-1.331336,177.160751,-73.029755,-274.841400,1919.907227,-1117.891846,-7579.277344,0.465306,-0.671417,-0.576793,0.100000,0.020000,1,0.111530
34.044666,15.327159,0.077732,-448.116394,-320.672913,433.335449,-27656.638672,-20085.824219,26732.798828,0.685994,-0.683339,0.249917,0.100000,0.020000,1,0.446263
34.867886,14.533126,-0.920726,432.867889,-246.896561,162.037323,16037.514648,-11593.858398,13085.430664,0.692182,-0.684564,-0.228596,0.100000,0.020000,1,0.731403
32.170715,16.090340,-0.039492,-471.884186,273.599396,6.776924,28233.003906,-15900.967773,77.393486,0.709962,-0.692923,0.125746,0.100000,0.020000,1,0.812581
31.113815,16.729586,1.075812,-760.770752,443.487305,331.619690,45552.328125,-26160.695312,-19738.802734,0.719739,-0.687728,-0.094899,0.100000,0.020000,1,0.816656
33.900330,15.320710,0.853931,-216.107849,143.892776,-369.620056,10980.265625,-8188.159668,30726.265625,0.255800,-0.635581,0.728425,0.100000,0.020000,1,0.289155
33.759907,15.696193,-0.798062,-33.723740,37.871376,-29.664246,-3396.829834,2964.946533,-2590.962891,0.344910,-0.633799,-0.692341,0.100000,0.020000,1,0.259705
33.698925,16.076593,1.136766,-31.014488,149.673706,137.718292,-2499.928223,14653.664062,11455.181641,0.462321,-0.646555,0.606817,0.100000,0.020000,1,0.681525
34.061745,15.375152,-0.486140,-5.680258,-12.537817,-15.720726,104.633682,-681.686218,-1290.044067,0.602591,-0.653002,-0.458772,0.100000,0.020000,1,0.669709
33.541870,15.392909,-0.081742,182.147797,-159.128479,-23.599731,10102.431641,-9479.481445,-1837.333130,0.726152,-0.687532,0.001615,0.100000,0.020000,1,0.173348
33.617832,15.885544,1.422796,-32.641808,138.406311,241.176941,2575.852051,-8385.934570,-14735.610352,0.598838,-0.637786,0.484378,0.100000,0.020000,1,0.897390
35.788654,14.001521,-2.229695,592.639709,-334.197723,-506.410370,36762.695312,-12307.144531,-39370.535156,0.701241,-0.640013,-0.314077,0.100000,0.020000,1,0.618389
33.169415,15.591926,2.132426,-214.351898,132.787537,449.712158,12840.520508,-7548.499512,-27352.587891,0.693442,-0.613327,0.378112,0.100000,0.020000,1,0.406901
34.549381,15.119267,-1.555002,187.506500,-154.204681,-231.503571,-10404.367188,9392.807617,13869.016602,0.119415,-0.606078,-0.786390,0.100000,0.020000,1,0.688500
33.850758,15.381365,0.216002,300.773468,-176.592804,187.159546,17970.089844,-11778.009766,9987.504883,0.357666,-0.592212,0.722052,0.100000,0.020000,1,0.878368
35.432716,14.325592,-2.076202,113.195572,-29.423088,-535.196228,-4854.539062,3710.977051,-18186.265625,0.457439,-0.586369,-0.668521,0.100000,0.020000,1,0.896109
33.495823,15.668123,-0.272236,449.363953,-716.753174,-388.686584,26194.214844,-43801.953125,-23580.189453,0.599506,-0.578164,-0.553461,0.100000,0.020000,1,0.105124
32.747002,15.778262,-0.205019,-264.661713,156.018738,-12.355198,-21699.824219,12533.771484,-1293.672729,0.818119,-0.567844,-0.090748,0.100000,0.020000,1,0.962625
34.164555,14.939194,1.521042,18.808020,-8.506863,34.999779,-4351.434570,1059.632568,-16156.750000,0.827228,-0.560831,0.034107,0.100000,0.020000,1,0.632394
36.035175,13.884504,-0.327054,577.598877,-331.361328,32.182213,-34424.425781,20187.957031,-1782.033203,0.714573,-0.550272,-0.431955,0.100000,0.020000,1,0.270026
36.929157,13.343051,-3.939177,675.638184,-389.882324,-1081.202637,-41850.667969,24309.599609,65099.632812,0.830658,-0.540206,0.134854,0.100000,0.020000,1,0.581929
34.326775,14.845537,-1.150846,-77.451691,52.949886,-351.382751,3379.776367,-514.975220,18790.865234,0.237640,-0.584174,-0.776060,0.100000,0.020000,1,0.593566
33.802212,15.443130,0.650955,495.255249,-600.567078,-49.651787,-24098.453125,29684.800781,2176.326416,0.593069,-0.542379,0.595058,0.100000,0.020000,1,0.453648
33.949551,15.102360,0.754405,-208.621368,132.276276,-355.140717,1944.106445,-1153.689453,14563.875000,0.704620,-0.527665,0.474426,0.100000,0.020000,1,0.663961
33.211105,15.489669,0.468379,-113.566025,65.749229,172.172806,-10435.328125,5653.243164,13683.581055,0.824548,-0.519157,-0.224938,0.100000,0.020000,1,0.309512
34.100296,14.976293,0.042033,128.119522,-69.438530,1532.135498,10017.686523,-5807.883301,-74425.273438,0.817521,-0.513253,0.261210,0.100000,0.020000,1,0.512031
34.216026,16.675901,1.023702,113.119934,348.672913,84.495132,7661.576660,27249.054688,6985.936523,0.468414,-0.545871,0.694703,0.100000,0.020000,1,0.581092
34.999958,14.527171,-3.262436,354.780212,-190.841278,-809.893677,26321.820312,-14994.465820,-62658.117188,0.669813,-0.493577,-0.554737,0.100000,0.020000,1,0.569721
33.409039,15.402173,0.476060,-110.231049,71.757736,22.961754,-12017.260742,7178.858398,2901.069092,0.806121,-0.468993,0.360851,0.100000,0.020000,1,0.029426
32.411518,15.954197,0.012181,-666.657959,385.770325,-31.496048,-30434.386719,17303.990234,-5427.411133,0.816909,-0.472005,-0.331467,0.100000,0.020000,1,0.204826
33.963169,16.847944,-1.391052,114.536926,477.047791,-383.784973,-5558.391113,-28836.578125,23023.777344,0.901688,-0.431847,0.021620,0.100000,0.020000,1,0.545788
33.504032,15.442392,1.199340,-9.063469,-0.037331,46.353912,2049.320068,-592.343079,-4127.600098,0.664924,-0.458417,0.589687,0.100000,0.020000,1,0.314299
33.882210,15.102205,-1.572033,-28.179003,16.394217,-380.276215,-2507.582275,1410.219116,-31082.580078,0.906008,-0.401831,0.132972,0.100000,0.020000,1,0.040974
34.168270,14.937047,0.401006,167.764725,-93.156319,-1091.423828,10180.833008,-7718.723633,-67056.710938,0.913909,-0.393740,-0.098683,0.100000,0.020000,1,0.568494
34.481819,15.354811,-0.658871,-109.137589,-220.746216,81.786888,4357.012695,10368.420898,-3409.633545,0.785946,-0.422138,-0.451761,0.100000,0.020000,1,0.147332
33.190510,16.168142,0.142158,-173.164307,204.870605,191.559631,11200.799805,-12557.264648,-11655.201172,0.557215,-0.465229,-0.687803,0.100000,0.020000,1,0.086493
32.587536,18.068935,0.105666,-322.182495,845.707031,-59.781815,20238.515625,-50341.238281,3920.086426,0.775449,-0.391208,0.495616,0.100000,0.020000,1,0.380565
35.261147,14.306077,-1.385509,441.902924,-255.030289,-350.100067,13680.085938,-7925.809082,-8520.759766,0.909892,-0.357295,-0.210800,0.100000,0.020000,1,0.167387
32.336109,15.994847,-2.001590,-498.124268,287.663269,-669.373413,-1948.309814,1090.960083,-19870.414062,0.905911,-0.351351,0.236385,0.100000,0.020000,1,0.719071
33.543217,15.297922,1.920425,-82.703453,52.571228,438.302917,5756.257812,-2614.316406,-25428.361328,0.564749,-0.445600,0.694621,0.100000,0.020000,1,0.367095
35.009785,14.796165,0.984905,285.528290,-141.145676,172.101700,-16710.226562,7626.286621,-10411.671875,0.871412,-0.339410,0.354178,0.100000,0.020000,1,0.469040
32.966061,15.631145,-0.647326,-243.198944,140.724152,-145.075607,15299.508789,-8792.076172,8214.976562,0.888526,-0.323981,-0.324897,0.100000,0.020000,1,0.256715
35.771271,14.011557,-2.349244,549.885986,-307.790710,-768.454468,12509.425781,-9202.613281,-41166.812500,0.959681,-0.252375,0.123768,0.100000,0.020000,1,0.380957
34.006973,15.168784,0.658153,-109.961945,-54.664803,177.189728,5916.137207,1962.254761,-10630.865234,0.970580,-0.240671,0.007207,0.100000,0.020000,1,0.694532
33.908752,15.086883,-0.689220,-469.731201,275.053802,952.197388,24220.843750,-13989.943359,-46853.855469,0.848633,-0.273992,-0.452494,0.100000,0.020000,1,0.888920
32.486851,15.907815,0.825553,-421.924652,244.809952,263.386749,-34061.914062,19263.400391,20542.039062,0.968971,-0.218995,-0.114616,0.100000,0.020000,1,0.919580
34.248905,15.386891,0.769927,32.970963,29.763077,35.853584,-1819.829956,-1920.868164,-2178.760254,0.619385,-0.366477,0.694303,0.100000,0.020000,1,0.684870
34.994892,14.459801,2.711095,257.237274,-133.191742,629.940918,2576.349609,948.409180,29210.750000,0.733589,-0.307752,0.605917,0.100000,0.020000,1,0.770568
34.304077,15.006829,0.433566,-106.444656,-131.635239,-198.182190,5022.966797,6275.638184,9324.806641,0.947079,-0.211788,0.241219,0.100000,0.020000,1,0.036846
34.379280,14.995264,-0.263106,-222.011353,-201.905457,6.130595,8660.894531,22222.542969,-10956.081055,0.953472,-0.197028,-0.228189,0.100000,0.020000,1,0.529577
33.948536,15.192886,-0.852818,-60.893967,36.483437,-69.813019,3685.240479,-2067.229248,4356.307129,0.743362,-0.313538,-0.590852,0.100000,0.020000,1,0.050975
34.823166,16.367603,-1.315440,-17.786324,259.151703,-356.773621,-777.124695,-16698.611328,22596.810547,0.843510,-0.238678,0.481170,0.100000,0.020000,1,0.138809
34.558807,14.711573,-0.129293,-282.731750,163.884277,-146.704773,-16623.007812,9276.875977,-8575.889648,0.925310,-0.190063,-0.328142,0.100000,0.020000,1,0.142350
33.675274,15.330956,-0.971031,104.688507,-49.079063,157.872559,-3809.669922,2128.097656,-6965.618164,0.629873,-0.345287,-0.695728,0.100000,0.020000,1,0.082863
34.140064,14.953334,-1.138924,-1.301210,1.398943,-410.426025,373.670685,80.313583,22254.630859,0.806885,-0.202856,-0.554785,0.100000,0.020000,1,0.986577
34.294971,15.072772,0.070291,118.285141,-383.372070,51.465729,4676.562012,9659.593750,15311.645508,0.918506,-0.134469,0.371840,0.100000,0.020000,1,0.784039
36.796925,13.946672,0.797478,646.069519,-283.103271,217.901611,-39142.359375,16501.664062,-13282.066406,0.992108,-0.088136,-0.089189,0.100000,0.020000,1,0.192940
34.388214,14.810065,-0.588682,-213.439041,124.363525,331.324310,-13877.089844,7753.878906,23856.119141,0.996262,-0.082527,0.025524,0.100000,0.020000,1,0.181338
34.527126,15.365444,-0.589832,50.194992,42.612289,-38.052505,-3162.959473,-3350.625977,2400.185059,0.883709,-0.129396,-0.449795,0.100000,0.020000,1,0.644387
34.296749,14.917248,0.333099,-167.401611,-228.789490,-457.323639,8390.166992,11134.874023,22324.714844,0.987105,-0.063292,0.147031,0.100000,0.020000,1,0.690404
33.002499,15.621323,-0.818962,-368.425385,216.109116,-410.177673,21970.019531,-12740.566406,23867.781250,0.881341,-0.105336,0.460590,0.100000,0.020000,1,0.318089
34.532845,14.726562,0.094996,-379.309296,219.462051,117.917175,-23217.763672,13297.393555,6912.221680,0.967853,-0.045425,0.247381,0.100000,0.020000,1,0.171711
33.917061,15.390114,-0.936530,-3.141394,7.810729,-31.487938,906.288757,-305.665680,2181.088623,0.424203,-0.444917,-0.788733,0.100000,0.020000,1,0.201357
33.076420,15.969407,-1.076533,-441.642273,126.713921,-389.305206,25333.625000,-8677.413086,20730.011719,0.700317,-0.227956,-0.676455,0.100000,0.020000,1,0.550236
33.989925,15.040017,2.100655,-34.453140,190.287933,518.114990,-25987.441406,-32847.664062,26796.496094,0.785908,-0.160798,0.597070,0.100000,0.020000,1,0.548244
36.577278,13.546207,3.633188,639.365479,-368.223083,1039.635132,37426.628906,-21917.138672,46066.804688,0.976164,-0.028980,-0.215090,0.100000,0.020000,1,0.116014
34.036953,15.012867,-0.256377,198.117966,-107.227760,12.392508,9777.184570,-9284.945312,950.148987,0.946418,-0.026893,-0.321822,0.100000,0.020000,1,0.194239
34.998657,15.269159,0.268708,17.622505,-165.458130,219.215729,-2597.603027,7071.204590,-10838.289062,0.937650,-0.010307,0.347427,0.100000,0.020000,1,0.121245
33.556458,15.290278,0.251500,11.250321,19.486124,0.000000,1447.970215,-1437.725830,1048.485474,0.677811,-0.209315,0.704812,0.100000,0.020000,1,0.880806
34.761925,14.594301,-1.271116,-65.743820,130.251678,-253.475647,-23416.898438,-10895.392578,-13560.068359,0.741906,-0.135780,-0.656612,0.100000,0.020000,1,0.136673
34.398529,15.044064,-0.361753,0.221996,-144.083527,115.759003,402.518555,2562.532227,-7522.691406,0.822796,-0.058982,-0.565268,0.100000,0.020000,1,0.254384
33.975674,15.048244,1.539197,-101.855728,59.316135,178.080811,-8525.348633,4803.345703,17193.910156,0.985820,0.101914,0.133317,0.100000,0.020000,1,0.703430
34.588692,14.694317,0.157102,-191.220551,111.023376,-290.138336,-11636.966797,6578.027344,-17736.904297,0.994318,0.105604,0.013401,0.100000,0.020000,1,0.626504
34.371746,14.819574,1.283684,57.542892,-19.847874,202.537552,-2842.395752,1362.934692,-12151.470703,0.801524,-0.049686,0.595895,0.100000,0.020000,1,0.694212
34.771500,14.588774,0.254460,-1701.295288,986.866394,-72.526733,88307.601562,-51039.562500,27303.017578,0.885126,0.036421,0.463923,0.100000,0.020000,1,0.098540
34.639893,14.664757,1.579796,1.613163,35.506920,545.012390,4413.433594,-10022.073242,23881.761719,0.900833,0.051495,-0.431101,0.100000,0.020000,1,0.131193
37.201660,15.074903,0.949459,856.745117,10.467667,266.284576,-50261.695312,-1454.291260,-16150.397461,0.985513,0.134091,-0.103844,0.100000,0.020000,1,0.809912
34.613567,14.679957,-0.302738,-158.354385,93.914238,395.298584,-10140.939453,4601.538086,24678.626953,0.963108,0.143724,-0.227523,0.100000,0.020000,1,0.738538
33.506428,15.319582,0.022251,-98.658798,57.086853,-68.890251,-10340.601562,5970.537109,-5219.314941,0.956023,0.144805,0.255051,0.100000,0.020000,1,0.675172
34.578453,14.938952,-0.297481,278.046814,-507.648010,77.974823,17869.431641,-31335.765625,4900.016113,0.934557,0.148876,-0.323171,0.100000,0.020000,1,0.381847
34.609627,14.690286,0.087675,-355.643188,207.771820,243.252838,-22061.525391,12722.495117,14304.153320,0.913658,0.157286,0.374821,0.100000,0.020000,1,0.591395
35.921467,14.356005,-0.953914,345.010254,-255.998199,-286.811523,8705.226562,-9000.948242,-9414.740234,0.958998,0.261893,-0.108327,0.100000,0.020000,1,0.274510
34.243458,15.218452,-0.772957,-201.879883,-2.186474,89.485985,10211.252930,193.461121,-4304.679688,0.553660,-0.276516,-0.785493,0.100000,0.020000,1,0.978177
34.624454,14.911244,0.177944,-2.234018,34.759872,-29.441139,15516.666992,57031.363281,-32408.105469,0.932022,0.273654,0.237587,0.100000,0.020000,1,0.829468
35.154854,14.367445,0.047286,169.502365,-72.444443,-30.839001,5942.760742,-7596.047852,-1800.348145,0.946382,0.289998,0.142347,0.100000,0.020000,1,0.040636
34.505669,15.950936,0.223009,56.444908,144.791870,-213.253326,-3131.503662,-9654.160156,11816.662109,0.692550,-0.089363,0.715814,0.100000,0.020000,1,0.018446
34.580482,14.917601,0.561410,-27.418407,16.406998,-19.835781,-1481.795044,1142.286621,-1107.290894,0.804861,0.113629,0.582483,0.100000,0.020000,1,0.712789
34.566967,14.885133,-0.028998,-187.008850,158.845764,290.202454,-9963.847656,8686.512695,19977.066406,0.810992,0.120748,-0.572461,0.100000,0.020000,1,0.292393
35.014454,14.616735,0.485491,146.321655,-65.092987,42.339264,11084.646484,-4915.928711,2955.109375,0.863879,0.200544,0.462055,0.100000,0.020000,1,0.396883
34.368465,15.142276,-0.345817,-132.287598,-293.018616,-160.828430,-9198.386719,-17063.003906,-9934.587891,0.874487,0.204531,-0.439817,0.100000,0.020000,1,0.122011
34.731911,14.748089,-0.125501,-53.621819,60.325630,81.091232,2403.125244,-3091.088135,-4276.209961,0.927116,0.296814,-0.228816,0.100000,0.020000,1,0.629725
34.664333,14.650647,1.095779,22.242361,-4.625220,190.680267,-1665.920288,1206.447876,-10794.090820,0.714889,0.002003,0.699235,0.100000,0.020000,1,0.330669
34.228104,14.902504,-0.310926,77.438133,-37.058102,-322.328186,2040.245605,-5978.858398,-19508.884766,0.731290,0.030321,-0.681393,0.100000,0.020000,1,0.219098
37.234428,13.179174,-1.112768,888.401855,-509.169556,-231.684982,-51438.136719,29576.697266,14634.303711,0.943246,0.331931,0.010381,0.100000,0.020000,1,0.221269
34.761623,15.067656,-0.457206,86.016617,26.707031,2.446976,7454.043945,7226.682617,-3398.425293,0.883787,0.320946,-0.340462,0.100000,0.020000,1,0.405976
35.225571,14.398492,-0.189837,186.962158,-100.651123,-120.467224,14065.219727,-7854.227539,-9798.117188,0.866486,0.334384,0.370662,0.100000,0.020000,1,0.618300
35.293079,15.112130,-0.265788,305.967865,-95.397614,179.632507,9011.233398,-3393.329102,6256.918945,0.593701,-0.178486,-0.784641,0.100000,0.020000,1,0.769732
34.561401,14.718315,-0.378893,-444.870300,259.343079,115.634537,-28397.269531,15829.687500,7791.453613,0.797810,0.248561,-0.549287,0.100000,0.020000,1,0.341506
35.362877,14.434158,-2.496045,166.921844,-132.577850,-711.130249,-9986.687500,7382.678223,41836.261719,0.879195,0.429747,-0.205752,0.100000,0.020000,1,0.246697
34.802986,14.890000,0.020654,6.814426,-26.580528,-17.997267,-435.683716,800.074341,636.442627,0.891322,0.445444,-0.084405,0.100000,0.020000,1,0.484326
33.565048,15.285319,-0.519000,-304.919159,236.525970,-240.792694,-17553.652344,-2063.935547,-9427.332031,0.890368,0.455083,0.011989,0.100000,0.020000,1,0.539044
35.044624,15.191018,-0.606368,95.781830,70.120682,-56.977798,-5665.509277,-4617.307129,3431.265625,0.825307,0.361745,-0.433600,0.100000,0.020000,1,0.617144
34.945953,14.568437,-0.157413,-126.676437,75.870132,105.007462,-7314.747070,4155.801758,5060.110840,0.860269,0.449365,0.240848,0.100000,0.020000,1,0.975437
35.003193,14.528779,0.000332,-232.970337,134.286438,166.051117,-13819.916992,7761.490723,10035.663086,0.876555,0.466543,0.118277,0.100000,0.020000,1,0.909615
34.372082,15.306832,-0.748868,176.683304,-87.813873,-29.001923,9373.799805,-6408.457520,1144.005127,0.715028,0.134528,-0.686030,0.100000,0.020000,1,0.345635
35.165836,14.812679,1.169146,129.530151,-34.045578,129.192047,5253.022461,27.848022,9189.596680,0.761805,0.260795,0.592992,0.100000,0.020000,1,0.471033
33.670582,15.573153,-0.296425,-248.901123,131.737442,-256.997986,14907.604492,-8220.052734,15378.406250,0.700818,0.133419,0.700752,0.100000,0.020000,1,0.950418
34.669613,16.024609,1.255679,3.428715,301.371918,249.097595,41.938499,-18372.554688,-14665.598633,0.787117,0.375577,0.489273,0.100000,0.020000,1,0.590043
34.699532,14.676301,0.190127,-483.926147,293.327271,-197.956223,24481.269531,-14458.093750,10247.290039,0.817939,0.455003,0.352063,0.100000,0.020000,1,0.672965
36.453518,13.617659,-3.714858,529.936218,-298.924866,-1008.240662,20883.169922,-13678.953125,-32266.402344,0.820297,0.459732,-0.340234,0.100000,0.020000,1,0.995189
34.807823,14.567802,-0.140136,-216.976990,130.786621,328.951904,11086.768555,-6162.533691,-16036.933594,0.824071,0.566341,0.012844,0.100000,0.020000,1,0.892906
34.596798,15.018929,0.728627,-28.357590,-20.753700,37.107246,1552.899048,784.306030,-2472.817627,0.722790,0.363997,0.587435,0.100000,0.020000,1,0.101885
34.761456,14.594575,0.691248,-110.586449,67.498962,430.325958,5573.473633,-2684.929443,-24764.230469,0.734977,0.387292,-0.556609,0.100000,0.020000,1,0.941823
34.802822,14.570692,-0.593015,-94.407867,56.795250,547.233887,-6749.753418,1658.057373,33891.476562,0.752937,0.481300,-0.448816,0.100000,0.020000,1,0.937695
34.994678,14.812140,-0.172522,-30.181835,19.005138,-6.150949,-1632.316162,1521.966309,-312.262543,0.780864,0.588033,-0.210875,0.100000,0.020000,1,0.711295
35.444431,15.848137,1.148568,257.382538,196.971466,206.283173,18375.212891,17127.333984,17278.707031,0.788536,0.598043,0.143372,0.100000,0.020000,1,0.249598
35.010014,15.056122,0.021079,-127.608032,-152.352203,2.758204,-7772.506348,-8211.805664,570.146912,0.790026,0.607633,-0.081487,0.100000,0.020000,1,0.500127
34.758320,15.091882,-0.748382,-302.663483,-129.416473,203.782196,-18787.746094,-7540.899414,12320.247070,0.684557,0.252182,-0.683949,0.100000,0.020000,1,0.366988
34.818146,14.646433,0.245038,-54.876045,34.487556,119.425201,-3645.045166,1497.695679,6797.635254,0.737382,0.488120,0.466912,0.100000,0.020000,1,0.057417
34.089611,15.337342,-1.659726,-105.183487,63.945267,-673.028198,-5425.605469,5123.651367,-16282.347656,0.673789,0.251483,0.694812,0.100000,0.020000,1,0.852708
30.818579,16.960600,1.252772,-983.574219,568.808777,341.241882,-79351.234375,45047.730469,28025.732422,0.734388,0.592533,-0.331026,0.100000,0.020000,1,0.035974
35.247730,15.242998,0.056865,236.429810,62.920044,-153.109924,2354.846191,9138.990234,4212.087891,0.710760,0.604107,0.360382,0.100000,0.020000,1,0.406225
34.688065,15.132348,-0.931489,-8.152122,12.870163,-175.684540,-1336.388916,1942.427734,-12888.232422,0.674610,0.487824,-0.554013,0.100000,0.020000,1,0.702842
33.762859,15.293263,1.003417,-426.008911,62.169525,303.268738,2642.992188,14009.831055,15828.351562,0.680306,0.727518,-0.088885,0.100000,0.020000,1,0.970277
34.975655,15.106811,-0.427768,-241.254395,143.206177,-139.717850,-14571.877930,9765.777344,-8082.390625,0.633244,0.390961,-0.667945,0.100000,0.020000,1,0.698643
34.960964,15.022291,0.521992,-483.648987,-150.526184,157.763855,-30289.791016,-8934.903320,9927.867188,0.641546,0.495922,0.585217,0.100000,0.020000,1,0.264509
34.963531,15.041235,0.362615,122.690063,-86.278580,93.724472,7647.033691,-4618.530762,5646.625977,0.648218,0.597335,0.472233,0.100000,0.020000,1,0.067666
34.737507,14.943346,-0.827772,42.069572,-79.172409,-177.671509,1532.855713,-4529.015625,-13031.795898,0.651585,0.621793,-0.434525,0.100000,0.020000,1,0.357877
35.439236,14.650239,0.415665,477.987518,-346.265625,49.892441,26567.740234,-17816.035156,-379.602539,0.668803,0.730422,0.138517,0.100000,0.020000,1,0.251519
35.183449,15.058928,-0.167879,-170.110779,-136.772598,42.797386,-10385.434570,-7519.801758,2793.381104,0.649073,0.731175,-0.209972,0.100000,0.020000,1,0.400139
35.225922,14.673054,1.872961,151.333679,-80.277252,269.186279,11248.144531,-6201.663574,22243.400391,0.621102,0.387360,0.681310,0.100000,0.020000,1,0.890717
35.459843,14.287901,0.561296,18.522438,18.561079,274.488770,2978.436035,-880.531250,18635.566406,0.694333,0.665399,0.274129,0.100000,0.020000,1,0.151941
36.102497,15.372578,0.345756,323.027863,262.431702,68.300919,18995.472656,1986.990234,4791.911133,0.630128,0.734534,0.251793,0.100000,0.020000,1,0.500251
34.536922,15.791035,-0.289738,23.523853,144.929352,93.093704,1116.764893,12286.195312,7598.087891,0.612195,0.151722,-0.776014,0.100000,0.020000,1,0.260381
34.589325,14.693954,0.053169,-55.286194,33.244011,-187.208679,-6050.731445,973.630920,-10493.263672,0.604392,0.733541,-0.310849,0.100000,0.020000,1,0.220806
35.057209,14.726230,0.002225,50.473701,-67.526176,-91.408539,-2299.045410,3547.960693,4580.714355,0.634308,0.773053,0.006462,0.100000,0.020000,1,0.061082
36.748920,14.885747,-0.533098,395.279236,-46.817535,-363.052917,-24172.250000,2234.489746,20452.150391,0.583182,0.735144,0.345632,0.100000,0.020000,1,0.258548
35.220596,14.668709,0.021846,-169.153595,105.530212,6.580995,8404.467773,-4858.218262,-349.218109,0.574268,0.818511,0.015962,0.100000,0.020000,1,0.930061
34.969860,15.524315,-0.596691,8.936916,151.715088,-16.007595,327.925720,12153.650391,-1404.588501,0.566954,0.608263,-0.555499,0.100000,0.020000,1,0.297607
35.897675,15.557409,-1.724335,134.821655,-65.980911,-541.027710,15608.993164,-5600.446289,-35921.300781,0.546935,0.832072,-0.092299,0.100000,0.020000,1,0.700760
35.096870,15.073987,-0.549483,32.364845,0.798042,17.215473,2692.712646,571.006714,1261.696899,0.562889,0.505521,-0.653915,0.100000,0.020000,1,0.456886
35.046150,15.069080,0.309607,-57.929932,-412.363647,-219.318481,-3946.464111,-25301.814453,-14303.214844,0.540057,0.702182,0.463982,0.100000,0.020000,1,0.100123
35.125698,15.277276,-0.246774,-29.586906,-204.953339,-192.395233,1956.047363,16598.910156,1614.242676,0.543249,0.717778,-0.435518,0.100000,0.020000,1,0.983178
35.145981,15.220786,-0.257434,110.511902,-99.512756,123.517548,-5302.860352,4004.142822,-5977.575684,0.522309,0.828068,-0.203705,0.100000,0.020000,1,0.310757
35.218830,14.330509,0.333629,180.005020,-40.902546,53.422897,1506.319092,-13819.688477,-765.508118,0.521694,0.842533,0.134068,0.100000,0.020000,1,0.006987
34.850517,14.887527,0.728055,4.787249,4.591709,-208.727448,219.197021,-98.361626,9932.531250,0.542043,0.588807,0.599579,0.100000,0.020000,1,0.164024
35.158413,15.088710,-0.343043,182.814392,-485.463257,-115.137115,11290.698242,-29806.996094,-7517.875977,0.501356,0.806610,-0.313085,0.100000,0.020000,1,0.117544
35.141621,14.528433,-0.447545,82.213196,-59.757492,73.345367,6233.982910,-4514.051270,5604.188477,0.580570,0.266954,-0.769204,0.100000,0.020000,1,0.129360
36.612782,15.819757,1.650318,548.088745,181.208435,289.280914,8814.198242,13210.288086,17249.982422,0.527381,0.491959,0.692709,0.100000,0.020000,1,0.327555
35.270844,15.077722,0.334181,-0.738837,51.198914,-59.007427,40.298046,3874.577393,-3626.888428,0.452314,0.822983,0.343672,0.100000,0.020000,1,0.446156
34.983929,15.190567,-0.555115,-52.156254,-207.864868,-365.511139,-3479.209229,-12260.474609,-22918.550781,0.489380,0.576593,-0.654254,0.100000,0.020000,1,0.353624
35.205673,15.251003,-0.288216,119.767380,-192.061646,519.691284,7015.298340,-10764.758789,31907.566406,0.412422,0.907324,-0.081684,0.100000,0.020000,1,0.699906
35.328220,14.782944,0.077337,-93.882050,59.428490,-34.254341,-5969.610352,3158.256104,-1954.132324,0.412359,0.910512,0.030471,0.100000,0.020000,1,0.824023
35.001968,15.312343,-0.627033,-5.349689,-32.118343,126.759567,-973.200195,-624.888184,7478.990234,0.442135,0.704478,-0.555182,0.100000,0.020000,1,0.349496
35.411087,14.963348,0.354978,111.604424,48.069778,151.812119,-2604.320312,3533.835205,9704.737305,0.408373,0.807288,-0.426049,0.100000,0.020000,1,0.899348
35.900177,14.148088,1.929716,240.753357,-106.908096,532.315308,17535.619141,-10116.460938,42464.339844,0.382522,0.899368,-0.211692,0.100000,0.020000,1,0.348766
35.311943,15.130361,0.235850,227.339737,-27.488739,191.668243,14480.459961,-877.151978,12007.930664,0.437661,0.852880,0.284692,0.100000,0.020000,1,0.103344
35.436085,15.597849,0.613175,119.680618,116.184052,51.492325,-229.441895,4677.439453,3321.467529,0.399915,0.788346,0.467523,0.100000,0.020000,1,0.985758
36.941475,15.100947,2.058801,478.930664,-41.567963,582.409851,18013.619141,9690.288086,18056.005859,0.358581,0.923614,0.135487,0.100000,0.020000,1,0.762454
35.206951,16.620878,1.281332,49.697205,396.429504,141.302063,-10251.120117,13636.392578,16456.949219,0.422405,0.685995,0.592440,0.100000,0.020000,1,0.207585
35.251297,15.096947,0.285433,6.633747,24.651573,34.048691,-47.160046,2007.291992,2382.189941,0.338120,0.906188,0.253966,0.100000,0.020000,1,0.407239
35.020237,15.207476,0.382641,24.612553,1.865528,270.747742,1441.663452,882.385864,16093.754883,0.441872,0.577265,0.686669,0.100000,0.020000,1,0.265933
34.974697,15.179991,0.323209,-116.672272,85.035751,-66.834259,-8956.476562,6044.151855,-4160.020508,0.312368,0.886308,0.341884,0.100000,0.020000,1,0.503597
35.394875,15.292309,-0.115028,14.857372,-418.094269,-345.437500,1054.507080,-25237.070312,-21104.767578,0.309144,0.898280,-0.312286,0.100000,0.020000,1,0.102810
34.681061,15.117189,-0.631728,356.369598,-357.621521,-67.965088,21410.593750,-22288.892578,-4071.323730,0.464386,0.460647,-0.756406,0.100000,0.020000,1,0.825981
35.330666,15.243173,-0.371064,-130.774185,-62.414780,-40.723160,-8282.571289,-3166.209473,-2440.443604,0.280727,0.850541,-0.444716,0.100000,0.020000,1,0.355618
35.577919,15.494596,0.238817,-243.215622,234.940125,55.955353,-14834.102539,16647.230469,4055.385986,0.227835,0.965569,0.125571,0.100000,0.020000,1,0.634209
34.348053,15.301844,2.810169,-324.711853,-18.786312,869.122620,-8936.949219,140.451355,25405.158203,0.222792,0.974611,0.022281,0.100000,0.020000,1,0.127918
35.831284,14.127526,-0.136214,371.763489,-184.363434,144.353317,27609.294922,-15488.498047,11496.684570,0.508654,0.360857,-0.781699,0.100000,0.020000,1,0.887603
36.745552,15.314409,1.294733,539.016113,-64.428223,311.492401,27487.736328,1273.185547,18915.625000,0.307742,0.751290,0.583830,0.100000,0.020000,1,0.755158
35.071011,15.462368,-0.219066,-33.688110,42.362183,-21.869429,-2918.904541,4333.120117,-189.152878,0.307314,0.771239,-0.557448,0.100000,0.020000,1,0.032789
35.388195,14.922393,0.043044,-534.007812,443.757629,241.009796,-33973.203125,27327.177734,14525.021484,0.202746,0.951943,0.229563,0.100000,0.020000,1,0.603175
36.652344,15.558192,-1.672783,377.609467,59.125381,-498.604095,12541.678711,5413.901367,2986.519531,0.199451,0.975881,-0.088750,0.100000,0.020000,1,0.602196
33.696644,15.858678,-0.556245,-276.106995,171.687180,-227.785446,-3051.200195,9411.390625,-10786.038086,0.344176,0.656163,-0.671561,0.100000,0.020000,1,0.106316
35.181644,15.248141,0.718275,-15.229210,-140.700287,86.993195,-1630.799072,-8235.918945,6655.374512,0.243369,0.839295,0.486165,0.100000,0.020000,1,0.899152
35.415142,15.760464,-0.198187,18.066292,-693.847168,-107.445084,941.142578,-41035.500000,-6756.594727,0.184065,0.956609,-0.225874,0.100000,0.020000,1,0.126442
35.022175,15.360673,0.685930,357.922546,-414.922546,-50.704155,22132.966797,-25087.945312,-2986.854492,0.332585,0.629806,0.701949,0.100000,0.020000,1,0.414678
35.162884,15.661597,-0.796979,135.026077,100.263100,-26.542377,7491.038086,3843.249023,-207.089966,0.273870,0.713196,-0.645250,0.100000,0.020000,1,0.149877
34.372208,14.819306,-0.409987,43.064590,59.134014,-90.240570,-7347.610352,-15234.934570,2292.722656,0.143988,0.925441,0.350467,0.100000,0.020000,1,0.580469
35.120728,14.870182,-0.069554,39.742298,-104.817200,-386.249573,-1061.075562,5993.964844,18697.513672,0.137639,0.934606,-0.327974,0.100000,0.020000,1,0.620151
35.066624,14.589000,0.606100,-292.068420,220.327698,0.051525,15307.197266,-9502.518555,-255.935898,0.198319,0.799423,0.567092,0.100000,0.020000,1,0.976078
35.975677,15.783082,-0.226497,119.473724,57.412781,-99.278862,-7151.660156,-4494.167969,5630.553711,0.063939,0.997740,0.020643,0.100000,0.020000,1,0.753219
34.536407,15.534747,-0.183222,149.802719,-285.150024,-122.481361,11371.903320,-22809.414062,-6600.721191,0.378304,0.527059,-0.760983,0.100000,0.020000,1,0.260043
35.252331,15.528790,-0.574727,233.303177,-547.648376,-43.153053,14331.615234,-33048.546875,-3019.766846,0.170323,0.812715,-0.557212,0.100000,0.020000,1,0.799360
35.264740,16.123182,-0.679802,108.524521,54.339951,-65.212326,6138.071777,7359.240723,-5308.263672,0.113829,0.892578,-0.436288,0.100000,0.020000,1,0.922623
35.294247,14.934124,-0.047019,-55.551666,60.475830,-41.810799,-4568.454102,2678.025635,-2468.063477,0.040350,0.994441,-0.097257,0.100000,0.020000,1,0.374319
35.245289,15.491811,0.003160,367.966797,-50.320770,160.885071,21972.105469,-2006.656494,9632.597656,0.036510,0.989226,0.141773,0.100000,0.020000,1,0.256733
35.458298,15.486218,0.276341,-13.901590,-28.158701,-106.529114,-1184.274902,-724.050537,-6545.650391,0.020486,0.965841,0.258324,0.100000,0.020000,1,0.333659
35.516846,15.446776,-0.248575,-52.706184,-7.175973,79.356216,-3422.910889,446.118988,4806.694824,0.019417,0.975006,-0.221328,0.100000,0.020000,1,0.710102
35.281960,15.346268,1.439533,58.205353,20.951042,174.291901,3948.348389,2090.290527,14403.093750,0.230412,0.684451,0.691691,0.100000,0.020000,1,0.280880
35.591595,15.768817,0.628314,181.851410,84.521820,14.976963,12126.399414,7609.400879,1766.355957,0.071867,0.875673,0.477528,0.100000,0.020000,1,0.468933
35.725529,14.811960,0.131279,117.627014,-48.137222,-40.542038,8312.189453,-4970.849609,-3401.469971,-0.011243,0.929729,0.368072,0.100000,0.020000,1,0.557407
35.701756,14.270443,-0.675977,137.580658,-330.685120,-53.799133,5809.156738,-12185.708008,-8356.597656,-0.013362,0.942347,-0.334371,0.100000,0.020000,1,0.622073
35.665787,15.163607,-0.066750,124.404022,45.976746,86.109970,8939.083008,2524.740234,7241.062988,0.056343,0.832194,-0.551615,0.100000,0.020000,1,0.449644
35.397038,15.387380,-0.611069,-93.918808,70.905319,315.088257,-6332.515137,4890.376465,18945.943359,-0.016356,0.904450,-0.426265,0.100000,0.020000,1,0.135214
35.210045,14.976775,-0.405135,34.652740,8.953863,-107.823578,590.113831,-880.098328,-8993.277344,-0.093929,0.986949,0.130803,0.100000,0.020000,1,0.566180
35.413006,15.656521,0.144060,613.115479,-543.032593,83.476700,37920.226562,-32872.160156,5797.005371,-0.095034,0.995281,0.019613,0.100000,0.020000,1,0.910291
35.161324,15.441013,-1.083635,105.996201,45.164223,-187.254486,6844.833984,4029.536377,-13492.728516,0.274419,0.594857,-0.755539,0.100000,0.020000,1,0.707985
35.518028,15.658215,0.057347,-121.372070,38.666527,-183.445343,6307.448730,-2763.556641,8785.719727,-0.129715,0.987059,-0.094278,0.100000,0.020000,1,0.426208
35.059776,15.574863,0.732499,-32.688408,16.756805,-9.002847,6797.906250,-2519.712402,6613.990234,0.126019,0.724183,0.677996,0.100000,0.020000,1,0.199826
33.791862,15.154366,0.359543,-184.760971,176.157684,-45.875988,-16234.812500,-7085.353516,-3240.626953,0.026200,0.808719,0.587611,0.100000,0.020000,1,0.883920
35.567677,15.607811,0.251418,-34.464539,35.921097,-13.574913,1773.319946,-2454.025879,582.003235,-0.133949,0.961834,0.238609,0.100000,0.020000,1,0.931200
35.588200,15.624557,-0.143196,-254.683167,-75.393311,25.570271,-16095.029297,-3709.365234,1840.170898,-0.144564,0.965141,-0.218182,0.100000,0.020000,1,0.595737
35.357883,15.194445,-0.633320,34.623863,-29.618271,1.467804,2400.134521,-2129.695801,-7.573469,0.097259,0.732500,-0.673783,0.100000,0.020000,1,0.592267
35.625885,15.444879,0.339802,-601.393250,512.411255,-240.529602,-37387.488281,32712.095703,-15604.471680,-0.082235,0.869287,0.487420,0.100000,0.020000,1,0.681525
35.525528,15.568552,-0.321902,37.868919,374.011719,88.157227,2173.730225,24273.859375,5399.400391,-0.173262,0.934067,-0.312249,0.100000,0.020000,1,0.801353
35.278088,15.576039,-0.322240,35.342049,-352.230957,-294.214722,1479.956299,-21358.589844,-17854.167969,-0.078532,0.834089,-0.546012,0.100000,0.020000,1,0.855946
37.299358,15.836174,1.582428,539.293945,23.224508,353.250061,14630.978516,995.680542,10019.775391,-0.183000,0.910068,0.371868,0.100000,0.020000,1,0.443042
35.262909,15.863531,0.269413,-74.239700,52.461853,18.908730,-6248.871094,4939.276367,2316.568604,-0.263757,0.964589,0.000748,0.100000,0.020000,1,0.402648
35.399761,16.311808,-1.228749,-13.557503,197.690491,-254.492340,3839.699219,14621.748047,-5601.983398,-0.180910,0.877384,-0.444374,0.100000,0.020000,1,0.727203
35.530342,15.683024,0.276584,-28.637474,92.797104,-187.729767,-2228.831299,6656.519043,-11196.791016,-0.278899,0.951053,0.133089,0.100000,0.020000,1,0.618069
35.196972,15.332282,-0.449195,-211.952057,-110.377914,-245.663025,-14070.007812,-6996.962891,-14890.770508,-0.009418,0.751549,-0.659610,0.100000,0.020000,1,0.610844
35.348034,15.559931,0.318613,-106.690277,23.493439,441.308655,-7141.129395,2139.399658,26987.925781,-0.108852,0.805916,0.581936,0.100000,0.020000,1,0.750122
36.773918,16.819345,0.088815,373.773926,327.383118,68.848427,15787.974609,6830.198242,128.144287,-0.300797,0.948756,-0.096865,0.100000,0.020000,1,0.115053
35.618008,15.519848,-0.122625,-124.655548,155.363708,-22.400928,-7890.582520,9805.364258,-1157.382690,-0.303592,0.930819,-0.203487,0.100000,0.020000,1,0.489699
35.049438,15.718698,0.204514,-76.071365,30.522339,-62.950500,-6818.347656,2926.125977,-4866.567383,-0.223068,0.858122,0.462457,0.100000,0.020000,1,0.137794
35.456573,15.754054,-0.329746,3.568687,285.521118,178.559448,-374.353455,18957.806641,11039.290039,-0.303302,0.903316,-0.303361,0.100000,0.020000,1,0.811602
35.275646,16.052389,-0.390160,20.550385,54.348846,-192.247772,-10768.708984,3163.366455,-9849.548828,-0.313893,0.914806,0.254168,0.100000,0.020000,1,0.121583
35.175743,15.408317,-0.867744,12.242271,31.494335,-35.065628,-573.343689,-2015.851807,2226.580322,0.159147,0.621637,-0.766968,0.100000,0.020000,1,0.887265
32.893154,15.673237,1.032515,-431.207977,316.339111,110.038971,-30393.130859,7043.845703,6791.481934,-0.032882,0.726222,0.686674,0.100000,0.020000,1,0.193420
35.789803,15.026833,0.562911,97.718536,-244.682892,61.489815,-5772.874023,13786.833984,-3724.781738,-0.336951,0.875815,0.345561,0.100000,0.020000,1,0.952055
35.158211,15.517128,-0.637329,191.621521,-90.238098,185.421417,-8932.625977,4299.087891,-9158.498047,-0.123170,0.742396,-0.658542,0.100000,0.020000,1,0.117082
35.739891,15.671286,-0.169613,78.075806,-78.677383,-73.583862,5344.102539,-4831.728516,-5803.825684,-0.429108,0.895358,0.119165,0.100000,0.020000,1,0.500928
35.616920,15.787802,-0.166212,-21.461201,-137.869019,-46.578766,-1464.268555,-8120.070312,-3307.440674,-0.439602,0.894010,-0.086588,0.100000,0.020000,1,0.587978
35.859867,15.802583,-0.073285,85.144196,-15.462061,-15.230263,6267.704102,-354.927643,-1362.071655,-0.446368,0.894501,0.024997,0.100000,0.020000,1,0.576377
35.385994,15.711145,0.563720,-39.533035,-62.558483,-69.149124,-2857.083496,-3144.193115,-4190.046387,-0.235688,0.781914,0.577115,0.100000,0.020000,1,0.788132
35.750191,15.157953,-1.021457,177.075073,-177.254639,-279.392700,6411.827148,-5854.423340,-9737.722656,-0.336463,0.826179,-0.451908,0.100000,0.020000,1,0.291432
36.352375,15.523968,-0.827478,258.473450,-76.265793,-191.178040,19324.951172,-5092.020508,-14055.382812,-0.450544,0.867872,-0.209305,0.100000,0.020000,1,0.657875
35.195518,15.072183,1.016846,-141.284485,104.064636,-380.322632,-9713.667969,4947.836426,-22319.054688,-0.139424,0.721762,0.677953,0.100000,0.020000,1,0.799289
35.207798,15.441776,-1.259862,-219.056091,54.511116,-124.147079,-14970.170898,3034.939209,-10958.368164,-0.259675,0.781725,-0.566988,0.100000,0.020000,1,0.342752
34.672478,15.684744,0.822980,-175.827759,-151.614609,143.127197,-9473.228516,5633.850586,18610.742188,-0.460736,0.850503,0.253706,0.100000,0.020000,1,0.575077
35.007702,14.598914,0.467243,-42.597473,68.991486,-20.795721,-4893.841797,48.241329,-1164.373657,-0.373295,0.795433,0.477428,0.100000,0.020000,1,0.729783
35.212921,15.970811,-0.260263,516.726318,-260.927368,13.102362,31020.535156,-15368.528320,936.107239,-0.476624,0.820098,-0.316651,0.100000,0.020000,1,0.146033
35.371193,15.319525,-0.413434,112.583481,-54.431580,32.250420,6912.000000,-4405.289551,2791.904053,-0.244187,0.713007,-0.657263,0.100000,0.020000,1,0.872549
35.287781,15.910757,-0.384309,-29.650490,-691.865417,-426.841492,-2719.229736,-42499.355469,-26441.472656,-0.354514,0.750642,-0.557544,0.100000,0.020000,1,0.092667
35.577751,16.130318,0.282161,-450.742554,-743.063660,-162.120422,-28637.697266,-45499.714844,-9505.930664,-0.575431,0.809062,0.119574,0.100000,0.020000,1,0.552817
35.698181,16.275909,0.321124,63.262405,45.874100,63.753860,4289.219727,4880.181641,5247.634766,-0.583991,0.811154,0.031360,0.100000,0.020000,1,0.018767
34.092197,16.594074,0.221547,-311.338196,113.380676,178.401703,-24645.287109,12137.436523,15057.644531,-0.038537,0.649168,-0.759668,0.100000,0.020000,1,0.522815
34.812778,15.799617,-0.573228,-154.606659,-11.644947,-45.570343,-6346.839844,-1896.557007,-2934.732422,-0.484100,0.758480,-0.436297,0.100000,0.020000,1,0.492920
36.442879,14.735583,1.832585,319.521545,-474.839417,661.055176,24410.064453,-16482.048828,21441.990234,-0.588876,0.801287,-0.105660,0.100000,0.020000,1,0.110871
35.069492,15.759603,1.489982,-143.394302,-124.943802,419.049805,-4139.029785,-4220.678711,12073.610352,-0.589424,0.771422,0.239766,0.100000,0.020000,1,0.629742
33.846237,15.954637,0.461965,-305.086426,149.394897,162.085052,-5994.842773,10905.155273,4321.875000,-0.601766,0.767024,-0.222600,0.100000,0.020000,1,0.103041
34.724102,15.837199,-0.000992,-76.369476,7.712280,148.924591,-6909.861816,2629.277588,12348.133789,0.066277,0.620850,-0.781123,0.100000,0.020000,1,0.207816
35.396172,15.988811,0.424455,-228.431671,-304.350403,347.066956,-14444.990234,-17550.742188,21116.496094,-0.277188,0.680247,0.678550,0.100000,0.020000,1,0.449573
35.615917,15.457929,0.581736,174.521942,109.023346,74.782593,11646.413086,5955.635254,4911.645996,-0.392010,0.703638,0.592640,0.100000,0.020000,1,0.972964
35.367710,16.105232,0.222620,75.927849,183.914734,-84.595856,3968.026611,13027.871094,-5838.401855,-0.521493,0.764904,0.378110,0.100000,0.020000,1,0.111903
35.920967,15.168618,-1.021284,129.001434,-238.197845,-397.764160,34.366699,-10859.420898,-11104.669922,-0.509262,0.712689,0.482417,0.100000,0.020000,1,0.183277
36.786076,17.003847,-1.819524,314.980957,207.637421,-260.000977,4999.891602,4129.796387,-2653.602539,-0.605562,0.721351,-0.336077,0.100000,0.020000,1,0.051099
35.297050,16.068085,-0.643025,52.550949,-294.336334,51.066544,2554.680664,-17301.703125,2621.984131,-0.480690,0.681421,-0.551908,0.100000,0.020000,1,0.410442
36.339684,14.385580,-1.427472,288.531250,-532.782715,-356.458313,15620.893555,-20918.125000,-31794.068359,-0.706354,0.703465,-0.078748,0.100000,0.020000,1,0.384231
35.205338,15.796564,-0.856018,8.884607,-203.278900,358.297058,100.168442,-11587.313477,21905.388672,-0.147037,0.634835,-0.758528,0.100000,0.020000,1,0.012396
35.606102,16.105293,0.356698,-479.127625,19.898216,-90.672134,-29954.898438,2187.518311,-5641.101074,-0.625033,0.685891,0.372676,0.100000,0.020000,1,0.246768
37.403309,17.554392,0.396461,617.838257,358.363495,228.193726,17994.855469,10614.283203,7675.208496,-0.703153,0.679101,-0.210710,0.100000,0.020000,1,0.304529
35.146980,15.751131,-0.187523,-75.081268,-82.741852,-60.662018,-8546.224609,-4619.723145,-13267.812500,-0.715472,0.687896,0.122059,0.100000,0.020000,1,0.438451
35.339405,16.324873,0.194545,-19.576462,-122.670242,-270.851532,-2214.842041,-6271.028320,-16366.310547,-0.730648,0.682401,0.021949,0.100000,0.020000,1,0.192495
34.364044,16.317934,-0.481619,-256.165771,117.833374,48.643524,-5963.073242,4431.934570,-1073.050293,-0.393183,0.645616,-0.654665,0.100000,0.020000,1,0.012966
35.093407,16.068840,-0.430943,653.523071,-93.099579,115.653183,39517.746094,-5097.237305,7161.405273,-0.612221,0.657074,-0.439818,0.100000,0.020000,1,0.946414
35.319828,16.006273,-0.224353,89.034134,-28.244480,-194.800964,5084.876465,-924.143860,-15451.040039,-0.504766,0.633187,0.586759,0.100000,0.020000,1,0.875254
35.344231,15.852570,0.584985,-30.797836,-49.686897,29.365929,-2548.507080,-3310.784180,2522.874268,-0.615623,0.632718,0.469763,0.100000,0.020000,1,0.783594
34.975315,15.435084,-0.172052,358.089783,-168.079681,-248.973816,20259.435547,-12911.311523,-17378.865234,-0.727291,0.639213,0.249907,0.100000,0.020000,1,0.795143
35.268665,15.142469,0.016267,109.719650,43.876255,-227.311127,5170.442383,-953.445068,-6473.686523,-0.046392,0.620857,0.782550,0.100000,0.020000,1,0.902052
35.595028,15.111861,0.473652,195.942383,-86.786560,9.045170,13241.645508,-7926.185547,-63.354538,-0.375231,0.617182,0.691584,0.100000,0.020000,1,0.614973
35.744625,17.142637,-0.442742,125.727966,260.705688,-36.632622,8921.147461,21272.197266,-2910.263916,-0.719474,0.610387,-0.331339,0.100000,0.020000,1,0.900646
34.907196,16.158211,-0.918372,-84.785263,20.137932,-124.333130,-7613.091797,2406.664551,-9626.995117,-0.589982,0.595940,-0.544773,0.100000,0.020000,1,0.717113
34.728336,15.796838,0.457991,-147.461151,-107.965927,59.687698,-12520.232422,-7691.374512,4391.417969,-0.730574,0.591391,0.341347,0.100000,0.020000,1,0.755781
35.426666,16.076033,0.110035,7.402605,-61.801666,-116.712006,78.250191,-3917.899170,-6919.888184,-0.813498,0.581558,0.003379,0.100000,0.020000,1,0.684852
34.562088,14.935314,-0.996571,59.584930,33.973633,318.036224,245.588425,-1530.951538,18333.630859,-0.499067,0.582828,-0.641283,0.100000,0.020000,1,0.751777
35.294964,16.256739,-0.404839,30.142349,-9.688444,-3.433764,1178.707642,509.041901,-286.175415,-0.700025,0.570684,-0.429284,0.100000,0.020000,1,0.449875
34.504189,15.257867,-0.649216,25.729576,57.558834,-132.734009,-2200.884033,932.497742,-13272.624023,-0.594781,0.559547,0.577185,0.100000,0.020000,1,0.445035
35.230408,16.165462,0.492844,-102.762970,8.709366,-167.384644,-7394.333984,1216.784912,-10213.041992,-0.708101,0.542715,0.451722,0.100000,0.020000,1,0.436654
35.050632,16.000868,-0.153836,102.474213,-301.713287,461.046448,4587.306152,-19479.787109,28772.394531,-0.829907,0.551694,-0.082999,0.100000,0.020000,1,0.275417
36.131241,15.449885,0.754027,285.116455,-243.776276,110.093445,20788.292969,-18166.593750,9158.610352,-0.823209,0.510147,0.249152,0.100000,0.020000,1,0.982750
35.701469,16.117331,0.024421,114.760864,48.470695,108.799469,5512.701660,2500.929199,9457.265625,-0.830371,0.513490,-0.216359,0.100000,0.020000,1,0.065548
35.448128,16.810156,-0.547218,63.749161,111.381348,-48.600220,4054.090820,9926.526367,-4173.254883,-0.815553,0.487014,-0.312555,0.100000,0.020000,1,0.683873
35.185307,16.352545,0.176573,112.556763,-71.276016,-136.144226,5917.168457,-3634.017822,-8300.577148,-0.856320,0.502847,0.117732,0.100000,0.020000,1,0.008232
35.113663,15.917305,0.633495,170.969727,114.692139,-194.842163,9780.244141,7614.895996,-12265.041992,-0.490651,0.530021,0.691621,0.100000,0.020000,1,0.054587
35.248325,16.151596,-0.568792,7.512921,-52.500824,2.158878,10.369924,-2270.993164,233.505737,-0.566227,0.500784,-0.654678,0.100000,0.020000,1,0.399285
34.830009,17.670303,0.412441,-190.409912,347.781006,-12.131144,-14298.768555,28882.935547,-1162.871338,-0.682300,0.468593,0.561148,0.100000,0.020000,1,0.458060
35.188786,16.304737,-0.472393,5.082815,-68.827286,13.815660,-491.202606,-3208.867920,907.895081,-0.706629,0.466715,-0.531838,0.100000,0.020000,1,0.215023
35.157467,16.382761,-0.401643,482.290588,-153.470398,372.546204,29462.314453,-8532.626953,23483.183594,-0.783460,0.443220,-0.435599,0.100000,0.020000,1,0.858954
34.771816,16.004255,-0.204106,-17.303970,-123.177551,-225.141357,-1593.969849,-10191.421875,-11236.051758,-0.903800,0.420394,-0.080090,0.100000,0.020000,1,0.629280
34.919632,16.149105,-0.249805,-56.480560,-86.101715,-76.886017,-5628.942383,-5706.202148,-6384.462402,-0.899630,0.417170,0.128978,0.100000,0.020000,1,0.932730
35.015121,15.670523,0.401302,9.356007,-34.642616,-22.617958,-613.697449,-1890.277344,-2695.538574,-0.241509,0.578337,0.779230,0.100000,0.020000,1,0.814592
35.200535,15.663203,-0.287633,18.747587,0.194328,110.193268,742.405090,190.296066,8689.493164,-0.263563,0.571832,-0.776880,0.100000,0.020000,1,0.911911
35.868118,16.766857,0.357041,186.413055,82.176056,57.156876,13772.494141,7479.838867,4245.354492,-0.892562,0.390144,0.226099,0.100000,0.020000,1,0.012432
35.203823,15.948622,-0.725996,-34.133114,-23.552879,69.870346,-2646.376953,-516.828857,4228.149414,-0.365557,0.544942,-0.754590,0.100000,0.020000,1,0.235237
35.350315,15.831729,-0.292394,-360.309479,-54.265450,73.059174,-22843.433594,-5142.311035,4114.680176,-0.910726,0.365751,-0.191844,0.100000,0.020000,1,0.374996
34.733543,16.551945,1.815426,-98.230789,69.727112,456.791626,-8925.389648,5641.295898,36331.867188,-0.928186,0.371391,0.023210,0.100000,0.020000,1,0.301825
37.397827,15.591741,-0.518322,730.164307,-278.295654,-250.856750,21366.250000,-12377.125000,-7904.875977,-0.866609,0.350738,0.354925,0.100000,0.020000,1,0.931431
35.370991,15.347432,0.952228,42.470490,-220.284668,127.473221,5375.110352,-11273.508789,-95.075195,-0.564411,0.448444,0.693064,0.100000,0.020000,1,0.084268
35.208191,16.234423,-0.586240,-39.249840,-56.449074,254.845490,-2930.248291,-2615.296631,16041.553711,-0.652137,0.411851,-0.636472,0.100000,0.020000,1,0.955187
35.377224,15.699735,0.039717,-436.857239,-600.006592,98.224335,-27387.968750,-40133.035156,7570.803223,-0.890304,0.325150,-0.318804,0.100000,0.020000,1,0.148471
33.067997,17.641417,0.385148,-558.434509,369.423035,-15.804806,-44581.816406,29720.388672,-1522.418823,-0.746448,0.351958,0.564749,0.100000,0.020000,1,0.368678
34.855785,16.991274,-0.446673,-36.682816,148.339966,5.434631,-4193.356934,12956.287109,502.167236,-0.770032,0.346025,-0.536021,0.100000,0.020000,1,0.649085
35.196022,16.273054,0.299067,13.719452,-63.135567,9.172243,206.862885,-3591.556396,328.202759,-0.838418,0.373375,0.397049,0.100000,0.020000,1,0.054124
35.166534,17.181885,0.089853,54.315758,155.914734,-6.892790,2855.909912,13434.660156,-501.222321,-0.958368,0.260530,0.116858,0.100000,0.020000,1,0.810037
34.802204,16.375862,-0.011617,-93.634186,-220.182220,-146.135910,-8000.769043,-13685.030273,-8887.666016,-0.960702,0.258204,-0.101897,0.100000,0.020000,1,0.930399
35.130516,16.149263,-0.729655,228.608093,18.747574,175.548843,13743.418945,2566.979004,10882.233398,-0.454613,0.473679,-0.754291,0.100000,0.020000,1,0.378430
34.527142,16.611435,1.788875,-151.335297,39.044617,358.583374,-12713.625977,4100.300781,28425.072266,-0.848350,0.285679,0.445746,0.100000,0.020000,1,0.022236
34.967506,16.366030,-0.389534,488.723175,8.711010,-144.420624,29529.201172,1136.442871,-9091.898438,-0.853796,0.282809,-0.437093,0.100000,0.020000,1,0.619973
34.938156,16.558500,-0.323601,-77.616776,110.758484,301.401611,-6263.043945,7939.125488,18507.250000,-0.950716,0.217576,-0.220909,0.100000,0.020000,1,0.421333
35.155113,16.345926,-0.021886,-200.049469,154.594269,-121.401993,-13124.412109,9729.170898,-7792.658691,-0.975955,0.217739,0.010112,0.100000,0.020000,1,0.148596
35.224113,15.997402,0.408669,-306.798157,481.619537,477.068909,-19509.996094,28996.011719,30949.806641,-0.949916,0.211071,0.230454,0.100000,0.020000,1,0.158400
35.113586,16.029993,0.751524,294.851807,-618.204651,-441.821045,17853.826172,-37659.726562,-27696.474609,-0.341480,0.523937,0.780309,0.100000,0.020000,1,0.830393
34.855152,16.125523,0.343037,35.723083,28.711395,-22.019844,537.283569,2250.801025,-2519.344238,-0.642831,0.356163,0.678171,0.100000,0.020000,1,0.997662
35.038139,16.213987,0.437363,41.864834,243.772339,-124.343765,1528.690552,15604.064453,-7908.594238,-0.800151,0.332088,0.499476,0.100000,0.020000,1,0.009211
35.236210,17.327887,0.288149,160.457855,231.392517,153.809723,-8345.153320,13202.755859,7668.738281,-0.933266,0.189920,-0.304868,0.100000,0.020000,1,0.887283
35.029175,16.540213,0.310743,-748.707642,-475.629974,237.214691,-48052.484375,-29111.851562,14964.509766,-0.921510,0.176559,0.345900,0.100000,0.020000,1,0.839273
34.776367,15.208740,-0.433446,79.564041,23.380417,-219.910934,2996.352051,-1453.243408,-12867.929688,-0.530546,0.400011,-0.747337,0.100000,0.020000,1,0.252960
36.139763,15.462175,0.414633,361.426697,-265.190247,286.090912,11985.042969,5079.309570,17365.218750,-0.709683,0.282908,-0.645224,0.100000,0.020000,1,0.566607
34.330158,15.415531,-0.154995,19.282478,60.122643,64.532005,-2467.065918,490.816467,5517.959473,-0.803033,0.220480,-0.553648,0.100000,0.020000,1,0.548599
34.908611,16.426907,0.390630,60.937553,-99.871262,27.496395,2648.421875,-5391.278320,1224.024902,-0.798064,0.203114,0.567308,0.100000,0.020000,1,0.550734
34.904915,16.543783,0.527222,8.931303,-122.130051,-114.214081,-577.874023,-6661.819824,-6750.473145,-0.874533,0.148775,0.461582,0.100000,0.020000,1,0.509042
34.965630,16.542198,-0.451580,110.052528,-127.347275,-177.884262,6049.655762,-7040.162598,-11449.257812,-0.885555,0.146453,-0.440844,0.100000,0.020000,1,0.813133
34.850048,16.398499,0.153208,22.612789,8.253687,9.693227,138.702606,546.373169,304.878754,-0.964293,0.085563,0.250635,0.100000,0.020000,1,0.503935
34.467857,16.181433,0.306927,-410.194702,185.002838,656.716492,-28802.044922,10670.877930,42627.171875,-0.996528,0.078210,0.028550,0.100000,0.020000,1,0.067542
34.964748,16.682068,-0.253964,-371.561432,-450.057129,325.384033,-24260.015625,-27319.785156,19828.792969,-0.993049,0.072089,-0.093038,0.100000,0.020000,1,0.533492
34.273865,16.369188,-0.489104,-77.210236,-17.243244,-131.321930,-8547.541992,-1294.574829,-10860.676758,-0.987819,0.068735,0.139606,0.100000,0.020000,1,0.451993
34.493618,15.370988,-0.239283,72.307549,37.563805,-21.462673,1871.109741,-1983.238525,-1554.264282,-0.975690,0.056316,-0.211795,0.100000,0.020000,1,0.894258
34.784119,15.955743,0.505335,-96.160034,71.648773,172.327148,-7458.977051,2668.786377,14126.900391,-0.952728,0.041008,-0.301044,0.100000,0.020000,1,0.631646
34.903355,16.234837,0.758338,34.538715,7.299065,-82.585907,1057.567261,1030.135620,-4681.614258,-0.678739,0.228380,0.697966,0.100000,0.020000,1,0.744802
34.881409,16.615454,-0.272880,502.627014,-743.526917,-763.296997,30780.734375,-45562.433594,-47281.500000,-0.838081,0.081299,-0.539453,0.100000,0.020000,1,0.572728
34.599079,16.883518,0.185884,-33.057632,99.080017,-50.297310,-4132.046387,8286.231445,-3703.987305,-0.938287,0.014130,0.345568,0.100000,0.020000,1,0.143168
34.273396,17.230015,0.555238,-108.910675,168.509796,106.313568,-10099.342773,13826.829102,8491.444336,-0.987969,-0.059518,0.142741,0.100000,0.020000,1,0.733680
34.945454,16.501751,-0.494168,43.126762,15.736237,-170.701569,2319.049072,1094.377441,-12923.371094,-0.997476,-0.067486,0.022085,0.100000,0.020000,1,0.667858
34.927135,16.285511,-0.553681,-8.021023,154.359024,31.362259,-1655.247437,10995.715820,2515.757812,-0.580106,0.307896,-0.754107,0.100000,0.020000,1,0.025084
34.825176,16.016930,-0.350507,4.043947,-89.889206,63.426483,-812.560974,-1744.920410,5080.660156,-0.751549,0.138429,-0.644990,0.100000,0.020000,1,0.025653
34.682869,16.226387,0.610718,4.049301,-4.019673,24.424973,-1455.255371,-495.157166,1988.905273,-0.827768,0.067603,0.556983,0.100000,0.020000,1,0.995900
35.843510,15.796732,-0.211820,328.775879,-100.499298,14.455269,24175.857422,-9194.718750,410.630035,-0.991154,-0.085568,-0.101445,0.100000,0.020000,1,0.571501
34.828201,16.358490,0.552925,33.143623,-24.906036,32.169586,1362.309814,-2012.476685,3451.080811,-0.966682,-0.100252,0.235531,0.100000,0.020000,1,0.392345
34.629902,16.622252,0.427495,387.114929,-318.310242,95.730087,22800.101562,-19025.556641,6031.035645,-0.878691,-0.039480,0.475756,0.100000,0.020000,1,0.372469
34.879509,16.521824,-0.185731,47.689117,35.831009,62.900246,-6568.395508,6817.314941,1651.988770,-0.898490,-0.038096,-0.437337,0.100000,0.020000,1,0.017397
34.769501,16.650108,-0.235827,-124.292480,-194.660706,-124.856537,-8639.621094,-11449.138672,-7613.513184,-0.933451,-0.136896,-0.331557,0.100000,0.020000,1,0.683535
34.703953,15.870383,3.174032,-22.109955,-120.197952,710.192932,-7727.520020,-5377.978516,47711.457031,-0.709381,0.119479,0.694625,0.100000,0.020000,1,0.480837
33.888622,17.078154,0.834180,-201.980164,155.990601,134.108978,-17201.107422,12502.539062,10605.050781,-0.923981,-0.139331,0.356155,0.100000,0.020000,1,0.073218
34.052395,17.549107,-0.780146,-162.863434,331.499756,-144.604080,-10365.870117,5327.428711,-1994.714355,-0.961790,-0.148786,-0.229830,0.100000,0.020000,1,0.162066
33.114296,16.413340,-1.672492,-406.867981,-70.896950,-508.923950,-19360.060547,-662.369629,-15610.289062,-0.974456,-0.224569,0.002099,0.100000,0.020000,1,0.229311
33.987343,16.852041,-0.584797,-135.197845,32.038826,-119.908066,-12335.382812,3434.487793,-9685.099609,-0.969960,-0.227316,-0.086636,0.100000,0.020000,1,0.033323
34.820538,16.183231,-0.619181,-187.990875,138.921448,-2.690693,-12704.352539,8475.508789,-328.004944,-0.765948,0.010552,-0.642816,0.100000,0.020000,1,0.947375
34.750263,16.356989,-0.271597,-160.152252,-76.143639,153.192749,-10787.854492,-5065.083496,10192.653320,-0.882430,-0.169848,-0.438713,0.100000,0.020000,1,0.016542
34.942669,15.711697,-0.056773,153.775024,-26.617630,-85.422577,10041.781250,-5040.053711,-6116.878418,-0.956298,-0.262377,0.129045,0.100000,0.020000,1,0.455836
34.969845,15.750915,-1.825301,126.287033,-209.866913,-442.603210,8430.772461,-16384.679688,-34746.597656,-0.941348,-0.258722,-0.216625,0.100000,0.020000,1,0.047700
34.770828,15.815795,-0.779766,63.097198,-43.017677,42.589821,2529.693604,-3744.786377,2308.187988,-0.619066,0.191405,-0.761657,0.100000,0.020000,1,0.802759
34.804276,16.415659,0.489763,-10.067368,-68.072929,-20.054859,-1500.288452,-3515.592773,-1772.837402,-0.737080,0.011609,0.675706,0.100000,0.020000,1,0.264064
34.289158,18.649090,-0.449387,-94.194275,575.962524,-21.981812,-7766.947754,25886.042969,-14005.136719,-0.910076,-0.264899,-0.318732,0.100000,0.020000,1,0.848935
34.931477,16.907894,0.090494,119.317490,76.845581,-75.537460,7942.406250,6541.674316,-5247.174805,-0.931008,-0.285933,0.226861,0.100000,0.020000,1,0.566073
34.420746,17.040415,1.728814,-61.751869,153.018982,350.840515,3150.658203,13607.982422,28328.041016,-0.806288,-0.101892,0.582681,0.100000,0.020000,1,0.056117
34.285332,16.405289,0.854386,-32.835815,13.417891,100.600113,-4615.007812,831.122437,8151.717285,-0.864282,-0.184380,0.467996,0.100000,0.020000,1,0.105728
35.197304,17.293406,0.329672,245.475677,238.829681,-11.717934,17064.998047,18524.363281,-707.010498,-0.890974,-0.281952,0.355905,0.100000,0.020000,1,0.374337
34.643559,16.674559,-0.145718,-352.881317,-275.933350,201.833527,-22721.001953,-16825.947266,12045.056641,-0.924268,-0.381067,0.022724,0.100000,0.020000,1,0.976451
34.577740,16.414532,-0.554335,85.589798,58.315521,107.157364,4279.960938,3845.365479,6508.192383,-0.809807,-0.216438,-0.545314,0.100000,0.020000,1,0.236038
35.915489,18.193041,-0.984251,537.449219,545.318542,-154.909332,16971.212891,15440.970703,-4555.800293,-0.857493,-0.312118,-0.409009,0.100000,0.020000,1,0.758130
34.608761,16.630409,-0.035464,-23.593002,-363.886353,-26.377609,-1990.195801,-22536.435547,-2268.081787,-0.908561,-0.400036,0.120370,0.100000,0.020000,1,0.790267
34.755882,15.852671,0.090558,-544.349854,344.913757,-167.920471,-34225.472656,18946.386719,-9827.020508,-0.908076,-0.405636,-0.104203,0.100000,0.020000,1,0.489592
35.354668,16.241415,-0.803316,124.691650,-14.274527,-29.989662,9148.950195,-399.689819,-2391.932617,-0.647190,0.096084,-0.756249,0.100000,0.020000,1,0.511035
34.658871,16.312571,0.648257,55.568977,333.113007,-106.944595,2443.961670,21188.048828,-6556.968750,-0.738810,-0.105338,0.665630,0.100000,0.020000,1,0.864381
34.700100,16.494602,-0.331129,-40.324860,-7.664863,-423.572815,-3490.305420,182.647491,-25925.062500,-0.805226,-0.119564,-0.580789,0.100000,0.020000,1,0.026222
34.221020,16.201906,-0.913232,57.812485,150.518524,-155.320892,4976.843750,9437.659180,-8614.789062,-0.746772,-0.123694,-0.653476,0.100000,0.020000,1,0.392541
34.636658,16.216024,0.609876,27.279249,-47.730682,17.004036,884.455627,-3648.548096,1509.378540,-0.798740,-0.222580,0.558993,0.100000,0.020000,1,0.969511
34.445572,16.778387,-0.141088,25.195700,-209.892822,-25.092476,497.217560,-12151.946289,-1440.488159,-0.888200,-0.416517,-0.193946,0.100000,0.020000,1,0.393235
33.785110,18.322407,0.812301,-242.574707,509.612427,251.104401,-8783.674805,25646.316406,13829.614258,-0.882179,-0.414484,0.223524,0.100000,0.020000,1,0.155286
34.771175,16.139597,0.732997,98.783096,-74.802002,-151.704651,4806.087891,-4319.042480,-9451.207031,-0.597986,0.194387,0.777577,0.100000,0.020000,1,0.810624
34.664192,16.442150,-0.287383,-405.092316,200.266968,-92.549408,-25589.417969,12457.631836,-5866.457031,-0.841658,-0.441289,-0.311250,0.100000,0.020000,1,0.291325
35.099014,16.150003,0.314628,92.416748,-104.758850,-9.330927,7690.497559,-7946.249512,-631.938232,-0.818650,-0.448035,0.359273,0.100000,0.020000,1,0.988534
34.435448,16.409727,-0.628362,56.577888,13.831501,124.670471,2347.669922,974.109802,7298.385254,-0.768090,-0.338183,-0.543755,0.100000,0.020000,1,0.512173
34.621937,16.222078,-0.809915,81.761078,-5.421707,-71.436600,4998.514160,-1270.011963,-6290.503906,-0.796476,-0.430890,-0.424216,0.100000,0.020000,1,0.837778
34.220760,15.465771,0.425985,-80.613632,93.084259,18.650024,-6570.582520,1480.875610,3301.277588,-0.831630,-0.547823,-0.091000,0.100000,0.020000,1,0.951414
34.479908,16.479824,-0.019861,-30.844009,121.586151,-95.775978,-2328.355469,7505.751953,-6227.855469,-0.832571,-0.553294,0.026303,0.100000,0.020000,1,0.324762
35.324043,15.780905,0.638362,227.264526,-201.015045,67.534683,16881.947266,-15161.831055,4797.471680,-0.750519,-0.343746,0.564411,0.100000,0.020000,1,0.411901
32.704086,15.914180,0.881873,-436.556763,-179.513062,152.819717,-28924.292969,-1161.123535,3027.305176,-0.777851,-0.441307,0.447433,0.100000,0.020000,1,0.794022
34.413429,16.531441,0.179003,-264.643494,-113.622177,-254.812042,-17268.814453,-7081.356934,-15783.827148,-0.812191,-0.571224,0.118527,0.100000,0.020000,1,0.681453
35.528702,16.485947,-0.326565,197.170837,9.754784,70.239883,15575.076172,1386.561035,5567.404297,-0.707409,-0.250003,-0.661114,0.100000,0.020000,1,0.726972
33.662418,16.218050,-0.498168,-56.622894,149.117188,-108.086823,1082.459473,10735.379883,-2916.733887,-0.803779,-0.562029,-0.195096,0.100000,0.020000,1,0.007431
34.685104,15.557388,-0.805886,127.226929,-191.863068,-213.360519,13431.906250,-10225.834961,-6645.411133,-0.795916,-0.561680,0.225906,0.100000,0.020000,1,0.082560
34.739803,15.734860,-0.751722,-335.261902,272.603516,-23.468689,-22032.488281,15412.069336,-1737.452148,-0.645453,-0.022674,-0.763463,0.100000,0.020000,1,0.820482
34.551426,16.498981,0.570732,263.612793,-177.128448,-176.675461,15712.508789,-10303.885742,-11323.363281,-0.692331,-0.251137,0.676468,0.100000,0.020000,1,0.727808
33.590717,16.528561,0.220096,-136.503326,3.707916,130.713226,-12517.200195,811.514648,13273.056641,-0.761212,-0.575359,-0.299195,0.100000,0.020000,1,0.221375
34.316254,16.410965,0.240136,109.805984,-132.843506,5.245512,6109.333984,-8563.625000,66.471542,-0.740863,-0.581828,0.335555,0.100000,0.020000,1,0.029319
34.533752,16.334938,-0.321574,-23.608261,72.652939,-110.414688,-2112.495117,4650.480469,-5897.333008,-0.682491,-0.354310,-0.639273,0.100000,0.020000,1,0.609830
34.611530,15.194495,-1.061621,164.671082,-22.985382,-124.222778,10482.861328,-6397.399414,-10251.669922,-0.700057,-0.471787,-0.536038,0.100000,0.020000,1,0.428344
34.252380,16.589390,-0.397173,202.034027,-52.798691,76.484360,11681.101562,-2649.157227,4702.132324,-0.711428,-0.573657,-0.405940,0.100000,0.020000,1,0.399232
35.024441,15.983362,3.228695,106.759674,18.544922,763.628418,11746.840820,-5647.545898,44514.746094,-0.729878,-0.669048,0.140183,0.100000,0.020000,1,0.292874
34.098106,16.420816,-0.005355,265.666046,82.996597,-88.523605,15427.431641,4987.092773,-5619.061523,-0.726762,-0.686885,0.002384,0.100000,0.020000,1,0.927854
35.091908,16.735781,0.062330,195.512924,112.957123,-170.051346,6077.442383,2411.703857,-5159.011230,-0.667642,-0.334716,0.664996,0.100000,0.020000,1,0.641202
34.327557,16.026762,0.638681,-52.165741,62.497292,-79.640457,-4442.456543,2570.937500,-4533.440430,-0.683040,-0.449548,0.575641,0.100000,0.020000,1,0.541214
35.658501,17.922997,-0.066842,333.658569,409.473267,-47.364288,22098.654297,19954.587891,-8584.854492,-0.693062,-0.555777,0.459105,0.100000,0.020000,1,0.787615
34.126888,16.173779,-0.054730,163.071869,-118.946747,61.591568,9061.976562,-8717.111328,4396.209473,-0.710012,-0.676632,-0.195071,0.100000,0.020000,1,0.472029
34.229984,16.389103,0.378706,-102.095200,-63.597778,-174.633759,-7251.828125,-4289.798828,-10330.023438,-0.702731,-0.671386,0.235392,0.100000,0.020000,1,0.674549
34.076427,16.441189,-0.094003,-10.356701,-59.864655,30.772316,-2035.991333,-3903.398682,1956.383789,-0.711560,-0.694330,-0.107652,0.100000,0.020000,1,0.105711
34.630322,16.310083,-0.678283,-38.137901,-361.093353,-64.515320,-3309.989258,-22324.724609,-4031.940918,-0.634164,-0.138526,-0.760688,0.100000,0.020000,1,0.606485
33.986538,16.470135,-0.440842,-4.499985,5.498125,-31.730293,-2021.821533,532.837219,-2666.338379,-0.664444,-0.679139,-0.311903,0.100000,0.020000,1,0.228849
34.157211,16.455336,0.211877,24.368412,-140.925644,93.696945,255.904236,-7483.122559,5572.827148,-0.646693,-0.683817,0.337910,0.100000,0.020000,1,0.155855
34.234787,16.025290,-0.085763,4.584722,35.195152,126.773880,-25.942823,511.752594,7597.624512,-0.632574,-0.774404,0.012182,0.100000,0.020000,1,0.062719
35.276558,17.027840,-0.846392,268.861877,169.516479,-79.794464,19963.416016,13707.169922,-6191.974121,-0.617518,-0.470638,-0.630215,0.100000,0.020000,1,0.744695
34.250778,16.104235,0.262001,68.086174,-121.262878,-30.094543,3330.257568,-8638.132812,-2897.874756,-0.614302,-0.562024,0.553861,0.100000,0.020000,1,0.299457
34.325474,15.674898,-0.171074,131.132904,-201.979401,-44.863403,4483.653320,-6360.621582,-3577.377197,-0.610621,-0.670565,-0.421289,0.100000,0.020000,1,0.417809
34.347954,16.291399,-0.397069,84.754028,-38.795029,-37.619934,6972.341797,-7580.528320,-7157.603516,-0.607213,-0.771008,-0.191934,0.100000,0.020000,1,0.759268
34.394718,16.433594,-0.258672,-282.859619,-253.850159,230.081207,-17450.792969,-15962.330078,12939.043945,-0.611965,-0.779611,0.133064,0.100000,0.020000,1,0.929278
33.012810,16.180574,0.343268,-200.833771,-26.002399,142.957153,-18034.402344,-2653.680664,10776.764648,-0.614293,-0.784559,-0.084331,0.100000,0.020000,1,0.581412
35.333633,16.453493,-1.281379,325.797363,4.018316,-200.441620,24225.646484,741.985535,-15947.017578,-0.600398,-0.585201,-0.545034,0.100000,0.020000,1,0.496888
33.513710,16.150501,0.986807,-364.669678,-47.850727,107.378853,-14923.944336,-469.352600,2138.901611,-0.715421,-0.415800,0.561501,0.100000,0.020000,1,0.013570
33.631416,15.557989,0.062799,505.524567,-197.626190,-5.465733,28838.003906,-15769.016602,-1825.821289,-0.569913,-0.680020,0.461271,0.100000,0.020000,1,0.568066
34.218830,16.025980,0.385032,72.030350,-39.921677,113.697632,4303.836426,-3905.818359,10027.835938,-0.541704,-0.773648,-0.328672,0.100000,0.020000,1,0.388697
33.901485,15.757884,-2.240614,-60.159943,-152.975510,-478.922974,-5720.875000,-11948.881836,-37608.257812,-0.528411,-0.666990,-0.525267,0.100000,0.020000,1,0.324227
34.752953,16.473101,0.272980,182.358948,65.529236,-6.385759,1975.993164,2749.031250,651.724060,-0.513239,-0.781593,0.354539,0.100000,0.020000,1,0.329584
34.131596,16.210377,0.781780,264.267090,-218.241150,-743.763367,14947.281250,-13951.157227,-46296.457031,-0.555942,-0.459970,0.692355,0.100000,0.020000,1,0.111352
33.958477,16.321280,-0.406257,-71.480637,6.739384,-270.531433,-6225.209473,550.191528,-20864.847656,-0.516313,-0.653685,0.553279,0.100000,0.020000,1,0.091012
33.932053,16.449047,-0.438798,241.766083,-282.492249,141.661499,13888.617188,-17257.283203,8658.275391,-0.488862,-0.769908,-0.410191,0.100000,0.020000,1,0.755016
34.071815,16.275949,0.115134,-452.564575,472.814972,259.786072,-28933.582031,29581.169922,16822.728516,-0.471575,-0.881700,0.014898,0.100000,0.020000,1,0.713003
34.505447,16.251629,-0.745418,12.636286,-57.125534,33.241707,169.977814,-3457.318115,1823.197021,-0.568017,-0.335614,-0.751478,0.100000,0.020000,1,0.236483
33.695423,15.481163,-0.798319,43.995403,56.755699,141.369934,-375.194366,338.012909,8035.456543,-0.518487,-0.558140,-0.647805,0.100000,0.020000,1,0.206517
34.478878,16.637571,0.557285,250.652252,144.919937,191.965515,7103.593750,3268.029297,15082.993164,-0.445474,-0.875460,-0.187410,0.100000,0.020000,1,0.805606
34.169964,15.880421,0.570585,40.469574,17.311583,30.355251,61.616901,-213.407578,1370.929443,-0.593876,-0.215453,0.775172,0.100000,0.020000,1,0.660687
34.031227,16.383223,0.418689,-22.561970,-158.777573,-127.118118,-2362.010986,-9593.336914,-8019.355469,-0.455928,-0.760837,0.461797,0.100000,0.020000,1,0.193367
34.310482,16.828846,-2.508788,144.623383,204.112473,-760.333740,7420.268066,874.788330,-44327.417969,-0.422977,-0.875574,0.233366,0.100000,0.020000,1,0.889062
33.737736,16.304300,-0.558842,142.527435,182.554062,-69.426666,3690.241455,3647.943359,-9772.069336,-0.427819,-0.892892,0.140406,0.100000,0.020000,1,0.105782
33.801933,16.674479,-0.158475,-31.710205,87.959030,13.023170,-3461.214600,7229.035156,1332.486816,-0.402584,-0.861184,-0.310304,0.100000,0.020000,1,0.277107
34.943054,15.748944,-0.114739,231.812378,-186.644073,-98.632507,18072.728516,-14082.771484,-6320.804688,-0.415056,-0.904091,-0.101724,0.100000,0.020000,1,0.032130
35.160229,15.748363,0.192621,161.337036,-132.493866,198.241394,11843.197266,-10273.865234,16205.537109,-0.604919,-0.224355,-0.764028,0.100000,0.020000,1,0.037771
34.406815,15.959026,0.828342,64.323570,-15.455444,19.157700,3860.150635,-2078.794434,2069.178711,-0.486416,-0.538044,0.688410,0.100000,0.020000,1,0.268424
32.726616,16.695581,-0.198660,-389.675934,227.154556,43.314697,-13227.715820,7974.169922,-5832.104980,-0.419267,-0.741653,-0.523608,0.100000,0.020000,1,0.068591
35.541435,16.205069,-0.747909,497.911560,6.099503,-251.201874,37266.730469,181.303757,-20272.546875,-0.380359,-0.859435,0.341612,0.100000,0.020000,1,0.846925
34.073292,17.030701,-2.082981,-23.024612,151.544769,-666.918335,-1776.241943,-3226.922852,-9945.896484,-0.434384,-0.638952,-0.634863,0.100000,0.020000,1,0.438540
34.315033,15.839293,0.296228,101.070457,-79.722672,145.794617,4997.560547,-3655.827637,6632.197266,-0.323234,-0.946075,0.021466,0.100000,0.020000,1,0.321647
34.316910,16.363676,-0.404986,100.407501,28.554718,117.739655,5319.958008,2472.969238,8558.437500,-0.513335,-0.424357,-0.745928,0.100000,0.020000,1,0.000278
33.805920,16.039173,0.225524,268.304932,-186.508713,-109.697540,15471.539062,-12493.560547,-7647.873535,-0.343810,-0.829116,0.440865,0.100000,0.020000,1,0.619101
33.987648,15.957616,-0.329312,72.129761,-11.967808,-417.484009,8377.363281,-4079.593750,14409.363281,-0.339524,-0.838867,-0.425470,0.100000,0.020000,1,0.236269
33.158806,16.342794,0.295622,-160.882965,29.523613,-14.561310,10498.375977,-1824.856323,490.881226,-0.305014,-0.924075,0.230329,0.100000,0.020000,1,0.749713
34.010376,16.088062,-0.124999,-114.518692,-90.901184,-11.335485,6389.793457,5904.496582,-5946.364258,-0.305840,-0.928397,-0.211050,0.100000,0.020000,1,0.538865
33.404346,15.378102,0.442154,41.199921,30.922499,203.314102,673.035156,-5653.215820,1395.794922,-0.299218,-0.949096,-0.098412,0.100000,0.020000,1,0.053483
34.696888,16.076677,0.358647,-249.201111,-58.352737,-209.097687,-13832.713867,-4172.990234,-13859.694336,-0.364269,-0.735275,0.571559,0.100000,0.020000,1,0.807616
33.606339,16.308170,-0.111451,-32.294754,-188.139832,-173.131653,-3953.504639,-11379.277344,-10245.818359,-0.281348,-0.910247,-0.303798,0.100000,0.020000,1,0.323445
32.774887,16.625586,1.062925,-319.951416,123.463013,315.315796,-12397.250000,4388.786133,9965.244141,-0.277332,-0.952058,0.129120,0.100000,0.020000,1,0.082720
34.150227,16.259815,0.651894,20.389948,-64.331238,-54.436615,437.883209,-3679.508789,-3308.015381,-0.387858,-0.614541,0.686954,0.100000,0.020000,1,0.586199
33.201435,15.861726,0.170819,-237.936981,-202.147339,209.015594,-13761.770508,-10687.103516,14468.226562,-0.400198,-0.866161,0.299344,0.100000,0.020000,1,0.011756
33.625542,15.764283,-0.206818,-86.703323,-65.870346,11.269722,-7731.705566,-914.103027,-2154.299072,-0.274600,-0.790713,-0.547145,0.100000,0.020000,1,0.577604
33.872391,16.043505,0.619572,129.152512,-266.381409,-14.674293,6936.841797,-17200.550781,-420.334167,-0.271725,-0.788866,0.551232,0.100000,0.020000,1,0.294422
33.904289,16.126112,-0.315084,-282.962952,-300.975220,124.148972,-18558.197266,-19006.517578,8128.842773,-0.223503,-0.876780,-0.425797,0.100000,0.020000,1,0.263175
33.758900,16.025454,0.183507,46.811344,87.485214,-80.719513,2093.144775,5123.741211,-4764.396484,-0.169444,-0.978758,0.115416,0.100000,0.020000,1,0.162369
34.569782,16.201626,0.812459,-286.432556,71.696457,-282.858643,-18409.515625,4583.811523,-17393.683594,-0.536756,-0.330014,0.776520,0.100000,0.020000,1,0.607392
34.115479,16.150764,-0.959360,-4.734795,38.799751,-53.098526,-1789.189941,2390.552002,-4521.207520,-0.436292,-0.495102,-0.751347,0.100000,0.020000,1,0.581163
34.248707,16.057646,-0.441814,61.908806,-96.092072,17.604492,3850.713135,-6386.471680,1730.253418,-0.313896,-0.689867,-0.652344,0.100000,0.020000,1,0.900362
34.417805,16.829872,-0.013046,216.761490,208.583527,4.327961,5059.360352,5279.583496,1283.152832,-0.142865,-0.966544,-0.213032,0.100000,0.020000,1,0.169718
33.474167,16.284586,-1.373597,-61.301636,59.530212,-359.757507,-5837.130371,4553.687500,-28109.177734,-0.134128,-0.986892,-0.089744,0.100000,0.020000,1,0.426778
34.293526,16.339233,1.183256,85.905472,67.630814,118.935486,5512.428711,5156.148438,9930.433594,-0.310644,-0.676982,0.667230,0.100000,0.020000,1,0.751599
33.914230,15.998687,0.383628,-17.129486,63.197426,-60.035645,-1699.417725,3609.122314,-3928.354736,-0.181248,-0.868723,0.460945,0.100000,0.020000,1,0.662662
32.517773,15.897789,0.707835,-362.946808,22.329842,47.156525,-16533.753906,2144.839844,-5401.805664,-0.485726,-0.404697,0.774784,0.100000,0.020000,1,0.598210
33.564861,16.069035,0.322360,455.775757,-280.989624,121.170151,26856.273438,-17852.437500,7579.040039,-0.170974,-0.911206,0.374794,0.100000,0.020000,1,0.136940
34.079975,15.403229,-1.039812,51.326118,-385.035980,-140.541260,3720.776855,-27011.892578,-12079.369141,-0.100385,-0.948371,-0.300858,0.100000,0.020000,1,0.671755
33.688995,15.587655,-0.048880,262.429047,-71.372803,711.863281,15482.816406,-6467.867676,43855.625000,-0.098924,-0.967883,0.231118,0.100000,0.020000,1,0.109127
34.298759,15.714554,-1.090847,86.071358,-72.258270,-80.759613,5166.755859,-6269.898438,-6888.102539,-0.347057,-0.585724,-0.732447,0.100000,0.020000,1,0.333855
33.704212,15.225848,-0.834711,-141.530792,88.038956,659.491943,-10506.515625,2097.111328,40138.125000,-0.153855,-0.834644,-0.528865,0.100000,0.020000,1,0.169593
33.638229,15.638392,-0.786916,177.135742,-13.401672,152.256470,8985.269531,-2618.211426,8678.246094,-0.199025,-0.756104,-0.623454,0.100000,0.020000,1,0.193153
33.808704,16.145370,0.389244,104.737961,-235.697174,142.035767,5467.405273,-14428.569336,8527.037109,-0.138930,-0.825918,0.546405,0.100000,0.020000,1,0.592765
34.234955,15.463002,-0.810880,26.419609,-43.053406,-24.514175,2672.177002,-5022.006348,-3335.997314,-0.076924,-0.902690,-0.423360,0.100000,0.020000,1,0.414695
33.480133,15.905849,-0.434199,-136.471649,71.247406,0.143665,-10322.334961,4145.865723,-1501.720215,-0.006063,-0.996747,-0.080361,0.100000,0.020000,1,0.295756
33.646809,16.000134,0.405327,-0.780384,12.679214,14.740402,-1331.643066,780.714355,1338.251343,-0.049377,-0.939026,0.340284,0.100000,0.020000,1,0.177725
33.802696,16.345768,0.176652,83.660797,141.553802,76.579781,1304.291504,4675.884277,1771.007568,0.030112,-0.999545,0.001483,0.100000,0.020000,1,0.638568
28.707344,19.705212,3.348891,-1459.130005,1207.732910,999.896301,-45233.781250,35848.742188,28679.160156,-0.043063,-0.998483,0.034319,0.100000,0.020000,1,0.024372
33.853970,15.539538,0.181535,219.004059,-93.532349,-117.574448,13654.802734,-7596.541992,-7550.537598,0.036479,-0.971333,0.234909,0.100000,0.020000,1,0.817403
33.355247,15.975355,-0.669840,-99.404190,78.659912,-47.711971,-5606.881348,4199.172363,-1651.638306,0.044487,-0.975374,-0.216026,0.100000,0.020000,1,0.196623
33.639351,15.803950,0.598041,-23.341331,50.373772,-2.175355,-3798.195312,2222.086426,-201.638275,-0.183956,-0.711373,0.678313,0.100000,0.020000,1,0.811816
34.089966,16.135817,0.629791,39.520142,20.069954,51.579971,2936.581299,2015.612305,4147.330078,-0.015002,-0.887539,0.460489,0.100000,0.020000,1,0.257427
33.402390,15.992383,0.394083,265.769104,-21.926071,-390.583496,14823.050781,-1133.276245,-23474.546875,0.059496,-0.990535,0.123695,0.100000,0.020000,1,0.208706
34.954704,15.805114,-0.353369,250.290894,-128.693161,270.272247,20207.644531,-8586.296875,16697.189453,0.062610,-0.953506,-0.294798,0.100000,0.020000,1,0.385583
34.193176,16.019995,-0.447065,-79.396408,-88.192459,-222.204895,-5412.444336,-5739.662598,-13123.049805,-0.253142,-0.631136,-0.733203,0.100000,0.020000,1,0.923067
33.933746,15.963507,-0.572393,16.906448,-128.661011,-1.297302,356.078644,-8189.180176,-128.915939,-0.090665,-0.778958,-0.620486,0.100000,0.020000,1,0.350225
34.021046,16.609137,0.596129,82.035767,232.818176,24.063904,-4109.273438,14895.217773,11737.213867,0.078479,-0.936308,0.342299,0.100000,0.020000,1,0.899881
36.430141,18.457844,-0.539931,707.903442,759.702759,7.780975,39335.718750,30554.492188,-9938.492188,0.007255,-0.849827,-0.527011,0.100000,0.020000,1,0.049676
33.574532,16.000298,-0.339354,-2.657982,61.273026,-78.897934,-1260.589233,4493.739258,-6433.362793,0.155556,-0.987783,0.009295,0.100000,0.020000,1,0.111494
34.961185,14.479258,1.203115,466.982086,-214.683258,114.148415,13581.241211,-16333.519531,2697.583984,-0.323470,-0.551074,0.769210,0.100000,0.020000,1,0.948442
34.151211,15.832986,0.641612,-78.565964,78.254425,-5.682640,3598.333252,-3689.762939,-67.780884,0.006116,-0.824219,0.566238,0.100000,0.020000,1,0.641878
35.645023,14.084445,3.113705,600.987122,-296.933228,764.052856,-34662.289062,19703.998047,-45545.019531,0.085098,-0.885707,0.456379,0.100000,0.020000,1,0.309316
33.807674,15.783519,0.050343,46.438431,-228.583969,60.204483,-3774.456055,11645.839844,5425.650391,0.190190,-0.974185,0.121616,0.100000,0.020000,1,0.224507
33.756199,17.357838,1.978698,49.817616,541.448792,475.178223,-334.720947,17201.275391,10317.628906,-0.056734,-0.752913,0.655671,0.100000,0.020000,1,0.941129
34.098793,16.136797,-1.153254,-64.503815,138.765762,-125.586548,-8524.795898,3064.355469,-1720.780273,0.120074,-0.896512,-0.426436,0.100000,0.020000,1,0.170162
33.693214,15.761368,-0.410014,109.552444,-153.070618,325.745728,6260.943359,-9880.916992,19672.400391,0.185931,-0.958036,-0.218168,0.100000,0.020000,1,0.248512
34.197041,15.919905,0.078475,38.287277,89.747772,4.150503,3953.570557,6149.474121,956.733398,0.204667,-0.974008,-0.097059,0.100000,0.020000,1,0.048448
33.601086,15.377765,0.559054,121.728760,-35.961739,-197.845596,6655.315430,-3927.718994,-11070.552734,0.226063,-0.943297,0.243077,0.100000,0.020000,1,0.270897
34.494022,15.669508,1.778973,337.950928,-26.171913,620.645630,10907.206055,-1410.464111,18996.359375,0.223884,-0.918371,-0.326299,0.100000,0.020000,1,0.129947
34.294128,15.178278,-0.446328,-482.939697,340.560425,983.085571,-28735.923828,19047.396484,58870.703125,0.223453,-0.910267,0.348543,0.100000,0.020000,1,0.378359
33.797752,15.853146,-0.623327,168.211075,-137.973663,291.568573,9479.682617,-8784.158203,18231.429688,0.032029,-0.764706,-0.643582,0.100000,0.020000,1,0.551713
33.680958,16.122015,0.022971,12.453133,58.966507,135.486023,-2899.772217,4657.682129,11101.925781,0.146458,-0.835496,-0.529619,0.100000,0.020000,1,0.348019
33.479347,15.669329,-0.487803,123.902451,-61.279160,-31.802147,6070.439941,-4240.092773,-2498.796143,0.219553,-0.885561,-0.409363,0.100000,0.020000,1,0.460178
33.897507,15.589920,-1.768349,-1.266402,79.443390,-779.847717,-267.200439,1740.318604,-36658.289062,0.321318,-0.943430,-0.081822,0.100000,0.020000,1,0.344015
34.050289,16.028574,0.690249,12.865466,0.886926,-0.411862,-324.675049,14.702114,-54.426926,-0.245026,-0.588106,0.770775,0.100000,0.020000,1,0.864612
34.186760,15.968921,-0.753642,-93.658386,-20.055210,81.408936,-6072.757324,-1261.320679,4806.523926,-0.132242,-0.653274,-0.745483,0.100000,0.020000,1,0.379337
35.114765,17.093142,0.855408,376.435242,328.523071,98.707199,28443.646484,26133.160156,7644.713867,0.134228,-0.809433,0.571665,0.100000,0.020000,1,0.818382
33.906979,15.539186,0.269001,-154.427856,104.783951,158.212280,-9756.855469,5768.627930,9444.556641,0.231464,-0.867225,0.440846,0.100000,0.020000,1,0.901305
33.889065,15.945610,0.975399,137.922516,46.939770,335.184387,8299.252930,1618.926758,21683.179688,0.348445,-0.937211,0.014907,0.100000,0.020000,1,0.022112
35.031384,15.358383,0.149739,299.835693,-26.582993,9.600307,24009.718750,-2968.189941,719.310669,0.346771,-0.928098,0.135587,0.100000,0.020000,1,0.816496
34.308094,16.020952,0.484775,260.768921,115.492989,169.623611,7638.750000,3136.559326,6464.790039,0.358872,-0.910422,-0.205774,0.100000,0.020000,1,0.821069
34.037601,16.230692,0.486983,-90.753326,-365.405334,86.390335,-5931.756836,-21416.085938,4928.251465,0.059552,-0.733251,0.677345,0.100000,0.020000,1,0.546997
34.458881,15.245629,-2.199668,259.538086,-105.322861,-546.691040,9678.533203,134.978027,-23179.966797,0.349026,-0.878681,-0.325732,0.100000,0.020000,1,0.791335
33.444820,15.444715,0.249636,66.213692,-10.961708,413.843048,2449.786621,-1428.360962,25890.554688,0.373278,-0.864229,0.337301,0.100000,0.020000,1,0.255665
34.649124,14.988096,-0.019718,-71.846191,-189.570587,77.133972,-1597.341919,-14830.041992,6783.012695,0.282656,-0.800613,-0.528323,0.100000,0.020000,1,0.003855
31.974936,16.410927,0.770820,-423.376709,273.496124,66.816376,-34483.324219,20602.593750,6529.663574,0.394185,-0.886995,0.240537,0.100000,0.020000,1,0.037468
33.804150,15.260680,-0.318960,-426.540039,280.628143,517.792725,-26951.603516,16537.541016,31679.005859,0.472596,-0.876983,-0.086912,0.100000,0.020000,1,0.110586
33.536179,15.572578,-0.357031,35.023403,-126.371857,214.573669,9402.968750,1786.539917,-1345.603516,0.476978,-0.878470,0.027976,0.100000,0.020000,1,0.749820
33.619804,15.724051,-0.565939,105.407547,-47.032349,96.557358,-4166.307129,2408.851318,-4849.696777,0.176371,-0.752546,-0.634482,0.100000,0.020000,1,0.138150
35.598808,14.111129,0.940145,377.047821,-165.278488,325.179626,17203.355469,-20949.539062,11341.875000,0.370345,-0.828005,-0.421013,0.100000,0.020000,1,0.096582
31.742157,16.452244,-0.658341,-438.069275,267.566742,-108.387115,27578.617188,-15867.592773,6672.210449,0.469596,-0.855467,-0.218303,0.100000,0.020000,1,0.734463
33.449570,16.122692,0.348779,31.441704,149.318863,157.446854,-3440.471191,6606.644043,6449.701172,0.392142,-0.804785,0.445584,0.100000,0.020000,1,0.479414
34.032349,15.915964,0.371483,58.197823,162.692261,51.978752,3669.479004,5921.152344,3401.517822,0.497252,-0.834941,0.235828,0.100000,0.020000,1,0.374675
33.800789,15.510292,0.623035,-142.017822,90.656616,17.706535,-10030.730469,4796.233398,1174.057129,0.176354,-0.717368,0.674004,0.100000,0.020000,1,0.449288
33.798470,15.339411,-0.772995,172.740662,-94.427704,-121.896484,10151.782227,-7273.884277,-13126.352539,0.288080,-0.759976,0.582620,0.100000,0.020000,1,0.266324
33.477280,15.483148,0.185314,-92.247742,71.374870,-264.418884,-2526.876953,1205.547363,-12054.203125,0.479839,-0.804102,0.350963,0.100000,0.020000,1,0.446049
34.304504,15.779844,0.835450,178.802002,87.466110,214.808960,13150.711914,6720.086426,18222.490234,0.500500,-0.808257,-0.310193,0.100000,0.020000,1,0.186533
33.619370,15.728592,-0.390321,86.487244,33.095909,-280.025452,4479.233887,1784.869385,-17373.455078,0.381119,-0.758909,-0.528021,0.100000,0.020000,1,0.321630
33.855640,15.864244,-0.682796,3.900772,-20.428806,18.229336,-1140.242554,-1325.917725,1171.080444,-0.021458,-0.649081,-0.760417,0.100000,0.020000,1,0.126477
32.419891,16.122770,-1.225215,-230.627167,154.520676,-173.908539,15845.482422,-9060.532227,10488.748047,0.297012,-0.721648,-0.625306,0.100000,0.020000,1,0.455925
33.715580,15.198410,-1.759130,16.822371,83.490234,-334.140137,-10291.472656,-7950.588867,-18793.496094,0.496498,-0.764942,-0.410310,0.100000,0.020000,1,0.846497
36.453636,14.516335,0.630402,740.846191,-175.716217,225.649719,-44162.359375,11185.985352,-13243.810547,0.603759,-0.790783,-0.100684,0.100000,0.020000,1,0.259331
33.935978,15.702129,0.400884,-441.737000,-411.892670,-124.651291,22799.728516,21068.564453,7030.080566,-0.028734,-0.640282,0.767602,0.100000,0.020000,1,0.345012
34.180576,15.625856,-0.325702,-250.218201,96.702927,-158.859406,-15600.794922,5432.043945,-8581.039062,0.087540,-0.663719,-0.742842,0.100000,0.020000,1,0.452580
33.811546,15.769824,0.628707,38.613960,-78.289459,-87.344757,1765.681763,-4048.170166,-5046.947754,0.387711,-0.722988,0.571811,0.100000,0.020000,1,0.157510
34.635891,15.313336,-0.975571,255.734985,-23.753410,-318.856018,19512.193359,-2063.358398,-24755.603516,0.557437,-0.817255,0.146145,0.100000,0.020000,1,0.009656
33.747292,16.200161,-0.209441,-28.520538,247.914825,-76.583450,-2246.499512,19024.126953,-4886.808594,0.602058,-0.768224,-0.217620,0.100000,0.020000,1,0.187957
33.102165,15.678559,-1.031945,-172.248505,107.591278,-277.348572,-13956.442383,8028.494629,-22254.101562,0.618026,-0.777678,0.115161,0.100000,0.020000,1,0.039337
34.062527,15.616144,0.268439,47.925022,141.749786,179.463959,-1754.800659,5605.645508,11518.783203,0.630702,-0.775477,0.029167,0.100000,0.020000,1,0.103682
33.728565,15.545534,0.421458,164.789948,-14.269356,86.396072,9585.326172,-532.653564,5467.141113,0.506769,-0.727584,0.462393,0.100000,0.020000,1,0.664246
33.912132,15.421480,0.246461,-70.995682,-46.144371,-0.383284,-4279.921875,-2663.654541,155.602295,0.627987,-0.745003,0.224952,0.100000,0.020000,1,0.085727
33.968456,15.486083,0.738221,-22.858231,-102.949097,-172.832489,-1725.711670,-6993.798340,-10329.129883,0.311310,-0.681037,0.662777,0.100000,0.020000,1,0.523384
33.707710,15.639563,-0.558639,10.579271,-841.514709,399.515869,-94.063965,-51950.664062,24089.644531,0.617937,-0.718505,-0.319224,0.100000,0.020000,1,0.224542
35.445034,16.011211,4.660317,446.832855,48.767315,1587.568481,12079.427734,673.101807,48292.285156,0.178211,-0.652907,-0.736175,0.100000,0.020000,1,0.066776
33.732296,15.566459,-1.015406,62.180805,-319.914124,-40.225052,2991.744141,-19635.982422,-4844.507812,0.516976,-0.685428,-0.512762,0.100000,0.020000,1,0.185056
32.992851,15.734409,-0.188626,-155.561615,103.852112,-110.115479,-13620.928711,8173.441406,-9039.331055,0.625569,-0.700175,0.344119,0.100000,0.020000,1,0.619777
37.314537,16.637636,-0.063204,1017.611633,444.424561,-196.016693,40581.816406,7592.701172,-11932.919922,0.508755,-0.665446,0.546214,0.100000,0.020000,1,0.458630
33.783291,15.250785,-0.401503,-258.914337,55.699821,-189.413605,-16789.587891,3452.403320,-12920.219727,0.711608,-0.676730,-0.188812,0.100000,0.020000,1,0.256502
34.139011,15.634407,0.201484,-143.718048,186.313721,127.153351,-7992.808105,13354.906250,9166.948242,0.728752,-0.680193,-0.079103,0.100000,0.020000,1,0.604865
36.897224,14.863303,-0.583312,802.259033,-59.131454,-120.571960,63251.472656,-5348.400391,-10130.816406,0.732294,-0.680638,0.021856,0.100000,0.020000,1,0.839718
33.956814,15.351068,-1.750414,106.404907,-44.849182,-271.657776,6420.752441,-3509.805420,-22031.105469,0.405525,-0.649441,-0.643254,0.100000,0.020000,1,0.917747
35.223591,14.496167,-1.507899,381.731201,-203.821350,-361.199341,29450.105469,-16328.613281,-27502.255859,0.630237,-0.651104,-0.422925,0.100000,0.020000,1,0.599189
33.931087,15.229786,-0.091014,-750.564270,-59.085571,244.657959,-47226.109375,-3735.521240,14589.440430,0.743875,-0.656485,0.125214,0.100000,0.020000,1,0.902764
33.799885,15.743255,0.495504,-11.226902,109.104828,19.065460,-1376.969360,8658.464844,1553.711914,0.628040,-0.631140,0.455223,0.100000,0.020000,1,0.727238
33.782478,15.409100,0.380058,-48.817719,-438.575867,251.212616,-3628.933838,-26948.664062,16574.763672,0.733729,-0.639235,0.230259,0.100000,0.020000,1,0.168152
34.445812,15.296702,-0.848084,112.790436,-34.042328,-42.016113,5931.597656,-2927.672852,-2846.126465,0.279643,-0.624214,-0.729491,0.100000,0.020000,1,0.675421
34.169670,15.246920,0.794143,48.165932,-19.689980,47.500114,3541.344727,-2305.690186,3790.986572,0.407918,-0.621999,0.668371,0.100000,0.020000,1,0.231660
32.481266,15.911043,-1.874440,-641.046082,373.750061,-505.140289,-19359.205078,10214.850586,-15360.769531,0.727333,-0.612594,-0.309380,0.100000,0.020000,1,0.456566
33.690277,15.213017,0.336762,268.613800,-154.258835,-328.364532,-9352.786133,5770.548340,-4515.020996,0.736613,-0.589344,0.331775,0.100000,0.020000,1,0.267285
33.812042,15.466404,-0.723933,-34.371361,-368.809570,118.513153,-31.068359,25715.910156,-24444.250000,0.498823,-0.585248,-0.639266,0.100000,0.020000,1,0.975188
33.571316,15.281702,1.080204,-37.340515,49.817505,89.146431,3066.595703,-2412.845703,-6061.876465,0.613450,-0.574750,0.541611,0.100000,0.020000,1,0.491087
33.556419,15.290301,-0.481658,234.682205,-133.246140,591.156494,12407.349609,-9478.520508,37439.500000,0.618422,-0.576540,-0.534000,0.100000,0.020000,1,0.380992
38.012901,17.003698,1.819169,1293.559814,542.300171,512.961670,-75641.085938,-31948.677734,-31602.560547,0.711935,-0.569601,-0.410736,0.100000,0.020000,1,0.587231
33.808498,15.144762,1.019183,-9.053590,23.004107,305.378632,-244.769775,-202.812744,9215.532227,0.824075,-0.557506,-0.100435,0.100000,0.020000,1,0.202406
33.836952,15.128336,-0.681602,-204.133896,124.199539,1148.584595,-14996.916992,5176.625977,69927.718750,0.831797,-0.554593,0.023223,0.100000,0.020000,1,0.824984
33.710297,15.588724,0.885295,98.067444,-38.833801,-121.332733,4287.787109,-3248.761719,-6878.936035,0.080840,-0.629699,0.772622,0.100000,0.020000,1,0.948104
34.073246,15.008249,1.171957,-63.553993,39.342396,594.536560,-3541.795410,2055.416748,41982.625000,0.834599,-0.538271,0.117088,0.100000,0.020000,1,0.378465
33.649193,15.256733,-0.446539,61.923325,-34.093510,178.701294,2551.414062,-1556.195190,10182.110352,0.825326,-0.526779,-0.203325,0.100000,0.020000,1,0.540965
33.290241,15.963742,1.394695,-137.279114,139.188751,259.834045,-12236.610352,9887.729492,19318.818359,0.168838,-0.615155,0.770116,0.100000,0.020000,1,0.975010
33.243305,15.668650,0.280036,215.586304,-112.555511,-32.657295,-8537.337891,4916.984375,2504.835205,0.493183,-0.561481,0.664461,0.100000,0.020000,1,0.424820
36.178646,13.776357,1.290576,595.113037,-289.920441,292.505524,31955.759766,-32274.337891,-5.007812,0.712435,-0.534868,0.454261,0.100000,0.020000,1,0.000598
31.638193,16.658566,1.837900,-722.897522,493.678223,545.740479,42544.332031,-28920.710938,-31699.138672,0.831241,-0.502507,0.237752,0.100000,0.020000,1,0.901411
34.037342,15.188060,-0.095402,-417.621216,42.893593,-419.758484,20927.039062,-2100.666748,19969.925781,0.700848,-0.487582,-0.520650,0.100000,0.020000,1,0.410673
34.102310,15.090519,0.374855,-535.084167,255.135773,-84.500038,-33484.503906,16055.782227,-5115.381348,0.811341,-0.463108,0.356731,0.100000,0.020000,1,0.269207
34.117287,15.308863,-0.547822,-307.054504,-392.197021,99.770271,-19260.177734,-24686.785156,6399.077637,0.598225,-0.491852,-0.632620,0.100000,0.020000,1,0.121156
33.877209,15.153739,-0.425582,162.516937,-89.066910,-39.721573,9521.386719,-5432.564941,-2736.414062,0.796002,-0.445328,-0.409957,0.100000,0.020000,1,0.243067
34.069080,15.592727,0.778570,-167.226624,79.639679,255.254822,-10429.270508,7484.832520,19715.906250,0.905483,-0.414129,-0.092725,0.100000,0.020000,1,0.409446
34.612560,14.680538,-0.105189,204.209763,-115.803352,44.818802,12149.594727,-8040.804688,7974.041992,0.909760,-0.414846,0.015460,0.100000,0.020000,1,0.763361
35.793667,13.998624,-3.074573,477.279724,-260.436890,-857.699402,-28511.386719,16277.274414,52612.292969,0.695353,-0.453731,0.557326,0.100000,0.020000,1,0.385049
34.075089,14.990847,-0.125907,102.733925,-58.474182,-298.444305,6335.166016,-4087.460205,-18671.289062,0.901866,-0.385271,-0.195459,0.100000,0.020000,1,0.279777
31.476036,16.491411,-3.083728,-702.736511,406.164185,-725.782043,-36414.789062,20865.640625,-51699.089844,0.916926,-0.382469,0.113862,0.100000,0.020000,1,0.269652
33.598976,15.811688,1.691574,-287.931641,-41.593742,175.993286,15781.164062,697.144226,-11771.850586,0.579185,-0.476795,0.661220,0.100000,0.020000,1,0.025137
34.852654,14.541920,2.223748,185.057999,-83.406723,432.586426,7471.576172,-9050.747070,13984.382812,0.899072,-0.366631,0.239273,0.100000,0.020000,1,0.756510
32.644951,15.816539,2.332545,-269.962463,159.013367,561.543030,17498.273438,-9869.775391,-35684.671875,0.766113,-0.383544,-0.515719,0.100000,0.020000,1,0.697913
35.229145,14.324553,-0.997039,322.777679,-184.284515,-213.219391,-15618.934570,8979.931641,23500.869141,0.791602,-0.391408,0.469218,0.100000,0.020000,1,0.227069
34.786774,14.579954,0.664562,449.548035,-241.868774,140.335861,17452.216797,-13901.382812,17706.234375,0.875947,-0.346215,0.335933,0.100000,0.020000,1,0.996915
33.732250,15.595997,-1.109817,9.997805,66.264359,-202.561340,574.151123,-3560.451904,11298.242188,0.369824,-0.546510,-0.751370,0.100000,0.020000,1,0.120587
33.797329,15.803593,0.788985,-90.400848,101.615997,39.883759,5435.911133,-6957.126465,-2805.885498,0.755722,-0.367339,0.542167,0.100000,0.020000,1,0.725032
34.105553,15.401256,-0.728689,-247.878418,-116.518539,-0.184268,9223.707031,6453.710938,2056.439941,0.476861,-0.481350,-0.735463,0.100000,0.020000,1,0.166924
34.289921,15.373740,-0.110758,-67.936935,-767.115784,-911.278076,2938.210205,37282.175781,45118.042969,0.896496,-0.320615,-0.305781,0.100000,0.020000,1,0.069908
33.862984,15.113304,0.010102,65.097054,-36.859253,-425.957977,2745.970215,-1755.961914,-26517.777344,0.960441,-0.260838,-0.097550,0.100000,0.020000,1,0.707789
33.918213,15.081420,0.370038,1112.849365,-641.835876,-1130.479004,69116.867188,-40062.632812,-70352.890625,0.957437,-0.254213,0.136714,0.100000,0.020000,1,0.875520
33.279598,15.615898,0.084060,-303.783966,-472.362915,234.420532,17555.173828,21657.546875,-11935.957031,0.966891,-0.255119,0.005956,0.100000,0.020000,1,0.770835
33.478455,15.335315,1.448561,-230.335983,145.990570,618.894470,13372.462891,-7695.061523,-36464.164062,0.667734,-0.374606,-0.643274,0.100000,0.020000,1,0.998463
34.345222,15.099709,-0.139168,-381.083496,-63.981529,-257.713318,18572.208984,2905.216553,12228.835938,0.862044,-0.281116,-0.421728,0.100000,0.020000,1,0.693785
34.350586,14.831787,0.198392,-180.118515,105.218620,-53.606701,-11013.020508,5842.555664,-3462.866699,0.943665,-0.232372,0.235582,0.100000,0.020000,1,0.678232
35.849403,13.966444,-0.252498,514.523254,-296.273499,28.445930,12458.114258,-7394.625977,5191.871582,0.952236,-0.230556,-0.200228,0.100000,0.020000,1,0.780462
33.691307,15.298929,0.909162,4.007444,-41.805725,58.973869,1035.227539,2669.445801,-3528.736816,0.354840,-0.531182,0.769372,0.100000,0.020000,1,0.881997
34.977196,14.774331,1.058952,288.661743,-78.860771,167.373322,-16600.820312,4544.434570,-10146.631836,0.852364,-0.270266,0.447696,0.100000,0.020000,1,0.251199
33.878387,15.104412,0.066478,97.587326,-50.639347,1012.360779,3377.098877,-4879.794922,63241.996094,0.919800,-0.202835,0.335894,0.100000,0.020000,1,0.788470
37.255894,14.728260,-0.448272,933.433594,-101.880661,-81.915802,-54942.371094,5552.475098,4587.485352,0.935488,-0.193392,-0.295740,0.100000,0.020000,1,0.362699
33.194607,16.630527,-2.480264,-199.072708,448.559265,-473.109436,12632.420898,-26073.433594,28614.123047,0.560463,-0.399453,-0.725478,0.100000,0.020000,1,0.770016
34.004524,15.064889,-0.405014,200.564667,-156.575317,6.952486,-12160.800781,20489.886719,9118.258789,0.855702,-0.353679,-0.377736,0.100000,0.020000,1,0.037451
33.633755,15.302015,-0.275952,115.414810,-57.837524,-103.228813,-4218.014160,2385.216797,4377.487793,0.722155,-0.297686,-0.624400,0.100000,0.020000,1,0.776138
34.120678,14.964527,-0.769737,-185.608887,109.160698,575.391602,-12669.340820,5896.983398,35134.167969,0.829306,-0.231627,-0.508528,0.100000,0.020000,1,0.863313
37.114342,13.236133,2.555433,918.288086,-529.162842,613.099731,10555.859375,-6335.673340,45422.832031,0.992543,-0.121836,0.003763,0.100000,0.020000,1,0.963995
33.681103,15.218315,-1.194143,-104.255531,60.731457,-472.701813,6718.318359,-3567.601562,28242.953125,0.800855,-0.227640,0.553905,0.100000,0.020000,1,0.729729
34.741318,14.606199,-0.012906,72.186928,-40.803787,-24.670845,9885.687500,-5912.559570,-3949.236816,0.987823,-0.092233,0.125298,0.100000,0.020000,1,0.486941
34.443687,14.778038,-0.203319,-272.846558,158.428757,-198.839249,-16801.966797,9492.077148,-13033.948242,0.990450,-0.089987,-0.104457,0.100000,0.020000,1,0.313658
35.294758,14.286672,2.228656,303.207336,-87.549324,385.511475,23471.851562,-31759.630859,4764.461914,0.444638,-0.465322,0.765357,0.100000,0.020000,1,0.080709
34.871773,14.793411,2.482374,182.649139,-30.336321,615.523499,-10764.569336,1878.125122,-36419.171875,0.880721,-0.149004,0.449587,0.100000,0.020000,1,0.959475
34.153584,15.026973,0.020903,345.869995,-289.323517,-277.808350,-16966.050781,14155.221680,12786.032227,0.893486,-0.139383,-0.426914,0.100000,0.020000,1,0.559987
34.430618,14.848905,0.343000,-381.703796,-44.558628,-141.215820,19268.537109,3649.200684,6177.411133,0.967691,-0.088011,0.236282,0.100000,0.020000,1,0.705137
35.804703,13.992252,-2.707891,595.115723,-342.834747,-854.554260,23688.000000,-13865.245117,-29177.675781,0.979784,-0.073359,-0.186124,0.100000,0.020000,1,0.638337
35.271721,14.299970,-0.293938,150.574585,-86.749893,28.022242,13462.692383,-7828.029297,1758.295532,0.944355,-0.068138,-0.321795,0.100000,0.020000,1,0.278869
32.402897,15.956288,-0.653649,-522.526245,308.829803,-323.387878,31031.527344,-17506.421875,19648.742188,0.640557,-0.331684,0.692584,0.100000,0.020000,1,0.060370
33.983288,15.106318,0.770838,153.568024,-87.134789,-638.924438,-6939.009766,4399.994141,31473.609375,0.710106,-0.244974,0.660103,0.100000,0.020000,1,0.103931
33.782787,15.241720,0.026616,321.804260,-300.996399,180.871277,-14652.976562,14212.333008,-10356.639648,0.856154,-0.111276,-0.504596,0.100000,0.020000,1,0.920754
31.592861,16.423964,-1.222963,-734.593140,424.243347,-514.826477,-30285.140625,17458.773438,-7618.666016,0.944350,-0.043856,0.326004,0.100000,0.020000,1,0.759856
33.168694,15.565034,-1.327164,-261.567200,165.812408,-199.910095,16145.946289,-9720.841797,12056.004883,0.757630,-0.172943,-0.629355,0.100000,0.020000,1,0.653444
34.564041,14.762337,0.103717,27.037544,-112.458496,36.081520,-19686.919922,16560.703125,8153.811523,0.999094,0.042085,0.006239,0.100000,0.020000,1,0.813542
34.806511,14.928049,0.915182,165.482147,-67.914413,41.994217,12932.057617,-5877.839844,3598.207520,0.527696,-0.376851,0.761262,0.100000,0.020000,1,0.805641
34.877880,15.111220,-0.339845,51.205246,64.834106,318.591278,5882.985840,3648.154785,21472.160156,0.604105,-0.304843,-0.736293,0.100000,0.020000,1,0.918761
34.527267,14.764486,0.187960,-16.132919,4.571053,-151.170517,-259.500916,-434.707428,-10802.800781,0.836893,-0.080250,0.541453,0.100000,0.020000,1,0.803826
34.602852,14.831863,-0.234334,-73.422554,-53.577057,406.573730,-3692.605225,-3438.354248,26214.083984,0.914337,-0.008147,-0.404873,0.100000,0.020000,1,0.307127
34.525696,15.098054,0.214001,6.874474,52.319244,27.932335,-645.795593,-3555.365234,-1682.167480,0.990276,0.069565,0.120477,0.100000,0.020000,1,0.785284
35.005711,16.186457,1.263830,149.055817,119.470680,74.349228,-9052.151367,-9878.388672,-7405.152832,0.991935,0.073632,-0.103167,0.100000,0.020000,1,0.933406
33.079807,15.565472,2.754775,-103.550293,149.175140,520.444580,-9810.697266,-21570.603516,15056.754883,0.898992,0.002635,0.437958,0.100000,0.020000,1,0.737150
35.712967,14.906075,2.440512,340.890259,19.188625,602.967651,-20531.685547,-1354.153564,-37289.863281,0.975044,0.081329,-0.206581,0.100000,0.020000,1,0.402132
34.447826,14.968761,0.067156,-332.495422,66.337349,704.265625,16325.501953,-3127.358398,-33780.476562,0.740403,-0.133297,0.658813,0.100000,0.020000,1,0.108629
33.769150,15.167482,0.714861,-33.578438,19.775135,47.039391,-5064.653809,2659.593750,4694.437500,0.937052,0.085347,0.338598,0.100000,0.020000,1,0.980775
33.932220,15.073332,-0.950789,172.863724,-97.192513,843.935730,-800.000977,1093.264404,-24434.109375,0.654156,-0.218454,-0.724126,0.100000,0.020000,1,0.948442
33.296715,15.440243,-1.308618,-405.980072,234.805954,-291.358063,23495.179688,-13555.565430,17374.070312,0.944828,0.118035,-0.305563,0.100000,0.020000,1,0.197815
34.297340,15.167659,-1.219429,13.763472,6.054146,-148.476013,-435.116913,-816.865051,9195.423828,0.776605,-0.053783,-0.627688,0.100000,0.020000,1,0.564062
34.386768,14.810900,0.272185,171.411530,-98.841637,-140.725739,10413.006836,-6048.991699,-8640.498047,0.962712,0.132646,0.235775,0.100000,0.020000,1,0.045120
36.458019,13.615063,0.096058,546.848877,-314.816223,-2.883491,23998.703125,-14270.823242,5259.374023,0.975711,0.204452,-0.078655,0.100000,0.020000,1,0.336933
34.338898,14.838539,-0.572869,-545.523071,317.264404,747.713257,-35586.457031,18904.119141,46914.562500,0.845034,0.057926,-0.531566,0.100000,0.020000,1,0.257961
35.310402,14.277639,0.083415,122.426437,-70.356514,292.734802,11773.041992,-6954.649414,15867.857422,0.967450,0.226270,0.113326,0.100000,0.020000,1,0.723662
34.838791,15.013888,0.504327,45.883087,26.694351,83.859482,-3056.169678,-2169.256104,-5492.330078,0.972188,0.232396,0.029026,0.100000,0.020000,1,0.455498
34.099365,14.976830,1.071193,10.517175,-3.829344,-208.845612,-1216.014526,-1236.279663,-11285.512695,0.761273,-0.029331,0.647767,0.100000,0.020000,1,0.595434
31.688820,16.368561,1.600263,-833.020264,492.832825,226.028870,49227.054688,-28671.712891,-14293.556641,0.830626,0.071326,0.552244,0.100000,0.020000,1,0.672805
33.815659,15.244201,0.204498,205.359619,-279.250702,-175.130524,10014.943359,-15823.406250,-11878.169922,0.883562,0.148618,0.444107,0.100000,0.020000,1,0.475962
34.559875,14.758097,-0.499263,-27.429062,16.391151,84.531082,-1591.885010,853.716431,4845.302246,0.892380,0.159089,-0.422314,0.100000,0.020000,1,0.497511
34.580467,14.716048,0.038046,278.509521,-205.284348,501.559753,17609.164062,-13018.779297,30917.244141,0.941889,0.236771,0.238295,0.100000,0.020000,1,0.204968
34.269909,15.363063,0.544935,-5.218797,60.920425,-48.749687,-294.440063,3716.567383,-3876.153564,0.628621,-0.191268,0.753825,0.100000,0.020000,1,0.025706
34.493328,14.825356,0.023989,12.181988,15.990738,251.523010,-897.528870,-137.143967,-14409.673828,0.688029,-0.097018,-0.719169,0.100000,0.020000,1,0.562639
34.625389,14.915942,-0.514600,-136.266937,90.822723,31.120125,6591.343750,-4746.861816,-1407.760254,0.846231,0.158711,-0.508630,0.100000,0.020000,1,0.999548
37.728165,12.898194,-1.775535,907.167603,-518.768188,-517.617188,-53822.871094,30957.609375,29937.535156,0.910028,0.271358,-0.313391,0.100000,0.020000,1,0.304920
34.482567,14.755591,-1.101287,-712.423340,426.767242,1749.345215,-49258.753906,19741.375000,108999.265625,0.775973,0.083974,-0.625152,0.100000,0.020000,1,0.590968
35.838856,15.484717,-0.458998,288.724976,188.007660,-215.773071,23327.419922,14920.769531,-16837.552734,0.899208,0.270481,0.343897,0.100000,0.020000,1,0.143399
34.751259,15.037538,0.529673,173.616638,8.512894,127.452057,11260.958984,1961.808105,10629.085938,0.929154,0.356440,-0.098100,0.100000,0.020000,1,0.798754
35.051708,16.343950,1.281296,84.660011,516.584839,324.529358,2899.533936,16270.706055,28062.009766,0.930971,0.364438,0.021879,0.100000,0.020000,1,0.191533
34.694252,14.719558,0.391190,-151.496307,87.151581,163.111115,-9063.882812,4936.494629,9871.580078,0.818213,0.183674,0.544786,0.100000,0.020000,1,0.544559
34.700165,14.730817,-0.251282,-3.783723,-63.690872,265.487671,14.144620,-3945.459961,16446.425781,0.930337,0.310263,-0.195472,0.100000,0.020000,1,0.143720
33.434505,16.630644,-0.062624,-228.397125,503.968262,135.033035,-16384.351562,21028.345703,1988.800659,0.869041,0.290696,-0.400328,0.100000,0.020000,1,0.978764
34.627029,15.263752,0.451318,-87.606369,75.122986,-179.574554,-5799.071777,7040.873535,-10268.303711,0.906849,0.361400,0.216831,0.100000,0.020000,1,0.672342
32.628410,16.587933,-0.908217,-642.119690,526.339355,-231.620026,-19995.939453,21695.750000,-11980.109375,0.908040,0.364748,-0.205968,0.100000,0.020000,1,0.746812
34.684155,15.005039,0.319451,-15.233160,-119.040497,132.118134,687.381042,5380.516113,-6358.398438,0.841880,0.291389,0.454236,0.100000,0.020000,1,0.234205
32.227772,16.057394,1.160011,-622.024048,359.297424,195.883774,-32768.703125,18495.185547,9707.716797,0.909358,0.398869,0.118199,0.100000,0.020000,1,0.271235
34.732834,15.114721,0.758923,-354.940979,-228.061401,-218.303284,13620.421875,17836.667969,8309.196289,0.737193,0.099393,0.668332,0.100000,0.020000,1,0.591804
34.537556,14.723841,2.911287,43.283165,-22.627565,650.734253,-1657.259644,1169.013184,-41221.746094,0.868577,0.383287,-0.314112,0.100000,0.020000,1,0.392897
34.852322,14.542112,-0.268704,-103.988670,62.725941,-38.355980,-6836.419922,2044.035400,-4814.642578,0.864856,0.383757,0.323658,0.100000,0.020000,1,0.458398
33.386257,15.388545,0.336657,-361.969910,209.645813,303.369507,35131.679688,-19568.183594,-13810.569336,0.683864,0.014638,-0.729463,0.100000,0.020000,1,0.345866
34.761906,15.055827,-0.744576,-102.615479,64.612808,338.577515,4760.498047,-3677.180664,-16414.439453,0.759329,0.217527,-0.613271,0.100000,0.020000,1,0.781352
34.711227,15.132705,-0.415874,-238.828247,65.079666,-466.461731,-4506.300781,1660.576660,26353.117188,0.793822,0.314176,-0.520711,0.100000,0.020000,1,0.752240
36.096130,15.256058,-1.789628,310.703918,41.090454,-449.997559,24989.218750,4959.916504,-35594.746094,0.859675,0.504874,-0.077853,0.100000,0.020000,1,0.712148
34.278618,14.947618,0.628120,53.821495,-28.978775,-14.844716,1987.942749,-1702.831787,-751.836182,0.737957,0.196669,0.645554,0.100000,0.020000,1,0.206000
34.719578,14.979959,0.200588,131.010437,-541.171082,-269.757935,7773.737793,-33073.691406,-17013.197266,0.835683,0.504066,0.218065,0.100000,0.020000,1,0.557977
34.778927,14.696863,0.117859,55.417648,-34.066124,-478.227112,3206.956299,-2233.935547,-28960.144531,0.834428,0.515823,-0.194056,0.100000,0.020000,1,0.480072
34.920048,14.645736,-0.058087,-77.870071,42.346359,22.472340,-4655.514160,2442.914062,1084.618408,0.846299,0.532163,0.024109,0.100000,0.020000,1,0.409677
34.682522,15.004959,-0.728000,21.298983,50.762581,-91.440811,870.660461,4136.698730,-7203.452148,0.793207,0.434965,-0.426178,0.100000,0.020000,1,0.717576
41.386463,11.374529,2.907577,2003.625732,-1013.278564,666.676758,155302.046875,-79319.796875,51401.867188,0.662728,0.010478,0.748787,0.100000,0.020000,1,0.647376
34.810501,14.716432,-0.693779,113.063843,-60.176819,17.714594,8130.803223,-4922.026855,915.414307,0.689612,0.123860,-0.713509,0.100000,0.020000,1,0.901767
35.741886,14.717006,0.016470,224.217285,-134.886871,-133.578857,-13757.093750,6966.509277,7767.231934,0.772545,0.436795,0.460851,0.100000,0.020000,1,0.551980
33.902977,15.154862,0.415916,-2.903183,21.265114,164.588074,8535.416016,-6044.620117,-2751.040527,0.790363,0.525579,-0.314790,0.100000,0.020000,1,0.721776
33.690704,15.981146,-1.355842,-271.793640,285.069153,-217.855225,16626.494141,-17396.798828,13321.549805,0.745308,0.427988,-0.511217,0.100000,0.020000,1,0.360884
33.819145,15.138617,-0.049237,-174.658112,126.841530,202.961395,-8386.596680,-83.255493,7603.915527,0.708055,0.309881,-0.634533,0.100000,0.020000,1,0.916216
34.954998,14.994341,0.071469,45.524147,-88.718384,-44.702248,2781.540527,-4479.097656,-2609.814941,0.768719,0.639173,0.022978,0.100000,0.020000,1,0.666381
35.001663,14.937473,0.653465,44.844940,50.059227,46.056061,3438.806641,333.840088,1111.655518,0.711208,0.423885,0.560807,0.100000,0.020000,1,0.349140
36.560680,13.663543,-0.331471,515.595764,-459.928802,39.471302,15199.083008,-13761.888672,-971.075195,0.739687,0.532189,-0.411872,0.100000,0.020000,1,0.162742
33.683594,16.550695,1.245822,-290.674683,501.308899,292.227783,-5951.492188,17190.068359,11476.804688,0.727273,0.524136,0.443121,0.100000,0.020000,1,0.576109
35.338703,15.252068,0.105035,163.081482,19.851845,53.759247,-357.035156,11550.065430,-20426.339844,0.754803,0.649345,-0.092867,0.100000,0.020000,1,0.495376
34.815842,14.563174,-2.122283,48.133850,51.096672,-634.947205,-6908.914551,-12109.839844,-20598.304688,0.744705,0.656957,0.117567,0.100000,0.020000,1,0.812706
35.116611,15.017372,0.783368,30.911011,76.787888,37.924053,-3035.614990,-3824.492432,-2183.588867,0.654140,0.102939,0.749336,0.100000,0.020000,1,0.693713
35.733494,14.033366,-1.550390,286.979340,-122.864647,-574.276611,7839.394531,-13782.841797,-21076.751953,0.738504,0.337027,0.583973,0.100000,0.020000,1,0.003605
34.675495,16.076082,0.500723,230.789307,-37.671547,-83.820198,14324.952148,2445.145020,-5700.689453,0.681602,0.311428,0.662141,0.100000,0.020000,1,0.723342
34.837990,14.800021,0.151688,-18.919292,41.938484,3.717948,-1603.481079,2965.028076,356.980652,0.788945,0.599368,0.135369,0.100000,0.020000,1,0.015599
35.224186,14.741576,0.213361,37.933205,-32.671150,-1.915418,3359.661133,-2141.770996,-164.677277,0.727376,0.640050,0.247509,0.100000,0.020000,1,0.158293
34.618977,15.730052,0.157935,-29.351273,36.115395,203.717438,1421.073730,-3721.489746,7995.300781,0.711385,0.632841,-0.305687,0.100000,0.020000,1,0.862192
35.821167,16.042999,0.004957,156.722885,348.807495,52.579002,-2978.664062,13754.544922,1829.251099,0.725785,0.661528,-0.188723,0.100000,0.020000,1,0.119252
35.371101,14.324245,0.026173,102.522522,-34.448326,-135.777100,8263.671875,-4065.242920,-9782.728516,0.733851,0.582361,0.349740,0.100000,0.020000,1,0.036507
34.281544,15.139723,-1.486536,-202.500931,50.424118,-297.123260,-5877.933105,1445.261719,-9180.877930,0.664327,0.526971,-0.530068,0.100000,0.020000,1,0.490197
34.287266,15.331768,-0.574393,-170.233948,66.729111,-211.416138,-13842.420898,6431.390625,-17033.132812,0.672131,0.657330,0.340819,0.100000,0.020000,1,0.830838
35.048382,14.852026,0.440241,199.131104,-337.774536,92.373840,12374.642578,-20984.666016,7986.399414,0.671626,0.736158,-0.083603,0.100000,0.020000,1,0.635792
34.908947,15.106514,-0.683833,65.287933,-203.308777,300.854553,4353.810059,-11991.140625,18497.431641,0.645679,0.437609,-0.625777,0.100000,0.020000,1,0.660580
35.135086,14.986529,0.515204,-363.481873,70.987717,-129.210999,-22127.189453,4993.148438,-8024.968262,0.648381,0.541594,0.535050,0.100000,0.020000,1,0.420461
34.962132,14.686102,0.498107,37.007607,-4.249409,24.073479,2118.102783,-883.824280,1965.364868,0.645876,0.628897,0.432820,0.100000,0.020000,1,0.608566
35.088257,14.898278,-0.243323,21.638523,-18.782667,31.013611,1649.858765,-887.556641,2504.985840,0.649617,0.637720,-0.413897,0.100000,0.020000,1,0.242391
35.608189,15.436127,-0.057226,127.977112,112.932556,-37.414490,10152.239258,9857.277344,-3056.738281,0.652817,0.747846,0.120650,0.100000,0.020000,1,0.994762
34.308113,15.034605,0.017238,-247.231171,-4.781647,55.857712,-5405.492676,-1996.170166,-4000.111328,0.627568,0.750521,-0.207065,0.100000,0.020000,1,0.982679
35.682884,14.842089,0.327296,119.574005,-16.761734,103.612640,8538.865234,-1887.253540,2144.348633,0.637358,0.770464,0.012671,0.100000,0.020000,1,0.709942
33.611172,15.535463,2.701365,-358.356323,290.767639,674.629333,-13158.235352,9704.180664,13274.845703,0.637399,0.203489,-0.743178,0.100000,0.020000,1,0.108807
34.847496,16.420574,0.973715,3.389550,320.105957,99.531464,170.424606,26431.220703,7867.049316,0.618139,0.430931,0.657421,0.100000,0.020000,1,0.412186
34.763321,14.729777,-0.200222,308.049316,-180.314590,879.291016,17884.929688,-11726.521484,53841.156250,0.613000,0.759431,0.217935,0.100000,0.020000,1,0.340349
34.723171,14.749285,-0.356014,-221.590790,126.940849,-298.202484,-14896.835938,7322.700195,-18006.470703,0.597850,0.520468,-0.609662,0.100000,0.020000,1,0.283104
35.109558,15.419978,-0.497199,90.107140,-375.782013,209.228287,6012.434082,-21463.076172,13048.361328,0.591924,0.625828,-0.507902,0.100000,0.020000,1,0.694461
35.066650,15.199191,-0.430340,-145.435623,-381.097717,326.628937,-9503.384766,-22550.205078,19950.464844,0.583140,0.755159,-0.299470,0.100000,0.020000,1,0.163311
34.898754,14.760729,-0.597494,-266.315765,-41.300461,-125.881981,-16215.164062,-3549.523926,-7672.765625,0.607725,0.305768,-0.732923,0.100000,0.020000,1,0.994441
35.495506,15.565683,-0.582057,118.579407,34.242447,-70.845963,9022.385742,5051.055176,-5354.498047,0.555519,0.723357,-0.410065,0.100000,0.020000,1,0.795516
34.515167,15.996607,0.030226,-151.483627,216.916321,-96.679382,9313.424805,-13933.518555,5594.081055,0.556964,0.756592,0.342577,0.100000,0.020000,1,0.982359
35.174351,14.356188,-0.649245,176.693649,-75.496208,-282.910126,4993.035645,-9404.829102,-3805.419922,0.544400,0.832599,-0.102018,0.100000,0.020000,1,0.795640
34.917683,15.251826,0.508282,341.827576,-146.128510,-313.752380,-19192.816406,8568.375000,13759.687500,0.548695,0.628888,0.550848,0.100000,0.020000,1,0.699372
36.482288,15.350711,-0.603598,358.718842,49.693558,-118.683090,-21337.888672,-3817.100586,7124.087402,0.523746,0.831898,-0.183400,0.100000,0.020000,1,0.588548
35.312679,15.053123,0.160618,-405.185486,-84.975784,95.637825,-25327.986328,-4544.794922,6630.289062,0.517028,0.855722,0.020547,0.100000,0.020000,1,0.615008
35.545853,14.953456,-0.795835,115.622314,-39.799599,-102.327667,8613.060547,-2240.475342,-8702.767578,0.495774,0.819904,-0.286295,0.100000,0.020000,1,0.932658
35.524864,15.318105,0.066979,82.964752,65.712479,-17.258331,5080.108887,804.559082,-1353.050781,0.508589,0.850936,0.131320,0.100000,0.020000,1,0.265345
35.106930,14.660844,0.206816,-4.030441,-71.956345,87.661789,-834.061462,-5455.902344,5558.525391,0.498236,0.838136,0.222009,0.100000,0.020000,1,0.647020
34.905415,14.511460,0.894054,77.234474,-23.859667,67.378944,12736.583008,-11628.512695,627.533203,0.543513,0.519865,0.659040,0.100000,0.020000,1,0.433539
35.052887,14.426315,0.611871,-346.928284,201.189438,-369.630890,-22636.187500,10280.071289,-22504.863281,0.494316,0.744636,0.448518,0.100000,0.020000,1,0.336274
35.219200,14.330296,-0.353835,51.807266,-13.487272,-139.888214,-2767.151123,2339.123047,6712.887207,0.475542,0.719518,-0.506117,0.100000,0.020000,1,0.721366
35.616192,14.101092,0.664949,248.280167,-98.273880,123.921539,-13420.899414,7149.969727,-7141.072754,0.453974,0.818995,0.350935,0.100000,0.020000,1,0.319565
34.693161,15.505789,0.507571,-14.416046,118.691246,-73.441086,4117.358398,-312.340332,1179.172852,0.612921,0.208757,0.762068,0.100000,0.020000,1,0.030920
34.561970,15.083065,0.257052,45.157547,-172.527435,699.889893,2018.062744,-10588.992188,42392.093750,0.581104,0.299581,0.756683,0.100000,0.020000,1,0.886019
35.283653,14.935019,0.296891,6.791595,1.104744,-114.777435,134.902924,20.448734,-6445.674316,0.383821,0.915987,0.116829,0.100000,0.020000,1,0.314458
36.373768,14.680430,0.166381,319.443024,-94.242874,106.010620,11174.740234,-2697.321777,4935.476562,0.371248,0.924148,-0.090138,0.100000,0.020000,1,0.559436
35.065033,15.134348,-0.624846,85.032196,-34.679039,35.451599,5319.631348,-1581.964233,2009.910400,0.464045,0.622048,-0.630649,0.100000,0.020000,1,0.202050
35.398342,15.464845,0.470418,73.037415,100.823074,-15.634035,1995.469482,3615.846680,-505.620270,0.423360,0.714790,0.556634,0.100000,0.020000,1,0.183402
35.189903,15.244411,0.348089,127.678040,-598.307556,315.065613,7790.715332,-36670.003906,19636.263672,0.392623,0.801360,0.451297,0.100000,0.020000,1,0.518330
35.284306,14.955450,-0.639907,11.578939,-42.013992,-53.186630,764.097534,-2742.214355,-4483.633301,0.387987,0.825686,-0.409522,0.100000,0.020000,1,0.138274
35.521957,14.542463,0.242473,77.073212,-76.515472,26.440914,6671.870117,-5348.600586,-365.408325,0.352998,0.905652,0.234917,0.100000,0.020000,1,0.707237
35.300789,15.217064,-0.130925,-18.976292,-44.120335,218.226135,-1529.540649,-1725.591797,13219.864258,0.355648,0.934618,0.002012,0.100000,0.020000,1,0.508970
34.850193,15.148568,-0.626079,46.428345,-39.068035,-69.533768,2877.436035,-1889.178345,-4199.416992,0.536777,0.400767,-0.742466,0.100000,0.020000,1,0.157065
35.765320,14.974799,-1.336464,289.066101,30.174809,-162.295288,21576.699219,1740.920044,-13132.839844,0.486960,0.503819,-0.713468,0.100000,0.020000,1,0.934741
34.509525,14.740025,0.171517,-301.611969,176.397171,-275.701752,-21974.814453,9080.930664,-19288.011719,0.452268,0.592284,0.666823,0.100000,0.020000,1,0.665563
32.463371,15.974654,-3.207824,-574.459351,347.810181,-766.950256,36032.269531,-19975.677734,45557.035156,0.396103,0.682246,-0.614526,0.100000,0.020000,1,0.780159
35.823021,14.687543,-0.183880,138.814148,-203.461060,36.530441,-8183.686523,11068.480469,-2103.529541,0.309238,0.896952,-0.315989,0.100000,0.020000,1,0.411136
35.812401,14.943713,-0.346212,174.964630,-63.383766,-220.633759,-9970.359375,3382.926758,12795.410156,0.305019,0.891661,0.334522,0.100000,0.020000,1,0.770283
35.476051,15.190178,0.168361,-58.609329,42.268837,-126.531097,-3529.999512,3359.733154,-7321.000977,0.270690,0.962615,0.010010,0.100000,0.020000,1,0.414037
35.056412,15.131900,-0.565059,-45.078724,-60.251793,-12.333310,-1938.609009,-2124.404541,-86.737000,0.330272,0.787013,-0.521087,0.100000,0.020000,1,0.078004
35.160851,15.566255,-0.246525,128.485367,125.358734,93.292633,7364.642090,10095.839844,6445.053711,0.294031,0.858664,-0.419812,0.100000,0.020000,1,0.896518
35.092052,15.274131,0.182419,207.461487,11.714504,-44.382843,11612.857422,1694.621948,-1669.540649,0.245003,0.964576,-0.097803,0.100000,0.020000,1,0.431190
35.342472,14.934805,0.706545,-2.846882,77.934906,64.986511,198.668839,4408.692871,4947.673828,0.319425,0.766263,0.557502,0.100000,0.020000,1,0.625792
34.628925,15.045770,-0.607027,-219.617767,163.164124,-268.125092,-17089.033203,10428.468750,-18681.439453,0.295646,0.932763,-0.206271,0.100000,0.020000,1,0.028162
35.202404,15.367601,0.092224,142.515839,44.231750,46.606659,7991.650391,4034.340332,2492.408447,0.222251,0.949635,0.220901,0.100000,0.020000,1,0.720263
35.265072,15.085838,-0.301359,-40.926025,-85.247620,-111.613861,-3403.322754,-5302.832520,-8733.716797,0.217165,0.969506,0.113570,0.100000,0.020000,1,0.939759
35.691315,15.500791,0.212346,172.147644,-36.279037,217.475525,13562.489258,-401.418884,17300.970703,0.418108,0.565610,-0.710824,0.100000,0.020000,1,0.814823
35.100380,15.781490,0.934347,2.921776,116.526550,91.762573,1588.926514,8983.272461,6212.074219,0.352049,0.671380,0.652158,0.100000,0.020000,1,0.268655
35.139561,14.549422,0.203164,-179.388153,156.039078,240.917572,-12576.581055,7507.087402,14843.895508,0.184352,0.929066,0.320703,0.100000,0.020000,1,0.788861
35.042664,14.719512,-0.223383,-75.586334,45.255081,174.732727,-6476.325684,1198.860840,11237.308594,0.173182,0.937426,-0.302060,0.100000,0.020000,1,0.280115
35.458912,14.627790,0.451113,158.924835,-164.932678,-73.120407,12560.963867,-12106.959961,-5624.185547,0.517889,0.381337,0.765750,0.100000,0.020000,1,0.248209
35.271271,14.517239,1.075904,-10.874735,18.790356,122.074738,662.536987,-1039.373901,9351.188477,0.460183,0.468374,0.754226,0.100000,0.020000,1,0.995349
35.043667,15.844131,-0.473631,38.787148,64.105988,-19.586926,1628.655640,7172.680664,-901.430054,0.286037,0.737035,-0.612342,0.100000,0.020000,1,0.388804
35.300198,15.255167,0.474620,-11.222107,-27.381714,-24.625347,-595.681030,-458.395081,-1535.916138,0.221235,0.867041,0.446424,0.100000,0.020000,1,0.005136
35.346443,15.353539,0.210044,86.399368,-40.281044,-186.406860,4726.847656,-1674.017944,-10929.199219,0.113249,0.993508,0.010801,0.100000,0.020000,1,0.867530
35.495869,14.950924,0.570964,25.898113,-83.218124,85.978485,1494.283936,-6177.681152,7411.322754,0.082896,0.990872,0.106299,0.100000,0.020000,1,0.941680
35.936047,15.398030,-0.365758,186.309723,46.377228,33.835106,14223.098633,4009.715332,2615.171631,0.196340,0.824110,-0.531313,0.100000,0.020000,1,0.198989
35.435970,15.306924,0.307846,-331.263367,26.551590,169.114532,-20898.095703,2228.373779,10334.831055,0.122803,0.894285,0.430318,0.100000,0.020000,1,0.760603
35.127827,14.868464,0.360442,-95.673843,102.183746,-181.659241,-7749.462891,5140.411133,-9654.200195,0.070025,0.994254,-0.080969,0.100000,0.020000,1,0.214417
35.391487,15.612113,0.189333,360.560364,-399.510590,-205.695389,22209.667969,-23474.814453,-13009.942383,0.063097,0.974283,0.216315,0.100000,0.020000,1,0.184861
33.690807,16.036140,-0.389574,-346.937256,233.777283,-76.731255,-29573.546875,18265.453125,-5717.882812,0.059893,0.978093,-0.199368,0.100000,0.020000,1,0.993445
36.996346,16.173954,0.625224,526.520142,181.963623,22.138643,19440.984375,9226.166992,792.459106,0.184511,0.810114,0.556481,0.100000,0.020000,1,0.372931
34.983414,14.770381,0.784775,140.128616,-66.906372,-271.084229,7737.149414,-5787.218750,-16282.670898,0.233963,0.724291,0.648586,0.100000,0.020000,1,0.129306
34.796635,15.106007,-0.421472,44.791252,24.750296,83.955986,284.414276,833.929382,2857.232910,0.175743,0.774315,-0.607907,0.100000,0.020000,1,0.878385
35.032551,14.744653,0.022243,25.209221,-9.673470,-465.210449,-112.405457,-2454.649170,-27646.652344,0.108617,0.896303,-0.429934,0.100000,0.020000,1,0.067470
35.493176,15.527218,-0.378754,-375.981140,-34.760216,142.904816,-23773.296875,-648.788208,8238.818359,0.109242,0.971136,-0.212041,0.100000,0.020000,1,0.116138
34.984745,15.378383,0.635761,43.778694,-87.821854,13.039656,2545.979736,-4351.133789,630.144226,0.378348,0.536898,0.754051,0.100000,0.020000,1,0.615097
35.287411,15.062493,-0.087532,62.561584,-66.500015,160.235046,4631.999023,-4456.605469,12507.594727,0.308802,0.609583,-0.730103,0.100000,0.020000,1,0.553635
35.149349,14.947392,-0.379905,-836.120422,505.682556,351.553192,-54313.972656,30679.027344,21813.876953,0.016964,0.947103,-0.320482,0.100000,0.020000,1,0.489930
35.210987,15.218657,-0.043451,-39.424355,-113.821457,-11.697311,-3755.949707,-7336.118164,-2215.226807,0.007541,0.939399,0.342742,0.100000,0.020000,1,0.998676
35.488785,15.936468,1.107228,25.301613,54.011063,277.631470,1189.706909,6140.207520,22080.134766,-0.051940,0.998473,0.018843,0.100000,0.020000,1,0.772597
35.368767,15.250607,-0.002975,-133.566803,-44.428551,16.581322,-8773.725586,-3341.438477,2496.622070,-0.065307,0.990029,0.124810,0.100000,0.020000,1,0.528117
36.024174,15.485459,0.508760,164.116089,-78.420967,124.919426,7883.458984,206.926514,5253.045898,-0.083393,0.992735,-0.086738,0.100000,0.020000,1,0.086172
34.371876,16.909939,0.527774,-56.622498,472.015991,295.833313,-20061.289062,25268.691406,31389.328125,0.226571,0.670178,-0.706772,0.100000,0.020000,1,0.455925
35.344315,15.320208,0.671353,-111.776917,18.940037,-158.336365,-6930.372559,1626.973145,-9602.738281,0.133226,0.757796,0.638745,0.100000,0.020000,1,0.884773
33.842049,15.640146,-0.300574,-429.139160,54.742172,-245.157654,-33641.636719,5064.570312,-18793.019531,0.053143,0.836281,0.545720,0.100000,0.020000,1,0.665722
35.191620,15.498987,0.372470,-53.744751,-84.015839,-74.794998,2695.994141,-1240.961426,-5077.114258,-0.018400,0.903894,0.427361,0.100000,0.020000,1,0.928779
35.083878,15.246921,0.112068,124.265259,-564.535706,-513.150513,5763.484863,-35962.812500,-31160.568359,-0.092252,0.975132,-0.201510,0.100000,0.020000,1,0.582658
34.486843,14.753119,1.422786,11.173742,85.202072,100.456253,-11137.007812,-14257.126953,10163.845703,0.286492,0.604003,0.743708,0.100000,0.020000,1,0.622571
34.766819,16.324324,-0.244745,-63.063187,28.781754,42.458298,-10126.640625,-6211.016113,-20022.396484,-0.030389,0.859732,-0.509840,0.100000,0.020000,1,0.286111
34.328972,15.351970,0.719544,-290.201233,-66.813316,168.401794,17921.345703,3368.099365,-9779.402344,-0.129297,0.961427,0.242776,0.100000,0.020000,1,0.098255
35.528980,15.610021,0.140568,48.586380,4.313831,-30.021278,-2340.437744,-866.648621,1927.323608,-0.127960,0.935672,0.328853,0.100000,0.020000,1,0.709728
35.956051,15.144903,0.279564,182.360992,-120.300224,268.249634,8203.721680,-3322.897705,6769.083008,0.029023,0.791035,-0.611082,0.100000,0.020000,1,0.603317
35.400631,14.972516,-0.186038,-306.561523,265.102661,12.602421,-20038.574219,15057.050781,1230.970459,-0.132724,0.937751,-0.320948,0.100000,0.020000,1,0.209310
35.887608,17.053364,0.003394,79.492554,383.644409,49.591286,6997.201660,14153.462891,-3487.486816,-0.217298,0.976099,0.003519,0.100000,0.020000,1,0.192779
35.452419,15.588310,-0.304220,-66.255249,-68.437706,14.544903,-4413.932617,-3211.352051,1255.391113,-0.057226,0.903078,-0.425648,0.100000,0.020000,1,0.080495
35.268513,15.597079,0.282081,60.068253,-38.988163,-450.798401,2998.840820,-1459.711670,-29317.753906,-0.069505,0.838614,0.540274,0.100000,0.020000,1,0.889418
35.187206,15.222055,-0.289247,-434.770203,267.448730,-65.065605,-28929.994141,16112.444336,-3787.691895,-0.155085,0.901371,-0.404327,0.100000,0.020000,1,0.531213
35.515015,15.728325,0.080866,-27.010574,95.436981,25.791466,-2172.185303,7184.353027,1531.473633,-0.236190,0.964883,0.114953,0.100000,0.020000,1,0.868100
35.559669,15.684288,-0.168003,-20.241447,-56.546440,60.899536,-1573.712891,-2597.072754,3428.295898,-0.238787,0.968112,-0.075768,0.100000,0.020000,1,0.584081
35.318825,15.485403,0.672927,-243.528381,55.409714,-370.241791,-15538.279297,4227.737793,-23010.570312,0.020760,0.760499,0.649008,0.100000,0.020000,1,0.482314
35.021862,16.571352,0.635860,3.042901,283.391174,-18.532135,-184.542145,22525.480469,-1478.224365,0.195460,0.638214,0.744633,0.100000,0.020000,1,0.211784
37.207973,16.288406,0.243070,618.220276,196.083679,-115.108147,21049.929688,6907.914551,-5280.748535,-0.166059,0.876708,0.451451,0.100000,0.020000,1,0.113611
35.567612,15.735206,0.218459,-191.991638,-12.382215,105.241272,-12204.711914,297.313416,6344.958008,-0.245342,0.914959,0.320403,0.100000,0.020000,1,0.055263
33.931892,16.279280,0.668606,-391.946289,103.369263,261.649384,-31674.837891,9863.098633,20488.205078,-0.250109,0.916614,-0.311872,0.100000,0.020000,1,0.928690
35.659710,15.367232,0.053717,-447.847229,167.440369,-205.546112,-28089.341797,10072.416016,-11936.813477,-0.266904,0.939411,-0.215105,0.100000,0.020000,1,0.194078
34.605267,16.163151,-1.406398,-143.264679,165.859039,-194.440765,-11792.429688,14206.956055,-15422.838867,0.104419,0.684233,-0.721749,0.100000,0.020000,1,0.178081
35.206909,15.608499,-0.505446,112.872910,-39.631874,47.062752,6245.675293,-1554.417969,3171.232666,-0.075636,0.787247,-0.611982,0.100000,0.020000,1,0.364336
34.886665,15.994596,0.981932,-136.939468,189.187408,70.312981,-10165.560547,14965.566406,5769.037598,0.107603,0.670963,0.733642,0.100000,0.020000,1,0.249793
36.224033,15.505175,0.528083,242.033112,-103.208649,236.449402,12681.919922,5331.049805,18254.183594,-0.196597,0.834875,-0.514134,0.100000,0.020000,1,0.720174
35.390030,15.869111,0.055616,176.533203,-208.372925,199.093140,10201.340820,-11657.615234,11903.330078,-0.291341,0.926775,0.237083,0.100000,0.020000,1,0.210911
35.409653,15.792581,0.067283,-1.584557,-16.088583,6.326019,-1090.438965,-132.981644,612.831482,-0.374612,0.927009,0.017898,0.100000,0.020000,1,0.951022
35.440071,15.337699,0.159460,1.523108,-106.050400,-71.458481,-111.338898,-7255.475098,-5878.215332,-0.197052,0.819442,0.538225,0.100000,0.020000,1,0.359568
36.438843,15.466798,-0.718032,255.711487,-91.544632,-73.373611,19829.025391,-6031.914551,-6030.994629,-0.281311,0.861045,-0.423635,0.100000,0.020000,1,0.153738
34.346237,15.529522,-0.515843,-360.326172,-70.215027,-285.932922,-1112.640625,-2246.028076,-4347.697754,-0.281238,0.857406,0.430999,0.100000,0.020000,1,0.860751
35.529888,15.392020,-0.286105,-125.515778,-134.640015,-18.477028,-8347.768555,-9328.704102,-1672.780396,-0.377192,0.908007,-0.182343,0.100000,0.020000,1,0.387238
35.552010,16.042614,-0.029828,-93.064499,-364.452576,-65.305984,-6260.025879,-21156.837891,-3945.333740,-0.392510,0.916282,-0.079772,0.100000,0.020000,1,0.580451
35.819530,15.539932,-0.131957,-85.525688,-607.599365,-123.214417,-4649.583496,-38618.500000,-8792.215820,-0.393935,0.910923,0.122614,0.100000,0.020000,1,0.939421
35.395199,15.742844,1.080741,30.590599,21.322334,93.582855,1957.340210,2740.612061,7934.562500,-0.090182,0.747115,0.658548,0.100000,0.020000,1,0.813969
35.464058,15.789908,-0.082553,-21.616653,-17.397587,-353.970459,-1964.319336,-323.741150,-21590.541016,-0.380437,0.878044,-0.290356,0.100000,0.020000,1,0.675830
35.507053,15.964598,0.224068,-152.977661,-41.467533,-181.177612,11800.335938,-7282.352539,10679.673828,-0.397190,0.890730,0.220996,0.100000,0.020000,1,0.409623
34.698925,15.314956,0.152916,290.148682,-105.634064,36.881382,-5605.325684,16242.660156,2595.170166,-0.389891,0.862920,0.321488,0.100000,0.020000,1,0.675011
35.474838,16.073858,-0.636766,54.253349,54.340187,-14.397385,2549.805664,-15207.748047,-2474.598633,-0.213930,0.769793,-0.601375,0.100000,0.020000,1,0.795623
34.362335,14.825006,0.694623,42.805122,73.385391,0.419645,-10956.770508,-22182.027344,2128.930176,-0.295859,0.797522,0.525763,0.100000,0.020000,1,0.497208
34.795307,16.767349,-0.369696,-142.278961,233.861328,35.278862,-12010.345703,19760.351562,2589.509521,-0.308809,0.806133,-0.504763,0.100000,0.020000,1,0.619688
35.369080,16.022474,-0.313081,-21.341759,-226.273834,-43.328911,-2187.994141,-12646.049805,-2532.484375,-0.390076,0.829474,-0.399768,0.100000,0.020000,1,0.770710
35.293560,16.059633,-0.214918,-156.243408,-395.276215,-24.280243,-11321.317383,-23465.275391,-2443.238770,-0.494829,0.868984,0.003314,0.100000,0.020000,1,0.703714
35.155754,15.489010,-0.772436,19.293549,-12.437098,151.862900,566.374084,-264.855225,9092.406250,-0.011975,0.690112,-0.723604,0.100000,0.020000,1,0.229970
35.708576,15.742304,-0.345595,55.254311,-53.129707,-22.261612,3849.721680,-3240.330322,-2076.077637,-0.496486,0.843583,-0.204621,0.100000,0.020000,1,0.527654
35.605450,15.744153,0.117983,-131.088409,142.342316,-61.945267,-8390.749023,9099.986328,-3915.915771,-0.502848,0.854234,0.132018,0.100000,0.020000,1,0.376259
34.992321,15.615314,-0.019085,-110.882416,-98.905731,7.405592,-9693.248047,-6696.788086,715.512268,-0.511767,0.854734,-0.086743,0.100000,0.020000,1,0.884346
35.336838,15.665413,0.637329,-17.261452,-3.577788,-70.077759,-1488.740601,387.115326,-4155.822754,-0.218108,0.741987,0.633944,0.100000,0.020000,1,0.694051
35.152878,14.833786,-0.348845,89.144455,8.081802,-172.243988,3966.607178,-2952.880859,-14006.643555,-0.412568,0.795587,0.443654,0.100000,0.020000,1,0.416652
35.511864,16.118944,0.377481,-133.437347,-286.514740,-422.328247,-8844.096680,-16482.087891,-25973.707031,-0.512429,0.825543,0.236424,0.100000,0.020000,1,0.594455
34.865181,15.714896,-0.803082,19.601400,-66.958824,146.513794,-784.493103,-3077.391357,8585.050781,-0.103205,0.693955,-0.712584,0.100000,0.020000,1,0.276307
35.411102,15.848948,0.280950,-17.162312,-16.276398,-37.099159,-1779.484985,-662.825623,-2472.167236,-0.523149,0.779209,0.345179,0.100000,0.020000,1,0.571750
35.307152,15.319707,-0.022880,-170.443420,132.124847,-249.989319,-11934.648438,6447.571777,-14721.318359,-0.538660,0.785262,-0.305302,0.100000,0.020000,1,0.896749
35.921112,16.095192,-0.560548,143.764984,39.699932,-84.245796,11593.660156,2459.980225,3529.109863,-0.419866,0.740464,-0.524811,0.100000,0.020000,1,0.987430
33.535542,19.278095,1.801164,-550.925781,1060.255859,402.687012,-24434.033203,46903.910156,-1270.415527,-0.420196,0.735524,0.531451,0.100000,0.020000,1,0.668160
35.340298,15.734261,0.822267,40.118507,25.525787,24.901672,2756.867676,3125.466064,2175.564209,-0.008247,0.661979,0.749478,0.100000,0.020000,1,0.118771
36.502300,17.912947,-2.634080,315.868439,558.895386,-706.755981,22520.085938,23611.425781,-28743.199219,-0.521993,0.741077,-0.422289,0.100000,0.020000,1,0.930559
34.285912,15.041197,-0.123266,77.016304,7.676514,391.521240,-650.500488,-2957.367676,23736.087891,-0.637415,0.760766,0.122221,0.100000,0.020000,1,0.951592
35.422718,16.258299,0.074819,-321.070557,-862.646362,-321.336975,-21043.937500,-52852.835938,-19976.951172,-0.650133,0.759819,0.001743,0.100000,0.020000,1,0.428645
35.370872,15.845970,-0.336298,10.750614,-79.975067,-51.376862,1242.132446,-5347.068359,-8163.142090,-0.650369,0.755659,-0.077459,0.100000,0.020000,1,0.121921
36.343674,14.593920,-0.705439,261.127563,-220.448364,-10.503378,20477.623047,-16970.001953,-1260.061401,-0.006227,0.782946,-0.622059,0.100000,0.020000,1,0.126263
33.888260,16.568996,0.147642,-371.794067,262.273254,-148.308929,-29468.535156,21224.066406,-11542.192383,-0.103958,0.664178,0.740311,0.100000,0.020000,1,0.478186
35.450550,15.912488,0.195963,40.134140,-11.712921,-7.606216,772.678101,288.014435,550.369751,-0.534256,0.718794,0.444866,0.100000,0.020000,1,0.338374
35.293537,15.649309,-0.693526,-5.722790,71.869919,57.746391,-681.017090,4953.645020,3436.854736,-0.221186,0.666645,-0.711801,0.100000,0.020000,1,0.834984
34.829834,16.143213,-0.788396,-87.062012,68.618912,-48.741547,-8032.712402,6427.514648,-3970.761230,-0.342035,0.692500,-0.635182,0.100000,0.020000,1,0.304636
35.292870,15.896061,0.752486,-11.184223,-117.080505,-174.782898,-1219.625977,-6284.162109,-10391.958008,-0.322574,0.675948,0.662601,0.100000,0.020000,1,0.034034
35.420860,15.725260,-0.528581,-215.159332,501.905090,-31.871101,-13710.945312,31684.289062,-1939.416870,-0.430757,0.670889,-0.603619,0.100000,0.020000,1,0.453380
35.091774,16.149147,-0.505623,281.211609,-576.190979,95.323990,16064.349609,-34931.769531,5827.969238,-0.529861,0.678280,-0.509101,0.100000,0.020000,1,0.579419
35.043907,16.471846,0.913952,24.459932,122.668549,159.246185,-547.380798,10129.440430,12600.434570,-0.646423,0.684904,0.336220,0.100000,0.020000,1,0.147083
34.994499,15.613800,-0.146433,-44.332657,-210.811768,-12.036118,-4144.507812,-13398.648438,5157.482422,-0.657721,0.686320,-0.310433,0.100000,0.020000,1,0.663320
35.681984,16.106075,0.283456,64.167786,-16.566801,15.471710,4535.615723,-275.517609,1264.913208,-0.676732,0.696992,0.237143,0.100000,0.020000,1,0.205876
35.964867,16.183132,-0.088335,155.873932,-13.206623,-24.590004,11504.406250,-26.859467,-1940.795044,-0.744703,0.667376,0.005162,0.100000,0.020000,1,0.776956
35.359360,17.275032,-2.156107,28.420212,300.153229,-562.550293,-4980.935547,15549.738281,-42033.976562,-0.741826,0.663315,-0.098528,0.100000,0.020000,1,0.855181
35.413792,15.723459,-0.334814,-44.276352,56.984703,-60.228065,-3210.588867,2775.661865,-3697.259766,-0.651819,0.645640,-0.397845,0.100000,0.020000,1,0.968568
35.228661,16.246708,0.248525,-49.623367,-118.196136,24.833702,-4477.188477,-6460.173828,2137.562988,-0.754828,0.644101,0.123975,0.100000,0.020000,1,0.435621
35.374569,16.164316,-0.159667,-60.734039,65.897720,-41.563683,-4531.582520,4826.168945,-2584.843750,-0.748417,0.636382,-0.186790,0.100000,0.020000,1,0.202068
34.269413,14.878653,0.162591,67.434555,46.896233,-84.043221,-3775.152344,-15224.984375,-5235.197754,-0.427983,0.626454,0.651449,0.100000,0.020000,1,0.518064
36.270061,17.623009,-0.672695,300.883118,368.931519,-109.940109,-16970.634766,-23016.986328,6776.802246,-0.694452,0.684041,-0.223214,0.100000,0.020000,1,0.111315
35.324741,16.208466,0.301315,-122.186798,-154.940582,387.083740,18077.693359,-7887.746094,-15420.339844,-0.648489,0.621119,0.440083,0.100000,0.020000,1,0.969226
35.004112,16.907320,-1.638944,-88.567322,243.972229,-614.616577,5850.793457,-14623.920898,35747.828125,-0.752455,0.617818,0.228281,0.100000,0.020000,1,0.789537
35.525463,14.559077,-0.533395,164.923035,-498.203156,-308.304993,3551.718506,-27711.517578,-11853.455078,-0.740251,0.593375,0.316122,0.100000,0.020000,1,0.910878
35.358257,16.601690,-0.490769,32.043766,75.475433,-51.932953,1414.722412,7196.233398,-4182.983398,-0.746520,0.592251,-0.303225,0.100000,0.020000,1,0.371596
34.968735,15.655445,0.683859,7.212250,2.332182,25.122959,-1092.010864,497.466553,1627.135010,-0.229475,0.626062,0.745243,0.100000,0.020000,1,0.352716
35.153126,16.038551,-0.418969,-6.067966,34.517006,51.304962,-1235.181152,3805.021484,4236.958008,-0.314570,0.609744,-0.727501,0.100000,0.020000,1,0.186071
35.395046,14.228769,0.022005,382.911041,-205.438004,186.272415,3406.409180,-7703.288574,9829.173828,-0.533926,0.576184,-0.618818,0.100000,0.020000,1,0.909650
35.032677,16.540199,-0.116225,-74.851578,-104.572662,-194.218719,249.823242,-1407.652832,14716.714844,-0.825255,0.532099,-0.189276,0.100000,0.020000,1,0.963087
35.418690,16.133167,0.808196,210.413330,-196.589722,273.687317,-10577.025391,14470.353516,3221.811523,-0.835602,0.534048,0.128693,0.100000,0.020000,1,0.612125
35.134895,16.274469,0.056508,59.089836,-8.786357,85.666321,-1986.431152,32.584171,-4372.929199,-0.845290,0.533665,0.026188,0.100000,0.020000,1,0.554631
35.227074,16.070013,0.473959,131.286148,-27.877512,147.494339,7391.080566,-843.246399,9119.401367,-0.551467,0.604835,0.574507,0.100000,0.020000,1,0.010919
35.326031,15.953558,0.469330,-209.663177,310.535461,-113.984161,-13649.198242,19615.509766,-7266.409668,-0.643026,0.545119,0.537924,0.100000,0.020000,1,0.636219
35.530071,17.249233,-2.290269,132.604050,305.864197,-512.722412,-223.094727,9950.047852,-23276.613281,-0.745399,0.528123,-0.406775,0.100000,0.020000,1,0.579988
35.339447,16.460169,0.057486,-22.544754,9.866089,7.100399,-2010.047485,1972.743164,979.954895,-0.852549,0.516923,-0.077143,0.100000,0.020000,1,0.128541
34.979492,15.555178,1.001188,25.082024,-43.383087,160.600739,-128.687103,-4005.604980,11899.492188,-0.536082,0.549562,0.640779,0.100000,0.020000,1,0.068413
35.369694,16.107082,-0.409111,-153.000305,-19.684925,-402.604980,-9940.295898,-606.794250,-25174.878906,-0.653087,0.554912,-0.515316,0.100000,0.020000,1,0.035689
35.207817,16.029732,0.765891,-50.787018,-19.470207,52.452209,-4143.047852,-1234.272095,4795.659668,-0.726220,0.516225,0.454001,0.100000,0.020000,1,0.436600
35.258503,16.322443,0.362740,225.237366,122.926819,-454.128296,13381.895508,8554.343750,-27991.996094,-0.838160,0.497732,0.223048,0.100000,0.020000,1,0.129519
35.266346,16.052383,-0.624552,-190.446289,142.948517,155.035767,-12530.353516,9524.192383,9451.953125,-0.609122,0.516041,-0.602223,0.100000,0.020000,1,0.230201
34.849770,16.898949,-0.500550,-74.745010,159.265503,-13.720295,-7034.746582,13683.997070,-1058.280151,-0.712982,0.488906,-0.502622,0.100000,0.020000,1,0.616574
35.258358,16.353893,-0.456614,-323.273682,-196.256622,604.886719,-21119.720703,-11466.254883,37452.531250,-0.826536,0.468386,-0.312176,0.100000,0.020000,1,0.841746
35.325241,15.551970,1.228995,20.065315,-87.623566,135.853485,1234.720581,-5936.375000,10871.451172,-0.303544,0.585917,0.751374,0.100000,0.020000,1,0.387950
35.412979,16.373117,-0.932219,45.086754,98.142548,-60.304550,3117.173340,8783.294922,-4975.401855,-0.414119,0.554914,-0.721510,0.100000,0.020000,1,0.935986
34.813610,15.443949,0.391949,-96.632706,-214.481873,4.664700,-8619.234375,-16413.416016,622.623779,-0.819538,0.456346,0.346564,0.100000,0.020000,1,0.214773
34.739033,15.072004,0.603956,-157.857742,-371.325409,204.311615,-1664.838379,-19702.923828,2022.165527,-0.909864,0.414445,0.019561,0.100000,0.020000,1,0.556553
35.524055,16.274374,-0.822756,193.465851,10.589809,-131.678345,12750.735352,897.240417,-11011.671875,-0.897045,0.396428,-0.195334,0.100000,0.020000,1,0.361062
35.525688,16.569193,0.124101,115.241638,-157.359741,28.637924,8454.756836,-8780.892578,2227.462158,-0.915403,0.392553,-0.089107,0.100000,0.020000,1,0.177654
35.074936,16.250332,-0.595770,9.901529,-40.922974,-161.285065,-699.436890,-2533.979980,-13142.803711,-0.914443,0.384903,0.125073,0.100000,0.020000,1,0.373145
36.489792,15.561975,0.469177,309.233032,-50.794678,-4.612862,24345.251953,-4053.035156,-1097.105713,-0.419142,0.537046,0.732053,0.100000,0.020000,1,0.683517
35.675041,16.715794,-2.113000,171.231613,162.933777,-693.584961,7375.477051,-1972.154297,-39866.613281,-0.708820,0.439809,0.551491,0.100000,0.020000,1,0.463558
35.244179,15.915074,-0.592332,-171.616608,-64.039185,-172.814651,-11389.340820,-4959.812988,-11785.915039,-0.804973,0.416315,-0.422730,0.100000,0.020000,1,0.155321
34.967312,16.124372,0.435677,37.861710,-17.305630,-43.439552,738.402100,-1149.384521,-2599.378174,-0.801749,0.400041,0.444034,0.100000,0.020000,1,0.729391
35.260826,16.004459,0.803619,-309.363770,198.849487,-335.650513,-19861.865234,12767.348633,-20271.642578,-0.608491,0.460143,0.646535,0.100000,0.020000,1,0.979031
34.978371,16.384607,0.276481,99.951065,26.450745,-73.349289,4777.844238,2190.701416,-4360.131348,-0.914866,0.328786,0.234351,0.100000,0.020000,1,0.763148
36.064430,16.681705,1.182394,273.575928,27.500000,285.524597,20352.326172,3286.856689,22847.246094,-0.957041,0.288311,0.030807,0.100000,0.020000,1,0.154094
35.238640,16.158596,-0.696977,-404.391998,-708.795288,-43.264549,-25855.789062,-43483.964844,-2927.664795,-0.504312,0.478799,-0.718624,0.100000,0.020000,1,0.383928
34.167961,16.225391,0.320667,-299.541473,8.950653,247.741150,-12775.310547,-9255.632812,6595.457031,-0.694796,0.390839,-0.603741,0.100000,0.020000,1,0.085300
34.911736,16.365732,0.572666,683.024902,-188.327545,-167.298752,41450.273438,-10879.986328,-10200.289062,-0.765225,0.353464,0.538046,0.100000,0.020000,1,0.803541
36.538864,16.022337,1.439223,528.854980,-92.601158,501.015320,20810.218750,3316.706543,28182.738281,-0.861311,0.311150,-0.401658,0.100000,0.020000,1,0.517512
33.553062,15.659064,-0.402299,-428.404968,358.499878,-326.810425,-19099.707031,11320.291016,-11784.027344,-0.891662,0.314909,0.325224,0.100000,0.020000,1,0.250006
35.290993,16.668091,-0.358575,73.294952,36.204727,-23.582130,3911.503906,4743.217773,-532.290100,-0.902161,0.305573,-0.304516,0.100000,0.020000,1,0.007146
34.967167,16.530148,0.185052,-80.867554,77.829544,59.137520,-6521.376953,5780.119141,4866.750000,-0.960071,0.262979,-0.095423,0.100000,0.020000,1,0.647803
33.191936,15.500736,1.581773,-265.166565,240.270538,219.842438,-19063.804688,-6633.312988,8796.783203,-0.484502,0.477699,0.732845,0.100000,0.020000,1,0.333801
35.550476,15.763679,-0.401736,153.002045,-100.345856,32.774406,-8328.899414,6053.549316,-1839.353760,-0.781457,0.335927,-0.525812,0.100000,0.020000,1,0.275186
34.433422,17.602385,0.758470,-130.786621,267.602295,200.633728,8860.521484,-16863.837891,-12569.033203,-0.949950,0.245219,-0.193551,0.100000,0.020000,1,0.678837
34.939854,16.791227,0.152911,40.575943,55.876572,9.182590,19980.216797,862.206055,-7958.834473,-0.963601,0.232148,0.132590,0.100000,0.020000,1,0.846070
34.230507,15.311363,0.090177,229.895447,-8.413361,145.104630,10188.328125,-4777.658203,8648.188477,-0.946837,0.219813,0.234908,0.100000,0.020000,1,0.773397
35.407425,16.398823,0.435318,218.686859,-210.397964,54.561699,14350.621094,-11766.490234,2782.214355,-0.663219,0.359440,0.656463,0.100000,0.020000,1,0.706739
35.083721,16.045055,-0.413196,-125.276276,73.915863,-81.947632,-8622.289062,4014.968750,-5330.317383,-0.743261,0.306230,-0.594799,0.100000,0.020000,1,0.433610
35.009445,16.172853,0.080104,118.544449,-159.191589,112.860474,6432.691895,-10325.556641,5767.359863,-0.857307,0.254487,0.447505,0.100000,0.020000,1,0.027734
35.008675,16.388288,-0.173134,-7.503944,-24.917870,-39.226555,-1431.736816,-1329.666870,-2102.135010,-0.937474,0.191899,-0.290374,0.100000,0.020000,1,0.313817
35.090416,16.353857,-0.570943,-269.934082,-119.223808,353.947937,-17639.091797,-6944.674316,21912.365234,-0.821485,0.238871,-0.517787,0.100000,0.020000,1,0.396170
34.539711,17.577782,-0.047526,-76.176102,287.042023,-110.188263,-7656.025391,23330.910156,-8370.554688,-0.930416,0.175110,0.321965,0.100000,0.020000,1,0.130089
33.938850,16.281609,0.356797,-288.869781,-55.817001,120.660263,-10232.374023,-2633.944092,3781.792480,-0.994935,0.100411,0.004677,0.100000,0.020000,1,0.898457
35.512653,16.319761,-0.039573,151.775665,-53.572662,-0.901861,10977.742188,-3758.748779,145.031479,-0.990480,0.097473,-0.097197,0.100000,0.020000,1,0.674709
35.163322,16.916517,-0.921034,1.588715,342.056183,-105.596474,-2972.952148,11516.406250,-2784.465576,-0.547151,0.406490,-0.731705,0.100000,0.020000,1,0.261234
35.803051,17.286491,-1.160653,231.777039,299.168671,-142.744858,16950.564453,24216.919922,-11207.583984,-0.624502,0.342417,-0.701960,0.100000,0.020000,1,0.897639
34.550774,16.886164,-0.691381,-70.608658,79.134720,-73.862701,-7115.115723,7365.136719,-6033.017578,-0.903994,0.146126,-0.401799,0.100000,0.020000,1,0.131708
34.839252,16.527311,-0.183210,-129.841248,-61.119987,-114.487961,-9556.169922,-3325.215332,-7212.494141,-0.974463,0.088648,-0.206310,0.100000,0.020000,1,0.628318
35.065548,16.646576,0.298214,-365.847290,-214.841553,-99.053528,-23489.957031,-12512.792969,-5887.564941,-0.968582,0.086310,0.233235,0.100000,0.020000,1,0.794751
35.135735,17.138077,0.843660,76.525330,150.143158,200.469849,4720.449707,12490.485352,15744.797852,-0.990272,0.078336,0.115000,0.100000,0.020000,1,0.307892
34.798283,16.117250,0.418898,38.518349,127.452995,241.594025,898.826111,7229.797363,15328.090820,-0.887711,0.127370,0.442432,0.100000,0.020000,1,0.683571
33.729832,15.658676,-0.252865,834.500549,-339.831299,294.111115,46784.714844,-24517.314453,18588.037109,-0.955975,0.066418,-0.285833,0.100000,0.020000,1,0.626040
34.896885,16.298473,-0.536771,136.779648,-301.866852,46.338753,7495.172852,-18679.511719,2915.349854,-0.786965,0.177198,-0.591005,0.100000,0.020000,1,0.615666
33.817360,17.398766,-0.312261,-264.997620,240.886292,47.382454,-22298.992188,19836.757812,3559.700439,-0.859690,0.122881,-0.495815,0.100000,0.020000,1,0.564347
34.208317,16.376120,0.557711,-129.957214,-29.244080,-9.115965,-5722.843750,6286.819824,-156.019363,-0.832640,0.092070,0.546108,0.100000,0.020000,1,0.860128
35.579372,18.307011,0.597113,156.924637,500.740875,188.840317,1629.336426,16749.429688,8899.007812,-0.904786,0.023254,0.425232,0.100000,0.020000,1,0.968034
34.655819,16.836264,-0.352517,-11.722115,96.133041,-1.830978,-2528.729492,7994.492676,-61.004288,-0.914452,0.019172,-0.404239,0.100000,0.020000,1,0.565770
34.373695,16.047331,-0.122862,2.328575,59.252136,-94.609802,-2834.701416,2284.529297,-7813.369629,-0.936121,0.013502,0.351418,0.100000,0.020000,1,0.334352
34.528294,15.351333,-1.069456,205.182343,-67.339722,-309.812744,10771.398438,-8833.526367,-24900.136719,-0.971693,-0.046545,0.231617,0.100000,0.020000,1,0.383963
35.354053,16.429844,0.064046,199.936035,20.566303,-79.458374,13897.853516,1137.420044,-5202.191406,-0.991104,-0.057090,0.120227,0.100000,0.020000,1,0.750282
34.624710,16.415932,0.153168,25.603790,-42.488411,85.039032,-10269.461914,2179.277588,3804.565186,-0.993462,-0.058745,-0.097886,0.100000,0.020000,1,0.696062
34.879906,16.349951,-0.670981,28.091721,-77.296478,-166.795746,1074.060669,-5404.452148,-13402.018555,-0.997941,-0.061424,0.018458,0.100000,0.020000,1,0.224560
35.666378,16.315392,1.774029,138.545303,302.446503,448.011108,1457.520996,16521.921875,16906.484375,-0.603146,0.309750,0.735031,0.100000,0.020000,1,0.506675
35.654800,15.283456,-0.618996,247.820923,-306.848267,-339.498199,6976.149414,-7854.116211,-9652.871094,-0.709200,0.225693,0.667905,0.100000,0.020000,1,0.071705
34.850773,16.337568,0.689174,-2.010033,-70.890160,-61.942123,-1324.457520,-3827.889404,-3471.072998,-0.747057,0.156950,0.645966,0.100000,0.020000,1,0.364496
34.752495,17.506723,-1.391386,24.955467,242.308411,-313.295837,429.023468,19644.796875,-24879.128906,-0.979102,-0.077324,-0.188095,0.100000,0.020000,1,0.178668
34.903744,16.145506,0.700346,373.728149,-162.589447,38.328842,22153.357422,-9313.260742,2494.538086,-0.533137,0.382706,0.754521,0.100000,0.020000,1,0.080940
34.701511,16.455111,-0.328736,26.713776,51.316383,42.707985,379.721954,3302.611572,2488.803223,-0.947903,-0.078474,-0.308743,0.100000,0.020000,1,0.993783
33.993496,15.458210,0.838133,1.801945,126.309288,88.209053,-1093.669556,1838.685791,2673.001465,-0.945270,-0.079379,0.316485,0.100000,0.020000,1,0.948549
34.503609,17.194187,-1.205985,-25.008537,256.781433,-263.839691,-3355.379883,14925.393555,-12821.500977,-0.865565,-0.016524,-0.500523,0.100000,0.020000,1,0.330918
34.830078,15.804983,-0.262235,429.378174,-130.546387,332.371582,25727.921875,-9365.703125,22628.876953,-0.648978,0.226243,-0.726390,0.100000,0.020000,1,0.672538
35.124485,16.362513,0.399970,-284.461487,231.392975,-233.354126,-18075.320312,15189.701172,-15281.199219,-0.793667,0.155064,0.588258,0.100000,0.020000,1,0.137972
34.790630,16.351898,0.643371,232.755035,-22.144070,-223.460724,13536.540039,-932.554443,-13800.607422,-0.773426,0.061767,0.630871,0.100000,0.020000,1,0.815214
35.462376,15.666305,-0.424427,318.405304,-256.051514,1.555490,12389.806641,-8244.561523,-483.457886,-0.796003,0.044687,-0.603640,0.100000,0.020000,1,0.252071
34.570133,16.570925,-0.286970,501.134155,-365.461304,-165.231628,30122.232422,-22743.751953,-10911.595703,-0.964423,-0.184059,-0.189768,0.100000,0.020000,1,0.809520
34.353691,16.345131,0.264726,-90.403168,-54.233871,104.448532,-3229.575928,-954.719727,-1484.331543,-0.975363,-0.189912,0.112251,0.100000,0.020000,1,0.788291
35.186405,16.409443,0.483233,-84.150620,76.984161,-58.642601,-6880.840820,2681.407227,-1330.108398,-0.652302,0.206586,0.729262,0.100000,0.020000,1,0.101439
34.887264,16.114193,-0.426982,29.858677,-13.853878,-211.457336,1576.196289,-2085.854492,-16806.580078,-0.888980,-0.115332,0.443186,0.100000,0.020000,1,0.283033
36.048698,15.494738,-0.194256,444.854492,-325.027893,52.777557,10520.813477,-3743.332031,-12578.654297,-0.971202,-0.217600,-0.097045,0.100000,0.020000,1,0.315810
35.574394,16.907785,1.692329,331.778320,76.829842,499.058105,9959.780273,2239.678223,15009.486328,-0.974828,-0.222514,0.014032,0.100000,0.020000,1,0.689158
34.384212,16.791941,-0.340229,-43.511902,92.193970,19.329115,-5041.009766,7046.687500,954.475830,-0.897416,-0.145889,-0.416367,0.100000,0.020000,1,0.307358
34.770954,16.354008,-0.307869,39.634926,-34.917465,-17.699173,1988.043945,-2718.904541,-1298.306519,-0.931966,-0.214198,-0.292505,0.100000,0.020000,1,0.585772
34.452194,15.355968,0.201432,-27.391232,-353.663727,38.245651,195.793945,-14851.541016,6008.516602,-0.947712,-0.231998,0.219130,0.100000,0.020000,1,0.302909
34.866497,16.820030,0.437084,32.027004,76.494186,-18.128334,1504.550659,6874.393555,-1422.834595,-0.828741,-0.054010,0.557020,0.100000,0.020000,1,0.028304
34.452709,16.474035,0.375149,60.155800,36.309204,62.501068,2050.773926,2294.690918,4305.977539,-0.917882,-0.235614,0.319340,0.100000,0.020000,1,0.360403
35.035610,15.926270,-0.598061,175.045380,-101.678970,-3.511116,9315.868164,-5919.767578,-1360.669067,-0.782335,-0.073500,-0.618507,0.100000,0.020000,1,0.245664
34.631596,15.892690,1.051759,25.584618,25.879368,26.312851,500.523865,-390.941010,4070.835938,-0.834599,-0.165799,0.525315,0.100000,0.020000,1,0.254775
34.553673,16.618816,-0.387071,-313.259003,-720.740479,-320.623108,-21194.789062,-44510.882812,-19906.552734,-0.839115,-0.173024,-0.515702,0.100000,0.020000,1,0.651469
35.038242,15.958609,-0.548286,125.125488,-138.935898,-69.478043,2016.542725,-3632.875000,-2150.108643,-0.882541,-0.255664,-0.394660,0.100000,0.020000,1,0.492190
34.526051,16.848188,-0.360172,30.819885,49.513184,-49.717316,1287.266846,4246.005371,-2584.420166,-0.923711,-0.336465,-0.183167,0.100000,0.020000,1,0.548332
34.091736,15.902108,0.396854,186.927002,-9.679169,19.517014,8932.808594,-3243.774414,2840.196777,-0.935245,-0.353752,0.013273,0.100000,0.020000,1,0.012485
34.723820,15.528006,-0.469440,-213.663605,8.142616,129.309021,-13708.608398,-3665.070312,6561.243164,-0.930891,-0.352593,-0.095501,0.100000,0.020000,1,0.503418
34.832767,16.212502,-0.664506,28.672337,4.115852,-14.589027,835.522827,501.799622,-979.168457,-0.687618,0.098499,-0.719361,0.100000,0.020000,1,0.364158
34.462120,16.405958,0.293237,117.751328,58.685890,-359.461731,5951.785645,3542.403809,-23041.185547,-0.865614,-0.276704,0.417310,0.100000,0.020000,1,0.891677
35.058369,17.088324,0.606368,132.826904,192.477936,5.753479,2606.395996,7805.368164,288.346252,-0.755789,-0.079972,0.649914,0.100000,0.020000,1,0.703625
35.237713,15.539536,0.079822,154.015350,-269.376648,122.251678,11220.183594,-20389.656250,8426.268555,-0.833023,-0.260668,-0.487980,0.100000,0.020000,1,0.393056
34.343369,16.550919,0.250327,248.329254,-170.772491,-212.815582,14012.890625,-10678.834961,-12840.271484,-0.913945,-0.387708,0.119944,0.100000,0.020000,1,0.532655
34.746853,16.439274,-0.475449,11.716083,10.801353,22.606201,-289.054321,1654.966553,2113.080811,-0.706911,0.003344,-0.707295,0.100000,0.020000,1,0.274776
34.593502,16.732990,0.259819,81.479721,3.728031,82.936142,4581.744141,1294.067505,5045.716309,-0.861254,-0.380021,0.337381,0.100000,0.020000,1,0.705938
34.798084,16.112753,0.834312,101.825851,-111.894272,398.123779,-5292.015625,-3393.019287,20546.234375,-0.772729,-0.192767,-0.604757,0.100000,0.020000,1,0.305881
34.401066,16.182529,-0.502328,59.442917,-40.619751,-83.812866,2436.592529,-3738.210693,-5943.875000,-0.840000,-0.384804,-0.382525,0.100000,0.020000,1,0.397256
34.275993,16.466953,-0.047024,90.637100,-46.865509,86.440323,4136.270996,-3209.936035,5599.259766,-0.876479,-0.472979,-0.089858,0.100000,0.020000,1,0.779554
34.900124,16.029997,0.697069,107.735413,-105.842377,39.801094,7297.679688,-8150.516602,3358.347168,-0.787533,-0.284027,0.546919,0.100000,0.020000,1,0.990811
34.252274,16.387478,0.107741,173.599335,84.101425,303.733337,9080.462891,4810.190430,18720.757812,-0.876546,-0.418072,0.238503,0.100000,0.020000,1,0.177440
33.648533,16.750978,0.673109,-171.863708,40.943634,211.547577,-9981.243164,3184.290527,8457.404297,-0.865759,-0.500454,0.002812,0.100000,0.020000,1,0.889791
35.619110,16.695074,4.008888,230.213135,100.190186,1047.619141,10877.663086,14066.236328,28397.378906,-0.652056,0.114255,0.749513,0.100000,0.020000,1,0.192192
34.597553,16.355499,0.630704,58.724220,126.453842,-176.199677,2684.076416,8179.293457,-10916.454102,-0.741608,-0.191030,0.643059,0.100000,0.020000,1,0.303941
34.605976,15.624032,1.341813,96.081818,-248.578217,270.816925,5693.156250,-19083.849609,21013.488281,-0.803524,-0.393500,0.446661,0.100000,0.020000,1,0.652697
34.235672,16.579559,0.340772,218.964935,-202.378830,-476.868958,12213.806641,-12457.335938,-29527.958984,-0.837813,-0.497273,0.225364,0.100000,0.020000,1,0.932907
33.735855,16.920454,-0.565241,-152.766510,279.262268,-199.222565,-2299.375488,4399.105469,-14213.587891,-0.853071,-0.506690,0.124637,0.100000,0.020000,1,0.277018
35.142311,16.418388,0.377965,76.196655,31.359833,-111.993164,7071.409180,5353.442871,-8716.950195,-0.676214,0.006204,0.736680,0.100000,0.020000,1,0.501639
34.085140,16.319500,-0.338423,-8.574745,30.523659,14.836040,-3087.283691,1530.796021,1378.533081,-0.781650,-0.384391,-0.491189,0.100000,0.020000,1,0.414410
35.862331,16.230881,-2.325832,382.213654,-144.506744,-583.070862,12794.774414,-6640.541016,-17784.839844,-0.843809,-0.440288,-0.306809,0.100000,0.020000,1,0.028162
34.570148,16.325891,-0.532470,-73.700455,38.949097,198.158600,-5446.419434,2409.660156,12609.281250,-0.734589,-0.285319,-0.615607,0.100000,0.020000,1,0.194292
34.817566,16.968460,-0.228770,166.712311,126.828712,101.569458,4527.984863,3847.012695,5862.148926,-0.830885,-0.522327,-0.191843,0.100000,0.020000,1,0.168080
34.366684,16.555475,0.237346,55.524750,65.619232,-44.939079,2570.138184,4498.666992,-3106.696045,-0.791276,-0.512231,0.333920,0.100000,0.020000,1,0.040369
34.490013,17.430183,1.051887,45.789436,258.977295,124.235016,2154.391846,20708.796875,10202.703125,-0.741571,-0.400200,0.538436,0.100000,0.020000,1,0.721295
34.081257,16.594007,-0.390421,-9.127083,16.732773,-11.849360,-2635.387451,1562.934814,-1180.546753,-0.786714,-0.529563,-0.317244,0.100000,0.020000,1,0.334833
34.424538,16.645063,0.206349,57.104721,51.069008,5.269140,3225.608643,3823.200439,715.336975,-0.789403,-0.600617,0.126897,0.100000,0.020000,1,0.589241
35.301983,17.055609,-0.324062,175.797119,175.618744,81.729019,12809.279297,14557.913086,6545.129883,-0.680560,-0.104754,-0.725165,0.100000,0.020000,1,0.204826
34.301888,16.401716,0.621191,304.984741,77.438049,-187.395752,17446.101562,5211.089355,-11630.629883,-0.709845,-0.305788,0.634518,0.100000,0.020000,1,0.502653
34.665497,16.901098,-0.444493,122.968903,64.800568,-212.983734,8129.878418,6053.380371,-16921.369141,-0.747128,-0.507952,0.428702,0.100000,0.020000,1,0.812545
34.151070,16.271709,-0.526369,-30.053802,-143.697906,61.158783,-3666.451172,-9783.206055,3179.188721,-0.756708,-0.515710,-0.401792,0.100000,0.020000,1,0.244027
34.153725,16.342596,-0.440374,20.320545,9.564499,-47.605759,-101.814247,-45.402832,-4514.946777,-0.772509,-0.628962,-0.087388,0.100000,0.020000,1,0.127864
34.924335,16.747862,-1.039943,199.825897,62.645416,-218.377289,14434.654297,5169.254395,-16978.832031,-0.733531,-0.607576,-0.304603,0.100000,0.020000,1,0.417257
34.312492,16.441254,-0.101001,49.352470,-7.650013,16.756443,2413.481201,-662.189941,1327.191772,-0.756819,-0.627484,-0.182997,0.100000,0.020000,1,0.183882
34.107616,17.780388,1.227286,12.897848,347.050354,281.516663,-714.203186,27358.234375,22082.349609,-0.745326,-0.630774,0.215902,0.100000,0.020000,1,0.674495
34.055492,15.895246,0.563893,-210.555603,-118.548355,-67.493675,-2909.471191,-6696.126953,3593.139160,-0.665892,-0.114209,0.737254,0.100000,0.020000,1,0.777774
34.604061,16.196161,-0.664875,3.337036,5.614945,-0.772136,-671.135986,126.710991,-126.577660,-0.672483,-0.192659,-0.714597,0.100000,0.020000,1,0.746848
35.400173,16.034950,-2.051721,297.398499,-80.570221,-438.389099,10201.084961,-11400.621094,-20696.808594,-0.696006,-0.398539,-0.597280,0.100000,0.020000,1,0.337484
33.843098,16.803492,0.099375,-235.985291,-67.067497,-203.121765,-17465.308594,-2694.386719,-13702.227539,-0.698419,-0.628137,0.343009,0.100000,0.020000,1,0.310952
33.585800,16.515570,0.471743,-177.266449,-8.112835,72.029068,-14743.106445,-392.063599,6478.256836,-0.740039,-0.672482,0.010494,0.100000,0.020000,1,0.096831
34.322277,18.666746,0.163048,100.561325,675.242126,73.396317,2086.921143,19648.435547,716.114746,-0.699788,-0.714087,0.019411,0.100000,0.020000,1,0.397950
34.475853,16.139259,-0.219534,166.263046,7.282906,-106.335037,6821.583008,2194.272461,-4939.335938,-0.695415,-0.712457,-0.093825,0.100000,0.020000,1,0.733733
34.462524,15.766203,0.986510,149.699402,-110.329727,198.796387,9111.456055,-9491.127930,14661.073242,-0.672165,-0.515189,0.531766,0.100000,0.020000,1,0.900575
34.242996,16.431417,-0.296049,199.122833,48.871727,-218.317352,11369.376953,3281.388916,-13118.327148,-0.679665,-0.534336,-0.502534,0.100000,0.020000,1,0.050814
33.851803,17.170881,-1.141821,-57.780258,182.091553,-227.685638,-6168.883789,14657.899414,-17645.591797,-0.675855,-0.621426,-0.396295,0.100000,0.020000,1,0.863775
34.175037,16.409769,-0.086051,-158.389191,150.095398,-19.039455,-10850.027344,9312.263672,-859.870117,-0.676805,-0.712376,-0.185624,0.100000,0.020000,1,0.919917
33.622074,16.114731,-0.216852,-54.890030,10.624092,-66.334595,-5415.038086,1438.662842,-4214.650879,-0.672926,-0.709392,0.209604,0.100000,0.020000,1,0.305347
34.031502,16.049984,-0.381144,-93.757889,81.678047,45.234306,-7297.860352,3478.035645,812.166931,-0.672061,-0.730847,0.119146,0.100000,0.020000,1,0.757418
34.290447,16.562357,0.592301,100.439453,-463.670044,-36.484985,4885.627441,-28211.740234,-2270.834961,-0.653392,-0.393941,0.646444,0.100000,0.020000,1,0.235913
33.760159,16.515255,0.680084,-80.011536,40.605988,55.070084,-2724.301758,1989.280762,4110.342285,-0.651250,-0.628721,0.424952,0.100000,0.020000,1,0.537477
33.708202,15.608774,0.147912,-44.497055,148.752289,-912.388977,-5594.875977,5983.256836,-55910.511719,-0.650533,-0.705573,-0.281022,0.100000,0.020000,1,0.685065
33.503307,17.989622,-0.016905,-163.290329,435.210846,-54.100601,-6155.721680,18021.511719,-6738.313965,-0.632772,-0.707771,0.314102,0.100000,0.020000,1,0.060868
34.673244,15.612309,-0.179550,25.901482,-264.800812,41.531330,1176.888428,-9303.279297,-14.780518,-0.635202,-0.287330,-0.716910,0.100000,0.020000,1,0.804288
34.047215,16.133724,0.407377,124.692078,-69.342667,-23.888622,6189.968262,-5280.308594,-1765.551514,-0.609955,-0.599133,0.518647,0.100000,0.020000,1,0.938584
34.533844,16.389158,0.440156,45.848110,-321.912903,295.626038,1749.345825,-19602.474609,17670.052734,-0.636478,-0.185369,0.748688,0.100000,0.020000,1,0.837991
36.871239,16.699047,-1.701702,748.501709,102.964928,-309.915314,32093.259766,4468.645508,-16415.449219,-0.603626,-0.514204,-0.609286,0.100000,0.020000,1,0.824290
34.415939,16.370611,-0.225012,-173.384918,-74.843155,-485.087708,-10972.727539,-4610.345215,-29624.703125,-0.591772,-0.622682,-0.511931,0.100000,0.020000,1,0.678890
33.580986,17.077459,0.784428,-123.344482,181.307220,-98.822372,-11028.379883,14436.618164,-4556.515625,-0.580683,-0.695897,0.422534,0.100000,0.020000,1,0.625453
33.272072,15.640672,-0.577714,399.005798,-173.941803,239.001541,20729.072266,-14015.519531,14143.943359,-0.578317,-0.716796,-0.389555,0.100000,0.020000,1,0.649779
33.866077,15.870006,-0.156573,10.730301,-609.962952,-667.958801,-938.121033,-40715.496094,-42538.929688,-0.572900,-0.816331,-0.073412,0.100000,0.020000,1,0.876925
34.187298,16.496632,0.159397,-38.581192,-122.968842,364.681396,-2729.875244,-7255.286133,22792.650391,-0.550920,-0.800454,0.236137,0.100000,0.020000,1,0.437436
34.160877,16.403761,0.278348,-510.739868,-232.669617,-229.641541,-32545.429688,-14608.666016,-13738.665039,-0.550313,-0.827993,0.107620,0.100000,0.020000,1,0.806531
33.913895,16.428501,-0.037364,331.570129,-177.544327,-278.768890,19567.798828,-10987.268555,-17052.568359,-0.543489,-0.818746,-0.185136,0.100000,0.020000,1,0.545218
34.530750,16.266352,0.727272,100.487320,-12.034376,39.742332,6377.158691,-861.500488,3130.707031,-0.583464,-0.500521,0.639569,0.100000,0.020000,1,0.013588
34.446152,16.657909,0.859611,6.539337,75.437485,35.786880,-611.718933,6528.319824,3069.911621,-0.602631,-0.308619,0.735928,0.100000,0.020000,1,0.152990
35.425438,15.973114,-0.934634,315.594360,-91.577133,-72.366142,23333.765625,-6944.703613,-5795.499512,-0.582684,-0.397895,-0.708632,0.100000,0.020000,1,0.850626
35.175697,16.343912,-0.454577,263.572174,-76.018661,-75.271759,20119.228516,-4680.401367,-4784.740723,-0.528913,-0.690239,-0.493783,0.100000,0.020000,1,0.822083
34.033585,16.357964,-0.295777,11.069465,-125.120361,100.522415,-9.070058,-7950.434082,5037.491699,-0.521991,-0.852741,0.018926,0.100000,0.020000,1,0.289136
34.296474,16.498077,-0.199227,-266.393738,43.915741,-94.717842,-17318.087891,3668.871826,-4553.792480,-0.529730,-0.602155,-0.597324,0.100000,0.020000,1,0.984138
33.883682,16.296267,0.342876,189.780090,-271.686554,-49.566216,10570.686523,-17247.785156,-2945.782471,-0.479513,-0.812817,0.330751,0.100000,0.020000,1,0.844095
34.412342,15.648520,0.627877,145.208954,-127.795319,138.907227,10101.907227,-9856.670898,10067.890625,-0.458220,-0.881308,0.115460,0.100000,0.020000,1,0.675509
33.035187,16.113403,-0.281611,-203.490479,-15.367645,-85.862915,-16822.056641,3634.297852,266.200684,-0.457116,-0.889278,0.015119,0.100000,0.020000,1,0.883901
33.913044,16.194460,0.768550,0.562973,-17.564762,-45.491867,-1693.582153,-1468.204468,-1682.031982,-0.487135,-0.690192,0.535102,0.100000,0.020000,1,0.826994
33.889866,16.320015,-0.133520,9.217651,47.038040,-355.058044,-496.591248,3014.401123,-22270.025391,-0.436837,-0.880294,-0.185085,0.100000,0.020000,1,0.331221
34.949677,16.866039,1.043548,273.299408,124.896988,337.325317,20670.925781,10200.206055,25971.732422,-0.431998,-0.897926,-0.084299,0.100000,0.020000,1,0.222460
34.180679,16.236134,-0.736875,-10.027954,-38.631485,-39.818260,-2063.349854,-2456.391602,-2956.241699,-0.533744,-0.477956,-0.697621,0.100000,0.020000,1,0.448166
33.734161,15.805131,-0.334349,150.182251,-24.547768,-27.848724,7460.658691,-3538.617432,-1605.179932,-0.439549,-0.799132,-0.410104,0.100000,0.020000,1,0.939794
34.235554,15.183613,-0.802867,166.673981,-305.020203,-284.718079,-2747.650391,-10457.632812,-11232.333984,-0.408300,-0.887162,0.215024,0.100000,0.020000,1,0.336950
34.286537,16.749926,0.191639,55.505478,117.865448,-94.735153,2992.949707,9537.841797,-7585.708496,-0.490829,-0.594567,0.636849,0.100000,0.020000,1,0.004406
33.939140,15.685585,0.684747,78.642906,-247.803802,-603.602539,3782.859131,-18073.914062,-36905.417969,-0.428145,-0.788737,0.441119,0.100000,0.020000,1,0.358713
33.954903,16.214245,-0.332817,-659.041748,182.169937,209.730225,-42347.718750,11281.713867,12939.622070,-0.388052,-0.875161,-0.288978,0.100000,0.020000,1,0.046401
34.057384,16.037344,-0.601675,-467.413086,-50.190369,230.800781,-30235.248047,-4022.430664,13929.496094,-0.407221,-0.766734,-0.496276,0.100000,0.020000,1,0.452935
34.921097,16.130951,1.101311,346.968872,-29.436859,198.090485,11710.470703,7969.004883,13430.424805,-0.366473,-0.872692,0.322654,0.100000,0.020000,1,0.616218
33.540329,15.769128,1.404768,-50.028564,100.223831,140.966537,-7655.522949,4431.901855,11972.216797,-0.557109,-0.377128,0.739868,0.100000,0.020000,1,0.013641
34.141308,16.378691,0.590019,-518.493530,-537.504517,-217.599716,-33132.097656,-33279.347656,-13267.101562,-0.391578,-0.753160,0.528598,0.100000,0.020000,1,0.865003
33.819763,16.227192,0.335747,-54.615677,22.380493,28.460865,-4816.828125,1440.761841,1641.343994,-0.348634,-0.841701,0.412304,0.100000,0.020000,1,0.956254
34.022594,16.288933,0.191866,64.240097,41.015701,28.037460,3942.829834,2837.611816,2156.408691,-0.314351,-0.942930,0.109846,0.100000,0.020000,1,0.311913
33.889568,16.097803,-0.128817,24.954517,-3.809397,-0.654473,928.184387,-785.977234,-296.892395,-0.311066,-0.947439,-0.074813,0.100000,0.020000,1,0.423948
34.292641,15.503202,1.693749,141.080322,-187.428284,502.709534,11453.386719,-2242.276855,21956.425781,-0.305559,-0.952158,0.005362,0.100000,0.020000,1,0.193348
33.964729,15.890565,-0.833775,-30.745209,-58.692947,-99.304184,-3423.497314,-5085.052734,-7456.333984,-0.424792,-0.671135,-0.607560,0.100000,0.020000,1,0.307465
34.289879,15.990553,-0.927952,99.638351,-5.934158,-135.476196,6969.628418,-1266.372437,-10893.927734,-0.323271,-0.854671,-0.406242,0.100000,0.020000,1,0.393288
34.333431,15.987853,0.761549,-19.223938,31.956028,49.732353,-1982.676758,1116.130615,3551.804443,-0.494657,-0.467087,0.732901,0.100000,0.020000,1,0.763557
33.757797,16.414892,-0.843151,-186.518463,55.608871,-71.907013,-14931.975586,4823.312012,-5611.948730,-0.444862,-0.568006,-0.692436,0.100000,0.020000,1,0.724302
33.719254,16.177191,-0.265540,172.744293,157.984543,-50.683453,9520.068359,9945.942383,-3253.746094,-0.269156,-0.921743,-0.279186,0.100000,0.020000,1,0.680029
33.843857,16.435240,-0.026997,11.025947,-331.374207,107.009354,-99.459328,-19863.525391,5778.406738,-0.261839,-0.937689,0.228429,0.100000,0.020000,1,0.965027
34.330772,14.843228,-0.839929,227.963043,-41.145622,-137.079956,1454.930298,-18384.164062,-2466.501465,-0.286855,-0.828550,-0.480853,0.100000,0.020000,1,0.186195
33.876781,16.060196,0.100350,-478.116394,141.425415,-399.417114,24291.171875,-6764.699219,19219.355469,-0.244712,-0.949642,-0.195695,0.100000,0.020000,1,0.333142
33.997852,15.968917,-0.695523,-2.363432,1.571058,-7.961811,745.232361,439.119629,821.949524,-0.323833,-0.734304,-0.596598,0.100000,0.020000,1,0.636344
33.807323,17.328362,-0.664381,21.069809,353.081604,-93.609863,-157.701721,-20600.121094,5634.013184,-0.368104,-0.862697,-0.346775,0.100000,0.020000,1,0.036151
34.012192,15.974948,0.548679,-18.515507,203.573624,-694.893616,-1749.541016,12175.234375,-43594.773438,-0.266812,-0.800982,0.535947,0.100000,0.020000,1,0.603815
34.433926,16.534142,1.601008,63.214569,-178.230835,38.097382,6909.849121,-11785.121094,-2916.428223,-0.206363,-0.883705,0.420095,0.100000,0.020000,1,0.825232
33.758408,15.947447,-0.236103,172.270584,-236.752380,-352.145050,10073.118164,-15618.968750,-23236.554688,-0.151084,-0.988503,0.005883,0.100000,0.020000,1,0.380956
35.199650,16.300064,-1.462123,404.946014,28.743317,-439.321625,17415.125000,7289.790039,-20270.648438,-0.149814,-0.981440,0.119717,0.100000,0.020000,1,0.477314
34.236713,16.348120,-0.222007,18.739004,37.947350,97.152161,-802.221191,619.707642,6102.291992,-0.365307,-0.625364,-0.689544,0.100000,0.020000,1,0.238867
32.689777,16.171335,1.119365,-237.774231,188.296112,140.587387,-21532.000000,12027.794922,11133.691406,-0.311581,-0.702525,0.639825,0.100000,0.020000,1,0.961361
33.904114,16.148827,-0.232866,45.768555,-101.379318,-65.605507,2576.132080,-6129.563965,-4044.556641,-0.139376,-0.948930,-0.283032,0.100000,0.020000,1,0.848205
34.007576,16.102510,0.185218,20.038467,-71.386787,38.436577,1459.213867,-4406.856934,2319.308350,-0.126009,-0.964260,0.233076,0.100000,0.020000,1,0.703838
34.049026,16.043047,-0.392960,-103.487762,-4.602239,33.893768,-6128.895996,-458.426636,1193.299072,-0.126653,-0.974698,-0.184179,0.100000,0.020000,1,0.639813
35.359127,17.064768,0.671676,338.199005,277.587799,23.495026,12796.860352,9516.205078,-5623.929199,-0.425005,-0.525514,0.737025,0.100000,0.020000,1,0.809894
33.724312,15.923551,0.476116,44.772339,-3.888371,-121.686783,1621.010254,-1012.043579,-6957.642090,-0.176716,-0.925470,0.335078,0.100000,0.020000,1,0.044728
34.415871,15.456251,0.486264,122.861816,-101.532745,56.029633,9590.086914,-8876.479492,4279.564941,-0.101139,-0.934566,0.341111,0.100000,0.020000,1,0.786316
34.114487,16.189402,0.708810,-88.545784,84.874252,-25.971771,1399.537598,-4385.486816,6198.731445,-0.362206,-0.641594,0.676139,0.100000,0.020000,1,0.034087
33.862080,16.690237,-2.134564,14.552582,182.918716,-416.244568,70.532829,-10826.368164,25123.267578,-0.205121,-0.768038,-0.606666,0.100000,0.020000,1,0.383483
32.174858,16.087946,-2.846793,-300.408997,189.753342,-755.520569,-17003.531250,5755.656738,-31194.671875,-0.079523,-0.990898,-0.108619,0.100000,0.020000,1,0.038144
33.618519,16.626915,-0.227125,-52.454987,145.284058,15.105728,3356.838623,-8977.830078,-124.775604,-0.012447,-0.999907,0.005489,0.100000,0.020000,1,0.870538
32.585590,15.850809,3.045351,-171.501205,121.729462,776.394714,-7156.475098,-932.952332,21071.851562,-0.010729,-0.995452,-0.094659,0.100000,0.020000,1,0.912675
33.692337,15.880949,-0.676390,133.238358,-49.797974,22.752399,-5103.350098,3067.547852,-999.196533,-0.274910,-0.667974,-0.691546,0.100000,0.020000,1,0.974903
33.677589,15.735649,0.445693,60.028160,20.767572,27.969086,-1653.788086,-137.338074,-1061.843872,-0.208240,-0.748255,0.629881,0.100000,0.020000,1,0.672413
36.769806,16.833996,0.620772,883.328979,195.861298,282.145416,-51533.960938,-11940.971680,-17042.886719,-0.134776,-0.850906,-0.507735,0.100000,0.020000,1,0.069053
33.870552,16.170122,0.281699,200.527130,149.837524,204.637817,11802.953125,10035.442383,12047.168945,-0.129670,-0.830559,0.541624,0.100000,0.020000,1,0.639048
33.825233,16.027899,0.413470,10.010649,-99.251556,-5.329403,-62.980988,-6202.577148,-190.905060,-0.074144,-0.905091,0.418703,0.100000,0.020000,1,0.165215
33.452991,16.299097,-0.855326,-41.253387,78.105270,-116.702179,-4809.436035,6152.233398,-9417.115234,-0.063094,-0.912960,-0.403142,0.100000,0.020000,1,0.059373
34.797310,16.824202,0.560758,186.841553,407.772827,-71.492188,2307.143066,16225.297852,-8734.730469,0.008518,-0.993277,0.115451,0.100000,0.020000,1,0.509771
33.369534,15.834056,-0.217507,-30.897690,49.503296,-26.980530,-4152.526855,2552.900879,-1875.594116,0.009462,-0.980787,-0.194850,0.100000,0.020000,1,0.688926
34.073814,15.492574,-0.520959,183.748642,-61.837746,-51.786797,3896.343018,-1933.752930,-3234.828125,0.022040,-0.958530,-0.284137,0.100000,0.020000,1,0.609225
33.677147,15.831563,0.180969,-194.022095,58.145630,113.297974,-13154.154297,3157.836670,7085.348633,0.027035,-0.975663,0.217601,0.100000,0.020000,1,0.597800
34.452148,15.911608,0.493803,97.935257,-51.134346,-40.862534,6307.878906,-3662.740234,-4080.860352,-0.338143,-0.584475,0.737596,0.100000,0.020000,1,0.429642
34.701923,15.950844,0.949534,188.715088,73.392677,400.135559,10666.284180,4272.594238,28522.175781,-0.032874,-0.873863,-0.485060,0.100000,0.020000,1,0.541979
33.486511,15.754264,0.933607,-23.882393,38.327286,93.338470,-3319.389160,1636.427734,8556.177734,0.028146,-0.944505,0.327289,0.100000,0.020000,1,0.137402
35.265347,16.231842,0.459054,455.943726,82.845322,215.990723,34004.902344,6078.130371,17242.320312,-0.100042,-0.888769,-0.447305,0.100000,0.020000,1,0.013036
34.274086,15.159422,1.035957,195.368713,-76.750320,133.709000,13416.943359,-8164.650391,10819.800781,-0.025603,-0.856345,0.515769,0.100000,0.020000,1,0.779465
34.022083,15.932253,-0.250581,-266.934326,-84.362747,-38.516624,-16441.671875,-5187.518555,-2032.821289,0.068078,-0.921446,-0.382495,0.100000,0.020000,1,0.504539
32.525936,16.111502,-0.470706,-251.809265,171.507721,-66.900726,-21448.201172,11888.905273,-5477.388672,0.140672,-0.971941,-0.188527,0.100000,0.020000,1,0.397202
33.670654,15.446883,0.112230,526.648804,-280.453369,224.706055,32547.134766,-19403.820312,14600.047852,0.151587,-0.988346,0.013910,0.100000,0.020000,1,0.207744
33.561337,16.040293,-0.169961,166.646667,-35.039330,174.105682,9356.541016,-1418.393433,10602.093750,0.154051,-0.984367,-0.085379,0.100000,0.020000,1,0.947908
34.097172,16.068506,0.507910,-30.932899,-338.929626,461.902283,-1977.487427,-20960.761719,28898.501953,-0.075627,-0.773179,0.629663,0.100000,0.020000,1,0.718750
33.686283,15.867289,0.452299,85.028442,-44.058586,-29.595772,4314.446289,-2830.023438,-1603.417358,0.082266,-0.899026,0.430098,0.100000,0.020000,1,0.615933
34.495510,14.885289,0.684465,112.346733,-23.295914,41.274612,-3498.194336,2214.981934,-998.269775,0.161651,-0.960270,0.227488,0.100000,0.020000,1,0.793736
34.016457,16.404358,0.644377,-3.755547,83.910660,-10.796164,-1310.877808,6776.230957,-747.093201,-0.235225,-0.641812,0.729895,0.100000,0.020000,1,0.301397
33.777374,17.026943,0.083891,-18.499405,532.188660,-68.881577,-3145.024414,16303.772461,-1868.720215,0.161639,-0.929327,0.332002,0.100000,0.020000,1,0.106012
33.933155,15.872763,0.150399,-142.124084,-46.570992,-347.435059,-8721.318359,-2723.968506,-20153.990234,0.168170,-0.937799,-0.303729,0.100000,0.020000,1,0.336932
33.827755,16.090158,-0.715767,-45.450508,5.799772,-17.145813,-4414.194336,760.925659,-1406.783569,-0.147660,-0.693057,-0.705598,0.100000,0.020000,1,0.259366
34.018002,15.712298,-0.480878,-96.373825,71.665985,-99.605759,-6393.661621,3499.529053,-5946.762207,-0.063309,-0.780600,-0.621816,0.100000,0.020000,1,0.158382
32.916271,16.606091,-0.484822,-184.391968,209.052856,4.031618,12072.473633,-12507.703125,-119.799873,0.098723,-0.858742,-0.502807,0.100000,0.020000,1,0.269687
34.404072,16.845753,-0.042192,164.898773,250.458603,-163.071808,-8748.428711,-14816.721680,10038.141602,-0.163386,-0.674480,0.719988,0.100000,0.020000,1,0.610844
33.972206,15.864958,-0.617050,-242.277985,-63.979431,224.784729,7127.488770,28433.039062,-31698.214844,0.029859,-0.799406,-0.600048,0.100000,0.020000,1,0.841675
34.823452,14.558780,0.392782,360.138855,-140.702560,-17.853439,-1011.895508,-13022.231445,-3607.224609,0.105351,-0.845559,0.523384,0.100000,0.020000,1,0.122223
35.234646,17.287382,-1.237185,425.153168,480.903778,-220.131241,13910.810547,15229.029297,-9135.156250,0.191198,-0.897580,-0.397232,0.100000,0.020000,1,0.534221
32.841118,18.273994,1.860425,-207.100845,774.232971,680.538513,-1791.057617,32459.285156,37999.789062,0.274115,-0.957428,-0.090512,0.100000,0.020000,1,0.412506
33.900757,15.976211,1.106250,19.925611,35.278793,120.319122,612.828552,2648.934082,9862.664062,0.034583,-0.781361,0.623121,0.100000,0.020000,1,0.621040
35.586811,15.708030,-0.391110,612.183777,-3.788612,-138.908997,19051.583984,1387.745361,-21279.111328,0.198631,-0.878829,0.433826,0.100000,0.020000,1,0.928156
34.268734,15.564277,-0.116664,156.517120,-14.046333,-47.387321,11791.195312,-1540.827515,-3551.210938,0.295075,-0.955281,0.019199,0.100000,0.020000,1,0.051739
33.909805,15.479877,-0.014008,-88.711868,83.070343,38.111240,-5214.045898,4284.253418,1859.641357,0.303633,-0.944019,0.128976,0.100000,0.020000,1,0.455622
34.074429,17.809063,-0.113635,161.944855,616.925537,-53.027252,-1689.716309,25556.777344,-4859.200684,0.227741,-0.962738,0.145838,0.100000,0.020000,1,0.096208
33.712200,15.825179,0.221714,-19.765930,-24.492477,155.447556,-4479.723633,2135.706543,6991.628906,0.305857,-0.929595,-0.205680,0.100000,0.020000,1,0.180429
33.694393,16.090069,0.033583,20.546141,132.039917,-74.816071,732.813843,9988.823242,-5383.581055,0.313533,-0.925592,0.212074,0.100000,0.020000,1,0.119839
34.422543,16.885986,0.549055,-116.362488,159.989517,220.387238,-11814.693359,1008.874023,3206.359863,-0.051457,-0.710298,-0.702018,0.100000,0.020000,1,0.471958
33.905132,15.762098,-0.732207,3.606603,12.060450,183.112061,-242.869507,634.546997,10799.600586,0.133153,-0.781971,-0.608927,0.100000,0.020000,1,0.594366
34.703072,16.572823,0.318364,126.870789,82.373535,167.398529,11202.238281,8755.053711,13807.718750,0.237798,-0.829318,-0.505652,0.100000,0.020000,1,0.900539
33.819363,15.157645,0.474412,-16.973608,15.603714,-24.455219,-1238.746338,-1151.624268,-822.991333,0.325389,-0.884664,0.333903,0.100000,0.020000,1,0.002751
34.808338,17.421585,1.830849,312.515015,465.332550,370.238098,7180.135742,16584.056641,7463.226562,-0.054808,-0.688204,0.723444,0.100000,0.020000,1,0.551997
33.785076,15.785675,0.513637,119.003433,-58.361595,38.874985,6517.752441,-3653.677002,2255.076416,0.144727,-0.770696,0.620549,0.100000,0.020000,1,0.376508
32.687126,15.983187,0.233166,-236.150452,194.219604,-124.240845,-20185.677734,13390.945312,-8866.664062,0.242139,-0.813402,0.528910,0.100000,0.020000,1,0.193544
32.534760,15.880157,1.436887,-129.955139,144.556931,389.420471,10167.814453,-7852.747559,-24376.953125,0.332329,-0.850845,-0.406964,0.100000,0.020000,1,0.879755
33.359203,15.572858,-0.345344,315.533295,-165.009064,-237.081696,-18904.535156,28299.957031,16287.902344,0.416742,-0.887804,-0.195269,0.100000,0.020000,1,0.789074
34.132660,14.957608,0.246251,-644.852051,372.417023,-72.390015,-39368.878906,20838.695312,-3620.555664,0.432031,-0.901612,0.021084,0.100000,0.020000,1,0.535769
33.585060,15.273767,0.188926,38.154423,66.085388,0.000000,-9346.555664,1648.851562,4639.830078,0.437003,-0.893291,0.105164,0.100000,0.020000,1,0.626574
33.591438,15.669628,0.708785,-30.893944,33.341064,46.995895,2357.679932,-1755.643433,-3241.788574,0.343230,-0.839704,0.420821,0.100000,0.020000,1,0.816566
33.659943,15.230533,-0.133114,-168.829666,101.521492,-411.963135,-12382.626953,3269.876709,-26389.605469,0.439792,-0.892323,-0.101700,0.100000,0.020000,1,0.253725
33.801682,15.679334,0.328111,108.026520,-3.959659,-66.361107,-4035.011230,-502.269623,1769.682007,0.431620,-0.870860,0.235175,0.100000,0.020000,1,0.387647
33.780426,15.765518,-1.092474,-10.530113,-4.794882,-86.435623,1432.195679,454.106201,5561.835938,0.039305,-0.709591,-0.703516,0.100000,0.020000,1,0.232977
33.549843,15.881863,-0.625477,5.444906,-136.664551,-59.195160,735.358948,6162.169922,3467.305664,0.332416,-0.808759,-0.485189,0.100000,0.020000,1,0.908013
33.163292,15.517274,-0.520398,-165.929520,103.263611,59.611759,10166.110352,-4851.641602,-2335.287109,0.365535,-0.876703,-0.312692,0.100000,0.020000,1,0.230895
35.322197,14.270829,-1.135924,383.023163,-173.550629,-194.593811,16353.386719,-19057.283203,-1656.096191,0.247284,-0.763063,-0.597148,0.100000,0.020000,1,0.222442
33.495270,15.726425,0.824764,-113.994507,55.905594,230.358643,6669.360840,-3309.524902,-14510.497070,0.459290,-0.834118,-0.305450,0.100000,0.020000,1,0.515358
36.877502,17.624376,4.401127,942.512451,613.704651,1125.586182,-54944.097656,-35979.871094,-66734.265625,0.254953,-0.747045,0.613941,0.100000,0.020000,1,0.976824
35.067814,14.815163,-0.154270,379.305847,-166.463196,-122.088562,-22253.419922,10278.512695,7323.729004,0.459192,-0.826595,0.325396,0.100000,0.020000,1,0.051864
33.477642,15.415747,-0.585385,87.830811,-39.957710,248.392059,-3467.444580,2110.063965,-10808.255859,0.553930,-0.832515,0.008993,0.100000,0.020000,1,0.017022
33.097309,15.555368,-0.031159,511.502899,-287.323059,174.505371,27335.205078,-21665.539062,9402.205078,0.455939,-0.780531,0.427657,0.100000,0.020000,1,0.746616
34.424835,14.953291,-0.925532,116.574463,-59.505005,-48.593201,-7289.310059,4498.477539,3961.092529,0.466908,-0.788538,-0.400257,0.100000,0.020000,1,0.748734
33.039776,15.588584,0.798966,146.653015,-79.354324,-138.179657,4775.023438,-6847.938477,-6463.565918,0.548467,-0.802994,0.233205,0.100000,0.020000,1,0.877228
33.484577,15.331779,-1.331927,-37.344616,36.572182,-194.498550,-2379.299561,-1881.697144,-19903.093750,0.555330,-0.810035,-0.188289,0.100000,0.020000,1,0.694140
33.929680,15.659967,1.173746,12.110336,113.005402,314.722046,-541.982239,-5862.410156,-17591.904297,0.370275,-0.753507,0.543253,0.100000,0.020000,1,0.198242
33.968597,16.560884,-0.034023,49.221512,347.349182,-59.297386,5620.041504,26851.224609,-2390.781250,0.584848,-0.800993,0.127921,0.100000,0.020000,1,0.337626
33.877457,15.918323,0.500926,63.773651,-55.038811,640.945129,2965.247803,-3019.532715,39780.023438,0.066224,-0.676978,0.733018,0.100000,0.020000,1,0.717398
31.853731,17.443583,0.482828,-615.080994,478.512543,370.983856,-16890.335938,20921.609375,2434.572510,0.160494,-0.692984,-0.702862,0.100000,0.020000,1,0.957909
33.843189,15.333143,-0.265574,413.005676,-468.282898,389.156006,25455.230469,-30539.679688,25720.595703,0.367992,-0.710551,-0.599750,0.100000,0.020000,1,0.853295
33.783684,15.647409,-0.904974,2.639066,54.605774,-89.885178,293.825256,-3162.712891,5713.239746,0.468864,-0.724827,-0.504770,0.100000,0.020000,1,0.073413
33.789433,15.155769,-1.319124,33.361794,64.021736,-140.391525,-15449.161133,-8152.692383,-12071.660156,0.570741,-0.759840,-0.311285,0.100000,0.020000,1,0.035475
33.910553,15.174829,0.540368,318.203430,-176.554733,316.921936,-10698.428711,11231.936523,10932.062500,0.566044,-0.751372,0.339168,0.100000,0.020000,1,0.137064
33.817165,15.638608,0.688740,204.480347,-252.160553,-174.494263,-9239.403320,14118.262695,8558.544922,0.371445,-0.697444,0.612863,0.100000,0.020000,1,0.405334
33.656818,15.519857,0.443121,25.835083,-72.474030,-217.464081,-333.165741,5457.612305,14627.135742,0.468122,-0.709706,0.526478,0.100000,0.020000,1,0.779127
33.847137,15.417895,0.203294,-29.389069,-118.708939,-71.332047,2377.675293,2061.629395,4958.794434,0.563448,-0.716682,0.410965,0.100000,0.020000,1,0.474324
33.418663,15.409172,-1.083433,-203.734619,129.546890,-194.594452,11360.322266,-6703.107422,12691.652344,0.669317,-0.742944,0.007029,0.100000,0.020000,1,0.309814
32.695412,15.787405,-0.047935,-275.407440,205.082382,-140.068893,-15395.036133,-4408.680664,-9082.985352,0.671556,-0.733504,0.104805,0.100000,0.020000,1,0.106974
33.680325,15.311898,0.128478,158.036163,-85.636520,-148.412170,9229.966797,-5415.744629,-8468.504883,0.677452,-0.729287,-0.095914,0.100000,0.020000,1,0.091617
33.798050,15.679573,0.741774,80.942085,-37.223595,-6.195723,3836.799805,-2537.804688,-35.215828,0.163100,-0.668004,0.726064,0.100000,0.020000,1,0.849486
34.338257,15.933691,0.202020,92.555557,183.519958,145.490509,7626.024902,13821.750000,11559.057617,0.571089,-0.713910,-0.405204,0.100000,0.020000,1,0.196676
34.248760,15.049335,0.073453,-41.482460,-202.762939,-366.591736,-928.412537,-14119.000000,-22412.328125,0.633217,-0.765944,-0.111202,0.100000,0.020000,1,0.014744
33.827122,15.303655,0.448699,-49.352592,-356.806824,-437.401855,-3336.493164,-22538.480469,-26558.437500,0.674725,-0.705098,0.218137,0.100000,0.020000,1,0.067612
33.632587,17.016703,-0.442006,-2.027878,425.491333,40.717484,6214.762207,32173.769531,908.846985,0.252626,-0.668413,-0.699574,0.100000,0.020000,1,0.702272
33.947903,15.286831,-0.474578,84.275131,-41.498497,378.307922,5133.171387,-3437.198486,24119.767578,0.451716,-0.670574,-0.588459,0.100000,0.020000,1,0.852440
33.869114,15.337013,-0.267461,-730.992065,-307.204529,11.158712,-46190.921875,-19202.591797,324.195343,0.689834,-0.697167,-0.195159,0.100000,0.020000,1,0.122650
34.374142,14.828818,-0.366745,41.911987,-93.294907,119.224472,5331.977539,-6889.622070,6420.331055,0.674510,-0.659221,0.332360,0.100000,0.020000,1,0.393768
33.996899,15.817974,-1.115877,23.727913,151.730682,-226.209656,1858.746948,11802.861328,-17804.023438,0.683354,-0.665136,-0.301034,0.100000,0.020000,1,0.081812
33.587265,15.328551,-0.312354,244.395233,-136.505554,585.770264,14155.235352,-8171.484863,35636.292969,0.754564,-0.656169,0.008641,0.100000,0.020000,1,0.727220
34.012775,15.587557,0.515957,104.220184,50.280506,-83.021698,2808.946777,1269.785645,-2918.446289,0.250294,-0.649478,0.718005,0.100000,0.020000,1,0.225557
33.393776,15.840584,0.607772,-122.861603,154.933136,116.637085,7710.979492,-9039.982422,-8726.046875,0.578081,-0.640471,-0.505588,0.100000,0.020000,1,0.161389
38.460297,14.053119,0.000073,1324.260986,-289.207245,114.749359,-78505.703125,17822.378906,-6679.561035,0.666551,-0.639488,-0.383098,0.100000,0.020000,1,0.954919
33.545624,15.296535,-0.335550,-14.774130,11.184227,0.816559,1907.850830,-1711.376831,-1068.985474,0.764072,-0.634496,0.116656,0.100000,0.020000,1,0.834681
34.724052,16.364115,-3.430287,178.930862,422.700317,-981.282593,-11165.598633,-24308.146484,58171.992188,0.772324,-0.629052,-0.088370,0.100000,0.020000,1,0.398288
33.805897,15.288685,0.626606,319.797119,-372.577484,-77.132675,19540.703125,-23484.933594,-3852.745605,0.665910,-0.613789,0.424060,0.100000,0.020000,1,0.498453
33.806656,15.204953,-0.398208,55.107216,-75.178658,-9.728615,2966.284668,-4716.876953,-3122.622803,0.761712,-0.608167,0.223447,0.100000,0.020000,1,0.775888
33.949169,15.104821,0.713210,69.816956,-36.181602,461.178955,4489.780273,-2618.983398,32819.062500,0.774668,-0.602261,-0.192799,0.100000,0.020000,1,0.753503
33.785118,15.590528,-0.851620,166.190063,-105.460449,380.896606,9301.876953,-6484.075195,23122.197266,0.351679,-0.623593,-0.698179,0.100000,0.020000,1,0.432756
33.924591,15.838722,0.604519,9.728322,156.111481,111.865204,155.050125,11505.737305,7188.313477,0.472029,-0.611764,0.634771,0.100000,0.020000,1,0.640134
33.642082,16.123249,0.367289,-51.470505,256.206726,142.358429,-4526.200684,20040.125000,11614.779297,0.754073,-0.589540,-0.289511,0.100000,0.020000,1,0.648817
34.197014,15.098474,-0.954833,231.649445,-126.407043,5.811737,15330.869141,-9136.653320,-1359.307007,0.542528,-0.588875,-0.599074,0.100000,0.020000,1,0.865466
34.171589,15.056071,0.602660,-219.407379,131.021362,-121.305252,-13191.036133,7369.997070,-7087.772949,0.651580,-0.556221,0.515812,0.100000,0.020000,1,0.905112
33.108639,15.644616,0.913588,-122.662598,79.558243,137.222473,8680.208984,-4765.702148,-7835.527344,0.554915,-0.561391,0.613929,0.100000,0.020000,1,0.916269
33.725250,15.226992,0.124520,42.213593,-20.077242,269.842560,15173.997070,4910.098633,-5201.769531,0.753655,-0.516667,0.406274,0.100000,0.020000,1,0.824556
34.366032,14.822871,-0.205621,-1053.551636,619.003479,-395.279388,-68124.851562,33622.238281,-25255.542969,0.843103,-0.500012,-0.197904,0.100000,0.020000,1,0.650241
32.299908,16.015747,0.129604,-421.810425,331.864105,121.031754,-19232.457031,-7678.140625,6757.573242,0.858176,-0.500806,0.112817,0.100000,0.020000,1,0.465534
33.581455,15.663677,0.576426,-314.618622,-163.726105,-91.210800,17124.822266,7823.025391,4768.814453,0.360294,-0.590720,0.721968,0.100000,0.020000,1,0.969920
35.265137,14.303774,-0.552064,491.656250,-127.115250,34.684280,-15601.821289,-22854.935547,-3797.654297,0.447668,-0.570980,-0.688167,0.100000,0.020000,1,0.492973
32.441956,15.933737,3.079823,-325.892365,246.639374,810.066284,-42864.566406,12689.878906,41376.683594,0.778823,-0.534104,0.328888,0.100000,0.020000,1,0.163115
33.957775,15.070982,0.409837,23.107325,-9.582458,-52.161556,7577.394531,-4224.865723,-14549.013672,0.758922,-0.509457,-0.405574,0.100000,0.020000,1,0.281022
33.993076,15.051539,0.375013,-305.929565,180.455353,370.943542,-19381.429688,11299.297852,24104.195312,0.849924,-0.473028,0.232109,0.100000,0.020000,1,0.811121
33.716530,15.201777,0.747222,-104.846008,61.719734,214.504883,29.808594,-2.469727,-5252.527344,0.874078,-0.485384,0.019726,0.100000,0.020000,1,0.792989
33.836021,15.715181,0.146107,-15.303707,127.691498,176.274231,-1915.565430,9953.299805,13934.411133,0.639227,-0.503342,-0.581409,0.100000,0.020000,1,0.920131
33.725693,15.342896,-0.633336,-169.058029,-238.124817,-315.668793,-12031.544922,-14364.888672,-20693.462891,0.722421,-0.480678,-0.497048,0.100000,0.020000,1,0.630685
33.918240,15.466255,-0.169436,-419.043274,358.556519,286.963959,21271.203125,-19011.042969,-14620.334961,0.844069,-0.446123,-0.297527,0.100000,0.020000,1,0.697930
32.642765,15.817798,2.670727,-345.847992,219.986832,671.958435,21160.148438,-12735.782227,-39592.351562,0.720528,-0.464399,0.514949,0.100000,0.020000,1,0.760211
33.856247,15.117194,0.564639,3.282425,46.317368,29.857147,-18469.574219,761.168945,-23307.033203,0.846666,-0.431909,0.310824,0.100000,0.020000,1,0.486442
34.076725,15.378658,0.597149,34.584137,26.447582,-29.642540,-1652.110352,-1165.338623,1613.679321,0.447765,-0.538534,0.713784,0.100000,0.020000,1,0.268263
35.767845,14.013534,-0.082622,558.049133,-319.352936,-0.685847,-32506.869141,18842.693359,-706.727051,0.823903,-0.408389,-0.392941,0.100000,0.020000,1,0.562709
38.268993,12.569494,-2.151266,1180.439087,-681.134094,-606.841370,64964.042969,-37603.613281,-5323.707031,0.924547,-0.380648,0.017874,0.100000,0.020000,1,0.418289
34.248207,15.101803,0.025439,-183.876648,-210.687897,-41.610588,5626.113770,6093.310547,-3943.203125,0.923865,-0.373071,-0.085395,0.100000,0.020000,1,0.435443
33.461849,15.344903,0.395219,-180.108414,105.059990,-103.140923,10578.301758,-5333.165527,5521.792969,0.596230,-0.549535,0.585254,0.100000,0.020000,1,0.116333
33.976055,15.510503,0.612058,20.615362,-28.032566,8.640503,788.937012,-698.526550,757.398010,0.631461,-0.464753,0.620694,0.100000,0.020000,1,0.353107
33.451622,16.037386,1.578653,-292.361145,350.375793,28.497009,-21122.107422,26174.810547,6828.089844,0.821865,-0.390449,0.414834,0.100000,0.020000,1,0.563368
34.372204,14.963881,-0.039153,-508.819275,-10.089691,-202.044128,-30691.769531,-841.156494,-12585.947266,0.900750,-0.425424,-0.087544,0.100000,0.020000,1,0.101012
35.299892,17.216928,-0.638498,343.127655,607.673096,-6.868225,9823.935547,17542.558594,3028.216797,0.892529,-0.356405,-0.276345,0.100000,0.020000,1,0.273263
34.176960,14.932033,-0.466629,165.507004,-95.171455,362.444672,10754.339844,-6302.284668,20506.597656,0.928761,-0.351823,0.116718,0.100000,0.020000,1,0.611502
32.465210,15.920311,0.084818,-187.502502,110.901093,-20.790108,13864.193359,-7117.594238,-887.699280,0.536540,-0.484990,-0.690586,0.100000,0.020000,1,0.364727
34.119751,14.965062,-0.900288,119.519569,-54.392387,471.520721,4121.902832,-10339.307617,28620.455078,0.797421,-0.372608,-0.474639,0.100000,0.020000,1,0.638158
34.338657,15.113544,1.079584,66.537994,26.631701,112.163010,-3959.643799,-1741.626831,-7993.874512,0.917535,-0.329207,0.223051,0.100000,0.020000,1,0.854682
33.289124,16.419697,-0.250965,-203.457962,405.433105,39.764832,12267.621094,-23510.667969,-2659.677002,0.674323,-0.491967,-0.550688,0.100000,0.020000,1,0.005384
31.948523,16.218620,1.914132,-686.129150,396.302246,485.473572,40229.187500,-23169.957031,-28649.962891,0.886442,-0.317780,0.336507,0.100000,0.020000,1,0.549435
34.593071,14.691791,-1.835623,-3.789747,2.456250,-334.328613,1737.769775,-1071.052246,-28044.156250,0.923539,-0.328865,-0.197291,0.100000,0.020000,1,0.087079
34.442459,15.542628,1.336634,-18.096237,179.279968,379.731995,106.719696,-10203.642578,-21315.666016,0.775648,-0.341358,0.530891,0.100000,0.020000,1,0.673605
34.955097,14.482774,3.445700,349.678314,-201.755447,976.084839,-19685.369141,11463.439453,-59106.167969,0.874264,-0.301393,-0.380559,0.100000,0.020000,1,0.883260
33.745419,15.181182,-0.272567,562.477417,-323.918152,1.754981,33646.375000,-19635.996094,-753.381165,0.964074,-0.255492,-0.072700,0.100000,0.020000,1,0.661914
33.317379,15.589128,-0.197030,-255.579926,-100.718292,403.748138,12727.024414,549.302734,-23230.615234,0.713080,-0.374897,-0.592426,0.100000,0.020000,1,0.404160
33.811359,15.143112,0.135610,157.031281,-90.094604,507.607727,-24335.375000,14138.445312,-11829.436523,0.873566,-0.267767,0.406426,0.100000,0.020000,1,0.762080
36.114185,13.813573,0.235375,677.161682,-390.356537,301.309540,31767.105469,-18505.599609,8900.728516,0.950294,-0.233697,0.205735,0.100000,0.020000,1,0.180785
36.208294,16.207308,0.041155,540.973633,417.246521,112.472565,-32601.439453,-24466.851562,-5675.750977,0.971874,-0.234220,0.024524,0.100000,0.020000,1,0.292820
34.439728,15.276665,-0.470071,107.440994,-682.852783,449.785950,-3774.014404,34114.250000,-32865.796875,0.952494,-0.229102,-0.200666,0.100000,0.020000,1,0.834219
34.599770,14.687922,0.340647,-575.406860,333.001953,-113.780937,-34770.656250,19889.482422,-6154.801270,0.968266,-0.227789,0.102821,0.100000,0.020000,1,0.364193
34.258583,15.308850,0.650894,-135.209473,-76.414200,-14.318163,6512.305664,3448.490967,507.589172,0.683248,-0.360616,0.634924,0.100000,0.020000,1,0.402220
35.646996,15.047568,-0.680079,463.399017,1.417081,-90.683083,-27199.730469,527.617737,4664.187988,0.588900,-0.405237,-0.699270,0.100000,0.020000,1,0.236482
36.176781,15.875264,-1.173360,596.108704,284.279602,-200.214233,-35194.101562,-16370.936523,11775.839844,0.760202,-0.293732,-0.579494,0.100000,0.020000,1,0.993373
34.954178,14.483306,1.089324,-51.989700,30.666336,-428.665222,-369.908081,-86.675934,-23731.003906,0.929878,-0.191171,0.314292,0.100000,0.020000,1,0.518045
33.813530,16.039297,1.137593,-167.032288,290.261292,422.709106,9460.413086,-17360.638672,-25447.708984,0.837853,-0.227505,-0.496230,0.100000,0.020000,1,0.698375
34.361301,15.675608,0.927842,27.844780,196.533478,186.823029,-1758.501587,-11680.785156,-10622.153320,0.833779,-0.223103,0.505012,0.100000,0.020000,1,0.819574
38.370899,12.510658,0.262094,1206.139160,-695.276367,55.758728,36947.175781,-21585.722656,2309.851074,0.995991,-0.088228,0.014769,0.100000,0.020000,1,0.768521
34.483269,15.177141,-0.413210,-159.394608,97.253448,515.519043,7428.500488,-5868.105469,-24846.722656,0.993406,-0.084315,-0.077686,0.100000,0.020000,1,0.095976
34.205185,14.915735,-0.421675,-62.909386,36.597691,155.840790,-4261.430176,2395.766846,9203.358398,0.945609,-0.137601,-0.294771,0.100000,0.020000,1,0.200537
34.415363,14.794389,0.565518,-432.407959,251.320663,-301.432343,21263.503906,-12257.812500,14593.627930,0.893426,-0.129350,0.430184,0.100000,0.020000,1,0.664370
34.510098,15.927440,0.430370,31.667469,249.240295,156.892242,-2214.709717,-15256.283203,-10011.664062,0.904576,-0.130838,-0.405739,0.100000,0.020000,1,0.361738
33.754379,15.176009,-0.165432,-108.851860,64.855904,-2.198156,-9753.217773,4786.430176,-76.493156,0.977115,-0.072587,-0.199943,0.100000,0.020000,1,0.886108
34.477055,14.992233,0.197092,-184.343704,121.551056,-40.390278,8740.802734,-6555.554688,1984.645752,0.976468,-0.070922,0.203665,0.100000,0.020000,1,0.905717
33.805202,15.146667,2.941210,-90.740776,53.256329,685.038818,1817.123047,-1249.651123,24775.441406,0.990931,-0.065861,0.117127,0.100000,0.020000,1,0.288691
33.933811,15.429556,0.618746,-187.393524,-33.646454,-249.445282,12672.658203,2252.149414,18937.658203,0.569839,-0.393670,0.721324,0.100000,0.020000,1,0.050636
34.886135,14.522589,-1.198911,277.693420,-155.871902,-319.859863,-15709.781250,9614.094727,17541.818359,0.641688,-0.322163,-0.696023,0.100000,0.020000,1,0.183188
34.804829,15.771554,0.443035,385.507324,127.603516,-111.167328,-20818.640625,-8221.628906,5913.915039,0.729258,-0.256440,0.634366,0.100000,0.020000,1,0.340598
35.180511,14.941264,2.894763,-261.828308,326.502533,178.202789,10759.557617,-16608.029297,-15996.570312,0.946439,-0.060023,0.317253,0.100000,0.020000,1,0.594918
34.527363,14.729729,-0.344910,-759.423096,438.701294,1690.806030,-47140.570312,27159.962891,106426.296875,0.952487,-0.058290,-0.298949,0.100000,0.020000,1,0.329850
34.210438,15.301824,0.749749,-104.522949,30.829735,-108.972122,5272.165039,-1843.307373,5145.213867,0.637820,-0.309303,0.705349,0.100000,0.020000,1,0.681488
38.328640,12.535057,-5.803176,1230.328003,-708.304138,-1767.176270,-72443.265625,41913.910156,102931.617188,0.864775,-0.111155,-0.489702,0.100000,0.020000,1,0.572906
34.212040,14.911777,0.521823,190.288116,-109.517120,400.572662,-9675.745117,6673.341309,-19653.634766,0.510230,-0.454000,0.730444,0.100000,0.020000,1,0.134466
37.722435,14.435352,-0.953692,860.412964,-39.876282,-282.715698,-52165.585938,3106.130859,15788.356445,0.923533,-0.026944,-0.382571,0.100000,0.020000,1,0.003694
29.845886,17.432581,-3.448623,-1241.585938,717.585571,-1317.986938,-50535.367188,29004.134766,-52475.035156,0.995319,0.041634,-0.087212,0.100000,0.020000,1,0.837564
34.208908,14.913587,0.460505,276.220398,-158.801163,-1060.780151,16490.437500,-9674.475586,-65526.328125,0.991478,0.049387,0.120550,0.100000,0.020000,1,0.731081
35.268944,14.301574,-0.772260,152.267349,-33.886562,-274.105621,4984.743164,-13862.589844,-8017.741211,0.998233,0.055097,0.022258,0.100000,0.020000,1,0.673588
34.274471,15.762424,-0.457160,-5.335831,156.106903,25.506615,178.546921,-10159.691406,839.813110,0.697107,-0.228098,-0.679716,0.100000,0.020000,1,0.905343
33.985397,15.042631,0.177321,-39.644527,34.248959,-21.833036,-3205.627197,-641.142700,-10904.958984,0.764407,-0.152770,0.626373,0.100000,0.020000,1,0.888172
34.232742,15.291826,0.337707,-18.333908,70.824203,-2.758635,9231.046875,-112.537598,2750.354736,0.905452,-0.010884,0.424310,0.100000,0.020000,1,0.968265
32.647842,15.814868,-2.110287,-418.085022,242.134491,-560.762634,-37865.144531,21605.365234,-20349.048828,0.979608,0.070968,-0.187968,0.100000,0.020000,1,0.187227
34.788315,14.645059,-0.784438,152.748932,-82.063797,-24.713181,-8934.429688,5080.021484,1888.799316,0.785706,-0.143868,-0.601639,0.100000,0.020000,1,0.192085
34.574078,15.307789,0.708269,80.912216,9.972839,19.700111,-4649.817871,-1551.199097,-1630.242798,0.851188,-0.066589,0.520620,0.100000,0.020000,1,0.137349
34.781822,14.639237,-0.718468,83.014450,-43.998489,-58.518700,-4957.421875,2850.985840,3378.984863,0.880110,-0.007017,-0.474718,0.100000,0.020000,1,0.904561
34.807739,14.567851,-0.377717,-807.405396,466.201172,167.170197,-49417.972656,28521.816406,10068.567383,0.954013,0.077223,-0.289648,0.100000,0.020000,1,0.802776
34.667671,15.972667,-3.403931,127.633896,309.928619,-861.306152,-7194.672363,-18248.146484,50866.593750,0.804040,-0.067514,-0.590730,0.100000,0.020000,1,0.631699
33.667950,15.225909,3.216537,-89.156631,51.728825,687.534668,-9120.046875,5202.189453,19077.484375,0.968470,0.102796,0.226934,0.100000,0.020000,1,0.251252
34.300964,14.860438,-0.107361,606.219421,-340.635254,620.419861,-37741.007812,21563.185547,-27537.126953,0.862174,0.033662,0.505493,0.100000,0.020000,1,0.324957
34.714088,14.621921,-0.382081,-136.324966,84.590988,126.000999,6759.437988,-2952.400879,-6708.978516,0.912871,0.097395,-0.396460,0.100000,0.020000,1,0.997288
34.674355,14.663871,-0.113441,-179.616974,104.560974,197.722107,8532.584961,-5083.615234,-9517.785156,0.983568,0.178816,0.024862,0.100000,0.020000,1,0.423503
35.230225,14.323928,-0.330668,183.081253,-99.270088,-36.541180,8289.076172,-6061.979492,-1738.992920,0.980534,0.179307,-0.080014,0.100000,0.020000,1,0.878349
35.840435,14.577374,-2.516746,467.868713,-187.541031,-591.870605,-27437.664062,10643.891602,34778.093750,0.728853,-0.119735,-0.674120,0.100000,0.020000,1,0.921145
34.599785,14.691503,-0.247489,-342.548340,198.858200,-18.326986,13985.151367,-7086.993164,-12386.944336,0.962078,0.194787,-0.190954,0.100000,0.020000,1,0.480018
33.124531,15.587992,0.729939,-418.873596,256.485657,359.599487,24440.421875,-14516.127930,-18429.724609,0.780251,-0.028126,0.624834,0.100000,0.020000,1,0.784910
34.371799,14.819540,-3.937720,83.271652,218.295044,-1096.074341,17287.861328,-63918.136719,-33623.296875,0.893445,0.135011,0.428403,0.100000,0.020000,1,0.947979
35.587646,14.475889,-0.475198,249.949280,-109.377533,-144.650696,-15347.096680,6125.343262,8827.051758,0.970170,0.208794,0.123185,0.100000,0.020000,1,0.023873
35.898300,13.938214,1.896203,404.307343,-191.724548,483.832275,8219.648438,-8808.154297,12950.345703,0.947954,0.221844,0.228405,0.100000,0.020000,1,0.990063
36.275558,13.725770,1.634302,588.729736,-338.277588,407.315857,-34074.906250,19707.654297,-24023.597656,0.921074,0.222829,0.319329,0.100000,0.020000,1,0.064213
35.337788,14.291970,0.920693,211.369537,-112.900360,109.095734,-12762.366211,7145.538086,-6704.809082,0.848219,0.144486,0.509557,0.100000,0.020000,1,0.637180
34.847763,14.925171,0.025170,-395.001099,-236.638611,-210.841248,-24036.664062,-13988.602539,-12921.375000,0.947652,0.310471,-0.074591,0.100000,0.020000,1,0.788967
34.657185,14.867686,-0.524075,-55.575294,-61.332176,32.209435,-2780.709961,-4095.466064,2135.536133,0.792475,0.063287,-0.606613,0.100000,0.020000,1,0.076865
34.334675,14.987146,-0.261471,425.088593,-741.493835,-257.813904,25744.558594,-45938.027344,-15837.495117,0.883490,0.236328,-0.404469,0.100000,0.020000,1,0.597604
35.489922,14.241150,0.140251,15.099854,-519.291016,55.958828,-6685.804199,-25898.269531,-1007.723877,0.919801,0.248807,-0.303417,0.100000,0.020000,1,0.126103
34.736782,14.993862,-0.171538,-144.842834,-308.837280,309.428223,-8793.042969,-18316.322266,19559.462891,0.925273,0.324058,-0.197122,0.100000,0.020000,1,0.418396
34.720955,14.756507,0.556254,92.816605,-349.969971,-376.444672,6084.255371,-21824.699219,-21463.531250,0.938137,0.346193,0.007041,0.100000,0.020000,1,0.417097
34.299873,15.055330,0.662754,-0.976798,-15.417020,-9.202911,-414.724274,-293.106049,-335.411743,0.657054,-0.195448,0.728066,0.100000,0.020000,1,0.118326
34.747578,15.639141,-3.046780,-212.304077,120.638794,-875.585266,-12972.875000,-76.218018,-22902.869141,0.876340,0.250371,0.411512,0.100000,0.020000,1,0.185554
34.879025,14.554137,0.170608,-218.059204,127.196350,63.994713,10364.245117,-5929.465332,-3147.059570,0.912574,0.350736,0.210220,0.100000,0.020000,1,0.451885
34.796387,14.574407,-0.217019,-15.982962,60.521172,-63.322365,-9066.758789,-698.595703,-7835.161133,0.924466,0.360015,0.125504,0.100000,0.020000,1,0.366631
35.936684,15.428257,1.452404,433.504364,163.336548,306.945984,-25899.998047,-9106.633789,-17505.361328,0.676707,-0.107568,0.728352,0.100000,0.020000,1,0.303158
34.356834,15.013491,0.939917,91.837112,-48.036171,46.311127,-4167.273438,2177.095215,-3316.875732,0.769916,0.089035,0.631904,0.100000,0.020000,1,0.825695
34.597263,15.104434,-0.407982,-17.330414,-229.258240,22.505524,-930.145447,-13363.041016,1652.998291,0.840851,0.173714,-0.512634,0.100000,0.020000,1,0.094944
33.379993,15.411507,-0.348740,-316.147949,188.390137,-163.487518,-10143.238281,5917.995117,-10560.812500,0.892152,0.351479,-0.283774,0.100000,0.020000,1,0.562941
34.777031,15.173740,-0.849450,47.613861,-39.697998,-49.467514,4325.188477,-1806.246460,-4040.899170,0.717779,0.004082,-0.696259,0.100000,0.020000,1,0.560325
34.550465,15.227298,-0.723067,166.550842,40.664452,-25.473495,6156.399902,46.347900,-473.307922,0.785957,0.165016,-0.595854,0.100000,0.020000,1,0.987483
34.708576,14.625103,0.634154,-152.961288,93.739952,-94.036758,-10631.095703,3122.516602,-4768.424805,0.912239,0.207473,0.353234,0.100000,0.020000,1,0.070619
30.806261,16.878105,-5.468262,-1064.993408,624.876831,-1807.683716,63674.042969,-36857.863281,104049.875000,0.830445,0.267593,-0.488626,0.100000,0.020000,1,0.944491
34.159538,14.942090,-2.467988,-150.602798,90.772469,-558.874268,8364.511719,-4341.555176,36389.339844,0.707142,0.005465,0.707050,0.100000,0.020000,1,0.202673
34.742443,14.749484,0.448497,18.302795,-5.918152,99.499451,-971.700256,279.438477,-5377.326660,0.863982,0.378226,0.332384,0.100000,0.020000,1,0.271253
35.134373,15.343050,0.031295,-97.193390,-287.052002,33.628929,-7232.849121,-20124.187500,1942.851807,0.873568,0.448372,-0.189317,0.100000,0.020000,1,0.990953
34.467934,15.199149,0.300927,-126.819672,-130.683945,-231.448593,-9331.992188,-6159.205078,-13787.600586,0.879839,0.461061,0.115353,0.100000,0.020000,1,0.274474
34.704105,15.031766,-0.091322,176.091385,-584.239014,231.659576,10767.113281,-35473.316406,14527.811523,0.882365,0.464400,-0.075919,0.100000,0.020000,1,0.513899
34.679356,14.773934,0.896297,48.103844,-35.271332,74.039169,3391.343994,-2752.176514,6085.000977,0.764887,0.183149,0.617580,0.100000,0.020000,1,0.614474
34.706448,15.033984,0.597741,-517.888794,134.377350,-377.773651,25788.031250,-7262.165039,18572.718750,0.798198,0.283337,0.531601,0.100000,0.020000,1,0.982714
34.849030,14.544014,-0.594378,40.599236,0.595348,-270.177155,68.428345,-3194.646484,-10405.986328,0.827362,0.373528,0.419463,0.100000,0.020000,1,0.907710
34.797329,14.686679,-0.563043,-280.441650,161.164642,216.442749,20027.792969,-687.558105,-8716.480469,0.833517,0.390771,-0.390572,0.100000,0.020000,1,0.793540
34.757664,14.596763,0.276431,-315.137909,182.611206,-18.246330,-20267.699219,10757.210938,-830.919861,0.856109,0.467505,0.220264,0.100000,0.020000,1,0.783540
34.494720,14.860750,0.220649,89.181839,-81.270142,-261.057831,4332.251465,-4435.021973,-15601.907227,0.875795,0.482531,0.012124,0.100000,0.020000,1,0.161460
34.392029,15.251017,-0.504268,387.324829,-203.031860,-401.888977,23840.488281,-11635.938477,-24883.533203,0.721517,0.096278,-0.685670,0.100000,0.020000,1,0.157866
34.670338,14.700620,0.613433,34.717361,-19.344843,-493.557190,1615.941162,-1381.314697,-29745.521484,0.830362,0.465880,0.305703,0.100000,0.020000,1,0.134679
34.820740,14.649800,-0.294660,-115.117706,74.434502,40.033669,-7323.660645,4342.869629,2358.261230,0.822798,0.493900,-0.281188,0.100000,0.020000,1,0.479111
33.535526,15.315925,0.121144,-338.881256,57.505501,-103.521255,-11048.322266,3187.518555,-5470.159668,0.744238,0.277848,0.607380,0.100000,0.020000,1,0.918369
34.867073,15.077530,-0.182991,27.252151,2.947086,123.366364,2408.864258,1074.688354,9229.612305,0.752009,0.305522,-0.584071,0.100000,0.020000,1,0.449305
34.983288,14.590531,-0.580411,-275.477905,158.946533,291.772583,-16771.376953,9285.129883,17449.494141,0.787966,0.479849,-0.385817,0.100000,0.020000,1,0.277570
34.709824,14.774559,-0.158759,-597.200073,-25.772034,226.887329,-38549.281250,-1359.315308,13591.434570,0.811860,0.583587,0.017575,0.100000,0.020000,1,0.504219
34.759438,15.614170,0.063224,-4.184446,151.202271,115.153534,-338.714539,12878.724609,9423.007812,0.767291,0.401378,-0.500160,0.100000,0.020000,1,0.674975
35.752739,16.642818,1.606640,250.148224,555.351196,366.869690,6777.932617,17882.695312,11516.314453,0.750940,0.401581,0.524234,0.100000,0.020000,1,0.843365
35.140350,15.012170,0.328265,-481.871063,-204.020859,170.935532,-29168.697266,-11905.644531,10616.763672,0.775255,0.481596,0.408711,0.100000,0.020000,1,0.358428
35.019676,14.897386,-0.167941,-201.512543,-20.505682,7.570574,-12322.182617,-596.165894,503.400909,0.787640,0.585305,-0.192461,0.100000,0.020000,1,0.319832
33.976559,15.047732,2.193844,-414.063690,246.773315,699.642822,-18926.275391,8883.487305,22208.304688,0.794717,0.600873,-0.085880,0.100000,0.020000,1,0.557460
35.237473,14.609782,-0.245197,68.244598,-96.242447,-35.555824,-4230.668945,5116.192383,2724.138428,0.791176,0.600881,0.113942,0.100000,0.020000,1,0.265291
34.941265,15.862679,-0.806941,-29.817421,255.638794,-245.187317,1482.725586,-15834.635742,15000.381836,0.772431,0.594753,0.222753,0.100000,0.020000,1,0.971148
34.581547,15.131368,0.745436,114.373398,-359.704193,-364.483093,-4033.961182,18888.355469,18064.189453,0.678382,0.090622,0.729099,0.100000,0.020000,1,0.174059
34.911583,14.543976,0.053339,-843.714233,498.051483,-758.193848,-53382.585938,30535.335938,-46508.121094,0.750729,0.589507,-0.298139,0.100000,0.020000,1,0.403609
34.908199,15.019933,0.272299,12.247013,-40.445892,21.296837,640.628540,-1506.096802,1234.109131,0.742105,0.583281,0.330247,0.100000,0.020000,1,0.771084
34.686741,15.003099,-0.534294,-295.681732,111.290207,-189.511475,-18490.097656,7208.966797,-11550.894531,0.683741,0.207465,-0.699612,0.100000,0.020000,1,0.650223
35.468681,14.333409,-1.749737,204.748657,-104.177811,-274.335724,15752.736328,-8800.508789,-22430.201172,0.711724,0.393898,-0.581630,0.100000,0.020000,1,0.052398
34.588261,16.974506,0.690406,35.273598,592.655884,-57.052612,2074.332275,16979.187500,-4071.281982,0.714175,0.484336,0.505343,0.100000,0.020000,1,0.050405
34.924767,14.878111,-0.485261,-0.075647,-5.046774,80.580948,-113.241814,59.714149,4468.303223,0.719307,0.586029,-0.373052,0.100000,0.020000,1,0.969190
35.550674,14.223922,-1.732755,184.407272,-80.708679,-475.924744,12070.635742,-6262.302734,-19635.601562,0.727003,0.682320,-0.076856,0.100000,0.020000,1,0.160553
35.191872,15.086724,-0.213408,-662.326782,-531.217590,-417.196442,-41169.691406,-32188.341797,-26476.126953,0.702185,0.683821,-0.198305,0.100000,0.020000,1,0.321753
34.664562,14.679651,0.407678,-58.236511,-37.235783,-35.493244,-3424.791748,-397.932007,-822.498901,0.672495,0.200326,0.712475,0.100000,0.020000,1,0.511265
36.008049,14.026826,-1.958029,313.718384,-355.192596,-372.624207,22058.441406,-9984.791992,-22140.322266,0.671042,0.305182,-0.675697,0.100000,0.020000,1,0.516426
34.856010,14.720653,0.192120,-61.729721,35.670940,142.137955,-3719.006104,1551.426392,7465.973145,0.679884,0.405656,0.610901,0.100000,0.020000,1,0.075441
34.837097,14.896760,-0.776872,-146.861176,95.567039,-465.368408,-7424.243652,6630.217285,-16898.445312,0.679820,0.592448,0.432262,0.100000,0.020000,1,0.521052
33.811584,16.216829,0.628426,-283.221985,302.741333,185.365417,-4496.093262,16557.082031,1651.667480,0.689941,0.715732,0.108200,0.100000,0.020000,1,0.203669
35.578579,16.267231,-0.814485,145.655365,336.487915,-277.328308,11333.995117,27464.962891,-21686.388672,0.678390,0.705307,0.205739,0.100000,0.020000,1,0.557585
34.847252,15.100996,-0.485830,7.472014,-207.097168,-216.172958,235.969101,-11974.552734,-13759.059570,0.689672,0.516983,-0.507033,0.100000,0.020000,1,0.053821
34.088451,15.071679,0.954512,-298.157471,198.974152,388.517700,-5275.943359,3585.053223,6753.562988,0.679156,0.733986,0.003511,0.100000,0.020000,1,0.090656
35.328472,14.267206,-0.591947,184.570465,-53.371506,-273.828644,11032.611328,-21717.771484,-22834.810547,0.636451,0.700285,0.323311,0.100000,0.020000,1,0.908724
35.043724,15.955983,-0.262456,-303.250183,52.748871,-83.500015,8668.765625,-9842.365234,11440.983398,0.640999,0.715113,-0.278808,0.100000,0.020000,1,0.984494
36.740620,15.083635,-0.949538,439.472900,-28.677670,-92.881027,-26958.095703,931.011780,5747.800293,0.628572,0.493716,-0.600950,0.100000,0.020000,1,0.802313
35.001839,14.455789,0.703018,-197.791916,118.245888,-76.675056,19820.783203,-10550.867188,10840.722656,0.624115,0.584453,0.518551,0.100000,0.020000,1,0.340420
35.398003,14.851687,-0.037469,67.056641,-84.618134,30.928444,5252.592773,-5181.660645,2477.043701,0.604117,0.776231,-0.180301,0.100000,0.020000,1,0.370866
34.309242,14.992796,0.348216,182.285339,-91.168701,-68.018356,7908.102539,-4972.080566,-2938.125977,0.604883,0.795875,0.026442,0.100000,0.020000,1,0.394551
34.686428,14.871389,0.714942,52.980537,-425.940552,-295.338348,2358.816650,-27036.093750,-17950.537109,0.613010,0.505017,0.607599,0.100000,0.020000,1,0.825357
35.131821,15.101418,-0.259863,-150.371002,-43.129581,113.446350,-9318.241211,-1678.122559,7594.591309,0.594397,0.696410,-0.402126,0.100000,0.020000,1,0.885360
34.904778,14.893016,0.614191,-154.977692,128.284851,-56.281830,-10942.133789,8407.236328,-1416.901611,0.586305,0.802022,0.114048,0.100000,0.020000,1,0.078200
35.665958,15.204975,-0.289204,124.499115,0.468193,-37.994766,9865.229492,1645.233032,-3262.501221,0.585318,0.805668,-0.091109,0.100000,0.020000,1,0.345385
34.610111,15.196878,0.473165,130.935349,-532.998901,235.265991,7770.464844,-32697.179688,14116.321289,0.635743,0.284936,0.717385,0.100000,0.020000,1,0.291716
36.878487,17.066311,0.999988,540.110840,336.822083,227.976776,35997.960938,14478.736328,9546.029297,0.571651,0.699613,0.428668,0.100000,0.020000,1,0.750300
35.231617,15.244967,0.160936,39.010963,59.020401,69.338943,2708.400635,5374.114258,6124.895996,0.559206,0.778641,-0.284616,0.100000,0.020000,1,0.991967
34.859768,15.443863,2.048012,22.080032,256.082550,470.219391,3901.975586,5719.908203,14821.040039,0.555749,0.801607,0.220385,0.100000,0.020000,1,0.581714
35.400402,15.089969,-0.702978,147.355408,-5.333345,1.759473,11715.216797,216.728226,-197.770096,0.607036,0.384231,-0.695610,0.100000,0.020000,1,0.415940
35.016045,15.227821,-0.524022,0.568271,-38.746716,128.831970,0.616088,-996.240112,7887.168457,0.594197,0.618098,-0.514670,0.100000,0.020000,1,0.061295
34.880535,16.167681,-0.665066,-63.471977,343.761597,-224.631378,3411.421387,21220.376953,-12757.917969,0.536301,0.784852,0.310464,0.100000,0.020000,1,0.691951
33.130592,16.825294,-0.733919,-513.838562,489.965271,-80.988815,-16000.269531,18869.894531,-2294.279053,0.551491,0.584057,-0.595597,0.100000,0.020000,1,0.854202
35.118130,15.193524,-0.608430,-91.734070,-173.883026,209.929291,-5724.833984,-9742.072266,12530.447266,0.542630,0.687814,-0.482145,0.100000,0.020000,1,0.210039
34.821690,15.252092,-0.257622,264.006317,-494.726318,-111.203339,11255.135742,-30591.515625,-9706.766602,0.492165,0.866852,-0.079630,0.100000,0.020000,1,0.510785
35.201275,15.249687,0.566754,-107.234085,-25.062258,-79.286308,-6346.708496,-218.262009,-4620.676270,0.518757,0.674653,0.525105,0.100000,0.020000,1,0.411741
34.579857,14.993990,-0.275371,-153.984772,-36.167068,18.549072,-8557.529297,1482.178711,4326.664062,0.492320,0.785378,-0.375236,0.100000,0.020000,1,0.782098
35.168804,15.192785,-0.132827,83.086746,100.616714,-192.478119,4754.222168,7615.799316,-13181.158203,0.469922,0.873649,0.126143,0.100000,0.020000,1,0.238048
36.297997,14.361064,-0.041974,263.651245,-215.200012,-33.165459,20834.281250,-15785.734375,-2378.205078,0.468196,0.883151,0.028940,0.100000,0.020000,1,0.144466
34.420353,15.132468,0.685840,-48.059113,36.772202,33.286469,-4695.761230,2952.548584,2239.361816,0.585442,0.369170,0.721784,0.100000,0.020000,1,0.487652
34.851063,15.147543,-0.730433,42.007690,-18.846233,94.726273,2381.786865,-432.289032,5506.593262,0.557438,0.472517,-0.682635,0.100000,0.020000,1,0.309903
35.445248,14.584435,1.449669,184.876617,-103.107544,253.798096,13461.969727,-8038.498535,19733.500000,0.528678,0.579351,0.620364,0.100000,0.020000,1,0.120924
35.347652,15.459296,0.330620,7.764797,46.150024,-100.727753,1149.302734,5150.861328,-6614.723145,0.478877,0.763375,0.433515,0.100000,0.020000,1,0.932356
35.349689,15.186893,-0.203562,-45.965103,-117.839569,-225.721039,-2649.740967,-6247.002441,-14429.946289,0.456800,0.871810,-0.176863,0.100000,0.020000,1,0.010047
35.290485,15.029469,0.159836,-32.962807,75.328278,41.420853,-2087.535156,5243.589355,2477.019531,0.445080,0.869760,0.213123,0.100000,0.020000,1,0.353837
35.407948,15.114284,-0.459259,-395.404907,-354.385742,126.732208,-24022.757812,-21683.101562,7916.836914,0.455314,0.745999,-0.485977,0.100000,0.020000,1,0.128985
35.042633,14.983170,0.330401,54.045128,-201.403717,46.391060,2423.203369,-12503.025391,3138.649170,0.430499,0.847807,0.309669,0.100000,0.020000,1,0.150997
34.803650,15.170060,-0.526427,-24.511101,-53.522686,14.839773,-2809.083252,-2550.650391,963.496948,0.468173,0.658531,-0.589195,0.100000,0.020000,1,0.426759
35.437145,15.057463,-0.315875,-386.331360,117.834183,-69.390717,-23706.384766,7842.004883,-4259.922363,0.404931,0.831161,-0.381054,0.100000,0.020000,1,0.091545
35.271824,14.512918,0.026979,46.248344,17.998259,-8.575895,2515.342285,-699.147156,-473.684296,0.372207,0.928073,0.011936,0.100000,0.020000,1,0.370938
35.124008,16.289595,-0.843484,44.065224,314.826996,-34.515144,1646.869019,10626.039062,-2812.885986,0.497418,0.546677,-0.673587,0.100000,0.020000,1,0.716205
35.201466,15.186864,0.562589,-24.205441,-38.108204,-78.055679,-1547.450439,-1534.235229,-4484.108398,0.417556,0.755450,0.504918,0.100000,0.020000,1,0.676772
35.218239,15.140734,-0.209819,-6.633661,25.198189,-32.124905,-814.430054,2343.867188,-1748.659180,0.388337,0.869278,-0.305858,0.100000,0.020000,1,0.212887
35.452854,15.190166,2.311947,26.898441,28.414299,721.403687,213.763367,-1996.956909,20790.828125,0.345386,0.934730,-0.083601,0.100000,0.020000,1,0.407523
35.196510,16.046471,-0.426678,-18.089874,231.105896,-134.772339,-1715.763916,14183.560547,-2141.556152,0.343592,0.932119,0.114450,0.100000,0.020000,1,0.417328
35.626293,15.394783,-0.039225,88.424835,63.338135,-74.844345,9693.724609,3822.618896,-5445.749023,0.359579,0.837851,0.410742,0.100000,0.020000,1,0.795782
35.344990,14.763081,-2.808463,-5.658632,-99.187775,-818.247864,-573.408447,-1501.343750,-25116.941406,0.324767,0.925574,-0.194522,0.100000,0.020000,1,0.577052
35.243683,14.832642,0.165251,12.166761,-98.773056,39.824951,190.493225,-6930.996582,2355.441406,0.319479,0.920585,0.224626,0.100000,0.020000,1,0.211712
35.025387,14.537699,0.441697,154.692535,-556.263916,-113.141953,7171.259766,-28705.964844,-8056.064453,0.512523,0.467107,0.720508,0.100000,0.020000,1,0.306664
35.041492,14.885988,0.607984,-36.225670,31.104576,-2.179867,-2569.406982,1451.210571,20.298183,0.430346,0.645959,0.630508,0.100000,0.020000,1,0.483115
35.814480,15.537162,-0.333742,107.464096,131.010178,110.112579,9028.181641,10394.104492,7410.047852,0.336297,0.803835,-0.490667,0.100000,0.020000,1,0.618567
35.290604,15.338506,-0.210648,52.336708,-28.794954,-1.778664,2906.620605,-495.962341,57.959068,0.295050,0.914154,-0.277971,0.100000,0.020000,1,0.073537
35.457600,15.064398,0.371813,-307.207306,138.889938,-275.944061,-19094.548828,8873.208008,-17050.292969,0.278035,0.907836,0.313895,0.100000,0.020000,1,0.557300
34.906174,14.923468,0.329919,-25.337082,56.412712,10.599060,-3882.293701,3048.840820,1976.485962,0.242060,0.970078,0.018852,0.100000,0.020000,1,0.943495
34.944912,14.852084,0.585918,54.177132,5.046223,-137.123947,2016.625488,-516.754578,-8161.932129,0.311768,0.796981,0.517322,0.100000,0.020000,1,0.861604
35.518810,15.399760,0.156471,38.188896,-3.844620,75.920654,2660.281982,1170.388428,5817.437988,0.223653,0.969702,-0.098270,0.100000,0.020000,1,0.993960
34.851799,15.289046,0.434560,137.551315,-86.806915,635.490845,8073.820801,-4397.009766,39219.753906,0.458199,0.525616,0.716786,0.100000,0.020000,1,0.937516
34.682198,15.088684,-0.249242,-92.700943,64.080704,-324.571716,-7545.422852,4234.119141,-18952.720703,0.405280,0.609197,-0.681636,0.100000,0.020000,1,0.895485
35.122177,15.018398,-0.162515,50.751312,-29.246975,-198.587158,2970.706055,-1979.526001,-15566.202148,0.358641,0.695722,0.622372,0.100000,0.020000,1,0.490588
35.455471,15.161096,0.040713,-337.342285,34.393501,199.555725,-21282.458984,2481.851074,11903.916016,0.201492,0.952543,0.228175,0.100000,0.020000,1,0.429856
35.576374,15.737309,0.446219,81.312912,123.594543,117.107666,5565.874023,10529.251953,8793.590820,0.194911,0.973138,0.122527,0.100000,0.020000,1,0.723999
37.027283,14.600490,0.182295,490.721375,-148.815491,112.857758,33896.121094,-12352.762695,15489.064453,0.178772,0.939393,-0.292541,0.100000,0.020000,1,0.812349
35.357845,15.196963,-0.794276,30.130074,-6.790569,-42.425972,2528.627930,114.024513,-3679.017334,0.328793,0.718080,-0.613398,0.100000,0.020000,1,0.168347
34.892933,15.744606,-0.536413,32.146576,103.164703,-85.323654,489.280975,9237.938477,-5411.902344,0.280261,0.760138,-0.586211,0.100000,0.020000,1,0.760335
35.501400,14.249359,-0.215330,-38.296333,-451.901123,-11.127304,-3114.014893,-15363.308594,3795.532715,0.157877,0.933122,0.323044,0.100000,0.020000,1,0.492901
37.121689,14.396048,-0.973152,506.203796,-262.140747,-237.976959,24885.240234,-6167.853516,-9418.535156,0.161100,0.965355,-0.205272,0.100000,0.020000,1,0.177368
36.377552,16.498695,1.654720,307.831543,305.135010,343.583557,23576.462891,25086.382812,26981.507812,0.213457,0.877796,0.428848,0.100000,0.020000,1,0.088574
35.499359,15.542876,-0.850974,-11.039222,77.504059,-367.446838,-160.728897,6609.463379,-24906.464844,0.192632,0.851481,-0.487723,0.100000,0.020000,1,0.171692
35.296074,15.660436,-0.033701,370.570740,-89.136078,19.031010,22147.148438,-6981.637695,-168.099365,0.147667,0.914510,-0.376651,0.100000,0.020000,1,0.585824
34.752899,15.188094,0.709408,369.370148,-335.636475,-8.496829,21894.761719,-20727.671875,-259.618683,0.368165,0.598850,0.711220,0.100000,0.020000,1,0.432649
34.899212,14.892962,0.717171,123.752167,-36.301155,-137.275833,6266.638672,-3258.981445,-7974.458496,0.244992,0.753323,0.610314,0.100000,0.020000,1,0.830571
34.888222,14.954548,0.716142,223.306061,-84.985962,-260.463501,12126.450195,-6179.714844,-15430.681641,0.180209,0.832031,0.524642,0.100000,0.020000,1,0.500785
35.275948,15.700569,0.360170,2.332197,28.129715,0.565943,-502.831543,4005.152344,-62.725445,0.131194,0.895962,0.424312,0.100000,0.020000,1,0.741634
35.223141,15.417231,0.040663,-34.880508,-7.824795,-21.929337,-3443.604004,452.588318,-2036.093628,0.068575,0.973658,0.217459,0.100000,0.020000,1,0.406793
35.078999,14.993238,0.210666,270.533600,-167.700500,-86.607101,15123.806641,-11420.458984,-4656.884277,0.054865,0.998319,0.018666,0.100000,0.020000,1,0.532708
35.143333,15.273946,-0.640533,-167.165039,-167.781891,53.487038,-10698.949219,-9882.492188,3248.280273,0.304561,0.672582,-0.674445,0.100000,0.020000,1,0.554097
35.066624,15.286139,0.288555,-107.032227,223.601929,624.486694,-8627.896484,14412.064453,41701.097656,0.047243,0.957355,-0.285025,0.100000,0.020000,1,0.853134
35.258701,14.949440,-0.257044,142.876373,105.353256,187.983551,-6361.341309,-4583.304199,-8909.876953,0.046160,0.995336,-0.084712,0.100000,0.020000,1,0.148256
35.463829,15.408372,-0.037539,-120.604889,224.939636,-73.010605,6232.259766,-11779.499023,3291.543213,0.038934,0.981443,-0.187758,0.100000,0.020000,1,0.971699
34.074337,14.991279,-0.052135,-75.997238,97.521278,-47.130665,-9333.761719,-6765.049316,6829.822266,0.160129,0.803539,-0.573310,0.100000,0.020000,1,0.961823
35.164936,15.284883,-0.279501,130.210007,-103.176697,-45.492279,1689.158936,7574.979492,4988.379883,0.028183,0.944419,0.327535,0.100000,0.020000,1,0.799573
35.237698,15.284487,0.682712,-8.553051,16.702736,161.421295,1436.458740,2403.619385,8050.081055,0.028309,0.993186,0.113051,0.100000,0.020000,1,0.075086
35.297153,15.711528,0.018880,-30.019068,9.410126,22.697342,-568.870850,5038.196777,5602.083984,-0.051951,0.995634,-0.077548,0.100000,0.020000,1,0.360848
35.950924,13.979215,0.230525,301.502777,-355.890137,-95.847366,16151.401367,-15919.441406,817.141113,0.275145,0.651639,0.706868,0.100000,0.020000,1,0.861159
35.236843,15.478543,0.578710,173.924438,-104.674942,153.835785,10609.410156,-5444.119629,9807.888672,0.145102,0.775795,0.614075,0.100000,0.020000,1,0.840820
37.970917,14.531454,1.685758,722.852295,-252.957031,310.995605,56310.636719,-18895.500000,24705.421875,0.074021,0.850251,0.521146,0.100000,0.020000,1,0.638425
35.495060,15.556210,-0.548574,-187.051941,-310.405823,308.404938,-11535.536133,-18251.585938,19057.646484,0.064167,0.864602,-0.498343,0.100000,0.020000,1,0.375956
35.010273,18.071005,-1.384289,-67.873940,793.042725,-262.665283,-1365.017822,31711.138672,-13142.367188,-0.007416,0.927615,-0.373463,0.100000,0.020000,1,0.668249
35.581913,15.776304,-0.000523,-442.558868,-381.308533,432.456360,-27911.253906,-22110.787109,28040.886719,-0.072249,0.977652,-0.197423,0.100000,0.020000,1,0.688303
36.011089,14.323143,-0.407274,161.018982,-368.446167,-210.445557,9914.608398,-12920.422852,-10871.917969,-0.014441,0.912575,0.408654,0.100000,0.020000,1,0.308639
35.219372,15.243959,0.543698,97.694672,-416.536194,207.326233,9287.415039,-20822.658203,10514.419922,-0.099021,0.972924,0.208841,0.100000,0.020000,1,0.913031
36.870766,18.103298,0.850725,401.459717,590.489319,242.207703,10856.247070,13727.076172,8910.379883,-0.103665,0.988087,0.113748,0.100000,0.020000,1,0.653195
34.914753,15.008547,-0.400188,-943.249634,-501.050232,436.593262,-60933.847656,-32377.783203,28466.652344,0.190623,0.705181,-0.682923,0.100000,0.020000,1,0.442507
35.654331,15.418072,-0.224848,84.032959,-30.593903,33.263199,6067.162109,-1449.726318,2980.218994,-0.021299,0.876108,-0.481644,0.100000,0.020000,1,0.145303
35.752048,14.517820,-0.263517,71.760315,-358.297729,-34.902321,17876.599609,-6758.532227,2783.035889,-0.099966,0.948795,-0.299657,0.100000,0.020000,1,0.636361
35.460403,15.310341,1.413110,-44.615509,-134.440460,347.816772,-2540.882080,-6317.544434,8519.817383,-0.111606,0.993460,0.024112,0.100000,0.020000,1,0.011185
35.486092,14.484968,-0.668348,216.969879,-35.616318,-13.516605,14099.821289,-5542.413574,-1422.312134,0.044379,0.807322,-0.588440,0.100000,0.020000,1,0.146655
35.377522,15.464107,0.370149,-54.150612,-62.699142,116.820023,-885.762695,-1423.774780,3248.994873,-0.189913,0.981750,0.010014,0.100000,0.020000,1,0.461903
35.379562,15.661283,0.184674,37.719002,47.290344,186.191376,2713.470459,4739.814453,15058.811523,0.115361,0.732752,-0.670646,0.100000,0.020000,1,0.743627
34.980259,15.490067,0.379830,256.265320,-24.384108,276.002136,14463.128906,-710.071533,16743.203125,0.025788,0.799980,0.599472,0.100000,0.020000,1,0.729231
35.473824,15.585301,0.436920,150.409943,-213.101974,386.496368,9532.278320,-12391.066406,24278.554688,-0.046694,0.856405,0.514189,0.100000,0.020000,1,0.706970
35.376152,15.814859,-0.484985,106.660629,-356.067902,61.843117,6042.148438,-20667.167969,3361.933105,-0.130620,0.910233,-0.392956,0.100000,0.020000,1,0.808666
35.466934,15.863708,0.103711,-201.882446,121.776855,-109.096512,-13170.205078,9710.131836,-7639.555664,-0.140195,0.939013,0.314006,0.100000,0.020000,1,0.136779
37.933140,17.183693,0.558934,738.614258,457.418091,269.139404,26200.261719,17915.003906,9666.076172,-0.203145,0.961238,-0.186420,0.100000,0.020000,1,0.452099
33.451218,15.749260,1.916183,-284.608459,260.598145,448.938232,-27035.960938,17787.572266,35885.773438,-0.212519,0.969574,0.121493,0.100000,0.020000,1,0.854682
35.488937,15.770113,-0.251182,-450.202026,-152.663696,378.036438,-28989.126953,-8219.292969,23137.457031,-0.216277,0.972533,-0.086046,0.100000,0.020000,1,0.268690
35.099319,15.225156,0.719642,27.408752,-13.310968,2.814470,1222.446289,-724.550842,489.158203,0.193756,0.673515,0.713328,0.100000,0.020000,1,0.309101
35.475964,15.614967,-0.089758,-82.223969,130.463821,-242.827881,-5693.593262,8872.367188,-14627.697266,-0.234502,0.929578,-0.284416,0.100000,0.020000,1,0.660491
35.181469,15.433051,-0.305957,-37.706375,-42.566132,-176.104706,-3898.633789,-2665.181641,-13952.569336,-0.177492,0.893597,0.412287,0.100000,0.020000,1,0.069658
35.614689,15.798287,0.559356,107.219543,88.792847,60.635300,6767.617188,6968.075684,5351.489258,-0.252057,0.943476,0.215221,0.100000,0.020000,1,0.205822
35.202866,15.713193,0.378451,-245.065857,-179.191574,-125.793350,-17081.121094,-10329.767578,-7566.219727,-0.246976,0.914825,0.319528,0.100000,0.020000,1,0.734320
36.201473,15.943844,1.289474,281.772827,77.546570,240.091492,21645.570312,7716.112793,17865.292969,0.097971,0.698742,0.708633,0.100000,0.020000,1,0.496709
35.285004,15.338975,-0.368967,5.010677,-16.957205,-14.725477,-251.296265,-496.209229,-649.131104,0.101621,0.870163,-0.482173,0.100000,0.020000,1,0.010491
36.838875,17.694771,-0.557456,468.974518,623.515259,-13.393794,11294.111328,22561.292969,-492.264832,-0.082940,0.798354,-0.596449,0.100000,0.020000,1,0.456102
35.828190,15.291113,-0.862560,98.482452,-93.994293,-100.116882,7558.650391,-6549.719727,-8049.747070,-0.171541,0.851242,-0.495945,0.100000,0.020000,1,0.152776
35.338272,15.112922,-0.021965,4.111387,-82.476227,-5.307205,-423.656067,-6647.864746,-2364.808594,-0.188361,0.837585,0.512808,0.100000,0.020000,1,0.431902
35.653770,15.684043,0.356508,-207.949280,0.637230,-3.607330,-12727.988281,792.919739,-294.193329,-0.258967,0.873699,0.411808,0.100000,0.020000,1,0.938637
36.168343,15.763680,0.262975,424.462830,145.217407,55.436043,28986.542969,9948.766602,4918.921387,-0.368203,0.925862,-0.084885,0.100000,0.020000,1,0.586465
35.560966,15.761235,-0.211604,30.887707,-37.726124,-33.051865,1646.658691,-1615.725708,-2333.035400,-0.365480,0.915407,-0.168686,0.100000,0.020000,1,0.334957
35.447083,15.574290,0.621396,-121.379105,21.869560,-46.560127,-7558.232910,2073.893555,-2670.908203,-0.104187,0.780666,0.616203,0.100000,0.020000,1,0.487474
35.666225,16.331608,-1.464218,61.500076,122.075348,-261.875244,4280.324219,11065.139648,-21182.062500,-0.287946,0.875497,-0.388061,0.100000,0.020000,1,0.264935
35.511822,15.633467,0.821604,3.953495,-82.165009,180.727097,1040.046143,-1680.018066,7760.444336,-0.375912,0.903494,0.205884,0.100000,0.020000,1,0.966841
35.818642,15.974496,0.085784,63.185043,21.692955,4.494810,4705.238770,2964.806396,607.818481,-0.386008,0.922450,0.009098,0.100000,0.020000,1,0.353090
35.299393,15.347469,-0.683409,-80.841873,136.798370,105.208054,-5255.320312,8631.292969,6402.337891,-0.006557,0.721304,-0.692587,0.100000,0.020000,1,0.612605
35.548725,15.805872,0.215622,-162.968506,21.870369,91.680847,-10518.150391,2217.990967,5544.542480,-0.379758,0.874205,0.302572,0.100000,0.020000,1,0.888616
34.839432,16.008856,-0.844912,-167.990921,17.374008,-113.432495,-5853.768066,3422.738281,-13558.482422,-0.387208,0.875176,-0.290065,0.100000,0.020000,1,0.964386
34.072323,15.325345,-0.576921,56.306652,4.819839,-43.943146,-1702.476318,188.301025,-7832.139160,-0.008790,0.713560,0.700539,0.100000,0.020000,1,0.842244
35.334320,15.788012,-0.595271,80.082596,-33.805626,179.621613,4539.689941,-856.287170,11084.541992,-0.193072,0.783072,-0.591203,0.100000,0.020000,1,0.798861
34.806099,15.162850,-0.585355,145.251938,-36.187363,191.680939,6151.932129,-3927.867920,11499.206055,-0.297327,0.820317,-0.488544,0.100000,0.020000,1,0.600718
35.985233,16.028044,0.696394,191.134308,78.278816,23.366516,6982.777344,4009.483398,2359.057129,-0.191636,0.765046,0.614801,0.100000,0.020000,1,0.669530
35.298157,16.086540,0.315940,110.248459,13.877357,74.773544,6063.582520,3032.379150,4078.650146,-0.304723,0.798616,0.518996,0.100000,0.020000,1,0.492119
35.472267,15.349660,-0.036528,17.186165,-228.513885,-21.306870,-2875.342285,-6838.664551,-6830.478516,-0.432209,0.895131,0.109255,0.100000,0.020000,1,0.020083
35.447830,15.734357,-0.586121,-47.439163,133.959167,586.697510,-3792.969971,8602.266602,34946.902344,-0.488146,0.867446,-0.096180,0.100000,0.020000,1,0.433236
35.485962,15.948540,0.099446,-94.129257,0.609489,239.041473,-6568.500977,1076.858276,15035.447266,-0.487648,0.864190,0.123996,0.100000,0.020000,1,0.360065
35.636898,16.011576,0.075404,-413.980469,-222.605103,-179.780701,-26155.078125,-12765.491211,-11068.161133,-0.494477,0.869140,0.009361,0.100000,0.020000,1,0.540698
35.663975,15.852493,0.522946,66.261032,-35.639233,253.387253,3764.756104,351.638916,10426.968750,-0.408487,0.827780,-0.384601,0.100000,0.020000,1,0.150570
34.942257,15.603531,-0.528852,108.862045,144.653198,-337.627716,9526.172852,12504.425781,-17956.027344,-0.502480,0.846491,-0.175974,0.100000,0.020000,1,0.669388
35.304379,15.819426,-0.189439,9.172109,-38.157490,72.680283,-389.501953,-1668.993530,5591.659180,-0.386533,0.790462,-0.475144,0.100000,0.020000,1,0.056988
34.667908,15.661136,1.034628,-124.126129,-90.620865,207.270874,-11576.363281,-5680.860840,15837.424805,-0.407684,0.813243,0.415247,0.100000,0.020000,1,0.303603
33.032784,16.692955,-0.014068,-162.317505,276.460693,143.829987,-5932.969727,6823.976562,-262.534180,-0.487949,0.814956,0.312654,0.100000,0.020000,1,0.788131
35.136799,15.127884,-0.514909,-8.070404,-210.651337,20.862633,703.421631,-968.159180,-3587.657959,-0.300391,0.753163,-0.585245,0.100000,0.020000,1,0.371418
35.744289,15.751123,-0.628058,216.255051,-135.989349,-19.969429,9928.744141,-6207.273438,2646.110596,-0.509530,0.811434,-0.286276,0.100000,0.020000,1,0.395672
35.420746,15.999857,0.242253,131.918152,-126.190231,-229.884430,7509.876465,-6903.734375,-14303.126953,-0.524372,0.824416,0.213009,0.100000,0.020000,1,0.118362
36.182858,15.665423,0.248482,310.997559,-86.172974,-110.319885,8844.882812,1561.017578,584.750000,-0.309777,0.737188,0.600493,0.100000,0.020000,1,0.557940
36.192627,15.379141,0.516686,273.532318,-152.814789,7.583542,9329.862305,-1071.499023,4976.606445,-0.404563,0.752482,0.519711,0.100000,0.020000,1,0.915077
34.837055,15.415879,0.298922,-10.844490,44.845707,132.423370,2518.125977,-1327.430664,-8382.352539,-0.508274,0.769866,-0.385959,0.100000,0.020000,1,0.595736
35.583008,14.120251,-0.666014,331.848724,-118.265694,-232.774078,13825.396484,-27367.119141,-12545.033203,-0.603537,0.797102,0.019255,0.100000,0.020000,1,0.174326
35.434624,16.590420,-0.321748,20.289152,110.174042,-102.621979,-511.271423,-7592.692871,5813.130371,-0.603115,0.793791,-0.078414,0.100000,0.020000,1,0.216463
34.813297,14.564642,-0.397316,34.987095,60.599415,0.000000,-8006.391602,-21166.978516,2006.174438,-0.105509,0.704776,-0.701540,0.100000,0.020000,1,0.091083
35.659393,15.657710,1.158402,107.495239,14.612656,155.376312,8093.443848,1821.850342,11942.406250,-0.104567,0.690218,0.716007,0.100000,0.020000,1,0.725102
35.823601,14.152852,1.640702,110.760864,-572.413452,578.676208,9401.280273,-22515.992188,19141.064453,-0.589154,0.759938,-0.274577,0.100000,0.020000,1,0.910237
35.113171,14.434090,1.682340,220.938812,-597.510620,550.417236,-6386.719727,-19642.177734,24441.767578,-0.603143,0.766274,0.221455,0.100000,0.020000,1,0.771422
35.198013,15.775536,0.710416,-8.945595,-4.650373,-8.119101,-1348.041626,757.388489,-157.842224,-0.202743,0.693130,0.691712,0.100000,0.020000,1,0.729800
35.106998,15.868592,-0.208588,63.712608,-54.751568,100.826569,2452.854004,-1780.180664,8485.024414,-0.208417,0.694369,-0.688777,0.100000,0.020000,1,0.253707
35.368862,16.837273,0.481453,22.379650,176.950195,74.310120,656.119812,14458.779297,10460.739258,-0.635563,0.763756,0.112857,0.100000,0.020000,1,0.478274
35.414974,16.268986,0.148199,55.477135,26.528610,-7.669216,2849.597656,4972.412109,-879.668579,-0.611438,0.725295,0.316372,0.100000,0.020000,1,0.538046
35.598286,15.736197,0.050690,92.547440,-81.068130,1.198710,5864.087891,-5899.431641,193.887848,-0.690273,0.723126,0.024768,0.100000,0.020000,1,0.882602
35.554428,14.993155,1.531756,174.561951,8.652700,605.050537,1691.020508,203.095581,28833.570312,-0.499438,0.690758,0.522893,0.100000,0.020000,1,0.127668
35.299347,16.096230,-0.256801,-102.215973,-159.536041,-145.829163,-7456.885742,-9097.808594,-8836.999023,-0.607540,0.696785,-0.381295,0.100000,0.020000,1,0.772240
35.485661,15.943577,-0.127290,-316.329102,243.416931,-307.697876,-20397.484375,15628.749023,-19211.625000,-0.645720,0.737871,-0.196450,0.100000,0.020000,1,0.516159
35.504925,15.681593,0.192858,-11.416138,-178.233643,-18.198799,-1045.166504,-12346.848633,-50.342300,-0.706160,0.703812,-0.077380,0.100000,0.020000,1,0.669957
35.366982,15.825739,0.638651,-44.033897,-6.125400,-68.568192,-3108.948975,101.624023,-3984.542725,-0.412700,0.671632,0.615296,0.100000,0.020000,1,0.471335
35.356087,15.891642,-0.646260,-88.368423,29.426071,98.254013,-6031.065430,2584.563232,5718.996094,-0.429599,0.686340,-0.586841,0.100000,0.020000,1,0.115781
35.233856,15.980067,-0.634995,265.849487,151.295837,188.708191,15631.533203,10297.415039,11093.880859,-0.531998,0.693500,-0.485836,0.100000,0.020000,1,0.114429
35.498341,16.223854,0.408814,59.962700,22.192337,0.039430,3675.915283,2872.216797,153.930298,-0.608864,0.677907,0.411979,0.100000,0.020000,1,0.928049
35.420895,16.402225,0.228197,-342.383820,-524.730835,-5.145940,-22233.550781,-31293.625000,167.043808,-0.721179,0.681888,0.122184,0.100000,0.020000,1,0.674210
35.220036,15.750847,-0.624077,62.895271,56.037430,-83.854355,3246.714844,4110.111328,-5294.332520,-0.295078,0.661227,-0.689716,0.100000,0.020000,1,0.410779
34.894196,16.915619,-0.653706,-135.623169,279.436340,-46.849113,-3734.156738,20399.181641,3629.041504,-0.495633,0.654793,-0.570608,0.100000,0.020000,1,0.865697
35.702763,15.988135,0.648000,82.612991,-57.984367,99.729736,5922.389648,-3504.322998,7825.867676,-0.691317,0.651974,0.311466,0.100000,0.020000,1,0.695118
35.547218,15.807183,-0.353242,-281.014648,270.029205,-81.101913,-17697.349609,16415.353516,-5502.612793,-0.699928,0.653064,-0.289153,0.100000,0.020000,1,0.596305
36.424438,14.013915,0.873245,332.161865,-643.628784,240.415634,24703.556641,-35615.656250,4406.277832,-0.722042,0.655915,0.220070,0.100000,0.020000,1,0.496354
35.722836,19.479010,0.693291,140.033447,1256.196655,136.652130,15366.743164,54295.718750,-6232.850586,-0.550479,0.707169,0.443717,0.100000,0.020000,1,0.022983
34.878853,15.565130,0.324815,92.762001,-10.174553,139.805542,3334.999512,-1917.829102,8298.530273,-0.588792,0.636353,0.498377,0.100000,0.020000,1,0.304173
34.796124,16.054693,-0.236446,352.317505,2.328539,135.674576,19357.228516,907.005066,9428.398438,-0.592843,0.638932,-0.490208,0.100000,0.020000,1,0.606787
35.212761,15.765392,0.836329,14.228494,45.821884,-197.383606,196.231552,3448.143555,-11621.735352,-0.308122,0.640716,0.703238,0.100000,0.020000,1,0.388412
35.226109,16.001448,-0.193269,-7.617989,-221.851074,447.414856,-1821.237427,-13946.591797,28190.082031,-0.733929,0.649054,-0.200194,0.100000,0.020000,1,0.011292
35.182838,16.203770,0.076760,82.171677,-19.449142,35.885918,3748.972656,-614.861511,2184.568604,-0.793871,0.598740,0.106200,0.100000,0.020000,1,0.462989
35.189583,16.111067,0.198416,495.822571,-143.251648,270.993683,30285.998047,-7778.590820,15640.911133,-0.505379,0.613414,0.606890,0.100000,0.020000,1,0.484360
35.735733,16.538317,1.690556,129.045227,121.182907,358.716003,16185.806641,-2496.118164,27352.439453,-0.697736,0.593081,0.401769,0.100000,0.020000,1,0.508934
34.781635,14.894198,-0.401308,-515.576172,391.993927,874.215393,-35600.144531,19870.644531,54201.031250,-0.790743,0.583709,-0.184414,0.100000,0.020000,1,0.354051
35.280525,16.276554,-0.012563,-8.179424,-68.606956,55.814125,-1529.409546,-3484.658447,3385.826904,-0.809017,0.587358,0.022412,0.100000,0.020000,1,0.477367
35.172035,16.581770,0.286045,-33.362915,-37.261124,4.381550,-6940.409180,-4616.969727,-728.148804,-0.808602,0.581874,-0.087097,0.100000,0.020000,1,0.245290
34.990704,15.838762,-0.004266,343.715576,-151.311615,-509.157654,20007.103516,-9060.590820,-29595.503906,-0.402646,0.615435,-0.677581,0.100000,0.020000,1,0.501532
35.205940,16.280899,-0.322112,213.872925,-304.066284,-72.825600,12364.700195,-18023.607422,-4447.791016,-0.716561,0.574484,-0.395610,0.100000,0.020000,1,0.247942
35.842834,15.945288,0.395359,298.693665,-131.013504,279.669678,10705.780273,-7312.653320,13816.785156,-0.774038,0.551973,0.310147,0.100000,0.020000,1,0.184700
35.365772,16.786568,-0.527468,53.070908,111.758942,-60.861107,-851.438965,9159.239258,-3401.316895,-0.781851,0.557134,-0.279841,0.100000,0.020000,1,0.927960
35.339344,16.284315,-0.473027,-131.673294,-67.276901,3.979982,-8758.602539,-3007.347900,57.500839,-0.689615,0.549398,-0.471798,0.100000,0.020000,1,0.423022
35.187229,16.149467,-0.659889,63.074867,-142.208420,210.309113,3031.663818,-7952.653320,12724.194336,-0.592968,0.554408,-0.583970,0.100000,0.020000,1,0.607285
35.067623,15.207252,-0.242625,27.765408,49.230709,-44.729942,176.504059,-488.921112,-2388.703613,-0.768353,0.512554,-0.383305,0.100000,0.020000,1,0.720867
35.015137,14.824838,1.130656,44.227524,-101.911301,164.107895,1763.912231,-4831.314453,4724.931152,-0.405303,0.584170,0.703189,0.100000,0.020000,1,0.212975
34.594471,15.774542,0.225580,404.252319,-189.300171,308.996216,22076.591797,-12899.895508,18529.437500,-0.691232,0.514600,0.507331,0.100000,0.020000,1,0.746563
35.150188,15.345698,-0.935461,119.084030,-24.648422,-264.123047,6344.845215,-4612.688965,-22095.216797,-0.771378,0.494384,0.400699,0.100000,0.020000,1,0.566375
34.034718,16.450390,-1.879899,-334.653259,36.912354,-492.377533,-9082.111328,-2678.937500,-19359.679688,-0.867768,0.461698,-0.183883,0.100000,0.020000,1,0.646842
35.001102,16.116289,-0.105439,-75.593491,-165.949722,-107.107880,-3252.910156,-6378.928711,-4696.491211,-0.885280,0.465014,0.006450,0.100000,0.020000,1,0.667750
35.247925,16.549959,-0.158091,-192.436600,-326.097839,-96.237350,-12963.352539,-19053.230469,-6374.336914,-0.882718,0.460098,-0.095493,0.100000,0.020000,1,0.554737
35.801594,16.065035,-0.854373,217.081238,-15.965528,-430.000793,15446.201172,-380.265961,-33047.082031,-0.589962,0.519895,0.617781,0.100000,0.020000,1,0.638656
35.972382,16.461611,-0.579180,179.859344,66.107880,-219.199097,13641.230469,5365.559570,-17103.136719,-0.867031,0.445033,0.224059,0.100000,0.020000,1,0.866017
36.731220,17.462543,-2.962741,406.592529,344.709808,-781.348389,32545.859375,6.975586,-37108.125000,-0.857679,0.438643,-0.268290,0.100000,0.020000,1,0.963193
36.061150,16.852673,-0.158922,216.323914,142.991272,-78.290070,9611.594727,7797.107422,-6202.824219,-0.888414,0.441641,0.125191,0.100000,0.020000,1,0.445479
35.265575,16.473722,-0.452511,60.566048,136.277573,4.085457,-391.116943,3851.446533,2967.870850,-0.489793,0.540665,-0.683947,0.100000,0.020000,1,0.545093
35.131222,15.802877,-0.481763,49.603409,-157.704224,292.173340,2093.810303,-10774.721680,18569.222656,-0.671445,0.477950,-0.566326,0.100000,0.020000,1,0.667501
35.187798,16.137236,-0.534925,30.178137,-9.966904,20.842655,410.361725,770.102112,1860.184570,-0.761137,0.441876,-0.474780,0.100000,0.020000,1,0.369728
34.945210,17.529470,-1.559788,-71.987579,316.417725,-460.989075,-6633.639160,25776.425781,-36555.199219,-0.840773,0.481013,0.248452,0.100000,0.020000,1,0.074462
35.131508,16.420467,-0.371644,62.096111,134.459625,8.759979,716.951904,4412.711914,2003.383423,-0.931338,0.362982,0.029206,0.100000,0.020000,1,0.237532
35.152550,16.174818,0.575632,11.864798,-271.636719,86.884064,-62.263935,-15640.027344,5222.606934,-0.473774,0.526769,0.705728,0.100000,0.020000,1,0.259312
35.077671,16.312134,0.276772,-28.558876,512.961182,-268.500549,-2954.460938,33661.417969,-18042.015625,-0.665859,0.449408,0.595537,0.100000,0.020000,1,0.981415
35.277771,16.471624,-1.009522,47.323944,41.644226,-147.598511,2640.097168,3879.132812,-12043.804688,-0.835095,0.383239,-0.394645,0.100000,0.020000,1,0.332288
34.797390,16.152786,0.548912,108.049515,76.634064,96.156311,4404.840820,4676.417480,7119.085449,-0.860232,0.389368,0.329231,0.100000,0.020000,1,0.219933
35.112743,16.465397,-0.145988,75.908455,9.137001,46.354912,3751.869141,1368.090088,2590.882568,-0.938226,0.338286,-0.072767,0.100000,0.020000,1,0.759001
35.688419,16.221884,0.574037,179.618927,-64.246368,39.298248,-9918.879883,3121.625977,-2542.517822,-0.843370,0.359058,0.399756,0.100000,0.020000,1,0.989333
33.947266,15.064645,0.218988,17.322168,48.661900,143.889175,-16134.343750,-6069.159668,357.920898,-0.908048,0.320220,-0.270016,0.100000,0.020000,1,0.056722
37.152409,16.965666,0.884996,549.411621,302.449860,155.134766,-32363.308594,-16991.765625,-9860.917969,-0.936509,0.328528,0.122554,0.100000,0.020000,1,0.076331
34.824200,16.614756,-0.035241,323.327209,-99.728012,193.424789,-15355.305664,18738.476562,-13627.622070,-0.930254,0.323024,-0.174019,0.100000,0.020000,1,0.540804
36.579063,16.653494,-0.410480,443.658630,132.950867,43.174255,17106.976562,17578.039062,12168.696289,-0.567430,0.471470,-0.675085,0.100000,0.020000,1,0.402968
35.081921,16.457367,0.349941,42.991032,-104.234924,-221.394531,1665.888916,-5824.042480,-13328.002930,-0.926106,0.309403,0.215863,0.100000,0.020000,1,0.181016
35.335739,15.198525,-0.260217,183.162994,-63.965561,72.354980,11661.747070,-7684.965820,5707.953613,-0.713232,0.379021,-0.589613,0.100000,0.020000,1,0.968621
33.905640,16.842047,0.487568,-270.771545,148.934280,-90.031891,-7654.524902,4656.150391,-4436.906738,-0.762868,0.384399,0.519875,0.100000,0.020000,1,0.080993
35.119556,15.994166,-0.524446,-97.134903,285.590576,-53.893097,-6888.136230,17265.595703,-3756.511719,-0.812504,0.321862,-0.486047,0.100000,0.020000,1,0.404961
35.584656,17.183933,-0.164362,148.992249,220.131439,-111.422440,4412.786133,3879.588867,-1974.796387,-0.906566,0.271035,0.323542,0.100000,0.020000,1,0.798042
35.861088,18.541862,0.255405,245.043976,664.998535,-121.547737,6853.981934,19961.695312,-4375.566895,-0.719181,0.358810,0.595007,0.100000,0.020000,1,0.606715
34.924232,16.373941,2.319609,-7.916603,-19.746582,544.782837,1735.357666,-63.013580,39791.718750,-0.876219,0.262506,0.404142,0.100000,0.020000,1,0.456707
36.544960,16.114256,-1.323698,418.061157,-102.446045,-245.967896,31670.894531,-7092.642578,-19659.246094,-0.890891,0.263551,-0.369938,0.100000,0.020000,1,0.796886
34.885071,16.406992,-0.317082,182.665497,128.943100,276.669434,9940.273438,8425.432617,16855.605469,-0.957880,0.215554,-0.189745,0.100000,0.020000,1,0.404231
34.850124,16.954756,0.200236,109.265701,-36.138458,63.479889,5142.369629,259.766602,4365.854492,-0.968092,0.216364,0.126433,0.100000,0.020000,1,0.950862
35.127262,16.524332,-0.247157,205.899338,121.211060,591.449829,12393.644531,8359.447266,36299.218750,-0.976755,0.214357,0.000180,0.100000,0.020000,1,0.425139
34.836273,16.913527,1.996498,-82.937248,245.420868,401.525238,-1697.021362,8706.869141,12835.152344,-0.549884,0.443931,0.707497,0.100000,0.020000,1,0.441368
35.037514,16.340487,0.404881,-108.263840,-198.714142,-69.449783,-7815.220703,-11882.469727,-4638.760742,-0.806133,0.291088,0.515186,0.100000,0.020000,1,0.371009
34.991787,16.440031,0.020003,-350.623444,55.189156,-243.207001,-23212.949219,3794.293945,-14945.754883,-0.978321,0.188746,-0.085219,0.100000,0.020000,1,0.240254
35.020237,16.059410,-0.648702,23.515991,2.130460,29.516068,376.565338,392.363953,1705.620483,-0.628558,0.385249,-0.675647,0.100000,0.020000,1,0.435425
35.323944,16.579124,-0.325761,119.335785,37.092606,33.552536,7888.505371,3757.617676,2552.406982,-0.848660,0.232300,-0.475197,0.100000,0.020000,1,0.404106
35.014420,16.348444,0.049738,19.483505,-15.528728,-18.543846,310.243195,-998.794617,-1801.974365,-0.958563,0.178422,0.222089,0.100000,0.020000,1,0.185714
35.185059,15.994140,0.720610,-121.127014,141.908997,-141.452850,-8041.216309,9024.834961,-8539.016602,-0.606550,0.388364,0.693736,0.100000,0.020000,1,0.365866
33.944942,16.141077,-2.237523,-376.542389,274.568512,-666.797913,-14874.994141,17350.439453,-23916.591797,-0.768894,0.270972,-0.579116,0.100000,0.020000,1,0.269740
34.524540,16.247107,0.164989,206.293579,-326.036560,706.936035,10200.250977,-20987.070312,44092.855469,-0.934991,0.147514,0.322540,0.100000,0.020000,1,0.855483
34.346321,16.121117,-0.072638,136.400986,-433.542480,-8.398098,5029.870605,-28338.134766,263.095154,-0.945648,0.146743,-0.290201,0.100000,0.020000,1,0.884061
34.838326,16.516472,-0.380323,-85.845825,-206.739426,-48.765045,-6795.633301,-12648.565430,-4755.797852,-0.996314,0.082540,0.023382,0.100000,0.020000,1,0.895289
34.944717,16.625446,0.064167,-312.742859,-4.210512,-122.074707,-20664.064453,605.779175,-7066.172852,-0.991780,0.082031,-0.098201,0.100000,0.020000,1,0.092577
35.015247,16.279760,-0.640777,135.399597,-75.625366,112.281738,7606.928223,-3865.443359,6944.618652,-0.672891,0.311860,-0.670792,0.100000,0.020000,1,0.315507
34.585781,15.960078,0.696425,-84.770264,-20.161087,122.953613,-7872.593262,-2497.023926,8731.184570,-0.839625,0.177496,0.513346,0.100000,0.020000,1,0.594704
34.982990,16.229668,-0.273564,1.236975,-180.093567,253.578430,-680.903503,-11824.109375,16333.635742,-0.913922,0.115278,-0.389176,0.100000,0.020000,1,0.832119
34.093063,17.091339,-0.650299,-216.413345,153.015533,-158.673447,-11236.099609,-1017.307617,-12181.983398,-0.906548,0.113339,0.406603,0.100000,0.020000,1,0.539132
34.994530,16.452528,0.041205,-303.223907,-293.213409,-246.633362,-19769.251953,-18321.048828,-16219.240234,-0.973746,0.065646,0.217968,0.100000,0.020000,1,0.509041
34.679665,16.390831,-0.145012,-15.305573,17.883904,-1.642534,-2915.756104,1021.420532,-54.346844,-0.982844,0.062839,-0.173402,0.100000,0.020000,1,0.317625
35.063107,16.292841,-0.346477,100.056030,-470.739624,173.904465,6099.235352,-30201.517578,10549.758789,-0.962209,0.034803,-0.270077,0.100000,0.020000,1,0.235147
35.612125,15.975560,1.146785,218.806152,-93.785324,167.920990,15424.302734,-6225.173340,12770.349609,-0.653027,0.304088,0.693604,0.100000,0.020000,1,0.653105
34.832458,17.243755,0.885019,28.743294,186.808197,164.113068,672.818787,15328.529297,12837.253906,-0.945942,0.031007,0.322851,0.100000,0.020000,1,0.450248
34.887833,17.056705,-1.320683,2.176821,157.156006,-165.748535,-951.869324,13399.705078,-13748.648438,-0.792814,0.149876,-0.590748,0.100000,0.020000,1,0.219221
35.242916,16.346956,0.524330,126.295166,-18.105881,36.235786,8498.157227,-931.269897,2519.124512,-0.850711,0.086757,0.518425,0.100000,0.020000,1,0.427595
34.967144,16.279816,-2.077109,145.060013,-48.664341,-407.384705,5492.237793,-652.950623,-11253.572266,-0.865436,0.086263,-0.493538,0.100000,0.020000,1,0.317501
34.913315,16.672434,0.239184,28.676006,7.656906,167.611816,1101.518799,1684.472290,13026.518555,-0.923671,0.013879,-0.382935,0.100000,0.020000,1,0.712201
34.982285,16.710487,0.062956,-106.744064,-456.962189,-131.472839,-7248.027832,-27739.093750,-8454.534180,-0.993801,0.008320,0.110858,0.100000,0.020000,1,0.022182
34.431812,17.535421,-0.779774,-19.920166,270.306000,-311.995605,-3816.613037,21485.294922,-22980.878906,-0.997861,-0.064925,0.007635,0.100000,0.020000,1,0.986042
34.863983,16.205038,0.423298,-254.908051,450.970154,47.552223,-16943.888672,27751.814453,3188.577637,-0.908176,0.003485,0.418574,0.100000,0.020000,1,0.372023
34.435986,16.626820,-0.209882,1258.261963,-753.429565,-345.041687,76929.109375,-46887.230469,-22005.781250,-0.982447,-0.071856,-0.172149,0.100000,0.020000,1,0.771119
36.712711,16.016356,1.471829,578.285767,-162.836090,356.240021,24142.189453,-9108.248047,16594.714844,-0.974344,-0.074602,0.212340,0.100000,0.020000,1,0.405779
34.676502,16.210037,-0.392219,-283.081421,-171.271759,252.274811,-19328.019531,-11930.147461,13879.402344,-0.990709,-0.083625,0.107247,0.100000,0.020000,1,0.303870
34.772160,16.737881,-0.174061,-55.290298,-399.266235,13.016182,-4534.993164,-24124.363281,466.171051,-0.991237,-0.088105,-0.098425,0.100000,0.020000,1,0.415904
34.422489,16.556526,-0.218063,356.384277,-62.972801,-28.961769,20061.023438,-3534.684326,-1674.960571,-0.955048,-0.092521,-0.281645,0.100000,0.020000,1,0.118006
34.029755,15.427548,1.076656,15.429962,115.493385,-257.747467,-3548.761963,3965.103027,-14114.481445,-0.775969,0.114041,0.620377,0.100000,0.020000,1,0.499823
34.674572,16.541275,-0.390551,511.667786,-69.744835,-283.529449,30813.156250,-3644.330566,-17704.224609,-0.875310,-0.027892,-0.482757,0.100000,0.020000,1,0.369390
34.699177,16.670563,0.153566,19.330374,-124.328003,209.639709,-11.627715,-6915.664062,12717.897461,-0.946564,-0.101878,0.306004,0.100000,0.020000,1,0.776351
35.217182,14.331459,1.154084,265.983612,-42.981224,108.477615,8937.765625,-22939.681641,7327.221680,-0.739417,0.198170,0.643422,0.100000,0.020000,1,0.026898
34.869438,16.534712,0.599608,78.680008,46.102127,260.856079,-3419.206543,-2987.947998,-16103.195312,-0.812465,0.034955,-0.581961,0.100000,0.020000,1,0.619972
34.834896,16.385277,0.520198,-393.250946,289.990692,-16.314819,8857.753906,7342.781738,-12471.681641,-0.868806,-0.041989,0.493369,0.100000,0.020000,1,0.343765
34.623363,16.295479,0.249777,81.047768,-40.614883,-134.761261,-3099.025879,2376.983154,7022.481445,-0.913459,-0.110385,0.391673,0.100000,0.020000,1,0.146922
34.787357,16.499367,-0.300742,38.498409,-4.298275,11.411207,1641.749634,26.541920,889.653870,-0.919374,-0.111118,-0.377365,0.100000,0.020000,1,0.320846
34.608341,16.548365,0.134795,-46.740738,18.599934,-263.307190,-4288.428711,1347.823853,-15695.007812,-0.976549,-0.192833,-0.095744,0.100000,0.020000,1,0.899934
36.195690,16.154182,0.198912,453.371277,-145.811661,38.043983,33913.390625,-10694.291992,3136.783447,-0.980505,-0.194852,0.025355,0.100000,0.020000,1,0.400672
34.956474,16.322664,-0.682269,-25.279953,-37.564667,84.417603,-2189.949219,-1809.628174,4999.997070,-0.735489,0.116164,-0.667504,0.100000,0.020000,1,0.222495
34.041210,15.583240,0.313313,-530.043945,479.606262,-348.888458,-37074.402344,26432.306641,-20076.904297,-0.962599,-0.212353,-0.168256,0.100000,0.020000,1,0.255148
34.656536,16.366434,0.558953,169.977020,112.876770,24.380342,9170.709961,7512.155762,1556.937134,-0.789790,0.009858,0.613298,0.100000,0.020000,1,0.385458
34.537807,16.366392,-0.437705,-142.890518,-138.880859,34.622929,-10492.587891,-9244.109375,1423.595215,-0.933897,-0.219268,-0.282415,0.100000,0.020000,1,0.175447
34.848900,15.940040,0.594316,135.483826,-158.594025,114.245087,8414.155273,-12357.663086,8942.955078,-0.950940,-0.236920,0.198954,0.100000,0.020000,1,0.892585
34.812973,16.203995,0.664151,-4.385338,-46.765137,-64.896942,-1593.184082,-2600.753174,-4009.331299,-0.680602,0.175310,0.711370,0.100000,0.020000,1,0.004192
35.308281,17.266495,1.229988,195.762299,172.223450,223.438660,14217.424805,14149.051758,18130.289062,-0.923157,-0.246962,0.294601,0.100000,0.020000,1,0.512386
34.846905,16.543272,0.572252,16.355246,28.454391,-6.694920,113.632324,3307.884521,-653.804565,-0.714683,0.087484,0.693956,0.100000,0.020000,1,0.017218
34.777351,16.081379,-0.392990,45.694000,-89.212570,30.662163,2106.304443,-6631.692871,2504.033936,-0.807430,-0.076273,-0.585012,0.100000,0.020000,1,0.256376
34.668903,16.549040,0.406840,359.218842,-162.273026,-605.274658,22122.775391,-10164.348633,-36608.023438,-0.943637,-0.329863,0.027202,0.100000,0.020000,1,0.984333
34.706482,16.569901,0.398934,-238.187317,-337.510834,361.148132,-15857.533203,-20512.583984,22507.724609,-0.840241,-0.162185,0.517389,0.100000,0.020000,1,0.381774
34.821327,16.565294,-0.363945,93.783264,-181.028076,-94.642334,5589.170898,-10705.243164,-5617.321289,-0.850958,-0.170508,-0.496788,0.100000,0.020000,1,0.401847
34.463787,16.002842,-0.847054,46.374012,32.000858,-82.023544,1357.884521,139.002777,-7241.697266,-0.883847,-0.257661,-0.390418,0.100000,0.020000,1,0.907283
34.547432,15.784307,0.039295,130.585419,-139.707886,158.230011,6336.389648,-10706.998047,12688.878906,-0.741168,0.000732,-0.671319,0.100000,0.020000,1,0.119234
33.668354,16.566738,0.015638,-379.024445,310.185364,-71.658768,-15916.904297,15747.771484,-2056.080078,-0.869281,-0.276537,0.409729,0.100000,0.020000,1,0.498008
34.187737,17.607321,-1.138302,-82.811676,277.759888,-147.576782,-8123.011230,22759.330078,-11936.454102,-0.806441,-0.174155,-0.565087,0.100000,0.020000,1,0.560271
34.253639,16.642889,-0.393718,-44.949112,10.641029,-106.095795,-5234.900391,1187.970703,-8859.315430,-0.944480,-0.298718,0.136839,0.100000,0.020000,1,0.056561
34.624138,18.856661,0.290277,22.454100,616.532349,158.248871,-545.032471,17219.833984,4204.037598,-0.889800,-0.361139,-0.278989,0.100000,0.020000,1,0.180144
34.098251,17.237789,0.003051,-23.975449,101.782410,-26.902336,-4225.374023,9394.500977,-2126.813477,-0.916889,-0.381666,0.116814,0.100000,0.020000,1,0.266377
34.215256,16.341030,-0.112746,59.304192,-8.254944,-164.060913,1530.948730,-1230.697021,-11659.090820,-0.899630,-0.377049,0.220225,0.100000,0.020000,1,0.171496
34.882938,16.298252,-0.683861,176.444427,-219.109863,-6.538952,10068.268555,-13097.238281,-618.881775,-0.688159,0.184752,-0.701643,0.100000,0.020000,1,0.065423
33.449371,15.661023,-1.748811,-354.851196,-218.594055,-353.185303,-12540.916992,-7035.249512,-9133.166016,-0.827073,-0.289969,-0.481527,0.100000,0.020000,1,0.979956
34.717129,17.207756,0.893392,97.306046,185.221252,141.948669,6030.288574,14765.069336,11552.890625,-0.872069,-0.365305,0.325651,0.100000,0.020000,1,0.013072
34.849354,15.995058,0.620138,66.913376,-87.877228,-14.463627,3678.413574,-6483.512207,-967.568176,-0.713805,-0.015355,0.700177,0.100000,0.020000,1,0.058003
34.611122,16.302849,1.074372,183.414917,67.684387,347.141510,10018.316406,4636.849609,15802.124023,-0.772203,-0.112742,0.625294,0.100000,0.020000,1,0.323836
34.667427,16.417439,0.144236,233.250549,182.831543,258.090057,14195.455078,11600.566406,14973.903320,-0.814261,-0.280996,0.507956,0.100000,0.020000,1,0.524967
34.309933,16.883802,0.023608,-73.336563,-24.418293,103.418274,-6350.779785,216.757660,8076.785156,-0.842262,-0.378588,-0.383752,0.100000,0.020000,1,0.682182
34.548981,16.536652,-0.144015,-243.274963,54.271881,266.638123,-15809.296875,3449.342285,16167.891602,-0.881253,-0.472373,0.016054,0.100000,0.020000,1,0.465587
34.484627,16.650610,-0.018384,-150.152557,-227.906036,161.226593,-10194.958008,-13860.921875,9671.588867,-0.874809,-0.471024,0.113337,0.100000,0.020000,1,0.553616
34.502983,16.131893,0.215301,100.439598,13.984833,-47.436111,3946.884766,4155.579102,-5418.608887,-0.873824,-0.476522,-0.096743,0.100000,0.020000,1,0.546587
34.781288,16.447746,-0.448846,21.612787,42.400650,29.849022,777.012817,3452.868164,2565.216553,-0.730666,-0.091728,-0.676545,0.100000,0.020000,1,0.459216
34.276611,16.369690,0.541902,214.994659,-188.694702,235.196625,11175.932617,-11764.106445,14819.813477,-0.771042,-0.195327,0.606087,0.100000,0.020000,1,0.159503
34.658680,17.071432,-0.557391,199.743225,-91.593216,-155.245453,12421.347656,-3462.893066,-11411.056641,-0.887161,-0.420601,-0.189842,0.100000,0.020000,1,0.262622
34.427959,16.778261,0.364041,35.380150,36.517738,19.818890,1818.232666,-636.473633,1810.433838,-0.822912,-0.393947,0.409417,0.100000,0.020000,1,0.649529
33.730022,16.515877,-0.709011,-124.178894,50.340317,-30.489754,-12221.696289,3782.775635,-2754.459961,-0.776030,-0.281484,-0.564398,0.100000,0.020000,1,0.315739
34.761066,15.874329,0.149641,208.484970,-187.261078,85.168610,543.248047,-1787.712402,-4175.042480,-0.826030,-0.474092,0.304814,0.100000,0.020000,1,0.303087
34.345856,16.465736,-0.500973,245.536346,234.361572,539.089355,14295.398438,14686.833984,33003.738281,-0.831268,-0.478436,-0.283007,0.100000,0.020000,1,0.780461
34.500908,16.754074,-0.124630,39.905502,35.891907,9.897989,1975.079712,3282.287598,844.908020,-0.849530,-0.489754,-0.196062,0.100000,0.020000,1,0.317287
33.806396,17.634956,-0.788860,-144.229187,325.872864,-383.249329,-16687.250000,6827.692383,-3016.400391,-0.843852,-0.489724,0.219280,0.100000,0.020000,1,0.364656
33.923237,16.697876,0.277384,-148.467133,77.076385,-77.444305,-13437.052734,6690.311523,-6320.148926,-0.718559,-0.116831,0.685582,0.100000,0.020000,1,0.384106
34.331310,16.460960,-0.016313,-65.266403,236.849396,162.845306,-5055.243164,14713.821289,10136.844727,-0.822820,-0.567965,0.019555,0.100000,0.020000,1,0.246038
34.496044,16.393494,0.595107,-482.534424,257.908875,-454.432953,-31249.083984,16248.264648,-28144.148438,-0.764494,-0.387500,0.515163,0.100000,0.020000,1,0.455017
35.944645,18.425610,0.591033,267.870392,561.505981,223.593811,7638.414062,24293.123047,-8095.103516,-0.805227,-0.583247,0.106916,0.100000,0.020000,1,0.023766
33.973331,16.217855,-0.106381,59.746655,304.893158,47.789734,1454.065430,18029.472656,2889.780273,-0.802086,-0.591257,-0.084096,0.100000,0.020000,1,0.706436
34.605515,16.432629,-0.697006,25.987801,17.024784,-22.530376,776.065735,1647.566284,-1824.182739,-0.715805,-0.215120,-0.664340,0.100000,0.020000,1,0.488898
34.308140,16.123522,0.613324,-64.361725,-43.970608,1.229174,-2869.561523,-1026.816162,-511.544983,-0.735791,-0.315386,0.599286,0.100000,0.020000,1,0.618548
33.952644,18.102320,-0.826344,-106.287086,546.576294,-357.754364,-2359.059082,15459.260742,-9695.080078,-0.764812,-0.501130,0.404883,0.100000,0.020000,1,0.083591
33.990517,16.954826,-0.416380,-51.834747,178.238266,-58.647598,-4365.783203,8287.726562,928.677246,-0.777551,-0.596380,0.199365,0.100000,0.020000,1,0.253066
34.416378,16.698360,-0.423099,108.283905,-649.768494,-86.706886,5856.035156,-39788.300781,-5340.454590,-0.753310,-0.423787,-0.502920,0.100000,0.020000,1,0.314386
34.171604,16.356773,-0.193893,243.297607,-37.400871,12.055290,13941.617188,-2912.417725,708.802185,-0.774576,-0.599825,-0.200605,0.100000,0.020000,1,0.183490
34.748524,15.873961,0.390258,-0.068165,-116.891266,-275.027161,975.136841,-9843.336914,-16881.164062,-0.751516,-0.585054,0.304853,0.100000,0.020000,1,0.886748
34.424538,16.689457,-0.547927,27.661640,51.229691,-24.350807,1116.518677,4401.416016,-2039.802002,-0.724984,-0.500814,-0.472845,0.100000,0.020000,1,0.765104
34.472408,16.318405,-0.408986,-25.761105,463.729126,-183.832596,-2008.626953,28733.408203,-11857.556641,-0.756763,-0.528242,-0.385058,0.100000,0.020000,1,0.138452
33.762177,16.494759,-0.453160,-67.946915,39.465309,-47.656715,5382.416992,-2062.820068,2895.357178,-0.740102,-0.605504,-0.292599,0.100000,0.020000,1,0.990277
34.300148,16.456924,0.630468,-7.886311,-57.371094,-125.624649,1348.347290,2570.151611,6038.192871,-0.695953,-0.397578,0.597981,0.100000,0.020000,1,0.232745
34.102642,16.509661,-0.295553,180.821930,-2.404809,233.947754,-2586.983887,-6277.551758,-34370.156250,-0.713643,-0.593693,-0.371810,0.100000,0.020000,1,0.597498
33.520733,15.310904,-0.695536,-205.768875,176.517090,-218.302139,-22312.617188,222.964844,-12228.029297,-0.719749,-0.687963,-0.093105,0.100000,0.020000,1,0.614278
34.969315,15.974814,-0.065450,116.444351,-10.319527,198.648834,8366.477539,-2006.258911,14784.918945,-0.681311,-0.302232,-0.666686,0.100000,0.020000,1,0.682057
34.477146,16.363554,-0.573834,32.407124,-64.858353,69.010239,1303.603516,-4052.046875,4183.506836,-0.703956,-0.397060,-0.588888,0.100000,0.020000,1,0.062878
33.943214,17.270672,-0.404759,-55.414322,415.683594,-3.700943,-5393.047363,29573.101562,-1990.868652,-0.708578,-0.705418,0.017411,0.100000,0.020000,1,0.106688
34.134262,16.411869,0.288661,-5.693050,124.814880,-271.279327,-1483.411133,7710.684570,-16733.474609,-0.690948,-0.689872,0.216027,0.100000,0.020000,1,0.703784
34.261543,16.515488,-0.034850,-94.388504,-98.315445,-212.764740,-6541.254883,-5960.362305,-12862.340820,-0.694748,-0.694057,-0.188706,0.100000,0.020000,1,0.822670
33.468800,15.605429,-0.284683,-164.933044,-255.539612,-120.965607,-10207.933594,-16796.947266,-11850.813477,-0.699052,-0.704553,0.122197,0.100000,0.020000,1,0.912176
34.556442,16.219248,0.552683,31.629654,-13.507347,-4.474281,973.929810,-1002.767883,-662.425781,-0.670850,-0.208474,0.711687,0.100000,0.020000,1,0.707432
33.939621,16.659811,0.535853,-400.551453,-157.467041,188.612854,-20718.171875,-10389.659180,10537.710938,-0.693030,-0.500248,0.519097,0.100000,0.020000,1,0.035902
34.357529,16.632877,-0.042874,94.731270,-260.655334,-12.081360,4977.561035,-15980.796875,-563.110352,-0.843771,-0.527269,-0.100190,0.100000,0.020000,1,0.048678
35.711544,15.246675,0.155691,206.404419,-180.223907,-47.095726,17874.001953,-15975.996094,-158.739197,-0.652729,-0.496253,-0.572432,0.100000,0.020000,1,0.787810
33.058880,17.235317,1.213220,-293.574219,202.290802,209.895142,-24446.662109,16362.613281,16468.474609,-0.646268,-0.585363,0.489580,0.100000,0.020000,1,0.079463
34.258968,16.657883,0.389567,-57.733521,-313.530212,-139.984070,-4472.010742,-18729.066406,-8795.868164,-0.666960,-0.615318,0.420176,0.100000,0.020000,1,0.160464
34.198746,16.313202,-0.039555,-162.690063,131.391190,214.809479,-11050.113281,7848.820312,12224.163086,-0.651059,-0.693084,0.309446,0.100000,0.020000,1,0.772382
33.846813,16.816683,-0.529050,30.125601,73.897690,-49.762177,-295.541992,6310.927246,-4288.304199,-0.648364,-0.707405,-0.281430,0.100000,0.020000,1,0.823168
34.694607,15.920732,0.083702,423.934296,92.919815,195.684967,27756.765625,3987.811523,14544.407227,-0.632728,-0.601565,-0.487623,0.100000,0.020000,1,0.753146
34.197277,16.431946,0.908401,17.703938,35.054077,318.054565,343.649048,2385.856689,25323.833984,-0.620770,-0.683421,-0.384162,0.100000,0.020000,1,0.923600
36.070477,13.838809,-2.047099,723.195251,-263.086304,-542.276672,15145.309570,-30194.753906,-6790.430664,-0.623329,-0.781780,0.016755,0.100000,0.020000,1,0.695901
34.238316,16.656404,0.045284,-177.025726,-397.818054,-47.203285,9039.220703,19241.748047,1804.739624,-0.613670,-0.769681,-0.176069,0.100000,0.020000,1,0.420211
34.077324,16.313141,0.044537,-4.909645,13.972833,-54.709160,833.321655,-403.330078,2398.180176,-0.612797,-0.785311,-0.088129,0.100000,0.020000,1,0.760246
34.323441,16.182968,0.745421,18.244606,8.315859,11.889923,-4111.704102,-10104.108398,-2940.859619,-0.651119,-0.295115,0.699250,0.100000,0.020000,1,0.304973
33.440403,15.970836,0.352596,-285.335754,-97.609192,280.232147,-9217.631836,-4555.700684,9361.230469,-0.634148,-0.394400,-0.665060,0.100000,0.020000,1,0.869665
32.380859,16.109768,-0.476143,-563.721497,-107.193504,-294.357117,-16129.921875,-2115.934326,-7040.709473,-0.603520,-0.684603,0.408758,0.100000,0.020000,1,0.749677
33.971661,16.448551,0.167556,422.433350,82.336594,10.486723,25308.154297,5383.473633,568.788696,-0.596151,-0.774943,0.209923,0.100000,0.020000,1,0.741793
34.228592,17.008738,0.176707,89.681976,181.162109,-13.169491,1130.627319,6077.077637,1648.182739,-0.591726,-0.796648,0.123337,0.100000,0.020000,1,0.662092
34.507515,17.536446,-1.890535,105.572372,302.881042,-396.582703,721.594727,21219.673828,-27626.845703,-0.599314,-0.573658,-0.558336,0.100000,0.020000,1,0.842475
34.837360,16.093748,1.049250,115.114594,-55.816620,91.883087,8160.758789,-4286.396484,7598.854492,-0.613576,-0.394261,0.684166,0.100000,0.020000,1,0.312447
34.270767,15.688771,0.648541,-121.513580,116.428726,-97.439758,-8780.383789,4748.700684,-5777.791992,-0.609734,-0.495638,0.618521,0.100000,0.020000,1,0.237442
33.005527,17.691187,-0.714327,-320.982422,435.960297,-349.816284,-10127.060547,13432.071289,-12749.410156,-0.553068,-0.771933,0.313425,0.100000,0.020000,1,0.719088
36.469463,16.040699,-3.207631,533.776978,293.798767,-729.047546,8620.693359,11914.513672,-21429.878906,-0.543744,-0.787224,-0.290898,0.100000,0.020000,1,0.304421
34.213814,16.333641,-0.627524,20.861025,-15.154293,22.055901,-48.014511,-747.024292,1244.333740,-0.584156,-0.479621,-0.654771,0.100000,0.020000,1,0.406135
34.670868,15.104499,-0.018125,279.357605,-98.963989,-62.742416,18900.224609,-11337.121094,-5942.271484,-0.546927,-0.668184,0.504383,0.100000,0.020000,1,0.239311
33.544342,16.762455,0.133371,-67.431808,118.195374,46.535812,-6940.991211,9156.708984,3759.131348,-0.500971,-0.862631,-0.069963,0.100000,0.020000,1,0.507386
33.383141,16.375313,-0.373442,-246.330322,45.283432,-298.105011,-12983.060547,658.607178,-11966.765625,-0.552685,-0.580926,0.597548,0.100000,0.020000,1,0.884951
34.188770,16.219141,-0.663465,73.683838,16.033766,6.830872,4004.087402,598.766846,-486.195557,-0.531769,-0.690103,-0.490897,0.100000,0.020000,1,0.107009
33.881832,16.338223,-0.339011,84.387207,-102.539520,306.885010,4044.709717,-6486.075195,18644.433594,-0.486812,-0.854195,-0.182664,0.100000,0.020000,1,0.718554
33.764126,17.245676,2.485165,-99.849220,219.898010,831.219360,225.187500,8246.815430,29218.400391,-0.458630,-0.842642,-0.282156,0.100000,0.020000,1,0.641628
34.411148,15.498916,0.300969,264.994507,-96.970734,55.239883,17743.429688,-9616.662109,4252.377441,-0.471668,-0.872108,0.130221,0.100000,0.020000,1,0.542174
34.308857,16.252270,0.564991,-86.111069,73.283417,-5.701036,-6363.558105,4608.625000,-580.191223,-0.553071,-0.477030,0.683048,0.100000,0.020000,1,0.234169
34.351543,17.173626,-0.059965,246.740387,435.702820,162.522415,13063.872070,8712.412109,4843.576660,-0.491328,-0.670007,-0.556496,0.100000,0.020000,1,0.597942
33.918629,15.748422,-0.289731,223.713837,-52.887558,-117.039536,13025.133789,-5646.017578,-9743.113281,-0.442881,-0.843865,0.302899,0.100000,0.020000,1,0.164254
34.353306,16.147314,-0.556654,102.611298,15.065653,-196.638733,7270.744629,268.144104,-15603.730469,-0.445150,-0.865674,0.229022,0.100000,0.020000,1,0.062344
34.319237,16.354761,-0.600154,-111.298401,-161.881805,-85.590363,-7593.161133,-9791.104492,-5430.472656,-0.515944,-0.550599,-0.656233,0.100000,0.020000,1,0.765549
33.800392,15.983989,0.675232,-41.296448,-115.857758,83.187347,-4553.661621,-8502.087891,6206.681641,-0.448628,-0.744959,0.493730,0.100000,0.020000,1,0.584846
33.911568,16.273392,0.538916,4.233952,10.180300,17.516289,-1105.552979,562.700806,1768.724121,-0.460874,-0.781543,0.420459,0.100000,0.020000,1,0.042468
34.334068,16.080591,0.276891,-14.048994,21.871323,-55.497742,97.326172,559.476501,-2818.871582,-0.383258,-0.915125,0.125137,0.100000,0.020000,1,0.599615
33.758057,16.285521,0.740647,-91.804718,-108.070496,159.594025,-7175.977051,-6787.617676,13114.222656,-0.379202,-0.925201,0.014445,0.100000,0.020000,1,0.644529
33.834000,15.793508,0.726578,83.366318,23.099775,-40.541756,3113.008057,-429.690338,-1790.260498,-0.461617,-0.653379,0.600005,0.100000,0.020000,1,0.753929
33.615173,16.043276,-0.557113,-76.850342,85.777191,-32.739510,-7180.628418,4508.349121,-2955.516357,-0.399021,-0.834126,-0.380809,0.100000,0.020000,1,0.850020
34.413937,16.456818,0.556120,-203.904144,-103.432190,-245.755859,-11868.671875,-5686.580566,-14672.514648,-0.394949,-0.830529,0.392729,0.100000,0.020000,1,0.961414
33.655907,16.018970,0.069605,132.482803,-104.266602,-179.897095,6582.776367,-7609.615723,-10702.475586,-0.363909,-0.926499,-0.095757,0.100000,0.020000,1,0.152118
33.637909,16.193611,-0.141699,253.364288,-121.643616,224.635590,14112.933594,-7945.119141,14237.924805,-0.359033,-0.917296,-0.172234,0.100000,0.020000,1,0.753787
33.254089,17.260420,-0.591323,-167.783081,277.740601,-72.652641,-14462.965820,21891.828125,-5288.104980,-0.359778,-0.807146,-0.468054,0.100000,0.020000,1,0.349282
33.922897,16.080734,-0.581936,-31.427269,73.266922,-68.227570,-2638.597900,4043.467773,-5717.280762,-0.318107,-0.908734,-0.270206,0.100000,0.020000,1,0.530038
34.215363,16.140671,0.805280,-139.433044,184.640167,-293.148041,-9743.752930,11342.691406,-17745.701172,-0.472715,-0.548283,0.689874,0.100000,0.020000,1,0.671007
34.027435,16.303234,-0.511876,74.894516,-78.669556,59.657349,3774.177734,-4582.022461,3752.365479,-0.387240,-0.730500,-0.562507,0.100000,0.020000,1,0.353410
33.749954,16.109207,0.025399,51.006828,6.802266,-31.606384,2136.651123,107.865921,-1581.364868,-0.253658,-0.963865,-0.081369,0.100000,0.020000,1,0.843738
34.173046,16.187216,-0.639438,-26.102272,-1.389092,37.869034,-2410.009766,-137.410278,2203.947021,-0.419029,-0.625921,-0.657752,0.100000,0.020000,1,0.490481
33.510834,15.992631,-0.051035,-56.396484,6.107910,83.627014,-5826.911621,2112.329346,7496.203125,-0.395482,-0.760261,-0.515362,0.100000,0.020000,1,0.128362
34.318493,16.650997,-0.233567,157.357010,163.609924,79.241257,3113.483154,7381.005371,-1865.364258,-0.277725,-0.879114,-0.387334,0.100000,0.020000,1,0.993212
33.968037,16.102503,0.341048,-34.504105,-6.898972,2.975535,-2688.617188,-728.486328,129.959808,-0.275970,-0.877406,0.392428,0.100000,0.020000,1,0.847048
33.625648,15.962835,-0.308506,-511.974670,-112.171265,391.502502,-33909.121094,-7922.374023,24095.587891,-0.231022,-0.956519,-0.178046,0.100000,0.020000,1,0.390191
34.257595,15.529206,0.062418,-267.929016,183.056244,123.689224,-15832.917969,8879.095703,7647.776855,-0.232839,-0.966132,0.111245,0.100000,0.020000,1,0.055885
33.842915,16.073690,0.112833,26.122196,-78.696548,-12.333615,1022.702698,-5368.105469,-410.940369,-0.230034,-0.972794,0.027507,0.100000,0.020000,1,0.970631
34.284401,16.013447,0.268281,-103.268570,153.576782,256.988953,-6412.036621,9003.325195,15058.846680,-0.356270,-0.712706,0.604253,0.100000,0.020000,1,0.107792
34.314636,16.141378,0.910968,86.978958,-20.546066,109.318848,6067.053223,-1457.021729,8761.099609,-0.321010,-0.794854,0.514936,0.100000,0.020000,1,0.046667
32.875237,16.889069,0.157151,-260.891144,191.057129,-85.818054,-7941.354004,4699.158203,-3525.012207,-0.275536,-0.905376,0.323070,0.100000,0.020000,1,0.033232
33.971310,17.402830,0.811401,44.732285,340.891113,202.828156,2693.632080,26756.037109,15404.818359,-0.214085,-0.954265,0.208677,0.100000,0.020000,1,0.977660
34.113781,16.270622,0.695770,-42.580399,28.757935,250.275085,-7406.140625,-3990.138428,7559.765625,-0.373978,-0.927046,0.026937,0.100000,0.020000,1,0.038660
33.339729,16.480495,-0.912693,-100.295166,115.652954,-152.662628,-9106.807617,8790.718750,-12396.470703,-0.189581,-0.941439,-0.278839,0.100000,0.020000,1,0.975204
33.870956,15.871328,-0.307988,-303.876892,155.193161,-98.141205,-20551.478516,8238.764648,-5780.196289,-0.394577,-0.800988,-0.450253,0.100000,0.020000,1,0.050137
33.917442,16.000650,-0.169617,93.999695,-80.149521,136.002930,4799.530762,-5640.151855,10054.420898,-0.286674,-0.765176,-0.576475,0.100000,0.020000,1,0.685065
33.754681,15.678524,0.390066,98.239166,-365.105347,-122.517319,5164.347656,-24826.830078,-7286.860840,-0.170093,-0.934341,0.313169,0.100000,0.020000,1,0.481174
33.612534,15.922008,-0.088925,70.744514,-30.739204,-2.784950,3093.114746,-2627.854248,-189.576416,-0.124835,-0.987649,-0.094682,0.100000,0.020000,1,0.762684
34.193615,16.267826,0.840551,-125.171692,-311.676270,400.261932,-8605.265625,-19243.554688,26147.683594,-0.388125,-0.604284,0.695844,0.100000,0.020000,1,0.747879
33.708805,16.149302,0.194153,147.049164,-169.799500,241.925140,7936.220703,-10818.252930,15157.089844,-0.250501,-0.936682,0.244694,0.100000,0.020000,1,0.136441
33.771397,16.081707,-0.464831,51.289585,-17.373074,11.446569,1875.467773,-1233.104858,621.486938,-0.221293,-0.844752,-0.487260,0.100000,0.020000,1,0.060334
33.327068,16.494593,0.330213,-123.434296,99.899689,-5.727640,-11044.743164,7926.698730,-903.557678,-0.217341,-0.833144,0.508560,0.100000,0.020000,1,0.896214
33.741558,16.018700,0.099423,9.702425,-9.287384,-53.171158,-153.938278,-786.976440,-3045.295166,-0.098153,-0.994787,0.027671,0.100000,0.020000,1,0.991985
34.975185,16.305441,-0.959423,252.608154,-71.140442,-297.190216,4697.421387,-5205.511719,-7580.059570,-0.093880,-0.990425,0.101220,0.100000,0.020000,1,0.365332
33.846996,16.131866,-0.486389,262.069092,-222.759552,-144.313629,14741.545898,-14063.324219,-8621.737305,-0.318739,-0.673624,-0.666811,0.100000,0.020000,1,0.403875
34.058704,16.112667,0.548299,47.741028,3.716641,-113.291229,2483.282471,235.026489,-7130.773926,-0.258356,-0.756396,0.600931,0.100000,0.020000,1,0.239880
33.769653,16.039774,0.359165,-120.232254,147.601715,-238.876556,-8633.175781,9195.196289,-15118.772461,-0.141875,-0.901927,0.407922,0.100000,0.020000,1,0.308870
34.674446,14.991842,-0.198307,132.700516,-306.629272,-87.848694,135.272949,-8937.940430,-6106.853027,-0.132517,-0.912620,-0.386736,0.100000,0.020000,1,0.909383
33.768040,16.146532,0.194054,8.239069,-524.274231,-46.013039,-142.557968,-32591.068359,-2895.477539,-0.058981,-0.975440,0.212223,0.100000,0.020000,1,0.461690
32.724041,15.890638,-1.420064,-353.419830,240.339722,-281.755615,-9175.255859,5214.746094,-16079.351562,-0.058299,-0.978787,-0.196410,0.100000,0.020000,1,0.544488
33.091084,15.645738,-0.309160,78.668289,-19.123375,-116.894753,2722.882324,-3535.328369,-3871.589355,-0.053384,-0.958566,-0.279825,0.100000,0.020000,1,0.871943
33.814804,16.012829,0.451040,-95.754044,-24.540264,84.974457,-7368.523438,-1760.947754,5031.604980,-0.186026,-0.788219,0.586604,0.100000,0.020000,1,0.319529
33.306679,15.558690,-0.455574,628.822083,-325.414307,-230.846710,36295.707031,-22638.667969,-14305.800781,-0.177835,-0.799320,-0.573988,0.100000,0.020000,1,0.570699
33.765724,15.972980,-0.563155,18.535530,-3.013961,-15.532940,67.742569,-431.785767,-1552.494629,-0.108499,-0.875246,-0.471352,0.100000,0.020000,1,0.397540
33.973766,15.493402,-0.685881,61.087387,-105.134995,-109.087006,3906.282227,-8767.550781,-8380.802734,-0.051523,-0.930442,-0.362800,0.100000,0.020000,1,0.484716
33.838730,15.723756,0.256347,-5.502787,19.673321,50.046608,-775.957336,86.298767,3051.529785,-0.039396,-0.949301,0.311891,0.100000,0.020000,1,0.137010
33.363003,16.032227,1.256673,35.338173,19.128607,1.708115,-1641.317139,883.359619,2730.026367,-0.301351,-0.652027,0.695736,0.100000,0.020000,1,0.165286
33.209686,15.490485,-0.438778,50.099335,27.743608,-76.209778,-724.233887,-9454.566406,-89.651367,-0.100005,-0.858261,0.503376,0.100000,0.020000,1,0.928672
33.499245,15.595831,-0.380213,22.679623,30.626354,-8.013779,-17314.703125,7928.286621,3159.163086,-0.035384,-0.914858,0.402222,0.100000,0.020000,1,0.632197
33.675182,15.805521,-0.110159,-163.966446,-41.678146,-479.381531,8734.086914,2475.003418,24063.892578,0.041550,-0.995583,-0.084197,0.100000,0.020000,1,0.360225
33.792747,16.321114,0.302933,0.722672,80.711792,207.698425,1086.162842,-4733.604492,-12839.820312,-0.219438,-0.715087,-0.663700,0.100000,0.020000,1,0.721650
32.971069,16.641615,-0.560094,-159.371399,283.229309,-235.803680,10450.519531,-16093.837891,13838.518555,0.054502,-0.975352,0.213820,0.100000,0.020000,1,0.372308
33.338493,15.907002,-0.023768,315.853271,-202.313354,166.583984,-14354.955078,10176.705078,-7964.821289,0.063374,-0.990461,0.122352,0.100000,0.020000,1,0.940665
33.798019,15.150813,1.395739,160.608963,-5.888481,551.318237,-3426.897949,-17449.300781,29167.988281,-0.219364,-0.699333,0.680303,0.100000,0.020000,1,0.948513
33.701065,15.961854,-0.530003,1.788570,8.144108,-2.767057,895.633362,-330.562195,199.302719,-0.083149,-0.823454,-0.561258,0.100000,0.020000,1,0.132152
34.126934,15.894119,-0.646400,126.322296,21.156448,-135.380798,8587.910156,1102.881104,-9514.348633,-0.006304,-0.888744,-0.458361,0.100000,0.020000,1,0.729195
33.865871,15.791435,0.393606,-228.275574,50.064537,-221.901276,-14552.402344,2643.218994,-13486.622070,0.063155,-0.952583,0.297654,0.100000,0.020000,1,0.989333
33.319008,15.715565,-0.413776,-64.969513,-41.422249,-29.280655,-6486.712891,-3365.840088,-2494.431641,0.087323,-0.954078,-0.286548,0.100000,0.020000,1,0.497243
33.274063,15.825914,0.112999,-87.532104,15.006405,37.417137,-7944.006348,612.600952,2765.518799,0.093050,-0.995496,0.018125,0.100000,0.020000,1,0.337519
33.747665,15.706398,-0.497424,3.479733,12.039296,139.850250,-457.703461,76.336052,8146.909180,0.103743,-0.923238,-0.369959,0.100000,0.020000,1,0.558812
32.848522,16.037214,0.237333,-434.573608,281.309143,238.454010,-31554.517578,18611.343750,16387.156250,0.173540,-0.980612,-0.091013,0.100000,0.020000,1,0.564489
33.775257,15.869404,0.306214,483.451233,-417.863129,-133.466583,30252.875000,-26210.312500,-7617.816406,0.175122,-0.976561,0.125146,0.100000,0.020000,1,0.419143
33.421379,15.573128,-0.549950,737.057007,-363.460175,533.491943,43450.566406,-24711.417969,33895.265625,-0.130585,-0.733931,-0.666553,0.100000,0.020000,1,0.446582
33.382698,16.037508,0.710421,-160.630890,77.713470,77.313019,-13042.381836,5268.700195,5551.079590,-0.050017,-0.792358,0.608002,0.100000,0.020000,1,0.759143
35.913246,15.348563,-0.953922,579.937256,18.196793,-354.588501,36325.281250,-5690.366211,-13904.782227,0.124326,-0.971188,-0.203314,0.100000,0.020000,1,0.128148
33.680004,16.938227,0.606888,112.706482,438.848999,63.338303,-1581.324707,15665.922852,9342.382812,0.187986,-0.961998,0.198044,0.100000,0.020000,1,0.230182
33.781845,15.505319,0.387985,-71.030319,70.160248,236.041412,-5348.749023,2816.509766,14562.630859,0.047969,-0.854003,0.518052,0.100000,0.020000,1,0.698019
33.469715,15.451183,-0.403324,431.927795,-215.790497,-195.540436,24963.917969,-15421.545898,-11866.680664,0.043194,-0.819167,-0.571926,0.100000,0.020000,1,0.743573
34.000599,15.860483,-0.554376,-1074.436523,-578.494141,-61.049919,-67577.476562,-36355.824219,-4376.541504,0.136423,-0.869557,-0.474614,0.100000,0.020000,1,0.426367
34.011444,15.897867,0.680915,-87.069611,33.069763,-42.705902,-6215.214355,1734.707031,-2501.394775,-0.128204,-0.701008,0.701535,0.100000,0.020000,1,0.424214
33.361732,15.416305,0.224485,162.959106,-89.962326,192.960434,7808.260742,-7338.064453,11222.880859,0.140069,-0.853783,0.501433,0.100000,0.020000,1,0.470142
32.217213,16.678236,-0.104502,-424.205017,353.749969,166.774673,-10099.728516,11046.531250,3723.978027,0.221979,-0.905160,-0.362508,0.100000,0.020000,1,0.422239
33.640839,15.668169,-0.514252,10.433804,-194.941574,78.688988,-123.224312,-12502.916992,3547.315918,0.292964,-0.936439,-0.193011,0.100000,0.020000,1,0.780354
34.014660,18.356346,0.280719,144.600677,827.596069,54.464394,3195.062012,25457.605469,1545.810181,0.305595,-0.943951,0.124770,0.100000,0.020000,1,0.908724
33.880539,15.952264,-0.694535,109.125023,-190.956573,126.878998,5950.691895,-11880.890625,7614.161621,-0.022846,-0.747742,-0.663596,0.100000,0.020000,1,0.498471
33.886669,17.074242,0.174654,30.975769,364.471375,3.048508,8489.967773,18860.011719,-5236.474609,0.247323,-0.917505,0.311473,0.100000,0.020000,1,0.035670
33.743240,15.752149,0.051965,-101.604660,-136.279236,-171.382477,-6871.820801,-8575.324219,-9524.685547,0.251995,-0.924903,-0.284699,0.100000,0.020000,1,0.064248
32.245331,16.359880,-2.223478,-392.233643,242.676208,-604.782227,-31367.173828,18096.833984,-48217.414062,0.313937,-0.928397,0.198802,0.100000,0.020000,1,0.517422
33.729435,15.609763,0.197859,186.271286,-436.449066,582.566467,11429.981445,-27877.292969,37593.351562,0.328835,-0.944386,0.001463,0.100000,0.020000,1,0.117116
33.609623,15.484281,-0.181648,45.523193,-5.046795,-6.840855,2035.760376,-1152.215576,-906.518066,0.332362,-0.940145,-0.075248,0.100000,0.020000,1,0.848952
34.059143,15.653282,1.248994,17.764374,-146.724731,178.598892,-1739.547241,-6331.039062,5538.381348,-0.036718,-0.730995,0.681394,0.100000,0.020000,1,0.694798
33.992344,15.911909,0.630077,-200.903687,-192.022125,-111.792587,-12893.441406,-11910.120117,-6745.308105,0.053386,-0.787194,0.614391,0.100000,0.020000,1,0.254277
33.862492,15.435327,-0.694114,-577.408264,145.688812,118.196899,-36964.976562,7693.101074,6686.398926,0.144349,-0.813996,-0.562649,0.100000,0.020000,1,0.388305
33.637821,15.727657,-0.076170,317.466370,-442.898987,70.887573,19223.230469,-28037.451172,4902.866211,0.259438,-0.945333,-0.197580,0.100000,0.020000,1,0.293549
33.894508,16.023508,0.229100,40.984497,68.672165,-19.979939,2606.224365,5534.968750,-1807.537354,0.245132,-0.884071,0.397907,0.100000,0.020000,1,0.276075
33.912361,15.726555,-0.451239,-179.517548,-184.138275,292.435913,-11035.876953,-11447.920898,17590.757812,0.317558,-0.909199,-0.269283,0.100000,0.020000,1,0.537174
33.919884,15.530698,0.486011,-21.873512,-6.567585,-82.324188,-1356.038452,-1498.856323,-4795.000977,0.181059,-0.883897,0.431211,0.100000,0.020000,1,0.238066
31.969791,16.206343,-1.249660,-354.775604,244.503876,-243.546875,-25326.642578,5637.851562,-3869.490723,0.251713,-0.847892,-0.466605,0.100000,0.020000,1,0.924277
32.788696,15.733546,0.586736,-151.503830,129.110260,45.216312,10452.651367,-6649.370117,-3127.248779,0.337067,-0.893652,0.296263,0.100000,0.020000,1,0.375653
33.367992,15.553693,-0.042715,2.981628,34.435577,-42.659069,1057.531616,-1252.834351,2314.197998,0.289230,-0.956895,0.026444,0.100000,0.020000,1,0.045795
33.565800,15.531510,-0.287200,260.623047,-133.383453,-261.455139,-12202.442383,6983.036621,12941.763672,0.342111,-0.863138,-0.371419,0.100000,0.020000,1,0.903493
33.909916,15.086210,-0.034092,154.872223,-44.134930,89.003647,1675.596191,-10757.476562,-3789.457031,0.421213,-0.887974,-0.184614,0.100000,0.020000,1,0.951306
33.602814,15.326983,-0.001031,637.971191,-349.100616,21.426317,-31351.654297,18164.111328,-1011.191956,0.430164,-0.902448,0.023373,0.100000,0.020000,1,0.988871
33.116688,16.293987,0.467439,-105.806702,194.944244,109.467575,7717.327637,-11193.090820,-5251.028809,0.166659,-0.776568,0.607591,0.100000,0.020000,1,0.364157
33.526203,15.363333,0.193027,526.485352,-287.121857,45.485725,-25357.253906,15091.869141,-1808.737183,0.349988,-0.845634,0.403003,0.100000,0.020000,1,0.399835
34.482475,14.755642,-0.470197,258.872192,-92.128983,-303.823425,224.079346,-21510.529297,-23309.841797,0.426952,-0.865193,-0.262971,0.100000,0.020000,1,0.156922
33.029598,15.594460,0.122852,-123.376129,105.185913,51.598465,-221.389893,-7117.036621,1987.431396,0.448179,-0.887102,0.110388,0.100000,0.020000,1,0.500713
32.847050,15.699857,0.471497,-149.372757,98.053055,96.622498,10083.677734,-5283.808594,-6312.626465,0.455767,-0.886371,-0.081380,0.100000,0.020000,1,0.485356
33.095207,15.556582,-3.074291,-161.281082,117.517685,-691.622803,-1824.194336,-4941.538574,-28504.089844,0.090595,-0.736088,-0.670796,0.100000,0.020000,1,0.542032
32.070473,17.099890,-1.979995,-350.811829,480.574524,-656.703491,-15342.314453,16969.386719,-38666.183594,0.276608,-0.809799,0.517410,0.100000,0.020000,1,0.339121
33.774364,15.406511,-1.068596,55.406715,-9.583450,-129.948975,2923.445068,-1422.905151,-10900.814453,0.368503,-0.803451,-0.467624,0.100000,0.020000,1,0.388874
33.774014,15.239490,0.404252,-489.963196,305.552216,-158.456436,-31256.347656,18064.109375,-9472.779297,0.464055,-0.830904,0.307003,0.100000,0.020000,1,0.394230
34.008095,15.597215,0.630311,-392.046204,345.809143,168.086594,-25101.289062,20935.480469,10620.958008,0.081831,-0.715301,0.694009,0.100000,0.020000,1,0.749463
33.608044,15.694312,0.653382,-19.415306,25.015293,-1.557319,2018.969116,-1290.681641,-216.841919,0.255550,-0.756066,0.602543,0.100000,0.020000,1,0.859291
34.151600,15.433815,-0.310661,15.569908,18.567608,54.897873,-1252.205078,-298.780792,-3325.868408,0.276805,-0.766258,-0.579851,0.100000,0.020000,1,0.708856
32.711998,15.777827,1.190023,-228.285172,155.478134,240.706253,-7343.977539,-1971.757080,4284.312012,0.371125,-0.787821,0.491533,0.100000,0.020000,1,0.535056
36.622143,13.520305,1.010401,990.183472,-542.471008,359.582764,-56981.812500,32578.955078,-21630.777344,0.459732,-0.808155,-0.368145,0.100000,0.020000,1,0.487153
34.087330,15.569764,1.232758,158.889709,23.507233,294.422638,-8643.574219,-1322.320068,-17557.341797,0.490177,-0.846081,0.209459,0.100000,0.020000,1,0.297873
33.647717,15.407097,0.499868,31.134045,-147.772369,-352.869507,-1091.584106,7513.462891,16354.528320,0.557625,-0.829639,0.027443,0.100000,0.020000,1,0.566980
34.043449,15.009114,0.217792,-155.395844,122.878960,-86.546593,-16781.250000,2739.321777,-4272.993164,0.548600,-0.808095,0.214523,0.100000,0.020000,1,0.790230
33.377766,15.393447,0.020872,-393.157227,233.344208,-120.107018,20885.681641,-11552.964844,6253.233887,0.569946,-0.812315,0.123718,0.100000,0.020000,1,0.389123
33.550903,16.670887,1.318389,-141.098083,255.364288,659.502502,-5334.415527,6713.982422,21232.771484,0.176626,-0.719872,-0.671259,0.100000,0.020000,1,0.422114
34.203983,14.937213,-0.335241,26.169094,-78.009651,63.866947,1726.659058,-3184.780762,3071.917236,0.574727,-0.813746,-0.086639,0.100000,0.020000,1,0.080121
33.754974,15.624659,0.810820,2.145950,18.918947,20.811501,-1133.578857,803.209106,2132.922607,0.188756,-0.708702,0.679789,0.100000,0.020000,1,0.903759
34.365765,15.421639,-1.024866,131.642975,-23.412956,-124.574814,9949.757812,-2124.859863,-9972.128906,0.366989,-0.731037,-0.575243,0.100000,0.020000,1,0.563955
35.320309,14.271920,2.774205,397.227264,-157.437012,686.845093,17526.580078,-20328.916016,38835.953125,0.482133,-0.767140,0.423137,0.100000,0.020000,1,0.194166
33.579174,15.396181,-0.874021,31.324511,-4.387614,287.306488,-732.049561,325.469421,-12885.679688,0.545416,-0.755149,-0.363690,0.100000,0.020000,1,0.403323
33.608028,15.260504,0.162650,-16.557104,9.835217,220.697281,1547.749756,-43.093376,-10694.473633,0.560758,-0.764131,0.318834,0.100000,0.020000,1,0.393376
33.392151,15.385141,-0.109465,144.548279,-81.224548,205.751282,-5997.266602,4120.259277,-10458.392578,0.591776,-0.783355,-0.190147,0.100000,0.020000,1,0.238546
33.907806,15.087428,0.897312,182.730209,-65.593903,346.546204,-21115.689453,2908.970703,20146.035156,0.265506,-0.708896,-0.653431,0.100000,0.020000,1,0.341060
34.200611,15.092929,0.560725,-26.102686,28.138241,-148.100159,-8278.080078,11802.987305,-5962.579590,0.383975,-0.718857,0.579490,0.100000,0.020000,1,0.202049
33.910542,15.240168,0.540506,-105.218735,74.644745,4.536566,5347.743164,-3030.934326,-439.802094,0.458040,-0.727374,0.511005,0.100000,0.020000,1,0.974671
33.331322,15.612067,-0.078016,-38.017700,-61.012207,-15.625372,3518.729736,2692.035645,-176.590149,0.483200,-0.734724,-0.476128,0.100000,0.020000,1,0.421332
33.210892,15.489791,-1.795072,-212.449295,123.849442,-242.844269,-5872.098633,1887.125977,3156.388672,0.661450,-0.749850,0.014440,0.100000,0.020000,1,0.485926
34.371731,14.883413,-0.262390,359.950562,-188.474640,212.023941,-19251.976562,10864.800781,-8875.432617,0.556250,-0.721327,0.412641,0.100000,0.020000,1,0.221072
34.462383,14.767241,0.692225,132.219070,-68.671425,301.535980,-279.113281,-1680.413574,13060.068359,0.655820,-0.728253,0.198866,0.100000,0.020000,1,0.648105
33.668732,15.225456,0.266543,57.638710,99.833153,0.000000,-13820.683594,-18966.425781,-1607.822876,0.678287,-0.730525,-0.079115,0.100000,0.020000,1,0.824485
34.558105,16.910404,0.818848,134.583771,511.393433,262.045837,11405.000977,38949.015625,19491.792969,0.676034,-0.726270,0.124535,0.100000,0.020000,1,0.274758
34.213432,15.128183,-0.728821,89.640625,-41.323441,-39.771904,6663.603516,-4107.056641,-3441.281250,0.456112,-0.691963,-0.559598,0.100000,0.020000,1,0.748787
33.499264,15.429756,0.255976,-280.485168,166.349854,-77.202698,-19333.763672,10957.181641,-2771.547363,0.658067,-0.701715,-0.273028,0.100000,0.020000,1,0.653977
35.132050,17.275917,0.672662,359.367126,574.817139,311.123108,15095.125977,17018.050781,10704.265625,0.562992,-0.674724,-0.477270,0.100000,0.020000,1,0.991113
33.899830,15.211948,0.834714,-81.331268,54.555046,-219.416351,-5406.002930,2688.761230,-12291.566406,0.553068,-0.658255,0.510702,0.100000,0.020000,1,0.162278
33.832573,15.361686,-0.192633,-270.736145,-569.001221,4.359415,-17284.623047,-35619.808594,164.940384,0.691667,-0.698427,-0.183839,0.100000,0.020000,1,0.032877
33.894108,15.346527,-0.544839,18.975349,21.456604,-78.083542,1046.169067,1525.941895,-5774.928223,0.654719,-0.654253,-0.378545,0.100000,0.020000,1,0.291734
34.199482,15.014501,0.102687,176.101318,-167.878937,-198.792969,12051.654297,-10018.085938,-11930.670898,0.759543,-0.650258,0.016120,0.100000,0.020000,1,0.803701
33.884300,15.823232,0.141173,-23.211525,-20.388371,-95.574875,-2230.584961,-430.072449,-8085.721191,0.284110,-0.655916,0.699326,0.100000,0.020000,1,0.670331
35.287006,15.942414,-0.565565,315.391602,244.814392,-342.609589,35211.773438,3650.288086,2805.820557,0.675347,-0.660467,0.328161,0.100000,0.020000,1,0.184931
32.803509,15.792884,1.032834,-250.363342,151.788559,173.645782,-20563.134766,11687.609375,13795.845703,0.665909,-0.634826,0.391868,0.100000,0.020000,1,0.818612
33.933941,17.185860,0.295790,10.039436,558.881531,49.895546,711.370361,43522.808594,3652.321777,0.753386,-0.628307,0.194010,0.100000,0.020000,1,0.544843
30.192816,17.232277,-0.428224,-1001.221313,610.923950,-84.959076,-20774.171875,10609.843750,-7170.378906,0.770731,-0.633038,-0.072363,0.100000,0.020000,1,0.397042
33.909477,15.343843,-0.742582,-371.256439,-39.211914,302.298523,18933.970703,2483.017334,-14742.391602,0.375321,-0.641653,-0.668891,0.100000,0.020000,1,0.938601
34.083290,15.219099,-0.413588,-300.806091,-541.331970,-181.672531,8852.828125,37046.156250,4543.892090,0.640700,-0.612844,-0.462522,0.100000,0.020000,1,0.779892
34.813057,14.626088,0.334543,316.431793,-276.253967,310.778595,-18245.148438,15371.050781,-16919.691406,0.764057,-0.616108,-0.191384,0.100000,0.020000,1,0.223261
31.815926,16.295176,-1.989663,-476.326691,298.020111,-621.099060,-41507.980469,24210.671875,-19276.511719,0.774344,-0.622341,0.114381,0.100000,0.020000,1,0.293335
33.916813,15.796635,1.688089,6.170953,130.289108,222.921692,77.964653,-7172.958008,-14045.538086,0.350981,-0.636205,0.687063,0.100000,0.020000,1,0.262319
32.181908,17.994949,0.461326,-460.135986,830.678345,274.285675,27814.912109,-49156.792969,-15675.124023,0.759478,-0.583631,-0.287346,0.100000,0.020000,1,0.240414
34.181053,15.751844,1.478474,-45.967976,263.095978,284.196564,1684.804077,-14678.201172,-17485.355469,0.756753,-0.579578,0.302348,0.100000,0.020000,1,0.635649
34.495956,14.747861,0.257979,-63.394657,103.570786,96.254517,-25138.050781,-11249.207031,-256.158203,0.569689,-0.598846,-0.562884,0.100000,0.020000,1,0.227264
37.405384,13.068098,6.337419,992.464111,-565.583618,1816.365601,22926.785156,-17888.820312,45681.832031,0.830037,-0.549131,0.097436,0.100000,0.020000,1,0.348000
33.895741,15.100618,-0.390126,309.530609,-177.319901,833.659119,-10980.833984,7345.166016,-49888.398438,0.834599,-0.550856,0.001484,0.100000,0.020000,1,0.426225
34.171566,15.310486,-0.315456,-126.441315,-276.770142,60.453522,6002.089844,14207.617188,-3785.785645,0.461232,-0.593828,-0.659267,0.100000,0.020000,1,0.209185
33.739246,15.244645,-0.903742,-182.788727,123.684486,-181.982559,9938.174805,-5850.902344,13036.806641,0.547993,-0.579883,0.602860,0.100000,0.020000,1,0.793184
33.375641,15.450741,-0.135981,274.793182,-141.661743,83.309441,-11696.745117,6951.110352,-2219.672119,0.656588,-0.555883,0.509790,0.100000,0.020000,1,0.485605
34.031448,15.148498,0.449650,-569.985596,253.946930,-197.771606,28410.753906,-12606.889648,9642.698242,0.747265,-0.533101,0.396735,0.100000,0.020000,1,0.687591
34.375546,14.817378,0.151783,-851.688477,495.966980,-755.766113,-53320.105469,28368.796875,-46517.187500,0.833223,-0.520557,-0.186437,0.100000,0.020000,1,0.374781
32.051929,16.158918,1.527870,-420.274689,243.107803,296.532990,26255.503906,-15013.538086,-18459.738281,0.829184,-0.517430,0.211473,0.100000,0.020000,1,0.990009
34.320705,14.849040,0.341555,127.049210,-71.790535,311.979401,9130.548828,-6247.572754,21565.542969,0.847522,-0.522004,-0.096013,0.100000,0.020000,1,0.473914
33.816231,15.140299,-0.140256,152.067368,-82.261719,-407.607178,1009.299316,-260.408203,15350.715820,0.662698,-0.672350,-0.329814,0.100000,0.020000,1,0.075868
32.308773,16.010630,-2.024925,-543.528076,313.862762,-491.350616,31779.566406,-18165.187500,29399.542969,0.825691,-0.493357,-0.273558,0.100000,0.020000,1,0.738324
33.973835,15.372584,0.493109,-142.193909,-260.980011,86.405762,7279.962402,13210.850586,-4104.460449,0.482903,-0.604787,0.633275,0.100000,0.020000,1,0.068252
33.930992,15.135523,0.322500,13.872567,10.621115,-823.938965,-374.806549,-155.875595,38926.523438,0.634366,-0.523184,-0.569085,0.100000,0.020000,1,0.220858
34.239338,14.896019,-1.020138,-92.285095,54.926609,-321.536346,-8065.947754,3077.830811,-13943.842773,0.722680,-0.505801,-0.471061,0.100000,0.020000,1,0.546463
35.105976,14.408075,1.015057,532.989136,-303.960449,759.267151,-29618.804688,17076.447266,-39978.578125,0.822831,-0.480261,0.303806,0.100000,0.020000,1,0.626467
34.464626,14.968942,0.810292,113.111328,-58.138687,57.178207,-6745.975586,3766.580322,-3592.900635,0.616188,-0.513265,0.597388,0.100000,0.020000,1,0.418484
33.180042,15.507603,1.271028,-53.697910,37.728004,500.281403,-2244.804443,-230.249390,20870.935547,0.717855,-0.487654,0.496867,0.100000,0.020000,1,0.675989
33.457626,15.347339,0.082484,379.500702,-214.115616,-459.208801,-8409.965820,4956.428223,32487.894531,0.767344,-0.502649,-0.398155,0.100000,0.020000,1,0.016666
33.742260,15.183005,-0.517440,7.067454,-0.906760,-290.464874,450.944153,-179.711731,15031.760742,0.810879,-0.456798,-0.365802,0.100000,0.020000,1,0.603103
34.797943,14.573506,0.689012,408.446655,-235.659470,870.683044,28961.935547,-16796.814453,58195.183594,0.898158,-0.429833,-0.092493,0.100000,0.020000,1,0.921856
35.272358,15.018694,0.346456,330.213745,-29.756638,66.359329,-19883.820312,1474.812012,-4017.157227,0.899530,-0.425568,0.098678,0.100000,0.020000,1,0.832030
33.919273,15.080809,0.214526,-329.763336,190.525833,-283.560913,-21318.208984,12271.211914,-17092.107422,0.905103,-0.424593,0.022551,0.100000,0.020000,1,0.865839
33.181160,15.506958,1.604053,-194.909454,112.630470,297.006592,7474.776855,-4043.623291,-19971.068359,0.800113,-0.435317,0.412697,0.100000,0.020000,1,0.576001
34.305550,14.857792,0.331404,-461.313629,266.401154,-659.540222,-28088.720703,16198.115234,-39627.710938,0.903486,-0.395885,-0.164278,0.100000,0.020000,1,0.548509
34.394058,15.762231,0.697595,135.599304,70.144363,7.706375,-7629.132812,-4375.819824,-583.473328,0.451951,-0.564456,0.690746,0.100000,0.020000,1,0.300329
33.992985,15.038252,2.822886,272.747284,-143.322952,832.425232,-13369.585938,8016.045410,-50936.027344,0.538575,-0.513816,-0.667780,0.100000,0.020000,1,0.820605
33.806526,15.145902,0.874812,-86.861252,50.151104,211.176834,5076.660156,-2856.276611,-12215.479492,0.875997,-0.382701,0.293547,0.100000,0.020000,1,0.830730
35.390491,14.231399,-1.797579,377.505737,-217.855850,-727.764648,-22450.371094,12998.415039,40634.570312,0.888014,-0.378559,-0.261007,0.100000,0.020000,1,0.862084
33.936783,15.461380,-0.426424,-26.985168,-319.514404,158.389496,1773.839600,14996.379883,-7911.861328,0.786631,-0.402607,-0.468103,0.100000,0.020000,1,0.661896
32.666607,15.804036,2.016564,-275.570526,159.101181,774.363892,3149.062500,-1822.751953,53432.417969,0.901418,-0.380602,0.206369,0.100000,0.020000,1,0.044674
33.914566,15.738386,-0.059241,19.806530,65.301422,-181.406952,651.573242,-3520.781250,11261.752930,0.506230,-0.508666,0.696412,0.100000,0.020000,1,0.041916
35.122238,14.453567,1.181080,271.336273,-150.419525,233.616760,-16316.133789,9502.824219,-13465.166016,0.697054,-0.421170,0.580286,0.100000,0.020000,1,0.885858
34.064514,15.068763,-0.914908,-12.507515,14.939812,-26.597588,749.485046,-444.567871,2397.691895,0.699946,-0.420685,-0.577148,0.100000,0.020000,1,0.253315
33.658894,15.231139,1.583519,-295.465210,190.879471,538.456848,16029.174805,-9447.604492,-32834.832031,0.609181,-0.448583,-0.653966,0.100000,0.020000,1,0.905806
33.440739,15.357089,0.281407,-86.852798,107.453415,29.669195,-9077.003906,-6361.994141,-10102.340820,0.780383,-0.361515,0.510205,0.100000,0.020000,1,0.694567
32.397602,15.968443,-1.700653,-267.633362,155.414581,-290.859497,18076.658203,-10385.765625,18239.597656,0.865836,-0.329324,-0.376662,0.100000,0.020000,1,0.239507
33.923561,15.078333,1.017531,-26.110514,15.501268,149.397827,1883.952759,-986.144104,-9284.592773,0.866406,-0.315665,0.386907,0.100000,0.020000,1,0.924312
32.757668,15.751461,1.449354,-559.863342,324.753113,22.545647,-22453.664062,12302.287109,-11711.077148,0.939168,-0.278547,0.200935,0.100000,0.020000,1,0.492616
34.622810,14.674620,-0.270023,-125.787117,81.273949,-257.513672,-8292.004883,490.495026,-17165.050781,0.944422,-0.279054,-0.173769,0.100000,0.020000,1,0.722237
33.545357,15.296688,3.563001,-203.484985,126.661911,1050.641479,-454.425781,-1912.242432,55714.410156,0.957272,-0.277046,-0.082917,0.100000,0.020000,1,0.087257
34.157681,15.074607,0.317285,-39.662289,-337.996826,-392.659515,1927.978394,16454.392578,19026.478516,0.955928,-0.274862,0.103210,0.100000,0.020000,1,0.977998
34.419453,15.136398,-0.024286,-525.793579,142.463852,-245.725586,25519.527344,-7751.167480,12357.294922,0.961401,-0.275147,0.001547,0.100000,0.020000,1,0.203046
34.514557,14.988588,0.191708,-201.204147,-814.671204,-463.867920,6659.311035,53949.875000,31243.986328,0.751246,-0.352919,-0.557743,0.100000,0.020000,1,0.307980
34.492851,14.749652,0.489786,-78.029106,45.206669,284.759705,50998.343750,14104.823242,-7475.123047,0.919132,-0.262554,0.293703,0.100000,0.020000,1,0.586198
34.088421,14.983151,-0.571308,-497.111725,297.034515,261.032135,10704.474609,-5983.713867,-14368.898438,0.658310,-0.391481,-0.642939,0.100000,0.020000,1,0.774785
34.251598,14.888941,-0.695691,169.240387,-97.464485,1076.394775,10921.446289,-6364.628418,66082.351562,0.933058,-0.234007,-0.273209,0.100000,0.020000,1,0.207619
34.381790,14.813772,0.498256,571.521179,-327.297272,-414.922485,-29107.564453,16950.621094,20639.583984,0.816170,-0.277619,0.506749,0.100000,0.020000,1,0.555217
34.317238,14.886822,-0.063963,-181.701889,-0.907054,384.897858,-10984.993164,-263.466187,25427.185547,0.901797,-0.222806,-0.370298,0.100000,0.020000,1,0.427115
34.889187,15.173165,0.743056,138.959381,117.449654,140.983978,10007.744141,184.565430,18825.996094,0.980960,-0.174490,-0.085268,0.100000,0.020000,1,0.682021
33.902332,16.335144,1.303581,-6.486504,308.543152,126.792969,-1469.433594,23923.281250,10833.095703,0.589786,-0.415166,0.692669,0.100000,0.020000,1,0.908119
33.897511,15.880699,0.289864,-153.428680,212.013489,545.169556,-11054.602539,17371.013672,34158.273438,0.901073,-0.194652,0.387528,0.100000,0.020000,1,0.075832
34.294231,14.864326,0.012362,-116.383499,67.863922,-197.934174,-7288.003906,4051.660400,-13211.365234,0.968931,-0.152203,0.194956,0.100000,0.020000,1,0.696880
34.827339,14.556537,-0.005817,150.764435,-86.159439,-160.180328,12858.208984,-7631.904297,8211.954102,0.982231,-0.153567,0.107889,0.100000,0.020000,1,0.858081
34.090580,14.981903,-0.211836,518.342590,-297.636566,196.414429,31761.103516,-18967.156250,12207.070312,0.973900,-0.143488,-0.175872,0.100000,0.020000,1,0.884861
34.342430,14.836497,-0.494057,-314.787964,182.726532,1258.652100,-19693.978516,11141.495117,77424.460938,0.990196,-0.139642,0.003545,0.100000,0.020000,1,0.786707
33.738503,15.380821,-0.293494,-257.577667,-261.366760,315.125580,12296.485352,15153.421875,-28189.787109,0.646015,-0.357753,0.674298,0.100000,0.020000,1,0.962784
35.368286,14.244221,-0.889517,211.743576,-121.488274,-575.671326,17812.349609,-10580.099609,-39025.539062,0.950410,-0.128884,-0.283037,0.100000,0.020000,1,0.960310
34.082859,15.055014,0.435845,106.372055,-60.677414,456.362854,-4906.610840,3005.455078,-22581.005859,0.779711,-0.237426,0.579379,0.100000,0.020000,1,0.687662
33.790039,15.155420,0.325772,-26.919308,25.651123,-21.866966,2553.187256,-1630.505127,-1164.358521,0.796783,-0.230300,-0.558658,0.100000,0.020000,1,0.490036
32.493977,15.913937,0.049349,-498.656769,291.001343,198.386475,-17142.222656,9799.414062,5896.769043,0.841144,-0.237942,-0.485655,0.100000,0.020000,1,0.010206
33.973747,15.067678,-0.642983,393.285248,-221.511230,1018.441528,23645.888672,-13485.067383,63373.523438,0.865340,-0.174390,-0.469866,0.100000,0.020000,1,0.881961
32.343216,15.998506,0.457709,-397.939392,232.101868,-25.894669,-33213.761719,19020.111328,-1625.517944,0.850425,-0.151723,0.503743,0.100000,0.020000,1,0.468611
34.026966,15.036448,-0.283373,370.544312,-218.237823,-83.546463,22178.744141,-13059.582031,-5019.420898,0.921516,-0.077259,-0.380577,0.100000,0.020000,1,0.434588
34.456871,14.770423,0.147544,-119.857330,70.571327,21.456181,5561.395508,-3227.365967,-9402.816406,0.917038,-0.069105,0.392767,0.100000,0.020000,1,0.814644
34.496254,16.425341,0.814833,158.332901,362.713867,213.441162,-10298.058594,-17179.289062,-12909.380859,0.999856,-0.016939,0.000776,0.100000,0.020000,1,0.381472
34.078239,14.989028,1.103647,-80.391106,47.261707,369.579224,759.001465,-633.218018,10895.749023,0.996195,-0.008087,-0.086779,0.100000,0.020000,1,0.307322
34.011662,15.071124,-0.574845,286.205780,-162.975983,1682.632568,-13520.016602,7886.555176,-83945.507812,0.819203,-0.138729,-0.556472,0.100000,0.020000,1,0.949082
35.432190,14.207323,1.830268,360.399353,-207.593094,658.143616,-21010.933594,12239.837891,-38996.175781,0.888513,-0.073571,-0.452915,0.100000,0.020000,1,0.800907
34.539822,14.722531,-0.126016,-191.776474,113.274498,316.396851,-12030.787109,5864.944336,19149.603516,0.993876,-0.003219,0.110457,0.100000,0.020000,1,0.311574
34.119633,15.617916,2.107040,-73.377670,221.023743,477.577637,4328.901367,-13302.689453,-29073.914062,0.976262,0.001464,0.216589,0.100000,0.020000,1,0.272213
34.439213,15.140059,-0.342320,55.926689,-358.901367,332.791321,-10603.910156,26768.990234,-26568.464844,0.983805,0.004404,-0.179191,0.100000,0.020000,1,0.640329
34.210445,15.110981,-0.523580,55.216652,7.525404,-11.432192,-2668.184326,-319.526855,336.670441,0.688582,-0.266041,-0.674594,0.100000,0.020000,1,0.488612
34.145897,15.339486,0.714801,-1.365020,16.004086,14.931229,493.318176,-1994.776001,-1954.389282,0.685192,-0.257986,0.681142,0.100000,0.020000,1,0.169823
34.360035,14.826335,0.360497,79.086502,-45.461269,-181.893234,4849.584961,-2846.345703,-11116.871094,0.953940,0.018179,0.299446,0.100000,0.020000,1,0.919774
34.000824,15.033726,-0.918294,78.761337,-26.804310,-449.080109,-3337.091553,1544.588379,26509.818359,0.721282,-0.278232,0.634303,0.100000,0.020000,1,0.070690
35.075527,14.736915,1.714209,206.212524,-73.778076,382.753479,-12326.919922,4337.723145,-22362.009766,0.804397,-0.108776,0.584049,0.100000,0.020000,1,0.265771
33.067081,15.572821,-0.448497,-243.352600,173.157593,-154.731277,-23835.457031,6847.443359,-11835.776367,0.866657,-0.044612,0.496905,0.100000,0.020000,1,0.390333
34.958080,14.773939,-1.222209,177.989990,-70.374779,-203.480652,-10391.654297,3623.057617,12618.285156,0.933284,0.037964,-0.357128,0.100000,0.020000,1,0.311895
33.880886,15.102969,-0.325750,82.355377,-47.073544,637.263000,2908.487793,-1864.295898,39935.101562,0.960202,0.040604,-0.276339,0.100000,0.020000,1,0.582835
34.513176,14.745503,-0.061751,-307.538452,179.855988,47.211037,13571.263672,-6470.019043,-12814.802734,0.991618,0.098443,-0.083681,0.100000,0.020000,1,0.223492
35.030659,14.439150,2.146650,-106.658295,62.219158,997.658447,-10810.394531,6095.928711,39246.343750,0.994784,0.100230,0.018958,0.100000,0.020000,1,0.394497
33.096191,15.880530,0.676707,-442.531403,281.866608,140.946228,25785.951172,-17188.238281,-8610.279297,0.988443,0.101636,0.112469,0.100000,0.020000,1,0.252728
34.654034,14.656594,0.057683,-375.971588,224.545975,-97.217705,-24704.427734,10432.208984,-7268.503418,0.940703,-0.026918,0.338163,0.100000,0.020000,1,0.073003
34.284306,14.870056,0.648662,79.290764,-42.447140,-383.921021,-16045.800781,9184.541016,27093.037109,0.918137,0.051811,0.392861,0.100000,0.020000,1,0.872085
32.826073,15.773532,-1.676687,-219.671906,145.483643,-290.751465,15039.016602,-9221.928711,17463.355469,0.730527,-0.159992,-0.663877,0.100000,0.020000,1,0.534949
34.941967,14.490355,-0.298084,-1502.897461,867.990479,589.995117,-92997.414062,53627.675781,36640.054688,0.976353,0.134612,-0.169158,0.100000,0.020000,1,0.138238
37.194313,13.189961,4.118422,864.256592,-469.987152,1033.166626,46822.746094,-32890.343750,35959.734375,0.966387,0.144415,0.212696,0.100000,0.020000,1,0.997145
33.812469,15.145751,-0.404728,-186.943634,108.926125,131.996033,-6040.092773,3234.206543,6505.833984,0.823992,-0.011774,-0.566479,0.100000,0.020000,1,0.258529
35.085793,14.727437,-0.664932,157.515289,-36.245766,-21.292572,12606.121094,-2791.135742,-2347.222900,0.880653,0.061134,-0.469802,0.100000,0.020000,1,0.090922
34.487770,15.077724,0.473066,-4.666806,-85.697418,-31.075699,-164.107742,-4452.015625,-1786.733154,0.876282,0.068878,0.476849,0.100000,0.020000,1,0.846603
34.229332,14.906491,0.651298,132.239059,-74.924942,-860.327454,7234.152344,-4147.005371,-52753.199219,0.939938,0.143540,0.309697,0.100000,0.020000,1,0.417684
34.400105,14.803201,-0.529326,-37.429695,74.829437,7.482316,-9190.428711,-5326.095703,1997.838013,0.948671,0.155197,-0.275568,0.100000,0.020000,1,0.147064
34.011250,15.208292,1.169039,-276.573730,-229.922791,160.403870,14700.352539,11118.298828,-9515.156250,0.712897,-0.152046,0.684587,0.100000,0.020000,1,0.919739
34.122864,15.051633,0.846995,-131.186020,-35.735611,-123.772942,7355.765625,1480.124878,5345.800293,0.804901,-0.011230,0.593302,0.100000,0.020000,1,0.733145
34.584690,14.957391,-0.419935,14.254478,-255.148666,144.304443,17222.031250,10708.958984,5759.010254,0.921047,0.152676,-0.358276,0.100000,0.020000,1,0.962179
34.429859,14.786020,0.373509,35.726028,-20.532940,-226.274384,1681.143433,-1029.290527,-13176.358398,0.965113,0.233299,0.118867,0.100000,0.020000,1,0.559399
33.913570,15.129499,1.628436,-67.071671,52.480865,321.832611,4613.004395,-2917.503174,-18877.947266,0.739743,-0.086196,0.667346,0.100000,0.020000,1,0.907781
34.709805,15.115321,0.386502,-457.430847,-247.519684,-119.772110,22406.816406,11493.661133,5927.724121,0.898528,0.175374,0.402358,0.100000,0.020000,1,0.500161
32.731277,15.774016,-1.050451,-538.011414,312.838745,-433.902527,31933.292969,-18499.826172,25063.509766,0.945713,0.249366,0.208429,0.100000,0.020000,1,0.492278
33.583382,15.274734,0.329450,-479.084564,276.932129,-359.267120,26679.718750,-15358.160156,16601.115234,0.948176,0.254053,-0.190841,0.100000,0.020000,1,0.888154
34.480064,14.811855,-0.642314,41.123116,-21.220108,333.978333,-717.195557,2355.969727,-17312.412109,0.829457,0.094554,-0.550508,0.100000,0.020000,1,0.584632
34.986687,14.464536,-0.875407,117.987152,-34.997513,-253.008301,5242.620117,-7086.451660,-8032.194336,0.962304,0.270621,0.027099,0.100000,0.020000,1,0.299563
34.817387,15.050130,-0.227361,-342.521362,130.733948,15.775776,16544.857422,-7398.576660,-828.173767,0.926468,0.264862,-0.267404,0.100000,0.020000,1,0.791796
34.661266,15.356218,0.482026,9.565361,101.543922,18.727966,3091.575195,765.959473,3189.924805,0.854535,0.178879,0.487619,0.100000,0.020000,1,0.408056
34.635902,15.257928,-0.301300,159.844391,1.555405,-113.255219,10136.535156,2266.402832,-9538.572266,0.910986,0.283887,0.299188,0.100000,0.020000,1,0.455693
34.684563,14.977878,-0.734534,-32.714497,37.123741,153.601562,-1130.008667,2412.295410,9069.031250,0.762578,0.023507,-0.646469,0.100000,0.020000,1,0.475249
34.473770,14.938909,-0.316745,59.274750,-142.115295,32.335442,3305.002441,-8427.108398,2464.789551,0.862165,0.207084,-0.462372,0.100000,0.020000,1,0.422577
32.408272,16.090866,-1.216200,-677.307556,340.040680,-499.595154,-20634.568359,12357.259766,-9442.744141,0.878449,0.270084,0.394185,0.100000,0.020000,1,0.507635
34.497864,14.764708,0.100070,212.029709,-121.320328,98.028732,12565.612305,-7353.225586,6521.727539,0.927533,0.373077,0.022255,0.100000,0.020000,1,0.930416
34.233669,15.984511,-1.063139,-130.827423,368.006042,-219.392639,1362.620117,21195.619141,-19432.126953,0.948668,0.304971,-0.083800,0.100000,0.020000,1,0.061935
34.691105,15.366966,-0.314900,-6.768568,59.650043,43.310089,-736.383179,1872.572021,5793.142090,0.903980,0.369808,0.214620,0.100000,0.020000,1,0.934668
33.576180,15.301924,0.895747,-186.021271,103.582855,361.083008,-16470.402344,9066.414062,26113.871094,0.916225,0.384849,0.111459,0.100000,0.020000,1,0.300987
34.511761,14.758178,-0.061944,-611.280945,358.815460,-981.758057,-39407.144531,22919.804688,-61971.800781,0.919436,0.387343,-0.067836,0.100000,0.020000,1,0.429677
34.014320,17.935490,2.222306,9.559998,861.431030,621.786865,-21490.144531,38232.078125,28372.769531,0.793110,0.130544,0.594925,0.100000,0.020000,1,0.203295
34.697937,14.836417,-0.171964,-154.579956,16.009445,-35.329292,-9620.270508,1320.917847,-1514.132568,0.870267,0.313939,-0.379576,0.100000,0.020000,1,0.257746
35.387894,15.079652,-0.536560,167.077087,17.213905,-31.095070,13819.456055,2008.446167,-2086.848145,0.800801,0.211164,-0.560471,0.100000,0.020000,1,0.450835
34.672710,14.914807,-0.573424,86.595551,-122.807884,171.221954,5438.163086,-7260.697754,10163.143555,0.829131,0.312540,-0.463530,0.100000,0.020000,1,0.601857
34.842644,14.583481,-0.534331,-316.181152,183.422791,473.948883,-19497.876953,10981.617188,28716.246094,0.876285,0.396719,-0.273384,0.100000,0.020000,1,0.381009
34.825829,15.345388,-1.290847,128.196716,60.144562,-134.320129,10051.698242,4799.362305,-11104.161133,0.665477,-0.143055,-0.732581,0.100000,0.020000,1,0.995348
34.434151,14.855925,-0.582258,-414.702820,240.214294,3.077223,21056.777344,-11809.820312,-157.108002,0.753356,0.127396,-0.645155,0.100000,0.020000,1,0.626769
34.870159,14.599876,0.492427,-383.518982,220.691010,-59.664391,18494.296875,-10302.102539,3071.902100,0.783914,0.220281,0.580478,0.100000,0.020000,1,0.939331
33.190609,15.555497,1.131235,-169.892883,114.449387,182.993591,12548.311523,-7737.086426,-11002.214844,0.811076,0.307964,0.497307,0.100000,0.020000,1,0.745263
34.380066,14.814769,-0.411496,130.949921,-75.588997,471.641663,6741.831055,-4527.187988,29431.220703,0.842916,0.395256,-0.365056,0.100000,0.020000,1,0.292979
31.846729,16.277391,-1.500449,-553.244812,325.601715,-569.003601,-13522.457031,3976.972412,-17155.212891,0.835654,0.392745,0.383972,0.100000,0.020000,1,0.853169
34.643894,14.811007,0.395885,488.638184,-324.326294,-439.789551,-24351.664062,21793.150391,33168.007812,0.856996,0.411029,0.310826,0.100000,0.020000,1,0.163969
35.073826,14.414227,0.068643,-1202.229248,698.574829,-448.722595,-75877.484375,41068.156250,-27435.134766,0.886457,0.426155,-0.180516,0.100000,0.020000,1,0.297232
35.103645,14.443575,-0.211658,76.688782,-30.166458,46.357437,-4647.643555,2228.481445,-2172.115723,0.862080,0.475734,-0.174629,0.100000,0.020000,1,0.928084
34.699402,14.673934,-1.288076,21.302185,-18.718420,-341.283752,873.269043,-1293.016846,-27338.384766,0.866584,0.486888,0.109416,0.100000,0.020000,1,0.624314
33.429733,15.395246,2.558816,-178.904907,112.927994,766.463501,-13808.720703,8155.949219,36420.910156,0.868812,0.494610,0.022946,0.100000,0.020000,1,0.383909
34.470303,15.560040,-1.194616,53.039734,197.879257,-356.609436,-3221.957031,8386.758789,-15321.923828,0.721964,-0.071104,-0.688268,0.100000,0.020000,1,0.007875
40.973011,11.557270,1.923298,1986.765259,-980.713440,730.840576,49830.746094,-23930.988281,4191.907715,0.855061,0.511959,-0.082270,0.100000,0.020000,1,0.885947
35.703171,14.378964,2.293609,391.791412,-198.706512,450.973358,10978.496094,-4356.508301,18759.675781,0.719823,0.038996,0.693062,0.100000,0.020000,1,0.228332
34.974491,14.704794,0.296386,18.961060,-16.167130,14.648746,1783.837036,-1072.841553,1383.715210,0.840396,0.501190,0.206260,0.100000,0.020000,1,0.019869
36.226303,15.913332,2.296399,375.956390,204.482925,706.631592,10516.088867,4297.655762,23570.009766,0.820036,0.495519,0.286359,0.100000,0.020000,1,0.761509
34.900955,15.074996,-0.600195,55.870163,6.746624,-24.746735,4365.622559,1336.726318,-1908.691284,0.760720,0.306891,-0.571947,0.100000,0.020000,1,0.671754
34.682285,14.992660,-0.662078,-16.439587,0.263540,-41.866730,-1434.681396,827.533752,-3649.617676,0.784725,0.409110,-0.465657,0.100000,0.020000,1,0.783913
33.732166,15.937932,-1.531099,-347.101196,279.336914,-382.982666,-15629.871094,17101.640625,-18266.410156,0.814311,0.513471,-0.270638,0.100000,0.020000,1,0.230556
35.775444,15.417002,-0.475081,248.334412,110.877350,-196.979370,19793.460938,9502.102539,-16314.976562,0.759985,0.413147,0.501730,0.100000,0.020000,1,0.786048
35.550869,14.714199,0.225791,220.810547,4.372216,18.003761,16511.205078,243.002258,1619.700073,0.791192,0.599318,0.121791,0.100000,0.020000,1,0.216303
34.624237,15.129032,-0.684782,1.801890,-166.745178,142.638489,42.640198,-9640.233398,8598.044922,0.726872,0.221903,-0.649935,0.100000,0.020000,1,0.407220
34.717815,14.810600,0.584603,6.855061,-7.318319,36.903084,415.285736,-727.597595,2510.971191,0.734111,0.320980,0.598375,0.100000,0.020000,1,0.556303
35.636177,15.541639,0.041691,162.928223,151.846924,39.763802,13172.376953,12960.232422,3384.867188,0.775088,0.604036,-0.185414,0.100000,0.020000,1,0.237531
35.034286,14.878159,0.105004,-545.567688,267.496948,165.595337,-34067.214844,17475.949219,10138.753906,0.771972,0.603661,0.199128,0.100000,0.020000,1,0.880520
34.857624,15.178660,0.090816,200.710846,-474.087463,-183.188385,12239.068359,-28024.953125,-10899.997070,0.778041,0.623719,-0.075009,0.100000,0.020000,1,0.890645
36.047462,14.619829,0.804184,422.102966,-200.473511,182.126602,12344.500977,-9417.115234,8849.267578,0.705731,0.134439,0.695608,0.100000,0.020000,1,0.305204
35.183392,15.327715,-0.628125,-152.656799,15.439842,141.576843,-8040.898926,2994.654785,8375.793945,0.728616,0.413249,-0.546209,0.100000,0.020000,1,0.834378
35.019814,15.933951,1.065633,86.041901,307.231201,295.198486,2784.723389,14232.742188,8120.415039,0.750871,0.525758,0.399715,0.100000,0.020000,1,0.190376
36.094715,13.824815,-1.588430,366.019653,-179.928711,-465.425385,17721.294922,-17481.755859,-35429.574219,0.745483,0.593881,0.302591,0.100000,0.020000,1,0.946341
34.928799,14.654062,0.008359,-43.004517,21.251453,56.845322,3949.991699,16124.040039,-7363.778320,0.778459,0.627613,0.010169,0.100000,0.020000,1,0.136601
34.624252,14.673789,3.949192,76.968010,-0.032654,957.333679,-1662.569580,-6592.345215,32643.501953,0.695105,0.229570,0.681269,0.100000,0.020000,1,0.301574
33.968246,15.222665,-0.986124,-164.971008,113.685120,-140.717377,10976.659180,-6937.683105,9038.776367,0.735765,0.618639,-0.275564,0.100000,0.020000,1,0.299101
34.340122,15.100863,0.509452,31.740904,31.435127,-56.423836,-26.601936,2964.509766,-3611.804443,0.696182,0.427571,0.576640,0.100000,0.020000,1,0.555449
34.403687,15.078670,0.458758,-86.513290,39.356712,-81.307404,-2484.167969,1076.183838,-3504.009277,0.697427,0.511042,0.502426,0.100000,0.020000,1,0.239542
34.960640,14.657203,-2.883442,34.040054,-15.609909,-689.924683,2380.582275,-1601.958496,-54134.109375,0.739216,0.547505,-0.392171,0.100000,0.020000,1,0.034567
34.686222,15.068265,0.782610,-76.775055,12.863167,242.680237,-6355.792969,2089.137451,19217.304688,0.701465,0.693019,-0.166349,0.100000,0.020000,1,0.020759
35.033978,14.627497,-0.164779,-149.096832,82.593430,44.315910,-9521.950195,4675.307617,2369.893066,0.702070,0.708745,-0.069125,0.100000,0.020000,1,0.801263
34.398232,15.676250,-0.757856,147.315521,36.183304,-31.200928,10394.158203,-6498.504883,4903.906738,0.702670,0.711471,0.008034,0.100000,0.020000,1,0.595647
35.151234,15.049644,0.691578,36.509460,-0.976967,70.922470,2960.204590,943.258118,5877.804199,0.678700,0.619796,0.393979,0.100000,0.020000,1,0.638318
34.411743,15.930139,1.106107,-161.637207,247.102402,319.843842,-14456.064453,14221.963867,15539.958984,0.697512,0.708586,0.106691,0.100000,0.020000,1,0.079729
35.196014,14.458714,-0.052841,91.743851,-34.008507,-114.823761,6347.511230,-3571.978027,-8593.039062,0.657848,0.691888,0.297536,0.100000,0.020000,1,0.712913
34.535492,14.827321,-1.070290,-95.256500,85.992172,-137.948242,-3968.893555,3103.444092,-25515.996094,0.661632,0.700482,-0.267524,0.100000,0.020000,1,0.475605
35.349205,14.536370,-0.445463,85.633369,-155.837997,-153.728668,-2188.211426,-4959.394531,-17690.271484,0.663694,0.721076,0.198895,0.100000,0.020000,1,0.605451
34.618660,14.736369,-0.484396,-9.758347,23.619682,35.385326,-1167.351807,714.880310,2710.312012,0.673993,0.328297,-0.661781,0.100000,0.020000,1,0.148808
34.989059,14.925447,-0.441076,-175.665527,41.807121,143.122192,-10787.557617,2865.875000,9294.055664,0.651213,0.515929,-0.556543,0.100000,0.020000,1,0.877939
34.957912,15.114565,1.183677,29.638542,138.876984,368.808167,2431.237061,3350.551758,30089.730469,0.676988,0.633733,-0.374258,0.100000,0.020000,1,0.219399
34.944565,14.780065,-0.471475,88.197968,-37.143494,-51.477371,5338.300293,-2602.989990,-3476.436523,0.644017,0.610331,-0.461236,0.100000,0.020000,1,0.721436
35.134102,15.278962,0.625842,132.363983,191.207550,25.981709,8014.466309,3332.512939,-221.202271,0.648536,0.325622,0.688020,0.100000,0.020000,1,0.206640
35.214520,14.493204,-1.158802,314.827209,-170.454071,-392.574158,-16754.451172,9668.107422,21205.197266,0.641203,0.422541,-0.640561,0.100000,0.020000,1,0.751901
34.948853,14.879697,0.709826,-484.775085,115.936157,-281.088623,24165.083984,-5780.365234,13546.624023,0.634865,0.513083,0.577660,0.100000,0.020000,1,0.878776
35.143585,15.082773,0.009268,54.130455,-65.011673,319.753845,20136.308594,7629.991211,-20854.412109,0.607111,0.787566,0.105620,0.100000,0.020000,1,0.699478
35.382748,14.235870,0.890877,208.658264,-1.824188,203.026901,-4569.200195,-22472.853516,11170.189453,0.605835,0.792363,-0.071595,0.100000,0.020000,1,0.994423
36.132641,14.645441,3.073939,206.041016,-181.309784,965.555420,4474.843262,-6110.410156,29929.837891,0.606235,0.795284,0.001628,0.100000,0.020000,1,0.165428
34.809059,15.066351,0.619132,-91.984497,-5.072131,-40.727432,-5872.052734,236.011597,-2505.128174,0.630207,0.397008,0.667251,0.100000,0.020000,1,0.809733
34.674992,14.917851,0.141123,-421.042908,-242.733459,-69.966309,-28342.896484,-15055.524414,-5338.895020,0.588527,0.702498,0.400164,0.100000,0.020000,1,0.210875
34.731255,14.648239,-0.016193,78.365868,-34.265385,260.806549,3101.233643,-2925.101074,15593.573242,0.578819,0.787426,0.211964,0.100000,0.020000,1,0.358143
36.194794,14.946095,-2.260247,386.324432,-271.082520,-714.952148,-22309.527344,13364.783203,40788.710938,0.568695,0.689108,-0.449128,0.100000,0.020000,1,0.726134
35.051636,14.593193,-0.388212,-139.182266,81.110550,212.992035,7316.631836,-3354.246338,-10254.965820,0.553707,0.788329,-0.268228,0.100000,0.020000,1,0.538598
33.869473,15.188248,0.268106,-384.280762,-279.946625,49.346718,22309.759766,13241.226562,-4595.012207,0.573129,0.589367,-0.569359,0.100000,0.020000,1,0.871533
36.137096,13.800347,-1.258896,598.952637,-319.140198,-257.894348,17545.339844,-16842.964844,-4633.077637,0.569622,0.722867,-0.391145,0.100000,0.020000,1,0.229648
35.474548,14.586683,-0.979777,82.159393,-161.688187,-223.568726,6330.128418,-11263.800781,-17536.119141,0.557396,0.811090,-0.177321,0.100000,0.020000,1,0.449269
35.013546,14.878206,0.552592,-163.866516,-123.820343,-45.587982,-11026.550781,-7875.211914,-2031.223633,0.515632,0.764382,0.387095,0.100000,0.020000,1,0.667145
34.826607,15.197144,-0.938377,-11.869736,171.418518,-139.633865,-7107.282227,8198.424805,-9391.342773,0.510524,0.774977,-0.372526,0.100000,0.020000,1,0.974012
34.798237,14.645403,-0.396690,171.884384,-77.399399,567.498535,8894.941406,-5826.067871,34504.785156,0.498302,0.862279,-0.090386,0.100000,0.020000,1,0.591963
36.077427,14.846124,-0.514138,223.416748,-82.580917,-185.695679,17458.595703,-5348.292969,-14277.342773,0.486575,0.866958,0.107836,0.100000,0.020000,1,0.313674
35.584702,15.280414,0.102872,63.367722,42.748428,26.293175,5281.840332,4394.070312,2078.622314,0.488911,0.872329,0.002889,0.100000,0.020000,1,0.951431
34.367252,15.527297,-1.650610,-128.657288,122.629669,-269.316772,-10487.346680,10158.274414,-21417.724609,0.567013,0.498027,-0.656099,0.100000,0.020000,1,0.947836
34.748577,16.097801,-0.170927,-105.644318,187.508972,-143.053452,-7837.718262,16727.162109,-11945.711914,0.546504,0.601591,0.582599,0.100000,0.020000,1,0.362805
34.074421,15.169401,0.780735,-81.131775,83.319717,-287.807312,-10105.557617,6409.188477,-15727.103516,0.474206,0.853048,0.217803,0.100000,0.020000,1,0.670366
35.477512,15.077753,0.102585,43.929382,-11.642288,38.177155,4967.597168,-824.109253,1482.436890,0.469332,0.867744,-0.163548,0.100000,0.020000,1,0.620221
35.068081,15.266913,1.113652,71.379639,33.837837,156.675140,4607.841309,3699.218018,12575.029297,0.574028,0.631853,0.520820,0.100000,0.020000,1,0.144608
35.502972,15.181114,-1.215601,114.937790,2.499584,-217.359680,8967.229492,1179.838745,-16719.222656,0.508794,0.661844,-0.550537,0.100000,0.020000,1,0.909542
35.219723,15.287395,-0.295680,-38.088409,-933.532776,-97.857544,140.969482,42307.027344,22236.050781,0.471896,0.751940,-0.460326,0.100000,0.020000,1,0.608992
36.541130,13.567078,-1.770461,493.021362,-253.203049,-391.308472,12046.106445,-13619.127930,-15594.817383,0.441853,0.851063,-0.283652,0.100000,0.020000,1,0.964332
37.097328,15.292952,-1.259060,669.777832,144.792892,-227.833237,-39332.269531,-8400.986328,13501.002930,0.642981,0.548796,-0.534227,0.100000,0.020000,1,0.107240
34.840378,15.258253,0.351654,-200.189667,-58.783005,60.520828,10779.421875,2036.019897,-2732.264893,0.506228,0.696512,0.508530,0.100000,0.020000,1,0.149306
35.433723,15.159346,0.350323,-722.635315,-167.653778,-225.174500,-45017.816406,-9659.838867,-13875.494141,0.419608,0.857387,0.298021,0.100000,0.020000,1,0.921874
34.589291,14.938071,0.839234,-3.408646,29.526741,17.337830,-1623.890381,1731.625000,2021.216553,0.549357,0.481728,0.682748,0.100000,0.020000,1,0.146940
34.321384,15.353775,-0.115390,-200.091080,63.069344,161.741486,-8318.513672,3121.383301,7262.813965,0.509757,0.567057,-0.646989,0.100000,0.020000,1,0.545377
35.082039,15.333470,0.249210,11.043928,-305.913025,297.485413,640.372009,-17781.568359,17583.964844,0.476680,0.650419,0.591381,0.100000,0.020000,1,0.782987
35.839058,15.241015,-0.125179,99.026611,-8.090778,-22.128845,8227.018555,689.054626,-1613.738281,0.371412,0.924927,-0.081012,0.100000,0.020000,1,0.893082
34.502491,15.940810,0.793148,-228.474243,196.057800,240.499252,-18242.970703,21359.912109,9504.746094,0.365122,0.924639,0.108301,0.100000,0.020000,1,0.501282
35.190678,15.080827,-0.104594,47.325615,-112.580399,-217.181595,2574.249268,-6624.793457,-12766.344727,0.393519,0.843753,-0.364998,0.100000,0.020000,1,0.325098
35.177708,14.933937,0.557273,-6.422350,-132.995346,65.584473,-861.102905,-8604.123047,4935.822266,0.376473,0.832937,0.405566,0.100000,0.020000,1,0.871409
34.874592,15.192986,0.059859,137.526306,-56.563522,-39.720860,-5583.346680,2260.260742,1151.179199,0.348487,0.896474,-0.273663,0.100000,0.020000,1,0.431705
35.328369,15.174701,-0.167702,-14.033939,56.476471,-24.261253,744.023376,-3615.114014,1786.875732,0.343874,0.921774,-0.179119,0.100000,0.020000,1,0.414552
35.176167,15.155952,0.517841,26.022255,-146.775391,-118.054413,-2975.998535,3596.736572,7551.614746,0.415997,0.752162,0.511076,0.100000,0.020000,1,0.079356
35.616089,14.101151,0.331363,213.882065,-70.804283,21.970383,719.859375,-10597.051758,2096.208740,0.326046,0.922483,0.206685,0.100000,0.020000,1,0.553224
35.340519,15.160440,0.391261,-343.570984,93.444366,197.251678,-21830.552734,6478.779785,12935.871094,0.300428,0.903975,0.304257,0.100000,0.020000,1,0.228545
34.827030,14.593066,1.077406,328.164307,-236.287201,401.368103,16815.888672,-12729.420898,9378.586914,0.426981,0.633786,-0.644982,0.100000,0.020000,1,0.129038
34.681839,15.811495,-0.277186,-132.245056,105.386658,15.277664,-11165.201172,9898.557617,1215.285278,0.295743,0.879477,-0.372903,0.100000,0.020000,1,0.041702
34.378391,15.309519,-0.462698,-270.457733,91.475433,-81.498177,-8197.178711,2673.132324,-4299.379395,0.305023,0.952338,0.003575,0.100000,0.020000,1,0.139039
36.165199,15.764265,-0.889967,234.562378,-79.996613,-424.626404,5966.004883,-8136.401367,-16239.787109,0.238707,0.970967,0.015567,0.100000,0.020000,1,0.298887
35.220303,15.224942,0.437143,-6.006763,2.998682,63.799149,-1343.641602,915.673279,5484.536133,0.237570,0.966442,0.097721,0.100000,0.020000,1,0.248422
36.785336,14.647922,1.221843,499.319061,-182.391129,431.341064,15954.254883,-3599.439697,12379.083984,0.237229,0.968722,-0.072801,0.100000,0.020000,1,0.230289
35.243561,14.804477,0.825376,44.234200,-5.353764,53.138824,2595.283936,-1332.734985,4944.671387,0.316727,0.811050,0.491815,0.100000,0.020000,1,0.233652
36.708748,14.055917,-0.516531,385.846954,-394.839172,-245.800201,14415.191406,-10012.175781,-8547.639648,0.269200,0.879341,0.392798,0.100000,0.020000,1,0.468949
36.911106,15.626479,0.890544,454.781158,86.396835,202.847519,14981.271484,3756.105469,7969.801758,0.217824,0.952161,0.214343,0.100000,0.020000,1,0.317020
34.360687,15.205873,0.485955,-61.691986,-560.197754,-141.043518,-6967.875000,-34649.488281,-9398.600586,0.408967,0.621118,0.668549,0.100000,0.020000,1,0.175766
34.504349,16.493423,-2.075612,-164.140884,365.571594,-513.157410,-7447.980957,12270.624023,1126.757324,0.367648,0.730509,-0.575492,0.100000,0.020000,1,0.249525
35.090298,15.308659,0.167924,620.761169,-520.606750,160.583511,37741.167969,-31942.792969,9739.020508,0.207028,0.934127,0.290767,0.100000,0.020000,1,0.950701
35.831726,15.068687,0.574270,118.520447,-64.666275,34.935875,9526.326172,-4178.229492,2779.755615,0.245135,0.840623,0.482971,0.100000,0.020000,1,0.964136
36.114052,14.526807,0.620090,214.079376,-243.165619,292.948059,8363.481445,-10167.968750,-10661.583984,0.179985,0.942917,-0.280200,0.100000,0.020000,1,0.322892
35.727318,15.619411,0.028679,59.804092,40.208221,-7.233095,4695.146484,4572.412109,-716.028137,0.132097,0.986142,0.100369,0.100000,0.020000,1,0.862618
35.489761,15.064866,0.249871,47.915649,7.866402,63.443436,2930.237793,214.476730,4993.923340,0.130022,0.991405,0.014519,0.100000,0.020000,1,0.455959
35.460526,14.737293,0.148711,185.134766,-144.275879,-120.332870,13501.531250,-10286.485352,-9592.425781,0.455983,0.558624,0.692834,0.100000,0.020000,1,0.304012
34.614037,15.016895,0.393376,462.344238,-194.998627,-231.829376,26466.486328,-12623.195312,-15193.143555,0.279083,0.762934,0.583132,0.100000,0.020000,1,0.446297
35.342438,15.348514,-0.470583,-60.056267,-32.061039,21.296795,-3825.445801,-980.501343,1188.708008,0.234377,0.845838,-0.479192,0.100000,0.020000,1,0.266750
35.277771,14.999226,-0.518506,-15.833843,-65.931229,-51.755394,-1660.518188,-4717.145020,-4047.320557,0.163835,0.915749,-0.366826,0.100000,0.020000,1,0.390013
34.914742,15.333229,-0.728758,-656.627380,41.211716,-114.717743,-41494.726562,3918.501221,-7517.893066,0.501477,0.460261,-0.732585,0.100000,0.020000,1,0.696328
35.008759,15.111574,-0.416058,-15.663452,81.731232,-53.031433,-1734.573730,5288.272461,-2647.651367,0.324459,0.691683,-0.645214,0.100000,0.020000,1,0.275007
34.802025,15.384069,1.716783,-144.446884,45.812668,369.701599,-11166.933594,4655.886719,29181.255859,0.395928,0.848288,0.351637,0.100000,0.020000,1,0.027912
35.538750,15.481037,-0.076075,-267.149780,-154.837662,142.910385,-16820.626953,-8464.890625,9046.264648,0.087553,0.992003,-0.090910,0.100000,0.020000,1,0.124251
35.326168,15.581494,-0.763717,-24.710968,23.640381,-151.432190,-2364.790771,3187.285645,-12042.003906,0.083998,0.978695,-0.187349,0.100000,0.020000,1,0.277124
36.417774,16.135828,0.897064,286.610840,185.474472,228.495605,8162.832031,5715.845215,7029.606445,0.081704,0.974294,0.209942,0.100000,0.020000,1,0.213758
34.204319,15.306358,1.123759,-130.834229,109.099121,101.794464,-12341.297852,7768.956055,8612.762695,0.312624,0.679426,0.663812,0.100000,0.020000,1,0.972873
34.849888,15.112654,-0.304289,-92.732681,-43.387123,90.489746,-7671.193848,-2685.506592,6587.095703,0.262306,0.780049,-0.568083,0.100000,0.020000,1,0.118504
36.202728,14.949322,0.468908,225.269531,-83.930588,-37.595570,17141.042969,-6320.300781,-1493.154175,0.072719,0.955563,0.285675,0.100000,0.020000,1,0.581553
35.522884,14.713841,0.048827,112.797791,-56.516434,12.453171,7165.068359,-5589.764160,1987.186768,0.065212,0.962361,-0.263834,0.100000,0.020000,1,0.648995
35.050625,15.310026,0.626469,57.608192,-53.160591,-47.976456,3011.018066,-2351.215088,-2764.836914,0.329574,0.709394,0.623010,0.100000,0.020000,1,0.012235
34.261333,15.289046,-0.274796,-173.251709,-14.981705,161.464249,-2905.118164,-214.175476,8176.267578,0.277966,0.819793,-0.500673,0.100000,0.020000,1,0.065262
35.698868,16.100229,0.778307,114.034668,169.522919,50.978592,8739.165039,14630.451172,4303.043945,0.183042,0.798519,0.573466,0.100000,0.020000,1,0.780728
34.948273,15.505587,-0.214401,-153.268295,112.625427,324.049530,-11299.095703,8557.977539,21688.953125,0.180894,0.805868,-0.563785,0.100000,0.020000,1,0.616413
35.439793,15.571639,0.004243,-149.696732,-43.525249,208.321411,-9315.239258,-1129.700073,11328.148438,0.124264,0.864740,0.486604,0.100000,0.020000,1,0.603316
35.306179,15.334005,-0.302033,80.218414,173.406097,122.569305,4609.269531,11574.738281,8264.157227,0.122250,0.872240,-0.473553,0.100000,0.020000,1,0.897602
35.395432,15.268830,-0.353502,-1.276026,-44.838058,6.007218,-492.122986,-2620.162354,225.266510,0.052592,0.935211,-0.350163,0.100000,0.020000,1,0.982002
35.522892,15.348630,0.082164,-201.581375,452.794159,-180.478745,-12897.779297,29031.064453,-11410.654297,-0.000591,0.995400,0.095803,0.100000,0.020000,1,0.728821
35.833992,15.208352,-0.149779,80.235397,-68.939636,-27.789566,6177.224609,-4499.317871,-2106.182373,-0.004855,0.997360,-0.072457,0.100000,0.020000,1,0.840855
34.859520,15.841737,-0.217852,-60.262619,26.445312,-99.047485,-6776.393555,4162.669434,-7219.842773,-0.007569,0.999855,0.015215,0.100000,0.020000,1,0.809822
35.337963,15.822721,-0.133173,-517.823730,117.168488,-200.399475,-33296.320312,9885.009766,-14659.693359,0.048472,0.921775,0.384683,0.100000,0.020000,1,0.528312
35.531368,15.436042,0.149299,-113.958801,103.494461,121.935226,-7303.709961,7248.488770,7541.255859,-0.021354,0.978276,0.206205,0.100000,0.020000,1,0.542637
35.624794,15.510187,0.004194,44.387329,19.912498,40.638268,3321.295898,2757.476562,3364.100830,0.116636,0.971411,-0.206777,0.100000,0.020000,1,0.103396
35.628914,15.434665,-0.243048,-236.788635,138.575653,-51.898033,-14625.834961,9382.380859,-3308.207764,-0.036628,0.964863,-0.260189,0.100000,0.020000,1,0.831051
35.325577,15.534903,-0.302986,143.194855,-197.569672,230.259277,8014.916504,-11425.128906,13957.424805,-0.046739,0.982107,-0.182431,0.100000,0.020000,1,0.619883
34.733788,14.665465,0.637884,219.142700,-109.879944,-707.159790,10426.242188,-9572.487305,-43070.835938,-0.048856,0.955450,0.291082,0.100000,0.020000,1,0.362004
35.153019,14.932172,-0.042484,91.757584,52.602440,197.809052,7797.562988,-2537.435059,14447.299805,0.373362,0.574512,-0.728379,0.100000,0.020000,1,0.196159
34.659554,15.029456,1.413935,-168.881027,-11.504530,246.176300,2275.730469,197.587402,5618.170898,0.223936,0.702055,0.675996,0.100000,0.020000,1,0.138274
35.326637,15.551487,-0.649259,-220.284760,-212.792633,360.347321,-14129.136719,-12103.282227,22191.839844,0.087643,0.815939,-0.571455,0.100000,0.020000,1,0.513151
34.779091,15.193631,0.697246,-144.309814,-86.086060,56.320511,-11914.299805,-5450.587891,4868.918457,0.092508,0.901245,0.423319,0.100000,0.020000,1,0.074818
35.202324,15.106827,-1.306539,21.034184,5.925788,-159.744141,195.161102,-380.794159,-13779.829102,-0.006689,0.884457,-0.466573,0.100000,0.020000,1,0.741597
36.954647,15.112845,-0.106395,448.520538,-108.471619,48.931847,23169.445312,-15877.943359,2686.259277,-0.067692,0.933038,-0.353352,0.100000,0.020000,1,0.607302
35.118206,15.226095,0.342511,248.779816,90.210236,47.975555,13666.352539,5138.697266,4030.223389,-0.135911,0.984185,0.113611,0.100000,0.020000,1,0.908101
35.574974,15.774563,-0.249148,-433.997314,37.784805,151.240646,-27534.033203,4115.609863,8841.173828,-0.138570,0.986355,-0.088887,0.100000,0.020000,1,0.734818
34.774242,15.522987,-0.683698,-75.980545,30.772850,-8.840088,-6747.258301,3459.091064,-890.287659,0.221911,0.710226,-0.668082,0.100000,0.020000,1,0.230040
35.485489,14.176550,1.661329,275.093109,-120.717743,245.443405,-861.499268,-8542.574219,10860.160156,0.062413,0.809869,0.583280,0.100000,0.020000,1,0.951680
35.471840,15.586452,0.305900,-188.010910,499.846069,-132.535294,7986.229980,-16348.039062,10468.687500,-0.075349,0.911448,0.404456,0.100000,0.020000,1,0.862743
35.647259,15.305075,-0.211539,68.886703,-94.050232,-43.806458,-3525.750488,4909.263184,2835.323730,-0.162927,0.986226,0.028501,0.100000,0.020000,1,0.568065
35.313473,15.650511,-0.017162,19.348083,80.096039,32.583748,-172.899567,-4727.505371,-1984.819336,-0.161506,0.973209,-0.163645,0.100000,0.020000,1,0.403110
34.879890,16.241276,-0.255833,-591.348267,121.497528,-27.030090,-39018.136719,11954.286133,-5302.044434,0.147402,0.728872,0.668595,0.100000,0.020000,1,0.863205
34.897022,15.742405,-0.930359,-122.584259,91.315796,-78.574608,-12873.957031,13910.350586,-2806.183105,0.128790,0.753891,-0.644253,0.100000,0.020000,1,0.384336
35.606876,15.736435,0.323313,130.878571,17.662949,-67.350212,8267.203125,2499.677002,-3639.420654,-0.181524,0.963731,0.195630,0.100000,0.020000,1,0.259241
36.085289,15.091278,-0.981535,154.714081,-88.830460,-119.360138,12434.358398,-6602.505859,-9587.158203,-0.036658,0.839514,-0.542099,0.100000,0.020000,1,0.379354
35.511406,15.616852,-0.512338,-236.632385,52.189522,426.781586,11816.142578,-3286.082031,-21086.427734,-0.100582,0.880721,-0.462831,0.100000,0.020000,1,0.923653
34.567783,14.706389,-0.374433,20.176779,67.376938,-2.236277,-13737.601562,-12610.959961,-3145.347412,-0.197028,0.944959,-0.261212,0.100000,0.020000,1,0.154378
35.043816,15.335518,-0.751164,89.922867,-107.896614,297.782013,5197.836426,8400.453125,-14540.260742,0.280575,0.625289,-0.728211,0.100000,0.020000,1,0.957179
35.020786,15.858850,0.034289,-55.238846,51.083710,-94.168900,3980.265625,-3988.988037,5859.318848,-0.047886,0.861141,0.506106,0.100000,0.020000,1,0.458415
35.224297,15.520877,0.559655,241.468201,88.983566,-219.870789,14073.096680,6164.944336,-13346.829102,-0.121582,0.869801,0.478188,0.100000,0.020000,1,0.928565
37.105820,18.465271,2.139150,475.815033,733.202271,487.064819,25295.982422,32235.660156,51934.378906,-0.209622,0.931587,0.296991,0.100000,0.020000,1,0.934561
35.086243,16.707664,1.038324,283.505798,311.879456,229.145325,17340.753906,11787.976562,1784.084229,-0.270664,0.962286,0.027339,0.100000,0.020000,1,0.725138
35.881828,15.855074,-0.045389,177.482971,-84.862488,-68.468178,12278.551758,-3878.063232,-3808.776611,-0.285334,0.940221,-0.185927,0.100000,0.020000,1,0.809412
35.213924,15.518311,-0.478954,-81.238174,35.466263,-203.201080,8230.525391,-1015.528687,10517.024414,0.040651,0.751328,-0.658676,0.100000,0.020000,1,0.117596
35.468636,15.729846,0.553239,-982.637817,-505.397400,27.942160,48985.281250,24222.884766,-1427.957886,-0.035740,0.799762,0.599253,0.100000,0.020000,1,0.288887
34.802990,14.570595,0.656319,106.042091,-54.114029,281.599396,-4290.406250,-170.314941,-3259.924805,-0.304310,0.946435,0.107961,0.100000,0.020000,1,0.217548
35.176590,15.568011,-0.311774,340.651917,-59.944435,-28.048706,-16248.630859,2587.199219,880.815918,-0.131868,0.819913,-0.557094,0.100000,0.020000,1,0.533650
34.442337,14.778817,-1.665073,-16.047218,122.285133,-534.318237,-11417.007812,-14389.093750,-19828.041016,-0.212564,0.854259,0.474403,0.100000,0.020000,1,0.559417
35.609875,15.759796,0.216153,-420.512573,-34.738503,-107.429428,21570.296875,2590.396973,-6982.313965,-0.303202,0.903011,0.304366,0.100000,0.020000,1,0.803540
36.288750,15.896616,0.191122,245.119934,-32.260818,7.767014,-14070.954102,628.080078,-365.516815,-0.316425,0.922600,0.220644,0.100000,0.020000,1,0.333337
34.958332,14.659370,0.817842,-149.491547,140.389160,-391.831848,8480.320312,-5246.091309,19050.078125,0.032524,0.729546,0.683158,0.100000,0.020000,1,0.751616
35.576164,15.382163,-1.408156,63.025726,-44.983185,-253.991180,9869.574219,-8183.749512,-6517.034180,-0.235402,0.853211,-0.465421,0.100000,0.020000,1,0.407683
34.859249,15.239817,0.218488,110.381966,-308.214172,-307.402710,3695.227783,-20974.023438,-18884.478516,-0.394491,0.912965,0.104265,0.100000,0.020000,1,0.540875
36.214600,16.381390,0.022839,183.934021,120.613129,-11.810514,13981.375977,10837.897461,-722.848755,-0.402946,0.915021,0.019265,0.100000,0.020000,1,0.998497
35.123455,15.586292,-0.637548,-18.699081,-14.537010,-8.205624,-2305.590088,-86.914764,-742.449402,-0.070476,0.760440,-0.645572,0.100000,0.020000,1,0.319084
35.448753,15.766955,0.386003,-8.374683,-55.556458,-28.403992,-1028.016724,-2646.071533,-1697.005981,-0.319861,0.858208,0.401459,0.100000,0.020000,1,0.478861
34.718376,15.777908,-0.286457,-240.535980,-4.989807,20.110825,-2797.520508,-1221.828125,-3806.539307,-0.335060,0.865859,-0.371516,0.100000,0.020000,1,0.960310
35.238228,15.415486,-0.176832,-330.612366,144.080719,-189.361938,-22514.228516,8235.008789,-12007.166992,-0.407627,0.895008,-0.181114,0.100000,0.020000,1,0.418057
36.430927,14.760550,-0.456541,237.305878,-305.575073,-141.379654,18264.886719,-22926.923828,-10552.825195,-0.423223,0.903013,-0.073830,0.100000,0.020000,1,0.675117
35.260426,15.719782,0.506798,-51.554260,-359.238586,26.993893,-3715.857666,-21262.958984,1293.870605,-0.055189,0.741312,0.668888,0.100000,0.020000,1,0.368588
34.647537,15.040072,-0.325203,-45.374870,-279.315552,-243.581390,1881.097168,-9957.658203,-5813.860352,-0.144587,0.797922,0.585163,0.100000,0.020000,1,0.293584
34.706062,15.963743,0.551889,-171.386261,59.661896,15.129086,-14354.520508,5628.504883,1635.252808,-0.270222,0.861315,0.430250,0.100000,0.020000,1,0.000383
35.276337,15.595960,-0.585181,48.659309,-25.102245,124.621994,2181.279297,-1297.927490,7508.106445,-0.251779,0.794708,-0.552310,0.100000,0.020000,1,0.183934
35.544956,15.792957,-0.294176,-2.209287,-31.740139,-9.998955,-410.412750,-1115.232056,-800.914734,-0.357407,0.890873,-0.280366,0.100000,0.020000,1,0.170179
36.654251,15.771358,-1.656932,361.915161,-17.661064,-388.104980,15263.197266,-2652.577148,-13547.530273,-0.335861,0.824138,-0.456063,0.100000,0.020000,1,0.282213
35.593361,15.918529,0.487104,48.756561,3.979988,52.800430,3031.839355,1376.344849,4237.068359,-0.423328,0.855093,0.299349,0.100000,0.020000,1,0.872085
34.902496,15.147475,0.949675,-169.770905,-153.544403,390.982727,1028.896484,-4922.792969,29875.773438,-0.148061,0.747961,-0.647018,0.100000,0.020000,1,0.481708
35.308697,15.822701,-0.721752,-264.258972,173.148895,41.233543,-17751.310547,12137.796875,1114.210205,-0.291159,0.867079,-0.404229,0.100000,0.020000,1,0.058020
35.497234,15.895911,0.333238,-479.647034,-427.353271,181.725525,-30408.328125,-25707.140625,11011.991211,-0.333875,0.805344,0.489845,0.100000,0.020000,1,0.885520
35.397713,15.986674,-0.276901,272.349854,-576.653137,-267.989807,16418.708984,-35068.464844,-16699.404297,-0.432626,0.825080,-0.363424,0.100000,0.020000,1,0.402700
35.283089,15.908991,0.005612,189.804932,-42.500809,57.094864,10504.348633,-1934.352783,3952.076660,-0.517431,0.851399,-0.085931,0.100000,0.020000,1,0.959580
35.615540,15.840727,-0.011713,-322.768677,-67.863899,8.502883,-20446.787109,-3831.791016,47.008728,-0.518664,0.846986,0.116625,0.100000,0.020000,1,0.465373
35.069794,15.686133,-0.670036,-134.802338,-20.332554,-116.646881,-10887.255859,-1484.085693,-10258.068359,-0.522772,0.852100,0.025188,0.100000,0.020000,1,0.773396
34.580421,14.973335,0.754195,-184.026550,189.351059,172.474579,-15335.418945,9556.960938,11828.566406,-0.262388,0.767609,0.584746,0.100000,0.020000,1,0.910557
35.168442,15.023540,0.359577,-285.077332,218.184906,16.250027,-19670.093750,11074.805664,1025.561890,-0.427504,0.811860,0.397647,0.100000,0.020000,1,0.250984
35.477612,15.885209,-0.044233,22.305513,83.803360,-89.928802,806.088501,5882.439941,-5156.549805,-0.524300,0.830868,-0.186459,0.100000,0.020000,1,0.486602
35.324955,15.974615,0.319722,-4.779161,10.058922,38.726509,-96.404053,1061.771973,1091.030762,-0.524227,0.825073,0.210809,0.100000,0.020000,1,0.351060
35.290337,15.942793,-0.339291,5.509933,12.818192,42.320953,-602.514954,2260.026367,3201.816406,-0.348702,0.752556,-0.558629,0.100000,0.020000,1,0.919970
35.165668,15.957795,-0.441359,242.191666,-6.519009,-108.057709,13723.786133,675.448242,-6928.351562,-0.442961,0.769805,-0.459549,0.100000,0.020000,1,0.580557
35.814415,16.193394,-0.095314,247.835205,2.671211,-159.832062,15187.708984,3605.002441,-6903.361816,-0.541807,0.785019,0.300317,0.100000,0.020000,1,0.752167
35.406063,15.676142,-0.186610,45.229767,93.574463,-9.402455,2047.794556,5460.462891,-391.765869,-0.553615,0.791235,-0.259724,0.100000,0.020000,1,0.681114
35.361618,16.068588,-0.031670,41.500008,2.891602,-178.899475,49.521729,-2435.054443,-4504.328613,-0.172908,0.709702,0.682953,0.100000,0.020000,1,0.819306
35.462456,15.983136,-0.126435,73.380966,-210.609680,24.523731,3885.598633,-11815.503906,1454.947754,-0.419742,0.900303,-0.115197,0.100000,0.020000,1,0.069248
35.317184,15.560483,-0.463477,170.207809,-13.584782,-149.404175,9577.724609,-1520.942627,-10205.709961,-0.489155,0.816241,-0.307374,0.100000,0.020000,1,0.050261
35.601299,16.123030,0.011656,-50.966667,-18.929327,6.131275,-3275.172363,-65.853683,364.938843,-0.630101,0.776287,0.018729,0.100000,0.020000,1,0.977660
35.312302,16.006355,-0.031089,12.498096,-6.403956,2.044164,-463.811707,231.500641,295.307404,-0.630067,0.772575,-0.078375,0.100000,0.020000,1,0.130533
35.276936,16.045849,-0.269920,98.214386,-284.883942,-167.806549,5592.360352,-15952.598633,-9253.954102,-0.254767,0.713642,-0.652540,0.100000,0.020000,1,0.644332
35.122795,16.493982,0.073450,-41.793411,116.978058,-69.025848,-4210.175293,9582.923828,-6576.736816,-0.458471,0.745745,0.483392,0.100000,0.020000,1,0.435869
33.212906,16.649040,-1.119429,-352.320312,8.686020,-395.316345,-2524.670166,-3015.174316,-11367.232422,-0.628760,0.751340,0.200373,0.100000,0.020000,1,0.968033
35.313015,16.361223,-0.351485,33.825844,-420.425110,-249.099731,949.071777,-24494.712891,-16571.830078,-0.641369,0.749467,-0.164152,0.100000,0.020000,1,0.624242
35.297012,15.898956,-0.523331,88.489899,-98.867569,-95.159988,4788.708984,-5461.320312,-6107.435547,-0.434681,0.711588,-0.551991,0.100000,0.020000,1,0.664334
37.450893,16.363585,0.950565,625.605591,113.533936,430.394684,19565.507812,3143.559326,4551.481445,-0.552193,0.741149,-0.381811,0.100000,0.020000,1,0.138736
34.864918,17.266214,0.486632,-140.480042,331.398376,134.080566,-7832.058105,13307.232422,17099.523438,-0.647100,0.754466,0.109738,0.100000,0.020000,1,0.447863
34.911911,16.404232,-0.384825,-356.316193,-136.252075,14.843146,-25259.773438,-6388.430664,333.262329,-0.634061,0.726167,-0.265798,0.100000,0.020000,1,0.854842
35.174652,15.470480,1.135640,-8.747871,-102.241028,139.203812,-1504.033447,-6861.055176,10972.989258,-0.253805,0.690605,0.677235,0.100000,0.020000,1,0.691061
35.363571,16.150251,0.261643,87.832108,121.159882,-236.381165,-3857.469238,-6772.359863,11849.400391,-0.640346,0.706573,0.301182,0.100000,0.020000,1,0.507635
36.603451,16.254135,1.392514,365.911072,41.324524,234.351532,-21292.625000,-3271.423584,-14283.486328,-0.537940,0.681623,0.495995,0.100000,0.020000,1,0.906019
35.207016,14.337328,1.744484,157.110489,9.819725,277.528351,103.981445,-18046.408203,15331.948242,-0.628921,0.678411,0.379759,0.100000,0.020000,1,0.556801
34.541615,16.218603,0.796945,-211.923660,-46.244675,334.004211,13303.595703,1453.728516,-19734.533203,-0.645257,0.677523,-0.352995,0.100000,0.020000,1,0.589454
35.368080,16.193644,-0.792795,13.664509,25.327988,-199.497101,-1545.484741,2699.450195,-12153.378906,-0.728678,0.684699,0.014684,0.100000,0.020000,1,0.541889
36.102604,16.169594,-2.459346,225.477875,-0.442326,-744.394775,12859.416016,1760.776855,-23577.076172,-0.734163,0.675389,-0.069675,0.100000,0.020000,1,0.899880
36.370670,15.533474,-1.108977,337.992920,-114.568344,-137.079041,10690.815430,-2192.310059,-6217.709961,-0.356599,0.669086,-0.652043,0.100000,0.020000,1,0.973211
35.389610,15.896154,0.494480,-76.824722,-31.058350,72.159103,-5135.929199,-1002.698181,4338.298828,-0.376557,0.702375,0.604048,0.100000,0.020000,1,0.244987
35.463913,15.863305,0.544252,-352.276367,-313.315125,-51.005135,-22217.138672,-19208.814453,-3183.193604,-0.437052,0.676957,0.592212,0.100000,0.020000,1,0.150054
36.379749,15.708165,0.809977,293.220703,-121.702957,182.905731,21969.128906,-8815.378906,14190.335938,-0.727608,0.657481,0.195715,0.100000,0.020000,1,0.166745
35.978062,16.948954,-0.028250,200.236725,261.048767,76.521179,8424.266602,11909.939453,5794.984863,-0.618017,0.636497,-0.461440,0.100000,0.020000,1,0.540288
34.013298,15.947500,-1.047892,-399.350006,-122.092834,-206.315277,-2806.362305,10598.636719,-7658.392578,-0.742319,0.645478,-0.179781,0.100000,0.020000,1,0.241215
35.187000,15.789116,0.501832,86.084961,16.624828,123.755539,4545.873535,1615.490479,7335.256348,-0.337470,0.649956,0.680934,0.100000,0.020000,1,0.601679
35.327763,15.997744,-0.594213,14.141466,28.213503,1.574089,916.554443,-15.885254,-1418.424072,-0.437515,0.640306,-0.631339,0.100000,0.020000,1,0.277106
35.447666,16.058039,0.265580,-1.089506,-72.162521,-32.693481,-723.580017,-3387.479004,-1867.826904,-0.551711,0.798198,0.241856,0.100000,0.020000,1,0.036061
35.525005,15.626489,-1.036312,77.248596,-113.031311,-119.412018,5138.485352,-8005.806152,-9787.349609,-0.544968,0.632367,-0.550565,0.100000,0.020000,1,0.408697
35.328297,16.113590,0.490948,-97.297737,59.566353,148.086578,-6785.278809,4654.195801,9591.010742,-0.617955,0.623915,0.478394,0.100000,0.020000,1,0.539647
34.214504,16.605469,0.006853,-319.303833,130.917236,114.717903,-9387.562500,1116.679688,696.414551,-0.739819,0.617561,-0.266994,0.100000,0.020000,1,0.338871
35.205788,15.990063,0.356363,41.627502,-69.611206,90.309837,1329.397461,-4457.149414,6106.541504,-0.737739,0.611233,0.286593,0.100000,0.020000,1,0.396045
35.284050,16.648830,-0.279196,41.494678,121.398239,6.637075,1750.530151,10400.133789,653.561279,-0.715626,0.591930,-0.370807,0.100000,0.020000,1,0.779838
34.543442,17.662905,-0.364484,-183.628754,392.102753,-103.243713,-15461.285156,24003.845703,-12396.610352,-0.813293,0.581789,0.008643,0.100000,0.020000,1,0.178293
34.941837,16.657188,0.487894,-68.370132,93.888641,111.358566,-6707.729004,8352.774414,8618.963867,-0.807579,0.577671,0.118794,0.100000,0.020000,1,0.127828
34.724850,15.640173,0.658509,-74.682220,48.738251,-151.865692,-7691.169922,2266.427246,-9057.393555,-0.533041,0.608071,0.588317,0.100000,0.020000,1,0.442845
35.233185,16.408075,0.430807,280.928680,-474.513916,-410.222260,16736.451172,-28287.279297,-25600.763672,-0.722527,0.564651,0.398903,0.100000,0.020000,1,0.500731
35.669834,15.625771,0.133431,-71.165878,45.152866,-75.890167,-3826.931396,912.902100,-3925.707275,-0.818675,0.568485,-0.081217,0.100000,0.020000,1,0.209327
35.477665,16.241171,0.119196,-185.801086,80.959808,-255.087555,-11809.759766,5729.609375,-14980.977539,-0.816366,0.553569,-0.164643,0.100000,0.020000,1,0.567318
35.256161,14.968003,-0.468683,166.648621,-201.606964,9.317230,4706.195312,-7432.454590,4520.361816,-0.810767,0.546984,0.208484,0.100000,0.020000,1,0.321041
36.908253,17.278538,1.132758,491.078247,270.420349,280.023438,37316.105469,23462.031250,19876.742188,-0.430373,0.604825,0.670049,0.100000,0.020000,1,0.645240
35.071327,16.059969,-0.191996,29.500849,10.428772,95.468842,141.725433,1542.170898,7147.818848,-0.567524,0.647078,-0.509123,0.100000,0.020000,1,0.086794
34.682587,16.221188,-0.676002,-90.834229,48.379303,-52.446640,-8929.717773,3978.635498,-4403.786621,-0.702070,0.545113,-0.458203,0.100000,0.020000,1,0.556089
34.951328,16.389879,0.605673,-51.323547,59.414459,336.065643,-6271.480469,10298.758789,16201.166016,-0.511914,0.576750,-0.636634,0.100000,0.020000,1,0.747256
35.043606,16.267458,-0.505093,157.630280,-406.966675,345.406006,8345.474609,-24238.033203,21790.318359,-0.614538,0.560297,-0.555346,0.100000,0.020000,1,0.133629
35.295361,16.253195,0.563823,26.862652,10.289413,8.202080,1181.071411,2016.771729,738.857056,-0.616056,0.548922,0.564942,0.100000,0.020000,1,0.899115
35.144550,15.944119,0.243287,54.933029,-10.273106,-24.552006,1897.498413,-1143.177124,-1041.962646,-0.796267,0.589767,0.134658,0.100000,0.020000,1,0.100923
35.699112,15.630227,-0.498083,150.483276,-63.443375,-41.252197,10492.307617,-5975.911133,-3612.485596,-0.809476,0.513967,-0.283878,0.100000,0.020000,1,0.332465
35.383228,17.098860,0.646137,59.866554,168.868134,98.997498,3487.323242,14825.926758,7782.939453,-0.805603,0.505776,0.308535,0.100000,0.020000,1,0.564221
35.589069,16.403278,0.008836,97.740387,206.421234,60.060944,6836.493164,14283.851562,5207.788086,-0.796585,0.481829,-0.365093,0.100000,0.020000,1,0.862262
35.053925,16.069752,0.261841,511.423401,157.902222,-142.337234,30662.941406,9471.087891,-7587.387695,-0.886384,0.455963,-0.080130,0.100000,0.020000,1,0.834627
36.930267,16.729242,-0.099509,612.281250,101.706161,21.715225,44961.632812,9267.546875,2417.010010,-0.684000,0.494897,-0.535929,0.100000,0.020000,1,0.797793
35.351013,16.573366,0.580465,124.918503,91.891357,68.477097,7589.709961,7806.534180,5248.783691,-0.783400,0.478438,0.396713,0.100000,0.020000,1,0.112151
35.410095,16.347857,-0.215401,70.194809,-22.934666,-13.801739,4368.338379,-788.135620,-1104.125244,-0.880883,0.439178,-0.176544,0.100000,0.020000,1,0.350545
35.561363,16.087261,0.093456,-568.065491,161.300232,56.771347,-35272.128906,9751.764648,3247.299561,-0.879347,0.435632,0.192287,0.100000,0.020000,1,0.251091
34.766403,17.107260,0.472393,-85.703217,163.493835,111.348419,-8194.120117,14097.080078,8973.095703,-0.897511,0.440923,0.007780,0.100000,0.020000,1,0.335366
35.412334,15.976135,0.437836,196.741028,88.128830,273.548126,12656.770508,7173.735352,21855.107422,-0.255515,0.633882,-0.730004,0.100000,0.020000,1,0.736437
34.601799,15.785747,-0.045418,-40.706070,19.611019,-116.899292,-5886.966309,-407.313385,-8719.870117,-0.857437,0.414726,0.304638,0.100000,0.020000,1,0.757381
34.883831,15.338817,0.014069,-118.445099,137.751144,-230.260803,-9632.674805,5158.449707,-13415.683594,-0.864878,0.416358,-0.280415,0.100000,0.020000,1,0.822047
35.820004,16.935453,-0.367845,189.171204,92.477570,-91.929718,12266.088867,10881.300781,-6525.803223,-0.899322,0.424767,0.103889,0.100000,0.020000,1,0.257141
35.712418,16.649454,0.286970,186.234406,127.217010,97.023315,13129.148438,10335.644531,9067.230469,-0.771089,0.438764,-0.461419,0.100000,0.020000,1,0.430620
35.590675,17.434851,0.381230,182.594299,340.241669,-24.099194,3430.320557,12113.595703,1336.171387,-0.764803,0.425673,0.483610,0.100000,0.020000,1,0.856568
34.871361,15.518536,1.236292,-92.226959,-170.475983,190.195801,-11203.114258,-12343.958008,16556.437500,-0.599763,0.641592,0.478167,0.100000,0.020000,1,0.230698
34.075455,16.495235,-0.180260,-272.891632,-21.556908,13.532211,-9804.116211,1982.322632,-1191.197266,-0.920785,0.341945,-0.187692,0.100000,0.020000,1,0.900894
34.796299,16.152313,-0.007723,-25.323929,24.690033,-15.097589,-3955.798828,1045.656372,-636.630981,-0.936744,0.337641,-0.092245,0.100000,0.020000,1,0.983372
34.758160,16.622351,-1.427930,-92.164886,81.329346,-431.644196,-4796.507812,-4803.857910,-14531.234375,-0.942960,0.332808,0.008099,0.100000,0.020000,1,0.522974
36.339119,16.419914,0.988224,295.601440,42.501358,109.579773,22618.884766,4321.670898,9064.411133,-0.705059,0.477314,0.524465,0.100000,0.020000,1,0.131636
34.752663,16.565062,0.630072,76.897835,261.252747,-54.828766,2374.446289,18766.003906,-3066.446777,-0.677917,0.435368,0.592355,0.100000,0.020000,1,0.363712
35.111206,16.521612,0.006190,219.472351,-773.831909,765.511353,12841.363281,-47479.714844,49741.648438,-0.854191,0.365902,-0.369424,0.100000,0.020000,1,0.138398
34.114994,14.967808,-1.476568,-28.506130,113.286011,-454.761810,-16686.820312,-18248.562500,-18358.976562,-0.844560,0.354106,0.401657,0.100000,0.020000,1,0.407718
35.069958,16.329342,0.037055,-235.526459,369.660706,84.326782,14833.572266,-25998.091797,8123.409180,-0.939410,0.324043,0.111822,0.100000,0.020000,1,0.192743
35.663498,16.565628,1.659596,165.614166,22.465042,356.891174,-9230.502930,-1929.319946,-21641.714844,-0.910437,0.294492,0.290483,0.100000,0.020000,1,0.781511
35.687965,15.306559,-0.393356,178.477509,-305.657837,-133.864197,-9909.086914,17942.941406,8273.486328,-0.931395,0.298794,0.207909,0.100000,0.020000,1,0.410939
35.123169,14.909698,-1.149446,181.854004,-27.458603,-119.408737,10663.037109,-6268.612305,-9908.656250,-0.640427,0.419224,-0.643510,0.100000,0.020000,1,0.682003
35.217697,16.479618,0.475265,56.140495,57.703491,-15.227583,1595.716797,2157.053711,-419.621887,-0.723505,0.373917,0.580281,0.100000,0.020000,1,0.673159
34.963772,16.455809,-0.512587,-106.244812,-212.128265,291.363281,-8116.191406,-12273.490234,18017.230469,-0.825032,0.316875,-0.467881,0.100000,0.020000,1,0.651539
33.705845,17.957314,-0.205023,-350.092407,373.683716,-68.456375,-28686.437500,30318.722656,-5244.827637,-0.973312,0.228798,0.017737,0.100000,0.020000,1,0.688374
33.509354,15.317473,-0.006122,-139.401443,167.156860,127.901024,-14235.583008,-11377.581055,3843.809082,-0.742233,0.364159,-0.562563,0.100000,0.020000,1,0.483861
35.097862,16.644789,0.297074,-131.730835,-515.371643,203.392273,7101.777832,24517.140625,-9761.766602,-0.813488,0.305480,0.494893,0.100000,0.020000,1,0.329493
34.868156,16.609282,0.318601,578.904785,-634.822754,-140.339340,-27841.570312,30801.425781,7093.329590,-0.886666,0.258969,0.383090,0.100000,0.020000,1,0.739373
34.574894,16.681337,-0.375870,10.591721,0.028769,-7.542168,-8937.077148,-11325.188477,11115.866211,-0.959444,0.215094,-0.182215,0.100000,0.020000,1,0.675793
35.233749,15.978433,-0.056663,-31.950031,242.564819,-250.794250,-2429.037109,15509.169922,-13539.947266,-0.583100,0.461344,-0.668698,0.100000,0.020000,1,0.031719
35.627464,16.714415,-0.013467,196.519104,35.237465,-42.964058,14010.895508,3738.411133,-3527.733887,-0.961525,0.187293,0.200975,0.100000,0.020000,1,0.975168
34.372726,14.850886,1.000195,5.832031,-443.015411,180.776367,11301.530273,-17629.324219,14815.896484,-0.488409,0.527097,0.695432,0.100000,0.020000,1,0.104286
34.727184,15.983141,-0.511263,216.245087,125.622986,-137.116257,11159.285156,8543.957031,-8063.520996,-0.484847,0.493873,-0.721812,0.100000,0.020000,1,0.215982
36.672482,15.707943,-1.477923,461.836792,-163.492096,-228.173401,35090.207031,-12240.533203,-18468.884766,-0.782150,0.276775,-0.558245,0.100000,0.020000,1,0.699229
36.475945,14.974287,-1.012431,445.481812,-436.855621,-446.937744,25206.039062,-1715.665527,-9911.893555,-0.852816,0.224907,0.471298,0.100000,0.020000,1,0.661148
34.519936,15.815674,-0.590384,-97.329544,-167.877747,-39.307182,-9135.173828,-12416.815430,-3204.559814,-0.858317,0.224517,-0.461394,0.100000,0.020000,1,0.927675
35.972111,16.387688,-0.313774,268.732727,-34.254898,-21.371380,20085.455078,-1981.926758,-1623.563721,-0.946039,0.172535,-0.274304,0.100000,0.020000,1,0.280238
34.378403,16.480659,-1.383788,-34.847610,-30.012207,-377.097168,4217.393555,-5278.578125,-24592.613281,-0.693096,0.331217,-0.640245,0.100000,0.020000,1,0.456903
35.211838,16.421801,-0.559868,-381.911011,50.609749,310.854065,-24352.408203,3696.798340,18420.388672,-0.923623,0.236927,-0.301306,0.100000,0.020000,1,0.300524
35.013290,16.512308,-0.353347,-21.963493,-57.767212,19.767933,-2179.994629,-2870.797607,1136.254883,-0.918841,0.158924,-0.361212,0.100000,0.020000,1,0.915219
34.981972,16.292999,0.117800,103.144913,189.927429,100.797318,5494.584961,11612.649414,7171.484863,-0.984207,0.155912,-0.083827,0.100000,0.020000,1,0.209843
35.339676,16.829731,-0.147502,105.994720,42.106247,-44.176819,7356.282715,4422.054199,-3815.886963,-0.988958,0.100671,0.108755,0.100000,0.020000,1,0.703677
35.608002,17.485052,0.893251,244.244705,382.171448,59.797028,3195.121094,11964.939453,-1589.582520,-0.614443,0.388620,0.686611,0.100000,0.020000,1,0.185856
35.391514,16.568727,-0.605021,54.581100,29.005997,-46.806152,4084.636230,2977.393311,-4055.871826,-0.902276,0.208187,-0.377567,0.100000,0.020000,1,0.007376
34.967113,16.909222,0.176873,27.910482,208.459412,-51.500061,879.953735,15575.183594,-3980.264404,-0.911861,0.132231,0.388620,0.100000,0.020000,1,0.342466
34.973301,16.086658,-0.584538,-2.814289,-85.305923,-105.330017,633.733704,5150.764160,6434.374023,-0.982505,0.073141,-0.171275,0.100000,0.020000,1,0.575307
34.681633,16.801001,-0.122650,-29.027763,53.013245,-46.219833,2745.574219,-3678.058838,2452.582031,-0.994370,0.071621,-0.078092,0.100000,0.020000,1,0.627249
33.914436,15.083600,-1.329574,12.761745,82.982338,-172.150742,-15168.552734,-14901.273438,-15055.733398,-0.962887,0.057421,-0.263726,0.100000,0.020000,1,0.487278
34.850121,16.673826,-0.038005,-208.354187,-386.975403,39.465279,11230.266602,18690.146484,-1820.801025,-0.998045,0.059175,0.020105,0.100000,0.020000,1,0.006149
33.176060,17.933773,-1.103516,-431.207886,419.197510,-226.209595,-13068.740234,11782.602539,-4207.579590,-0.976944,0.052032,0.207060,0.100000,0.020000,1,0.614349
35.035748,16.183155,-0.603399,-185.920532,198.791992,-86.645020,-12442.537109,12733.965820,-5590.196289,-0.732993,0.243466,-0.635174,0.100000,0.020000,1,0.910397
34.977707,16.178171,-0.584277,78.089844,-2.676914,-63.872955,4225.019531,-733.707825,-4728.614258,-0.880421,0.108263,-0.461668,0.100000,0.020000,1,0.115283
34.839005,16.395927,0.359705,-35.304131,-56.531075,53.529907,-3493.831543,-3219.984619,3114.879395,-0.877774,0.104247,0.467596,0.100000,0.020000,1,0.823772
34.891888,16.562368,0.240260,-22.545006,-164.840347,-207.258606,-2577.242432,-9585.460938,-13273.850586,-0.942627,0.106658,0.316351,0.100000,0.020000,1,0.082630
35.256889,15.942064,0.396879,-85.586456,-4.880363,-106.237762,-4830.610352,-2222.082520,-6155.419922,-0.955024,0.044176,0.293220,0.100000,0.020000,1,0.688498
35.085224,15.984354,-0.928546,-55.235947,120.657837,-89.537949,-4331.143066,7947.776855,-6786.140625,-0.537441,0.428072,-0.726576,0.100000,0.020000,1,0.722219
35.472969,15.536445,0.456366,109.182114,-45.019714,-33.487511,7546.882324,-4448.170898,-2818.201904,-0.565917,0.449680,0.691032,0.100000,0.020000,1,0.012128
34.903740,16.292654,0.661355,69.801369,-55.099449,-28.150257,3071.005371,-2548.612793,-1581.153564,-0.673202,0.291644,0.679516,0.100000,0.020000,1,0.040955
33.952866,16.186728,-0.792800,-220.845703,175.989746,-279.022034,-18997.746094,10950.495117,-23106.890625,-0.799855,0.164186,0.577300,0.100000,0.020000,1,0.757506
35.243420,16.127024,-0.753911,116.704102,16.005968,-76.004501,8084.031738,298.251343,-6221.929688,-0.812833,0.161139,-0.559764,0.100000,0.020000,1,0.438040
34.690212,16.509239,-0.268719,377.319641,-18.949150,10.600344,22125.015625,-690.982727,909.252380,-0.932367,0.024459,-0.360685,0.100000,0.020000,1,0.676238
34.905727,17.246908,0.752102,34.429035,201.268280,220.237274,-1342.481567,-1118.978516,20157.406250,-0.997045,-0.032836,-0.069449,0.100000,0.020000,1,0.662483
35.029598,15.464430,0.195663,-40.921501,-212.817841,139.377548,-3343.310059,-16350.515625,7329.986328,-0.759599,0.239480,0.604697,0.100000,0.020000,1,0.439731
34.698910,16.424295,0.470058,150.962616,239.707855,-13.346018,7905.316895,15337.529297,-395.888641,-0.915519,0.022905,0.401621,0.100000,0.020000,1,0.607497
31.910202,16.377434,0.260267,-835.940918,-40.015381,7.293343,-33055.796875,-10323.175781,1469.317749,-0.980032,-0.048259,0.192896,0.100000,0.020000,1,0.070618
34.760258,16.345390,0.835139,-298.088104,-222.572083,-28.184818,-19999.068359,-14575.368164,1298.460938,-0.992013,-0.063227,0.109146,0.100000,0.020000,1,0.558776
34.760128,16.629135,-0.013356,296.251282,43.930702,84.074448,17526.873047,3462.076172,5887.085938,-0.983734,-0.062778,-0.168304,0.100000,0.020000,1,0.856995
35.270164,17.490622,-0.471492,363.541473,321.934998,-207.711670,17148.980469,11832.558594,-10307.170898,-0.964159,-0.060484,-0.258338,0.100000,0.020000,1,0.220537
34.768646,16.597399,0.422973,173.776672,-33.272461,-294.404266,9887.097656,-1447.691284,-17906.943359,-0.955121,-0.065795,0.288817,0.100000,0.020000,1,0.480053
34.592300,16.649057,-1.895817,135.006622,-130.873001,-378.504395,8056.750977,-6926.528320,-6507.930664,-0.997071,-0.073925,0.019591,0.100000,0.020000,1,0.229844
34.756668,16.963980,-0.492131,7.108259,122.018402,2.814687,-921.145447,10509.962891,206.103241,-0.832130,0.056398,-0.551706,0.100000,0.020000,1,0.755815
34.719707,16.573231,-0.333777,46.329304,-37.274979,-89.667465,1533.450684,-1452.358765,-5282.968750,-0.883289,-0.004206,-0.468810,0.100000,0.020000,1,0.851318
35.173870,15.938296,0.485918,61.144165,-91.021225,-14.432484,3922.422852,-6578.841797,-1427.072144,-0.711807,0.198071,0.673868,0.100000,0.020000,1,0.918261
36.235981,16.982285,1.509859,432.060303,138.971161,559.639282,31155.033203,13498.684570,43881.753906,-0.761948,0.126953,-0.635074,0.100000,0.020000,1,0.488506
32.814362,16.681190,1.066632,-632.622864,-30.684326,272.854584,-17284.347656,6688.421387,9729.810547,-0.986737,0.070118,0.146398,0.100000,0.020000,1,0.086705
34.754555,16.499220,0.647401,126.452988,-163.058105,-171.017456,6663.903809,-9396.162109,-10253.611328,-0.818530,0.045169,0.572685,0.100000,0.020000,1,0.518525
34.760693,16.399145,0.658032,47.094303,62.647034,34.993393,1849.344604,4139.847656,3098.947266,-0.870161,-0.025755,0.492093,0.100000,0.020000,1,0.856230
34.583435,16.949665,-0.092928,25.709059,74.399872,-14.728188,75.120026,6565.319336,-1035.169922,-0.983305,-0.165860,-0.074836,0.100000,0.020000,1,0.996913
34.703491,16.617994,-0.122778,28.877707,-106.678085,-37.077927,794.707275,-6215.118164,-2249.471924,-0.973024,-0.166377,-0.159819,0.100000,0.020000,1,0.626342
32.665386,18.202744,-1.529404,-514.108154,535.745422,-416.798096,-23643.900391,16975.019531,-16294.157227,-0.982974,-0.182239,0.023474,0.100000,0.020000,1,0.339725
34.401169,15.655536,0.639839,-21.243317,90.605469,-252.456726,-3742.456055,2523.856445,-14762.213867,-0.911419,-0.107756,0.397119,0.100000,0.020000,1,0.936376
34.702213,15.198534,-1.244732,46.672417,-479.539154,-303.728516,3237.874023,-3876.916016,-14949.083984,-0.924228,-0.118372,-0.363030,0.100000,0.020000,1,0.692039
34.563202,16.282829,-0.127791,-51.580948,-51.936234,-92.751526,-4781.662598,-4153.022461,-7142.839844,-0.961948,-0.186612,0.199581,0.100000,0.020000,1,0.839966
34.042404,17.581772,-0.925984,-139.737885,296.316772,-283.006866,-12531.515625,23203.521484,-22147.285156,-0.975624,-0.190142,0.109558,0.100000,0.020000,1,0.147989
34.416092,15.924610,-0.677831,-119.614868,-85.926697,-60.579277,-10001.863281,-7150.979492,-4622.931641,-0.841706,-0.044859,-0.538070,0.100000,0.020000,1,0.915663
34.815636,16.675632,-0.240203,-73.387909,-150.205109,-279.135742,-5248.172852,-8340.159180,-16941.185547,-0.888386,-0.112783,-0.445028,0.100000,0.020000,1,0.919863
34.037304,15.416395,-0.567611,-50.232300,151.345047,254.165543,-6803.194824,5105.986328,14696.146484,-0.940839,-0.203115,-0.271230,0.100000,0.020000,1,0.250219
33.368469,17.070721,1.161793,-482.917236,254.918915,194.461044,-11046.320312,11883.666016,5955.532715,-0.728167,0.122868,0.674296,0.100000,0.020000,1,0.402291
35.105354,16.354561,-0.873939,80.338684,-36.464657,-47.246643,5332.270020,-1878.307861,-4250.735352,-0.775341,0.032176,-0.630722,0.100000,0.020000,1,0.978087
33.968365,16.718609,0.771385,-57.557114,161.529022,177.991791,-7478.446777,11209.717773,13323.942383,-0.928399,-0.218959,0.300220,0.100000,0.020000,1,0.343480
34.240746,16.544044,0.930362,-125.749481,54.871811,141.161865,-10844.375977,4097.028809,10982.199219,-0.866575,-0.134741,0.480512,0.100000,0.020000,1,0.223972
33.227917,16.203751,1.617371,-339.512817,-161.633331,492.917664,-28128.650391,-11491.034180,38561.726562,-0.938807,-0.292157,-0.182442,0.100000,0.020000,1,0.969101
34.560593,16.644804,0.192861,67.275017,-72.351089,-88.030472,3123.446045,-4009.883545,-5456.568359,-0.937573,-0.293361,0.186804,0.100000,0.020000,1,0.988710
34.786095,16.036915,0.829181,81.413010,-164.996002,185.676758,4990.813477,-12451.121094,14814.635742,-0.946745,-0.306695,0.098040,0.100000,0.020000,1,0.759410
34.694588,16.675175,-0.189627,78.968925,116.162079,328.849426,4456.216309,7944.232910,19942.980469,-0.950990,-0.309169,0.005769,0.100000,0.020000,1,0.837635
35.582310,16.932943,0.898439,273.802185,118.709351,97.144791,10560.523438,9115.691406,6498.285156,-0.806088,-0.051996,0.589507,0.100000,0.020000,1,0.121618
34.668274,16.549063,0.437053,-121.082352,-73.483353,-131.270081,-8462.521484,-4201.116699,-7979.239258,-0.886476,-0.229003,0.402142,0.100000,0.020000,1,0.445389
34.518978,16.584530,-0.163873,335.877991,-322.194519,87.088036,19978.250000,-19968.634766,5817.392578,-0.914688,-0.304316,-0.265965,0.100000,0.020000,1,0.562442
34.604717,16.510002,-0.603996,461.712524,146.786377,-201.227615,26949.564453,10946.729492,-12503.222656,-0.669139,0.182504,-0.720378,0.100000,0.020000,1,0.077149
34.242828,16.250883,-0.513016,-52.517120,-97.136948,-223.677933,-5023.796387,-2637.713867,-8562.859375,-0.901299,-0.309930,0.302661,0.100000,0.020000,1,0.927141
34.805050,16.935396,-0.852109,105.507812,123.686783,-220.479645,6549.076172,9400.545898,-17450.089844,-0.937694,-0.338447,-0.078630,0.100000,0.020000,1,0.190073
36.126034,14.316271,-1.061298,291.812927,-510.175354,-208.598648,17674.691406,-17166.445312,5274.357422,-0.631418,0.268690,-0.727404,0.100000,0.020000,1,0.302250
34.721123,16.542107,0.453220,-170.281967,-19.832024,144.176636,-11475.709961,-469.143768,8867.295898,-0.811101,-0.159031,0.562871,0.100000,0.020000,1,0.818790
34.683254,16.624212,-0.415761,58.745026,-335.069702,-116.109909,2840.177734,-20050.318359,-6970.820801,-0.815459,-0.166021,-0.554494,0.100000,0.020000,1,0.939793
34.786186,15.955261,-0.149205,-260.435486,194.938080,-171.804108,-16634.667969,10353.844727,-9719.423828,-0.850469,-0.250297,-0.462660,0.100000,0.020000,1,0.085263
34.386696,16.611795,0.246458,25.881052,-7.326604,-80.725403,-7710.454102,14842.267578,16368.253906,-0.907686,-0.404362,0.112237,0.100000,0.020000,1,0.345846
34.602455,16.355869,0.259413,25.681557,-38.456627,-38.593208,-697.245361,2072.356445,2425.697510,-0.832908,-0.259783,0.488648,0.100000,0.020000,1,0.976663
34.246197,15.168250,-0.609521,-48.704987,111.814224,-266.667725,-7893.406250,9865.070312,11050.539062,-0.869290,-0.344490,-0.354488,0.100000,0.020000,1,0.488292
34.626053,14.672748,0.298566,327.432129,-59.902977,84.871460,948.658691,-34573.671875,13389.106445,-0.898158,-0.433401,-0.073995,0.100000,0.020000,1,0.773734
34.328770,16.833483,0.778107,-132.121994,134.274963,60.855370,-11210.083984,11013.179688,4537.587891,-0.736571,0.017095,0.676145,0.100000,0.020000,1,0.013712
35.818569,16.703209,0.083752,302.598145,114.316162,220.923035,19923.578125,-3690.013672,12617.318359,-0.765590,-0.073452,-0.639122,0.100000,0.020000,1,0.118504
35.417297,15.088637,-0.448985,308.628967,-451.803772,-200.551666,6025.833984,-8510.599609,-10446.622070,-0.852029,-0.350199,0.389111,0.100000,0.020000,1,0.469519
34.360130,16.438370,-0.016397,101.001450,55.307480,436.273132,5012.661133,3185.056885,26663.626953,-0.874635,-0.435386,0.213199,0.100000,0.020000,1,0.317589
34.443302,16.665945,-0.117535,-5.054867,-86.515717,-48.998932,-1318.295532,-4845.213379,-2927.640625,-0.879925,-0.442229,-0.173681,0.100000,0.020000,1,0.566641
35.246319,16.732506,-2.128319,104.080872,159.607605,-430.925293,5645.489258,2493.705322,-14506.044922,-0.686762,0.096271,-0.720479,0.100000,0.020000,1,0.832616
34.619011,16.518839,-0.584005,4.644819,-29.440876,-22.241123,-799.094727,-989.356262,-1463.099731,-0.761014,-0.154376,-0.630100,0.100000,0.020000,1,0.156513
35.317772,17.852129,-0.362024,251.994934,390.079956,8.364838,7115.905762,11632.257812,405.200897,-0.878017,-0.286068,-0.383733,0.100000,0.020000,1,0.023694
34.316654,16.617958,-1.195849,22.634775,71.754868,-183.251556,-379.567413,5324.645508,-14806.710938,-0.819131,-0.335745,-0.465079,0.100000,0.020000,1,0.982002
33.799870,16.219275,0.198097,-137.579712,-80.960052,-41.051422,-12340.524414,-6248.668457,-2871.262695,-0.849881,-0.437907,0.293155,0.100000,0.020000,1,0.834983
33.996750,15.960546,-0.411239,-49.913147,-158.016113,-26.447090,-5958.803223,-12234.214844,-2424.582520,-0.856821,-0.448202,-0.254898,0.100000,0.020000,1,0.617107
34.857727,16.356165,0.517503,19.175116,141.729950,-189.622101,943.221191,9330.425781,-12353.773438,-0.732847,-0.092879,0.674025,0.100000,0.020000,1,0.464429
34.242321,17.054617,0.156354,-89.760071,199.665710,-7.376556,5463.610352,4365.117188,7971.677246,-0.777501,-0.251960,0.576202,0.100000,0.020000,1,0.607569
33.430832,17.608145,0.892024,-222.426453,276.608887,222.126190,-18933.777344,22003.048828,17385.046875,-0.846838,-0.523085,0.096167,0.100000,0.020000,1,0.973923
36.124382,16.054068,-0.483323,753.411743,-229.399445,-55.863625,40290.667969,-11956.227539,-1563.620117,-0.828427,-0.529931,-0.181335,0.100000,0.020000,1,0.574115
34.289387,16.482180,0.063886,309.343445,115.278641,391.035767,18274.808594,7186.947754,24175.017578,-0.823825,-0.528509,0.204917,0.100000,0.020000,1,0.923458
32.862309,18.530449,-0.836115,-377.810913,564.651672,-221.242157,-19409.884766,34511.148438,-5790.477539,-0.832997,-0.548225,-0.074595,0.100000,0.020000,1,0.263316
34.732643,17.407562,-1.033603,-578.604370,-6.639404,276.963745,-37632.292969,4650.581055,15870.869141,-0.697380,0.013932,-0.716566,0.100000,0.020000,1,0.540892
34.485107,15.935718,0.766012,-104.354828,-73.227585,-35.149216,-8144.374023,-6095.787109,-1527.707642,-0.728691,-0.166863,0.664203,0.100000,0.020000,1,0.507991
33.575653,16.902473,-1.124465,-257.536346,122.984146,-185.467957,-9776.333984,5400.372070,-3893.372803,-0.770619,-0.283594,-0.570720,0.100000,0.020000,1,0.008338
34.842999,16.346119,-0.108689,114.928650,113.481018,78.021988,2493.883301,7308.204590,1280.508301,-0.763037,-0.342405,-0.548210,0.100000,0.020000,1,0.711062
34.309422,16.469765,0.454077,185.511536,97.822556,-293.239471,10316.448242,6256.230957,-18145.806641,-0.794659,-0.451430,0.405867,0.100000,0.020000,1,0.618263
35.162014,15.392210,0.092743,91.530060,-155.142975,0.327576,8219.375000,-14364.713867,1438.514771,-0.801724,-0.531903,-0.272613,0.100000,0.020000,1,0.918226
34.401424,16.501577,-0.243235,7.733989,142.016129,-65.096008,-194.990585,8890.037109,-5192.074219,-0.828896,-0.559124,0.017649,0.100000,0.020000,1,0.320810
34.396740,17.300356,-1.092927,-74.395203,258.593384,-256.675598,2162.187012,8673.810547,-10937.352539,-0.763094,-0.456609,-0.457380,0.100000,0.020000,1,0.460479
32.123810,19.002029,2.274573,-666.471313,747.183350,689.178589,-10197.498047,13242.132812,13275.985352,-0.857680,-0.514184,0.000599,0.100000,0.020000,1,0.172065
34.757332,15.601003,0.290025,147.511322,-46.642822,59.580627,9525.594727,-6122.623047,2775.119141,-0.734538,-0.349718,0.581507,0.100000,0.020000,1,0.914240
33.369675,16.584972,0.049337,-246.649445,-21.893362,53.590622,-20540.599609,-823.764771,4992.185059,-0.759113,-0.534663,-0.371326,0.100000,0.020000,1,0.242905
34.065594,16.735975,-0.264620,-21.715370,44.842186,-51.773529,1843.333496,3871.930420,-5228.292969,-0.774299,-0.632628,0.015583,0.100000,0.020000,1,0.779855
34.518681,16.858330,3.861952,109.943604,98.367645,1146.005737,1835.173340,5755.929199,36237.660156,-0.770760,-0.629768,0.096547,0.100000,0.020000,1,0.729390
35.084846,15.720293,-1.302044,151.663361,-180.288300,-174.288086,10922.219727,-13901.632812,-14045.378906,-0.721623,-0.277466,-0.634250,0.100000,0.020000,1,0.634990
34.521271,15.634606,0.274319,117.403336,-16.804596,-44.424042,6730.913574,-4251.828613,-3622.559814,-0.761153,-0.387744,0.519905,0.100000,0.020000,1,0.117080
34.217155,16.460505,-0.329747,-62.296387,-49.934242,61.641685,-4928.566406,-3277.150879,2790.024658,-0.752161,-0.654886,-0.073334,0.100000,0.020000,1,0.414836
33.864532,15.668590,0.805228,-166.554932,-202.296082,45.330246,-6360.689941,-8863.671875,-4114.004883,-0.699943,-0.260739,0.664902,0.100000,0.020000,1,0.695598
34.346611,16.179907,-0.530790,-27.404175,43.029106,38.590530,-2843.354248,1885.134155,2263.421631,-0.710639,-0.449429,-0.541299,0.100000,0.020000,1,0.782382
34.057549,16.362789,0.606456,187.289520,-218.797546,-281.040863,9551.846680,-13982.514648,-17069.404297,-0.730185,-0.472758,0.493285,0.100000,0.020000,1,0.127329
35.234512,16.463837,1.073074,331.741394,-53.948898,348.171570,12403.300781,583.743164,14258.947266,-0.704986,-0.653169,-0.276342,0.100000,0.020000,1,0.377272
33.798359,16.010973,-0.082869,221.411285,-88.100082,-178.055237,11317.715820,-7453.778809,-12391.175781,-0.716478,-0.664219,0.213242,0.100000,0.020000,1,0.271768
34.131039,16.508389,-0.193934,-218.716736,174.311264,7.043642,-15059.160156,11162.904297,297.512024,-0.721068,-0.670263,-0.175525,0.100000,0.020000,1,0.171656
34.104824,16.333235,0.319231,25.240803,-18.357182,-9.765288,203.517426,-1633.468262,-360.810455,-0.700848,-0.653742,0.285366,0.100000,0.020000,1,0.764179
34.364639,16.835018,-0.330864,16.930523,114.614838,46.557297,-282.980072,9406.748047,3994.377441,-0.680647,-0.347066,-0.645185,0.100000,0.020000,1,0.936109
35.941849,16.617479,-0.747944,599.581116,246.017151,-460.256439,19723.724609,10837.200195,-16104.029297,-0.677597,-0.546242,0.492424,0.100000,0.020000,1,0.628015
35.060036,14.691793,-0.276425,311.236877,-97.994118,-112.036255,3431.436523,-2550.147461,-2430.745361,-0.674553,-0.634158,0.377917,0.100000,0.020000,1,0.846656
32.856495,17.347673,-0.104959,-308.239166,289.657806,-22.171486,-22238.015625,12669.832031,-318.194092,-0.682446,-0.730429,0.027229,0.100000,0.020000,1,0.407932
34.006744,16.572378,0.109846,70.816139,187.560074,-87.159637,5280.114258,10759.705078,-5255.507812,-0.675248,-0.728671,0.114367,0.100000,0.020000,1,0.074925
34.674465,15.903213,0.461350,-415.428223,238.690796,-128.061859,-26254.167969,13389.911133,-8643.748047,-0.667259,-0.348197,0.658425,0.100000,0.020000,1,0.561801
33.938812,16.213264,-1.260047,-88.049805,71.291405,-215.669495,-8257.256836,3556.810059,-17313.740234,-0.757926,-0.504018,-0.414142,0.100000,0.020000,1,0.074729
34.267490,16.433229,0.599416,44.885445,-201.334351,-24.767563,1501.261108,-12341.953125,-1273.837036,-0.665883,-0.461477,0.586207,0.100000,0.020000,1,0.392718
33.316982,16.573977,-0.322217,-241.365936,17.862656,71.433846,-14161.647461,4935.289551,1980.461304,-0.657135,-0.533051,-0.532945,0.100000,0.020000,1,0.656913
34.920250,15.621449,-0.545690,199.216064,-204.186615,-60.844856,14632.489258,-16192.437500,-4698.152832,-0.662165,-0.647917,-0.376485,0.100000,0.020000,1,0.472152
33.887016,16.227060,0.198786,-42.004272,53.845016,-213.447174,-4619.958496,2525.038574,-13407.810547,-0.655324,-0.727677,0.202576,0.100000,0.020000,1,0.675295
34.024246,16.402962,-1.213805,-15.048790,38.892052,-164.025848,-2684.634033,2556.009521,-13689.164062,-0.634187,-0.621800,-0.459534,0.100000,0.020000,1,0.508738
33.752117,15.871471,-0.206271,48.437340,37.724720,6.422160,630.979980,43.019238,178.635513,-0.639061,-0.750564,-0.168091,0.100000,0.020000,1,0.248528
34.137791,16.484478,0.186923,109.066879,-150.750656,298.337616,5432.463379,-9351.076172,18332.863281,-0.720221,-0.605512,0.338579,0.100000,0.020000,1,0.147206
33.762009,17.011271,0.816530,-49.033401,178.779694,111.852631,-5823.540039,13980.820312,8713.388672,-0.610870,-0.640462,0.465453,0.100000,0.020000,1,0.773983
33.982376,17.104113,-0.549974,-13.773270,183.816895,-55.596527,-2412.906006,14590.328125,-4476.726562,-0.605939,-0.713319,-0.352155,0.100000,0.020000,1,0.645881
34.031902,16.404196,0.008931,172.253906,-164.880341,216.868561,9612.839844,-10418.351562,14759.713867,-0.615376,-0.739277,-0.273465,0.100000,0.020000,1,0.287890
34.362000,16.287617,-0.098314,81.540848,-15.884670,-21.609638,5529.308594,-1525.664795,-1878.851807,-0.593580,-0.804304,0.027515,0.100000,0.020000,1,0.861426
34.049141,16.186110,0.222626,-276.518433,311.577637,395.983887,-18579.798828,18799.166016,24823.435547,-0.595887,-0.748290,0.291515,0.100000,0.020000,1,0.217672
33.956142,16.144367,0.091873,4.732630,12.190676,41.200287,-928.025513,-279.737946,2601.698730,-0.567233,-0.817304,0.101297,0.100000,0.020000,1,0.193134
33.635754,16.855532,-0.518727,-78.450226,97.677490,-85.677826,-7705.497070,7972.389648,-7274.796387,-0.614525,-0.784867,-0.079641,0.100000,0.020000,1,0.004049
33.514584,15.869908,0.625547,291.341614,-134.651703,-269.490479,15027.538086,-10544.166992,-15849.099609,-0.561879,-0.732475,0.384413,0.100000,0.020000,1,0.856906
33.760967,16.487770,0.009398,-23.633064,29.964096,36.116882,-3538.535645,2325.334961,3000.771973,-0.556268,-0.811185,-0.180400,0.100000,0.020000,1,0.366737
34.258888,16.545719,0.065910,223.899628,-98.377609,-130.225586,14202.577148,-5504.689941,-8654.856445,-0.545643,-0.816666,0.187962,0.100000,0.020000,1,0.729960
34.043049,16.472248,-0.097031,159.032410,-186.482162,85.708038,9242.875977,-11417.243164,5296.845703,-0.552288,-0.830056,-0.077365,0.100000,0.020000,1,0.166673
34.444038,16.266869,-0.488851,-33.913177,102.473450,-24.689541,-2715.833008,6346.000977,-1138.567749,-0.614839,-0.444215,-0.651649,0.100000,0.020000,1,0.118165
34.416878,16.347618,-0.528726,-137.159058,-238.068665,-227.374023,-8605.352539,-14903.768555,-14521.798828,-0.558613,-0.629803,-0.539722,0.100000,0.020000,1,0.163150
34.048542,16.532839,-0.208505,-38.467613,-212.100433,-41.660118,-3227.494873,-12645.477539,-2490.660889,-0.522937,-0.809366,-0.267326,0.100000,0.020000,1,0.871551
34.916176,17.824221,-1.646842,322.460114,452.252350,-285.154816,14039.552734,13986.014648,-8314.200195,-0.669479,-0.162031,-0.724944,0.100000,0.020000,1,0.245842
33.921864,15.736969,0.646599,-85.320236,113.847916,-211.548431,-7094.415039,4753.426270,-12453.586914,-0.527210,-0.703241,0.476972,0.100000,0.020000,1,0.543330
33.829868,15.762198,-0.460730,-388.327209,244.056412,-442.610840,-26275.757812,13050.719727,-28469.292969,-0.498948,-0.784217,-0.368856,0.100000,0.020000,1,0.780745
34.402653,16.169353,-0.031196,225.005249,-56.425568,205.219757,15182.988281,-4271.616699,12432.262695,-0.475533,-0.873593,0.103460,0.100000,0.020000,1,0.275558
34.640823,15.904324,-0.533916,72.596329,-20.363358,5.815443,4138.284668,-2718.054199,873.411438,-0.639094,-0.258567,-0.724363,0.100000,0.020000,1,0.070405
34.783474,16.709564,-0.585050,153.939102,117.424774,10.425550,10900.798828,9204.451172,644.115845,-0.563575,-0.518298,-0.643234,0.100000,0.020000,1,0.873633
33.176376,16.014399,-0.273767,-314.812836,-43.683273,-226.658142,-7510.561523,-2936.446289,-9314.008789,-0.587900,-0.544305,0.598420,0.100000,0.020000,1,0.109321
33.689400,16.129473,-0.707409,-91.437256,-53.993683,-314.330444,-10793.839844,-5921.368652,-21215.703125,-0.529605,-0.623191,0.575458,0.100000,0.020000,1,0.421544
33.935356,16.285400,0.443922,57.091263,14.903244,-81.960800,2298.186279,836.985291,-4814.582031,-0.481823,-0.781724,0.395922,0.100000,0.020000,1,0.313176
34.564171,16.152554,0.319717,164.680481,-46.107189,39.716599,9363.731445,-988.257324,1624.615234,-0.453576,-0.867034,0.206207,0.100000,0.020000,1,0.637802
33.499485,16.368189,-0.264005,-86.559113,26.858627,-5.572388,-8218.370117,1904.939697,-757.015503,-0.450360,-0.873537,-0.184688,0.100000,0.020000,1,0.842439
33.093826,16.131695,0.035733,-304.472137,-35.237114,-80.001694,-12011.828125,-1069.685913,-5890.822266,-0.449792,-0.890407,-0.069732,0.100000,0.020000,1,0.373713
33.852291,16.341215,0.052357,-125.903534,-171.942001,-143.093933,-9160.922852,-10787.539062,-8816.215820,-0.450784,-0.892633,0.000745,0.100000,0.020000,1,0.846692
33.124992,16.008492,-0.178738,-175.038544,141.223648,-238.808014,-16822.072266,7838.806152,-18328.060547,-0.551711,-0.505403,0.663463,0.100000,0.020000,1,0.056080
33.919048,15.677800,-0.610780,-57.248169,83.432274,181.347931,-5338.572754,2729.752686,10909.290039,-0.493612,-0.687097,-0.533146,0.100000,0.020000,1,0.730155
33.781982,16.636553,-0.121489,-2.455521,88.594620,21.851540,-1754.459839,7000.702637,1889.741699,-0.434634,-0.859368,-0.269406,0.100000,0.020000,1,0.934544
34.107758,15.940761,-0.553447,-94.196381,106.052261,259.425354,-7381.638672,4978.652344,16018.362305,-0.612178,-0.597785,-0.517581,0.100000,0.020000,1,0.008053
37.447647,16.744581,-0.113841,994.550232,60.532982,-140.818268,28229.048828,-1172.560547,-3061.301270,-0.471649,-0.686121,0.553882,0.100000,0.020000,1,0.055173
33.879856,16.368057,0.374961,139.592773,-218.957336,-145.531250,7430.843262,-13617.050781,-8800.355469,-0.474301,-0.823008,0.312564,0.100000,0.020000,1,0.419160
33.815311,16.326195,0.319968,66.757545,-148.550385,-77.362106,2789.520264,-9187.879883,-4683.702637,-0.412534,-0.859764,0.301033,0.100000,0.020000,1,0.689744
32.480961,16.809996,-2.384736,-434.489410,113.232941,-550.567383,-23745.605469,10731.027344,-29734.937500,-0.493220,-0.728242,-0.475813,0.100000,0.020000,1,0.095175
33.501957,15.638048,0.488284,-164.857635,-167.573334,6.814138,-3026.360352,-5741.667969,-438.425537,-0.423873,-0.766548,0.482427,0.100000,0.020000,1,0.412309
33.954918,16.317698,0.432435,-93.439941,-4.844688,-65.062653,-3479.428467,2628.209961,-5857.702148,-0.586716,-0.441596,0.678791,0.100000,0.020000,1,0.001415
35.146175,16.829712,-2.388713,329.205353,207.405487,-688.501587,11315.197266,3305.151855,-27447.757812,-0.373753,-0.851483,-0.367813,0.100000,0.020000,1,0.419925
34.112713,15.884579,0.324878,-36.011345,-55.774368,248.689026,-2439.839844,-4981.716309,15557.406250,-0.364562,-0.842643,0.396291,0.100000,0.020000,1,0.927372
33.649948,15.703780,0.282328,51.211609,1.453835,35.932487,1451.651611,-2140.769531,2680.750000,-0.334622,-0.920229,0.202995,0.100000,0.020000,1,0.202031
33.988686,16.161045,0.017812,-103.389923,-59.106583,-99.880264,-6837.477539,-4094.674805,-5930.696777,-0.338958,-0.937460,-0.079218,0.100000,0.020000,1,0.115300
34.136028,16.378956,-0.288021,-542.022339,-223.011993,129.273254,-34319.144531,-13397.556641,8623.318359,-0.350803,-0.826042,-0.441125,0.100000,0.020000,1,0.002163
33.289536,15.654152,-0.346540,519.891052,-236.593933,124.108932,29532.968750,-17297.728516,7358.053711,-0.316108,-0.913168,-0.257295,0.100000,0.020000,1,0.490445
33.567211,15.892649,-0.325830,24.227364,36.710636,-27.278702,-487.673767,874.563293,-3161.282227,-0.322919,-0.946203,0.020588,0.100000,0.020000,1,0.056507
33.863449,16.225035,0.196056,-86.752861,-352.216858,-400.288757,-6251.351074,-22244.765625,-24885.359375,-0.312803,-0.942716,0.115934,0.100000,0.020000,1,0.440958
33.802773,16.044889,-0.271716,-81.140320,-632.559692,300.536865,-7646.785156,-40671.511719,15325.018555,-0.465309,-0.585255,0.664051,0.100000,0.020000,1,0.983354
34.136761,16.580751,-0.368544,6.298203,103.827606,55.160454,-390.165283,8085.434082,4283.648926,-0.420696,-0.662558,-0.619703,0.100000,0.020000,1,0.802828
34.073586,16.512589,-0.406622,23.156595,45.141220,13.466095,796.930054,4094.041504,1170.911743,-0.380453,-0.754664,-0.534544,0.100000,0.020000,1,0.344352
34.048527,16.205475,0.006389,-331.886810,291.232239,54.560867,-20495.125000,17569.650391,6652.104492,-0.331607,-0.821457,0.463945,0.100000,0.020000,1,0.774500
33.630871,15.614462,0.891902,-2.091995,47.873440,171.006226,-1954.382568,585.171082,13420.477539,-0.290437,-0.911488,0.291267,0.100000,0.020000,1,0.769392
34.073746,16.030352,-0.121334,-166.871857,-23.848129,-194.782410,-11112.269531,-2341.712158,-10954.342773,-0.387146,-0.781751,-0.488860,0.100000,0.020000,1,0.155392
34.839451,14.553997,-1.464018,375.483093,-362.240631,-290.330536,11891.662109,-14946.771484,-15031.048828,-0.271375,-0.897677,-0.347178,0.100000,0.020000,1,0.599205
33.178288,15.706716,-0.144763,370.999542,-154.166748,-127.274368,20009.318359,-11649.613281,-8306.790039,-0.226797,-0.969976,-0.087801,0.100000,0.020000,1,0.560466
33.372234,15.963671,0.161507,-48.259506,43.989460,-115.185272,-5631.631836,1924.096802,-6630.919922,-0.227344,-0.973770,0.009332,0.100000,0.020000,1,0.803647
33.609840,16.018166,-0.246995,-3.861561,-6.931423,-52.296204,-1834.555176,-1030.755615,-4695.625977,-0.219668,-0.970849,0.095912,0.100000,0.020000,1,0.636894
33.878620,16.021763,-0.318153,99.061180,73.962875,194.547180,3619.038330,1007.079285,15739.830078,-0.629563,-0.621241,0.466594,0.100000,0.020000,1,0.102293
35.447376,15.880531,0.144925,605.222107,-2.070240,-35.798431,12915.224609,1640.046509,-8063.842773,-0.366482,-0.723777,0.584670,0.100000,0.020000,1,0.494787
32.699108,17.319485,2.028604,-215.678619,447.661377,486.439545,-11825.670898,15409.578125,15650.936523,-0.259322,-0.882074,0.393315,0.100000,0.020000,1,0.569328
34.253593,15.092359,-1.186054,26.659935,-168.224426,-433.951477,-2900.852295,-2007.695312,-16231.494141,-0.203123,-0.961713,-0.183983,0.100000,0.020000,1,0.915681
32.790543,16.725895,1.570518,-270.454956,457.181885,399.807190,-9828.454102,14213.734375,15070.267578,-0.395449,-0.637231,0.661480,0.100000,0.020000,1,0.838453
34.518570,17.114225,1.317896,213.968323,330.299072,375.368408,15685.890625,24994.603516,30183.089844,-0.184790,-0.947794,-0.259882,0.100000,0.020000,1,0.855411
34.090927,15.343616,-0.531284,-229.043091,196.737061,228.409225,-14765.293945,9110.426758,14290.090820,-0.271535,-0.787132,-0.553798,0.100000,0.020000,1,0.964100
33.735142,16.233862,0.268072,263.444977,-247.320923,-280.030457,15590.767578,-15143.796875,-17352.832031,-0.178820,-0.960994,0.210983,0.100000,0.020000,1,0.389639
34.480698,16.708635,-1.686957,84.123123,155.332764,-272.325562,5243.326172,11897.325195,-21513.384766,-0.489866,-0.489751,-0.721231,0.100000,0.020000,1,0.231624
33.856365,16.165926,-0.424914,-6.079491,12.280792,75.040489,-2074.196533,839.576416,5362.780273,-0.329161,-0.698384,-0.635541,0.100000,0.020000,1,0.519432
33.873646,16.181305,0.632971,110.543671,-130.173584,-141.669250,5748.049316,-7973.724121,-8453.525391,-0.261089,-0.778625,0.570593,0.100000,0.020000,1,0.230822
33.817776,15.742104,-0.566770,-14.918762,27.253283,50.397720,-2021.676758,173.542465,2536.989990,-0.209872,-0.864739,-0.456268,0.100000,0.020000,1,0.200874
33.802258,16.069323,-0.067353,-230.517059,-111.650360,-319.055237,-15381.709961,-7076.556641,-19071.097656,-0.141189,-0.923354,-0.357049,0.100000,0.020000,1,0.451528
32.684219,16.330082,0.727879,-296.766968,63.672333,220.241760,-14068.666016,10584.678711,9749.541016,-0.094789,-0.995490,0.003904,0.100000,0.020000,1,0.872192
33.877846,15.973545,-0.134817,-438.501190,-253.532318,325.810242,-27905.490234,-16348.545898,20605.220703,-0.090870,-0.982988,-0.159616,0.100000,0.020000,1,0.515998
33.796822,15.987508,0.053519,-204.005676,-119.380615,69.704788,-13389.545898,-7811.181641,4873.197754,-0.082612,-0.994389,-0.066078,0.100000,0.020000,1,0.598476
35.333019,15.588117,0.002775,393.159241,-135.924347,-103.226990,30340.640625,-10615.816406,-7944.996094,-0.144647,-0.913086,0.381249,0.100000,0.020000,1,0.297036
33.505379,16.277012,-0.155251,-97.778793,137.439789,-113.500313,-2877.228760,5111.027344,-3785.639648,-0.069791,-0.979455,0.189200,0.100000,0.020000,1,0.178418
34.367012,16.351246,0.652563,77.201904,73.911171,22.497978,5513.646484,5181.982910,2395.561279,-0.313101,-0.673873,0.669225,0.100000,0.020000,1,0.170108
33.772514,15.526445,0.912796,4.870714,-105.217003,71.599014,4906.500977,4347.963867,-7503.386719,-0.186344,-0.812103,0.552959,0.100000,0.020000,1,0.321575
33.252747,17.231613,-1.606849,-123.051048,418.776886,-404.864868,8266.375977,-24163.251953,23487.833984,-0.123689,-0.880754,-0.457137,0.100000,0.020000,1,0.651592
35.144436,14.373460,-2.432176,508.637695,-135.214172,-670.867249,2873.782227,-34367.039062,-28094.296875,-0.126398,-0.941444,0.312582,0.100000,0.020000,1,0.076064
34.085655,15.765287,0.003034,-67.872978,-364.415710,-349.524780,2837.938965,18775.341797,17704.978516,0.018437,-0.995236,0.095736,0.100000,0.020000,1,0.513346
33.995792,15.938458,-0.335912,57.714584,26.141300,-50.773529,4127.799316,1526.880249,-4283.514648,0.019756,-0.996097,-0.086024,0.100000,0.020000,1,0.935682
33.861622,15.810681,-0.879651,62.693504,96.122314,-385.689331,2801.738037,7930.740723,-19956.175781,-0.226111,-0.731600,-0.643145,0.100000,0.020000,1,0.709816
33.234970,15.992372,-1.160345,-160.256424,-29.164291,-191.455383,-5936.488281,3020.168457,-7545.089355,-0.172975,-0.813759,-0.554866,0.100000,0.020000,1,0.082309
34.477661,16.089962,-0.011861,95.000885,123.451447,-92.421677,11803.072266,8121.188477,-6212.057617,-0.094468,-0.870813,0.482452,0.100000,0.020000,1,0.121956
33.720528,15.856009,0.049394,-106.776260,-214.885162,-327.680908,5945.806641,11078.113281,15396.317383,-0.018873,-0.937292,-0.348034,0.100000,0.020000,1,0.611377
33.161812,15.914639,-0.436223,-81.795166,81.360458,-61.182266,6050.877930,-3984.292969,3799.373535,0.040288,-0.982618,-0.181213,0.100000,0.020000,1,0.556783
34.817421,15.460666,-0.056387,263.143585,-66.085800,136.816864,-899.140625,5984.414062,-13979.398438,-0.457828,-0.583990,-0.670335,0.100000,0.020000,1,0.027929
33.050213,15.582560,1.079231,-24.267914,130.228043,53.971455,-10390.650391,-14696.497070,5697.499023,-0.223769,-0.721337,0.655439,0.100000,0.020000,1,0.662465
33.612675,15.896704,-0.438709,292.104065,-70.876953,205.624969,17147.667969,-4805.959473,12223.819336,-0.006756,-0.958435,-0.285232,0.100000,0.020000,1,0.009708
33.423798,15.664301,0.775324,-83.981964,-5.777241,66.086548,-7502.769043,-1601.225830,5951.519531,-0.003785,-0.922363,0.386307,0.100000,0.020000,1,0.758858
33.639309,15.929491,0.266224,-16.246452,-325.341064,-139.184021,-2025.979370,-20533.447266,-8391.592773,0.058914,-0.979980,0.190178,0.100000,0.020000,1,0.933885
34.174381,15.908412,-0.633691,-187.500763,122.457779,81.266571,-12626.825195,6763.937012,5201.620605,-0.363547,-0.591412,-0.719767,0.100000,0.020000,1,0.243795
34.635517,15.827544,1.150131,139.238892,-19.528534,156.173340,11150.751953,-2166.734863,12712.169922,-0.146608,-0.843650,0.516489,0.100000,0.020000,1,0.194682
33.863605,16.005909,0.561309,-22.838493,-119.008438,-14.130320,-2275.207031,-7434.758301,-672.393250,-0.080305,-0.822828,0.562588,0.100000,0.020000,1,0.783397
33.209354,15.561788,-0.240038,432.678101,-228.258606,-281.067841,23776.013672,-16193.393555,-16664.828125,-0.078452,-0.831313,-0.550241,0.100000,0.020000,1,0.261589
34.072304,15.747445,-0.684356,100.174789,-11.902981,-61.747696,6743.416504,-1581.164185,-5073.404785,0.001016,-0.895230,-0.445603,0.100000,0.020000,1,0.576090
33.542664,15.450113,-0.388337,20.877525,33.967155,26.014870,-130.214493,193.691544,988.347961,0.066335,-0.964284,-0.256430,0.100000,0.020000,1,0.449322
33.700516,16.067566,0.497561,78.772629,52.374275,-70.536469,3761.777344,3852.357178,-4217.038086,0.002046,-0.872880,0.487930,0.100000,0.020000,1,0.985382
34.429276,16.906010,0.585857,349.774353,301.428802,177.600876,12304.919922,8457.923828,3435.845703,0.074539,-0.932602,-0.353126,0.100000,0.020000,1,0.846176
33.485336,15.341257,0.085967,151.435791,-84.426620,-326.257019,7851.770996,-7618.523926,-21392.158203,0.091779,-0.947480,0.306364,0.100000,0.020000,1,0.564791
33.498455,15.534155,1.519357,16.962612,20.164125,410.788940,72.118736,-137.022736,-24655.707031,0.150714,-0.988561,0.005652,0.100000,0.020000,1,0.310951
33.740486,16.224281,-0.511392,36.166473,87.872757,-133.383453,-724.552917,-4985.135742,6483.271973,-0.133057,-0.755574,-0.641408,0.100000,0.020000,1,0.584347
32.098610,16.131968,0.652876,-301.864624,219.457962,200.623306,-14208.405273,5668.318359,11139.605469,-0.152518,-0.966074,-0.208422,0.100000,0.020000,1,0.016167
34.455917,14.972862,-0.084550,248.786469,-91.279800,-50.779015,-14115.713867,6919.009277,3050.258057,0.164997,-0.979626,0.114496,0.100000,0.020000,1,0.562459
36.196892,14.287172,-0.760509,863.293030,-340.437866,-259.519379,-49558.847656,21219.863281,14624.366211,0.170270,-0.970516,-0.170607,0.100000,0.020000,1,0.450745
33.443367,15.355573,0.565672,60.025860,-32.654716,-164.107773,1630.599609,-4929.402832,-8857.146484,0.170119,-0.965013,0.199525,0.100000,0.020000,1,0.359619
33.148785,15.812717,-0.424707,-147.419998,37.767990,108.485382,9233.220703,-1843.627441,-4476.282227,0.177525,-0.980560,-0.083593,0.100000,0.020000,1,0.815765
32.193264,16.077318,-1.917418,-243.555206,253.740845,-342.488861,19580.417969,-14547.156250,20690.648438,0.021578,-0.847726,-0.529996,0.100000,0.020000,1,0.897993
33.676495,15.747639,-0.464002,-502.096863,-443.778687,139.906708,-32408.970703,-28605.626953,6778.300781,0.111335,-0.993328,0.030080,0.100000,0.020000,1,0.004280
34.024734,15.905606,-0.452785,100.201538,57.157349,315.910614,7001.966797,3991.753174,19077.597656,0.180265,-0.945164,-0.272341,0.100000,0.020000,1,0.656361
34.048630,15.533086,0.690360,-112.857437,112.451111,-333.580200,-7594.779785,5165.261230,-20709.914062,-0.131641,-0.728900,0.671845,0.100000,0.020000,1,0.342981
33.858353,15.770652,0.464931,-91.740387,-64.646133,3.275926,-6160.936523,-4390.714355,372.013031,0.112269,-0.875292,0.470382,0.100000,0.020000,1,0.707538
33.669346,15.732203,0.301319,72.920929,-94.309784,-182.051544,3794.383057,-6241.260742,-11301.980469,0.192644,-0.939540,0.283112,0.100000,0.020000,1,0.444873
34.142349,15.906441,0.750127,85.364456,38.097908,43.578575,5917.432617,2528.789062,3736.679688,0.050359,-0.821090,0.568572,0.100000,0.020000,1,0.793646
33.752159,15.891905,-0.199171,-317.776215,-78.699982,879.808716,-20537.460938,-5120.782227,54278.800781,0.064522,-0.991618,0.111942,0.100000,0.020000,1,0.065404
32.374989,16.179525,-1.104175,-350.727356,220.681488,-160.067902,-28437.181641,15618.589844,-13354.726562,0.209703,-0.908802,-0.360698,0.100000,0.020000,1,0.296894
32.915844,16.906342,-2.785589,-143.956024,427.145325,-714.830566,-13426.915039,17158.919922,-45389.976562,0.281146,-0.955928,-0.084609,0.100000,0.020000,1,0.540697
33.610195,15.602343,0.127127,-14.402485,1.443690,32.369316,-1752.800537,-437.587646,2566.831055,0.286743,-0.958005,0.002011,0.100000,0.020000,1,0.941804
33.978977,16.190903,-0.450797,6.759027,-9.978894,145.150574,-651.555359,26.671806,9974.441406,-0.202842,-0.670708,-0.713446,0.100000,0.020000,1,0.508275
33.812679,15.886683,-0.548885,11.313013,-43.023972,-12.372267,-454.129303,-2862.852051,-643.345337,-0.028095,-0.765059,-0.643347,0.100000,0.020000,1,0.783059
32.591915,16.320543,1.092833,-223.163147,139.092590,165.375366,-19615.878906,10793.716797,13469.959961,0.132523,-0.904074,0.406310,0.100000,0.020000,1,0.223456
33.755978,15.523357,-0.416227,18.423222,-0.828829,152.764130,887.133911,-821.391113,8518.529297,0.303693,-0.938755,-0.162819,0.100000,0.020000,1,0.787952
33.560081,15.480612,0.358669,-75.160721,-147.343048,10.278641,-3943.985352,-4463.974609,5876.857422,0.306309,-0.945288,0.112272,0.100000,0.020000,1,0.453646
33.779881,15.639383,1.024035,-14.433277,14.939001,260.128845,-1109.263306,665.378357,19960.046875,0.302912,-0.932750,0.195506,0.100000,0.020000,1,0.990472
33.940071,16.395258,0.219231,61.487427,191.529114,0.697685,4000.386963,14159.997070,-355.255310,0.073383,-0.934591,0.348072,0.100000,0.020000,1,0.091865
35.032825,16.090042,-0.582893,300.353455,144.058029,99.694061,12263.832031,4495.311035,10624.539062,0.143029,-0.836229,-0.529400,0.100000,0.020000,1,0.924899
34.023720,15.828539,1.323464,5.226212,-137.623871,455.226440,-4711.810547,-8629.293945,27853.902344,0.156763,-0.871520,-0.464627,0.100000,0.020000,1,0.170855
34.202240,15.565976,-0.556263,134.306519,0.358219,-94.138870,9975.148438,-508.336365,-7227.763184,0.308302,-0.910701,-0.274908,0.100000,0.020000,1,0.818986
33.750866,15.647883,0.017387,13.776669,8.992054,101.277863,174.452042,197.634186,8202.251953,0.232973,-0.857036,-0.459578,0.100000,0.020000,1,0.621573
34.027927,15.087712,0.067027,-174.411713,121.798843,13.752033,-15623.646484,8233.123047,-1919.311035,0.311442,-0.885885,-0.343818,0.100000,0.020000,1,0.445638
34.775196,14.947760,2.194491,226.523468,-235.560944,410.284363,17063.226562,-18892.083984,32523.427734,-0.026204,-0.738876,0.673331,0.100000,0.020000,1,0.239720
33.931473,15.798108,-0.568172,-12.994423,16.078878,-7.898417,-1348.624512,798.628235,-459.813965,0.058470,-0.767385,-0.638515,0.100000,0.020000,1,0.793308
33.937809,15.070107,0.810273,62.193489,-2.137249,67.526802,3274.892334,-9321.046875,9607.748047,0.346777,-0.883754,0.314205,0.100000,0.020000,1,0.507866
33.248573,15.468036,-0.636513,-60.270195,63.291855,-284.072418,-20633.941406,2526.720215,-18480.373047,0.170779,-0.792525,0.585438,0.100000,0.020000,1,0.266572
34.242691,15.966047,-0.400150,231.827057,-121.270493,-90.836205,-12352.989258,5381.339844,4280.483398,0.234402,-0.802273,-0.549011,0.100000,0.020000,1,0.960132
34.189919,16.900345,0.535697,103.196320,239.647552,60.035080,-5886.207031,-15246.226562,-3276.768555,0.267134,-0.835290,0.480551,0.100000,0.020000,1,0.313407
33.694958,15.696671,-0.466159,-106.573776,-35.660110,91.314148,-7583.877930,-2043.499023,5483.702148,0.329214,-0.834767,-0.441342,0.100000,0.020000,1,0.961556
33.915440,15.526104,0.401067,-139.076050,-35.278419,-253.292816,-8486.148438,-2447.196533,-15415.343750,0.420884,-0.858849,0.291950,0.100000,0.020000,1,0.656610
33.651939,15.579762,-0.189114,55.568771,-47.477562,15.102009,2806.102051,-2949.156738,820.160217,0.442589,-0.879701,-0.173900,0.100000,0.020000,1,0.629171
33.970684,15.882320,-0.671302,-94.984177,117.898788,-31.895699,-6867.535156,7168.619629,-2105.285889,-0.092066,-0.689973,-0.717956,0.100000,0.020000,1,0.942337
33.335365,15.625703,-1.281341,-29.011749,79.711700,-128.981094,3313.461426,-3623.273193,8398.696289,0.164695,-0.764151,-0.623658,0.100000,0.020000,1,0.681718
34.088009,15.084024,-0.839379,176.751862,-71.552307,-551.887024,-9139.438477,5254.116211,31289.759766,0.241742,-0.781861,0.574678,0.100000,0.020000,1,0.448628
32.099907,16.131218,1.314405,-429.745209,259.010834,145.680130,-34220.308594,16156.126953,10194.315430,0.331622,-0.815447,0.474418,0.100000,0.020000,1,0.218473
33.855724,15.334829,-0.039319,-132.768997,106.191162,-305.407471,6698.751465,-4493.249512,16335.226562,0.350523,-0.851821,0.389275,0.100000,0.020000,1,0.252283
33.587784,15.368137,0.319448,254.465530,-117.841461,-698.338196,15151.219727,-8289.000977,-42814.964844,0.445438,-0.895120,0.018600,0.100000,0.020000,1,0.226267
34.055088,15.539356,0.654081,25.889675,3.965708,-12.270701,1703.093384,-691.356628,-478.588715,0.151475,-0.749062,0.644951,0.100000,0.020000,1,0.639919
33.626347,15.724961,-0.039991,37.872749,-80.703125,88.553795,3642.213867,-8613.725586,3593.356445,0.461220,-0.879362,0.118311,0.100000,0.020000,1,0.178578
33.757618,15.213817,-0.605724,-6.238222,15.625811,49.667870,-870.912842,-440.048065,2000.199463,0.432808,-0.822284,-0.369495,0.100000,0.020000,1,0.752309
32.665791,16.640512,0.513443,-246.308472,316.616943,124.333282,-20330.070312,24566.650391,10303.133789,0.470758,-0.878454,-0.081889,0.100000,0.020000,1,0.044158
33.846329,15.228599,0.055656,117.346756,-63.388161,556.990784,7542.171875,-5060.520508,35352.433594,0.530712,-0.847493,0.010008,0.100000,0.020000,1,0.566250
32.328686,16.103487,0.042654,-296.412598,185.618774,-1.038570,-24937.267578,14317.156250,-271.223450,0.529515,-0.842196,0.101586,0.100000,0.020000,1,0.654279
33.909691,15.915790,-0.884833,189.689026,118.074417,120.343689,10657.093750,23.923828,12187.044922,0.532467,-0.843549,-0.070022,0.100000,0.020000,1,0.517084
34.180885,14.929764,-0.551929,-190.911911,115.254837,394.970215,-12189.558594,2626.091797,21378.240234,0.442975,-0.803472,0.397751,0.100000,0.020000,1,0.883135
33.928116,15.350347,0.058078,0.661556,-323.574432,-344.789307,-294.900879,16530.798828,17556.332031,0.525644,-0.828644,0.192477,0.100000,0.020000,1,0.451439
34.388721,14.809772,-2.331986,216.077026,-70.025970,-390.883606,-550.020996,-15804.083984,-8070.344727,0.535425,-0.824168,-0.184574,0.100000,0.020000,1,0.814003
34.188049,16.740980,-0.824079,37.584160,211.153473,-59.284172,6690.187500,-15631.899414,-388.841553,0.345382,-0.763553,-0.545617,0.100000,0.020000,1,0.408074
33.926498,15.414963,-0.579266,-130.197571,62.473145,121.811905,-8143.814453,3426.613770,6986.154297,0.432951,-0.778395,-0.454593,0.100000,0.020000,1,0.819430
33.785576,15.534490,0.369709,-92.093857,-130.622711,-167.205048,-6384.192871,-8187.940430,-10817.868164,0.444629,-0.757129,0.478603,0.100000,0.020000,1,0.419961
33.646450,15.864496,-0.445058,2.272816,102.764191,-7.230242,-837.378784,8201.917969,-955.753723,0.529008,-0.768476,-0.359993,0.100000,0.020000,1,0.527209
34.101566,15.958741,-0.273425,20.440441,125.993958,-58.309006,2277.824951,10121.196289,-5969.879395,0.550064,-0.778048,0.303433,0.100000,0.020000,1,0.822011
33.899883,15.492024,0.556401,-57.356110,35.476067,49.069275,-3913.449707,1838.705933,3264.673340,0.357086,-0.739255,0.570957,0.100000,0.020000,1,0.566837
33.932014,15.543411,-0.048514,-213.292908,-56.260216,-96.751038,-13114.810547,-3358.853027,-5257.131836,0.500298,-0.819834,-0.278523,0.100000,0.020000,1,0.017697
33.726646,15.463196,0.427100,-49.877899,58.947212,-192.984604,-3851.340576,3771.450684,-11887.056641,0.525893,-0.753579,0.394404,0.100000,0.020000,1,0.946128
33.772232,15.571010,0.339512,-287.452209,-710.711914,-227.130768,-18493.826172,-44005.242188,-13642.575195,0.627143,-0.754930,0.191761,0.100000,0.020000,1,0.763662
34.527622,16.870874,0.219399,161.402710,480.586121,33.910370,13050.799805,36641.625000,3361.624756,0.637581,-0.766163,-0.080525,0.100000,0.020000,1,0.795995
35.384727,15.439579,2.557469,430.334534,67.562698,581.960571,33592.957031,4596.769043,46992.351562,0.637634,-0.761932,0.113500,0.100000,0.020000,1,0.714496
34.441898,15.052467,0.178360,-505.894592,374.926453,351.230072,-30701.466797,20218.765625,25647.826172,-0.008103,-0.690749,-0.723049,0.100000,0.020000,1,0.146601
33.708557,15.825413,0.091869,-90.641876,141.711060,287.751160,-11685.632812,8892.414062,12091.919922,0.260021,-0.725446,-0.637273,0.100000,0.020000,1,0.307019
33.893444,15.248156,0.583136,-57.341324,79.299416,110.851044,-4188.451660,3314.208496,6965.121582,0.266382,-0.708739,0.653246,0.100000,0.020000,1,0.899399
33.818977,15.475336,-0.209258,-13.419266,-66.569305,21.038933,-1394.728638,-4342.449707,2446.343750,0.444168,-0.724334,-0.527310,0.100000,0.020000,1,0.055582
34.155350,15.234103,-0.069156,82.692947,-8.665993,-164.574860,6144.736328,-1364.945312,-12456.659180,0.529750,-0.705432,0.470882,0.100000,0.020000,1,0.155997
33.628033,15.326634,-0.428248,32.471203,4.791685,-5.107087,822.313782,-70.704185,-453.980896,0.548941,-0.711472,-0.438715,0.100000,0.020000,1,0.738376
33.405918,15.439245,-1.295443,228.342834,-113.030670,276.728882,12452.123047,-6775.131348,13039.951172,0.631630,-0.730033,-0.260950,0.100000,0.020000,1,0.367930
34.814056,14.628242,-2.350319,403.123871,-213.338120,-926.636292,13698.017578,-7530.792480,-38279.679688,0.615207,-0.709723,-0.343240,0.100000,0.020000,1,0.675953
33.829552,15.203647,-0.970597,-167.100433,105.062103,61.719547,-10621.584961,6077.678223,-243.707703,0.660815,-0.750224,0.022074,0.100000,0.020000,1,0.028071
33.126358,15.795212,-0.019534,-114.063690,80.473740,-36.773556,-11327.083008,5069.266602,317.928101,0.085555,-0.688767,-0.719917,0.100000,0.020000,1,0.730262
33.409161,15.403513,-0.272257,233.450638,-126.239380,389.485687,12210.153320,-8731.550781,25840.332031,0.339665,-0.695369,-0.633316,0.100000,0.020000,1,0.308940
33.713322,15.660611,0.500316,152.016876,-244.867950,-43.778137,8498.934570,-14754.149414,-2810.040527,0.449106,-0.691668,0.565596,0.100000,0.020000,1,0.920699
33.690228,15.304791,-0.043249,955.860596,-539.172485,604.993774,59500.234375,-34127.417969,36932.910156,0.650789,-0.704067,0.284189,0.100000,0.020000,1,0.164769
34.823673,14.602160,0.117541,57.614670,-20.079323,-26.918903,7553.183594,-4090.091064,-1941.436523,0.701683,-0.685545,0.194085,0.100000,0.020000,1,0.945718
33.715763,15.198306,0.418272,-430.149078,251.802856,-811.857056,-28773.785156,14150.549805,-50068.851562,0.712943,-0.693231,0.105563,0.100000,0.020000,1,0.721970
33.936733,15.334801,-0.110369,-79.013870,93.861938,278.152649,3782.271484,-4882.173828,-13768.286133,0.719043,-0.691942,-0.064765,0.100000,0.020000,1,0.714941
31.464743,16.520346,-2.416881,-681.953003,301.743774,-784.374268,40648.019531,-18509.906250,45828.882812,0.723333,-0.690311,0.016109,0.100000,0.020000,1,0.528757
33.730797,15.550101,0.940438,-377.045593,-649.743225,1.077679,15423.245117,34962.976562,1782.196777,0.343328,-0.680899,0.646917,0.100000,0.020000,1,0.843329
33.744156,15.360419,-0.663860,-21.511086,24.254688,-135.303711,4694.996094,547.198853,7913.334961,0.532838,-0.811231,0.240805,0.100000,0.020000,1,0.166976
34.111759,15.156799,0.254975,-332.477295,-44.862457,-186.351746,16125.055664,2703.054199,9584.832031,0.635592,-0.666084,0.390327,0.100000,0.020000,1,0.665508
34.730885,15.848651,-1.897114,158.577087,230.758484,-575.560852,-10205.880859,-13162.489258,33516.601562,0.725015,-0.667312,-0.170434,0.100000,0.020000,1,0.327714
33.005219,15.608539,-1.404478,-99.479950,139.049759,-232.525085,-13407.132812,-5246.230469,-11956.177734,0.602148,-0.737034,-0.306920,0.100000,0.020000,1,0.158114
34.765553,14.592208,-0.982554,-181.990097,108.270844,-239.673584,-16241.516602,8638.525391,-7497.587402,0.715319,-0.645061,-0.268729,0.100000,0.020000,1,0.522226
33.842793,15.333132,-0.587213,27.067324,-102.968941,32.573315,-968.009766,5324.520508,-1375.379028,0.539264,-0.641010,-0.546169,0.100000,0.020000,1,0.622587
34.013992,15.549298,-0.294075,204.596161,-133.373489,-155.134338,-10353.529297,6080.524902,9740.992188,0.610887,-0.628036,0.482066,0.100000,0.020000,1,0.883704
34.919350,14.558531,-1.749830,256.258209,-131.248520,-390.048401,-15420.906250,8625.776367,23142.445312,0.629556,-0.630312,-0.454276,0.100000,0.020000,1,0.466084
33.704517,15.266080,1.457554,-102.249680,45.153366,97.545807,-6339.237305,3075.779785,9548.909180,0.529813,-0.626356,0.571818,0.100000,0.020000,1,0.795230
34.363033,15.033452,-0.225027,-558.971558,-361.162994,95.076248,-33577.507812,-23639.445312,6433.903320,0.713721,-0.598845,-0.363299,0.100000,0.020000,1,0.877441
34.370907,15.482548,0.809371,3.993790,184.298721,39.196808,-3101.958496,7045.962891,-994.960938,0.806352,-0.591334,0.010993,0.100000,0.020000,1,0.962819
33.754177,15.208259,-0.314401,125.835098,-68.470146,148.602875,7194.146484,-4078.668213,8403.974609,0.807604,-0.582907,-0.089413,0.100000,0.020000,1,0.631111
33.902874,15.090275,0.362011,431.305664,-245.569351,-310.378021,-21479.306641,12442.253906,14803.189453,0.806684,-0.580959,0.108387,0.100000,0.020000,1,0.934561
34.241035,14.895036,0.246381,87.622284,29.072294,-82.171623,-6749.979004,-16979.634766,-7952.358398,0.738121,-0.598443,0.311518,0.100000,0.020000,1,0.332945
33.678661,15.770884,-0.747439,19.161087,-302.975830,84.986267,1580.876587,10356.498047,5846.518555,0.173151,-0.668318,-0.723443,0.100000,0.020000,1,0.762719
34.044121,15.008726,0.417358,260.640717,-145.342621,-386.747955,15328.211914,-13417.151367,-25382.833984,0.440258,-0.613832,0.655273,0.100000,0.020000,1,0.706755
33.741642,15.317371,-0.820568,-107.790726,43.737564,29.396744,-7935.392090,2761.201172,487.886841,0.606897,-0.578050,-0.545467,0.100000,0.020000,1,0.815747
33.360180,15.458385,-0.102305,-93.963455,70.850754,124.448593,-8582.441406,5406.239746,9126.257812,0.696474,-0.559409,-0.449429,0.100000,0.020000,1,0.512421
35.164612,14.620737,0.516741,401.156616,-243.472595,176.920776,30285.683594,-17590.677734,12196.528320,0.786033,-0.541024,0.299075,0.100000,0.020000,1,0.791991
34.689854,14.647852,2.513592,251.302338,-141.471954,713.502930,12010.279297,-7060.917480,41030.414062,0.793162,-0.545656,-0.270468,0.100000,0.020000,1,0.011807
34.127522,15.177516,-0.268251,43.077705,-67.953896,150.896744,-928.433716,2406.011475,-8087.404297,0.813999,-0.552597,-0.179005,0.100000,0.020000,1,0.193916
33.575630,15.707800,0.346329,-179.408020,-603.106079,80.871307,10021.815430,27607.509766,-2706.597900,0.603402,-0.570753,0.556908,0.100000,0.020000,1,0.428858
33.915428,15.302773,-0.262995,-205.978088,-208.488098,356.677307,10492.373047,9793.377930,-16888.273438,0.863591,-0.495211,0.094752,0.100000,0.020000,1,0.822972
34.846504,14.545470,1.264336,130.558594,-45.351768,278.915344,6537.320312,-10084.432617,16502.132812,0.772234,-0.502080,0.389320,0.100000,0.020000,1,0.051827
36.118340,13.815075,1.602497,554.473083,-318.943329,435.027954,2174.781250,-1224.933594,-2962.828125,0.876366,-0.481358,0.016633,0.100000,0.020000,1,0.571463
33.824696,15.290962,0.321185,109.474487,-834.112427,-96.000748,6145.768555,-51698.304688,-5442.561035,0.861005,-0.471016,0.191873,0.100000,0.020000,1,0.462205
36.510181,13.588747,-1.363712,752.258728,-433.164246,-373.134583,37191.578125,-21438.283203,-18965.476562,0.880325,-0.469158,-0.070129,0.100000,0.020000,1,0.738216
33.589825,15.315186,0.655393,372.517517,-201.688629,-291.480194,21530.611328,-13071.337891,-18136.201172,0.505242,-0.561507,0.655317,0.100000,0.020000,1,0.789180
33.768112,15.279537,-0.046517,140.700897,-56.841492,-379.035461,7724.574219,-3138.002930,-22134.644531,0.676479,-0.504552,-0.536474,0.100000,0.020000,1,0.856532
34.224228,15.344892,-0.181466,-182.224396,187.696960,-57.692863,-10605.639648,13066.081055,-3774.855469,0.869966,-0.464544,-0.165403,0.100000,0.020000,1,0.284669
33.772137,15.185990,-0.564677,195.823303,-111.038055,306.999023,11292.737305,-6509.477539,18049.414062,0.848974,-0.452544,-0.272848,0.100000,0.020000,1,0.445870
33.866146,15.253339,0.310695,238.150848,-210.291962,-64.010620,14309.009766,-13058.201172,-4615.366699,0.709702,-0.500610,0.495694,0.100000,0.020000,1,0.243119
33.984604,15.079933,-0.170583,144.170685,-75.457298,-945.414001,-10707.505859,6927.459961,33876.367188,0.765628,-0.458057,-0.451661,0.100000,0.020000,1,0.675045
32.243114,16.048538,-3.797491,-564.148926,362.678589,-968.373901,-20234.554688,4151.241699,-45900.394531,0.853638,-0.428567,0.296028,0.100000,0.020000,1,0.954615
33.248272,16.189760,-1.104692,-220.044281,296.918396,-1.828766,13290.750977,-16295.886719,1318.661255,0.235969,-0.650325,-0.722077,0.100000,0.020000,1,0.080494
33.918774,15.120662,0.744682,17.602238,1.826989,-534.058105,34124.804688,10500.992188,26601.882812,0.671694,-0.474210,0.569168,0.100000,0.020000,1,0.868472
33.976997,15.047482,0.249496,5.583153,9.670303,0.000000,5402.260742,-3346.346191,34298.902344,0.750012,-0.447919,0.486673,0.100000,0.020000,1,0.790692
36.471233,13.607433,-1.317636,692.534363,-399.345032,-360.072388,12877.098633,-7578.714844,-1647.900391,0.925045,-0.370776,-0.082558,0.100000,0.020000,1,0.225021
33.481728,15.578162,0.483497,50.483673,-84.820557,89.315414,-1337.349365,4434.062012,-4600.252441,0.319013,-0.817160,0.480083,0.100000,0.020000,1,0.003907
35.897808,13.938500,-1.512978,626.136353,-333.044556,-271.627747,-36252.792969,20397.154297,16133.883789,0.578806,-0.511952,-0.634735,0.100000,0.020000,1,0.303905
32.953026,15.638670,0.966258,-257.211823,148.579590,282.572174,15950.754883,-9200.748047,-17369.017578,0.900605,-0.355716,-0.249753,0.100000,0.020000,1,0.614046
34.003498,15.032179,-0.017043,-514.922852,302.018005,-133.912537,-34247.074219,17376.369141,-9352.468750,0.910725,-0.359578,0.203184,0.100000,0.020000,1,0.361719
35.217663,14.331180,-1.073806,280.880157,-161.903687,-240.729507,19859.351562,-11531.660156,-22843.218750,0.920683,-0.353827,-0.164772,0.100000,0.020000,1,0.879434
34.089615,15.456376,0.253437,-23.545441,65.560745,57.765457,1146.056885,-4634.129883,-3556.805420,0.935030,-0.354471,0.008280,0.100000,0.020000,1,0.313051
33.307632,15.433937,-0.495290,-243.802414,141.190750,-64.111282,-18757.324219,10717.981445,-6667.404297,0.930120,-0.351660,0.105889,0.100000,0.020000,1,0.520144
33.766312,15.801001,0.561612,177.075302,-147.247757,-50.170029,-4357.860352,5747.448242,3285.664551,0.082092,-0.746519,0.660280,0.100000,0.020000,1,0.034051
34.428249,15.434171,-0.580846,55.790741,-29.856018,-2.735620,-6200.599609,-1048.894653,-3426.169678,0.441648,-0.605257,-0.662278,0.100000,0.020000,1,0.053304
33.352039,15.408299,-3.390208,-85.353195,58.342964,-744.447937,6276.594727,-2744.217529,44696.078125,0.418612,-0.567963,-0.708648,0.100000,0.020000,1,0.452934
34.276882,15.211498,-0.445547,-295.588867,-6.811665,-120.450012,14222.833984,799.913635,5618.666992,0.518116,-0.547317,-0.657267,0.100000,0.020000,1,0.002786
34.209007,14.954774,-0.567846,15.866257,-43.113770,5.600735,1608.505493,8311.998047,-6732.640137,0.728317,-0.415566,-0.544848,0.100000,0.020000,1,0.894541
34.304199,14.858571,-0.338875,-1309.189697,756.538025,101.318909,-81916.703125,46732.851562,6312.746094,0.853242,-0.384656,-0.352163,0.100000,0.020000,1,0.233225
34.015949,15.274244,0.808544,-45.713310,3.960296,-167.590118,2530.963867,-111.508614,7807.574219,0.576719,-0.480142,0.660953,0.100000,0.020000,1,0.503008
33.909546,15.177882,0.517077,74.604599,-153.190613,-100.791916,-3141.146973,7352.460449,4795.812500,0.807363,-0.353632,0.472345,0.100000,0.020000,1,0.870341
32.778065,15.739686,-0.355771,-171.101730,188.228912,-107.902084,-17147.560547,-8454.561523,-9847.642578,0.737234,-0.635531,-0.229315,0.100000,0.020000,1,0.015491
33.097790,15.882309,-1.762992,-98.571625,116.579895,-378.973816,7717.648926,-7580.902832,22171.324219,0.636624,-0.432205,-0.638677,0.100000,0.020000,1,0.593920
34.312096,14.885777,-1.027716,200.699554,-113.478790,26.899899,-4505.644531,6374.231445,1977.665527,0.806489,-0.437360,-0.397859,0.100000,0.020000,1,0.078928
32.815266,15.718207,0.160579,-209.704163,129.945618,-116.495735,14064.143555,-8046.895508,6801.853027,0.722023,-0.384826,0.574971,0.100000,0.020000,1,0.779090
29.901100,17.400703,-3.465007,-1210.514404,707.345032,-977.338989,71992.359375,-41745.347656,57188.359375,0.820549,-0.356440,-0.446823,0.100000,0.020000,1,0.114660
34.295052,15.813306,2.174039,275.502563,-35.306381,724.671021,-14138.245117,-720.866089,-42527.078125,0.956846,-0.245242,-0.155889,0.100000,0.020000,1,0.884131
34.225224,14.904167,-0.077551,-538.735657,311.811340,1245.236450,-33939.484375,19412.611328,77961.648438,0.964993,-0.244873,0.093949,0.100000,0.020000,1,0.835143
34.632481,14.676565,0.948255,173.280899,-97.762451,185.238220,-10044.151367,5833.698730,-10835.045898,0.847946,-0.337581,0.408689,0.100000,0.020000,1,0.208900
33.836552,15.128569,-0.121502,362.016632,-208.805908,-212.707458,-17198.380859,10006.834961,11908.143555,0.883666,-0.268864,0.383206,0.100000,0.020000,1,0.939383
33.958996,15.822896,-0.059621,53.973255,33.572647,20.377495,-2088.254395,-4174.157715,-1475.143921,0.941000,-0.226334,-0.251577,0.100000,0.020000,1,0.942924
34.505936,14.742098,-0.017604,429.021393,-247.112610,-412.989563,28333.587891,-16496.341797,-26880.832031,0.954839,-0.228637,0.189758,0.100000,0.020000,1,0.948156
34.284885,14.869721,0.353891,-612.803772,353.815674,-148.934631,-38143.492188,22016.582031,-9059.100586,0.914076,-0.271952,0.300845,0.100000,0.020000,1,0.169983
34.624031,14.673916,0.702458,411.118561,-236.469025,342.626892,27628.310547,-16159.586914,24501.318359,0.975723,-0.217659,0.024256,0.100000,0.020000,1,0.231997
35.237328,14.319827,0.873874,339.784332,-177.507584,42.305233,-19952.285156,11382.494141,-2852.123291,0.621899,-0.411126,0.666496,0.100000,0.020000,1,0.383090
34.055073,15.002404,-0.365502,-650.011841,386.948853,114.766304,34496.800781,-18441.667969,2841.524414,0.707993,-0.342430,-0.617647,0.100000,0.020000,1,0.366043
33.963772,15.392125,-0.443922,-5.816677,57.639771,-40.807976,870.287598,-3785.161133,1934.285645,0.789843,-0.301397,-0.534142,0.100000,0.020000,1,0.032182
33.987503,15.041414,0.503964,578.318054,-333.716705,-365.763611,35505.207031,-20540.820312,-22137.570312,0.933490,-0.189148,0.304662,0.100000,0.020000,1,0.881035
28.621563,18.139444,-3.531066,-1465.784668,846.572449,-1020.719604,88034.445312,-50775.285156,61229.484375,0.874994,-0.419343,0.241947,0.100000,0.020000,1,0.003159
34.405121,14.800305,0.665509,-323.371460,186.905136,-503.373016,15671.472656,-8848.728516,24552.111328,0.846053,-0.223572,0.483952,0.100000,0.020000,1,0.603600
35.569973,14.523742,1.390800,348.050659,-99.378830,372.070190,-21109.867188,5872.481445,-22601.923828,0.979137,-0.182860,-0.088621,0.100000,0.020000,1,0.146743
31.501947,16.476452,-1.575306,-886.393738,511.933075,-373.606476,-22558.763672,12923.294922,-20031.429688,0.924998,-0.165619,-0.341978,0.100000,0.020000,1,0.411650
34.348164,15.183619,0.441539,158.069687,-102.215210,-60.437645,-8180.249512,4350.126465,2732.836914,0.914326,-0.163561,0.370479,0.100000,0.020000,1,0.384549
34.153194,14.945752,-0.155089,289.152832,-166.057526,689.516785,17626.853516,-10382.809570,42486.039062,0.985771,-0.122396,0.115213,0.100000,0.020000,1,0.175125
34.111149,15.066312,-0.538154,9.339129,-131.165741,-29.105713,-83.292816,5896.198730,2975.935303,0.992231,-0.122124,0.023743,0.100000,0.020000,1,0.253350
34.266235,14.880487,0.003803,-257.328705,149.435623,147.384689,-16479.867188,9259.025391,8590.256836,0.972721,-0.119581,0.198781,0.100000,0.020000,1,0.675864
32.430744,15.940210,-0.532573,-507.947357,294.747650,-57.209236,-13560.927734,7328.540527,-7585.841797,0.989696,-0.110478,-0.091084,0.100000,0.020000,1,0.722076
35.059853,14.422293,-0.662151,144.597702,-82.901138,31.497337,-9464.474609,5717.461914,-1072.846313,0.821629,-0.215283,-0.527806,0.100000,0.020000,1,0.668586
34.459648,14.829350,-0.109594,-231.912170,18.102623,-8.469480,-13835.493164,1151.186279,-379.635223,0.980690,-0.109282,-0.162190,0.100000,0.020000,1,0.343177
34.359901,15.250123,0.460755,46.257553,26.033073,1.987666,3594.351318,2058.938232,-401.338409,0.690285,-0.320098,0.648880,0.100000,0.020000,1,0.448859
34.236671,16.002939,-0.406629,-47.213600,274.370544,-18.528908,-2147.686035,14918.307617,-3165.789795,0.859089,-0.220406,-0.461938,0.100000,0.020000,1,0.047485
34.311913,16.148785,-1.679230,11.220360,320.919556,-520.359802,3843.750977,10028.780273,-27931.689453,0.811462,-0.203332,0.547892,0.100000,0.020000,1,0.816245
34.032242,15.015585,0.683621,-85.286415,49.456322,287.322296,4749.695312,-2683.740723,-17181.515625,0.895820,-0.214359,-0.389303,0.100000,0.020000,1,0.232370
34.752117,14.657088,-0.235181,70.104813,-41.541672,41.610275,-4803.743164,2804.935547,-2548.593750,0.880860,-0.145473,-0.450469,0.100000,0.020000,1,0.603387
34.405140,14.800293,-0.725486,-32.749729,19.324026,-77.218765,-1728.811279,902.199219,-6923.197266,0.960436,-0.083104,-0.265812,0.100000,0.020000,1,0.122205
34.545177,15.044364,-0.110563,-164.781158,-17.455734,76.896057,7697.338867,136.307999,-3539.685791,0.999965,-0.008113,0.002076,0.100000,0.020000,1,0.560022
34.118000,15.151472,-0.506234,-142.220093,77.984413,-284.452271,-9253.303711,4497.995117,-17392.800781,0.595031,-0.379441,-0.708493,0.100000,0.020000,1,0.397931
34.556366,15.109389,-0.356478,-1205.657593,-591.624573,-939.235229,-74801.851562,-37260.207031,-58368.292969,0.730476,-0.246746,-0.636806,0.100000,0.020000,1,0.963584
35.908073,13.958702,0.446617,425.526855,-243.733551,44.182053,33553.917969,-19412.466797,2835.788086,0.869193,-0.112864,0.481420,0.100000,0.020000,1,0.240005
34.409847,14.914841,0.531446,-63.457619,-30.782688,-696.935913,-3698.903076,-1693.885620,-43213.988281,0.922625,-0.053132,0.382022,0.100000,0.020000,1,0.888011
34.461075,15.111876,-0.312346,-58.614090,-168.074646,39.522156,10179.293945,-2113.568359,8421.298828,0.934023,-0.052838,-0.353284,0.100000,0.020000,1,0.319493
34.344864,15.398148,-0.356955,189.381470,-389.950989,-119.899628,-22486.369141,29686.615234,17812.000000,0.982676,0.012793,0.184891,0.100000,0.020000,1,0.699993
34.851433,16.654764,1.486312,101.027893,451.020447,446.698120,-6343.285645,-27664.615234,-26778.203125,0.986226,0.022173,-0.163912,0.100000,0.020000,1,0.281555
34.225399,14.904065,0.231398,296.953979,-170.699585,-501.048676,17964.486328,-10542.861328,-31139.099609,0.992877,0.020787,0.117313,0.100000,0.020000,1,0.232566
34.471684,14.761871,-0.061902,336.328979,-125.128922,-121.347252,15678.213867,-23018.187500,-11798.246094,0.964601,0.028033,-0.262218,0.100000,0.020000,1,0.575698
34.028675,15.337084,-0.659557,2.730120,-6.390592,2.340422,214.795670,283.611786,-100.002571,0.536279,-0.436540,-0.722383,0.100000,0.020000,1,0.911126
35.761524,14.017182,1.103052,802.104919,-457.901276,307.599243,-44288.605469,25772.210938,-16899.125000,0.754128,-0.262300,0.602072,0.100000,0.020000,1,0.229808
34.998215,14.602571,-0.818776,-696.859375,336.929260,283.000000,32959.445312,-15712.020508,-13436.594727,0.772862,-0.158525,-0.614455,0.100000,0.020000,1,0.538917
34.261196,15.279422,-0.490637,67.882324,-315.825348,-185.908325,-3217.696533,14889.359375,9306.078125,0.836184,-0.103641,-0.538568,0.100000,0.020000,1,0.293887
34.457569,15.037333,-0.468544,71.748550,2.153589,128.043915,-3816.578125,-574.980103,-6217.956055,0.896347,-0.021002,-0.442857,0.100000,0.020000,1,0.638620
34.374012,14.818265,0.768583,30.032352,52.017548,0.000000,-5481.304688,-10948.453125,15055.906250,0.995339,0.042486,-0.086577,0.100000,0.020000,1,0.189450
33.336166,15.417465,-1.300363,-235.630707,136.139420,-441.089142,-12206.392578,7025.045410,-27099.439453,0.953652,0.042834,0.297848,0.100000,0.020000,1,0.272907
34.866573,14.680286,-0.107398,71.433029,-25.034332,-24.848877,-4722.939941,1402.791382,1592.777588,0.994181,0.105070,0.023771,0.100000,0.020000,1,0.462312
32.703239,15.782885,2.964607,-525.699829,303.792694,902.660034,30985.466797,-17844.818359,-52297.031250,0.929084,0.063506,0.364375,0.100000,0.020000,1,0.740333
34.193863,14.922273,0.479718,-68.829300,49.676777,322.115570,-6090.217773,1419.211548,20978.044922,0.986692,0.128164,0.100063,0.100000,0.020000,1,0.819003
34.477268,14.857434,-1.399902,-470.328400,168.301147,17.264847,23502.539062,-8764.665039,2776.001953,0.988432,0.136151,-0.066827,0.100000,0.020000,1,0.208028
34.690651,14.635453,-0.556122,85.805290,-49.277843,84.393051,-961.091797,-993.794678,7971.509766,0.632899,-0.308799,-0.709987,0.100000,0.020000,1,0.555003
34.221951,15.245593,0.528542,-22.881054,-54.440666,38.200005,1254.626221,2350.387207,-1701.246826,0.703665,-0.238024,0.669478,0.100000,0.020000,1,0.171015
34.333763,15.090017,0.608923,-78.721054,13.100250,54.926964,-393.677124,2105.608643,-2835.685303,0.755396,-0.144487,0.639140,0.100000,0.020000,1,0.502670
34.831535,14.554114,0.810597,-2547.747314,1471.436890,-1509.305298,-158922.515625,90994.742188,-94037.437500,0.818644,-0.090735,0.567088,0.100000,0.020000,1,0.128468
44.884235,8.766047,-0.168283,3153.074951,-1815.621582,-162.133759,95535.906250,-55118.808594,-3451.316406,0.879575,0.004320,0.475740,0.100000,0.020000,1,0.347110
36.339989,15.402239,-0.368765,490.476929,131.440765,-18.926523,39031.070312,10357.395508,-670.572937,0.837480,-0.005458,-0.546441,0.100000,0.020000,1,0.755708
34.771198,14.607976,0.270124,-171.999390,105.069649,83.205208,-9528.309570,5665.392578,4655.645996,0.886991,0.069782,0.456484,0.100000,0.020000,1,0.994618
33.795048,15.420334,0.198679,-155.379303,116.554413,136.145050,-12519.374023,9936.850586,10810.212891,0.927136,0.076480,-0.366838,0.100000,0.020000,1,0.055528
37.129421,13.237143,-1.603676,723.873657,-414.984680,-299.746216,-43337.527344,24871.605469,18687.185547,0.950794,0.155246,-0.268123,0.100000,0.020000,1,0.644243
34.846626,14.545400,1.959827,341.812469,-197.070358,465.234100,6975.382812,-4236.859863,14713.696289,0.944094,0.157023,0.289879,0.100000,0.020000,1,0.737504
35.206749,15.235618,-0.812817,420.750244,-83.521317,-163.543732,-23169.365234,3303.911377,11772.023438,0.825811,0.006508,0.563909,0.100000,0.020000,1,0.886711
34.231964,14.945216,-0.573700,324.441223,-286.267822,1107.760864,-15460.067383,13853.082031,-54689.871094,0.924228,0.157203,-0.347980,0.100000,0.020000,1,0.930059
34.635616,14.667226,-0.318369,-272.011414,157.216843,156.803421,-16670.781250,9584.331055,9211.462891,0.971210,0.167583,-0.169314,0.100000,0.020000,1,0.261269
34.044163,15.068959,-2.671718,82.009750,-46.019928,-569.028687,-3151.121094,2067.316895,34153.234375,0.770783,-0.052532,-0.634928,0.100000,0.020000,1,0.615790
33.001278,15.669178,-1.865615,-277.706726,176.277283,-638.490662,17654.017578,-11131.514648,37844.554688,0.938448,0.014874,0.345100,0.100000,0.020000,1,0.074195
31.117174,16.698599,-0.522092,-916.253052,529.276062,-190.478851,-34136.660156,19553.052734,-7021.375977,0.960614,0.191969,0.200918,0.100000,0.020000,1,0.073287
34.508938,14.938389,0.258003,-185.571335,-372.360840,35.971230,9472.548828,18027.576172,-2023.230347,0.949199,0.247817,0.193927,0.100000,0.020000,1,0.953370
34.695942,14.682631,-0.260246,-186.131439,68.601730,194.683563,8992.084961,-3338.171387,-9450.576172,0.953025,0.249347,-0.171954,0.100000,0.020000,1,0.742522
33.934456,15.072042,-0.425740,-114.120476,92.928329,-30.435663,-5533.638672,-2129.991211,684.677246,0.961022,0.263441,-0.083875,0.100000,0.020000,1,0.403963
34.206921,14.940176,0.367125,-85.012314,48.688019,18.480537,5956.279297,-2982.299072,-2111.784424,0.963913,0.265925,0.012489,0.100000,0.020000,1,0.345170
34.499020,15.870745,-2.716082,12.205536,328.347107,-771.614929,9996.486328,4228.030273,-33178.492188,0.957184,0.266370,0.113338,0.100000,0.020000,1,0.873668
34.051594,15.082540,-0.286983,-125.749023,96.275665,95.866455,-8932.904297,5859.379883,7542.814453,0.665983,-0.222432,-0.712032,0.100000,0.020000,1,0.321575
34.491772,15.289357,-0.245203,-46.376640,111.100189,-164.706970,-3181.589111,12561.851562,-10594.413086,0.922964,0.254802,0.288467,0.100000,0.020000,1,0.994208
34.273682,15.037839,0.606415,202.970886,-380.208954,271.344910,12281.989258,-23856.652344,17158.234375,0.747108,-0.055081,0.662417,0.100000,0.020000,1,0.529575
34.625347,14.699877,-1.081812,4.038406,5.765442,-114.039024,-661.987427,357.947083,7131.150391,0.788140,0.029142,-0.614806,0.100000,0.020000,1,0.919685
35.432110,14.207372,1.107393,269.855225,-131.398209,260.446869,10302.005859,8078.519531,16607.298828,0.827111,0.110289,0.551112,0.100000,0.020000,1,0.534220
34.494411,14.955360,-0.486629,-84.485443,15.930969,114.895859,1650.097168,3016.794922,-2151.564941,0.872752,0.119560,-0.473297,0.100000,0.020000,1,0.255592
34.809227,14.932181,-0.407574,-804.674072,-77.158371,461.094299,39590.992188,3495.537598,-23025.714844,0.875407,0.204625,-0.437940,0.100000,0.020000,1,0.914204
36.553375,13.570127,1.149895,593.287659,-339.468384,414.824432,12742.815430,-7308.311035,-12057.361328,0.920552,0.278362,-0.274042,0.100000,0.020000,1,0.978674
34.537342,14.741860,0.599652,-63.097664,31.682058,385.088318,-3765.213379,1721.804688,24518.085938,0.857316,0.206034,0.471762,0.100000,0.020000,1,0.747309
34.674751,15.408346,0.766024,-287.668335,-195.950653,100.098572,-17331.328125,-10454.909180,7097.283691,0.766327,0.044338,0.640919,0.100000,0.020000,1,0.564808
34.657379,15.065843,-0.193790,44.345276,-95.986130,325.094666,2625.746094,-4577.248535,18928.994141,0.905842,0.369732,0.206758,0.100000,0.020000,1,0.811245
35.771034,15.046737,-0.395735,272.479126,85.273682,-108.391998,21675.078125,6849.839844,-8857.292969,0.920954,0.377731,0.095722,0.100000,0.020000,1,0.476761
34.718121,14.833276,-0.022200,-15.419319,-69.367180,5.830026,-935.622986,-3784.759766,249.118256,0.921311,0.388765,0.006907,0.100000,0.020000,1,0.247460
34.728481,14.834866,-0.265553,54.167252,-18.150421,134.228271,3493.745850,-591.992432,7951.010254,0.909559,0.385334,-0.155627,0.100000,0.020000,1,0.193240
34.857189,14.986728,0.414660,190.705658,-29.093422,-22.211082,15411.772461,-2570.102539,-1452.235840,0.744209,-0.472805,0.471814,0.100000,0.020000,1,0.005490
34.434090,15.017554,0.739095,38.694279,-303.330109,-798.515869,-1321.386841,14493.779297,38897.609375,0.865391,0.305513,0.397190,0.100000,0.020000,1,0.287356
34.298615,14.861794,0.203185,612.362671,-342.948212,-101.731194,34810.015625,-25829.421875,-5390.761719,0.917230,0.391866,-0.071631,0.100000,0.020000,1,0.256286
34.266129,14.880551,-0.992451,-185.270935,127.010452,163.284561,-17851.898438,3701.927246,13850.199219,0.771342,0.126942,-0.623633,0.100000,0.020000,1,0.968798
34.440907,15.125727,0.601686,-275.792938,-403.880066,-274.950165,16643.708984,19131.496094,36745.917969,0.799976,0.210152,0.562028,0.100000,0.020000,1,0.527813
36.348843,13.678093,-1.712765,476.838348,-275.197571,-817.781616,13093.142578,-8169.553223,-34781.656250,0.857771,0.381218,-0.344822,0.100000,0.020000,1,0.773503
34.529320,14.728596,-0.094072,-217.786545,126.671463,-649.576660,2907.643555,-1420.703613,32921.078125,0.879933,0.403266,-0.251188,0.100000,0.020000,1,0.407184
34.783344,14.581937,0.118663,-31.618963,23.723673,-336.708954,6858.353027,-3953.048096,24698.080078,0.872040,0.250680,0.420364,0.100000,0.020000,1,0.055332
33.237274,15.474559,0.233114,-312.375641,186.730164,243.686462,19506.218750,-11238.524414,-13962.413086,0.838634,0.308279,-0.449063,0.100000,0.020000,1,0.461778
34.965145,14.777000,0.555112,-861.804382,327.897583,-196.539398,-53215.359375,20588.949219,-11881.948242,0.822340,0.312908,0.475233,0.100000,0.020000,1,0.732575
34.422241,15.449088,-0.681122,36.991867,105.003021,-83.453827,1245.899780,9519.595703,-6719.625000,0.867476,0.333690,-0.368967,0.100000,0.020000,1,0.123219
34.829430,15.065793,-0.134687,52.036789,19.166069,-68.074478,3392.175049,2737.883057,-5283.357422,0.870815,0.478663,0.112085,0.100000,0.020000,1,0.755672
34.684425,15.031700,-0.322675,116.506027,6.748280,-156.780701,6815.427734,1832.327271,-11249.186523,0.871509,0.490377,0.001225,0.100000,0.020000,1,0.149751
34.611431,15.419020,-0.085044,184.452484,-272.724854,-118.597672,13613.898438,-12965.877930,-9560.763672,0.805726,0.245723,-0.538912,0.100000,0.020000,1,0.075405
34.566929,14.763091,0.117391,115.153107,-51.882408,45.063675,6766.020996,-3537.584229,5297.697754,0.797262,0.307682,-0.519332,0.100000,0.020000,1,0.559434
34.802593,14.624186,0.416332,-78.665649,44.906189,-124.108749,-4798.385742,2249.321289,-7562.638672,0.825304,0.409706,0.388605,0.100000,0.020000,1,0.751954
34.656620,15.026020,-0.129778,19.764992,-2.559475,-33.448021,543.187866,1143.351318,-3382.305176,0.847823,0.493982,0.192818,0.100000,0.020000,1,0.433769
34.303867,14.991788,-0.501608,203.765015,-108.081604,30.624931,12633.875977,-7221.252441,2551.692139,0.682745,-0.133543,-0.718350,0.100000,0.020000,1,0.088146
34.415001,15.087304,0.519024,25.029995,-52.683777,37.894150,980.273193,-2705.861816,2074.379639,0.741729,0.130220,0.657937,0.100000,0.020000,1,0.885359
35.502350,14.653048,-0.345852,201.662476,-60.716965,38.602173,15826.507812,-4390.178223,2660.471680,0.803850,0.398441,-0.441668,0.100000,0.020000,1,0.494235
34.659859,14.823565,0.394641,-101.472610,-87.053619,-151.205475,-7143.688477,-5143.286133,-9015.572266,0.817325,0.494031,0.296502,0.100000,0.020000,1,0.383304
34.875469,14.567860,1.068865,385.430237,-210.676041,281.558563,24471.765625,-13907.852539,22927.289062,0.840735,0.509890,-0.182147,0.100000,0.020000,1,0.103858
34.752403,14.620582,-0.012796,151.150070,-80.968376,-445.714294,9174.919922,-5555.775391,-27250.599609,0.828128,0.502764,-0.247854,0.100000,0.020000,1,0.594792
35.010677,14.880453,-0.133100,-74.192352,30.752907,-95.161240,-5120.862793,1388.139893,-4069.653320,0.848564,0.521687,-0.088210,0.100000,0.020000,1,0.285967
36.556873,13.574708,-1.866671,738.706177,-421.425537,-759.022827,24412.261719,-14676.263672,-33878.320312,0.748189,0.236125,-0.620046,0.100000,0.020000,1,0.848880
34.709080,14.931927,0.345087,27.816952,33.434410,-200.406647,1463.208252,2665.899414,-12969.626953,0.783543,0.410745,0.466207,0.100000,0.020000,1,0.801120
35.903343,16.028986,-0.599560,273.395325,332.061707,-157.402222,21414.037109,26474.076172,-12520.030273,0.815351,0.578588,0.020946,0.100000,0.020000,1,0.323479
34.608829,15.181491,-0.981205,100.747498,-179.949844,-141.726318,6952.743652,-11664.791016,-6421.904297,0.695336,-0.036555,-0.717755,0.100000,0.020000,1,0.948797
34.913471,14.825419,-0.514051,-267.750244,-57.019394,157.666840,-16330.751953,-3596.075439,9753.211914,0.758929,0.397456,-0.515805,0.100000,0.020000,1,0.846674
34.929909,14.918181,-0.817739,11.868179,-37.692474,-230.052155,-586.875916,1336.887451,13561.951172,0.797916,0.599080,-0.066583,0.100000,0.020000,1,0.094178
34.533848,15.098064,0.743498,-35.345413,81.073547,126.758545,8620.250977,-155.756348,-2611.377441,0.795552,0.597861,0.098277,0.100000,0.020000,1,0.810337
35.017189,14.915267,0.358389,-160.723297,-59.721375,-169.957626,7961.958984,2987.239990,10321.533203,0.763376,0.517299,0.386859,0.100000,0.020000,1,0.446350
34.366234,14.822757,-0.453442,-122.896881,89.379372,-80.561943,-4624.932617,-880.758667,-3866.888672,0.783672,0.596861,-0.172090,0.100000,0.020000,1,0.535145
34.535801,14.863688,-0.806757,151.611084,-82.940887,80.717606,9711.351562,-5832.086426,4418.347656,0.699706,0.044411,-0.713049,0.100000,0.020000,1,0.657073
34.605476,15.153254,-0.650262,151.484802,-220.268250,296.691223,9094.125000,-12798.920898,18350.048828,0.721485,0.309932,-0.619194,0.100000,0.020000,1,0.598796
34.746540,15.140112,0.421463,-73.422775,-305.210022,-120.669815,-4557.859375,-18082.687500,-8020.428223,0.748241,0.334635,0.572848,0.100000,0.020000,1,0.305488
34.496613,16.607922,2.607170,-9.556122,549.918945,634.149841,-12201.902344,23568.277344,40601.171875,0.821115,0.478061,0.311814,0.100000,0.020000,1,0.043321
34.747017,15.854637,1.602813,-11.226501,374.418640,390.874573,-5145.182617,13775.468750,14273.958008,0.735299,0.503326,0.453870,0.100000,0.020000,1,0.548259
35.022236,15.017921,0.320878,-47.558876,-76.081886,-121.182739,-2725.248535,-3710.254395,-7342.836426,0.747730,0.604940,0.273764,0.100000,0.020000,1,0.399105
33.703678,15.284919,0.690296,-340.541504,220.744141,83.455833,-20834.607422,12737.481445,4859.469727,0.749490,0.610930,-0.255010,0.100000,0.020000,1,0.602266
34.978306,14.558059,0.288525,-159.031219,90.726776,-39.524033,-9284.708008,4480.118164,-3429.011230,0.718302,0.404244,0.566240,0.100000,0.020000,1,0.470889
35.271221,15.102609,-0.717142,75.667755,-0.139519,-69.084000,-4814.441406,-797.590332,4297.219238,0.726467,0.519337,-0.450039,0.100000,0.020000,1,0.266358
34.174538,14.933430,-1.338545,169.445908,-92.384628,-4.467208,-7380.993164,4742.525391,2121.755371,0.694513,0.130664,-0.707516,0.100000,0.020000,1,0.035919
34.647926,14.660120,3.512807,209.179810,-118.200607,775.953735,11610.930664,-9364.338867,19293.726562,0.703470,0.607205,0.369367,0.100000,0.020000,1,0.340312
33.764923,15.548675,-0.086688,-395.538574,146.986420,-23.019619,23316.068359,-12789.077148,6474.333008,0.720638,0.693285,0.006147,0.100000,0.020000,1,0.181354
36.044067,15.072879,-0.219403,281.176392,21.123184,-4.659660,-16762.757812,-1900.688965,439.680511,0.701171,0.695154,-0.158495,0.100000,0.020000,1,0.600913
34.572269,14.703799,-1.298682,56.918343,-29.994473,-707.354248,-1541.507202,1637.536255,38687.898438,0.707377,0.701557,-0.086226,0.100000,0.020000,1,0.697271
34.516350,14.736085,0.653752,168.490143,-97.276253,-134.077652,9689.992188,-6863.580078,-8171.441406,0.690516,0.325952,0.645711,0.100000,0.020000,1,0.393518
35.691700,15.113361,-0.314181,208.779907,43.799522,32.309898,-12594.368164,-2907.981689,-2059.175781,0.681067,0.507400,-0.527912,0.100000,0.020000,1,0.297392
34.028088,15.051247,0.313538,16.824593,0.366093,687.504761,-2897.450928,1129.782959,46031.597656,0.709530,0.611187,-0.350739,0.100000,0.020000,1,0.397949
34.650368,14.955443,-0.402222,74.760925,46.755875,-411.148987,-2957.020996,3785.175781,-19992.816406,0.679981,0.594986,-0.428506,0.100000,0.020000,1,0.415103
33.929115,15.178834,1.028694,-198.021088,145.410294,228.342224,-17223.000000,10875.163086,17968.958984,0.686089,0.700448,0.196606,0.100000,0.020000,1,0.637179
35.536591,14.829256,0.377733,306.563538,-43.566933,-15.011197,12670.494141,1101.393066,444.165527,0.658088,0.596673,0.459240,0.100000,0.020000,1,0.187440
33.423531,15.367025,0.576652,-219.097809,206.844345,-37.085365,-9682.044922,-12168.520508,-3590.127930,0.659753,0.496483,0.564119,0.100000,0.020000,1,0.237460
35.154118,15.163168,0.463876,-246.047882,-422.409637,-621.714844,15640.247070,26719.148438,30881.488281,0.635989,0.674051,0.375730,0.100000,0.020000,1,0.411633
34.585876,14.696401,-0.310530,201.246414,-116.051422,-13.566666,-8743.454102,6136.735840,677.685608,0.634727,0.692110,-0.343664,0.100000,0.020000,1,0.701844
34.944874,14.684049,-0.328899,-506.334839,62.743210,438.383850,25826.240234,-2818.621826,-21464.523438,0.626033,0.759267,-0.177752,0.100000,0.020000,1,0.469892
34.577774,14.995540,-0.557649,3.778675,-21.174330,20.624462,236.841064,-936.135498,1288.829834,0.772070,0.167059,-0.613188,0.100000,0.020000,1,0.042948
36.216389,14.211199,-0.281473,444.181183,-272.807495,40.584419,8247.216797,-6509.370605,3068.195557,0.623930,0.579281,-0.524543,0.100000,0.020000,1,0.379816
35.365341,14.721061,-0.196976,59.119278,-58.631088,20.593655,4897.807617,-4053.805176,1547.048950,0.641835,0.712629,-0.283209,0.100000,0.020000,1,0.199806
35.159809,14.746360,-0.022915,-76.533096,53.626289,110.227707,-4774.039062,3114.344238,6148.059082,0.609905,0.769635,0.188884,0.100000,0.020000,1,0.810907
35.189568,14.785650,-0.127471,8.439634,-45.703148,-25.221031,673.221619,-2951.182617,-1791.998413,0.615129,0.783497,-0.088025,0.100000,0.020000,1,0.120229
34.758823,15.187121,0.564764,4.406359,-5.757607,-4.055285,-41.292961,736.730835,-366.910217,0.634945,0.411491,0.653850,0.100000,0.020000,1,0.381560
35.194908,14.574578,0.297638,64.299622,-27.710159,27.679264,4447.572266,-2765.265137,1858.598755,0.622863,0.722681,0.299623,0.100000,0.020000,1,0.157349
35.037895,15.221086,-0.265278,93.779770,-140.781662,-66.650467,5406.414551,-7265.145020,-4373.083496,0.581668,0.774250,-0.249396,0.100000,0.020000,1,0.966378
37.130127,14.883063,-0.029544,568.568970,-56.944275,-181.538742,29128.062500,-5047.135742,-71.699219,0.573674,0.673070,0.466771,0.100000,0.020000,1,0.759997
34.908272,14.658050,-0.603824,-129.524200,-197.744202,-232.055908,418.857300,-5992.940430,-4478.874023,0.560098,0.773351,0.297016,0.100000,0.020000,1,0.655258
36.088436,14.687726,0.038794,179.889771,-76.647186,8.783056,14945.746094,-5476.937988,668.934204,0.544132,0.838905,0.012589,0.100000,0.020000,1,0.675633
34.608665,16.257231,-1.625757,-147.229111,346.339417,-424.247437,-11894.589844,27764.585938,-33307.121094,0.539305,0.839172,-0.070286,0.100000,0.020000,1,0.737202
35.275322,15.381582,-0.481813,160.119186,37.098816,20.422226,-3623.382812,-8296.323242,2793.537598,0.637204,0.321400,-0.700480,0.100000,0.020000,1,0.629829
34.516407,15.400173,-1.924327,-114.087128,73.407074,-341.620056,6539.487793,-4971.421875,20706.535156,0.642487,0.400953,-0.653029,0.100000,0.020000,1,0.190785
35.194397,14.850698,0.057578,24.581177,-17.562672,-2.782771,-1247.677368,781.708496,29.238363,0.587659,0.808887,0.018935,0.100000,0.020000,1,0.075316
37.017513,13.292036,0.117376,653.760376,-350.159790,-71.621574,33140.117188,-20114.107422,900.268555,0.536555,0.756635,0.373647,0.100000,0.020000,1,0.970310
35.164150,15.018689,0.168987,22.597244,16.804893,-94.817459,1059.718140,1714.325317,-5682.861816,0.512612,0.851936,0.106926,0.100000,0.020000,1,0.752558
35.111469,16.222557,-0.973497,139.487534,273.244873,-64.776581,5031.216309,19405.761719,-9165.012695,0.597253,0.484617,-0.639090,0.100000,0.020000,1,0.242674
35.693626,15.575759,-0.636798,162.577759,114.714142,-92.204727,12164.732422,10137.362305,-7528.821289,0.498399,0.829516,-0.251996,0.100000,0.020000,1,0.295256
34.806644,14.935957,0.729466,24.178402,-84.269562,-216.319153,1051.605835,-5353.182617,-13082.612305,0.577471,0.486851,0.655365,0.100000,0.020000,1,0.871141
35.150604,15.045798,0.523647,-821.213013,-18.547108,290.193054,-51210.203125,-614.762756,18320.128906,0.573008,0.580759,0.578256,0.100000,0.020000,1,0.087007
37.116138,15.309295,-1.129437,552.255737,23.074413,-221.389343,21350.230469,-1591.256104,-9191.713867,0.495505,0.744162,-0.447993,0.100000,0.020000,1,0.809750
36.680737,16.674330,0.102730,449.650665,522.276855,-33.162590,15657.833008,15816.930664,-376.546631,0.664413,0.709982,0.233412,0.100000,0.020000,1,0.028534
35.551529,14.998981,0.467529,94.611633,-33.829521,-9.150677,7555.049316,-1846.139893,-380.511322,0.480518,0.743666,0.464826,0.100000,0.020000,1,0.792454
35.222485,15.115313,0.281188,18.743969,28.304260,-17.619759,1125.837646,2570.987793,-1356.201050,0.454715,0.807611,0.375498,0.100000,0.020000,1,0.886480
35.294037,15.092104,0.250636,224.104950,-155.447662,240.126984,14303.698242,-9056.464844,15071.538086,0.462065,0.834650,0.299757,0.100000,0.020000,1,0.380190
36.901085,14.631087,-0.446083,525.466675,-124.508064,-76.504936,26426.554688,-6432.762695,2953.855469,0.446238,0.829790,-0.335143,0.100000,0.020000,1,0.628264
36.207584,13.823911,-0.844412,286.603119,-446.484253,-321.010315,13750.832031,-10950.277344,-8554.965820,0.424670,0.901625,-0.082020,0.100000,0.020000,1,0.520429
34.060936,15.029804,1.180483,-9.832672,15.005966,115.352989,3942.213867,-4317.646484,-650.464844,0.415430,0.909548,0.011887,0.100000,0.020000,1,0.998959
34.456219,14.829758,0.796223,48.062225,-9.883415,-343.195221,2166.697998,-1105.306763,-20928.281250,0.689533,0.231987,0.686095,0.100000,0.020000,1,0.031328
34.983551,14.577269,-1.543303,100.257065,-24.270935,-190.139496,7005.123535,-3157.077881,-15786.005859,0.599015,0.379313,-0.705197,0.100000,0.020000,1,0.828541
35.159134,15.103391,0.553765,62.819733,-5.655959,-15.213440,4614.386719,244.658508,-1056.744019,0.525476,0.563039,0.637857,0.100000,0.020000,1,0.463130
35.432335,14.377505,-0.234287,193.684784,-84.124496,-61.168114,-10230.008789,5492.881836,4001.756836,0.532737,0.837038,0.124735,0.100000,0.020000,1,0.193881
35.943874,15.101640,-0.499441,65.273941,-157.404419,-442.572021,-4900.269043,7415.658691,23750.966797,0.401903,0.909396,0.107105,0.100000,0.020000,1,0.643745
34.906414,15.061322,-0.389442,-298.366486,-437.735535,17.648335,15833.569336,21622.511719,-892.907654,0.416478,0.798397,-0.434864,0.100000,0.020000,1,0.828328
34.000484,15.033920,0.056273,-189.913193,168.848648,110.770798,-11620.687500,-5259.067383,1499.114746,0.445972,0.877368,-0.177015,0.100000,0.020000,1,0.222583
35.270313,15.506245,-0.301142,-85.493080,9.168083,224.093750,-5661.338379,2851.534912,13866.301758,0.377301,0.889061,-0.259257,0.100000,0.020000,1,0.770958
35.072563,15.517284,-0.646138,-7.563353,73.253799,-29.067184,-894.943542,6906.312012,-2532.468750,0.439620,0.725251,-0.529854,0.100000,0.020000,1,0.281252
34.714088,15.752168,0.233060,-164.729309,190.341995,33.003025,-16012.803711,10428.933594,25.729776,0.360906,0.887247,0.287296,0.100000,0.020000,1,0.257496
34.664783,15.072364,-0.883974,-342.860748,33.945633,467.744263,-21639.726562,2598.400635,28500.646484,0.671058,0.224537,-0.706586,0.100000,0.020000,1,0.181887
34.563068,14.859438,-1.501917,-12.634117,45.882225,-197.298462,-2604.649658,2462.068604,-16286.174805,0.525260,0.553115,-0.646657,0.100000,0.020000,1,0.117204
34.930069,15.158320,0.329063,53.710968,-62.224205,8.644046,2356.398193,-3226.103027,-163.849487,0.418228,0.721685,0.551594,0.100000,0.020000,1,0.459447
34.662815,15.141922,1.759351,-201.776855,169.621948,288.008179,-17588.273438,11046.703125,6360.422363,0.381709,0.789714,0.480260,0.100000,0.020000,1,0.711400
33.763348,15.742715,0.148000,-430.772858,132.006287,-31.901855,-19725.681641,13903.430664,3249.849121,0.414214,0.883821,0.217455,0.100000,0.020000,1,0.142561
35.153961,14.627980,0.519047,-12.503571,16.458338,-26.423201,-1512.989624,-523.858093,-888.947021,0.340935,0.865134,0.367841,0.100000,0.020000,1,0.930041
35.397820,15.381884,-0.192514,-404.070648,-251.558472,-87.594574,-25273.496094,-14297.436523,-5047.594238,0.332653,0.879523,-0.340266,0.100000,0.020000,1,0.926607
37.247673,15.685652,-2.072469,960.883545,201.523346,-520.720215,39458.847656,4848.998047,-16238.245117,0.298116,0.940306,-0.164172,0.100000,0.020000,1,0.603351
35.384178,15.049451,-0.073839,11.302259,-59.444572,-20.267147,579.007141,-3555.013428,-1624.606689,0.301337,0.953468,0.009727,0.100000,0.020000,1,0.759979
36.331356,15.210173,1.865848,340.006775,-7.566253,564.950928,10977.027344,261.654388,17679.658203,0.292856,0.948922,0.117402,0.100000,0.020000,1,0.969848
34.956688,15.343912,0.775741,29.437000,-58.074467,-69.477097,1310.505249,-2073.167236,-3375.863770,0.485141,0.644807,0.590646,0.100000,0.020000,1,0.144448
35.538887,14.310494,-0.198509,81.745819,-272.568848,103.741028,5763.596680,-14249.361328,6974.029297,0.457092,0.623861,-0.633927,0.100000,0.020000,1,0.711969
34.890057,15.260040,0.573358,190.592651,-217.709167,193.833633,11251.946289,-12666.517578,12188.862305,0.450608,0.615950,0.646186,0.100000,0.020000,1,0.528899
38.173508,15.305949,-0.435257,936.638306,11.794563,-23.412148,27422.839844,2498.666016,-2812.465332,0.281779,0.925039,-0.254759,0.100000,0.020000,1,0.349067
35.440723,15.568137,-2.411340,63.637505,82.662010,-628.500061,-3487.250488,2043.690552,-20758.343750,0.284341,0.954735,-0.087363,0.100000,0.020000,1,0.250912
34.166794,15.138672,-0.062070,-168.140350,118.385284,156.216553,-14744.282227,7960.469238,11906.615234,0.396740,0.685890,-0.610043,0.100000,0.020000,1,0.495196
35.697693,15.401830,-0.329919,109.539551,15.522522,35.897415,8454.220703,2470.526611,2544.591064,0.297213,0.848131,-0.438563,0.100000,0.020000,1,0.434196
34.611080,14.749861,-0.638336,5.852015,17.370300,-31.387672,-878.421387,83.239098,-1956.856323,0.534271,0.455184,-0.712293,0.100000,0.020000,1,0.304243
35.136520,15.411726,-0.467471,40.117317,-133.445770,102.855988,2078.482422,-6874.919434,6602.906738,0.338069,0.766427,-0.546167,0.100000,0.020000,1,0.285950
35.107841,14.824700,0.370645,-20.588448,31.713924,-65.277786,-2201.389160,1009.590271,-4354.448242,0.282754,0.835149,0.471780,0.100000,0.020000,1,0.874024
33.888168,16.615110,-0.587413,-397.180969,321.736145,-54.179474,-31398.781250,26757.320312,-4583.675781,0.238362,0.909122,-0.341587,0.100000,0.020000,1,0.687626
37.251842,16.262220,-0.363427,561.531067,330.573547,-75.397865,42863.191406,25787.865234,-5937.544922,0.193303,0.976997,-0.090062,0.100000,0.020000,1,0.950861
35.400120,15.593269,0.026178,294.240112,-949.926636,-48.877708,18222.123047,-57852.910156,-3061.206055,0.185469,0.982390,0.022599,0.100000,0.020000,1,0.216249
35.324421,15.252342,-0.486301,48.697083,-34.060822,97.068359,4008.339600,-936.342102,6285.983887,0.480275,0.658160,-0.579794,0.100000,0.020000,1,0.099196
34.799774,15.224542,-0.249456,654.972290,-217.724915,151.625687,39494.613281,-13047.367188,6375.348633,0.322741,0.755853,0.569670,0.100000,0.020000,1,0.195482
35.432545,15.389934,0.493741,-43.943100,-41.407387,-32.923084,-2637.911621,-1350.900024,-1431.744385,0.223695,0.899662,0.374925,0.100000,0.020000,1,0.668853
35.506699,15.310892,0.269139,-62.165855,-2.146851,-79.924194,-3793.813721,707.838135,-4673.599609,0.169296,0.965191,0.199363,0.100000,0.020000,1,0.397860
35.042213,16.538689,1.028629,-401.332367,327.311218,-56.555923,-19821.048828,11405.036133,-7634.145508,0.170882,0.978169,0.118262,0.100000,0.020000,1,0.559060
35.260494,15.357585,0.175860,-80.247482,124.655060,148.382675,-4612.433594,9145.969727,7663.444336,0.368464,0.669514,0.644969,0.100000,0.020000,1,0.827242
35.310875,15.281404,0.179691,-67.421448,-144.264999,58.129845,-4637.035645,-8034.144043,3534.727051,0.285156,0.929409,0.234278,0.100000,0.020000,1,0.036524
33.997841,15.402183,1.095789,-276.485046,187.031494,503.548706,-23248.638672,13029.087891,38012.917969,0.208866,0.875168,-0.436413,0.100000,0.020000,1,0.616252
35.043301,15.398883,0.419101,-97.481613,20.571465,66.552170,-2291.186523,-313.638184,661.332520,0.155524,0.948084,0.277397,0.100000,0.020000,1,0.748999
35.919014,16.375807,-0.576541,176.016052,303.653015,-283.447479,12915.093750,24410.732422,-19613.492188,0.152419,0.971442,-0.181850,0.100000,0.020000,1,0.361595
35.328747,15.252347,-0.705686,-402.707397,-75.298546,247.138031,-24967.798828,-4028.241455,14969.375977,0.311388,0.725644,-0.613579,0.100000,0.020000,1,0.350295
35.821724,15.313589,0.381087,107.210205,24.087196,123.274780,8462.093750,2726.379395,10055.008789,0.278869,0.943258,-0.180267,0.100000,0.020000,1,0.091562
35.922096,15.124989,0.314326,129.259674,-48.829712,7.185163,10143.764648,-2866.680420,963.704041,0.217183,0.952703,0.212577,0.100000,0.020000,1,0.060653
35.426266,15.700047,-0.411932,13.563229,60.589203,-25.921013,714.837036,6127.409668,-2091.621338,0.136554,0.932277,-0.334981,0.100000,0.020000,1,0.864130
34.864738,14.652399,-0.619056,-15.284790,-87.016777,-25.559395,1300.406250,5359.796875,1228.877563,0.419283,0.578325,-0.699816,0.100000,0.020000,1,0.319190
35.814751,13.986452,-0.122522,82.139984,33.311802,-324.970428,-15903.160156,-15942.615234,-18350.554688,0.556594,0.816964,0.150907,0.100000,0.020000,1,0.000721
35.266800,15.588299,0.472039,13.818065,0.311256,-23.009495,-337.278687,-1227.884399,991.681580,0.171133,0.872696,0.457291,0.100000,0.020000,1,0.310862
35.237743,15.162615,0.405837,43.740868,-25.934422,18.646191,-1608.233521,1304.377930,-1097.232666,0.124312,0.915898,0.381677,0.100000,0.020000,1,0.266394
36.092884,17.273035,1.523762,202.827332,473.872345,466.259827,3336.080322,13031.404297,18308.056641,0.060438,0.997939,0.021536,0.100000,0.020000,1,0.841549
35.549911,15.358665,-0.023708,-102.640930,57.481308,62.338814,-6448.791504,4315.502930,3493.773682,0.055264,0.994362,0.090501,0.100000,0.020000,1,0.912923
35.295525,15.271222,0.585812,-23.546696,-0.035585,-131.502625,-1531.786743,606.665771,-8003.396484,0.227460,0.790150,0.569144,0.100000,0.020000,1,0.629544
35.319088,16.221388,-0.331037,-24.037010,161.291168,-136.368958,-2438.672852,14374.901367,-10716.041016,0.033284,0.980865,0.191824,0.100000,0.020000,1,0.837474
35.632755,15.455842,-0.163437,40.899292,-18.767750,5.957229,2996.573975,25.727676,-89.495361,0.031979,0.984068,-0.174895,0.100000,0.020000,1,0.507563
35.017849,15.240349,-0.702391,-60.167107,-73.545639,68.347092,-3644.338623,-3732.255859,4087.238770,0.472776,0.512741,-0.716644,0.100000,0.020000,1,0.206533
35.450413,15.036838,0.188164,35.183517,-14.622581,-11.739132,2253.174805,-1252.412109,-1175.245728,0.177242,0.929664,0.322973,0.100000,0.020000,1,0.001860
35.327976,15.692044,-0.689485,15.331034,56.358475,-57.124947,779.090210,5722.837891,-4486.671875,0.150128,0.835036,-0.529318,0.100000,0.020000,1,0.367520
35.253983,15.586377,-0.483740,128.975037,-211.009674,128.991364,7364.237305,-11706.025391,7809.486816,0.094437,0.889581,-0.446909,0.100000,0.020000,1,0.629278
35.312607,14.981773,-0.301889,-48.269501,50.821732,35.336632,-3963.612549,2175.887939,1904.821533,0.025746,0.968508,-0.247648,0.100000,0.020000,1,0.837794
35.081272,14.509254,-0.205764,86.442001,-19.808983,80.675621,5941.861328,-2557.509277,5909.335449,0.678803,0.585101,-0.443715,0.100000,0.020000,1,0.041310
35.434635,15.427874,0.384251,-23.267094,102.368759,-104.164169,-1866.062866,7180.212891,-6098.549805,-0.000226,0.954303,0.298842,0.100000,0.020000,1,0.219149
35.185734,15.652903,0.823098,22.921432,74.607056,64.034378,-903.968750,-5068.693848,-3875.618408,0.206670,0.743483,0.636019,0.100000,0.020000,1,0.354833
33.827312,15.537961,0.477643,-429.174286,26.071178,-11.723595,38374.460938,-10229.740234,-17640.951172,0.129254,0.814875,0.565042,0.100000,0.020000,1,0.249293
34.316124,15.527535,0.459748,-296.732666,44.631321,41.700584,17921.367188,-3020.534912,-2194.660889,0.053000,0.884333,0.463840,0.100000,0.020000,1,0.481814
33.726475,15.192119,0.843237,-25.979946,104.398315,190.601654,-6591.079102,-19694.074219,9570.771484,-0.066535,0.993601,-0.091272,0.100000,0.020000,1,0.362164
35.504517,15.440200,-0.059227,-165.187912,279.482056,222.425934,-10745.703125,18215.769531,14403.637695,-0.069129,0.984401,-0.161793,0.100000,0.020000,1,0.395974
35.534397,15.558578,-0.071021,-117.991104,0.569660,167.758575,-7670.172852,1110.541138,9886.903320,-0.070881,0.991702,0.107257,0.100000,0.020000,1,0.795781
35.405399,15.558825,-0.054976,86.366364,-67.417648,132.047150,4654.570312,-3215.709717,8027.571289,-0.083125,0.996328,0.020534,0.100000,0.020000,1,0.998621
35.224892,15.240912,-0.570763,-258.001160,83.980316,107.349976,-15874.626953,5897.086914,7061.965332,0.333657,0.623791,-0.706794,0.100000,0.020000,1,0.398839
35.275917,15.426970,-0.445762,-173.287628,125.305115,-304.100037,-11496.125000,9105.488281,-18611.767578,0.193610,0.747956,-0.634884,0.100000,0.020000,1,0.119642
34.574436,15.253966,-0.294753,-172.480103,-6.634148,10.154968,-10000.835938,1499.477051,11484.904297,0.062015,0.850468,-0.522358,0.100000,0.020000,1,0.834894
34.995243,14.805713,0.939458,19.350639,24.176096,110.840988,-948.063477,-488.605103,9489.808594,-0.025108,0.925038,0.379043,0.100000,0.020000,1,0.736543
35.388531,15.574932,0.190275,173.184448,64.713745,115.705673,10113.324219,5126.199707,7388.407227,-0.093521,0.977723,0.187913,0.100000,0.020000,1,0.739764
33.892544,15.393247,-1.330666,-217.693390,150.560120,-155.525665,-19803.849609,10213.972656,-13070.707031,0.114252,0.783786,-0.610431,0.100000,0.020000,1,0.866782
37.483994,16.636652,-2.969714,567.014893,318.106506,-709.927612,44008.175781,25981.042969,-56122.257812,0.036466,0.956075,-0.290843,0.100000,0.020000,1,0.215270
35.390980,15.513595,-0.274749,-15.385784,229.875397,-69.134750,-1436.443970,15368.198242,-3903.986328,-0.040042,0.904079,-0.425486,0.100000,0.020000,1,0.797454
35.437092,14.342541,1.262699,47.849579,-290.085205,263.303680,5967.334961,-7884.559570,7078.282227,-0.098558,0.951567,0.291215,0.100000,0.020000,1,0.694851
35.642227,15.131275,0.523783,232.133728,41.522141,-25.289124,3613.620117,2020.020630,4517.293457,-0.051749,0.886649,0.459539,0.100000,0.020000,1,0.403536
36.996170,15.921152,-0.224101,429.890808,73.430420,39.665634,33072.222656,7019.484863,2561.729248,-0.114236,0.957967,-0.263151,0.100000,0.020000,1,0.584934
35.210026,15.533198,-0.668412,31.450333,-108.593735,-30.231079,287.862671,-6289.918945,-5122.092285,-0.179342,0.977470,0.111301,0.100000,0.020000,1,0.972285
35.590675,15.540207,0.062896,10.283337,-40.031975,-95.453659,511.913422,-1958.422363,-5771.750488,-0.188609,0.982049,0.002509,0.100000,0.020000,1,0.898136
35.428787,15.213348,-0.765619,67.425308,-25.040462,-106.825333,5224.003906,-1353.022705,-7279.989746,0.242450,0.667032,-0.704476,0.100000,0.020000,1,0.278921
35.542526,15.180932,-1.060877,79.621429,-32.841560,-106.464478,5979.634277,-1961.064453,-8933.680664,0.195590,0.785335,-0.587362,0.100000,0.020000,1,0.049745
35.202179,15.142320,-0.510891,-257.653259,203.779388,-150.948441,-17615.722656,12110.121094,-10212.245117,-0.064473,0.921136,-0.383865,0.100000,0.020000,1,0.165249
35.204868,15.991461,-0.196132,93.545288,-280.936859,-46.525459,4552.382812,-15218.923828,-2139.261963,-0.132561,0.894058,-0.427887,0.100000,0.020000,1,0.126333
35.471771,15.668774,0.375026,-39.281258,10.208397,-18.964317,-2798.543701,1809.684204,-1071.236694,-0.141271,0.913551,0.381401,0.100000,0.020000,1,0.793984
36.286781,15.843562,0.759279,229.682404,48.347115,108.188263,17394.830078,4769.781738,8965.077148,-0.203434,0.939866,0.274348,0.100000,0.020000,1,0.990418
35.564163,15.802094,-0.208886,-142.080048,-147.577881,-41.553337,-9114.954102,-7774.112793,-2541.065430,-0.206843,0.945196,-0.252626,0.100000,0.020000,1,0.495552
35.278587,15.634005,-0.376672,16.423130,-77.945099,10.543417,-375.142731,-4125.825195,-226.612381,-0.224966,0.957511,-0.180452,0.100000,0.020000,1,0.993514
35.057049,15.357794,-0.342787,-38.767349,-71.046204,-8.315860,-3847.654053,-4276.315430,335.175385,0.008661,0.794944,-0.606621,0.100000,0.020000,1,0.771848
35.211838,14.841784,0.453002,-295.468689,214.090973,91.484619,-19640.589844,11363.303711,5572.765137,-0.064240,0.829825,0.554314,0.100000,0.020000,1,0.605077
34.901943,16.201115,0.904840,-143.429474,170.457047,447.034119,-3939.061035,6921.824219,10191.749023,-0.065780,0.843096,-0.533724,0.100000,0.020000,1,0.044709
35.216934,15.875772,0.587162,101.030792,-16.032043,-188.710968,6397.790039,2089.884277,-11997.703125,0.261088,0.692951,0.672051,0.100000,0.020000,1,0.125585
35.109032,15.542597,0.586660,30.386749,-730.653992,-197.175491,689.396362,-45111.085938,-12217.344727,0.010517,0.808618,0.588240,0.100000,0.020000,1,0.159911
35.494247,15.534261,-0.071999,-128.569366,202.335327,344.627167,-8537.091797,13672.900391,21798.052734,-0.091196,0.991620,-0.091502,0.100000,0.020000,1,0.005526
35.729855,15.516470,0.473607,81.082962,-36.681969,-6.189421,5995.656250,-1921.254761,-163.807938,-0.160801,0.871297,0.463666,0.100000,0.020000,1,0.956662
35.683533,16.008614,1.006385,88.251862,81.686417,160.801880,-971.812988,9274.775391,15204.375000,-0.225109,0.897543,0.379135,0.100000,0.020000,1,0.336006
35.356647,16.085716,-0.501143,-27.112114,94.366089,-193.627136,-2792.710449,8546.710938,-15097.984375,-0.246258,0.946867,0.206880,0.100000,0.020000,1,0.201586
35.594234,15.156272,1.042796,71.531891,-90.075363,120.023346,5446.335938,-6371.001465,9517.445312,0.005617,0.768886,0.639362,0.100000,0.020000,1,0.256269
35.813820,15.792593,-0.459248,68.355873,34.534271,-120.694435,1057.668701,2281.312988,-3594.073730,-0.333618,0.939704,-0.075203,0.100000,0.020000,1,0.266376
35.567879,16.615170,0.786514,-23.018021,457.941467,285.667358,-3942.974854,15000.551758,10476.423828,-0.331570,0.925437,0.183377,0.100000,0.020000,1,0.657856
35.376507,15.965953,-0.395955,30.121902,146.040207,75.504791,5896.386719,6406.808594,2190.244873,0.176023,0.681192,-0.710629,0.100000,0.020000,1,0.854254
34.817547,15.677084,-0.507256,-172.822144,94.650116,40.001320,-13399.508789,7222.520996,2730.374512,-0.070628,0.785146,-0.615271,0.100000,0.020000,1,0.926144
35.433647,15.627604,-0.381377,139.799820,-16.500462,-191.655457,8381.933594,-468.974030,-11988.794922,-0.237357,0.860667,-0.450459,0.100000,0.020000,1,0.870696
35.433018,15.661416,0.003313,202.169312,-211.135040,-529.984070,12145.115234,-12627.215820,-32111.179688,-0.258707,0.899778,-0.351384,0.100000,0.020000,1,0.136084
35.198120,15.336401,0.601508,19.012613,14.319283,52.723343,-497.033997,-16.093704,4722.509766,-0.331277,0.895863,0.296116,0.100000,0.020000,1,0.751437
35.534592,16.058140,-0.156667,23.507629,-6.049927,-22.084209,1079.913818,1708.352417,-1381.958740,-0.344576,0.922033,-0.176415,0.100000,0.020000,1,0.133931
36.602577,15.579239,0.104043,424.697021,93.459534,164.469086,32915.812500,8578.740234,12749.343750,0.486351,0.708389,-0.511516,0.100000,0.020000,1,0.009867
35.047066,15.412801,-0.553619,29.553089,42.830467,81.309402,803.383545,3263.141357,5434.995117,0.077598,0.717461,-0.692264,0.100000,0.020000,1,0.460123
35.777279,14.847754,0.771472,237.106415,-96.412704,170.283417,16889.417969,-7855.019531,11433.613281,0.078264,0.736624,0.671759,0.100000,0.020000,1,0.190500
35.133320,16.283848,0.724169,-14.088242,157.668762,30.595993,-2028.251709,13700.653320,2580.592529,-0.075605,0.773769,0.628940,0.100000,0.020000,1,0.560164
35.007599,15.946885,0.079174,-74.747330,71.991364,117.019989,-6726.608887,6577.085449,9746.695312,-0.184837,0.823085,-0.536998,0.100000,0.020000,1,0.916464
35.184841,16.000257,0.178374,-63.764496,63.155472,75.676559,-5902.768555,6128.204590,5899.537109,-0.276220,0.955894,-0.099852,0.100000,0.020000,1,0.045456
35.684738,17.113346,0.184703,81.180939,356.780884,109.166840,5434.424316,28984.013672,8703.570312,-0.344025,0.897648,-0.275457,0.100000,0.020000,1,0.364530
35.361515,15.785277,-0.222175,511.496338,128.387909,-286.748169,31326.392578,9002.947266,-17740.306641,-0.339020,0.876888,-0.340785,0.100000,0.020000,1,0.434427
35.376324,15.654259,0.498454,-23.915371,38.101425,84.932274,-1919.970947,3183.116455,5321.578613,-0.186396,0.806140,0.561600,0.100000,0.020000,1,0.485160
37.710804,15.100609,0.419153,701.658386,-200.713242,-10.964032,21466.082031,-5712.750977,-10.519531,-0.261514,0.842662,0.470672,0.100000,0.020000,1,0.039086
36.343674,15.306211,2.400836,390.035736,-70.745026,521.976074,15386.017578,1381.071289,33806.781250,-0.347479,0.858937,0.376146,0.100000,0.020000,1,0.664884
35.506733,15.879158,0.109922,168.222290,-26.884073,365.148865,10107.532227,-700.301758,22766.066406,-0.425628,0.883356,0.196273,0.100000,0.020000,1,0.712521
35.649570,15.781020,-0.028842,-261.020935,19.702190,110.017487,-16447.470703,1826.293335,6468.844238,-0.432627,0.896666,0.093938,0.100000,0.020000,1,0.726898
35.512161,14.486897,0.871496,390.082275,-210.075226,129.600830,25793.380859,-16309.347656,9113.134766,0.169919,0.676162,0.716890,0.100000,0.020000,1,0.517510
36.434532,15.114610,1.340338,277.516144,-206.742218,389.506042,20937.169922,-15293.376953,31149.208984,-0.430722,0.865834,-0.254577,0.100000,0.020000,1,0.981503
35.832619,16.423388,-0.619470,111.520966,122.509064,-139.528458,7868.018555,10938.161133,-10789.157227,-0.443567,0.881746,-0.160538,0.100000,0.020000,1,0.318763
35.711502,15.360536,-0.782368,107.623489,-86.753319,-96.813278,6657.758789,-2969.194824,-1931.426392,-0.217374,0.886325,-0.408872,0.100000,0.020000,1,0.098075
35.676540,15.092908,-1.034334,112.985535,-181.750549,-120.851807,7865.650391,-14534.261719,-7904.788574,-0.280918,0.796383,-0.535592,0.100000,0.020000,1,0.480693
35.970615,15.902616,0.407833,214.412750,25.546776,27.779572,15320.666992,2890.858398,1712.495239,-0.344203,0.817470,0.461808,0.100000,0.020000,1,0.930273
35.518776,15.884776,-0.471541,-331.619080,-168.943909,511.771606,-21078.298828,-9492.578125,31991.878906,-0.356637,0.824686,-0.438980,0.100000,0.020000,1,0.493221
35.389351,15.928643,0.175806,376.886810,-8.015976,492.591003,22873.882812,539.585693,30775.193359,-0.454067,0.846349,0.278417,0.100000,0.020000,1,0.786671
34.586117,15.189115,-0.839528,-41.208405,-50.158550,-36.022141,-5386.356934,405.315674,-5811.092285,-0.177930,0.766699,-0.616858,0.100000,0.020000,1,0.097096
35.719368,15.816504,-0.049411,41.065849,-14.794884,25.896658,3557.052246,165.264481,-679.619324,-0.277283,0.782345,0.557719,0.100000,0.020000,1,0.578688
35.605801,15.828683,-0.052370,-359.948395,-122.886612,386.189331,-22869.111328,-6897.573730,23733.246094,-0.413689,0.903463,0.112314,0.100000,0.020000,1,0.121030
35.497112,15.435759,-1.317519,41.882561,-81.477341,-243.710083,2278.064941,-6197.052734,-19553.941406,-0.453065,0.818498,-0.353261,0.100000,0.020000,1,0.624811
35.515472,15.775399,-0.142063,106.325012,333.029846,334.329224,6215.308105,21143.730469,20832.359375,-0.532474,0.842123,-0.085446,0.100000,0.020000,1,0.638816
35.585373,14.118884,0.309237,274.755615,-66.968719,66.111893,-13599.041992,7777.500977,-4094.295654,-0.536511,0.843630,0.021092,0.100000,0.020000,1,0.984403
34.687439,14.637308,-0.495730,163.320572,-69.609016,-194.053360,7854.554688,-9964.663086,-5172.696777,-0.003154,0.711151,-0.703032,0.100000,0.020000,1,0.946928
35.299862,15.128606,1.162768,33.043354,-186.750793,145.387238,-1298.901123,10346.220703,-8872.921875,-0.197968,0.748051,0.633426,0.100000,0.020000,1,0.902922
35.286438,16.043159,-0.284036,-104.567200,163.296875,-146.438354,-11366.953125,-1332.165527,11159.067383,-0.539858,0.826571,-0.159168,0.100000,0.020000,1,0.074230
35.656170,16.509344,0.290470,144.912048,218.321533,20.276188,9314.482422,16919.238281,1723.052734,-0.536651,0.818794,0.203918,0.100000,0.020000,1,0.717218
35.327065,15.020761,1.214316,49.029659,-243.405334,390.453003,1606.916870,-19039.746094,29513.896484,-0.548204,0.830937,0.094954,0.100000,0.020000,1,0.080761
35.363895,15.278861,-0.307950,-218.197845,-310.414337,-92.750259,-13285.168945,-18251.906250,-5559.222168,0.419911,0.805241,-0.418642,0.100000,0.020000,1,0.025171
35.043625,17.299894,-2.709405,-101.338593,391.609375,-667.330933,-1200.416382,18449.693359,-23358.085938,-0.373362,0.767221,-0.521509,0.100000,0.020000,1,0.831780
35.643501,16.064941,-0.049578,39.576019,2.457661,4.173353,2523.877930,1601.371826,398.913879,-0.506889,0.857229,-0.090673,0.100000,0.020000,1,0.143682
36.248997,15.601879,1.016988,218.455872,-88.486633,140.267944,16615.025391,-6044.234375,11671.248047,-0.471350,0.796338,0.379045,0.100000,0.020000,1,0.561623
34.845570,15.355326,1.805226,-33.864990,-17.756065,324.077820,-4826.814941,-2297.952637,25884.679688,-0.360431,0.746197,0.559713,0.100000,0.020000,1,0.552850
35.766102,14.416190,-2.074849,62.124451,-535.901611,-647.698853,17142.365234,-8069.214844,-20462.117188,-0.511029,0.859080,0.028828,0.100000,0.020000,1,0.217832
35.487244,16.012238,0.221961,-340.159241,322.907288,330.113617,13415.385742,-7424.034180,-16821.361328,-0.560591,0.777364,0.285384,0.100000,0.020000,1,0.259596
35.361702,15.894990,0.576621,-224.382233,-122.187820,17.082886,11428.829102,5231.329590,-866.828918,-0.273238,0.724784,0.632478,0.100000,0.020000,1,0.461600
33.507111,15.318768,0.867216,-179.415100,285.276917,298.632263,-28656.007812,-19056.187500,15310.392578,-0.283316,0.728538,-0.623670,0.100000,0.020000,1,0.151761
34.622871,14.983465,0.412051,669.695740,-293.048492,17.344204,-9280.845703,2069.449219,18993.421875,-0.472250,0.746970,0.467991,0.100000,0.020000,1,0.971058
35.187351,15.892885,-1.235952,-60.377270,24.986664,-250.438049,-1187.111694,-5860.024902,-16579.576172,-0.571956,0.772155,-0.276843,0.100000,0.020000,1,0.277070
35.241947,16.271143,-0.347368,-265.847900,-96.769775,242.294266,-18326.523438,-4410.755371,13782.896484,-0.640636,0.767684,0.015682,0.100000,0.020000,1,0.886694
35.470039,16.602556,-0.367646,9.027362,122.656128,-104.657928,-2.633187,10828.416016,-8537.747070,-0.637568,0.763261,0.104595,0.100000,0.020000,1,0.276697
34.736763,16.073431,-0.807162,-19.902863,80.223969,-96.532516,-3836.702148,7742.070801,-6802.147949,-0.098192,0.702436,-0.704941,0.100000,0.020000,1,0.879754
35.318123,14.782408,-0.245634,97.391739,11.516663,-2.382657,5124.267578,-3528.783691,200.921417,-0.555424,0.747389,-0.364573,0.100000,0.020000,1,0.349743
36.681553,15.826591,-0.705779,345.863037,-90.374268,-315.936890,31739.853516,7897.281250,-2609.809570,-0.560073,0.733866,0.384394,0.100000,0.020000,1,0.923813
35.334743,16.211317,-0.523804,-232.889252,-204.319366,-61.915512,-15715.165039,-11469.787109,-5115.606445,-0.630397,0.731541,-0.259706,0.100000,0.020000,1,0.744444
35.105839,16.594582,0.923977,-12.516556,108.735443,241.972473,-2817.014893,9861.681641,18415.904297,-0.643451,0.741480,0.190203,0.100000,0.020000,1,0.475462
35.442741,16.422098,0.365858,25.813160,224.386841,238.364868,783.309692,10094.417969,9557.175781,-0.653031,0.739232,-0.164579,0.100000,0.020000,1,0.846353
35.318882,15.744956,-0.474653,-54.155251,-173.144257,-436.633301,-3686.947266,-9904.564453,-26935.888672,-0.177675,0.701505,-0.690161,0.100000,0.020000,1,0.560270
35.386196,15.997108,-0.607122,-211.510254,-89.051193,275.089539,-13838.345703,-4544.787598,16790.060547,-0.468260,0.714736,-0.519505,0.100000,0.020000,1,0.138451
35.044987,17.702984,-0.759532,-146.583969,505.968933,-172.331055,-3795.908936,17897.541016,-7379.688477,-0.546681,0.707843,-0.447322,0.100000,0.020000,1,0.704958
35.538929,16.085045,-0.101111,-60.275269,-47.499451,124.047791,-4063.076660,-2195.667480,7692.603516,-0.663563,0.744305,-0.075451,0.100000,0.020000,1,0.194717
35.346157,15.750475,-0.913944,21.072088,-55.735378,-100.237259,480.303040,-301.743164,-6362.178223,-0.369823,0.687081,-0.625421,0.100000,0.020000,1,0.137027
35.784538,15.160651,-0.748173,117.736053,-287.111816,-116.103561,8461.321289,-21256.748047,-9155.859375,-0.653451,0.674398,-0.343787,0.100000,0.020000,1,0.800461
35.651123,15.871141,-0.574530,105.160263,-70.181198,-125.072784,6993.832031,-4903.682129,-10009.936523,-0.739013,0.669437,-0.075591,0.100000,0.020000,1,0.523596
34.929794,16.026896,0.242168,-17.727600,-60.282196,27.923103,-3888.936523,-2315.381836,3753.730713,-0.737636,0.665563,0.113664,0.100000,0.020000,1,0.707983
36.201618,16.118395,0.747703,74.397598,-49.644222,192.061829,7951.493652,-1205.595703,12781.074219,-0.351019,0.671416,0.652676,0.100000,0.020000,1,0.499609
36.025223,15.007275,2.066004,209.036758,-328.972595,473.412079,8096.510742,-5982.436035,14349.154297,-0.465127,0.686736,0.558615,0.100000,0.020000,1,0.327749
35.804951,16.011845,0.486947,128.865387,20.305611,216.832520,9316.368164,2309.987549,17517.185547,-0.502681,0.722193,-0.475132,0.100000,0.020000,1,0.051898
35.423351,16.181818,-0.567355,-139.872192,-133.540161,172.530792,-9183.484375,-7224.679199,10149.176758,-0.623401,0.652214,-0.431263,0.100000,0.020000,1,0.612800
35.334599,16.303862,0.278565,-108.054108,-134.328308,93.511398,-7661.035156,-7097.948730,6038.812988,-0.714702,0.644390,0.271961,0.100000,0.020000,1,0.701132
35.160767,15.667597,-0.738533,-147.978424,-148.938477,-174.352692,-10908.332031,-10690.580078,-13082.838867,-0.717521,0.643369,-0.266911,0.100000,0.020000,1,0.646734
35.472828,16.591702,0.070079,40.617455,89.241943,-38.738182,3232.850342,9124.338867,1819.906250,-0.738372,0.644706,0.197892,0.100000,0.020000,1,0.510695
34.619350,15.186534,-0.957997,-138.490723,-46.886726,-181.551819,-11974.119141,-4679.455078,-12856.093750,-0.279463,0.667865,-0.689824,0.100000,0.020000,1,0.487544
36.070366,16.591127,-0.426515,145.899780,142.790588,70.759094,11844.754883,12561.769531,5014.019531,-0.442783,0.651020,-0.616536,0.100000,0.020000,1,0.917478
35.561184,15.747180,-0.187234,68.655487,-108.045868,-195.426727,4789.727051,-12959.521484,8613.378906,-0.672116,0.673762,0.307091,0.100000,0.020000,1,0.139679
35.521984,15.580137,-0.795051,71.937820,-131.558533,-179.529587,-4423.919922,-14045.123047,-4717.026367,-0.481888,0.876032,0.018774,0.100000,0.020000,1,0.057984
35.425282,16.009151,-0.469785,58.462685,-13.428600,-14.032921,3523.129395,-94.656464,-775.947205,-0.540376,0.638051,-0.548530,0.100000,0.020000,1,0.018533
34.254799,15.675165,0.190307,-224.435089,108.421844,285.448029,-4857.565430,11586.613281,17078.238281,-0.562173,0.659367,0.499196,0.100000,0.020000,1,0.272177
35.387787,16.661264,0.784515,31.951843,130.837982,86.560516,1505.298950,11330.298828,7233.026367,-0.656640,0.639810,0.399334,0.100000,0.020000,1,0.080885
35.400726,16.192739,0.394328,-67.627060,-168.113831,7.647963,-4599.505859,-9468.204102,359.891510,-0.636297,0.612859,0.468540,0.100000,0.020000,1,0.711791
35.222595,16.024426,0.307355,35.428467,-13.806177,-22.392086,1096.028076,-715.758362,-1527.786133,-0.710618,0.598354,0.370127,0.100000,0.020000,1,0.697858
34.535301,15.611422,-0.589960,289.226288,-44.287476,-274.515350,13988.280273,-6679.733398,-17052.474609,-0.717367,0.599570,-0.354825,0.100000,0.020000,1,0.855126
35.646439,15.293354,1.019171,107.204712,-297.480042,256.180603,10942.407227,-20282.402344,23026.990234,-0.801570,0.590307,0.094988,0.100000,0.020000,1,0.576962
34.801880,17.380907,0.292916,-197.614807,383.088135,277.631439,-7307.789551,12810.347656,13378.304688,-0.808717,0.587919,0.018094,0.100000,0.020000,1,0.923848
34.306637,16.246714,-0.044131,-169.670837,-12.347005,-520.408691,-15767.458984,-79.370346,-32734.205078,-0.811387,0.579137,-0.079064,0.100000,0.020000,1,0.290167
35.247410,15.288834,1.665298,21.862534,-216.239624,345.770874,545.864624,-15980.601562,26637.115234,-0.549955,0.612123,0.568204,0.100000,0.020000,1,0.520909
35.650425,16.821688,0.334689,84.119614,136.419739,152.493530,5960.520508,11760.687500,11944.755859,-0.790435,0.562025,-0.243596,0.100000,0.020000,1,0.512937
35.276646,16.214815,-0.695280,-2.350683,-376.849670,198.817688,-774.652710,-22188.703125,11926.828125,-0.526665,0.598122,-0.604048,0.100000,0.020000,1,0.941607
34.926834,14.623876,-0.193406,-520.932373,338.574371,-255.889053,-35052.996094,15965.919922,-14963.974609,-0.619722,0.580480,-0.528194,0.100000,0.020000,1,0.510891
35.670231,16.265486,0.604383,145.646515,45.429512,305.838348,10064.240234,3992.569336,23471.207031,-0.704845,0.560983,-0.434156,0.100000,0.020000,1,0.509538
34.773289,17.246632,-0.414277,-67.478134,322.666748,29.250660,-7266.253906,25166.490234,760.963074,-0.819556,0.546920,-0.170902,0.100000,0.020000,1,0.166050
35.175331,16.129784,0.264947,41.347904,-334.927063,895.273071,1538.630859,-20294.394531,55559.582031,-0.623078,0.561477,0.544533,0.100000,0.020000,1,0.395440
35.216591,15.941024,-0.320169,34.552666,-171.851349,-205.453613,631.930176,-5579.561035,-8765.063477,-0.870554,0.491740,0.018077,0.100000,0.020000,1,0.845570
35.453823,15.961016,0.830386,-466.982025,-220.087341,-1040.822021,-29297.339844,-13047.210938,-64682.132812,-0.446920,0.615102,0.649548,0.100000,0.020000,1,0.268956
35.201897,16.168829,0.718659,45.368752,-161.868591,-158.199738,2020.193726,-8811.202148,-9378.102539,-0.516664,0.575527,0.633898,0.100000,0.020000,1,0.556195
35.464115,16.164101,0.535357,52.168060,-28.836460,12.404243,3788.689453,-1372.096802,1412.742065,-0.704168,0.534412,0.467494,0.100000,0.020000,1,0.353747
35.320728,15.613819,0.123177,16.610214,-134.897552,-43.934669,451.470337,-9454.828125,-2967.231201,-0.783769,0.496764,0.372735,0.100000,0.020000,1,0.713659
34.891926,16.407976,0.179735,21.471111,-32.173225,-76.653137,-984.019836,-1037.694458,-4514.094727,-0.873079,0.474320,0.112930,0.100000,0.020000,1,0.354637
35.167114,16.010881,0.038359,306.903320,-471.895142,233.165222,18192.482422,-30491.154297,15133.179688,-0.881173,0.467943,-0.067557,0.100000,0.020000,1,0.882156
34.974319,15.714392,-0.062964,-147.476105,14.802490,123.543365,-8141.413086,1903.085938,4414.177246,-0.677078,0.506351,-0.534017,0.100000,0.020000,1,0.659635
34.908283,16.619780,-0.511752,78.492943,175.715881,-72.875610,2839.952637,13346.833008,-5116.644531,-0.767033,0.476950,-0.429160,0.100000,0.020000,1,0.926945
35.483971,15.906162,0.543511,178.809998,22.116179,181.676331,11357.539062,498.143921,12908.205078,-0.830880,0.511204,0.219790,0.100000,0.020000,1,0.144323
35.194786,16.129349,-0.180395,31.954865,-65.096375,10.596060,1041.972290,-4257.915527,836.246094,-0.857400,0.453256,-0.243773,0.100000,0.020000,1,0.398571
34.713802,17.634045,-0.103729,-110.127136,266.749573,66.828056,-9970.326172,22947.585938,3059.421143,-0.867840,0.458277,0.191928,0.100000,0.020000,1,0.439890
34.884434,15.977773,-0.411894,-58.755814,-93.002029,-45.377991,-5995.906738,-6718.963867,-3904.613037,-0.874717,0.449893,-0.180185,0.100000,0.020000,1,0.949277
37.172447,16.907890,0.053724,620.219788,263.912781,-195.817749,17070.951172,10077.433594,-3086.271484,-0.691310,0.483835,0.536651,0.100000,0.020000,1,0.860037
35.195354,16.360546,0.522071,22.847574,47.859695,29.153076,606.670471,4159.718262,2307.842285,-0.766597,0.454569,0.453537,0.100000,0.020000,1,0.912424
35.328804,16.187405,-0.589666,21.629297,-187.325684,632.763367,954.604004,-11531.099609,38788.722656,-0.809603,0.473232,-0.347266,0.100000,0.020000,1,0.028854
34.987885,16.257698,-0.314112,-20.182053,-122.556686,46.138435,-2996.107178,-7309.521973,2892.531494,-0.835773,0.429473,-0.342105,0.100000,0.020000,1,0.942248
34.985832,16.222353,0.282869,-441.121277,-373.386841,184.524582,-29603.494141,-23376.306641,11766.980469,-0.859341,0.427201,0.281126,0.100000,0.020000,1,0.788254
35.176857,15.854283,-0.587750,35.396332,39.054581,-44.120689,1421.997192,3174.756348,-2559.659180,-0.355627,0.608366,-0.709521,0.100000,0.020000,1,0.658496
33.875942,15.178853,0.800796,-558.604980,-339.689758,525.727051,-21528.892578,-10803.380859,18765.830078,-0.604397,0.505711,-0.615597,0.100000,0.020000,1,0.428413
34.970448,16.238913,1.110067,268.963654,-97.649643,135.263214,12522.534180,-6007.398438,37.880859,-0.929601,0.368421,0.010336,0.100000,0.020000,1,0.853044
34.366531,17.934521,1.326697,-106.286621,506.095642,164.296448,-20004.542969,34774.304688,13001.015625,-0.593358,0.499361,0.631320,0.100000,0.020000,1,0.619188
35.247318,16.223793,-0.465831,29.679333,-25.589027,-2.323321,1382.880493,-1004.865784,-150.603790,-0.742914,0.428754,-0.514052,0.100000,0.020000,1,0.728180
35.134521,16.414785,0.482999,-19.711266,-61.319870,-144.519958,-2208.468994,-2874.657471,-8536.088867,-0.841116,0.385860,0.378994,0.100000,0.020000,1,0.352840
35.189983,16.465952,0.163631,-79.049461,-51.200119,32.953011,-5758.223633,-2366.059326,2330.350830,-0.926579,0.358183,0.114698,0.100000,0.020000,1,0.074017
35.098072,16.341106,-0.258267,13.177942,-24.047173,-7.344706,-275.306763,-1183.720337,-932.779175,-0.924118,0.346329,-0.161437,0.100000,0.020000,1,0.862671
34.954765,16.032124,0.641349,284.937012,-362.607788,-46.588814,16261.568359,-21348.916016,-2965.854248,-0.333383,0.613549,0.715831,0.100000,0.020000,1,0.174930
33.306313,16.823999,-0.814873,-474.830261,158.198456,-41.489998,-38515.597656,13475.258789,-3716.170898,-0.648712,0.454101,-0.610709,0.100000,0.020000,1,0.277960
35.467171,14.187128,-0.146693,243.032867,-56.094086,33.420288,12821.519531,-24694.257812,1364.103516,-0.817131,0.372639,-0.439814,0.100000,0.020000,1,0.674084
34.889713,16.514402,0.355540,312.623535,-167.453796,-123.814957,-14409.384766,7643.990723,5933.379883,-0.898854,0.330200,0.288147,0.100000,0.020000,1,0.854023
34.875523,16.460863,-0.472617,-17.398857,38.298691,130.949005,8047.459961,11152.025391,-545.499512,-0.907915,0.325254,-0.264388,0.100000,0.020000,1,0.444908
35.114223,16.384556,0.453766,33.558834,-9.655982,-328.912048,-1046.212646,161.611755,15718.624023,-0.922125,0.327976,0.205224,0.100000,0.020000,1,0.624722
35.269505,15.848575,-1.720188,34.951260,-65.087700,-282.803802,1832.091187,-3719.201660,-22356.873047,-0.420659,0.565013,-0.709793,0.100000,0.020000,1,0.585770
35.660198,16.011328,0.393797,137.065704,-63.532379,-22.057331,8425.669922,-3776.224365,-824.022705,-0.730837,0.400771,0.552504,0.100000,0.020000,1,0.050421
34.804089,14.659583,2.340030,-223.779480,-523.687012,661.420593,-14346.556641,-15787.541992,24331.925781,-0.813704,0.335745,0.474512,0.100000,0.020000,1,0.825818
34.890030,17.014164,-0.523274,-19.189484,192.946777,-7.865875,-4805.570312,3609.252930,-10761.022461,-0.883819,0.298502,-0.360223,0.100000,0.020000,1,0.664404
35.171677,16.525564,0.379376,-229.894165,-183.089447,-60.898827,-15065.068359,-10391.186523,-3632.081055,-0.883875,0.294420,0.363431,0.100000,0.020000,1,0.914293
34.695580,15.691758,-0.754019,71.872345,15.599403,-59.400360,2016.890015,-1679.084595,-7247.800293,-0.963238,0.252433,0.091924,0.100000,0.020000,1,0.416775
35.068245,16.495060,0.039841,-39.362602,-22.329384,-90.839737,-3444.140381,-720.794739,-5239.626953,-0.964023,0.251276,-0.086724,0.100000,0.020000,1,0.839111
35.224365,16.257870,-0.220121,-102.483833,205.947998,2.113638,-6760.172852,12667.208984,-868.526733,-0.969437,0.244378,0.021716,0.100000,0.020000,1,0.747006
34.934780,17.275211,0.239704,-93.581375,259.870453,110.064056,-7302.693359,20436.306641,6884.602539,-0.931221,0.231298,0.281653,0.100000,0.020000,1,0.855944
34.888363,15.978898,-2.027226,-49.382130,-176.065948,-558.276550,15.253174,351.740112,-16934.167969,-0.939092,0.229045,-0.256213,0.100000,0.020000,1,0.646396
34.841137,16.391628,0.182356,73.414078,-146.895203,-44.873619,2837.879883,-9034.012695,-2782.725098,-0.956509,0.222628,0.188484,0.100000,0.020000,1,0.784571
35.063160,16.691648,0.017666,-91.005966,-789.391113,-91.253159,-6619.596191,-48354.042969,-5081.163086,-0.961750,0.222287,-0.160079,0.100000,0.020000,1,0.978104
35.109871,16.014778,-0.795390,138.135529,-83.800522,118.437988,7770.140625,-4562.519531,6820.956543,-0.495642,0.505571,-0.706214,0.100000,0.020000,1,0.299598
35.534760,18.920586,2.445530,163.279007,749.444946,593.253113,4626.941406,16874.373047,21698.943359,-0.639865,0.408295,0.651052,0.100000,0.020000,1,0.917531
35.527935,15.680355,0.274349,128.902130,-173.410339,239.742599,11844.648438,-21060.697266,10562.173828,-0.788405,0.304658,-0.534418,0.100000,0.020000,1,0.738429
35.376831,16.210096,0.564545,112.905411,-117.264893,-48.428436,7601.740234,-7476.531738,-2444.260498,-0.847247,0.261874,0.462162,0.100000,0.020000,1,0.999546
34.861629,16.466898,-0.521165,188.306213,-104.524582,332.506470,10194.212891,-5645.361328,20471.316406,-0.859669,0.260311,-0.439552,0.100000,0.020000,1,0.725973
34.490082,15.072431,-0.196282,-69.494064,137.449524,-725.664856,-7695.079102,4458.033691,-44305.910156,-0.710397,0.344759,-0.613578,0.100000,0.020000,1,0.069515
34.777641,16.162418,0.341428,80.905258,102.587540,84.481186,3062.091553,6504.699219,4662.491211,-0.776927,0.297572,0.554830,0.100000,0.020000,1,0.764249
33.922829,15.805593,-0.448228,-191.546265,-332.593384,159.392853,-17564.212891,-23112.738281,9495.529297,-0.917889,0.194313,-0.346010,0.100000,0.020000,1,0.990507
34.762497,16.357876,-0.152669,-9.239304,-44.853798,-35.151810,-2457.052734,-2977.236328,-2580.172852,-0.987798,0.137467,-0.073198,0.100000,0.020000,1,0.863240
36.318253,16.238882,1.056125,397.273499,0.178341,157.122223,12679.165039,253.145752,4090.533447,-0.703157,0.335839,0.626723,0.100000,0.020000,1,0.969420
33.800602,15.961792,-0.157144,-355.064148,24.996576,58.690659,-6507.080566,780.747437,2317.779541,-0.830187,0.230133,-0.507767,0.100000,0.020000,1,0.629616
35.687756,17.944374,-0.935633,230.450165,390.217499,-232.930725,11920.286133,25252.849609,-14566.611328,-0.991454,0.130434,0.002350,0.100000,0.020000,1,0.350099
35.466637,16.975397,-0.928174,171.953217,101.740723,-164.404236,11994.259766,8856.520508,-13662.963867,-0.980236,0.120438,-0.156946,0.100000,0.020000,1,0.326414
35.044083,16.556698,0.166266,-223.528259,18.070374,-164.474579,-14736.721680,1796.082764,-10085.088867,-0.987429,0.117831,0.105351,0.100000,0.020000,1,0.305186
34.779240,16.807692,0.461786,-66.168213,178.804840,297.667572,-2068.868896,12714.213867,17925.027344,-0.552625,0.448170,-0.702673,0.100000,0.020000,1,0.741988
34.496895,15.948423,0.459863,89.829048,0.912712,-64.155571,2741.130615,-1512.094727,-3547.175781,-0.913788,0.154722,0.375570,0.100000,0.020000,1,0.381667
35.209442,15.905517,0.301969,-273.444061,316.515625,-703.436890,-17153.828125,17948.453125,-43875.414062,-0.974507,0.111464,0.194709,0.100000,0.020000,1,0.800372
34.910259,16.426491,-0.155691,-61.935028,307.526062,-85.643295,-5002.301758,19590.923828,-5090.899414,-0.961332,0.102762,-0.255500,0.100000,0.020000,1,0.230057
36.128387,16.897461,0.850182,299.846191,149.271942,349.870483,26380.619141,13475.736328,26332.835938,-0.752391,0.262735,-0.604051,0.100000,0.020000,1,0.531337
35.425587,17.083372,0.643400,73.744995,124.956879,81.440079,5576.219238,11512.845703,5757.440918,-0.809635,0.209638,0.548219,0.100000,0.020000,1,0.234399
35.524342,16.044716,0.061666,259.669128,-110.866554,85.289818,10118.342773,2974.691406,-1155.688477,-0.933653,0.094202,-0.345569,0.100000,0.020000,1,0.881693
34.875359,16.027056,0.720910,14.780794,-120.267914,128.080704,-220.908585,-9107.373047,10064.998047,-0.958662,0.079830,0.273121,0.100000,0.020000,1,0.774890
34.758060,16.487204,-0.022061,520.950134,-54.976189,70.687340,31355.173828,-3286.383301,4292.106445,-0.999379,0.028663,0.020517,0.100000,0.020000,1,0.659546
36.715755,17.797459,-0.038649,626.365662,473.110748,-111.612671,21472.294922,14139.370117,-1991.556641,-0.739517,0.251707,0.624306,0.100000,0.020000,1,0.688800
34.769646,16.474552,0.443650,-85.069977,-421.823669,556.913574,-6995.590332,-25890.921875,35216.394531,-0.871438,0.127133,0.473744,0.100000,0.020000,1,0.899061
34.536289,15.353197,1.864117,114.030411,3.628891,373.726440,4811.847656,-4340.646973,31028.451172,-0.995607,0.010868,0.093001,0.100000,0.020000,1,0.490018
34.738289,16.537439,0.015887,76.149689,-156.892181,-372.004517,3283.910400,-9484.558594,-22747.839844,-0.984247,0.010517,-0.176484,0.100000,0.020000,1,0.935059
34.645084,16.631105,-0.111936,110.825272,-349.491455,130.094055,5092.604980,-21310.273438,8009.261719,-0.997529,0.001939,-0.070226,0.100000,0.020000,1,0.577068
35.312977,16.239037,-0.039064,-157.794830,-34.045158,-356.531128,-10658.037109,-1584.816406,-21862.115234,-0.819758,0.531557,-0.213175,0.100000,0.020000,1,0.017305
34.827213,15.897319,-0.356637,102.231430,-16.871744,36.269009,1479.776001,-1329.880005,870.000488,-0.882439,0.132465,-0.451391,0.100000,0.020000,1,0.168363
34.698139,16.094576,-1.700832,-69.060440,-52.205780,-280.081726,1924.749512,3733.038574,-7123.856445,-0.596080,0.380385,-0.707104,0.100000,0.020000,1,0.514111
34.947025,16.439215,-0.323150,-35.589928,2.100441,6.210136,-2895.266602,497.069000,683.125977,-0.899475,0.047676,-0.434364,0.100000,0.020000,1,0.788112
33.435036,17.315485,-0.878419,-402.523590,228.900665,-348.758636,-12841.833008,15149.770508,-15546.646484,-0.956471,-0.014602,0.291462,0.100000,0.020000,1,0.350223
36.156227,16.545769,-1.408165,300.042969,147.117950,-405.509705,23439.835938,9704.152344,-32185.371094,-0.982324,-0.016520,0.186456,0.100000,0.020000,1,0.245538
34.734966,16.417501,-0.726362,37.761326,53.051804,-133.596466,979.413879,3272.899414,-10532.563477,-0.968663,-0.020216,-0.247555,0.100000,0.020000,1,0.691879
35.075863,16.262167,-0.651394,-30.719215,-113.310867,2.741561,-2600.632080,-6221.229004,71.774757,-0.647389,0.316164,-0.693490,0.100000,0.020000,1,0.396970
33.314861,16.188719,-0.323607,-320.512878,-92.761292,-10.661369,-12121.150391,14049.943359,3128.680420,-0.941811,-0.030991,-0.334711,0.100000,0.020000,1,0.869735
34.694511,16.527031,0.038778,212.993622,-90.224152,18.852699,12147.518555,-5541.862793,1306.176147,-0.993865,-0.109934,0.012138,0.100000,0.020000,1,0.869362
34.563759,17.143476,-0.746228,-90.277222,214.028290,-30.646210,-2032.895142,11050.115234,-5083.194336,-0.767994,0.158329,-0.620577,0.100000,0.020000,1,0.389211
34.617493,16.477301,-0.298112,94.135483,154.739471,139.045151,3822.950195,10585.546875,9549.691406,-0.839329,0.100806,-0.534195,0.100000,0.020000,1,0.099765
35.433033,16.493042,0.168484,35.854248,-204.385651,80.991241,-3506.090820,-10791.830078,5968.254883,-0.918027,0.033317,0.395117,0.100000,0.020000,1,0.001415
34.796322,16.599169,0.181978,-56.282471,-99.492477,280.105103,-4554.286133,-5471.803711,17001.175781,-0.923648,-0.041731,0.380963,0.100000,0.020000,1,0.704139
34.699654,16.716604,1.535559,166.770447,-110.749649,647.298340,7892.391113,-6624.112305,22531.203125,-0.979285,-0.112476,-0.168375,0.100000,0.020000,1,0.230626
32.997227,17.087055,-0.579621,-432.597839,114.277283,-186.993805,-35630.894531,9757.567383,-14932.610352,-0.974987,-0.119924,0.187134,0.100000,0.020000,1,0.316859
34.068848,17.649942,0.939671,-345.389496,458.660065,321.962921,-17846.919922,13497.396484,18042.845703,-0.985676,-0.129434,0.108115,0.100000,0.020000,1,0.472507
34.928299,16.316921,0.600269,-256.109528,-157.164215,32.186626,-17072.849609,-9375.742188,2137.072998,-0.754351,0.163213,0.635859,0.100000,0.020000,1,0.302997
34.408039,15.999582,-0.620284,48.385658,31.504723,51.819458,498.702362,361.551025,2317.349854,-0.899690,-0.050667,-0.433579,0.100000,0.020000,1,0.413412
34.882263,16.631304,-0.167860,339.099060,-241.665283,108.516739,19807.435547,-14093.110352,6552.224121,-0.972308,0.207817,-0.106911,0.100000,0.020000,1,0.072540
35.122845,16.318495,0.508656,-644.583252,263.345978,187.344543,-40598.832031,16834.097656,11788.833984,-0.815836,0.084275,0.572109,0.100000,0.020000,1,0.275184
35.824524,16.134407,0.173115,309.746674,-139.703873,91.342529,15748.080078,4547.759766,6697.625977,-0.790332,0.078466,-0.607633,0.100000,0.020000,1,0.720866
34.900040,16.476931,0.414979,-410.843140,134.223358,20.577221,-26328.548828,8836.728516,1330.430298,-0.889563,-0.075607,0.450512,0.100000,0.020000,1,0.695313
35.766956,17.704971,-0.023983,292.768494,288.613586,-80.231125,21886.888672,23382.400391,-6202.036621,-0.949276,-0.153298,0.274543,0.100000,0.020000,1,0.645791
34.336567,16.064255,-1.477384,-74.020630,-72.306686,-260.232056,-7631.025879,-5621.069824,-20546.849609,-0.839548,0.005759,-0.543255,0.100000,0.020000,1,0.093359
35.273594,16.297503,0.115732,125.092896,-43.671356,-76.454605,10666.063477,-4375.583984,-6501.311523,-0.878265,-0.011468,0.478036,0.100000,0.020000,1,0.205732
34.441296,16.432938,0.548632,-38.997856,-1.591820,243.343384,-1252.619019,2599.440186,10986.285156,-0.924350,-0.166288,-0.343402,0.100000,0.020000,1,0.788681
34.039303,17.127621,0.390276,-145.682373,125.815277,93.727737,-12776.343750,10489.992188,7526.262695,-0.973220,-0.229810,0.005514,0.100000,0.020000,1,0.741116
34.571896,16.382212,-0.181147,-396.170685,-48.676605,549.900391,-26341.275391,-3625.437256,33596.292969,-0.967830,-0.233217,0.094418,0.100000,0.020000,1,0.995400
34.894627,16.003454,-0.319316,72.297958,-125.494797,-40.530724,4583.623047,-10062.748047,-3585.971924,-0.968534,-0.235272,-0.081170,0.100000,0.020000,1,0.381649
34.661060,16.651785,0.344976,8.290434,-277.624054,-18.349426,-562.068726,-16643.878906,-1160.184204,-0.908087,-0.171669,0.381979,0.100000,0.020000,1,0.786564
33.850952,17.416544,-0.664650,-184.200439,244.512329,-121.774200,-16129.566406,19357.136719,-9467.743164,-0.947655,-0.180156,-0.263617,0.100000,0.020000,1,0.167580
34.273399,15.902350,-1.266329,-93.927368,-171.626282,-434.874817,-8460.091797,-13275.084961,-33753.753906,-0.934864,-0.233009,0.267836,0.100000,0.020000,1,0.542529
35.178772,16.246958,-0.473182,176.541183,-144.327393,-214.738297,6024.306641,-447.709473,-5606.957031,-0.950489,-0.242786,0.193974,0.100000,0.020000,1,0.925503
34.969322,16.162533,0.257573,10.641617,-25.789223,5.298192,-1041.829590,-1637.410767,9.430082,-0.835763,0.404969,0.370809,0.100000,0.020000,1,0.027235
35.229786,17.097603,-0.144889,108.603699,156.378357,72.065613,7316.562012,13809.595703,6536.232910,-0.711606,0.151336,-0.686086,0.100000,0.020000,1,0.625363
34.973675,14.721543,-0.271026,108.810608,-122.511932,-289.054871,3535.418945,-7949.812012,4818.578125,-0.818442,-0.034257,0.573567,0.100000,0.020000,1,0.285434
34.004341,15.810925,-0.019452,239.762939,-76.117859,558.752686,11415.486328,-7332.075684,33471.113281,-0.871090,-0.186858,0.454187,0.100000,0.020000,1,0.414693
34.529526,16.331341,0.029143,25.640862,-90.825439,108.954559,2638.084961,-885.581055,8516.418945,-0.876274,-0.192333,-0.441760,0.100000,0.020000,1,0.883562
34.072250,17.556496,0.171623,-63.151016,211.741577,61.152908,-7256.859375,17733.892578,5218.202148,-0.948432,-0.267787,-0.169607,0.100000,0.020000,1,0.005525
34.446934,16.615946,-0.173980,7.859596,-1.221536,-14.785088,-1164.059692,425.267914,-702.914246,-0.928458,-0.271645,-0.253327,0.100000,0.020000,1,0.078198
35.028973,16.807566,-1.422637,84.001717,103.594841,-553.036255,11.007324,11.462891,-21245.037109,-0.773746,-0.022015,0.633113,0.100000,0.020000,1,0.265504
34.736172,16.244183,-0.589411,-112.925354,66.260292,23.626053,-8191.818359,4007.478271,1366.165649,-0.784941,-0.033933,-0.618640,0.100000,0.020000,1,0.498541
34.666451,16.189228,-0.930483,79.371750,-48.524979,-290.659241,4346.148926,-4219.152832,-23597.927734,-0.890550,-0.277263,0.360619,0.100000,0.020000,1,0.827349
34.811337,16.466799,-0.281016,-928.748596,90.971832,-235.061157,-58660.941406,5712.929688,-14728.774414,-0.896202,-0.285666,-0.339436,0.100000,0.020000,1,0.527493
33.808167,17.400070,-0.456851,-163.791504,189.560913,-77.328018,-14370.632812,15605.300781,-6464.125977,-0.930136,-0.356937,-0.086268,0.100000,0.020000,1,0.513737
34.526939,16.522133,-0.127465,71.184174,-148.089050,274.925171,3473.895996,-9345.991211,17397.185547,-0.922003,-0.355882,-0.152510,0.100000,0.020000,1,0.472899
35.023586,16.663797,-0.410585,138.548737,79.705048,-176.898544,12785.402344,-13283.401367,5381.309570,-0.927276,-0.360355,0.101506,0.100000,0.020000,1,0.900467
34.655083,16.547108,0.081714,82.225662,-90.825638,-27.263943,4719.342285,-5672.781738,-1395.086060,-0.931477,-0.363777,0.004139,0.100000,0.020000,1,0.466048
35.215038,15.977987,-0.092734,620.586609,-82.961563,-248.471069,38049.707031,-5898.306641,-16148.000977,-0.853374,0.520902,0.020320,0.100000,0.020000,1,0.043766
34.641788,16.527573,-0.506506,8.881962,16.709503,11.800379,-659.452637,1747.186157,653.899353,-0.835074,-0.123874,-0.536010,0.100000,0.020000,1,0.278191
34.629707,15.882807,0.764167,-135.865417,122.333038,226.096069,-9806.340820,5782.750977,15332.773438,-0.815894,-0.126775,0.564132,0.100000,0.020000,1,0.207156
33.841225,17.187944,-0.634245,-7.069519,275.945251,-100.999527,-4255.180176,20233.525391,-9790.989258,-0.906464,-0.370555,0.202515,0.100000,0.020000,1,0.924649
34.556034,16.542913,-0.532340,49.724220,-138.320312,-65.177597,1875.497314,-8064.894531,-4343.557129,-0.823363,-0.208276,-0.527916,0.100000,0.020000,1,0.759445
34.592861,16.331182,0.479573,-86.255341,79.137375,-126.030441,-6306.544434,4567.914062,-7638.756836,-0.846813,-0.288922,0.446579,0.100000,0.020000,1,0.447150
34.428474,16.694389,0.202250,74.191956,94.207870,172.093414,4081.720459,2956.281738,8854.449219,-0.894258,-0.369689,-0.252256,0.100000,0.020000,1,0.199183
33.960865,16.246634,0.811228,-68.184937,-120.673660,83.321815,-1048.182617,-4001.734131,517.121582,-0.882881,-0.374071,0.283887,0.100000,0.020000,1,0.331308
34.624245,16.376757,-0.663626,169.835510,73.179474,155.543640,9548.148438,4873.416504,9372.019531,-0.776690,-0.132462,-0.615797,0.100000,0.020000,1,0.927051
34.670410,16.523558,0.236555,403.294037,-135.509644,417.043884,24667.925781,-7922.136230,25248.152344,-0.812716,-0.202661,0.546280,0.100000,0.020000,1,0.774161
34.059952,16.772902,-0.236899,-43.827713,63.965645,29.844337,-5806.961426,5428.749023,2534.720703,-0.848215,-0.303331,-0.434191,0.100000,0.020000,1,0.007323
34.338734,17.491531,-0.422303,1.611168,201.312256,-20.208569,-1519.862915,16958.019531,-1705.583496,-0.855474,-0.378712,-0.353187,0.100000,0.020000,1,0.859147
34.427082,16.731243,0.008809,432.997955,-253.908875,172.897766,26340.111328,-15183.624023,11207.109375,-0.882678,-0.465038,-0.067966,0.100000,0.020000,1,0.593386
34.445267,16.834841,0.449993,-27.944527,89.941589,-25.608086,-3703.242188,7902.317383,-2124.445068,-0.765309,-0.121893,0.632016,0.100000,0.020000,1,0.995988
34.690014,16.495110,0.339611,-152.152802,19.932476,43.536659,-9687.165039,1374.731079,2759.659424,-0.841046,-0.392318,0.372462,0.100000,0.020000,1,0.283619
34.408291,17.450552,0.578480,115.178024,272.182800,273.266388,5209.546875,8506.498047,11558.566406,-0.864024,-0.468379,0.184617,0.100000,0.020000,1,0.990418
34.650055,16.605639,-0.253185,-425.265991,-188.203796,198.230164,-26848.642578,-11514.554688,12069.716797,-0.865953,-0.472880,-0.162818,0.100000,0.020000,1,0.652179
35.484722,17.705479,-1.002823,112.331360,410.887451,-1.491333,8459.768555,32638.867188,-1614.338257,-0.674969,0.212335,-0.706633,0.100000,0.020000,1,0.013942
33.928776,15.976601,0.413402,-118.171173,114.395447,-46.856857,-12317.435547,6520.625488,-3927.833740,-0.688443,0.128354,0.713842,0.100000,0.020000,1,0.687448
35.095234,16.271891,0.267346,479.863708,8.943472,-265.944000,32200.693359,-389.116058,-14725.426758,-0.841940,-0.478280,-0.249769,0.100000,0.020000,1,0.960203
34.871868,16.266237,-0.683483,-247.104401,73.495483,100.205978,-16232.798828,4933.379395,6126.062988,-0.710027,0.038683,-0.703111,0.100000,0.020000,1,0.389158
34.626228,16.190491,0.634904,-52.316833,69.288620,36.755337,-4344.932129,2999.881592,801.231812,-0.779153,-0.309496,0.545098,0.100000,0.020000,1,0.673675
34.682362,17.276611,-0.312246,60.117081,188.795532,-176.356476,3747.815430,15435.133789,-14135.178711,-0.801609,-0.394234,0.449447,0.100000,0.020000,1,0.634758
34.226780,16.454008,-0.073817,-119.078659,394.373230,62.945274,-9209.758789,24599.908203,3285.537354,-0.863260,-0.494689,0.100322,0.100000,0.020000,1,0.303993
33.875866,15.111195,0.486333,130.226517,-73.572594,-0.471878,6046.311035,-5491.556641,4472.365234,-0.737030,0.046635,0.674249,0.100000,0.020000,1,0.080672
33.613159,16.042246,-0.589709,-249.778198,-87.825882,-52.005592,-8609.770508,-1191.901611,-1676.116821,-0.797661,-0.406959,-0.445109,0.100000,0.020000,1,0.488576
33.508060,15.859976,1.165910,-120.851929,-152.763458,282.609802,-7964.894531,-4297.185059,19116.667969,-0.799873,-0.474874,0.367011,0.100000,0.020000,1,0.556978
33.791924,17.224762,0.023169,-55.692703,296.071106,-17.954109,-6939.722656,21780.408203,-2155.786377,-0.815119,-0.497853,0.296179,0.100000,0.020000,1,0.502260
34.576714,16.140848,-0.525701,151.316620,19.741516,-63.033051,9621.759766,-271.768829,-5513.695312,-0.811535,-0.557440,-0.175133,0.100000,0.020000,1,0.504502
34.082794,16.262920,0.404332,-32.857239,4.921162,-279.457764,-4045.586426,-683.399048,-16661.605469,-0.805974,-0.561197,0.188319,0.100000,0.020000,1,0.599063
34.005608,16.112272,0.726084,-1.235229,7.680477,107.741852,-2326.656494,-1199.166870,9756.500977,-0.815520,-0.578356,0.020772,0.100000,0.020000,1,0.869024
34.325378,16.142363,-0.563049,234.166718,-91.228821,77.015457,12115.451172,-6102.823730,5158.788086,-0.712018,-0.034322,-0.701322,0.100000,0.020000,1,0.645862
34.497566,16.436972,0.552830,5.983974,-45.353600,2.810044,-971.649780,-2337.218018,55.731464,-0.734945,-0.213966,0.643486,0.100000,0.020000,1,0.477241
33.963657,15.506576,-0.200367,156.370850,46.504532,296.681488,7004.759766,-917.211426,11306.832031,-0.760196,-0.403765,-0.508995,0.100000,0.020000,1,0.403322
33.936008,16.181284,-1.429514,-40.452942,93.324997,-366.280823,-5411.049805,4825.250000,-27459.558594,-0.770667,-0.468067,-0.432418,0.100000,0.020000,1,0.238492
34.229912,16.281162,0.366540,19.408268,-51.730026,22.267326,-92.944962,-4093.766602,1896.860474,-0.780693,-0.561008,0.275299,0.100000,0.020000,1,0.520838
34.581215,16.177835,-0.937767,16.681328,-70.173294,-96.232254,55.929390,-5065.860352,-7655.386230,-0.753428,-0.222962,-0.618575,0.100000,0.020000,1,0.100780
34.777542,15.519031,-0.958555,135.219482,-250.099319,-138.246078,3205.271484,-7215.895508,-5130.621582,-0.770316,-0.309478,-0.557528,0.100000,0.020000,1,0.235146
34.294331,16.439943,0.590994,138.882782,87.715607,-417.764648,7477.023438,5589.343262,-25588.371094,-0.754360,-0.480968,0.446779,0.100000,0.020000,1,0.958085
34.556557,16.876541,-0.392598,96.937973,80.298386,-3.523506,-4947.065918,-5170.253418,390.289642,-0.741755,-0.573933,-0.346987,0.100000,0.020000,1,0.619312
34.311615,16.388451,-0.482412,58.476799,-27.870842,-152.752625,14799.793945,13360.829102,15674.690430,-0.757366,-0.595168,-0.268648,0.100000,0.020000,1,0.452560
34.133701,16.635418,-0.049816,-2.554329,-235.074371,176.035187,988.426270,11363.594727,-8632.937500,-0.750827,-0.660350,0.013981,0.100000,0.020000,1,0.740778
32.660194,15.807736,1.926541,-195.436935,181.008575,646.408813,-33668.765625,74.949219,28248.496094,-0.747768,-0.657691,0.091025,0.100000,0.020000,1,0.690313
33.818623,15.443240,2.160116,-138.814880,-330.671509,499.946991,-8403.490234,-6117.476562,12913.157227,-0.711318,-0.316916,0.627368,0.100000,0.020000,1,0.908527
34.169060,16.297726,0.230561,-134.589355,-47.730469,39.817123,-7287.806641,-2762.059082,3946.429688,-0.723445,-0.574296,0.383160,0.100000,0.020000,1,0.600539
34.320351,16.188864,-0.086658,-44.732239,88.747269,140.542023,-3320.735107,4416.680664,9181.008789,-0.727123,-0.663077,-0.177822,0.100000,0.020000,1,0.833381
34.685944,16.947397,0.563585,61.890717,151.912964,378.419586,6407.259766,9836.126953,7545.723145,-0.699447,-0.211325,-0.682727,0.100000,0.020000,1,0.012750
34.687679,16.685734,0.466516,224.280365,74.298004,301.826324,3649.433350,4377.143066,9451.315430,-0.697373,-0.571403,-0.432630,0.100000,0.020000,1,0.963423
34.626724,16.030581,-0.370957,-28.954618,28.006594,-26.547501,-955.522522,-42.857475,-3923.079102,-0.709221,-0.680422,0.184475,0.100000,0.020000,1,0.470817
34.265770,16.438025,-0.550464,0.970093,-107.529259,-119.912567,-1551.967773,-6388.446777,-7585.164062,-0.691807,-0.395102,-0.604398,0.100000,0.020000,1,0.320845
34.473835,16.287907,0.325538,-214.843231,284.470398,126.042969,-13995.907227,17613.675781,7252.616211,-0.686299,-0.480422,0.546067,0.100000,0.020000,1,0.320329
32.934654,18.546562,-0.764400,-299.812073,517.012573,-224.306396,-25358.537109,41224.078125,-17826.583984,-0.760978,-0.636549,0.125374,0.100000,0.020000,1,0.081668
34.267815,17.520336,-2.362779,51.904358,325.985596,-583.311340,794.790039,9468.462891,-21476.257812,-0.674510,-0.660683,-0.329444,0.100000,0.020000,1,0.568794
34.390518,17.852856,0.128517,58.276733,374.618774,-57.584305,3579.799316,29558.853516,-4181.884277,-0.681834,-0.672906,0.286879,0.100000,0.020000,1,0.722325
34.258823,16.308226,-0.206117,-157.806183,161.399841,19.012426,-10373.789062,9581.845703,658.678162,-0.672054,-0.735647,-0.084660,0.100000,0.020000,1,0.967748
34.089417,16.331518,0.068411,-540.142883,-239.607910,-254.786957,-35215.109375,-15626.626953,-16175.467773,-0.670607,-0.735003,0.100287,0.100000,0.020000,1,0.454108
33.814003,16.404987,-0.172204,618.503296,-380.699341,-139.804901,36037.343750,-24481.380859,-9608.633789,-0.808411,-0.588371,0.017044,0.100000,0.020000,1,0.130212
32.782948,17.303797,-0.984866,-381.325104,236.698669,-252.015259,-17964.960938,5422.371094,-13626.947266,-0.757832,-0.646082,-0.090932,0.100000,0.020000,1,0.044104
32.451626,16.076864,-1.099026,-524.093384,-144.714966,-441.419586,-5202.474609,13395.539062,-19567.851562,-0.666486,-0.580318,0.468004,0.100000,0.020000,1,0.699673
33.775208,16.416321,0.539743,-22.286072,50.636665,48.368698,-4740.553223,2845.320312,3274.878662,-0.660393,-0.649952,0.376090,0.100000,0.020000,1,0.940522
33.728836,16.039286,-0.143984,-517.884766,-353.233307,394.028381,-35472.871094,-24094.066406,24546.175781,-0.704619,-0.705804,-0.073164,0.100000,0.020000,1,0.104321
34.087948,16.600262,-0.125330,-259.844238,-451.303009,-52.937180,-17493.210938,-27807.011719,-3207.660400,-0.652895,-0.737196,-0.173982,0.100000,0.020000,1,0.613832
34.338276,16.553627,0.139929,86.063034,22.828693,15.570221,1374.755615,-1034.049194,4052.543457,-0.655839,-0.754612,0.020879,0.100000,0.020000,1,0.645844
34.227665,16.353643,-0.422502,-432.016418,-131.331131,179.229279,-28368.367188,-8340.594727,11496.335938,-0.643940,-0.565172,-0.515676,0.100000,0.020000,1,0.462685
33.866703,15.778728,0.199734,10.860821,52.812477,44.818481,-1250.892090,641.706909,2895.153809,-0.629841,-0.749634,0.203347,0.100000,0.020000,1,0.508826
35.366364,14.936419,-0.705364,279.569214,-109.211792,-211.059265,19720.091797,-12386.474609,-13610.449219,-0.696957,-0.138056,-0.703698,0.100000,0.020000,1,0.124340
34.235298,16.320524,0.640921,5.833782,-31.186691,-34.874165,-1314.833496,-2098.901367,-1748.596069,-0.694827,-0.412775,0.588924,0.100000,0.020000,1,0.005330
33.096455,16.387344,-0.677667,-168.010437,139.728729,-35.437225,-16770.042969,9074.988281,-2765.346924,-0.640388,-0.467360,-0.609490,0.100000,0.020000,1,0.203703
33.870167,16.560268,-0.024184,-41.470062,41.974663,117.450912,-4834.317871,3400.046387,8915.064453,-0.619008,-0.661075,-0.424038,0.100000,0.020000,1,0.987553
33.872471,16.536846,0.476466,785.305603,-764.553528,-1140.104248,47674.867188,-47698.207031,-71011.625000,-0.607819,-0.745013,0.274794,0.100000,0.020000,1,0.907157
34.634659,16.334143,0.361583,31.183863,-25.371540,86.958626,1257.356934,-1284.161011,4324.303223,-0.675467,-0.206174,0.707981,0.100000,0.020000,1,0.288281
34.526440,16.360641,-0.371052,-80.611328,-11.441792,49.262604,7119.910156,639.110229,-881.261719,-0.656512,-0.307853,-0.688635,0.100000,0.020000,1,0.618619
32.799267,15.727444,0.113274,-189.032486,183.786377,177.952271,-14658.486328,-6289.797852,5272.580078,-0.696544,-0.327370,-0.638479,0.100000,0.020000,1,0.008622
34.287384,16.458624,-0.964796,25.337877,10.296459,-95.246674,-523.138428,-776.568054,6026.351562,-0.671484,-0.493703,-0.552600,0.100000,0.020000,1,0.014743
34.226116,16.513596,-0.565847,-71.797302,-31.615387,206.845001,-68.438477,-2576.460693,-9965.622070,-0.736849,-0.553738,-0.387850,0.100000,0.020000,1,0.027324
33.480946,16.146013,1.180553,-39.468857,48.668137,19.183319,-6668.993652,2250.596191,4071.314209,-0.616445,-0.564902,0.548526,0.100000,0.020000,1,0.638104
31.415535,17.223780,-0.436732,-875.077637,293.276855,-244.687714,9510.062500,-3382.960938,-14085.972656,-0.605208,-0.651523,0.457428,0.100000,0.020000,1,0.452364
34.638119,17.041981,-0.227140,-14.810600,582.998779,-208.741699,-3591.807861,15068.759766,-7074.421875,-0.582181,-0.729105,0.359821,0.100000,0.020000,1,0.662678
34.064167,16.466135,-0.192260,-25.649384,-102.703659,-189.226013,-2678.981445,-6112.117676,-11471.208008,-0.579370,-0.741806,-0.337720,0.100000,0.020000,1,0.410013
33.101913,16.685217,0.144891,-147.856842,-42.870300,130.978012,-456.366211,-5943.165039,5566.438477,-0.574515,-0.818490,0.002509,0.100000,0.020000,1,0.113218
34.320824,16.371674,0.534510,118.034431,-216.310776,179.566254,6151.732910,-13410.737305,11147.392578,-0.654097,-0.402368,0.640513,0.100000,0.020000,1,0.076703
34.204067,16.598408,-0.202851,16.662621,49.613571,51.863464,197.845947,4220.270508,4356.551758,-0.580021,-0.634521,-0.510842,0.100000,0.020000,1,0.675277
35.211979,16.433226,-0.801654,320.034485,92.123230,-345.726074,26066.699219,1149.018555,-22169.941406,-0.536646,-0.823986,0.181820,0.100000,0.020000,1,0.278174
34.107452,16.801445,0.090572,-539.916382,380.536560,291.843384,-35967.765625,26122.537109,16371.306641,-0.607073,-0.467461,0.642606,0.100000,0.020000,1,0.812739
33.626740,16.209520,-0.310091,-51.540955,55.994499,-65.178528,-6130.730957,2997.885742,-3801.868896,-0.539033,-0.726901,-0.425510,0.100000,0.020000,1,0.358071
33.652870,17.155403,1.220462,-64.103714,268.028259,395.173462,-6469.251953,20257.033203,30977.404297,-0.521030,-0.817015,-0.247012,0.100000,0.020000,1,0.710634
34.058941,16.317965,0.007789,65.530952,67.909012,81.333069,3469.500732,4051.658936,4737.659180,-0.532385,-0.838867,0.113434,0.100000,0.020000,1,0.317535
32.644646,16.064161,-0.080105,-519.201355,-87.516350,177.311768,-16159.889648,-2767.034180,5501.431152,-0.624629,-0.369782,-0.687823,0.100000,0.020000,1,0.368534
33.674999,16.614614,1.579583,-101.023071,77.632614,276.098389,-9400.071289,6155.909668,21981.474609,-0.552073,-0.633896,0.541656,0.100000,0.020000,1,0.842367
33.926048,16.333820,-0.188743,6.317108,-392.000854,291.488586,-940.091248,-24725.259766,18936.460938,-0.500350,-0.791518,-0.350926,0.100000,0.020000,1,0.600397
34.063679,16.474892,-0.162786,29.716393,32.148521,-6.164038,1299.555176,2480.429932,-797.995972,-0.517744,-0.852517,-0.071802,0.100000,0.020000,1,0.282747
36.076111,17.425201,-0.013402,533.130005,335.451843,-222.987137,-30308.808594,-19939.707031,12933.933594,-0.645717,-0.278408,0.711013,0.100000,0.020000,1,0.996557
35.710110,14.046865,2.573576,377.853241,-184.165024,794.030579,-36.589355,-7346.662109,14915.164062,-0.451401,-0.879131,-0.152857,0.100000,0.020000,1,0.506940
33.888004,16.153957,0.144917,-242.652649,419.235474,-302.946136,10106.482422,-17823.408203,15970.019531,-0.444977,-0.888594,0.111335,0.100000,0.020000,1,0.369424
34.193901,16.360403,0.707687,-60.685501,-103.229324,-119.447586,3836.562988,4940.615723,5624.260254,-0.557023,-0.528525,0.640614,0.100000,0.020000,1,0.609846
33.900364,15.445938,-0.090161,-790.158325,563.534668,-767.859009,-51717.492188,31585.906250,-47676.253906,-0.611515,-0.728336,-0.309154,0.100000,0.020000,1,0.177492
33.845638,15.564548,0.164176,-0.290253,13.858955,83.698853,-1563.091431,-2319.471680,4849.516113,-0.486089,-0.822154,0.296277,0.100000,0.020000,1,0.238812
32.877487,16.101351,-0.423703,-107.172455,105.643875,-59.626144,-12042.819336,5757.355957,-5212.636230,-0.443653,-0.892148,-0.085107,0.100000,0.020000,1,0.473130
33.780079,16.616737,0.031260,73.203812,195.007782,-45.555042,2156.761230,7926.754883,-2681.444336,-0.442008,-0.896728,0.022532,0.100000,0.020000,1,0.552832
30.459488,17.078318,-1.736227,-966.905212,562.268982,-578.908325,-31459.472656,15534.812500,-17008.257812,-0.431639,-0.883164,0.183597,0.100000,0.020000,1,0.435246
35.578335,14.122948,-2.287228,538.351501,-241.224426,-410.374115,-29668.589844,17879.355469,25050.595703,-0.576320,-0.444784,-0.685582,0.100000,0.020000,1,0.290256
33.818169,16.255238,-0.597898,-25.258041,14.103983,-7.531963,3061.384033,-626.087708,453.604950,-0.558464,-0.539869,-0.629809,0.100000,0.020000,1,0.069906
34.911556,16.255396,-0.804204,296.423676,-17.972635,-50.759354,-10592.025391,5181.580566,13001.323242,-0.508575,-0.619930,-0.597527,0.100000,0.020000,1,0.545608
33.407902,15.565269,-0.442050,102.186783,-1.658035,93.557411,2863.239258,-3453.395020,5131.769531,-0.545899,-0.788217,-0.284093,0.100000,0.020000,1,0.096438
34.160580,16.517313,-0.434393,196.310364,-347.101685,71.615738,11789.373047,-20896.294922,4682.021484,-0.471818,-0.709763,-0.523091,0.100000,0.020000,1,0.355793
34.069973,16.181938,-0.358402,-76.654205,-6.889473,-13.279545,-5477.893066,-842.467651,-743.424438,-0.440421,-0.792755,-0.421389,0.100000,0.020000,1,0.794909
33.217640,16.546360,0.675766,-149.649567,68.040619,254.612305,-13316.197266,5391.896484,19891.039062,-0.409858,-0.873268,-0.263475,0.100000,0.020000,1,0.604597
33.844971,15.885655,0.401676,22.665871,19.874386,32.898628,173.249893,-391.850220,2693.328125,-0.406611,-0.869325,0.280966,0.100000,0.020000,1,0.229630
34.817730,16.482552,0.172824,-345.470947,-315.193054,431.074524,-19644.302734,-19110.968750,26089.365234,-0.489769,-0.722780,0.487560,0.100000,0.020000,1,0.180072
33.946087,16.206202,0.469186,185.120392,-98.190247,98.555511,10172.490234,-6444.446777,6139.409668,-0.463702,-0.702125,0.540371,0.100000,0.020000,1,0.004992
34.302208,16.724533,-0.908717,100.308563,272.128754,-303.147522,6603.939941,19100.337891,-24695.275391,-0.431529,-0.772132,0.466471,0.100000,0.020000,1,0.367680
34.454571,15.073595,0.439428,-155.715515,181.370056,154.084290,-12584.923828,8811.125977,4735.628418,-0.389273,-0.848145,0.359329,0.100000,0.020000,1,0.772008
34.001270,15.652586,-0.194369,45.538490,-156.218903,-39.953606,2582.730713,-12378.458008,-3671.559570,-0.349344,-0.932732,0.089278,0.100000,0.020000,1,0.379673
33.504238,16.207327,0.201368,14.689697,-21.873249,-55.162819,-1457.080444,-1520.892212,-3347.042969,-0.336893,-0.922791,0.186977,0.100000,0.020000,1,0.747469
34.571583,17.363876,-0.062237,203.238708,311.369690,20.122704,14935.528320,24364.630859,1663.030273,-0.329405,-0.928246,-0.172775,0.100000,0.020000,1,0.412006
33.678211,16.251062,-0.127899,102.382355,-39.123787,17.959816,4874.235352,-2432.969727,918.932190,-0.331037,-0.939816,-0.084615,0.100000,0.020000,1,0.463948
34.207756,16.061150,0.325136,-590.478149,38.829025,203.410400,-37343.105469,1753.171631,16115.795898,-0.390314,-0.768233,-0.507418,0.100000,0.020000,1,0.837047
34.152748,15.538748,-0.042768,344.424744,-136.337463,-120.276535,21688.619141,-11467.658203,-6126.787598,-0.359510,-0.825558,-0.434978,0.100000,0.020000,1,0.553153
33.927265,16.234825,-0.531883,-23.258408,-42.530556,184.836273,-2317.594727,-2683.368164,10786.858398,-0.355145,-0.864680,-0.355247,0.100000,0.020000,1,0.511015
32.756008,15.752419,1.798075,-87.293686,120.298431,368.969818,-18300.132812,-5276.625488,22311.210938,-0.318150,-0.906225,0.278453,0.100000,0.020000,1,0.860482
34.236309,16.379642,0.424702,-154.539978,-187.804306,-701.759644,8137.941895,8997.045898,35508.347656,-0.468217,-0.610002,0.639273,0.100000,0.020000,1,0.512136
33.985817,16.160357,0.612040,-32.785271,82.513962,-126.278091,633.336792,-1359.890625,525.753906,-0.380916,-0.751946,0.538034,0.100000,0.020000,1,0.724371
33.079960,16.401793,0.325152,-208.330048,77.858826,-6.390055,13362.483398,-4430.534668,575.935242,-0.339581,-0.818223,0.463891,0.100000,0.020000,1,0.519200
34.459259,17.161345,-1.120121,127.456955,307.928223,-332.837830,9946.217773,23516.392578,-25692.537109,-0.250522,-0.968111,0.000702,0.100000,0.020000,1,0.182830
33.576191,16.706717,0.257062,-5.993057,200.081604,139.368317,-2170.516602,14820.483398,10134.590820,-0.248151,-0.966212,-0.069674,0.100000,0.020000,1,0.518613
34.169720,16.543575,-0.312874,-80.591797,-26.611736,-56.138779,-7865.618652,-1595.961548,-4513.515625,-0.951816,-0.293380,-0.089301,0.100000,0.020000,1,0.055546
33.979385,16.285833,0.157719,-267.727722,-143.655334,-223.028366,-17212.550781,-8699.230469,-12455.576172,-0.285039,-0.924022,-0.254824,0.100000,0.020000,1,0.185482
33.809032,16.149784,-0.333315,-92.555649,33.087368,31.328537,-6942.908203,1976.143311,1902.323364,-0.272148,-0.896860,-0.348680,0.100000,0.020000,1,0.100228
33.462345,15.532144,0.128822,51.020020,27.370121,-257.245209,940.573547,-922.732727,-15035.012695,-0.233510,-0.956342,-0.175738,0.100000,0.020000,1,0.740885
33.423962,15.454514,-0.227054,44.002213,1.182472,159.834671,393.597687,-2898.719482,8796.279297,-0.227235,-0.969583,0.090960,0.100000,0.020000,1,0.099053
34.143703,16.040609,0.585210,131.990631,-63.404526,103.955002,6539.705078,-4839.843750,6317.603516,-0.556159,-0.429156,0.711697,0.100000,0.020000,1,0.501940
34.198212,16.270636,-0.673109,25.467213,-16.210709,15.067759,435.398224,-833.771118,770.969360,-0.499247,-0.515214,-0.696639,0.100000,0.020000,1,0.308833
33.626091,16.092609,0.387733,11.298134,12.530649,58.807938,-846.944641,559.289185,4576.966797,-0.211599,-0.956702,0.199868,0.100000,0.020000,1,0.771598
33.772892,16.057884,-0.445741,122.102341,-41.848907,-87.928894,5704.025879,-3130.382568,-5136.578125,-0.349514,-0.717676,-0.602313,0.100000,0.020000,1,0.771225
33.487686,15.838925,-0.195474,99.807831,-9.175766,166.674591,4086.204102,-2092.903564,9678.762695,-0.272218,-0.962213,0.006611,0.100000,0.020000,1,0.014654
33.238605,15.807360,1.116146,-71.028976,80.602425,114.920258,5865.707520,-3129.303711,-7688.628418,-0.242671,-0.862631,0.443822,0.100000,0.020000,1,0.690152
33.585468,15.273531,2.104603,122.024536,8.932098,603.388977,-4791.130859,1933.424194,-34939.781250,-0.243211,-0.889429,0.386994,0.100000,0.020000,1,0.513595
33.997864,16.033224,0.065030,-537.329285,-154.493713,-26.642632,26871.240234,7953.622070,1834.830566,-0.180657,-0.943898,0.276441,0.100000,0.020000,1,0.313976
32.831001,15.709121,-1.897939,-131.886993,145.945160,-281.556091,-12593.545898,-7734.967773,-9594.809570,-0.447313,-0.566399,-0.692173,0.100000,0.020000,1,0.188916
34.067623,15.861413,0.796672,33.936344,-0.926678,25.415428,1052.455078,-1465.789917,2515.368164,-0.406154,-0.652410,0.639843,0.100000,0.020000,1,0.087469
32.781982,17.905081,-2.210536,-314.503143,486.032135,-535.705200,-13150.761719,11510.362305,-11474.136719,-0.281093,-0.800283,-0.529655,0.100000,0.020000,1,0.334956
33.118412,16.048044,0.439799,-63.013550,72.481796,76.992935,-7387.703613,4425.645508,6689.793945,-0.119280,-0.992858,0.002104,0.100000,0.020000,1,0.234719
33.336254,15.825764,3.542292,-180.260071,74.299042,795.175415,-15256.529297,3328.890381,62585.468750,-0.331586,-0.695360,0.637593,0.100000,0.020000,1,0.568723
33.807358,15.640522,-0.416773,-297.079407,-112.612869,210.254700,-19262.984375,-8910.054688,11777.784180,-0.105147,-0.992289,-0.065626,0.100000,0.020000,1,0.559398
33.438885,15.883734,0.733494,-88.848190,-11.075298,140.164169,-7653.571777,-1454.667236,11544.004883,-0.097469,-0.990451,0.097504,0.100000,0.020000,1,0.306093
33.603676,16.010525,-0.276492,38.991615,-1.198317,766.461182,1080.260376,-268.692902,47863.183594,-0.092254,-0.981274,-0.169089,0.100000,0.020000,1,0.615416
33.697884,15.893620,0.301952,-21.089340,84.971840,39.966431,-2322.556152,4688.333984,3107.884766,-0.091165,-0.979607,0.179048,0.100000,0.020000,1,0.671112
33.937374,15.596830,0.272729,24.604759,-183.764923,142.127396,705.819824,-14514.037109,10936.392578,-0.418640,-0.881494,-0.218426,0.100000,0.020000,1,0.031238
34.043644,16.118340,-0.436173,-12.431019,-313.473633,-644.991028,-1388.203125,-19792.822266,-40281.085938,-0.266640,-0.757100,-0.596408,0.100000,0.020000,1,0.379869
33.715923,16.103609,-0.278680,-42.832977,-507.535522,234.583893,-4177.881348,-32040.423828,15355.529297,-0.199067,-0.868862,-0.453268,0.100000,0.020000,1,0.153469
33.746204,16.117750,0.461865,97.535980,-19.372211,-3.882666,4669.462891,-1059.253540,-333.280182,-0.187910,-0.824304,0.534053,0.100000,0.020000,1,0.944437
34.876972,18.002518,0.945980,376.051575,642.137756,174.639038,12532.580078,20338.781250,3699.234375,-0.059437,-0.955295,0.289619,0.100000,0.020000,1,0.739710
32.677032,16.072329,-0.843969,-173.466797,130.889923,-248.537811,-16008.804688,8586.681641,-19224.031250,-0.010206,-0.999945,0.002446,0.100000,0.020000,1,0.521958
33.896915,16.135290,-0.672591,35.837917,24.704479,-13.739773,426.626190,1484.290527,-1069.945801,-0.365014,-0.624926,-0.690096,0.100000,0.020000,1,0.803113
33.877861,16.159391,0.682581,21.765579,27.781368,21.799141,164.808136,1926.095093,2055.028076,-0.255760,-0.777080,0.575094,0.100000,0.020000,1,0.075458
33.987583,16.434652,-0.241417,91.093796,285.405670,242.818054,-4268.065430,-15238.647461,-12767.665039,-0.184179,-0.833114,-0.521536,0.100000,0.020000,1,0.181727
33.382103,15.390942,1.512371,-8.082802,37.774620,498.727753,-762.827637,-4488.149902,17007.167969,-0.121010,-0.920411,-0.371752,0.100000,0.020000,1,0.232317
33.619091,15.607863,0.094217,-72.664612,-313.788147,109.211746,4566.466797,16777.412109,-4834.766113,-0.056116,-0.931610,0.359100,0.100000,0.020000,1,0.977339
33.009430,16.862980,-0.389791,-124.567444,260.323639,-62.256958,8802.785156,-15342.075195,3324.847656,-0.053279,-0.937140,-0.344863,0.100000,0.020000,1,0.464340
33.652473,15.968475,0.297635,153.374390,-252.593170,-119.531235,8714.677734,-15976.549805,-6643.002441,0.009719,-0.995852,0.090468,0.100000,0.020000,1,0.078216
34.255966,15.740614,-0.093302,100.670715,-3.602497,42.249092,7919.170898,-1200.613159,2573.923584,0.013463,-0.996816,-0.078597,0.100000,0.020000,1,0.749782
32.983727,16.155252,0.099099,-114.632050,-53.889229,-125.627777,-11476.221680,-2962.074219,-8982.528320,-0.114007,-0.914514,0.388157,0.100000,0.020000,1,0.075048
33.558613,15.657336,-1.967941,-66.090012,-110.482574,-484.935059,-5598.570801,-8212.813477,-37915.875000,0.024807,-0.969766,-0.242773,0.100000,0.020000,1,0.280077
33.469456,15.768520,-0.463696,-5.754852,4.370735,-166.963623,-3087.657959,1435.621094,-8290.904297,0.028748,-0.982119,0.186053,0.100000,0.020000,1,0.681362
33.917217,16.170914,-0.362667,68.451637,65.682327,-9.988754,3713.997559,2345.252441,-2026.154785,0.034766,-0.986572,-0.159585,0.100000,0.020000,1,0.509378
34.160881,15.924314,-0.406683,-198.160828,-275.852661,136.142700,-13201.351562,-18496.128906,9365.190430,-0.391131,-0.647629,-0.653906,0.100000,0.020000,1,0.024085
33.899246,16.062887,0.618563,63.564674,-23.592808,-66.675568,2786.599609,-1534.113281,-4055.450195,-0.222804,-0.732340,0.643457,0.100000,0.020000,1,0.313086
32.780945,16.100122,-0.067589,-412.508911,-197.203918,222.825836,-17482.623047,-15255.144531,9496.955078,-0.157251,-0.787138,-0.596394,0.100000,0.020000,1,0.838915
33.672073,15.840879,-0.620737,17.085764,24.734688,-13.139584,-453.759003,888.190308,-1479.025757,-0.083963,-0.853376,-0.514490,0.100000,0.020000,1,0.355455
34.060307,15.826679,-0.564043,68.892059,2.439322,-20.504044,4708.323242,-456.953735,-2043.483765,-0.026711,-0.904591,-0.425442,0.100000,0.020000,1,0.625540
34.365726,16.042179,0.705383,142.614578,39.814247,76.005966,10953.473633,2965.327393,6732.152344,0.045112,-0.962339,0.268084,0.100000,0.020000,1,0.916214
33.918140,16.048193,0.544495,55.762070,-144.779602,127.285431,2611.173096,-9061.623047,7967.866699,-0.154200,-0.769562,0.619675,0.100000,0.020000,1,0.287248
32.980968,16.204716,-0.759441,-372.980591,245.358643,-70.058273,-27858.609375,16268.410156,-5869.590332,-0.088665,-0.885161,-0.456758,0.100000,0.020000,1,0.052983
33.704216,15.937114,0.490814,68.866386,-22.091469,-34.952995,3009.004395,-1701.418335,-1980.142090,-0.086200,-0.871426,0.482893,0.100000,0.020000,1,0.035687
33.772686,15.913549,0.529065,14.234362,-15.146618,-58.465065,20.232689,-1119.061768,-3223.597900,-0.010361,-0.887072,0.461514,0.100000,0.020000,1,0.655436
32.801750,16.152145,-1.220120,-219.212280,63.785522,-264.159546,-20506.722656,9273.059570,-19119.080078,0.062002,-0.939642,-0.336495,0.100000,0.020000,1,0.610308
34.742134,14.687274,1.297546,211.290848,-97.277786,241.266205,1878.227539,-2369.506836,4887.414062,0.116886,-0.989088,0.089677,0.100000,0.020000,1,0.667429
33.098499,15.560387,0.670261,-408.731628,237.710464,120.565659,-19067.640625,7965.720703,-4828.900391,0.118600,-0.992848,0.013644,0.100000,0.020000,1,0.415921
33.279716,15.601043,-0.241957,478.533875,-230.527557,249.321045,27832.449219,-15718.970703,15023.129883,0.120670,-0.989579,-0.078567,0.100000,0.020000,1,0.338995
34.034599,15.995824,0.400529,-217.018280,-123.949036,102.608490,-13761.933594,-7795.222656,6100.664551,-0.075996,-0.836678,0.542398,0.100000,0.020000,1,0.168132
33.298187,15.612451,-0.309970,529.691956,-253.375275,108.565727,30750.195312,-17211.914062,7128.861816,0.056361,-0.907701,-0.415814,0.100000,0.020000,1,0.937764
34.056839,16.273787,-0.042786,172.195206,132.351395,-83.609833,8852.594727,8907.618164,-8493.908203,0.074586,-0.925844,0.370473,0.100000,0.020000,1,0.730030
33.471153,15.959384,-0.189688,-33.865971,12.493443,67.905731,-1241.160645,1628.014648,3698.718506,0.143664,-0.974212,-0.173991,0.100000,0.020000,1,0.705314
33.822075,16.051880,0.652914,326.670227,-131.256134,231.275146,18677.404297,-8485.798828,14674.001953,-0.290412,-0.650353,0.701927,0.100000,0.020000,1,0.942070
33.806927,15.877813,-0.456215,42.200417,17.104364,41.253166,1871.861450,899.958496,2627.412354,0.015159,-0.859638,-0.510679,0.100000,0.020000,1,0.543063
33.363403,15.496195,-0.081147,247.665131,-114.366653,222.838821,13588.098633,-8645.313477,12954.433594,0.161059,-0.965562,0.204330,0.100000,0.020000,1,0.422949
33.454685,16.219542,-0.504466,-142.299072,24.306259,39.675926,-12140.972656,2256.008301,2972.376221,-0.204156,-0.702614,-0.681655,0.100000,0.020000,1,0.427559
31.872154,16.412506,-0.333666,-670.423828,432.461517,-289.638489,-25628.175781,14923.419922,-9706.375000,0.087648,-0.883778,0.459625,0.100000,0.020000,1,0.942675
33.598392,15.371560,-0.080655,236.272705,-104.445267,-37.752701,12502.130859,-7715.422363,-5454.013672,0.165702,-0.949471,-0.266549,0.100000,0.020000,1,0.451029
33.510227,16.414066,-0.783606,-11.831329,169.191895,-247.431458,-2228.412354,13162.505859,-19930.570312,0.173231,-0.945818,0.274624,0.100000,0.020000,1,0.289509
33.727200,15.858493,0.418839,-179.496780,62.531277,189.247971,-12535.261719,3770.767334,11599.985352,0.026688,-0.831719,0.554555,0.100000,0.020000,1,0.596642
33.596626,15.699174,0.616359,247.492981,-278.162109,-881.153076,14411.878906,-17995.994141,-54383.785156,0.179543,-0.917581,0.354695,0.100000,0.020000,1,0.889878
33.679871,15.670791,-0.370864,49.910767,93.329407,-63.972980,1162.913940,2582.905762,-2250.927246,0.251735,-0.963862,-0.087176,0.100000,0.020000,1,0.648442
34.133801,15.767333,0.809861,107.438446,39.116379,200.681641,8110.008789,2521.222412,15985.717773,0.259273,-0.965647,0.017415,0.100000,0.020000,1,0.628512
34.213455,16.050959,-0.401117,-100.816254,-159.429230,-243.136871,-6676.166992,-10261.458984,-14361.793945,-0.289488,-0.648278,-0.704225,0.100000,0.020000,1,0.253830
33.734882,15.522204,-0.275890,191.085815,-125.495026,60.718109,11181.450195,-9980.056641,3822.151123,-0.055705,-0.951580,-0.302312,0.100000,0.020000,1,0.046132
33.641094,15.373520,0.601841,-72.754379,82.036491,89.643959,-6469.554688,2824.018066,5783.717773,-0.042105,-0.773552,0.632333,0.100000,0.020000,1,0.643887
33.752666,15.473555,-0.305926,87.117676,-27.361053,-160.446930,5096.000488,-2879.578125,-12419.699219,0.250128,-0.930315,0.268235,0.100000,0.020000,1,0.754106
33.577782,15.387197,-1.236256,70.997871,-7.890268,-323.356262,420.040283,630.491943,-20758.304688,0.272269,-0.955725,0.111621,0.100000,0.020000,1,0.403465
33.836227,15.722678,-0.149851,1.838087,-83.214111,16.905621,5328.566406,5825.631348,2564.731689,0.271890,-0.947709,-0.167106,0.100000,0.020000,1,0.840178
34.263275,15.446490,0.179440,-161.386887,57.056683,315.693359,7815.838867,-791.654968,-15117.980469,-0.343281,-0.812953,0.470388,0.100000,0.020000,1,0.002660
34.137119,14.955034,1.762878,124.466583,-34.572636,581.995361,-4968.611816,4982.732422,30941.480469,0.030958,-0.797087,-0.603070,0.100000,0.020000,1,0.873294
33.262722,16.405327,-0.074944,-93.628265,174.823334,-83.576752,6465.794434,-10423.611328,5475.183594,0.182440,-0.876980,0.444546,0.100000,0.020000,1,0.576303
34.824333,15.300459,1.135060,366.968597,-95.208710,516.473999,18241.921875,-8005.936523,37476.953125,0.039554,-0.787452,0.615105,0.100000,0.020000,1,0.709656
33.716908,15.973210,-0.359390,252.239807,-424.929779,182.131531,15127.843750,-26601.679688,11174.934570,0.054885,-0.948373,-0.312371,0.100000,0.020000,1,0.106349
34.201069,16.181730,-0.117816,-84.439194,52.563751,-148.256378,-4396.621582,4849.266602,-11892.145508,0.128082,-0.831697,0.540254,0.100000,0.020000,1,0.620772
34.270775,17.257147,0.513805,274.955872,510.356323,158.605804,9560.067383,14283.655273,3002.002197,0.287347,-0.921252,-0.262155,0.100000,0.020000,1,0.189841
34.690502,14.960508,-0.801835,210.931213,-101.234650,-76.778915,-12799.269531,7092.553711,5205.362305,0.285791,-0.899425,-0.330692,0.100000,0.020000,1,0.838701
35.859783,13.960454,-2.268434,738.923706,-286.184143,-624.808655,-2567.917969,-12016.410156,4607.464844,0.346142,-0.922704,-0.169714,0.100000,0.020000,1,0.606750
33.499382,15.562716,0.033177,-30.768623,-225.070496,-96.455780,2372.354980,11530.245117,4770.914062,0.353512,-0.935304,0.015378,0.100000,0.020000,1,0.755049
33.549313,15.759887,-0.906824,-20.930428,27.196453,-73.138611,1928.437744,-2787.232910,9138.845703,0.199624,-0.839270,-0.505744,0.100000,0.020000,1,0.912727
32.734715,15.764712,-1.464765,-178.069275,115.450348,-261.504181,12027.420898,-5790.203125,16137.041016,0.225688,-0.899502,-0.374113,0.100000,0.020000,1,0.238385
33.189987,15.501860,-0.438876,277.039307,-156.822891,11.165469,14287.743164,-11910.121094,-876.906006,0.378952,-0.923126,-0.065074,0.100000,0.020000,1,0.581268
33.926437,16.400318,1.266109,43.894432,88.038147,149.355377,-1377.791748,-5408.257812,-9168.874023,-0.194854,-0.678793,0.708006,0.100000,0.020000,1,0.484092
32.177223,16.086578,-0.634367,-304.923492,178.853745,-196.298035,19938.322266,-10010.743164,12625.651367,0.281224,-0.851761,0.442059,0.100000,0.020000,1,0.029797
33.709679,15.719997,0.714367,-8.412582,32.798904,147.268997,-1219.762329,2200.250732,10872.573242,0.298916,-0.878498,0.372681,0.100000,0.020000,1,0.221533
34.238571,16.517092,0.935381,-165.830444,172.743134,144.590729,-16634.689453,5628.541504,3610.160156,0.296820,-0.856703,-0.421851,0.100000,0.020000,1,0.897495
33.841858,15.751969,0.261682,-376.513611,-659.720398,308.981567,-23772.900391,-41142.593750,19513.718750,0.368537,-0.884343,0.286561,0.100000,0.020000,1,0.595325
33.729237,15.887486,-0.586180,77.683250,-28.681740,-17.986595,3048.734619,-2193.559082,-963.177673,-0.120505,-0.710084,-0.693728,0.100000,0.020000,1,0.163594
33.697624,15.782269,-0.314325,67.576347,-79.781860,-137.720352,2914.444092,-5111.640137,-7699.538086,0.123838,-0.782318,-0.610445,0.100000,0.020000,1,0.343444
34.066250,15.773598,1.188248,80.527481,85.727585,184.583160,7184.080566,-430.946045,7461.518555,0.203168,-0.809710,0.550538,0.100000,0.020000,1,0.680989
33.219547,15.809397,-0.107200,-135.751419,91.072235,51.888451,-9996.375977,15078.914062,4078.208984,0.392030,-0.886908,-0.244348,0.100000,0.020000,1,0.671095
33.567074,15.640074,-0.195239,119.295731,-347.948975,-167.534668,6515.408203,-21639.019531,-11735.131836,0.452675,-0.887008,0.091111,0.100000,0.020000,1,0.460051
31.917894,16.236305,0.592069,-401.254913,247.286880,204.277023,-26571.845703,18568.082031,23010.941406,0.455619,-0.888047,-0.061515,0.100000,0.020000,1,0.763324
32.346119,16.190258,-0.506930,-374.759705,237.419952,-139.301117,22866.310547,-13477.528320,9215.921875,0.391938,-0.848644,0.355228,0.100000,0.020000,1,0.832954
33.356014,15.564286,0.530128,-201.771530,129.961365,102.201363,11708.914062,-7035.475586,-7438.637695,0.399704,-0.849340,-0.344758,0.100000,0.020000,1,0.596945
33.644444,15.515008,0.220694,-125.358994,-151.533875,-183.918304,6714.028809,7623.248047,8646.470703,0.483812,-0.874942,0.020049,0.100000,0.020000,1,0.931553
33.860512,16.043404,-0.623257,31.877851,70.732758,116.226105,882.174744,5027.360840,7348.080078,-0.032098,-0.720899,-0.692297,0.100000,0.020000,1,0.196051
33.985390,16.190624,0.478087,87.776367,113.412659,-54.340836,5363.259766,8902.506836,-3807.826416,0.147649,-0.763572,0.628616,0.100000,0.020000,1,0.598066
33.572472,15.613076,-0.483387,-19.155281,30.062141,-42.283432,-2307.466309,2233.878418,-3779.827393,0.471240,-0.848562,-0.240573,0.100000,0.020000,1,0.828167
32.517365,16.846495,0.465675,-401.868530,397.412598,48.819412,1210.697266,34531.179688,-4052.635742,0.469946,-0.841815,0.265515,0.100000,0.020000,1,0.334137
34.807220,14.612438,0.264016,357.733734,-253.192596,104.608276,12286.439453,-8835.962891,6769.979492,0.480170,-0.853403,0.202829,0.100000,0.020000,1,0.991325
34.423458,15.357571,0.180549,149.533600,-23.523903,56.971039,11647.960938,-2417.037109,5975.347656,0.397388,-0.810707,-0.429926,0.100000,0.020000,1,0.597443
33.629993,15.490657,-0.543804,-128.316330,139.938599,-5.329777,-9058.934570,8711.211914,-1381.048340,0.473231,-0.818834,-0.324906,0.100000,0.020000,1,0.640506
33.873287,15.872566,-0.621468,50.587303,-183.057037,-6.893809,2283.606689,-11406.627930,-454.275085,0.056568,-0.729036,-0.682134,0.100000,0.020000,1,0.558242
35.138741,14.376748,-1.541446,521.194580,-252.429977,-323.395874,13089.508789,-15818.646484,-13009.580078,0.142446,-0.807788,-0.572003,0.100000,0.020000,1,0.035420
33.894943,15.406937,-0.738621,5.741936,14.681300,14.357612,-2.022629,63.254372,-205.109940,0.232288,-0.759177,-0.608023,0.100000,0.020000,1,0.691754
33.612629,15.321125,0.397676,26.096947,4.107155,-258.583923,1979.811523,4978.262695,11451.995117,0.443266,-0.874062,0.198822,0.100000,0.020000,1,0.125123
33.737434,15.498092,0.435132,20.197815,-1.889616,-32.423988,-545.331787,278.558746,1565.169678,0.406054,-0.790630,0.458284,0.100000,0.020000,1,0.214629
33.767075,15.504539,0.102579,-1.935452,-3.817086,-59.865547,-344.410400,10.785501,-3409.538086,0.565460,-0.824626,0.015731,0.100000,0.020000,1,0.698124
33.558811,15.584122,0.155024,399.890442,-859.359985,32.030144,24127.347656,-53634.347656,2315.171143,0.569083,-0.816914,0.093784,0.100000,0.020000,1,0.642107
33.101097,15.891185,-0.009954,-136.313293,104.067902,-89.947693,-12405.458984,7336.293457,-8068.893066,0.220451,-0.751552,0.621748,0.100000,0.020000,1,0.320222
33.813572,15.385287,0.460409,6.099677,22.350750,77.280907,321.682404,384.017914,5947.790527,0.376516,-0.898411,0.226040,0.100000,0.020000,1,0.039922
33.733265,15.740158,0.081866,77.062698,-111.803024,-60.738586,4258.383789,-6060.268066,-4900.083984,0.483061,-0.792328,0.372650,0.100000,0.020000,1,0.455478
33.827824,15.171381,-0.219100,330.497833,-179.365479,454.630432,20828.355469,-12382.813477,28378.361328,0.577507,-0.800938,-0.158064,0.100000,0.020000,1,0.416882
32.666927,16.033100,-0.221450,-316.323730,133.266190,74.793365,-25465.810547,10116.721680,6028.833984,0.314466,-0.742912,-0.590926,0.100000,0.020000,1,0.574613
34.596165,16.090963,-0.679039,164.273926,146.811310,-36.025810,13108.801758,11521.920898,-3152.146484,0.406309,-0.752384,-0.518489,0.100000,0.020000,1,0.988745
33.568031,15.283596,-0.284165,111.058861,-29.807062,9.611950,3227.747559,-9812.058594,2808.697998,0.528022,-0.829248,-0.183138,0.100000,0.020000,1,0.090779
33.756409,15.456553,-0.518432,248.723740,-147.456192,458.424896,-12039.622070,7460.032227,-22567.757812,0.485376,-0.762118,-0.428469,0.100000,0.020000,1,0.388998
35.129902,15.287683,-0.830868,467.568787,-26.356955,-269.232849,-26871.640625,1665.192871,16212.541016,0.583131,-0.787306,0.200269,0.100000,0.020000,1,0.425387
33.682583,15.430595,0.117855,-48.606277,-139.481262,-129.548233,2832.824951,6915.920410,5955.132324,0.595973,-0.798755,-0.082501,0.100000,0.020000,1,0.330329
33.615673,15.456901,-0.307367,169.814606,-166.927460,166.077545,9696.681641,-10336.400391,10186.200195,0.582871,-0.769385,-0.261357,0.100000,0.020000,1,0.608618
33.764759,16.054193,0.913108,-85.950546,126.659271,167.707367,-6847.427246,8951.783203,11749.688477,0.062179,-0.709739,0.701715,0.100000,0.020000,1,0.891765
34.013466,15.501699,-0.347759,-113.148590,84.041168,-180.082397,-7359.076172,4256.386719,-10249.421875,0.151704,-0.717122,-0.680237,0.100000,0.020000,1,0.418893
33.702457,15.436660,-0.063706,75.073227,-28.274666,69.764046,4277.440430,-2228.427734,3724.995850,0.470972,-0.875375,0.109106,0.100000,0.020000,1,0.136724
34.702118,16.812275,-0.268272,239.025009,421.312347,-253.751099,6847.150391,18567.916016,-16317.458984,0.395712,-0.735196,0.550363,0.100000,0.020000,1,0.884398
34.289375,15.451675,0.774116,124.475006,57.449116,29.301498,8101.088867,-1233.170410,5264.785156,0.488421,-0.745928,0.452809,0.100000,0.020000,1,0.784410
33.827484,15.253186,-0.392082,-40.338547,29.912785,347.794495,-2630.407715,1512.435303,20598.738281,0.653824,-0.752901,-0.075194,0.100000,0.020000,1,0.074693
34.405651,16.292511,0.138393,149.228043,178.851990,-105.581940,6511.300781,9736.814453,-4670.915039,0.324657,-0.716171,0.617817,0.100000,0.020000,1,0.762612
34.439907,14.881619,-2.318771,135.902557,-72.117126,-673.432129,10882.658203,-6684.980469,-50907.988281,0.587305,-0.733922,-0.341222,0.100000,0.020000,1,0.492829
34.067886,15.256558,-1.013000,197.878998,-54.941540,-171.424835,6721.706055,-2688.363770,-1621.964844,0.590014,-0.727072,0.351070,0.100000,0.020000,1,0.615326
33.926746,15.224004,0.415794,102.869476,-34.544807,43.351730,6791.668945,-2593.350342,4132.963379,0.670566,-0.736341,0.090232,0.100000,0.020000,1,0.674564
32.962971,16.143034,-0.713867,-172.424988,236.777191,-129.761108,-19686.210938,15365.693359,-10514.244141,0.666477,-0.730417,-0.149326,0.100000,0.020000,1,0.853720
34.130402,15.213211,-0.065707,-692.681274,-283.998352,52.510551,-42561.496094,-18372.513672,2950.280029,0.674543,-0.737855,0.023719,0.100000,0.020000,1,0.633726
33.760777,15.791759,-0.587315,-10.427685,74.502487,-22.555504,-1462.597656,6049.445312,-1905.317261,0.481927,-0.703749,-0.521999,0.100000,0.020000,1,0.558526
33.726208,15.551287,0.358066,-32.136711,-19.734688,372.178406,-3085.395020,-1479.299805,22775.857422,0.333915,-0.738727,0.585477,0.100000,0.020000,1,0.259098
33.744804,15.356767,-0.300853,4.795738,11.283480,41.227242,-447.963165,622.653564,2941.623047,0.585176,-0.692167,-0.422460,0.100000,0.020000,1,0.690117
33.654888,15.448263,-0.126724,277.359009,-145.609451,-95.826340,15798.866211,-10213.815430,-3972.170898,0.211544,-0.692638,-0.689566,0.100000,0.020000,1,0.864059
34.001148,15.186254,0.623606,140.368576,-67.948654,300.963074,8857.712891,-5722.842285,23913.941406,0.401165,-0.682029,-0.611476,0.100000,0.020000,1,0.579310
33.666763,15.286142,-0.468364,529.306396,-295.364624,977.299072,32450.572266,-18662.134766,60710.335938,0.684459,-0.681400,-0.259248,0.100000,0.020000,1,0.372413
35.348698,14.290237,0.928355,389.987061,-214.641602,217.846863,23132.001953,-13098.126953,10281.210938,0.748103,-0.656688,0.095408,0.100000,0.020000,1,0.981236
33.500061,15.408474,0.474170,-299.326019,135.173523,-108.760986,16364.382812,-6437.230469,5693.228516,0.398054,-0.668753,0.627952,0.100000,0.020000,1,0.662126
33.703529,15.205368,0.185971,43.123497,32.693237,10.506866,-1573.665405,7291.560547,42235.968750,0.681286,-0.670050,0.294758,0.100000,0.020000,1,0.268884
33.741573,15.183404,-0.208921,21.986132,59.600624,-93.024506,-16167.522461,-5050.999023,-15768.061523,0.667509,-0.641868,0.377410,0.100000,0.020000,1,0.938653
34.007133,15.030081,-0.081053,-331.146973,191.584412,497.310364,-20073.951172,10781.677734,26276.048828,0.748772,-0.640013,-0.172406,0.100000,0.020000,1,0.296110
33.244930,15.514426,1.272295,-68.560043,44.076538,314.058105,-7073.817871,4062.423340,25472.791016,0.763806,-0.639426,-0.087946,0.100000,0.020000,1,0.259525
33.049805,15.955118,-1.591090,-107.390839,86.669495,-252.292480,-10491.804688,6533.986328,-20647.181641,0.259127,-0.820319,-0.509833,0.100000,0.020000,1,0.017412
33.902905,15.285056,0.561489,-231.330627,130.654938,-80.277885,-14929.131836,7864.805176,-4724.216309,0.561833,-0.635073,0.530120,0.100000,0.020000,1,0.378677
34.247623,15.094832,-0.647393,-115.946121,-155.330078,496.226196,-6106.763672,-10635.601562,30241.587891,0.654395,-0.622030,-0.429937,0.100000,0.020000,1,0.572975
37.666679,14.385828,0.367772,1210.804321,-302.719971,154.426666,24532.648438,915.825195,12782.744141,0.683384,-0.637285,-0.356166,0.100000,0.020000,1,0.104249
33.747536,15.270894,-0.456563,190.981537,-128.951080,171.679871,11301.808594,-7898.722656,9867.320312,0.747336,-0.616274,-0.248386,0.100000,0.020000,1,0.778716
34.005844,15.424785,-0.420719,-57.454773,-28.362564,-106.126419,-3650.875732,-1841.645996,-6181.100586,0.488363,-0.631556,-0.602195,0.100000,0.020000,1,0.916517
33.589291,15.422342,0.655062,15.229171,-0.274683,-33.375111,-321.808014,325.462250,-575.381287,0.635140,-0.703373,0.319161,0.100000,0.020000,1,0.117364
32.815350,16.924112,-0.229004,-234.052368,488.472595,-212.852341,14834.543945,-28859.914062,12369.464844,0.651457,-0.611459,0.449135,0.100000,0.020000,1,0.176282
34.578320,14.716650,-3.186333,139.138855,-75.380173,-753.095459,-8660.293945,5130.935059,45500.214844,0.732356,-0.594539,-0.331929,0.100000,0.020000,1,0.715670
36.347382,13.709485,1.020832,529.829712,-296.641235,170.488068,-32986.675781,18939.652344,-10433.349609,0.726704,-0.589768,0.352244,0.100000,0.020000,1,0.688569
33.613098,15.257576,-0.589259,22.549274,-10.532297,120.151344,-400.665619,-1470.124756,5255.163574,0.779656,-0.626203,0.002457,0.100000,0.020000,1,0.342002
34.007851,15.240452,-1.279144,-3.741323,13.921680,178.637115,-431.654205,-623.763550,8517.864258,0.307811,-0.660640,-0.684694,0.100000,0.020000,1,0.065546
34.373775,14.937015,0.132612,185.025146,-97.709084,-274.968323,8371.341797,-4697.633301,-20024.832031,0.587486,-0.620034,-0.520018,0.100000,0.020000,1,0.466368
33.662434,16.782509,-0.185509,-94.599152,516.078613,-154.224304,807.172852,13264.445312,5139.541016,0.766878,-0.580884,0.272897,0.100000,0.020000,1,0.600539
32.410660,16.142494,-1.979341,-202.095108,173.667862,-638.016907,-8496.037109,6607.979492,-15359.699219,0.814730,-0.548760,0.187289,0.100000,0.020000,1,0.943796
33.968384,15.191388,-0.007230,12.386732,-54.604187,-60.147308,860.133362,-3148.296387,-3577.120850,0.830244,-0.553472,-0.066055,0.100000,0.020000,1,0.693587
34.021870,15.114582,0.063981,-81.369461,53.529938,202.153549,-4833.107422,3369.085205,12966.567383,0.833420,-0.552405,0.016111,0.100000,0.020000,1,0.662553
34.183411,15.669748,-0.656731,69.617493,27.607239,-74.610565,5271.295898,2043.380371,-5273.954102,0.345715,-0.740103,-0.576826,0.100000,0.020000,1,0.111439
33.488884,16.055866,-0.503046,-108.731926,200.723724,-308.780273,-3779.366699,6344.436035,-12330.640625,0.469686,-0.614205,0.634151,0.100000,0.020000,1,0.838630
35.036190,14.471373,-1.166947,77.216034,-33.847961,23.423923,-6658.383301,3889.857666,745.512146,0.646304,-0.567385,-0.510259,0.100000,0.020000,1,0.670632
34.359196,14.826819,0.048699,-385.819550,226.016937,-205.226212,-23708.375000,10814.911133,-14697.500977,0.604961,-0.624456,0.494041,0.100000,0.020000,1,0.157704
33.730431,15.189837,-0.141818,18.932863,32.792675,0.000000,-7530.909668,-11816.204102,4117.762207,0.558146,-0.573243,-0.599889,0.100000,0.020000,1,0.671984
33.878757,15.547333,0.286878,70.470886,-84.660095,102.820374,16141.297852,10242.594727,-14270.615234,0.635919,-0.550568,0.540815,0.100000,0.020000,1,0.798859
33.536961,15.749556,-1.131412,-49.046829,164.080933,-382.236633,-3682.848389,4963.288574,-10701.223633,0.792056,-0.575480,0.203643,0.100000,0.020000,1,0.124785
33.573025,15.548966,-0.082679,114.430374,-15.191893,60.613457,5703.233398,531.666992,3963.032715,0.795742,-0.508520,-0.328941,0.100000,0.020000,1,0.903278
34.149136,17.192333,1.382107,127.061340,428.068176,199.307556,8317.182617,33352.472656,15682.561523,0.221098,-0.671289,0.707451,0.100000,0.020000,1,0.255877
34.111923,15.128117,0.521450,93.939301,-37.036018,324.611206,6132.893066,-3954.195312,25263.460938,0.388414,-0.614636,-0.686555,0.100000,0.020000,1,0.640879
33.863701,15.137801,-0.613187,462.809265,-259.655273,657.003296,28605.033203,-16605.152344,40528.476562,0.735218,-0.524989,-0.428766,0.100000,0.020000,1,0.164964
34.063206,15.561580,0.281311,-91.759689,-821.280334,422.181366,-5526.222168,-49945.851562,26760.628906,0.819787,-0.498780,0.281369,0.100000,0.020000,1,0.333799
33.800655,15.162991,-0.278855,-178.522903,107.221619,-416.008057,-12026.591797,7055.741211,-26752.240234,0.841650,-0.509926,-0.177767,0.100000,0.020000,1,0.347999
33.111988,15.550944,-0.035461,98.644348,-55.725231,-149.347900,4595.904297,-2616.483887,-2741.755859,0.880525,-0.463073,0.101191,0.100000,0.020000,1,0.611234
33.748390,15.181793,-0.529123,-63.102531,37.137070,412.539551,-5079.491699,2951.674072,24134.185547,0.886270,-0.456059,-0.080851,0.100000,0.020000,1,0.321663
33.906670,15.342043,-0.078792,656.136047,-301.862854,848.144043,40711.578125,-21471.578125,55563.488281,-0.019314,-0.781393,-0.623740,0.100000,0.020000,1,0.029299
33.592323,15.369683,0.297029,523.381958,-271.838013,711.319641,31338.400391,-17394.251953,43950.312500,0.505030,-0.639650,0.579476,0.100000,0.020000,1,0.055350
34.540226,14.803816,0.439395,-280.164612,186.454987,-110.773346,-15658.473633,9451.488281,-7529.194824,0.547102,-0.553457,0.627985,0.100000,0.020000,1,0.735368
34.142212,15.064477,0.088111,-118.472427,-64.107132,47.009460,-7026.282715,-3900.571777,2619.481201,0.882786,-0.429879,0.189457,0.100000,0.020000,1,0.026220
34.270569,15.001583,1.292218,59.688629,-26.001850,291.972473,8257.171875,1545.992676,19047.000000,0.899171,-0.437244,0.017588,0.100000,0.020000,1,0.714442
33.758755,15.454178,-0.030328,-10.087463,17.409401,117.000732,-1936.694336,1155.139282,9816.196289,0.459143,-0.575445,-0.676794,0.100000,0.020000,1,0.670561
34.615158,14.714311,0.298114,202.271790,-106.092834,201.882446,15096.081055,-8719.154297,15960.678711,0.704893,-0.480498,-0.521774,0.100000,0.020000,1,0.985631
34.157310,15.308085,0.480619,-415.328857,-60.411644,-81.376251,-25801.019531,-3059.108887,-4807.894043,0.774952,-0.449305,0.444493,0.100000,0.020000,1,0.781296
33.731323,15.529214,-2.806862,-501.789795,392.706360,-797.069763,-21237.691406,15299.725586,-26621.023438,0.787540,-0.450544,-0.420465,0.100000,0.020000,1,0.654546
33.689434,15.215014,-0.176510,349.555084,-201.358124,-126.911621,20611.714844,-11889.341797,-8144.690430,0.892316,-0.422203,-0.159739,0.100000,0.020000,1,0.070155
33.680264,15.223155,-0.324142,1951.508789,-1125.384644,207.662003,121636.109375,-70211.851562,12652.409180,0.879228,-0.412731,-0.237931,0.100000,0.020000,1,0.433698
33.348503,15.452319,0.527661,342.298889,-184.905518,742.370972,22406.982422,-12756.221680,46511.062500,0.703618,-0.466508,0.535996,0.100000,0.020000,1,0.712253
28.176510,18.399315,1.352684,-1918.703613,1108.649292,299.623627,-424.515625,253.136719,16724.890625,0.866530,-0.483447,0.124116,0.100000,0.020000,1,0.030349
34.524143,14.746835,-1.079691,-103.456360,64.351448,-125.920364,-8707.574219,5166.112305,1919.555664,0.844837,-0.459973,-0.273269,0.100000,0.020000,1,0.254417
33.976856,15.060658,-0.151712,253.338776,-142.297256,251.037506,15593.987305,-8895.943359,16465.507812,0.855726,-0.397069,-0.331768,0.100000,0.020000,1,0.763929
34.325790,15.319425,-0.234471,-63.748844,33.137856,-207.544006,2482.796631,-2463.211670,11700.445312,0.875387,-0.394898,0.278842,0.100000,0.020000,1,0.984083
34.704540,14.627433,-2.154575,141.167053,-81.041893,-660.131042,8826.557617,-5211.075195,-19777.205078,0.931661,-0.357351,-0.065639,0.100000,0.020000,1,0.672750
36.157867,13.788355,-0.754564,564.720886,-323.818970,-182.787918,-33966.371094,19956.662109,12380.970703,0.732812,-0.477737,0.484513,0.100000,0.020000,1,0.028605
34.030796,15.016421,-0.650748,-80.515846,96.626617,-178.634460,-10950.189453,-3827.057129,-7462.102539,0.939058,-0.343063,0.021849,0.100000,0.020000,1,0.558437
35.207108,14.337277,1.387838,79.857841,-45.632065,178.148239,9594.011719,-5652.776367,16695.533203,0.936075,-0.337617,0.098887,0.100000,0.020000,1,0.372253
33.979771,15.045878,1.106178,-22.606529,33.235126,2.802362,1421.965088,-568.407532,-1430.244141,0.443982,-0.561700,0.698121,0.100000,0.020000,1,0.934988
33.226055,15.481037,0.952657,-71.192978,41.806095,45.066795,5915.518066,-3299.923584,-3934.091064,0.850551,-0.374234,0.369474,0.100000,0.020000,1,0.146760
35.559937,16.895821,-0.797994,493.162354,439.490265,-262.147461,-28583.728516,-27237.539062,14676.826172,0.916175,-0.317797,-0.244191,0.100000,0.020000,1,0.773680
31.944298,16.221060,1.554745,-746.033813,431.813416,447.083252,-405.140625,-244.640625,37648.402344,0.933624,-0.314294,-0.171947,0.100000,0.020000,1,0.562512
34.450665,14.774009,-1.463694,101.573128,-41.419434,-250.300476,-7681.788086,4377.288574,20532.146484,0.610635,-0.493737,-0.619151,0.100000,0.020000,1,0.119926
33.298584,15.439163,-1.658593,-228.412704,131.888947,-495.777832,13173.185547,-7293.966309,29898.882812,0.771622,-0.587154,0.244642,0.100000,0.020000,1,0.050688
34.418438,14.792614,-2.429858,183.618347,-31.621292,-422.015472,-1810.455444,-14009.220703,-20827.332031,0.670773,-0.428675,-0.605229,0.100000,0.020000,1,0.163487
34.790413,15.638014,-0.316079,132.443985,145.512817,-273.505859,-8441.241211,-8659.815430,15866.803711,0.745973,-0.387220,0.541835,0.100000,0.020000,1,0.309794
34.490459,14.751031,-0.312119,-774.753479,447.601074,407.007446,19365.230469,-10780.068359,-37028.875000,0.757811,-0.385436,-0.526462,0.100000,0.020000,1,0.982001
33.771126,15.166341,0.084742,144.532654,-76.878990,340.206207,-6256.076660,3521.545654,-16133.153320,0.823344,-0.344034,0.451382,0.100000,0.020000,1,0.988336
32.624660,15.828252,-0.025831,-171.893387,99.333313,-96.449234,-17152.035156,9862.747070,-7230.170410,0.911472,-0.307665,0.273059,0.100000,0.020000,1,0.257442
34.045486,15.007936,-2.015408,35.936810,-20.744396,-323.664642,-13900.030273,8077.315430,20549.160156,0.894717,-0.277989,-0.349577,0.100000,0.020000,1,0.367021
34.320816,14.848975,-0.535208,112.937035,-63.842312,-89.812363,1557.096680,-1373.686523,48.045288,0.968782,-0.229500,0.093766,0.100000,0.020000,1,0.404710
34.586136,14.695795,-1.714179,68.145538,-37.457710,-454.105621,13769.695312,-8670.521484,-9560.271484,0.974168,-0.225667,0.008443,0.100000,0.020000,1,0.347216
33.880455,15.390351,0.554362,91.802109,-156.107574,-122.467438,3110.008301,8408.896484,6633.448730,0.663779,-0.405974,0.628158,0.100000,0.020000,1,0.808611
35.476276,14.181870,-1.988340,435.302704,-251.293793,-371.051147,-25382.796875,14838.546875,22893.052734,0.844868,-0.314323,-0.432896,0.100000,0.020000,1,0.113591
32.978771,15.623807,0.375096,-362.063934,209.089401,-147.724091,21337.511719,-12243.500977,7291.384277,0.886938,-0.268437,0.375877,0.100000,0.020000,1,0.337144
34.418842,14.792380,-0.601792,-289.426453,171.148895,779.216370,-18392.931641,8711.516602,46167.578125,0.957966,-0.214397,0.190619,0.100000,0.020000,1,0.636787
35.159405,14.364819,2.374722,314.135895,-180.531326,488.102020,13813.212891,-8201.405273,54160.300781,0.965871,-0.210978,-0.150269,0.100000,0.020000,1,0.730688
33.499954,15.950212,-1.444942,-251.238937,323.691895,-309.956604,14396.832031,-18617.281250,18132.679688,0.795146,-0.301663,-0.526064,0.100000,0.020000,1,0.607301
34.284935,16.985121,-0.194296,51.890732,529.815430,44.344513,-2849.023682,-31957.029297,-2742.241211,0.868450,-0.249493,-0.428425,0.100000,0.020000,1,0.589293
33.817631,15.139490,0.334980,753.303345,-434.495819,-300.401215,45834.980469,-26583.982422,-18575.644531,0.943554,-0.197159,0.266146,0.100000,0.020000,1,0.888295
34.073658,15.649403,-0.392187,20.431026,44.391815,59.872116,-852.700562,-3210.355225,-3600.830078,0.584738,-0.441324,-0.680672,0.100000,0.020000,1,0.790994
35.216019,14.580431,-2.379020,281.990967,-201.972229,-495.009216,-16941.152344,11591.107422,29738.574219,0.723629,-0.338324,-0.601580,0.100000,0.020000,1,0.766580
34.343567,14.835839,-1.690935,-13.851032,13.650916,-739.670044,290.459381,-92.829468,42926.871094,0.788541,-0.279986,0.547549,0.100000,0.020000,1,0.777168
34.445728,14.776860,-1.813429,78.907516,-44.066566,-410.009308,5670.708496,-3794.187256,-33232.574219,0.977080,-0.196307,-0.082331,0.100000,0.020000,1,0.123468
34.337975,14.839071,0.099418,38.087093,47.887981,78.165535,-9488.754883,-18142.763672,6270.021973,0.991395,-0.130510,0.010101,0.100000,0.020000,1,0.664991
35.833935,13.975378,0.261567,496.801270,-213.189178,300.966522,8495.694336,-23836.318359,14527.292969,0.979345,-0.107266,-0.171399,0.100000,0.020000,1,0.475052
36.814186,13.409428,-0.656108,774.344116,-393.762512,-36.285564,16789.710938,-20563.812500,-41311.531250,0.991309,-0.104895,-0.079391,0.100000,0.020000,1,0.848399
34.063801,15.244000,0.756530,143.268433,-650.025269,-220.537445,-7021.032715,32868.078125,10705.588867,0.501019,-0.501475,0.705339,0.100000,0.020000,1,0.277746
32.801945,15.725897,0.510350,-251.193451,177.854034,-57.125858,17579.671875,-10839.772461,7876.532227,0.564887,-0.440090,0.698014,0.100000,0.020000,1,0.310204
33.913128,15.542272,1.626280,-100.385651,194.167053,150.473297,5765.822266,-10771.853516,-10373.310547,0.694476,-0.331039,0.638840,0.100000,0.020000,1,0.807756
34.409775,15.235954,0.913880,80.320679,16.948578,61.583267,-4478.153320,-1495.456665,-4271.229980,0.824041,-0.211643,0.525513,0.100000,0.020000,1,0.959224
34.128365,14.960090,-0.567715,-489.578064,290.316071,109.132851,39099.980469,-22707.427734,-3882.232666,0.833408,-0.210121,-0.511156,0.100000,0.020000,1,0.088555
33.959385,15.057647,-0.013529,439.758881,-251.697189,442.347992,26109.349609,-16094.976562,28972.849609,0.950590,-0.151885,-0.270756,0.100000,0.020000,1,0.495836
32.915146,15.786111,3.961970,-386.552765,212.674500,1188.893677,23061.087891,-13223.982422,-70813.570312,0.965629,-0.090978,-0.243483,0.100000,0.020000,1,0.414782
34.689125,15.584394,2.262974,89.049286,179.025360,499.803467,-5531.694336,-10978.957031,-30479.271484,0.958839,-0.089795,0.269380,0.100000,0.020000,1,0.929080
35.733704,14.033246,0.127481,438.743652,-216.446762,179.539642,14800.168945,-13864.822266,1844.224609,0.888360,-0.135594,-0.438670,0.100000,0.020000,1,0.768573
34.886063,15.986661,0.002465,155.656158,269.294922,-20.453705,-9413.171875,-16382.299805,2105.584961,0.887061,-0.128518,0.443402,0.100000,0.020000,1,0.313584
36.332355,13.687614,0.106217,583.050049,-336.584259,137.285995,5085.994141,-2945.617188,170.529785,0.934062,-0.080551,0.347907,0.100000,0.020000,1,0.701256
34.336922,14.839678,1.415565,-133.967880,82.481316,280.613892,-13077.326172,4996.736328,-21.482910,0.991449,-0.071694,0.109032,0.100000,0.020000,1,0.032786
35.467793,15.633140,1.976707,225.205750,260.701050,646.422119,-14422.811523,-15263.407227,-37212.476562,0.978250,-0.066749,0.196396,0.100000,0.020000,1,0.552957
35.064880,14.704168,-1.390097,196.295349,-76.713898,-408.065125,-11795.816406,4043.511963,23995.837891,0.996907,-0.020613,-0.075842,0.100000,0.020000,1,0.764569
34.798676,14.593362,2.414693,109.241478,-56.925003,610.262939,2178.494141,-1132.652100,30989.792969,0.825884,-0.357850,0.435729,0.100000,0.020000,1,0.003568
35.327824,14.369463,-0.141305,187.464767,-112.685707,61.667313,5054.220703,-2751.357178,6951.806152,0.751810,-0.256199,-0.607572,0.100000,0.020000,1,0.491512
33.890064,15.117856,0.336573,295.883392,-169.024597,-208.391388,17238.152344,-10028.474609,-13523.072266,0.859137,-0.202733,0.469876,0.100000,0.020000,1,0.037449
35.388088,16.036650,0.142967,290.477051,231.640839,170.834396,26540.136719,21009.455078,-4449.588867,0.927676,-0.123161,-0.352489,0.100000,0.020000,1,0.014529
34.426083,14.940488,-1.283838,55.229187,-59.649323,-324.975403,4814.493652,2290.788574,-10320.828125,0.995478,0.004544,0.094884,0.100000,0.020000,1,0.879557
34.207413,15.447044,-0.428574,13.846413,-972.109558,91.447441,972.861145,-60456.250000,6605.094238,0.617333,-0.369965,-0.694281,0.100000,0.020000,1,0.920307
34.191139,15.253130,0.713608,12.974897,-21.838253,6.507120,795.509155,-1639.886841,-441.842346,0.735491,-0.243142,0.632404,0.100000,0.020000,1,0.740582
34.713326,14.783568,-0.830496,101.311035,-42.709358,-52.019928,8206.142578,-3659.735107,-4537.300293,0.789797,-0.179283,-0.586581,0.100000,0.020000,1,0.853702
33.799240,16.491068,-1.375133,-156.287094,377.841888,-483.921875,-7405.076660,15057.174805,-14331.223633,0.913587,-0.127679,0.386079,0.100000,0.020000,1,0.256090
34.363770,14.995147,-0.355311,-151.613708,-82.221527,-289.176575,-9336.843750,-4939.712891,-17832.839844,0.855744,-0.116656,-0.504076,0.100000,0.020000,1,0.926998
34.584373,15.467945,-0.084706,-235.241211,170.065521,57.486313,-13981.965820,13621.121094,2568.718750,0.982169,0.021390,0.186778,0.100000,0.020000,1,0.856852
34.282501,15.706425,-0.350877,-41.370972,85.952682,74.072189,-6034.187500,3670.949219,365.957031,0.671808,-0.298944,-0.677721,0.100000,0.020000,1,0.833701
35.774673,16.493839,1.419911,185.311859,416.478363,477.117096,-13113.180664,-25214.972656,-26598.892578,0.889697,-0.041126,0.454696,0.100000,0.020000,1,0.503968
34.649986,14.658930,-0.293376,-817.789612,472.329315,727.283325,39128.519531,-22595.923828,-35535.011719,0.937862,-0.033314,-0.345407,0.100000,0.020000,1,0.567655
33.820179,15.138020,0.328631,-21.359612,32.771877,-9.831466,-10.661621,-4236.989746,-9073.023438,0.904551,-0.023308,-0.425729,0.100000,0.020000,1,0.970061
34.564449,14.708317,0.425659,-220.427826,135.800888,-259.114746,-15617.391602,4692.953125,-16017.036133,0.957496,0.025208,0.287341,0.100000,0.020000,1,0.645684
34.438221,14.781194,0.097656,836.154663,-481.141724,-66.065529,52689.867188,-31013.908203,-3777.383057,0.999351,0.035940,0.002358,0.100000,0.020000,1,0.406579
36.426601,13.633201,1.650981,497.890320,-287.201996,495.814972,39831.937500,-23050.957031,39185.269531,0.964796,0.043991,-0.259293,0.100000,0.020000,1,0.314296
33.387398,15.387885,-0.765262,-226.940781,131.137268,-99.313614,14137.983398,-8151.612793,6229.380371,0.942034,0.047759,-0.332101,0.100000,0.020000,1,0.755263
33.980717,15.045334,0.902048,75.232552,-40.116062,-273.893982,27868.640625,-15813.103516,-10128.000977,0.774021,-0.145061,0.616319,0.100000,0.020000,1,0.905983
34.554707,14.922128,0.091732,-23.504768,-37.610695,19.653984,947.419067,1365.627563,-969.747192,0.985196,0.134145,0.106745,0.100000,0.020000,1,0.939774
34.275089,14.875378,-0.024774,-3.637793,36.936138,4.750356,-4526.094238,-4061.983887,759.813293,0.988040,0.135996,-0.072676,0.100000,0.020000,1,0.508933
34.154507,14.944994,0.765595,71.807037,36.791348,205.472214,-1641.465576,-14882.102539,10547.267578,0.990220,0.138620,0.015766,0.100000,0.020000,1,0.560875
35.477821,14.180979,-1.114176,265.197906,-152.800537,-220.429550,20859.970703,-12118.214844,-17951.416016,0.976516,0.136803,-0.166441,0.100000,0.020000,1,0.808628
34.185593,15.415662,-0.289239,68.270889,30.815071,71.602753,4689.443848,2109.758789,5887.185059,0.512182,-0.522460,-0.681693,0.100000,0.020000,1,0.018871
34.327244,15.049438,0.336470,-60.589920,-275.164886,250.298859,-3925.727051,-16943.726562,15085.977539,0.824216,-0.079002,0.560738,0.100000,0.020000,1,0.157936
34.437450,15.145823,-0.280207,7.530653,35.289650,32.098549,624.562317,3305.584473,2773.826172,0.861531,-0.002752,-0.507697,0.100000,0.020000,1,0.823736
34.600937,14.991078,0.515166,-295.457703,-75.961029,-188.410156,-17987.732422,-4141.255371,-11399.852539,0.896270,0.061153,0.439272,0.100000,0.020000,1,0.132044
34.230576,15.361065,0.811115,32.163528,-338.661194,-213.098267,1973.038330,-20542.314453,-12698.828125,0.659432,-0.279450,0.697895,0.100000,0.020000,1,0.920770
35.536442,16.799948,-0.149466,292.367371,563.650208,19.764965,23100.125000,44121.863281,1256.027222,0.982751,0.078364,-0.167509,0.100000,0.020000,1,0.044833
34.508278,14.830977,-0.633124,-302.954834,-48.455235,325.588135,-18937.748047,-3032.407471,19545.636719,0.896737,0.086814,-0.433966,0.100000,0.020000,1,0.404123
34.843063,15.043199,0.554800,73.210770,77.883957,205.634338,6071.729980,6136.684082,16253.225586,0.955710,0.150895,-0.252686,0.100000,0.020000,1,0.302338
34.526524,14.743753,-1.533759,106.965118,-57.652924,-513.277954,-5406.707520,2908.972900,30498.806641,0.949427,0.159112,0.270689,0.100000,0.020000,1,0.545198
34.765285,14.592361,-0.332869,102.818024,-59.232693,-77.318771,7556.862793,-4394.058105,-6982.390137,0.968305,0.165559,0.187020,0.100000,0.020000,1,0.055564
33.398079,15.381717,-0.726662,-335.731781,193.962463,-143.309982,-26026.626953,14994.570312,-11828.226562,0.973524,0.218246,-0.067971,0.100000,0.020000,1,0.920787
34.392494,14.807592,0.124736,349.708160,-200.037933,-277.691895,21031.271484,-13061.960938,-17080.330078,0.974867,0.222768,0.002999,0.100000,0.020000,1,0.881426
34.201382,15.042277,0.481367,270.959717,-146.586578,-215.995300,16359.905273,-9248.869141,-13932.063477,0.779482,-0.069961,0.622506,0.100000,0.020000,1,0.472988
33.958843,15.100712,-0.986501,-80.899460,59.661774,-86.754608,-6846.060547,4322.697266,-7315.164551,0.794248,-0.064210,-0.604191,0.100000,0.020000,1,0.429035
33.093853,15.651690,-0.599566,-389.467041,181.575897,-417.381042,-11290.636719,3836.111084,-14241.662109,0.837951,0.004870,0.545723,0.100000,0.020000,1,0.040794
35.850029,15.253967,0.771195,374.305054,113.716980,208.147675,29211.289062,9155.565430,14987.643555,0.918564,0.155382,0.363451,0.100000,0.020000,1,0.782826
34.543888,14.720186,-0.194124,43.266003,-21.696257,-350.055450,-2226.403809,1225.338623,17187.302734,0.924204,0.166368,-0.343757,0.100000,0.020000,1,0.236516
36.207500,13.759701,1.737805,524.718872,-302.859802,626.483215,11885.761719,-6933.453613,14706.197266,0.962557,0.249044,0.107061,0.100000,0.020000,1,0.423804
34.155773,15.369947,-0.462338,-56.351379,48.602753,17.715366,5322.241211,9278.984375,-10235.638672,0.809608,0.010573,-0.586875,0.100000,0.020000,1,0.796778
34.717018,15.050962,-0.229407,-55.893913,-115.424500,136.678192,2454.392334,4856.003906,-6620.943359,0.950489,0.262250,-0.166718,0.100000,0.020000,1,0.428377
34.946461,15.537930,-1.489699,180.889526,102.028564,-220.334625,-10840.077148,-6259.783691,13368.949219,0.690352,-0.216248,-0.690399,0.100000,0.020000,1,0.303851
34.551430,14.715833,-0.265633,-138.650742,82.869400,-184.579971,-9337.888672,3482.017578,-10935.174805,0.849522,0.109655,-0.516032,0.100000,0.020000,1,0.903385
34.845112,14.546274,1.393556,118.833542,-17.352402,242.315857,-3763.396973,700.568359,10390.365234,0.878517,0.179248,0.442806,0.100000,0.020000,1,0.845872
34.928265,14.599733,-1.443424,93.398880,-52.664047,-272.196838,-5677.395508,3169.848145,16479.779297,0.882875,0.191845,-0.428634,0.100000,0.020000,1,0.721898
34.768547,14.921522,-0.162830,45.764229,23.738792,-48.082733,-2727.428223,-1742.536499,3332.507324,0.940597,0.276043,0.197679,0.100000,0.020000,1,0.043605
34.859131,14.538182,0.207505,-1625.914062,940.785706,-298.019775,-100570.554688,57305.722656,-18860.636719,0.958450,-0.158000,0.237505,0.100000,0.020000,1,0.039246
33.544498,15.297184,1.679508,-221.655975,142.801361,317.201874,-8450.301758,2137.357422,10513.216797,0.784451,0.022284,0.619790,0.100000,0.020000,1,0.394710
34.648132,14.878433,-0.326169,-60.026184,-231.684753,-108.270386,3383.379395,11029.265625,8919.394531,0.903240,0.261421,-0.340318,0.100000,0.020000,1,0.548739
34.837101,14.550899,1.142453,97.461899,-47.914818,342.648956,2446.120361,-3415.445312,10489.832031,0.934507,0.343018,0.095054,0.100000,0.020000,1,0.843986
34.751717,14.658154,-0.086113,-92.627045,50.924454,-22.782784,4415.382324,-2446.680176,1200.387207,0.933962,0.350382,-0.070340,0.100000,0.020000,1,0.415921
35.196205,16.318962,-0.656792,140.413422,443.236511,-140.417297,-8437.709961,-26583.269531,8820.886719,0.935116,0.354289,0.006030,0.100000,0.020000,1,0.495622
30.995127,17.467455,0.776041,-959.436340,765.565063,-28.462540,56954.070312,-44666.546875,1047.319580,0.678652,-0.205540,0.705113,0.100000,0.020000,1,0.518311
34.774055,14.613338,-0.305254,-246.512894,150.215057,21.777719,12069.048828,-7224.604980,-846.736145,0.906976,0.346843,-0.238945,0.100000,0.020000,1,0.796617
34.361992,15.287880,-0.557723,-123.493515,211.504028,-160.178360,7038.114258,-12155.377930,9958.863281,0.918958,0.352627,0.176552,0.100000,0.020000,1,0.948672
36.426117,13.641701,-3.051179,583.801697,-334.566528,-789.710938,-33933.433594,19614.349609,47397.875000,0.921510,0.355935,-0.155335,0.100000,0.020000,1,0.352875
33.373428,15.395950,2.800071,-109.360367,150.429962,591.092285,-34360.167969,1595.074219,7590.845703,0.705402,-0.134142,0.695998,0.100000,0.020000,1,0.234914
34.574764,15.844992,-0.558933,32.452042,312.778198,-198.368225,-6061.587402,13098.962891,-21720.548828,0.801394,0.130272,-0.583778,0.100000,0.020000,1,0.782043
34.128197,14.977440,0.288844,637.319336,-365.603943,402.593689,38674.726562,-22344.736328,25076.968750,0.903315,0.132359,0.408048,0.100000,0.020000,1,0.174182
35.959084,13.947633,-0.008712,375.322876,-213.307129,-186.998810,29653.017578,-17323.732422,-13939.810547,0.820534,0.134114,0.555642,0.100000,0.020000,1,0.197866
34.607018,14.953992,0.211717,95.815132,-96.478287,-156.463242,6091.361328,-5635.600586,-11016.546875,0.817934,0.209320,0.535882,0.100000,0.020000,1,0.953334
35.446663,14.198969,4.879718,294.135498,-142.262543,1290.744629,24962.156250,-20004.603516,41201.320312,0.871581,0.307878,0.381521,0.100000,0.020000,1,0.244648
33.936195,15.071039,1.742620,80.203522,-40.833309,407.083191,6435.450195,-6978.574219,12734.862305,0.880065,0.382434,0.281478,0.100000,0.020000,1,0.491049
33.804672,15.275565,0.361795,-60.638290,7.350391,-60.168396,3831.575928,-365.603027,3586.775391,0.609490,-0.474232,0.635316,0.100000,0.020000,1,0.083679
34.318367,15.189837,-0.864989,96.637695,-114.471985,200.968048,-4741.139648,5385.124023,-9405.633789,0.707648,-0.130170,-0.694471,0.100000,0.020000,1,0.336308
34.845196,14.817820,-0.361678,35.193836,-223.865173,145.152283,-2259.127197,11104.767578,-7342.136719,0.849392,0.300245,-0.434034,0.100000,0.020000,1,0.189272
34.948505,14.486578,0.517800,-198.568848,115.777374,105.864601,-11965.473633,5743.200195,7531.854980,0.851657,0.385451,0.355118,0.100000,0.020000,1,0.404497
34.544144,14.978178,-0.381690,-181.291656,-184.242432,-181.025864,9290.343750,8692.104492,10916.971680,0.873601,0.454001,0.175226,0.100000,0.020000,1,0.870394
34.215458,14.909805,-3.093461,-5.066318,3.533722,-1019.095825,1830.196899,-763.534302,59409.617188,0.880530,0.473639,0.018232,0.100000,0.020000,1,0.519752
34.884689,14.541405,2.263784,67.848610,-33.723831,881.877563,-4138.103027,2497.989258,-51553.210938,0.817025,0.225235,-0.530791,0.100000,0.020000,1,0.356879
33.468071,15.341308,-0.698092,-333.604156,228.757935,-221.215363,6616.307617,27581.992188,7180.161133,0.805430,0.288442,-0.517767,0.100000,0.020000,1,0.494519
34.758804,14.596105,-0.407953,-41.447575,24.511255,134.991837,-3393.250977,1020.360413,7664.440430,0.832552,0.311553,0.458030,0.100000,0.020000,1,0.293814
34.911129,14.999128,-0.232765,-615.876892,-69.965698,-96.959976,37284.035156,-844.146973,12115.422852,0.897323,0.336608,-0.285494,0.100000,0.020000,1,0.055030
34.808929,14.761219,0.572622,16.098301,-10.168222,-98.074005,1089.565552,-518.663208,-4875.979004,0.844870,0.452511,0.285356,0.100000,0.020000,1,0.360028
35.439857,14.702404,0.506484,183.973022,-63.843460,195.563446,14311.453125,-4106.305176,15370.442383,0.854660,0.460007,-0.240727,0.100000,0.020000,1,0.718339
34.767746,14.760413,0.225520,-387.734558,-238.599976,-384.741455,-24648.160156,-14829.950195,-22777.166016,0.863244,0.482093,-0.149651,0.100000,0.020000,1,0.327037
33.471523,15.846991,-1.478910,-258.475464,214.012512,-222.384125,-20257.474609,16981.947266,-17635.232422,0.728749,-0.046046,-0.683231,0.100000,0.020000,1,0.083448
31.837845,16.336370,0.781273,-619.663940,374.081055,257.491974,38564.117188,-22670.171875,-16456.314453,0.772856,0.225249,-0.593258,0.100000,0.020000,1,0.529183
34.580292,14.699170,0.160414,142.049042,-75.666794,409.202698,6810.518555,-7950.605957,25170.781250,0.810413,0.383064,0.443275,0.100000,0.020000,1,0.955202
34.280914,14.879286,0.081921,372.672241,-212.958893,-285.438049,-7838.828125,6385.702148,15855.980469,0.821412,0.392088,-0.414184,0.100000,0.020000,1,0.213401
34.956764,14.522910,-1.525028,84.722488,-36.460571,-250.769867,-4250.608398,5048.774902,18838.923828,0.843413,0.406954,-0.350775,0.100000,0.020000,1,0.439926
34.745045,15.044689,0.062955,24.424240,-154.570526,-276.405060,-1045.257080,6788.185059,13438.028320,0.869902,0.485580,-0.086506,0.100000,0.020000,1,0.434498
34.051449,15.123438,0.744041,-81.254425,56.729309,39.055588,2815.484131,3603.557373,252.553223,0.762046,0.138233,0.632596,0.100000,0.020000,1,0.155729
34.834217,15.666555,0.041838,-45.822441,181.404617,39.785789,2442.476318,-11673.485352,-2301.406006,0.824325,0.560337,-0.080681,0.100000,0.020000,1,0.652642
35.038906,14.434387,0.343343,61.109867,-16.835587,98.473511,-279.280762,-3535.810547,8114.817383,0.825668,0.564154,0.001322,0.100000,0.020000,1,0.851407
35.429302,15.506972,0.181670,219.781281,117.666687,-88.047974,7716.173340,12685.154297,-6609.650391,0.752964,0.227376,0.617531,0.100000,0.020000,1,0.620327
34.600983,15.003226,0.341628,351.577148,-476.024292,129.361404,21806.207031,-28946.955078,8384.754883,0.879882,0.351554,0.319715,0.100000,0.020000,1,0.007020
35.351410,15.668818,-1.530297,256.033905,245.968750,-381.790466,11853.238281,8499.144531,-10546.265625,0.812238,0.562252,-0.155378,0.100000,0.020000,1,0.561836
35.068825,14.830985,0.200573,47.374283,76.247986,51.187363,3476.145020,1060.948730,-1789.973877,0.806211,0.558979,0.193821,0.100000,0.020000,1,0.847331
34.803558,15.061266,-0.349634,-33.852943,112.929077,-88.332184,1946.369507,-6534.693848,4775.871582,0.795630,0.555963,-0.240580,0.100000,0.020000,1,0.146849
34.782959,15.348120,-0.038695,97.639221,-60.565758,-150.061386,-5859.388672,2173.901123,9341.984375,0.707445,-0.045417,0.705308,0.100000,0.020000,1,0.029245
33.792526,15.153984,-0.609119,-129.791626,108.340210,-29.067867,-8197.978516,-438.795410,-2174.514160,0.724498,0.054816,-0.687094,0.100000,0.020000,1,0.102025
34.807312,14.917200,0.453255,-38.383858,-69.134544,74.834778,1813.417114,3217.920898,-3684.317627,0.758352,0.386751,0.524714,0.100000,0.020000,1,0.555572
34.535141,15.097305,-0.527929,25.075727,37.146721,89.628098,-595.673584,-2616.101807,-4285.200684,0.765331,0.400653,-0.503731,0.100000,0.020000,1,0.136475
34.208878,15.126760,-0.061853,888.656006,-1076.759521,-150.656464,-57580.046875,51420.542969,8104.771484,0.775279,0.476791,-0.414262,0.100000,0.020000,1,0.104587
35.081417,14.409842,-1.066930,165.129822,-65.202881,-119.596939,1304.835938,-7223.227539,-4120.934082,0.724112,0.127084,-0.677872,0.100000,0.020000,1,0.605486
34.843830,14.604256,-1.754649,58.060425,-42.083572,-355.887939,-3290.385254,2834.871094,21098.501953,0.744238,0.300996,-0.596248,0.100000,0.020000,1,0.168363
35.007629,15.088827,-0.035188,-131.433594,-256.414337,431.075897,6364.617676,11898.794922,-20799.228516,0.766158,0.583616,0.269061,0.100000,0.020000,1,0.234559
35.124729,15.146382,-0.308430,-18.717178,-64.650337,-98.322998,2934.888428,4308.961426,7894.323730,0.790535,0.602801,0.108101,0.100000,0.020000,1,0.399336
34.174744,14.933310,0.251512,-49.346756,173.266571,5.411055,-21711.152344,-17695.558594,223.010742,0.760824,0.640380,0.105168,0.100000,0.020000,1,0.982997
34.762268,14.685834,-0.027222,155.085114,-90.397934,18.414394,-7141.391113,4637.926270,-831.556274,0.760863,0.648883,0.006224,0.100000,0.020000,1,0.293797
35.138817,14.460073,0.993040,18.767914,-3.280491,13.539978,2332.099854,-1654.108765,3263.717773,0.738778,0.491974,0.460619,0.100000,0.020000,1,0.843613
35.211353,16.393202,-0.231309,83.867706,358.594788,-155.348022,6436.718262,29391.722656,-12101.415039,0.736176,0.578241,0.351686,0.100000,0.020000,1,0.624562
34.723793,14.832646,0.256738,-93.493927,-16.063242,121.971008,-7039.182617,-651.513794,9423.363281,0.740686,0.649353,-0.172407,0.100000,0.020000,1,0.998674
35.010910,14.910845,-0.076926,0.453199,-6.449062,3.619978,39.207642,312.304016,221.069275,0.742428,0.664752,-0.083097,0.100000,0.020000,1,0.779178
33.548237,15.295026,-1.112947,-171.586487,195.911407,-458.437164,-15744.182617,-11346.824219,-16867.632812,0.716376,0.319146,0.620445,0.100000,0.020000,1,0.203988
34.871826,15.192669,0.544196,-144.585999,-497.245697,-102.609924,7472.851074,27413.363281,-71.292480,0.713409,0.467212,0.522265,0.100000,0.020000,1,0.914987
34.997856,14.866108,0.157664,-72.095703,19.478058,9.637006,3607.507568,-1231.325806,-218.525940,0.714239,0.640785,0.281527,0.100000,0.020000,1,0.882067
34.878838,14.653655,-0.208001,-58.675156,38.740875,325.255066,3286.554932,-1633.884155,-16304.582031,0.715947,0.653243,-0.246361,0.100000,0.020000,1,0.913421
34.641373,15.015869,-0.755793,3.395172,-8.361352,-20.265213,-400.110229,-74.382401,-536.721191,0.700878,0.219945,-0.678524,0.100000,0.020000,1,0.576872
34.898087,14.985321,0.818233,30.906303,7.882902,68.716705,-3164.362061,-2399.451660,2761.893555,0.745737,0.329401,0.579112,0.100000,0.020000,1,0.279437
34.480984,14.756502,-0.425524,-89.148132,64.620377,15.761083,-6167.741699,2693.972168,-658.083374,0.701619,0.491036,-0.516348,0.100000,0.020000,1,0.160605
34.730423,15.625825,0.724544,-51.048553,170.176025,325.385681,3146.990234,-10734.964844,-19272.853516,0.700945,0.576029,-0.420555,0.100000,0.020000,1,0.278315
32.959522,15.634919,0.030794,-293.351196,226.497070,-40.149982,-12069.242188,-4687.827148,-11712.619141,0.693354,0.573652,0.436100,0.100000,0.020000,1,0.546337
34.943825,14.880489,-0.214455,-63.113052,62.561508,191.243896,3526.783203,-3450.656494,-8968.306641,0.687769,0.725913,0.004953,0.100000,0.020000,1,0.919097
34.384064,15.020197,0.142192,-821.439209,397.625671,-897.453491,40498.710938,-22810.257812,39338.917969,0.694585,0.384417,-0.608091,0.100000,0.020000,1,0.292124
35.200050,14.867371,0.143980,43.264786,-25.760014,-29.976418,-2622.654053,1118.861206,1968.272339,0.666604,0.658024,0.350203,0.100000,0.020000,1,0.776082
34.450962,15.206351,-0.040205,-86.848358,-167.330780,-2.319391,-8205.111328,-8765.768555,-690.360596,0.663434,0.741592,0.099477,0.100000,0.020000,1,0.984919
34.800480,14.668314,-0.397528,132.709015,-47.446609,-511.874756,7775.618164,-3739.199219,-32071.111328,0.663753,0.553772,-0.502761,0.100000,0.020000,1,0.882760
34.991001,15.009278,-0.225364,-128.127670,28.095287,280.962891,-8260.404297,2651.552246,18048.298828,0.671903,0.661954,-0.332209,0.100000,0.020000,1,0.099605
35.860134,14.080634,-0.080429,229.301971,-107.583191,17.765930,17671.453125,-9804.778320,1754.987061,0.641642,0.722814,-0.256585,0.100000,0.020000,1,0.364138
35.397335,15.738480,-0.693126,89.944733,167.688934,-146.655182,6858.733398,14552.313477,-11573.886719,0.645707,0.748024,-0.153372,0.100000,0.020000,1,0.604543
34.860588,14.873002,0.570613,-151.968781,-23.336769,202.881439,-9400.050781,-1609.664673,12792.954102,0.662078,0.398951,0.634423,0.100000,0.020000,1,0.399924
35.045853,14.462192,-1.069624,61.166718,-95.883316,-114.411713,3505.595703,-3955.188232,-8751.788086,0.640435,0.480602,-0.599053,0.100000,0.020000,1,0.504716
34.561508,15.938420,0.696688,-151.579788,220.570923,23.966011,-11232.681641,18368.105469,2373.531982,0.628914,0.556817,0.542607,0.100000,0.020000,1,0.354601
35.929955,14.420851,0.621981,322.571533,-74.914307,128.883057,19831.970703,-9302.902344,13463.763672,0.609786,0.651225,0.451738,0.100000,0.020000,1,0.761704
34.614094,14.810717,0.058465,312.612061,-164.720825,-177.414673,17557.468750,-10384.833008,-11716.762695,0.618406,0.759515,0.201770,0.100000,0.020000,1,0.117364
35.416683,14.361148,-0.804992,156.866943,-83.732529,-203.278778,10872.134766,-7193.111816,-16543.464844,0.586561,0.804643,0.092174,0.100000,0.020000,1,0.726506
34.531013,15.061112,0.734770,4.748455,-3.721161,13.464184,-235.757828,187.112579,1265.248047,0.676491,0.220805,0.702570,0.100000,0.020000,1,0.827420
35.069771,14.974390,-0.105205,-156.046356,-83.949936,-444.848328,-9761.815430,-4783.707031,-26851.667969,0.613165,0.655311,-0.441130,0.100000,0.020000,1,0.197262
35.043636,15.094460,-0.333006,-324.892334,32.904106,-77.789131,-20824.371094,3132.702881,-5002.513672,0.591213,0.729579,-0.343774,0.100000,0.020000,1,0.259453
34.983349,15.142069,0.376802,-152.656326,-510.864319,-81.619156,-10206.856445,-31031.771484,-4966.386230,0.581400,0.725852,0.367577,0.100000,0.020000,1,0.830747
35.988663,14.022861,0.777382,261.772552,-109.674759,197.513031,19775.289062,-10290.722656,15658.851562,0.564068,0.825591,0.015069,0.100000,0.020000,1,0.948778
34.895931,15.086360,-0.318003,212.809845,-240.291199,-79.272049,12141.397461,-14138.440430,-5708.143066,0.555252,0.815102,-0.165241,0.100000,0.020000,1,0.894558
34.856434,15.019289,-0.771204,-281.203003,-58.323238,260.384827,-17513.986328,-3323.502686,15750.564453,0.640751,0.372221,-0.671483,0.100000,0.020000,1,0.663994
34.676765,14.798073,0.335978,222.866974,-119.046539,-301.296448,12372.999023,-7458.554199,-18402.861328,0.664236,0.717791,0.208729,0.100000,0.020000,1,0.026611
35.235329,14.855909,-0.346974,-277.093842,93.431984,330.474823,-17397.314453,5993.019043,19679.392578,0.558712,0.826289,-0.071325,0.100000,0.020000,1,0.021451
35.043591,15.244815,-0.340821,-150.020844,168.873795,-324.941437,-9759.791992,-3841.271484,20822.867188,0.678315,0.618887,-0.396065,0.100000,0.020000,1,0.067148
34.957607,15.115996,-0.575841,76.022827,-194.345062,177.361755,-3770.536621,9165.826172,-8765.816406,0.587150,0.549104,-0.594760,0.100000,0.020000,1,0.947106
34.511311,14.738995,-0.297137,474.910309,-269.695190,-329.137878,26821.507812,-19724.316406,-20182.671875,0.572465,0.632772,-0.521425,0.100000,0.020000,1,0.375118
34.832230,15.401954,0.748511,0.267456,13.144272,72.606522,597.231262,-2019.618774,-4378.040527,0.560475,0.641712,0.523519,0.100000,0.020000,1,0.556088
35.608326,15.653242,-0.607756,135.485870,155.515259,-91.615814,-8100.754395,-9865.624023,5154.656250,0.548628,0.711742,-0.438669,0.100000,0.020000,1,0.199183
35.602661,14.851049,0.702876,142.823151,-65.886848,80.884033,-8448.621094,3398.722412,-4856.211914,0.543080,0.710872,0.446907,0.100000,0.020000,1,0.201318
34.333096,14.841887,0.953070,-102.064384,111.113724,174.624771,-12036.927734,-5598.027832,8583.185547,0.520022,0.809008,0.274013,0.100000,0.020000,1,0.484305
34.540070,14.889686,-0.502310,169.241577,-92.273544,-370.515198,-7300.638672,4722.357422,21410.673828,0.570960,0.540547,0.617911,0.100000,0.020000,1,0.323567
35.047665,14.662307,0.117349,-103.659546,75.322380,333.630371,-7244.107910,3760.026855,20237.742188,0.491000,0.799039,0.347068,0.100000,0.020000,1,0.996147
35.258930,15.112618,-0.222294,209.365738,-66.978928,-118.793396,13377.432617,-3314.893799,-7204.190430,0.494957,0.806398,-0.323634,0.100000,0.020000,1,0.610540
34.813057,15.192639,-0.210695,-193.644653,96.573502,-28.223709,-14154.820312,7346.477051,-3374.098633,0.471468,0.861518,0.188428,0.100000,0.020000,1,0.708498
35.306198,15.032067,0.003242,-62.707794,38.342468,69.283401,-3879.154785,3024.128662,4009.200195,0.471961,0.875940,0.099905,0.100000,0.020000,1,0.495854
35.238110,14.659937,-0.102947,-409.655090,267.235229,137.922836,20634.814453,-12747.649414,-6593.476562,0.470396,0.882403,0.009624,0.100000,0.020000,1,0.851068
33.795521,15.152254,-0.403472,-177.698761,111.510101,-225.820404,-6945.878906,757.054199,-5728.074219,0.647875,0.299284,0.700490,0.100000,0.020000,1,0.427736
34.722237,14.617217,0.621953,18.186911,-5.346669,310.836395,-670.828552,1177.468262,-15533.951172,0.617939,0.374015,0.691567,0.100000,0.020000,1,0.897886
34.437981,15.091478,0.719393,-176.004150,119.972443,302.247803,11142.445312,-6497.840820,-17477.607422,0.446241,0.879287,-0.166501,0.100000,0.020000,1,0.816280
35.234772,14.608173,0.639071,69.985046,-57.875565,45.558548,5767.048828,-4470.450684,3903.059570,0.720395,0.540339,0.434816,0.100000,0.020000,1,0.154412
34.952938,14.844190,-0.206581,-232.008545,-263.194092,-658.943176,-14561.185547,-16405.873047,-40936.164062,0.720137,0.565345,-0.402228,0.100000,0.020000,1,0.068002
35.033684,15.169712,0.507286,-387.470886,-421.252869,-53.643272,-23907.750000,-25590.515625,-3703.311523,0.598825,0.474882,0.644900,0.100000,0.020000,1,0.285558
36.051090,14.568295,0.233835,191.436401,-32.959503,-15.367706,15935.855469,-3626.946045,-1968.523804,0.491115,0.696788,0.522774,0.100000,0.020000,1,0.979047
35.119713,14.387733,-1.094585,58.508362,65.429054,-317.190582,-5070.276855,-17134.740234,-11241.297852,0.500926,0.840851,0.205042,0.100000,0.020000,1,0.155373
34.900455,14.835619,0.655648,-28.929283,11.918487,-92.399918,1837.905640,-263.165039,4346.308594,0.508856,0.603973,0.613418,0.100000,0.020000,1,0.455656
35.311001,14.833670,0.267861,51.846069,-17.093536,21.565819,-2852.741699,1160.770996,-719.999756,0.445401,0.778593,0.442052,0.100000,0.020000,1,0.208792
34.346916,15.394801,-1.331367,-108.279327,173.353027,-382.378418,7981.101074,-9864.547852,21910.279297,0.403566,0.850654,-0.336930,0.100000,0.020000,1,0.640221
33.726315,15.192214,0.281138,-306.513367,231.050049,48.394035,-15925.316406,-3095.566895,1398.046021,0.374898,0.922747,0.089379,0.100000,0.020000,1,0.076739
34.615475,15.799736,0.125600,-148.431976,122.095856,6.923544,9478.795898,-8398.413086,-685.337585,0.366815,0.930293,0.000866,0.100000,0.020000,1,0.728375
34.896706,15.403522,-0.500765,-1.871248,15.449554,-76.703384,524.059753,-1979.461304,3701.533936,0.502963,0.614032,-0.608270,0.100000,0.020000,1,0.594614
35.967293,13.898382,-2.301156,324.195984,-115.547470,-511.462982,-18442.630859,8646.732422,30523.375000,0.467958,0.706487,-0.530934,0.100000,0.020000,1,0.413127
34.666626,14.649321,-1.554752,249.013718,-101.199226,-187.201874,12201.580078,-14566.934570,-2816.816895,0.421973,0.758074,-0.497256,0.100000,0.020000,1,0.451136
34.964184,14.981219,0.068412,12.830858,12.635977,151.772430,262.566711,-669.244934,-6903.010254,0.388424,0.850360,0.354986,0.100000,0.020000,1,0.906765
35.189129,14.932142,-0.966362,149.745758,-19.211430,-123.915436,-8721.471680,982.652344,7141.549805,0.662770,0.304969,-0.683908,0.100000,0.020000,1,0.033142
35.085480,15.998511,0.497389,38.180939,337.495544,348.947876,-2260.766602,-19666.552734,-20456.115234,0.534372,0.510354,-0.673784,0.100000,0.020000,1,0.451919
35.261421,14.908001,-0.655819,25.470589,-101.843018,-37.365852,2177.649902,-6733.926270,-2885.817383,0.450573,0.673780,-0.585666,0.100000,0.020000,1,0.441385
35.100731,15.135425,-0.292635,220.087250,5.628330,-297.305420,13301.540039,1337.075806,-18128.781250,0.367050,0.828930,-0.422078,0.100000,0.020000,1,0.286305
35.398228,15.215294,0.112135,-132.669342,-260.141479,493.823425,-8287.553711,-15456.388672,30924.265625,0.335939,0.922695,0.189151,0.100000,0.020000,1,0.771491
35.297047,15.103921,-0.042031,53.230240,-145.226318,-279.548035,3032.685059,-8720.162109,-16916.730469,0.324565,0.915104,-0.239254,0.100000,0.020000,1,0.752380
36.174213,15.471566,0.645836,292.118835,43.728973,43.320518,22536.017578,4738.298340,3370.499756,0.403347,0.734423,0.545834,0.100000,0.020000,1,0.474180
34.006897,15.421907,0.992656,-251.272766,171.253998,96.131592,-21200.951172,12553.893555,8539.325195,0.356992,0.822006,0.443693,0.100000,0.020000,1,0.853524
35.396515,16.003771,-0.431531,8.868660,64.588242,-5.983510,-1986.457764,227.228027,57.598083,0.378037,0.890173,-0.254322,0.100000,0.020000,1,0.287782
39.209412,12.215167,5.559938,1464.604126,-788.431946,1735.635986,41675.316406,-22561.394531,51863.117188,0.389078,0.918447,-0.071225,0.100000,0.020000,1,0.297587
35.294228,15.335098,-0.338995,111.601250,-170.339355,-6.933029,6801.309570,-9409.550781,-568.121033,0.317983,0.884914,-0.340316,0.100000,0.020000,1,0.500872
34.681152,14.890429,0.668887,5.702126,-2.627832,-70.095322,-481.478973,-518.073303,-4280.555176,0.563702,0.435967,0.701550,0.100000,0.020000,1,0.359708
35.456562,14.828027,0.066424,75.361938,-50.854271,-0.744820,8384.624023,-3740.605225,2775.736328,0.308620,0.947916,-0.078795,0.100000,0.020000,1,0.044726
34.605885,14.925989,0.625376,534.908569,-278.227478,-334.863495,30577.789062,-18017.953125,-19840.634766,0.289904,0.891334,0.348538,0.100000,0.020000,1,0.939223
35.014526,14.711695,0.630788,18.912298,-9.806149,-55.779114,-566.555237,-2022.649536,-1547.942017,0.247826,0.952781,0.175472,0.100000,0.020000,1,0.784517
34.692833,17.066452,-0.795367,-93.272415,481.620972,-375.606323,-7662.292969,38977.785156,-29414.986328,0.421342,0.651917,0.630456,0.100000,0.020000,1,0.972997
34.724747,15.149826,0.391797,200.055832,21.555994,15.030884,7030.016113,-656.361816,7694.943359,0.527772,0.843005,-0.103918,0.100000,0.020000,1,0.133041
34.738052,14.774638,0.229490,-113.273697,106.828186,-185.027939,-9149.792969,6264.110352,-11918.000000,0.501392,0.805067,0.316975,0.100000,0.020000,1,0.152650
35.184532,14.988457,0.398175,-59.401695,-29.381672,163.600021,-715.469116,-1473.157959,5314.351562,0.234291,0.956433,-0.174196,0.100000,0.020000,1,0.141529
35.162231,15.003116,-0.108395,-115.284546,174.497375,792.082642,-8413.644531,10734.117188,50490.679688,0.226064,0.941345,-0.250531,0.100000,0.020000,1,0.973299
34.973103,15.202223,0.365505,34.875793,31.067619,246.293884,2542.500732,2939.961914,19688.132812,0.566439,0.447844,-0.691796,0.100000,0.020000,1,0.150800
35.388954,15.718404,0.851900,94.431061,204.456528,457.497009,7783.764160,1444.337402,10569.080078,0.467197,0.572344,-0.673906,0.100000,0.020000,1,0.035580
34.573502,15.807487,-0.210773,-151.233673,164.400421,-135.908966,-12954.416992,13605.416992,-10588.428711,0.280886,0.912068,0.298723,0.100000,0.020000,1,0.003568
33.688171,15.615483,-0.237890,-250.108307,-484.496979,115.874405,-22770.935547,-28281.089844,7898.062012,0.264243,0.869372,-0.417574,0.100000,0.020000,1,0.014013
34.963963,14.486042,0.424432,-317.886963,186.073517,96.164589,-21687.380859,9282.168945,6159.782227,0.257043,0.857558,0.445560,0.100000,0.020000,1,0.722503
35.297066,15.151710,-0.377332,-5.805950,-1.765638,26.638683,-895.628052,153.822922,1317.130005,0.212816,0.922915,-0.320838,0.100000,0.020000,1,0.544433
36.215008,15.166991,-0.855387,274.299683,-10.670918,-319.841919,17824.025391,1490.572754,-25831.404297,0.205322,0.936571,0.284037,0.100000,0.020000,1,0.581677
34.731258,15.276763,0.794155,-93.395081,22.666809,81.455688,-7773.731445,2371.565918,6112.419434,0.356065,0.698044,0.621250,0.100000,0.020000,1,0.974918
35.314835,14.851873,-0.672538,55.788818,-23.165970,-22.493927,4014.885986,-2240.941895,-1992.563477,0.362354,0.719786,-0.592121,0.100000,0.020000,1,0.352003
35.001499,15.478894,0.405082,-27.030891,28.908516,-18.124798,-2807.755371,3563.543945,-1527.605225,0.307864,0.776764,0.549414,0.100000,0.020000,1,0.359814
34.955902,15.209809,-0.765840,-76.028625,-27.142071,-294.147827,-3840.981201,580.147461,-10998.250977,0.334652,0.894070,0.297734,0.100000,0.020000,1,0.095726
35.377121,16.016750,-0.266714,30.595688,222.313675,-204.862305,-427.700378,2978.974121,-1872.149658,0.200366,0.912424,0.356840,0.100000,0.020000,1,0.240342
37.044991,14.328541,0.613806,475.773285,-445.614655,289.649078,13678.354492,-15821.965820,10914.110352,0.141802,0.987441,-0.069646,0.100000,0.020000,1,0.710812
34.763561,15.729440,-0.302673,118.067902,156.052277,-336.718414,4359.932129,12370.767578,-22883.406250,0.139903,0.985453,0.096483,0.100000,0.020000,1,0.601553
35.783539,14.004475,0.246685,312.581696,-147.610474,-130.124161,6524.128418,-10010.169922,-4718.081055,0.451476,0.564686,0.690868,0.100000,0.020000,1,0.992482
35.093391,15.475133,-0.484804,-15.075527,49.062546,-23.811844,1163.906006,-3791.062988,1364.363403,0.396393,0.791372,-0.465405,0.100000,0.020000,1,0.195553
34.582535,14.697873,1.090468,40.788445,30.967987,428.596344,-120.654015,-542.553223,-25690.138672,0.292132,0.797952,-0.527192,0.100000,0.020000,1,0.439178
35.566353,15.632776,-0.015874,-555.133911,-138.573639,79.204910,27237.648438,6292.770020,-4065.997559,0.202091,0.977061,-0.067166,0.100000,0.020000,1,0.235110
35.197296,15.397631,-0.034397,-131.732361,83.106766,122.320602,-9488.175781,6531.911133,7160.475098,0.187281,0.976097,0.110273,0.100000,0.020000,1,0.397290
35.166901,15.335011,-0.336105,-76.923874,0.848564,-24.689308,-5796.215820,879.625610,-2642.097900,0.124407,0.964108,-0.234559,0.100000,0.020000,1,0.820070
35.475197,15.599876,0.255370,-187.474640,-366.541077,35.311844,-11945.371094,-21229.095703,2623.343750,0.123548,0.976242,0.178010,0.100000,0.020000,1,0.670151
34.455853,14.937298,-0.510074,420.989532,-192.669327,-17.676041,22140.197266,-13006.341797,-3294.845703,0.121051,0.992567,0.012583,0.100000,0.020000,1,0.075831
35.143112,15.327183,0.014180,-6.002697,-8.932588,100.794373,-892.637146,388.207672,8645.801758,0.271175,0.761613,-0.588566,0.100000,0.020000,1,0.370580
34.603180,15.200416,-0.370076,-169.134735,-90.658005,35.804604,-7874.390625,-3283.005615,3713.473145,0.222682,0.824708,-0.519875,0.100000,0.020000,1,0.513275
35.273163,15.123409,0.264426,-346.267822,223.551514,136.796326,-22128.429688,14128.804688,7769.201172,0.219846,0.824504,0.521403,0.100000,0.020000,1,0.239897
34.612934,15.874279,1.333486,-261.338165,-28.492981,303.428406,-9992.190430,-5443.473145,2937.751953,0.170285,0.877561,0.448208,0.100000,0.020000,1,0.638673
35.798431,14.620299,-1.510289,98.884216,-195.974487,-268.582336,7828.724121,-14548.634766,-21689.123047,0.162066,0.894408,-0.416855,0.100000,0.020000,1,0.744497
35.165794,15.049528,0.131979,11.001955,46.666973,-59.626640,-735.741333,2513.951904,-2549.163086,0.111596,0.978147,-0.175428,0.100000,0.020000,1,0.329137
35.199211,15.225495,0.012883,219.601807,-21.667446,93.660538,12643.099609,-1133.604614,4897.062500,0.102681,0.953673,0.282782,0.100000,0.020000,1,0.603030
34.373520,16.016880,-0.475439,-196.403839,263.327515,-67.605484,-16228.528320,21125.988281,-5116.541504,0.419612,0.856339,-0.301012,0.100000,0.020000,1,0.011647
35.354172,14.489148,1.049261,128.790894,-21.479706,123.763428,8587.427734,-3927.518311,9868.892578,0.275494,0.738015,0.615984,0.100000,0.020000,1,0.575235
35.017426,15.284657,0.241164,18.194389,-13.584637,172.410736,2774.336670,-184.700439,10230.947266,0.072200,0.933877,0.350231,0.100000,0.020000,1,0.580324
35.406349,15.241188,-0.276232,-146.622726,136.712921,-55.516335,-9600.433594,8788.089844,-3366.267090,0.069973,0.937108,-0.341954,0.100000,0.020000,1,0.480035
35.478878,15.760196,-0.285957,-8.073566,-530.029846,-260.211182,-794.998291,-31210.156250,-17000.531250,0.024945,0.986171,-0.163840,0.100000,0.020000,1,0.228651
35.088188,15.790917,0.635987,-69.721161,45.757477,153.750183,-6376.956543,5236.284180,12640.765625,0.012641,0.997207,-0.073609,0.100000,0.020000,1,0.441296
36.411072,14.901807,0.039253,326.545654,-111.788788,-109.522430,23582.142578,-7977.173340,-8515.922852,0.127310,0.845055,0.519301,0.100000,0.020000,1,0.995364
36.188320,15.890173,-0.500860,301.603668,229.231445,-220.629852,10203.332031,10464.612305,-8349.285156,0.006600,0.999759,0.020934,0.100000,0.020000,1,0.111064
35.290791,15.346896,-0.145527,-61.851994,-19.187498,90.175919,-2836.232910,-5.860352,4194.244141,0.004804,0.971204,-0.238202,0.100000,0.020000,1,0.877511
35.673576,15.241684,0.167632,162.055969,-208.792206,188.476929,-8440.389648,10444.403320,-9387.586914,0.003766,0.979686,0.200502,0.100000,0.020000,1,0.406187
35.147427,14.894567,-0.675604,-1025.452637,524.726440,542.709229,70398.953125,-21785.214844,-25371.154297,0.187346,0.778181,-0.599446,0.100000,0.020000,1,0.810194
34.792919,14.576409,1.891118,76.697029,57.471130,582.492737,-10091.251953,-15236.191406,20131.160156,0.121488,0.850610,-0.511570,0.100000,0.020000,1,0.526300
35.271008,15.434586,0.773894,17.227402,161.354034,340.862335,637.488953,17373.152344,-10267.505859,0.053848,0.890152,0.452470,0.100000,0.020000,1,0.618387
35.269928,15.206491,-0.547587,-159.174774,-44.023407,269.066833,-9612.491211,-2359.063232,17286.447266,0.308631,0.659307,-0.685610,0.100000,0.020000,1,0.826281
34.871227,15.614598,0.233657,-148.795166,128.244781,-60.441513,-11238.458008,9909.751953,-5150.219727,0.170165,0.772616,0.611644,0.100000,0.020000,1,0.879130
35.717918,15.433424,-0.697617,56.660721,-28.680649,-76.906967,4364.324219,-1167.596680,-6520.748047,-0.023591,0.943517,-0.330484,0.100000,0.020000,1,0.332357
35.313168,15.188231,-0.135311,-99.704849,66.289825,-170.552979,-7437.019531,3645.251709,-10740.209961,-0.086173,0.983944,-0.156296,0.100000,0.020000,1,0.967462
35.258095,15.555011,-0.011997,270.631073,71.491257,40.866936,15659.266602,5483.791504,2767.504883,-0.096734,0.993315,-0.063000,0.100000,0.020000,1,0.637231
35.424576,15.570732,0.255891,-20.788254,-6.184732,-44.015938,-2029.400391,629.137634,-2119.892822,-0.099782,0.989051,0.108733,0.100000,0.020000,1,0.813291
35.464600,15.679190,0.009344,44.689384,-182.770111,-19.544880,2248.821045,-10058.869141,-1244.533447,-0.100928,0.994806,0.013202,0.100000,0.020000,1,0.451047
34.524712,15.425158,-0.294097,-22.229683,144.747681,-7.849636,-3816.389404,10659.601562,879.610901,0.381667,0.616063,-0.689055,0.100000,0.020000,1,0.079141
35.268448,15.679628,-0.557556,50.590401,-326.473389,214.823639,2467.805176,-18852.957031,13117.813477,0.034480,0.865590,-0.499566,0.100000,0.020000,1,0.869059
35.292728,15.620297,-0.400161,-59.062668,-19.515347,35.338455,-7453.583984,-1845.275879,7353.366211,0.023968,0.898566,-0.438183,0.100000,0.020000,1,0.355917
35.267273,14.998841,0.184885,-54.751892,-144.050446,20.903111,-4742.664551,-10222.418945,1681.609375,-0.033419,0.993523,0.108602,0.100000,0.020000,1,0.215750
36.906761,14.707245,0.288715,380.697998,-285.861023,117.190674,29584.646484,-20673.929688,9499.467773,-0.101359,0.966201,-0.237027,0.100000,0.020000,1,0.632979
35.303799,15.428191,0.188900,28.707453,-12.531625,-5.151157,621.534241,-436.751251,-273.039368,-0.112993,0.974255,0.195091,0.100000,0.020000,1,0.735066
34.678730,15.612300,-0.693646,-14.872856,70.818283,-11.926846,-3840.977783,6029.446289,-1439.914429,0.085308,0.806387,-0.585204,0.100000,0.020000,1,0.598973
35.437244,15.517962,0.096304,-94.802902,-175.702637,-187.628998,-6352.882324,-9572.448242,-11497.588867,0.102043,0.994667,0.015018,0.100000,0.020000,1,0.054478
35.514355,15.570388,0.378015,-154.517456,-124.950928,-20.948299,-9682.004883,-6821.716797,-1412.848022,-0.045037,0.895903,0.441962,0.100000,0.020000,1,0.667500
35.608387,15.435996,-0.423853,-484.464966,50.615883,35.595963,-30152.623047,3670.683594,2095.566650,-0.055562,0.901760,-0.428652,0.100000,0.020000,1,0.992322
35.566631,15.506643,0.464149,44.979309,-76.308716,32.128834,4045.092773,-4404.394531,1505.610596,-0.059105,0.923860,0.378141,0.100000,0.020000,1,0.576694
35.332523,16.129303,-0.147816,-28.341393,104.109009,-82.598969,-2796.460938,9772.550781,-6903.889648,-0.126079,0.950565,0.283779,0.100000,0.020000,1,0.712360
35.644489,15.684525,-0.547446,209.074066,140.996796,-328.551178,5582.448242,5899.789551,-16225.371094,0.366499,0.608624,0.703744,0.100000,0.020000,1,0.349120
35.100876,15.345779,-1.038423,-9.363789,-10.728775,-90.518188,-1164.109375,103.225723,-7520.478027,0.224329,0.707526,-0.670137,0.100000,0.020000,1,0.155159
34.702465,15.555532,0.033168,83.372787,-440.477081,50.566105,1709.925293,-26805.263672,2183.289551,-0.070614,0.950203,0.303524,0.100000,0.020000,1,0.258866
34.257961,16.776295,0.277632,-318.551575,305.393555,187.244690,-25559.568359,25117.000000,14238.388672,-0.136582,0.932919,-0.333178,0.100000,0.020000,1,0.808059
34.773827,15.535314,-0.400324,-330.910950,-190.274414,-71.202866,-24443.755859,-11522.148438,-5930.909668,-0.203420,0.977091,-0.062552,0.100000,0.020000,1,0.658585
35.545261,15.920513,0.299106,-151.277252,-569.002686,-218.547424,-9589.385742,-33712.976562,-13927.930664,-0.147716,0.918838,0.365947,0.100000,0.020000,1,0.780958
35.186016,15.128823,0.379641,104.759186,-80.693069,-161.357208,4776.195801,-6360.835449,-8951.075195,-0.217164,0.971666,0.093295,0.100000,0.020000,1,0.712805
34.843460,14.902816,-0.090069,-195.220123,-191.763306,-73.981720,-1913.037109,-4341.149414,5289.881836,-0.222352,0.974961,0.003309,0.100000,0.020000,1,0.297818
35.875195,14.714455,0.370885,93.379440,-384.800049,268.685181,-263.451660,-14154.053711,13080.179688,-0.220418,0.955906,0.194059,0.100000,0.020000,1,0.922674
35.553337,15.551566,0.412141,-28.254822,-83.787613,204.882263,-946.582275,-4094.974609,12278.322266,0.067635,0.774636,0.628780,0.100000,0.020000,1,0.792524
35.382992,15.674475,-0.540750,51.049706,-361.918152,205.880249,2838.810303,-21529.398438,12678.738281,-0.079058,0.854034,-0.514174,0.100000,0.020000,1,0.170178
35.598942,15.746526,0.293605,-161.291962,-252.004990,33.902283,-10175.737305,-14680.850586,2332.263916,-0.225860,0.934900,0.273768,0.100000,0.020000,1,0.126990
36.746605,16.948303,0.578049,337.633301,349.558533,201.660767,26090.927734,28291.486328,16115.643555,-0.233140,0.937885,-0.256939,0.100000,0.020000,1,0.643228
36.007427,15.512035,-0.555900,135.306641,-71.329117,-105.303833,10144.735352,-4280.099121,-8395.178711,-0.242879,0.958061,-0.152081,0.100000,0.020000,1,0.274134
35.260956,15.439575,-0.677511,-145.195007,-61.911552,162.947876,-9211.319336,-2970.903809,10025.751953,0.153440,0.716536,-0.680464,0.100000,0.020000,1,0.190393
36.602097,14.849184,-1.725222,396.046509,-69.523346,-345.817627,29990.052734,-6379.861816,-26783.705078,-0.015778,0.802489,-0.596458,0.100000,0.020000,1,0.888988
35.684361,15.150554,0.085551,125.866119,-23.738152,-76.080734,8601.561523,-2631.231445,-6138.860840,-0.163528,0.878815,0.448266,0.100000,0.020000,1,0.472935
35.461143,15.603451,-0.161265,233.658157,116.332489,230.219269,14001.439453,7703.905762,14131.574219,-0.307862,0.948667,-0.072471,0.100000,0.020000,1,0.973584
35.665871,15.831790,0.065696,47.411705,23.563171,17.614204,3090.406494,2798.626709,1376.221191,-0.309882,0.950771,0.002684,0.100000,0.020000,1,0.621145
35.144135,15.628503,0.379963,69.406364,164.651306,165.436646,4105.343262,12318.204102,9381.878906,0.227921,0.675977,0.700790,0.100000,0.020000,1,0.829519
35.338921,15.520212,0.643147,-27.592659,-37.357685,-50.016075,-1932.417236,-1521.503906,-2824.656494,0.000069,0.782050,0.623215,0.100000,0.020000,1,0.991236
32.603683,15.840364,0.454472,-384.963898,263.295837,36.532967,-35626.835938,10507.017578,6135.170410,-0.005439,0.834137,0.551530,0.100000,0.020000,1,0.052805
35.257748,15.756659,0.497598,133.336914,-414.373871,-296.134521,-5806.843262,19980.400391,14350.467773,-0.246393,0.898244,0.363935,0.100000,0.020000,1,0.838399
35.201820,15.637166,0.290943,11.103106,-87.891968,7.415083,598.411621,4106.605957,-688.124939,-0.315713,0.929109,0.192566,0.100000,0.020000,1,0.949579
35.398678,14.681122,1.044034,-17.840038,-332.987488,348.990814,1531.436646,18973.089844,-20650.951172,-0.323763,0.934531,-0.147743,0.100000,0.020000,1,0.924418
35.153080,15.319157,0.734849,13.032820,0.035610,16.017830,789.180359,849.825195,1444.162598,0.300544,0.650012,0.697967,0.100000,0.020000,1,0.195891
36.501755,15.546544,-3.170313,303.752075,-37.572983,-754.169067,23361.365234,-1910.855591,-58930.347656,-0.165867,0.844910,-0.508543,0.100000,0.020000,1,0.371666
34.980080,15.486898,-0.062869,18.387756,31.442902,76.408844,-1168.044678,2164.267334,6212.443848,-0.190100,0.879057,-0.437175,0.100000,0.020000,1,0.163274
35.538643,15.505592,-0.996729,-304.900513,244.846313,-1.269081,-19330.314453,15497.433594,-2702.907959,-0.250685,0.877825,-0.408142,0.100000,0.020000,1,0.713623
35.100567,15.257304,-0.592158,-491.317139,150.661255,317.046570,-32421.031250,8925.500000,19769.550781,-0.099804,0.800788,-0.590574,0.100000,0.020000,1,0.522617
35.350899,15.340834,-0.621068,-306.123199,491.085632,35.593361,-19180.970703,31226.177734,2223.397461,0.063432,0.729910,-0.680594,0.100000,0.020000,1,0.508168
36.330551,17.539148,0.955625,304.870483,557.626587,461.324188,9429.757812,21153.712891,19709.835938,-0.193556,0.820898,0.537274,0.100000,0.020000,1,0.957017
34.850533,15.208604,0.300340,360.804321,-148.321075,16.959007,19470.451172,-10910.781250,1908.994385,-0.369983,0.922476,0.110227,0.100000,0.020000,1,0.169075
35.030201,15.728233,-0.788158,-92.636856,-13.782486,-319.276672,1010.146973,-4010.526123,-14588.794922,-0.351533,0.868717,0.348936,0.100000,0.020000,1,0.560555
35.674023,16.067146,0.141285,45.563118,56.919594,91.999252,3039.343506,5391.953613,7007.296387,-0.424240,0.891058,-0.161359,0.100000,0.020000,1,0.818380
35.667511,16.957710,-0.127666,32.338158,305.916321,-11.566147,2135.310547,24824.550781,-1016.257019,-0.430064,0.900424,-0.065440,0.100000,0.020000,1,0.842562
35.566681,15.936575,-0.171489,-223.947052,-107.243423,190.645691,-14470.320312,-5548.312988,11296.335938,-0.437166,0.899364,0.005483,0.100000,0.020000,1,0.969455
35.338940,15.489893,0.704883,-326.302002,-200.096497,-81.208099,-20274.548828,-11558.604492,-4832.553711,0.139959,0.698481,0.701809,0.100000,0.020000,1,0.579435
35.366734,15.527863,0.446525,-28.969086,35.146019,19.007700,-2177.676758,2784.488525,911.185425,-0.100666,0.815375,0.570114,0.100000,0.020000,1,0.220981
35.425316,15.549673,0.688603,65.032333,3.174364,2.363314,4098.108887,765.721008,712.409729,-0.112195,0.782548,0.612398,0.100000,0.020000,1,0.286803
35.685123,16.745468,-0.914140,94.834976,251.991333,-109.047455,6911.029785,21161.714844,-8498.132812,-0.201223,0.786794,-0.583493,0.100000,0.020000,1,0.668585
35.383945,15.604565,0.250662,-21.413025,-49.868355,94.575363,-1841.387695,-2863.504883,4998.247559,-0.266065,0.802387,0.534214,0.100000,0.020000,1,0.139073
35.415936,15.566777,-0.350120,-37.969238,15.736542,-13.468098,-3019.008789,864.067017,-751.598328,-0.354783,0.838677,-0.413218,0.100000,0.020000,1,0.505178
35.441792,15.800342,-0.382470,17.650450,-42.290646,268.181641,498.750336,-1879.872070,16652.328125,-0.379025,0.856635,-0.350024,0.100000,0.020000,1,0.039228
34.893913,15.892558,0.413534,-75.948296,37.156189,143.424194,-1992.310669,-3248.318359,1077.015015,-0.442978,0.863824,-0.239955,0.100000,0.020000,1,0.400617
35.137081,14.377707,-0.874966,113.504929,2.985504,-196.922791,1426.541992,-8186.891113,-6813.388184,-0.449690,0.872003,0.193365,0.100000,0.020000,1,0.580431
36.371769,15.263246,-0.939050,320.402283,-116.788452,-95.064606,-18799.035156,6082.793457,5634.174805,-0.016837,0.732987,-0.680035,0.100000,0.020000,1,0.831494
34.679493,15.908422,0.660606,-50.340866,107.313736,91.054855,6493.104492,-9451.914062,-16004.181641,-0.286278,0.831838,0.475489,0.100000,0.020000,1,0.181211
35.032028,15.947884,-0.248962,148.957748,-218.291962,-144.883667,465.698242,13921.714844,-599.938477,-0.286244,0.803184,-0.522456,0.100000,0.020000,1,0.088270
35.582829,15.666532,0.436929,-131.649017,61.563087,-119.131531,-8311.074219,3869.405762,-7059.037598,-0.435032,0.824768,0.361255,0.100000,0.020000,1,0.881106
35.651043,15.883195,-0.238079,-362.908752,106.437012,-124.706665,-22678.222656,7562.429688,-7658.620605,-0.451472,0.833081,-0.319608,0.100000,0.020000,1,0.739176
35.487904,16.433870,-0.028167,10.559015,89.729950,1.838955,37.720886,8564.065430,-54.404831,-0.528176,0.849021,0.013964,0.100000,0.020000,1,0.603084
34.910641,16.031998,0.102540,-583.573120,399.755127,-4.644631,-39866.859375,26447.158203,396.573578,-0.528687,0.845998,-0.069125,0.100000,0.020000,1,0.609134
35.743259,15.727666,0.703725,94.823227,5.785095,28.055450,7246.638672,1382.420532,2389.147705,-0.187877,0.766173,0.614557,0.100000,0.020000,1,0.202973
35.414089,15.864654,-0.355119,19.617292,-54.551643,77.059998,422.566528,-2414.933105,4454.535156,-0.395033,0.873566,-0.284310,0.100000,0.020000,1,0.102274
34.960968,16.163742,0.166861,207.405396,6.692947,188.189117,10341.185547,2128.718750,11857.342773,-0.535168,0.823068,0.190144,0.100000,0.020000,1,0.596233
35.420330,16.052233,0.084176,380.655609,-277.072052,-19.770613,23148.111328,-16263.109375,-1282.457764,-0.543680,0.833045,0.102213,0.100000,0.020000,1,0.785193
35.244389,15.494375,0.592855,-225.538162,281.106323,68.392502,11549.938477,-14416.557617,-3336.360107,-0.023848,0.723813,0.689584,0.100000,0.020000,1,0.458663
33.514416,15.314552,1.217255,-259.747070,196.464294,564.518005,-15051.706055,-1171.144775,17156.328125,-0.117115,0.737241,-0.665401,0.100000,0.020000,1,0.584186
36.212593,16.338980,-0.727988,334.046326,80.476807,-69.887115,-18705.427734,-6114.785156,4049.950439,-0.287712,0.762869,-0.579009,0.100000,0.020000,1,0.313317
35.280579,15.890848,-0.465838,-48.864609,-77.760292,-13.455925,-495.898010,7951.764160,-5790.906738,-0.367842,0.774608,-0.514466,0.100000,0.020000,1,0.843737
34.664249,14.650697,0.663972,36.482243,63.189087,0.000000,-10703.566406,-16510.476562,5864.453613,-0.383350,0.799357,0.462677,0.100000,0.020000,1,0.208116
34.967106,17.167904,1.946289,-78.805130,310.076782,428.411499,5534.282715,-19526.533203,-25650.248047,-0.439340,0.787837,0.431616,0.100000,0.020000,1,0.811208
35.537876,15.426060,-0.479420,90.062256,-219.798096,-25.281265,-3068.901367,12224.488281,376.030884,-0.446943,0.790897,-0.418000,0.100000,0.020000,1,0.684458
33.537224,15.301384,0.733985,-18.059048,116.685974,35.695858,6567.424316,-4559.413086,-4164.543457,-0.551701,0.819166,-0.156823,0.100000,0.020000,1,0.385385
36.004494,15.710832,0.838925,132.054901,-52.818130,141.276001,10027.743164,-3345.697998,11295.941406,-0.485077,0.822023,0.298294,0.100000,0.020000,1,0.219665
36.816563,16.421253,-0.832453,424.029755,66.456451,-168.355301,12266.095703,1535.788818,-5212.077637,-0.529640,0.783912,-0.323980,0.100000,0.020000,1,0.370028
35.416641,15.991079,0.212054,1.289663,-8.787715,-33.912209,-666.992920,321.533478,-2290.755615,-0.550624,0.788426,0.274223,0.100000,0.020000,1,0.794998
36.618279,15.995360,0.041650,369.512268,-46.516495,10.020352,10931.833984,-181.742676,22.559814,-0.615604,0.787670,0.024636,0.100000,0.020000,1,0.596677
35.182751,16.075666,0.410607,132.041260,125.789139,-452.936096,-5542.904785,-7077.544434,22383.666016,-0.544939,0.763748,0.346020,0.100000,0.020000,1,0.650453
35.692413,17.154408,-0.098380,152.833908,267.617188,-12.575218,-7863.807129,-16918.156250,1131.591797,-0.628343,0.772012,0.095831,0.100000,0.020000,1,0.823202
35.544827,16.415815,0.127119,-482.753967,-354.105957,-33.709003,25536.785156,31515.917969,-15565.262695,-0.625436,0.764015,-0.158463,0.100000,0.020000,1,0.287675
34.184322,14.927780,1.265247,-105.072418,126.049911,290.235657,-19666.921875,-1832.151367,31762.593750,0.700108,0.706753,0.101731,0.100000,0.020000,1,0.020490
35.587330,15.282582,-0.211932,50.167366,-25.882339,9.134314,-2874.024902,740.532593,-386.021393,0.209355,0.955990,-0.205557,0.100000,0.020000,1,0.006664
34.993217,15.744574,0.766857,-72.311157,-34.259926,49.647247,4860.454102,1232.948853,-3055.525146,-0.275137,0.739137,0.614798,0.100000,0.020000,1,0.371150
35.543324,16.027372,-0.531136,47.310402,37.687347,-29.582054,-7004.034180,5425.960449,-1099.227539,-0.326782,0.858994,-0.394135,0.100000,0.020000,1,0.001219
35.216686,14.331745,-0.231651,152.028961,-7.505650,44.942871,-963.805176,-17058.662109,2558.609863,-0.451365,0.734977,-0.506042,0.100000,0.020000,1,0.873418
35.253803,15.695294,0.724668,-6.532637,-18.373428,-63.601227,-888.156860,-96.560570,-3605.413818,-0.112382,0.712075,0.693051,0.100000,0.020000,1,0.399817
34.606926,15.702332,-1.463514,-156.661987,-15.548882,-217.518372,-13215.680664,-198.858414,-17314.080078,-0.201566,0.714549,-0.669918,0.100000,0.020000,1,0.184503
35.402084,15.953507,0.711063,26.762218,6.472431,47.838318,1308.232056,1639.433594,3907.626709,-0.384036,0.740673,0.551289,0.100000,0.020000,1,0.431864
35.045204,15.528740,-0.720536,70.269478,-17.298775,121.825729,2652.401367,-1645.818359,6888.010742,-0.376933,0.718442,-0.584604,0.100000,0.020000,1,0.611661
35.333889,15.824983,-0.369483,130.480042,76.428879,105.830246,7375.608887,4913.101074,6724.605957,-0.548131,0.723094,-0.420341,0.100000,0.020000,1,0.977249
34.614750,17.939295,0.487370,-181.286926,604.107605,-3.947151,-5098.196289,19864.523438,999.939636,-0.549007,0.716988,0.429558,0.100000,0.020000,1,0.566676
35.979565,15.609420,0.586825,147.120819,-72.142792,41.559006,10976.831055,-5650.052246,4065.309082,-0.631172,0.728125,0.267312,0.100000,0.020000,1,0.869094
37.179440,17.103018,-0.534816,573.020447,237.494858,-130.423782,31628.486328,11546.139648,3151.899414,-0.653888,0.752549,-0.078111,0.100000,0.020000,1,0.245538
35.263668,16.762581,-0.037745,82.010040,135.221436,-62.629745,2827.744629,6277.153320,-1456.927124,-0.695576,0.718043,0.024233,0.100000,0.020000,1,0.185890
35.381660,16.211224,0.286912,-73.873856,-168.005188,9.987773,-4986.275391,-8318.011719,-450.195190,-0.374012,0.704464,0.603196,0.100000,0.020000,1,0.960362
35.148125,16.095547,0.149935,466.091919,-95.764282,516.417236,27748.810547,-5104.317383,31885.074219,-0.618042,0.701895,0.354073,0.100000,0.020000,1,0.815853
35.319077,16.122486,0.190171,494.752930,-99.669403,-253.712494,30133.849609,-5550.035156,-15556.857422,-0.706651,0.701919,0.089184,0.100000,0.020000,1,0.595325
35.024269,15.410842,-2.019911,-48.317284,-229.904678,-451.946533,-3250.022949,-1580.320801,-16374.792969,-0.536950,0.683566,-0.494391,0.100000,0.020000,1,0.199521
35.928452,16.102774,-1.019172,211.457184,-22.072924,-245.124146,14840.949219,-844.413025,-19419.191406,-0.728287,0.680272,-0.082631,0.100000,0.020000,1,0.685152
35.034477,14.671308,0.060915,-74.110550,113.806946,510.965393,-7155.180176,2603.294922,32048.148438,-0.550566,0.825912,0.121433,0.100000,0.020000,1,0.035277
35.611736,15.996736,-0.459818,59.861343,-4.345476,18.191456,6175.954590,903.202271,846.407288,-0.453027,0.676018,-0.581177,0.100000,0.020000,1,0.824252
35.520184,17.307434,-0.703366,87.631104,323.405518,-267.765076,5315.524414,24699.910156,-20819.212891,-0.665594,0.715850,0.211050,0.100000,0.020000,1,0.174342
35.194420,16.220303,-0.022697,-24.088388,82.677505,85.378128,-142.033936,7154.752441,5242.451660,-0.619583,0.657857,-0.428183,0.100000,0.020000,1,0.860108
35.392612,16.051365,-0.231086,101.692963,115.609436,199.006561,5843.326172,7712.567383,12802.019531,-0.691098,0.648463,-0.319184,0.100000,0.020000,1,0.745244
35.393188,16.287542,0.340084,-61.573013,-240.157104,-94.228470,-4517.070312,-13794.363281,-5514.631348,-0.706077,0.658105,0.261442,0.100000,0.020000,1,0.605130
35.162857,15.784663,0.825520,25.636721,-9.435034,31.636337,704.712646,553.676819,2824.395020,-0.186689,0.695475,0.693874,0.100000,0.020000,1,0.291003
35.298393,15.614066,0.251198,-91.696411,91.519257,-17.143921,-6536.905762,4913.025391,-2043.924438,-0.537666,0.653924,0.532259,0.100000,0.020000,1,0.485675
35.590340,16.088390,-0.367115,46.766388,-69.167503,-50.745201,3005.587891,-3392.179443,-3693.737305,-0.615993,0.737777,-0.276111,0.100000,0.020000,1,0.042573
34.209969,15.537360,1.717167,-348.873901,-144.093460,354.414368,-15603.097656,-4507.646973,13514.013672,-0.620312,0.644040,0.447689,0.100000,0.020000,1,0.851139
35.090183,16.643595,1.519544,-76.242279,70.602142,446.075439,-6689.399902,6983.434570,34807.703125,-0.781258,0.619106,-0.079648,0.100000,0.020000,1,0.435067
35.205635,15.680811,-0.565530,14.706806,-7.767859,-17.070791,129.813919,-95.807671,-852.002747,-0.269551,0.676828,-0.685015,0.100000,0.020000,1,0.349903
35.118900,15.916456,0.520414,-1.612030,14.900768,-4.023152,-1431.338867,1674.827026,-423.884857,-0.440437,0.648916,0.620422,0.100000,0.020000,1,0.566231
38.091812,15.744793,-1.188545,828.439941,-81.115021,-268.064331,31714.164062,-5644.515137,-12087.801758,-0.659057,0.662831,-0.355385,0.100000,0.020000,1,0.122720
35.280598,16.053082,0.392464,-65.931793,110.015533,-184.790619,-5095.656250,7285.935547,-11412.260742,-0.698702,0.613910,0.367329,0.100000,0.020000,1,0.105868
35.355865,16.115307,0.104184,-69.774689,156.473053,-283.698486,-5112.071289,10174.574219,-16840.541016,-0.780144,0.602883,-0.167056,0.100000,0.020000,1,0.914897
35.785831,16.392349,0.780831,142.341400,32.225288,184.875793,5470.937988,732.085449,6607.383301,-0.787060,0.592534,0.171579,0.100000,0.020000,1,0.976146
35.663696,16.274914,-0.531765,89.406250,-0.653358,-155.815521,6219.636719,863.379883,-12470.609375,-0.794690,0.597088,0.109335,0.100000,0.020000,1,0.430992
35.507282,16.226282,0.011898,-229.692017,-470.985962,45.355480,-14589.059570,-29050.941406,2899.424561,-0.801641,0.597796,0.003484,0.100000,0.020000,1,0.528649
35.215633,15.810503,0.663734,-15.810173,21.341881,-58.072311,-1730.825684,2272.703369,-3505.761230,-0.269624,0.670019,0.691648,0.100000,0.020000,1,0.140550
35.256226,15.494836,0.141379,-44.394310,107.788742,124.804337,-3724.174805,5765.937012,6345.210938,-0.460353,0.687316,0.561846,0.100000,0.020000,1,0.209540
34.804356,15.146858,0.632731,75.114639,22.995941,178.807495,1812.322876,-2323.238037,14847.360352,-0.777402,0.580346,-0.242577,0.100000,0.020000,1,0.433591
35.582798,16.038176,-0.158464,81.015442,-51.358208,-98.217224,5476.226074,-3323.987793,-7844.198730,-0.781010,0.567843,0.259958,0.100000,0.020000,1,0.953440
34.670776,15.570129,0.149332,-183.296600,-173.758972,229.939148,-6603.961914,-5733.191406,6180.748535,-0.353059,0.646319,-0.676477,0.100000,0.020000,1,0.520855
35.462471,15.877217,0.391914,31.731140,297.944885,-432.209595,1480.733276,19599.177734,-26948.130859,-0.453837,0.821512,0.345182,0.100000,0.020000,1,0.214967
36.747032,15.932067,-0.476765,436.276123,-66.092117,-26.297134,16765.982422,5887.546875,6134.250000,-0.536336,0.610067,-0.583233,0.100000,0.020000,1,0.648815
35.335777,16.222841,0.555554,-148.767975,-190.031921,-16.496159,-9877.863281,-10669.979492,-708.202820,-0.610935,0.591512,0.526186,0.100000,0.020000,1,0.820106
35.171436,16.053001,0.577892,30.436548,150.472687,20.664673,707.871460,9815.311523,2006.037231,-0.685760,0.569393,0.453348,0.100000,0.020000,1,0.781189
35.293808,16.223986,-0.394461,170.958405,68.186584,434.492615,9841.262695,5209.500000,26787.599609,-0.741874,0.614919,-0.267391,0.100000,0.020000,1,0.065848
35.046391,15.111557,0.523328,-18.140991,66.944794,-4.354877,-2706.616943,1273.324829,-425.733948,-0.509617,0.598024,0.618593,0.100000,0.020000,1,0.623672
35.067890,15.706509,-0.316819,512.225708,-375.270782,-353.830322,30665.849609,-25217.802734,-22438.558594,-0.782808,0.532068,-0.322669,0.100000,0.020000,1,0.032484
35.158531,16.065998,0.265990,447.707489,107.999863,460.343170,27008.839844,6805.745605,28839.671875,-0.774947,0.525145,0.351682,0.100000,0.020000,1,0.556586
35.248440,16.505651,-0.118765,-70.415031,-45.287251,119.271454,-5415.668945,-1332.808472,6988.607422,-0.856334,0.516293,0.011532,0.100000,0.020000,1,0.829768
35.448788,16.331892,-0.025039,-231.288361,-155.107391,-189.013947,-14933.588867,-8518.095703,-11301.375977,-0.765238,0.613753,-0.194209,0.100000,0.020000,1,0.040367
35.975822,17.691488,0.046167,214.309647,443.332306,-98.415253,9869.994141,19712.275391,-13932.067383,-0.768728,0.601944,0.216149,0.100000,0.020000,1,0.201247
36.214634,16.271152,1.116934,261.545258,-39.575413,262.259155,19666.146484,-1961.288330,20510.384766,-0.848943,0.493841,0.188189,0.100000,0.020000,1,0.728838
34.939484,16.451618,-0.035397,172.801346,46.287621,351.983246,8738.293945,4179.392578,22684.087891,-0.856564,0.489748,-0.162616,0.100000,0.020000,1,0.925147
33.709354,16.137701,-1.168827,-222.458252,147.357819,-158.517944,-21193.587891,9930.287109,-12941.771484,-0.677762,0.524239,-0.515570,0.100000,0.020000,1,0.391827
35.237099,16.297438,0.480743,-376.473816,243.946594,-614.352417,-24534.121094,16355.680664,-38395.519531,-0.758566,0.489324,0.430279,0.100000,0.020000,1,0.229131
34.877396,16.789265,0.123078,-114.736267,-94.471497,108.410248,-9532.595703,-3212.104980,8592.062500,-0.822466,0.465615,-0.326730,0.100000,0.020000,1,0.341931
35.298248,16.397823,-0.072097,-105.169891,-18.819050,-101.670303,-7319.125000,-204.387177,-6407.847168,-0.869442,0.487135,-0.082278,0.100000,0.020000,1,0.054816
35.355618,16.340742,-0.120932,33.534237,-9.136902,-40.170860,1697.011841,158.263626,-3463.064697,-0.869560,0.481032,0.111685,0.100000,0.020000,1,0.222547
36.228664,15.614201,0.903907,292.537109,-203.393860,185.915771,19529.113281,-18497.386719,18902.628906,-0.844945,0.462372,0.268848,0.100000,0.020000,1,0.656165
35.261215,16.213110,0.341127,257.242737,-600.282593,262.227905,15610.823242,-36989.480469,16005.937500,-0.683802,0.510140,0.521702,0.100000,0.020000,1,0.165640
33.842155,15.522157,-0.703839,-337.560272,-292.866058,-299.215179,-7385.801758,-12967.084961,-13119.968750,-0.772558,0.482089,-0.413212,0.100000,0.020000,1,0.376595
35.199097,16.469381,-0.109656,77.230667,-206.589325,-112.128555,3916.512939,-11751.546875,-6579.526855,-0.853613,0.455309,-0.253056,0.100000,0.020000,1,0.305345
35.328247,15.941820,-0.507635,-292.670959,236.607056,12.398151,-18931.222656,15003.652344,688.569214,-0.623881,0.568327,-0.536448,0.100000,0.020000,1,0.101811
36.346893,15.746285,-0.932527,326.023987,-97.057175,-80.961197,24546.562500,-6831.763672,-6736.965332,-0.595967,0.532856,-0.600740,0.100000,0.020000,1,0.301875
35.201546,16.321735,-0.193168,-35.581795,41.883995,-127.657150,-3039.977051,3101.381104,-7985.209473,-0.888159,0.396198,-0.232810,0.100000,0.020000,1,0.891782
35.408401,15.801781,0.118037,85.943268,-131.097260,71.392563,5472.316895,-10040.365234,5636.883789,-0.902484,0.396345,-0.168622,0.100000,0.020000,1,0.697270
34.218987,16.668518,0.500391,-199.119843,59.473633,148.726074,17415.960938,-1125.452393,-13352.225586,-0.916509,0.399772,0.013905,0.100000,0.020000,1,0.845570
34.262367,14.882723,-0.811652,88.617180,-36.131149,-107.516289,-10997.773438,1045.879883,-17497.957031,-0.916524,0.391692,-0.081002,0.100000,0.020000,1,0.513862
34.580502,14.699048,-1.096591,172.863266,-26.951263,-162.732101,-12573.863281,-16390.152344,-5030.587891,-0.496011,0.552232,-0.670085,0.100000,0.020000,1,0.749248
35.030098,15.986660,0.721265,278.926819,-450.889679,-59.305923,-13592.929688,21923.707031,3827.235352,-0.576293,0.524586,0.626655,0.100000,0.020000,1,0.509306
35.055111,16.313526,-2.187728,-9.764854,37.205795,-435.506226,-1947.994995,3721.714355,-34421.246094,-0.654807,0.478621,-0.584936,0.100000,0.020000,1,0.910520
35.338905,16.253553,-0.448978,-244.164856,67.979477,95.218109,-15547.924805,4748.764648,5720.332520,-0.811617,0.406306,-0.419753,0.100000,0.020000,1,0.672162
35.077927,16.288841,0.275059,79.639824,4.463346,54.980400,3738.158936,821.564392,3239.473389,-0.833708,0.414150,0.365255,0.100000,0.020000,1,0.467204
35.082024,17.730625,0.107917,21.981682,328.498352,-72.170662,169.722839,27048.656250,-5114.657715,-0.887705,0.374876,0.267295,0.100000,0.020000,1,0.417184
35.747890,16.355511,0.672280,154.130890,44.279778,68.803040,12900.915039,3498.018555,4157.105957,-0.730649,0.436344,0.525124,0.100000,0.020000,1,0.441776
35.265900,16.096027,0.315788,-624.100098,33.205727,187.216293,-39737.804688,1634.095825,11785.416016,-0.863465,0.355733,0.357606,0.100000,0.020000,1,0.951234
35.096985,16.392815,-0.275207,127.661903,155.267120,-17.768909,7013.320312,10535.621094,-989.673279,-0.873202,0.349927,-0.339218,0.100000,0.020000,1,0.964455
34.940006,16.040932,-0.392579,57.584129,-72.928146,-297.603088,3083.031494,-1994.070435,-17749.394531,-0.944970,0.317786,-0.077732,0.100000,0.020000,1,0.795549
34.969303,16.537827,0.181189,315.568298,-792.661987,-362.312225,18345.708984,-49013.277344,-22199.992188,-0.948842,0.314895,0.023219,0.100000,0.020000,1,0.609365
33.503395,16.992373,-2.022462,-428.298218,191.425995,-444.460175,-18614.326172,3433.743652,-20440.777344,-0.714227,0.521967,-0.466293,0.100000,0.020000,1,0.081027
34.935169,14.819324,-0.276285,-110.421982,162.249863,57.123173,-8772.483398,4255.164551,1744.353271,-0.916383,0.353939,0.187002,0.100000,0.020000,1,0.340258
34.558197,16.368891,0.445077,-80.205353,-36.961754,59.966690,-8248.803711,-2017.758545,4918.951172,-0.937514,0.290086,0.192139,0.100000,0.020000,1,0.519538
35.394810,16.366875,0.646519,84.311661,81.578735,26.933193,5473.000000,7378.595703,1808.345093,-0.497848,0.530304,0.686240,0.100000,0.020000,1,0.085547
36.960243,17.685867,-0.702086,529.875122,465.813080,-56.428757,18209.490234,15051.724609,-2657.976562,-0.558179,0.495565,-0.665471,0.100000,0.020000,1,0.321805
35.338943,16.404154,-0.366463,-1086.714233,-174.854385,22.178577,-69363.101562,-9248.277344,1038.761963,-0.711770,0.630474,-0.309655,0.100000,0.020000,1,0.033391
35.145935,15.357144,-0.506942,127.577042,-55.685135,-46.536804,7324.267090,-6795.739258,-3154.336670,-0.787332,0.356276,-0.503165,0.100000,0.020000,1,0.916641
34.710636,15.954736,0.119761,-9.008804,49.120140,-45.774628,-3196.834473,2227.662109,-4072.667725,-0.817024,0.366009,0.445543,0.100000,0.020000,1,0.281020
35.242161,16.399368,-0.064284,79.989456,-19.702530,-91.834915,1480.212158,2858.322266,-350.370117,-0.923830,0.275634,0.265639,0.100000,0.020000,1,0.906765
35.168709,16.152554,0.629131,0.806202,45.961349,-33.263802,-688.721008,3603.722168,-1813.928345,-0.641965,0.450992,0.620070,0.100000,0.020000,1,0.231462
35.042152,16.427265,-0.624472,-382.435486,-435.493652,76.235840,-25297.544922,-25940.095703,4447.121094,-0.702018,0.392926,-0.593953,0.100000,0.020000,1,0.621572
34.744144,16.900742,0.792086,-58.576920,140.979797,74.611740,-6077.518066,12135.612305,6012.480469,-0.768509,0.356830,0.531099,0.100000,0.020000,1,0.075404
35.117931,16.319336,0.238502,-443.895325,-357.373505,-157.986877,-29042.462891,-22355.406250,-9375.861328,-0.933761,0.341865,0.105920,0.100000,0.020000,1,0.277212
35.042446,16.533762,0.410263,-105.046860,-397.106506,133.691559,-7699.176270,-23707.974609,8483.752930,-0.843710,0.304996,0.441736,0.100000,0.020000,1,0.582139
35.972206,16.121502,-0.242508,251.876404,6.337507,-157.306244,18665.748047,726.303040,-13269.968750,-0.684809,0.389649,0.615800,0.100000,0.020000,1,0.829003
32.902054,17.616226,-0.659822,-645.835266,348.410461,-19.090118,-25171.724609,28712.083984,-8711.863281,-0.742656,0.413641,-0.526653,0.100000,0.020000,1,0.028231
35.409698,17.013763,0.267203,205.950897,191.700439,-32.893417,13596.668945,15169.078125,-2328.177734,-0.899922,0.242916,0.362122,0.100000,0.020000,1,0.800781
35.129803,15.921115,-0.504405,101.613434,32.876019,-56.835175,5764.902344,460.602875,-4750.840820,-0.935791,0.248663,-0.249923,0.100000,0.020000,1,0.201229
35.593235,16.609379,-0.019412,27.052307,61.594238,53.418045,3130.975098,4950.519043,3868.131592,-0.968735,0.195462,-0.152800,0.100000,0.020000,1,0.335596
35.033047,16.665087,0.226675,-28.651207,14.144432,-69.461723,-2736.592773,2165.411621,-3826.640625,-0.975264,0.195553,0.103044,0.100000,0.020000,1,0.735404
35.111153,16.931292,-0.706176,50.309906,76.100845,-159.674377,2592.055420,7150.901367,-13043.584961,-0.982301,0.187271,0.003638,0.100000,0.020000,1,0.982659
34.753479,15.231629,0.615602,-22.004898,-405.174225,193.779312,-4374.789551,-7763.534180,9490.893555,-0.980936,0.181730,-0.068839,0.100000,0.020000,1,0.595432
35.125591,15.874100,0.413512,36.607925,-14.609303,-24.906784,1454.517212,-1048.620239,-2432.470703,-0.555835,0.471134,0.684894,0.100000,0.020000,1,0.575128
34.844734,15.549063,-0.578596,100.356979,-0.510391,-42.858261,4504.271484,-2878.755127,-3497.276855,-0.858105,0.280305,-0.430216,0.100000,0.020000,1,0.181175
34.957363,16.626652,-0.057177,62.746834,-429.599121,-337.266144,2602.845215,-25883.654297,-20918.398438,-0.958489,0.235221,-0.161153,0.100000,0.020000,1,0.042805
34.851887,17.000259,0.217173,11.855822,101.782440,9.052205,-818.560425,9171.036133,440.756104,-0.945434,0.175192,0.274706,0.100000,0.020000,1,0.900359
34.971832,16.628849,-0.295164,-7.321999,-188.791382,118.701584,-1510.336060,-10786.588867,7134.183594,-0.958852,0.164265,-0.231561,0.100000,0.020000,1,0.970576
34.851757,16.377058,0.054058,-607.255432,490.356018,-345.340546,-39888.011719,30989.617188,-22275.150391,-0.969124,0.161882,0.185991,0.100000,0.020000,1,0.959152
34.591537,17.389423,0.109812,-117.393097,251.525604,157.719025,-10164.543945,20825.341797,12347.198242,-0.819165,0.259556,-0.511468,0.100000,0.020000,1,0.350703
35.238731,16.051973,0.086460,61.725677,-94.994751,-88.933640,3872.161377,-6622.823242,-7229.679688,-0.813200,0.254813,0.523236,0.100000,0.020000,1,0.700705
34.444630,16.322256,-0.011077,-681.889954,149.630524,443.948395,-46339.167969,9671.808594,26329.136719,-0.873963,0.215134,0.435782,0.100000,0.020000,1,0.354262
34.790123,16.390188,0.234662,60.932083,22.677383,158.919373,1492.364014,6593.179688,5281.161133,-0.920096,0.209898,-0.330706,0.100000,0.020000,1,0.127079
35.204487,15.758540,-0.619944,125.354691,85.671768,183.700165,7134.927246,5463.420410,11564.811523,-0.424376,0.600809,-0.677446,0.100000,0.020000,1,0.002109
35.035564,16.367311,-0.538643,160.683319,-899.612305,-64.745361,9040.296875,-55155.394531,-3786.631348,-0.614716,0.407993,-0.675031,0.100000,0.020000,1,0.808611
34.830132,16.221603,-0.472489,3.863941,-50.676666,-20.550354,-1282.725586,-3697.457275,-1990.205078,-0.929522,0.144968,-0.339078,0.100000,0.020000,1,0.730172
35.212627,16.086119,0.240967,146.594513,-136.290405,61.012299,-7470.845703,7733.999023,-3653.247070,-0.997026,0.074062,0.021317,0.100000,0.020000,1,0.557992
35.399303,15.217043,-1.249796,70.954803,-225.375122,-553.346863,-3610.988037,12706.958008,32769.906250,-0.418797,0.586191,0.693534,0.100000,0.020000,1,0.114161
32.584682,15.851333,-1.270287,-221.289688,139.761307,-473.788086,-8790.706055,813.521973,-18034.349609,-0.848032,0.186251,-0.496137,0.100000,0.020000,1,0.405368
34.634403,16.111969,-0.838256,227.571716,-100.953262,-239.846252,-9979.530273,5881.137207,13900.555664,-0.986396,0.065469,-0.150785,0.100000,0.020000,1,0.783538
34.475147,14.759874,-1.167889,168.954620,2.438515,-281.457031,-12703.803711,-24768.947266,-26225.062500,-0.980180,0.057371,0.189620,0.100000,0.020000,1,0.869770
34.481869,17.099289,0.607652,2.577965,216.471191,96.894379,1669.293213,-12646.913086,-6256.523926,-0.993708,0.055047,0.097541,0.100000,0.020000,1,0.903580
34.814030,16.370993,-0.558530,456.993958,-137.228165,-107.470917,-27835.917969,8033.236328,786.004883,-0.663836,0.342511,-0.664836,0.100000,0.020000,1,0.270432
34.379776,16.239626,-2.014043,-153.346191,-35.192036,-430.044312,9934.751953,1580.497925,25526.523438,-0.771726,0.237064,-0.590119,0.100000,0.020000,1,0.689262
34.886375,16.402336,0.621306,-210.784332,35.330269,-387.481750,-14547.202148,2864.042236,-23837.363281,-0.834735,0.173036,0.522757,0.100000,0.020000,1,0.727610
34.908978,16.447069,0.154693,60.831985,78.761581,-52.060211,2406.123047,5329.687500,-3071.610107,-0.974690,0.192130,0.114304,0.100000,0.020000,1,0.121207
35.191319,16.365231,-0.517839,-32.329304,129.061615,259.236755,-1871.701172,8285.491211,15790.230469,-0.900998,0.104717,-0.420994,0.100000,0.020000,1,0.345721
34.527519,16.977242,2.226577,-52.879410,165.340607,458.140747,-5897.877441,13163.913086,36531.363281,-0.888927,0.097307,0.447593,0.100000,0.020000,1,0.242673
34.755909,16.760370,-0.108304,85.809189,-366.984192,-143.540802,3949.398438,-21727.363281,-8533.518555,-0.965535,0.023893,-0.259175,0.100000,0.020000,1,0.252264
35.150272,16.166548,0.652634,-87.903542,-300.557343,-24.549641,-6124.690430,-18098.566406,-1460.235229,-0.590095,0.405663,0.698015,0.100000,0.020000,1,0.593706
35.059334,16.383753,0.644432,-0.086483,-104.615402,-48.575989,-536.500549,-5722.316895,-2702.999512,-0.758841,0.209978,0.616498,0.100000,0.020000,1,0.896693
33.894894,15.814597,2.267775,-617.987427,85.593658,652.794006,-29699.324219,11925.154297,21006.806641,-0.917872,0.089166,0.386729,0.100000,0.020000,1,0.403873
35.218609,14.941488,-1.536695,249.677216,-35.463348,-442.315918,16251.756836,-8405.096680,-35350.835938,-0.963483,0.017614,0.267190,0.100000,0.020000,1,0.101847
34.568886,16.236656,0.519849,110.290924,-218.954987,11.673817,4809.538086,-14486.648438,1570.168335,-0.935065,0.010024,0.354334,0.100000,0.020000,1,0.458538
34.625664,16.650723,-0.638245,-0.612335,7.921749,-157.759827,-1881.857056,1271.546143,-12371.687500,-0.997032,-0.037825,-0.067055,0.100000,0.020000,1,0.330613
34.672676,16.435881,-0.147658,-145.583771,-128.201752,-37.819611,-10790.341797,-8193.348633,-2404.236816,-0.986242,-0.046041,-0.158768,0.100000,0.020000,1,0.696932
34.791370,15.199778,0.157077,39.043308,62.856087,-0.453408,1384.067505,-1339.498779,242.744034,-0.993212,-0.056123,0.101886,0.100000,0.020000,1,0.412593
35.056198,16.201647,-0.260248,62.520828,-89.706345,-26.525919,3163.809814,-5296.166504,-407.710693,-0.725536,0.292506,-0.622927,0.100000,0.020000,1,0.080618
34.952911,16.446466,-0.307447,-98.172318,-4.991014,-259.507202,-7009.778809,586.396973,-15460.869141,-0.799089,0.145885,-0.583245,0.100000,0.020000,1,0.896302
35.043320,16.026735,-1.367740,-35.963432,-11.049915,-432.553406,-2815.946533,-1823.151978,-31275.400391,-0.875576,0.143386,-0.461311,0.100000,0.020000,1,0.205304
35.766846,16.244303,0.249893,238.241272,0.114268,192.307068,17777.701172,-248.201355,15107.096680,-0.857213,0.077067,-0.509162,0.100000,0.020000,1,0.429498
34.877598,16.700581,0.385827,51.190689,28.120735,44.984848,2559.168701,2844.685059,3459.239746,-0.963240,-0.056468,0.262641,0.100000,0.020000,1,0.544237
33.549343,16.719006,0.204454,-14.411621,-36.096767,112.159515,-7131.645508,-1195.516846,7188.366699,-0.978294,-0.063358,0.197296,0.100000,0.020000,1,0.744301
34.690948,15.658815,0.506147,-95.503563,-243.704727,3.769196,3449.702881,-7569.539551,2671.278076,-0.901059,-0.001350,0.433695,0.100000,0.020000,1,0.402521
34.861603,16.443926,-0.331762,-274.270752,-9.707495,62.713036,-17962.769531,-581.936157,3765.561768,-0.945946,-0.073876,-0.315799,0.100000,0.020000,1,0.825622
35.423683,16.138699,0.197874,163.073822,-113.711823,54.140106,11939.885742,-8611.827148,4156.547363,-0.996399,-0.081553,0.023210,0.100000,0.020000,1,0.277372
34.611691,16.368587,0.346605,-151.782135,203.206665,-679.792603,-11126.463867,12288.653320,-41534.914062,-0.990511,-0.136020,0.019669,0.100000,0.020000,1,0.772505
34.796444,15.777169,-0.438189,79.578987,-96.526108,-110.193665,3292.029053,-7375.846680,-6220.806641,-0.681508,0.273112,-0.678937,0.100000,0.020000,1,0.690615
34.886822,16.413143,0.499639,-193.292145,-373.837524,-18.687519,-13203.536133,-22815.626953,-1380.629883,-0.785445,0.127371,0.605683,0.100000,0.020000,1,0.624401
34.739288,16.245024,0.365852,14.946114,16.305170,21.832785,-495.647766,786.273682,882.017334,-0.842815,0.050690,0.535811,0.100000,0.020000,1,0.158896
34.936813,16.168530,0.284878,-203.724335,-219.303558,113.388443,-13126.175781,-14945.529297,7045.407227,-0.934573,-0.088536,0.344579,0.100000,0.020000,1,0.607283
34.100582,15.884318,0.086292,-149.562988,-200.498932,99.872787,-13210.135742,-15050.883789,7652.768066,-0.960264,-0.097633,-0.261458,0.100000,0.020000,1,0.173986
34.716335,17.149868,0.812437,-82.938599,232.351257,352.728943,-6259.310547,17391.492188,25259.371094,-0.982025,-0.156235,0.105912,0.100000,0.020000,1,0.990702
35.236843,15.863415,0.657247,243.586426,-220.166382,328.415466,9853.339844,-5546.833496,14849.726562,-0.984609,-0.161349,-0.067156,0.100000,0.020000,1,0.690028
35.171684,16.131435,0.721565,2.430666,-80.644012,59.831238,-135.644821,-4640.884766,4151.419434,-0.634965,0.329603,0.698700,0.100000,0.020000,1,0.645595
34.631859,16.220091,-0.968079,-88.191261,17.090206,-99.422585,-4531.424805,-1565.764038,-4471.995117,-0.725932,0.192444,-0.660294,0.100000,0.020000,1,0.734176
35.250938,16.762671,0.006242,304.245789,-78.982422,-122.597534,14320.430664,-7025.801758,-12116.925781,-0.863206,-0.015650,-0.504610,0.100000,0.020000,1,0.340116
35.195038,16.502260,-0.130071,106.971680,185.963989,-75.257477,7626.484863,12106.975586,-3766.463135,-0.909724,-0.095182,-0.404157,0.100000,0.020000,1,0.848328
34.694061,16.568926,0.354431,62.927620,66.667282,-323.187988,2929.184326,4541.910645,-19662.292969,-0.965589,-0.170077,0.196753,0.100000,0.020000,1,0.197795
34.645432,16.836683,-0.821810,-30.809769,91.270874,-73.915771,-3681.693848,8074.170898,-5904.166016,-0.813056,0.037095,-0.581003,0.100000,0.020000,1,0.474411
34.584167,16.088242,0.141747,-119.165436,-24.355240,-51.048897,-9154.954102,-2844.516846,-4295.030273,-0.892090,-0.100226,0.440602,0.100000,0.020000,1,0.562369
34.067471,15.877396,0.717643,-125.736809,-178.763733,95.875877,-5012.237305,-15101.868164,4026.709473,-0.947373,-0.179188,0.265286,0.100000,0.020000,1,0.898099
34.758919,15.398341,-0.652837,82.357300,-54.443481,-34.902023,4501.340820,-7976.300781,-4033.113037,-0.953400,-0.185894,-0.237640,0.100000,0.020000,1,0.910021
34.482994,16.425108,-0.291199,58.191139,138.466141,12.952244,1824.057373,8434.444336,238.928955,-0.966725,-0.192145,-0.168891,0.100000,0.020000,1,0.136546
34.970989,16.481598,0.535562,-206.383514,-159.605530,32.478615,-13389.512695,-9180.583984,2006.907959,-0.796234,0.040568,0.603627,0.100000,0.020000,1,0.415956
34.699593,16.286316,0.552887,16.422745,14.736004,6.626835,-263.215820,727.904724,694.293701,-0.841980,-0.035640,0.538330,0.100000,0.020000,1,0.205233
34.738888,16.615068,-0.132379,117.560730,-89.585602,46.246925,6096.987305,-5043.758301,2697.734863,-0.994878,-0.050088,-0.087795,0.100000,0.020000,1,0.331468
34.828484,17.020704,-1.444678,24.132231,106.808594,-287.520752,683.507874,9282.108398,-22788.804688,-0.927755,-0.051384,-0.369635,0.100000,0.020000,1,0.053499
34.709888,17.533365,0.193313,26.147186,257.716339,107.804565,3753.209473,14685.756836,-335.919434,-0.961634,-0.262902,-0.078375,0.100000,0.020000,1,0.874860
34.392387,16.762743,-0.702060,-37.067970,59.236847,-196.921478,-4298.453125,4738.043457,-15373.932617,-0.963638,-0.267197,0.002709,0.100000,0.020000,1,0.771651
35.058620,16.708715,-0.688298,107.706345,99.434280,-3.457714,6670.472656,8378.532227,-616.989319,-0.748579,0.099171,-0.655588,0.100000,0.020000,1,0.916232
34.794262,16.153639,-0.422307,65.072906,-24.958702,36.748421,3495.557617,-2546.937988,2407.520752,-0.862187,-0.127667,-0.490239,0.100000,0.020000,1,0.901569
34.688774,16.654827,0.225910,-643.695374,26.731689,-363.783569,-41489.679688,2530.159668,-23400.382812,-0.908287,-0.203130,0.365724,0.100000,0.020000,1,0.675828
34.677822,16.558718,-0.240805,-261.607391,-101.936852,424.876404,-17199.154297,-6248.660156,26418.525391,-0.945920,-0.281950,-0.160434,0.100000,0.020000,1,0.479305
34.149960,16.340149,0.238292,278.593567,-264.090240,-45.027901,14329.494141,-16819.238281,-3789.959961,-0.846964,-0.134796,0.514277,0.100000,0.020000,1,0.672607
34.024136,16.575968,0.421891,-49.929779,59.979248,-39.538452,-6522.352051,4136.875000,-1770.932861,-0.918819,-0.283356,0.274736,0.100000,0.020000,1,0.454001
34.505676,16.684557,0.413944,-6.818562,12.389942,198.511688,-1765.311890,1543.496948,15148.221680,-0.926622,-0.293495,-0.235014,0.100000,0.020000,1,0.997998
35.402328,16.793467,1.194826,91.860786,74.026909,242.364380,1470.585938,787.141602,8531.879883,-0.674955,0.255602,0.692173,0.100000,0.020000,1,0.237584
35.118744,16.316761,0.395600,-122.437561,-52.709343,57.442574,-7169.771973,-3249.221680,2990.012207,-0.794444,-0.044890,0.605677,0.100000,0.020000,1,0.592460
34.702709,16.332663,-0.461162,-74.554871,90.726166,-18.345360,-5878.102539,5843.704102,-825.837158,-0.800092,-0.049631,-0.597820,0.100000,0.020000,1,0.639811
34.793095,16.285971,-0.539363,280.710480,123.645111,107.030251,17421.169922,7184.929199,6112.495605,-0.876298,-0.224661,-0.426179,0.100000,0.020000,1,0.351789
34.152962,15.353757,0.512379,79.157097,77.895378,-244.226410,2193.462891,71.869408,-13959.187500,-0.936694,-0.299644,0.181157,0.100000,0.020000,1,0.410386
34.473583,15.153563,1.098845,99.623611,-421.833191,302.488007,-4198.065918,-15485.648438,14896.400391,-0.931062,-0.364858,0.001000,0.100000,0.020000,1,0.964811
35.143650,16.637203,1.332276,224.676804,2.601883,547.610168,-5660.149414,4819.118164,-6353.683594,-0.903618,-0.241504,-0.353766,0.100000,0.020000,1,0.126741
34.364731,15.646612,-0.181595,-288.751404,241.156036,-169.660309,-20030.412109,11749.410156,-10202.130859,-0.889430,-0.311009,-0.334943,0.100000,0.020000,1,0.012376
34.976688,16.877541,-0.492080,159.136414,97.396332,-93.130966,7119.472656,71.576172,-5472.139648,-0.914386,-0.376848,-0.147933,0.100000,0.020000,1,0.533970
35.056942,18.584723,-2.036708,177.974426,503.394531,-548.540588,12557.863281,40365.332031,-43510.144531,-0.915654,-0.389558,0.099113,0.100000,0.020000,1,0.617924
34.027817,18.225597,0.571789,-28.562111,242.157227,228.763733,3323.367188,-70.849609,5303.004395,-0.885402,-0.083803,-0.457209,0.100000,0.020000,1,0.123396
34.439167,16.266827,0.633934,-103.937607,324.607605,-427.781342,-8274.006836,19961.433594,-26293.847656,-0.828908,-0.221567,0.513633,0.100000,0.020000,1,0.829679
34.601326,16.558155,-0.433612,-66.862793,-92.985878,-9.796209,-5044.451172,-5394.537598,-836.338440,-0.857552,-0.294443,-0.421790,0.100000,0.020000,1,0.935450
35.996216,16.828695,1.040369,498.346558,63.635712,263.313019,11392.001953,4640.571777,6104.234375,-0.885427,-0.379680,0.268070,0.100000,0.020000,1,0.960238
34.657761,16.349594,0.350769,25.420284,33.547951,-67.919922,832.422546,1818.131226,-4566.042969,-0.853827,-0.240515,0.461662,0.100000,0.020000,1,0.046399
34.589027,16.174843,0.460708,-20.154930,98.691696,-150.161530,-2049.229492,5124.341797,-9206.915039,-0.841993,-0.315490,0.437622,0.100000,0.020000,1,0.510997
33.282524,15.683789,-0.364957,263.356232,-80.729156,-499.955688,10835.910156,-8639.186523,-33125.046875,-0.886341,-0.462897,0.011203,0.100000,0.020000,1,0.426633
34.713165,16.309526,-0.567061,70.139618,40.333954,-14.002028,1108.057373,1083.390747,403.249756,-0.745134,0.004814,-0.666898,0.100000,0.020000,1,0.682803
33.874336,15.457006,-0.754473,373.080383,-109.260712,618.236755,19264.652344,-10534.403320,38144.304688,-0.785949,-0.142641,-0.601613,0.100000,0.020000,1,0.129393
34.566128,16.069138,0.487120,48.847477,-5.132610,-22.117603,1711.109131,-1386.302490,-1662.337402,-0.779570,-0.145870,0.609092,0.100000,0.020000,1,0.306288
33.992840,16.144539,0.195058,-104.890930,-10.085846,-113.275604,-9598.857422,-2006.045288,-7689.084961,-0.844073,-0.398932,0.358322,0.100000,0.020000,1,0.463752
34.165882,16.394251,-0.595925,77.074234,111.933289,-95.562492,2629.152588,1883.720337,-3222.857666,-0.854415,-0.404968,-0.325539,0.100000,0.020000,1,0.042057
32.482193,16.942772,-0.419002,-332.100067,397.808838,-281.730865,-14571.355469,11422.880859,1858.657227,-0.868717,-0.488187,-0.083695,0.100000,0.020000,1,0.465994
36.872334,15.549751,-2.045724,604.056152,-243.338974,-776.729858,20632.519531,-2029.337402,-30368.679688,-0.709364,0.276451,0.648365,0.100000,0.020000,1,0.011059
34.328884,16.582033,0.508317,223.135223,-142.891846,-363.253601,12309.159180,-8532.537109,-22226.414062,-0.858643,-0.348129,0.376215,0.100000,0.020000,1,0.021362
33.966053,15.989421,-0.140030,2.984306,39.592255,74.941437,-3095.835205,720.692322,5997.508301,-0.807733,-0.327624,-0.490132,0.100000,0.020000,1,0.443039
34.343342,16.614944,-0.411993,249.007462,-305.735779,266.184967,14221.978516,-18622.156250,16621.714844,-0.823270,-0.394752,-0.407918,0.100000,0.020000,1,0.657606
34.066292,14.995925,0.116914,159.118423,-28.203903,-22.755558,32.036133,-13607.430664,-3395.307129,-0.874038,-0.419896,-0.244426,0.100000,0.020000,1,0.143966
33.896759,17.420591,-2.060226,-99.850128,267.021362,-603.932434,7010.454590,-15783.956055,36023.050781,-0.867929,-0.488115,0.091887,0.100000,0.020000,1,0.265432
34.212967,17.001087,0.373757,18.511696,119.278381,31.537994,-3528.112061,-9791.580078,-6063.143555,-0.840846,-0.476039,0.257615,0.100000,0.020000,1,0.707377
33.262352,16.403440,-1.173290,-128.864502,134.771637,-315.271912,10145.465820,-6448.355957,19429.064453,-0.846498,-0.495886,0.193748,0.100000,0.020000,1,0.599916
35.582817,16.173481,1.379570,246.003632,-57.878937,181.290955,2239.162598,4166.177246,13385.340820,-0.705708,0.101764,0.701156,0.100000,0.020000,1,0.765174
34.495575,16.598291,-0.553358,71.004822,-183.178192,7.390080,3183.422363,-10553.451172,355.591431,-0.773999,-0.248128,-0.582545,0.100000,0.020000,1,0.857100
34.365841,16.570562,-0.471392,187.132202,-107.722534,341.961548,10708.927734,-6500.111328,20564.183594,-0.837221,-0.485772,-0.251172,0.100000,0.020000,1,0.439534
34.273266,17.547558,0.468911,-20.210411,324.257141,111.478668,2465.238525,13403.671875,9868.669922,-0.884362,-0.461817,-0.068031,0.100000,0.020000,1,0.184307
34.674644,15.387341,-0.236402,75.064819,-339.622498,-19.319977,8718.631836,-14622.115234,-6267.830566,-0.843803,-0.508767,-0.170741,0.100000,0.020000,1,0.261677
34.236889,16.522360,0.245783,173.198730,86.668335,314.413147,9361.643555,5702.033691,19540.078125,-0.798039,-0.488589,0.352724,0.100000,0.020000,1,0.631928
34.439571,16.528868,-0.304033,-323.348297,66.075867,-104.607277,-21128.867188,4409.037109,-6596.012207,-0.802361,-0.491902,-0.338009,0.100000,0.020000,1,0.769765
34.353928,16.321772,-0.196055,28.248009,-46.255524,-57.458038,958.229309,-3717.011230,-4810.422852,-0.816214,-0.569650,0.096402,0.100000,0.020000,1,0.702270
34.636887,16.175095,0.494564,-104.930176,55.191628,12.859861,-7290.950195,2803.465332,567.399963,-0.750920,-0.249323,0.611520,0.100000,0.020000,1,0.618511
34.527836,16.475178,-0.551705,-28.724609,-368.166992,186.468903,-2715.229004,-22782.365234,11637.556641,-0.755420,-0.314198,-0.574996,0.100000,0.020000,1,0.762167
35.106102,16.520601,-0.149002,-369.841583,331.607849,-61.914639,-21490.158203,21374.248047,-2691.157715,-0.767910,-0.416378,-0.486768,0.100000,0.020000,1,0.860446
34.580978,15.653953,0.173724,66.107231,-235.012863,21.236938,-1056.851807,-7040.017090,710.564331,-0.797113,-0.571154,0.195941,0.100000,0.020000,1,0.521638
33.684402,16.334129,0.208910,-307.927948,-426.432495,197.534973,-22952.769531,-27645.894531,13643.976562,-0.801060,-0.593212,-0.080016,0.100000,0.020000,1,0.542867
34.557240,16.466291,-0.787885,-5.781181,26.823143,-32.476646,-1972.451782,2583.391846,-2776.050049,-0.730907,-0.067954,-0.679086,0.100000,0.020000,1,0.003354
34.340420,16.627632,0.477136,-303.754272,-706.773071,13.706867,-20241.000000,-43809.429688,1248.339600,-0.759475,-0.491465,0.426216,0.100000,0.020000,1,0.883437
33.197441,16.255371,0.711646,-116.927368,195.350540,323.420471,-3703.139160,2927.229492,5046.739746,-0.773546,-0.582082,-0.250611,0.100000,0.020000,1,0.502527
34.717297,16.380589,-0.649172,-12.297150,18.990643,22.488705,-1397.748901,1627.818115,1255.972168,-0.721958,-0.154096,-0.674560,0.100000,0.020000,1,0.769925
34.388348,16.433067,-0.626614,147.673340,-132.843445,-214.896698,11164.252930,-7240.257324,-12230.598633,-0.795376,-0.275406,-0.539934,0.100000,0.020000,1,0.100281
35.556965,18.070915,-0.000242,364.155945,484.150543,88.547821,11690.191406,16537.519531,3296.202881,-0.752802,-0.504694,-0.422579,0.100000,0.020000,1,0.435281
34.036423,16.599854,-0.238943,295.477264,-215.451813,10.760988,16612.705078,-13012.018555,916.509033,-0.751375,-0.573156,-0.326996,0.100000,0.020000,1,0.558544
34.433647,16.477102,0.277290,-314.641174,46.865456,-29.454144,-20235.638672,3055.225098,-1994.952515,-0.745725,-0.571450,0.342547,0.100000,0.020000,1,0.816760
34.838520,16.341667,0.533359,121.704559,-163.220459,151.946014,6963.585938,-9739.835938,9179.551758,-0.715197,0.020405,0.698625,0.100000,0.020000,1,0.099605
33.887718,17.222336,0.721616,-154.323334,181.381927,73.718063,-13240.747070,14916.281250,5498.698730,-0.762658,-0.339863,0.550314,0.100000,0.020000,1,0.136350
34.713684,16.765924,0.394553,56.588890,87.645782,-27.998756,3536.279541,7303.831055,-2425.865723,-0.722233,-0.324992,0.610541,0.100000,0.020000,1,0.811671
34.458950,16.335571,-0.048501,46.483307,9.369291,-54.512329,2995.479492,14.600570,-4325.943848,-0.730421,-0.658697,0.180566,0.100000,0.020000,1,0.847741
34.078716,16.501461,-0.153095,-77.396881,-144.316330,528.918701,-6355.815918,-9039.739258,32667.923828,-0.735525,-0.677183,0.020650,0.100000,0.020000,1,0.779641
33.335560,15.713752,-0.163078,127.706314,15.945892,7.182717,3472.701660,-2169.890381,367.174896,-0.725939,-0.669478,-0.157516,0.100000,0.020000,1,0.761508
33.789776,15.985954,-0.001880,266.817444,29.041382,-337.687195,14184.365234,-237.455673,-21087.289062,-0.730013,-0.680583,-0.062349,0.100000,0.020000,1,0.420173
34.500851,16.468508,0.176471,114.285553,125.480835,72.544800,6695.575195,7762.673340,4501.320312,-0.842338,-0.493898,0.215711,0.100000,0.020000,1,0.143646
34.253708,16.989372,-0.345870,28.822206,166.079895,-28.541809,914.303711,4271.310547,-1868.822510,-0.710032,-0.661699,-0.240851,0.100000,0.020000,1,0.798094
34.916668,16.017271,0.809610,60.835930,-17.786240,23.472656,3812.665283,-2052.146729,2218.047119,-0.709218,-0.080542,0.700373,0.100000,0.020000,1,0.807881
34.752945,16.354179,0.689614,-351.052765,19.053650,-265.348328,-22612.173828,1574.157715,-16474.847656,-0.707426,-0.153077,0.690011,0.100000,0.020000,1,0.862546
34.152546,16.605442,-0.040668,36.293167,-614.221130,135.707672,-350.960083,-37492.988281,10900.336914,-0.707922,-0.244415,-0.662652,0.100000,0.020000,1,0.345258
34.213898,16.324825,0.527412,82.569962,79.366119,-205.028229,3478.346680,4644.713867,-12570.418945,-0.750675,-0.448629,0.484994,0.100000,0.020000,1,0.102986
37.151390,16.261189,0.305505,739.930298,-72.427933,20.756824,24966.724609,2303.781738,246.841034,-0.683475,-0.577026,0.447105,0.100000,0.020000,1,0.613920
34.078667,15.836777,-0.221590,18.185930,35.215721,22.043320,-555.860718,-184.238876,2057.741455,-0.688628,-0.590135,-0.421345,0.100000,0.020000,1,0.332019
34.224483,16.493925,-0.056074,-236.279236,-223.646652,-201.632446,-15914.913086,-14072.411133,-12359.195312,-0.748742,-0.643416,-0.159377,0.100000,0.020000,1,0.108448
34.386909,16.378595,0.292082,431.299805,-345.451691,-2.359295,26126.611328,-21636.513672,-1234.372559,-0.686489,-0.395477,0.610189,0.100000,0.020000,1,0.536603
34.748138,14.895726,-0.331474,153.988815,-89.193878,-22.158966,8485.375000,-7611.316895,4179.166016,-0.695861,-0.493336,-0.521917,0.100000,0.020000,1,0.031398
34.232712,16.761292,0.041361,24.930761,94.937668,-95.120758,155.311081,7621.750000,-7877.821289,-0.685351,-0.486865,0.541531,0.100000,0.020000,1,0.242904
34.133999,16.606478,0.104605,14.959024,-85.989120,61.210785,-84.476303,-6182.518066,4208.082031,-0.752297,-0.658729,0.011246,0.100000,0.020000,1,0.051933
33.994583,16.125967,0.457870,269.122559,146.441132,-67.486473,15257.365234,8030.388672,-3654.901855,-0.657802,-0.668891,0.346238,0.100000,0.020000,1,0.259150
33.819134,16.519812,-0.161247,-6.696173,39.903797,-56.243195,-572.283020,978.299438,-1383.168701,-0.656712,-0.750497,-0.074052,0.100000,0.020000,1,0.438751
34.028889,16.520285,0.102479,91.484329,-221.204315,-199.123352,4490.086914,-13633.206055,-12539.646484,-0.651003,-0.751694,0.105600,0.100000,0.020000,1,0.753305
34.398624,16.406094,0.616806,495.802765,58.185028,173.173126,29652.988281,4205.969238,10911.587891,-0.689787,-0.228138,0.687130,0.100000,0.020000,1,0.451759
34.542698,16.178757,0.138050,106.451447,-49.957436,164.786774,6213.574219,-172.457275,16687.220703,-0.648350,-0.571248,-0.503307,0.100000,0.020000,1,0.681682
33.852734,16.392723,-0.166922,190.899872,-54.769623,328.000488,10032.450195,-3626.890381,20617.699219,-0.642602,-0.748913,-0.161838,0.100000,0.020000,1,0.486440
33.755459,15.975210,0.244235,89.457474,2.337032,42.735397,3223.486816,-1707.758667,4590.273438,-0.628461,-0.742819,-0.230772,0.100000,0.020000,1,0.567441
32.090275,16.136780,-0.839639,-372.063446,289.615845,-92.465424,-21539.236328,-2135.711426,-2165.068848,-0.648321,-0.500826,-0.573457,0.100000,0.020000,1,0.824305
32.910210,17.975300,-1.010518,-405.308411,454.209351,-459.400665,24564.453125,-27113.992188,27029.328125,-0.634067,-0.559553,0.533721,0.100000,0.020000,1,0.128539
34.352898,15.624813,0.012415,133.191010,-32.266312,76.247650,-6506.400879,3677.137451,-4888.509766,-0.626584,-0.653874,-0.424078,0.100000,0.020000,1,0.624810
34.004166,16.633726,-0.003037,-5.476452,-378.397339,-5.995440,1130.398071,18392.916016,315.804199,-0.641226,-0.767346,0.003154,0.100000,0.020000,1,0.247015
33.954685,16.422722,0.048694,163.600708,-230.250977,177.609619,8800.478516,-14521.868164,10683.887695,-0.622407,-0.758454,0.193281,0.100000,0.020000,1,0.544913
34.238022,16.608406,0.299199,-54.077545,-224.264191,12.912266,-3757.537598,-13303.374023,1087.284424,-0.607275,-0.751157,0.258805,0.100000,0.020000,1,0.671806
34.803394,16.921719,-1.160143,50.153748,81.531158,-289.342346,837.428406,13595.214844,-12314.319336,-0.663645,-0.321467,-0.675452,0.100000,0.020000,1,0.854271
34.880444,16.377712,1.739029,164.931824,18.284748,313.981873,11724.311523,1360.163940,24800.384766,-0.640022,-0.473907,0.604802,0.100000,0.020000,1,0.605148
33.757286,16.072466,-0.560531,-98.224152,-92.296051,-76.474556,-10035.341797,-2504.987793,-2054.541260,-0.593118,-0.732118,-0.334982,0.100000,0.020000,1,0.623458
33.450199,17.153870,1.649367,-150.088226,220.131317,462.381836,-9210.222656,6746.022461,33676.082031,-0.575050,-0.817877,0.019884,0.100000,0.020000,1,0.858435
34.099743,15.885370,0.330618,41.439243,-149.165054,66.175369,-1633.659912,-1265.007324,7529.370605,-0.569949,-0.816245,0.094350,0.100000,0.020000,1,0.938137
34.103981,16.258533,-0.237103,-182.780182,265.427216,61.447151,-12138.138672,16175.180664,3159.224854,-0.567965,-0.819912,-0.071833,0.100000,0.020000,1,0.756526
34.440514,16.141628,-0.498403,-248.190765,284.546936,83.322723,11553.568359,-14938.631836,-3680.408203,-0.639110,-0.404804,-0.653966,0.100000,0.020000,1,0.850641
34.792980,16.839294,0.039381,191.558167,187.525604,98.749573,-10657.615234,-10715.927734,-6239.987305,-0.583138,-0.650705,-0.486348,0.100000,0.020000,1,0.991129
34.335766,15.743548,-0.456927,168.763977,-57.049057,-74.209198,-8057.128906,4409.691895,3514.815918,-0.588778,-0.557749,-0.585027,0.100000,0.020000,1,0.989705
33.632778,15.246215,-0.339724,69.342293,120.104347,0.000000,-11898.058594,-36888.597656,-5300.690918,-0.550391,-0.729591,-0.405914,0.100000,0.020000,1,0.668372
34.013023,16.335037,0.429033,33.836887,-4.052240,-17.225138,882.848450,-245.360321,-932.267578,-0.532635,-0.726958,0.433396,0.100000,0.020000,1,0.238366
35.069336,16.587540,1.007183,286.595581,71.441780,204.928528,21552.955078,5496.588867,16080.841797,-0.519500,-0.806816,0.281368,0.100000,0.020000,1,0.549113
34.321117,15.290874,0.494865,-8.295208,74.427750,68.359360,-161.901688,254.556290,7362.442383,-0.519608,-0.814143,-0.259189,0.100000,0.020000,1,0.045919
33.948917,16.430124,-0.110408,39.428226,-34.011417,-101.571793,1350.640991,-1887.292236,-6250.533203,-0.527506,-0.833449,-0.164622,0.100000,0.020000,1,0.272443
35.376808,14.940495,0.404214,593.595093,-259.736389,40.924728,42526.675781,-22260.025391,4210.622559,-0.479519,-0.877379,0.016343,0.100000,0.020000,1,0.588919
33.875435,16.238686,-1.345927,-49.430832,12.402007,-217.065979,-6237.419434,435.253754,-16953.621094,-0.657866,-0.416154,-0.627717,0.100000,0.020000,1,0.229540
34.262421,16.388851,0.134110,53.874557,0.817293,18.732571,3090.882568,-160.307007,1277.930420,-0.649228,-0.750579,0.123020,0.100000,0.020000,1,0.139108
33.726688,16.448008,-0.479897,-7.975868,29.379913,-55.092499,-2334.359619,2351.453613,-4900.362305,-0.464031,-0.872303,-0.154152,0.100000,0.020000,1,0.714833
36.234821,16.953035,-1.523338,576.466492,206.456543,-273.082703,19332.800781,4762.613770,-9570.816406,-0.588622,-0.458203,-0.666013,0.100000,0.020000,1,0.739052
33.283306,17.118891,0.057385,-239.029907,168.730347,-168.071487,-17292.794922,13890.737305,395.241211,-0.554365,-0.557431,0.618021,0.100000,0.020000,1,0.654261
34.481003,16.619585,-0.421058,136.447586,17.771862,25.313189,3790.020508,-1294.291748,299.826477,-0.524657,-0.632348,-0.569975,0.100000,0.020000,1,0.299152
33.958031,15.362631,0.656882,-193.647156,203.983826,-768.967163,-13991.534180,8932.093750,-47836.941406,-0.536681,-0.647603,0.540910,0.100000,0.020000,1,0.166548
33.837860,16.505552,0.647830,-32.315430,35.566422,32.595940,-4042.475342,3143.045166,2834.118652,-0.492939,-0.704307,0.510845,0.100000,0.020000,1,0.894255
34.004810,16.294737,-0.522170,114.341232,-11.007423,-24.695820,5935.400391,-699.866150,-1862.334351,-0.495761,-0.712129,-0.497085,0.100000,0.020000,1,0.702181
33.580418,17.512543,-0.547055,-83.770111,351.647186,-42.584064,-3097.531738,10289.910156,-1215.215088,-0.471731,-0.776812,-0.417173,0.100000,0.020000,1,0.723037
33.880257,16.863813,-0.154747,-20.065575,95.914307,-71.808884,-2633.814941,8182.875977,-5880.419922,-0.507937,-0.841180,0.185517,0.100000,0.020000,1,0.178541
33.745419,15.996256,-0.597470,-85.988510,90.820862,-207.680267,-7097.018555,4365.327148,-15303.124023,-0.449675,-0.889596,-0.080069,0.100000,0.020000,1,0.226675
33.117954,17.037365,0.118291,-164.607819,188.263763,-21.060051,-14698.968750,14929.761719,-1562.555420,-0.436530,-0.878851,0.192515,0.100000,0.020000,1,0.482436
34.430367,16.590677,0.137067,-39.637764,-116.868500,222.969269,-3690.682861,-7094.327148,14077.563477,-0.898630,-0.412043,0.150617,0.100000,0.020000,1,0.000952
34.545830,16.276255,0.547838,-152.168701,5.775516,213.793152,-10265.645508,391.332123,13138.395508,-0.642596,-0.311380,0.700081,0.100000,0.020000,1,0.736222
33.973946,16.254631,0.354245,235.825928,-133.883209,214.840302,-12776.565430,2692.110840,-10860.904297,-0.558808,-0.671879,0.486120,0.100000,0.020000,1,0.067414
33.976219,16.282494,-0.224381,-40.962227,-10.149801,-305.057190,-803.007080,585.979309,9730.703125,-0.480945,-0.810171,-0.335135,0.100000,0.020000,1,0.204343
33.858238,15.116048,0.808058,133.262756,10.763039,86.334602,4643.823242,-13764.250000,20553.488281,-0.451006,-0.781077,0.431871,0.100000,0.020000,1,0.993834
33.534622,15.645346,0.757504,-257.901855,128.955292,-62.008453,14748.325195,-4656.980957,1925.576416,-0.462461,-0.810552,0.359355,0.100000,0.020000,1,0.202226
33.744640,16.259943,-0.007695,322.321625,127.433014,214.257812,18702.050781,7808.763184,13136.150391,-0.439324,-0.893381,0.094148,0.100000,0.020000,1,0.372199
34.022106,15.874983,-0.000165,323.697205,-195.762726,-218.742218,19843.003906,-14012.348633,-12524.743164,-0.405801,-0.848559,-0.339518,0.100000,0.020000,1,0.375295
33.846970,16.374277,-0.342578,181.503830,-234.833618,524.392761,10259.864258,-14438.807617,32573.246094,-0.403837,-0.882948,-0.239412,0.100000,0.020000,1,0.047840
34.425209,17.230154,0.887346,170.841187,229.225769,224.124451,12231.067383,18514.478516,17491.337891,-0.359693,-0.928093,0.096245,0.100000,0.020000,1,0.177634
34.433155,16.468386,0.357707,59.265030,76.614761,26.690960,2932.191895,5307.723633,983.332214,-0.693564,-0.425732,0.581138,0.100000,0.020000,1,0.038640
34.625141,15.393213,0.446378,163.583710,-11.824951,-272.128235,11247.757812,-4384.459961,-17635.794922,-0.504746,-0.605806,0.615004,0.100000,0.020000,1,0.531567
33.906391,15.939436,-0.411722,27.016167,15.556137,2.270709,327.064392,-308.991241,277.328186,-0.415348,-0.765948,-0.490724,0.100000,0.020000,1,0.742966
33.214859,16.152622,0.800487,-71.138611,75.113571,94.111328,-8328.074219,4256.198242,8226.728516,-0.390195,-0.877070,0.280172,0.100000,0.020000,1,0.285148
33.979733,15.935092,0.459261,5.034645,2.240170,159.188416,-58.599571,-1212.260376,11943.899414,-0.352687,-0.935721,0.006196,0.100000,0.020000,1,0.638032
33.908787,16.175594,0.101348,-273.986694,-408.567810,-146.342133,-17994.431641,-26083.970703,-9462.765625,-0.342802,-0.923575,0.171746,0.100000,0.020000,1,0.658940
34.471691,15.548778,0.814408,217.555359,-67.142120,-327.180176,13359.431641,-7206.774902,-19853.068359,-0.569051,-0.448566,0.689180,0.100000,0.020000,1,0.712609
33.297455,16.224602,-0.181422,-88.152191,79.855804,55.914352,-9919.600586,4439.825684,4238.875488,-0.579969,-0.716114,-0.388351,0.100000,0.020000,1,0.153309
34.241653,16.309200,0.138731,342.093811,93.709900,-664.257202,21280.386719,5614.554688,-42580.222656,-0.582421,-0.744709,0.325876,0.100000,0.020000,1,0.154465
34.031651,16.288973,0.297479,-145.953949,-152.599426,116.612305,-9786.587891,-9354.009766,6930.729492,-0.360023,-0.821218,0.442701,0.100000,0.020000,1,0.740973
33.627693,15.761456,2.010221,-67.402008,-154.987091,721.655823,-1252.292480,1093.314453,21595.425781,-0.359741,-0.834747,-0.416874,0.100000,0.020000,1,0.578135
33.491444,15.952333,-0.254905,44.024162,12.229765,-21.542908,321.609741,-372.970154,-1473.311768,-0.324481,-0.911753,-0.251830,0.100000,0.020000,1,0.213240
34.768826,16.534567,0.520336,138.304657,52.714680,-35.470833,4290.838379,1705.312744,-1704.458862,-0.608808,-0.379579,0.696615,0.100000,0.020000,1,0.242459
34.979168,16.159470,-0.629734,652.316956,-325.072632,346.747742,43270.394531,-20880.484375,21802.621094,-0.519355,-0.525333,-0.674015,0.100000,0.020000,1,0.480639
34.254017,15.735512,-2.605656,-353.098633,-117.278137,-1021.575256,-22935.177734,-2279.418701,-44240.156250,-0.437664,-0.677219,-0.591460,0.100000,0.020000,1,0.364921
33.108269,16.170053,0.007241,-120.688934,94.267517,-74.115112,-11745.549805,5827.620605,-5991.340332,-0.305058,-0.883505,0.355468,0.100000,0.020000,1,0.555234
33.749966,16.143454,-0.048631,12.131308,-9.062914,-233.939911,-511.005249,-922.963928,-14376.672852,-0.315039,-0.936017,-0.156913,0.100000,0.020000,1,0.329030
35.031181,18.463072,-0.365723,326.034424,705.646240,-42.895477,24263.814453,23157.267578,-10957.008789,-0.265138,-0.961826,-0.067770,0.100000,0.020000,1,0.709851
33.886982,16.094240,-0.584276,52.725777,11.101011,-160.550385,2793.206787,288.403625,-12898.896484,-0.262955,-0.961011,0.085515,0.100000,0.020000,1,0.894238
33.760361,15.967175,0.117478,-74.688690,34.661781,-31.926235,-5737.640625,1273.020630,-1563.147705,-0.251907,-0.967697,0.010286,0.100000,0.020000,1,0.648281
32.858299,16.101072,-0.136882,-241.615631,-35.867233,-90.115356,503.771973,-6396.289062,-11473.083984,-0.473844,-0.580116,-0.662523,0.100000,0.020000,1,0.911925
33.461525,16.999596,0.264620,-277.315186,136.205597,211.587646,-11389.218750,1419.891602,13525.246094,-0.393472,-0.746959,0.535940,0.100000,0.020000,1,0.325542
33.971115,16.139454,-0.326500,-11.791058,41.680267,75.323318,733.370605,4210.251465,-929.532715,-0.328248,-0.808638,-0.488219,0.100000,0.020000,1,0.930574
34.162464,17.049709,0.266614,143.373520,239.890640,28.348106,915.348145,8889.731445,-1322.383789,-0.289454,-0.917130,0.274025,0.100000,0.020000,1,0.051720
33.412743,15.636188,-0.232081,201.291687,-36.538528,337.997284,10198.442383,-4556.456055,20998.541016,-0.243831,-0.955209,-0.167694,0.100000,0.020000,1,0.660684
33.926983,16.464735,-0.292592,35.466473,72.396393,-192.172729,1450.459473,5571.825684,-14288.469727,-0.492218,-0.768068,0.409626,0.100000,0.020000,1,0.175320
34.081108,16.081308,-0.482168,-296.987427,26.128307,-157.142792,-19444.623047,1185.446899,-9746.960938,-0.365056,-0.729291,-0.578678,0.100000,0.020000,1,0.801759
33.841492,16.077759,0.517400,69.704453,-164.404785,-548.039795,3268.955078,-10731.522461,-34118.062500,-0.275561,-0.851277,0.446535,0.100000,0.020000,1,0.319082
33.841225,16.064400,-0.054433,59.758087,36.713490,-201.345764,2937.164307,1656.594116,-12587.195312,-0.303796,-0.948241,-0.092446,0.100000,0.020000,1,0.264685
33.853409,16.077044,-0.448367,-441.244080,-382.412170,504.006348,-28771.083984,-24587.488281,31207.294922,-0.280421,-0.899355,-0.335446,0.100000,0.020000,1,0.299793
33.704941,15.963320,0.274110,51.565804,-4.000683,-32.223511,1981.503906,-1082.753052,-1639.836914,-0.229944,-0.952680,0.198811,0.100000,0.020000,1,0.550127
34.648846,15.851958,-0.424332,242.276794,-65.751343,-187.584717,17854.339844,-5303.028320,-14954.366211,-0.207566,-0.911637,0.354732,0.100000,0.020000,1,0.274614
34.376682,16.703922,-2.284588,178.928040,244.948502,-608.860901,6220.696777,6737.145996,-18344.876953,-0.205051,-0.944356,-0.257189,0.100000,0.020000,1,0.677838
33.528534,16.146278,-0.384856,-18.479332,29.982422,-17.418468,-3220.924805,1968.661133,-1514.295044,-0.200907,-0.927313,-0.315795,0.100000,0.020000,1,0.168772
33.352047,16.334242,0.850985,-107.828247,65.751328,165.680481,-10554.213867,5500.279785,12940.811523,-0.202063,-0.940432,0.273419,0.100000,0.020000,1,0.660364
33.983025,15.854259,-0.890870,50.223476,21.678528,-269.413818,924.418457,476.078796,-8380.613281,-0.160435,-0.981957,0.100105,0.100000,0.020000,1,0.777096
33.675678,15.592262,0.407419,-162.978149,206.463699,-172.308578,-13636.421875,10382.546875,-11799.992188,-0.499537,-0.517230,0.694936,0.100000,0.020000,1,0.612123
33.686005,15.498361,0.811120,104.771507,25.229786,-185.509293,4253.807129,-1197.535400,-10626.751953,-0.340010,-0.715396,0.610411,0.100000,0.020000,1,0.593706
34.555130,15.089247,1.114612,284.273468,-123.062714,144.725586,19561.884766,-12253.998047,11807.373047,-0.300374,-0.796054,0.525427,0.100000,0.020000,1,0.535357
33.905396,15.565962,-0.005641,417.388977,-169.430420,-470.611755,26156.142578,-12867.964844,-29100.199219,-0.128690,-0.977631,-0.166365,0.100000,0.020000,1,0.651502
35.568302,17.094500,-0.283490,557.723389,277.670410,-56.726070,27861.222656,21929.033203,1921.189941,-0.128351,-0.988220,-0.083354,0.100000,0.020000,1,0.739532
33.220074,15.672476,0.031209,-297.990662,-137.976547,-164.296783,-7984.649414,-2587.424072,-4547.292969,-0.452254,-0.570695,0.685400,0.100000,0.020000,1,0.896587
34.160030,16.203970,-0.729175,-37.804207,1.087772,165.149231,-3151.261963,146.953888,9885.739258,-0.399803,-0.632104,-0.663779,0.100000,0.020000,1,0.265788
33.873470,15.691370,1.849778,41.688278,0.768864,307.258728,1603.705444,-1718.370972,25161.542969,-0.230826,-0.822760,0.519408,0.100000,0.020000,1,0.601126
33.841202,15.853717,-0.522609,32.010029,2.363523,6.288579,910.725220,-935.826599,112.125351,-0.224447,-0.834924,-0.502519,0.100000,0.020000,1,0.522563
34.837109,15.978560,0.194143,289.920044,16.641077,126.824326,21653.845703,572.394226,10349.838867,-0.172401,-0.897594,-0.405712,0.100000,0.020000,1,0.529539
35.396961,15.035308,-0.411284,413.925598,-223.210602,-196.508850,32175.511719,-18434.267578,-14856.173828,-0.117281,-0.973940,0.194129,0.100000,0.020000,1,0.144892
33.639233,16.359777,-0.165071,25.208614,129.672729,6.735737,264.567749,9396.526367,630.609070,-0.115237,-0.964678,-0.236891,0.100000,0.020000,1,0.424978
34.316364,16.200033,0.692613,138.738647,30.644638,79.711044,9924.615234,2450.825928,6291.435547,-0.157116,-0.887858,0.432461,0.100000,0.020000,1,0.686825
34.040470,15.870001,0.062303,25.917404,7.508056,-7.580528,1994.814941,-283.020294,-1232.910645,-0.095719,-0.958508,0.268515,0.100000,0.020000,1,0.656734
34.024796,15.991669,-0.160971,62.551575,18.160805,-16.266811,4442.930176,997.977966,-1408.116211,-0.050743,-0.995732,-0.077091,0.100000,0.020000,1,0.680686
34.039101,16.062346,0.210798,-211.748383,-141.338791,774.233887,-13682.388672,-9442.008789,48188.046875,-0.301003,-0.859263,0.413599,0.100000,0.020000,1,0.215251
34.018715,15.829590,0.330472,-1008.109497,461.737488,-205.868530,-63432.328125,28292.152344,-12916.496094,-0.085575,-0.934781,0.344763,0.100000,0.020000,1,0.897138
33.737602,15.944142,0.005719,66.179520,-67.580032,179.996307,3504.761963,-4569.899902,11300.490234,-0.037118,-0.999058,0.022467,0.100000,0.020000,1,0.427878
33.276787,15.498148,0.226514,217.666977,-111.609467,186.707962,11152.157227,-9156.955078,12396.901367,-0.022675,-0.995809,0.088598,0.100000,0.020000,1,0.696042
32.048092,16.921535,0.669850,-382.530273,306.528992,114.248291,-31961.121094,23256.408203,9035.113281,-0.015480,-0.965982,0.258144,0.100000,0.020000,1,0.132435
34.647533,14.840925,-0.362140,-334.940857,248.098969,391.715668,-17999.958984,10869.099609,23774.183594,-0.006586,-0.988853,-0.148751,0.100000,0.020000,1,0.287906
33.338642,17.173487,1.575404,-98.269897,414.263733,418.599823,-2937.732666,8263.831055,15067.388672,-0.404468,-0.660309,0.632769,0.100000,0.020000,1,0.118004
34.372585,16.728186,-0.731089,181.286316,176.664734,-56.366714,12389.208984,13675.840820,-4342.045410,-0.196887,-0.787350,-0.584222,0.100000,0.020000,1,0.484501
33.559952,15.532126,-0.491652,105.750664,12.843372,765.307068,4840.404785,-1171.324219,44586.132812,-0.070893,-0.894781,0.440841,0.100000,0.020000,1,0.987944
34.546505,15.554545,0.997322,205.902191,-101.778214,396.199158,15431.677734,-8389.629883,30458.675781,-0.073697,-0.937763,-0.339365,0.100000,0.020000,1,0.176245
33.590717,15.751607,-0.096826,129.666824,-52.195724,-309.583069,6834.933594,-4233.182617,-18969.908203,-0.003375,-0.966083,-0.258210,0.100000,0.020000,1,0.626465
33.286449,16.075239,0.772219,-47.958618,64.308578,62.529541,-6248.606445,4266.978027,5202.586914,-0.115538,-0.845309,0.521636,0.100000,0.020000,1,0.644687
33.442947,15.483703,-2.385506,-30.923649,56.607506,-622.404480,-1568.278931,206.083069,-14185.428711,0.010972,-0.932113,0.362002,0.100000,0.020000,1,0.201033
33.627995,15.702594,-0.494146,182.491348,-145.034988,-175.540619,10275.449219,-10202.814453,-11902.419922,0.014019,-0.944274,-0.328861,0.100000,0.020000,1,0.541212
33.261299,17.058519,-0.409419,-65.678238,389.003296,-166.335876,-5682.422363,27384.451172,-17506.138672,0.077896,-0.991125,0.107719,0.100000,0.020000,1,0.567797
34.134937,15.369529,0.532207,103.607819,-140.096115,-25.066795,4588.974609,-6171.803223,-2319.414307,-0.255156,-0.742825,0.618956,0.100000,0.020000,1,0.326965
34.079582,15.896117,1.281208,56.387543,-27.219383,142.891357,3307.387939,-2337.631104,12058.152344,-0.170565,-0.771731,0.612649,0.100000,0.020000,1,0.838755
33.683102,15.886477,0.540741,18.010986,-14.656754,36.811577,-258.435791,-1280.425781,2671.893311,-0.044182,-0.861539,0.505765,0.100000,0.020000,1,0.912495
34.866619,16.070824,-0.503789,285.843079,98.721466,-173.763062,22143.875000,6750.415039,-13785.557617,0.038511,-0.981327,0.188451,0.100000,0.020000,1,0.335275
32.717743,15.901003,-0.110182,-545.332642,353.179260,-182.094269,-25577.677734,14410.108398,-11744.359375,0.091900,-0.967346,-0.236212,0.100000,0.020000,1,0.503772
33.912579,16.154940,-1.241595,146.479736,129.339233,-254.478668,12994.392578,814.380371,-22496.906250,0.102524,-0.983106,-0.151631,0.100000,0.020000,1,0.586250
33.599731,15.870238,-0.049790,151.757828,-432.401550,83.411476,8534.375977,-27403.066406,4994.827637,0.103906,-0.994451,0.016431,0.100000,0.020000,1,0.632142
33.246761,17.270016,0.051460,-217.810242,389.778748,155.144226,-16956.789062,30051.287109,11920.185547,-0.037941,-0.861695,-0.506007,0.100000,0.020000,1,0.626341
33.694092,16.029030,-0.384825,28.552179,-47.788307,16.089523,596.337402,-2804.989014,1059.639404,-0.035950,-0.898654,-0.437183,0.100000,0.020000,1,0.412397
33.434128,16.645432,0.082031,-377.273102,467.293335,205.859924,-20147.371094,20959.748047,8607.310547,0.035892,-0.906400,-0.420893,0.100000,0.020000,1,0.710740
34.078781,15.804528,0.301474,40.893929,-86.195755,-94.160172,1395.338257,-6937.457520,-7322.488770,-0.386002,-0.602861,0.698256,0.100000,0.020000,1,0.347305
34.605560,15.581994,-0.848111,148.289856,-22.180695,-112.144073,11202.970703,-3283.265625,-8171.957031,-0.169820,-0.742023,-0.648508,0.100000,0.020000,1,0.498878
33.318863,15.569094,0.585633,-19.033890,53.910473,-118.072685,-4443.409668,1656.741577,-7289.027832,-0.093691,-0.791284,0.604227,0.100000,0.020000,1,0.804589
33.868660,15.671227,0.372222,-473.714905,-171.094833,-791.611511,-30239.148438,-11766.902344,-50060.570312,0.053783,-0.898184,0.436318,0.100000,0.020000,1,0.989865
33.595543,16.818678,0.090688,-162.950409,178.859131,-163.438309,-8304.939453,5450.884277,-2422.660645,0.117774,-0.951311,0.284844,0.100000,0.020000,1,0.466866
33.567612,15.898692,0.321054,33.620697,-65.428238,-56.538712,895.105957,-4016.389893,-2981.543457,0.123556,-0.972051,0.199629,0.100000,0.020000,1,0.353853
33.571541,15.902052,-0.320659,181.607605,-152.072845,-0.294806,10128.177734,-9399.502930,-107.345596,0.127524,-0.934941,-0.331092,0.100000,0.020000,1,0.449054
33.934929,15.716604,0.684083,12.452013,4.666721,-5.794895,-711.486755,-1367.494629,-132.203232,-0.307517,-0.650326,0.694629,0.100000,0.020000,1,0.978157
33.673038,16.039225,-0.402338,-31.920448,-204.547180,-6.820905,2635.328857,10154.166016,128.803589,-0.101232,-0.841125,-0.531282,0.100000,0.020000,1,0.255823
33.854900,15.270857,-0.589488,-227.303101,177.561707,190.996780,12380.540039,6886.092773,-9287.611328,0.057228,-0.869883,-0.489927,0.100000,0.020000,1,0.927460
34.780399,14.583636,-0.709960,377.647491,-138.480179,-287.400726,1125.531738,-17608.478516,-8304.359375,0.148806,-0.923811,0.352747,0.100000,0.020000,1,0.402521
34.331997,15.025863,0.626932,552.134399,-263.216888,157.775742,-28990.962891,15257.201172,-9546.976562,0.214153,-0.976621,0.018710,0.100000,0.020000,1,0.116171
33.727486,15.660452,-0.206397,-26.689899,4.275194,12.987787,1670.656982,135.645813,-698.269775,0.209818,-0.945741,-0.248093,0.100000,0.020000,1,0.516797
32.616325,15.833064,1.956430,-162.540070,132.773834,484.991364,11493.442383,-6783.452148,-28902.718750,0.217063,-0.937902,0.270599,0.100000,0.020000,1,0.906480
36.179546,13.775838,-1.666900,714.656494,-241.088409,-265.299835,339.724609,-35764.652344,-2148.028564,-0.316655,-0.663587,-0.677777,0.100000,0.020000,1,0.151422
33.921555,15.836706,-0.771859,-8.774260,-85.346268,94.472656,1932.890381,5578.826660,-6373.242676,-0.074290,-0.791491,-0.606649,0.100000,0.020000,1,0.201105
32.931057,16.593597,0.914553,-251.374268,273.033905,165.754272,-11388.641602,9294.744141,4208.959473,0.003268,-0.803581,0.595187,0.100000,0.020000,1,0.582264
33.379288,15.476485,-1.226415,-556.478882,346.712952,-54.475021,-33335.667969,18413.906250,6896.064453,0.214337,-0.917183,-0.335909,0.100000,0.020000,1,0.877564
34.204010,15.818659,-0.085863,93.851410,88.488403,24.588070,7467.702148,5781.154297,497.197021,0.234203,-0.954585,0.184165,0.100000,0.020000,1,0.112096
33.660637,15.420762,-1.298266,5.925611,41.117798,-168.593750,-328.846954,1138.678345,-15497.896484,0.239207,-0.959215,-0.150623,0.100000,0.020000,1,0.361149
33.547600,15.612179,0.440566,133.864182,-63.026260,-604.245850,7323.385254,-4455.170410,-36703.968750,0.287077,-0.951905,0.107064,0.100000,0.020000,1,0.344618
33.999733,15.726051,0.826101,-60.953659,68.741936,-211.878632,-4854.498535,2925.606689,-12545.285156,-0.234731,-0.680424,0.694208,0.100000,0.020000,1,0.999510
35.612213,15.132792,-2.426900,515.669067,-218.691833,-501.814117,12216.211914,-4150.262695,-13831.216797,-0.219069,-0.698969,-0.680773,0.100000,0.020000,1,0.070368
34.584789,15.853406,-0.905039,144.478531,182.370544,-106.830795,11640.309570,7611.953125,-7673.151855,-0.081320,-0.754867,-0.650818,0.100000,0.020000,1,0.420600
33.911118,15.829726,-0.669519,18.872871,19.581263,78.774673,635.747070,867.179626,4384.751465,-0.003004,-0.811130,-0.584858,0.100000,0.020000,1,0.072859
33.914738,15.782882,0.121383,-153.313965,-1.906021,-299.252350,-9344.101562,-351.309235,-18123.818359,0.168218,-0.983384,-0.068258,0.100000,0.020000,1,0.089764
33.753456,16.355400,0.211272,149.548492,22.491135,-22.585232,8928.245117,3915.266846,-1870.222412,0.229564,-0.907696,0.351266,0.100000,0.020000,1,0.714744
35.862087,16.083675,-0.039255,621.398743,76.647430,-55.426201,22886.332031,7827.415527,-2157.590332,0.298606,-0.935081,0.190940,0.100000,0.020000,1,0.734621
34.144341,15.098786,0.611817,-175.411438,146.098358,273.590363,7860.246582,-5671.218750,-15312.916992,0.316408,-0.948543,0.012322,0.100000,0.020000,1,0.685952
33.202049,15.564445,-0.621464,71.057907,-19.950119,259.956635,-1374.438843,1756.199341,-12706.596680,0.088389,-0.818174,-0.568136,0.100000,0.020000,1,0.989029
33.715775,15.198297,-0.877841,-167.240326,148.236679,-277.877899,-29390.785156,5953.794922,-10251.683594,0.151265,-0.843230,0.515831,0.100000,0.020000,1,0.598012
31.572947,16.523054,-2.605481,-563.973633,352.153625,-641.705383,34577.714844,-19559.314453,38095.878906,0.163421,-0.884908,-0.436156,0.100000,0.020000,1,0.164234
34.001068,15.266222,-0.418430,166.995224,-124.892487,-1.787415,7217.120117,-1650.501953,1866.642578,0.159403,-0.848111,-0.505271,0.100000,0.020000,1,0.087308
33.559986,15.804230,0.320633,132.447388,-20.610996,-276.878479,7178.691406,-848.739075,-17155.062500,0.305855,-0.913163,0.269418,0.100000,0.020000,1,0.803219
33.404549,15.673463,-0.228682,233.350433,-120.857941,8.505559,12940.262695,-7688.904297,451.663818,0.318347,-0.919569,-0.230320,0.100000,0.020000,1,0.596446
33.997929,15.221435,-0.279734,526.553833,-285.549561,321.276184,33983.386719,-20210.068359,18720.056641,0.268074,-0.957851,0.103234,0.100000,0.020000,1,0.159786
33.538746,15.642266,-0.557753,142.410522,-68.709000,180.204712,7510.697266,-4719.375977,10575.187500,0.246462,-0.880380,-0.405200,0.100000,0.020000,1,0.232779
32.969707,17.574728,-0.221275,-225.254883,450.437714,-302.962952,-9057.115234,9861.406250,-14007.779297,0.332024,-0.879373,0.341266,0.100000,0.020000,1,0.592051
34.394951,15.224807,-0.373525,157.002655,-448.300537,315.390076,12154.946289,-30094.591797,19598.951172,0.339961,-0.880135,-0.331345,0.100000,0.020000,1,0.319954
33.620022,15.402538,-0.133603,-160.178345,-235.477203,132.597504,-9312.658203,-13084.925781,9464.242188,0.421441,-0.906738,0.014636,0.100000,0.020000,1,0.967640
32.894829,16.026152,-0.389351,-165.744659,150.485382,28.519978,-15883.234375,9241.327148,2557.140869,-0.236624,-0.738970,-0.630819,0.100000,0.020000,1,0.111206
33.389919,16.375824,0.474203,-104.418365,145.433456,-8.565649,-9238.764648,9309.849609,-701.613953,-0.069928,-0.728187,0.681801,0.100000,0.020000,1,0.909274
33.884720,15.707629,0.670754,-413.744263,176.136780,-34.613495,-26536.257812,10612.582031,-1446.961426,0.111579,-0.830024,0.546452,0.100000,0.020000,1,0.244150
34.341751,15.027094,3.205522,240.622681,-81.286606,1059.664551,14436.135742,-6591.126465,45742.648438,0.246448,-0.828825,-0.502307,0.100000,0.020000,1,0.831672
33.669090,15.550217,-0.401743,-111.831421,-210.414612,-30.914505,-7738.165527,-13458.334961,-2726.422852,0.413395,-0.878587,-0.239144,0.100000,0.020000,1,0.177331
33.932594,15.797064,0.342946,-366.734894,-215.475403,-142.799164,-22742.060547,-12744.528320,-8543.208008,0.412178,-0.874763,0.254752,0.100000,0.020000,1,0.691629
33.672337,15.693248,-0.051469,42.725197,-190.757172,60.026154,2098.192383,-11588.687500,4142.592285,0.427853,-0.891230,-0.150502,0.100000,0.020000,1,0.414959
34.106445,16.157608,0.294237,-39.004601,165.299896,90.732056,-2767.207520,11108.707031,4353.126465,-0.140148,-0.711170,0.688909,0.100000,0.020000,1,0.184342
33.932800,15.480108,-0.048678,-154.432129,130.692673,-489.160645,-10431.726562,6561.958008,-28555.222656,0.007733,-0.744155,-0.667962,0.100000,0.020000,1,0.461386
33.544888,15.592868,-0.529343,247.343903,-117.440643,-183.955109,13724.844727,-8121.174316,-11598.184570,0.172292,-0.789687,-0.588820,0.100000,0.020000,1,0.301252
33.449619,15.604515,0.342206,-96.648193,83.684174,251.209656,-7972.129395,5123.595215,15638.208984,0.334853,-0.835242,0.436170,0.100000,0.020000,1,0.713392
33.588139,15.436662,-1.518906,39.249332,2.926579,-310.776062,1216.070679,-663.491821,-24379.705078,0.340973,-0.841449,-0.419166,0.100000,0.020000,1,0.971591
33.523487,15.547174,0.001672,147.311035,-63.689697,-82.021057,8061.652344,-4411.416016,-4507.041504,0.370873,-0.911953,-0.175486,0.100000,0.020000,1,0.224576
33.197109,15.698973,-3.319168,-167.688446,122.546997,-947.265625,-13140.565430,8229.463867,-73333.484375,0.435200,-0.896110,-0.087111,0.100000,0.020000,1,0.350614
33.834808,15.188567,0.293091,82.589905,-29.805954,62.459816,5261.017090,-3469.471924,4432.020020,0.440789,-0.876271,0.194563,0.100000,0.020000,1,0.719886
33.642616,15.765647,0.588515,85.048080,14.209734,246.248962,3587.996338,-398.834290,19846.248047,-0.170318,-0.856187,-0.487787,0.100000,0.020000,1,0.170124
33.986122,16.034670,0.566178,113.076828,123.730164,-119.137817,7043.177734,8980.489258,-7452.837891,0.174691,-0.774268,0.608269,0.100000,0.020000,1,0.788449
34.403568,15.589562,1.265601,89.190674,136.719116,399.246460,7922.027344,8695.909180,31711.732422,0.421722,-0.847098,-0.323381,0.100000,0.020000,1,0.078198
33.755859,15.292555,2.504209,-77.084389,80.081146,525.031921,-5310.053223,3894.490723,42302.289062,0.422079,-0.838431,0.344794,0.100000,0.020000,1,0.768555
33.763203,15.265547,0.101540,-346.845551,228.926819,-768.200928,-22092.853516,13227.739258,-48445.945312,0.456704,-0.883892,0.100777,0.100000,0.020000,1,0.263564
33.230183,15.478655,-0.905825,-65.454018,52.228088,-176.064697,-5469.766602,116.306641,-15173.529297,0.500517,-0.851678,-0.155330,0.100000,0.020000,1,0.588688
34.087166,14.983875,-2.014560,202.670349,-93.933510,-562.170898,1537.001953,-1054.187988,34095.679688,0.508620,-0.854557,0.105068,0.100000,0.020000,1,0.293245
33.242065,15.471795,0.320828,-43.781158,45.935989,120.673103,3738.809326,-1704.519531,-7145.973145,0.325299,-0.940552,-0.097685,0.100000,0.020000,1,0.136101
33.613304,15.646808,-0.196331,-56.403755,-83.686745,262.954956,3346.946533,4113.618652,-12791.048828,0.396331,-0.915328,-0.071391,0.100000,0.020000,1,0.174110
34.441956,14.779037,-0.394113,266.360016,-136.618195,78.533272,5535.410156,-7097.478516,1329.237305,0.347688,-0.800427,-0.488293,0.100000,0.020000,1,0.454196
33.951935,15.366522,0.076546,-250.536316,-8.379784,-52.793549,12220.210938,766.683838,1850.726318,0.507594,-0.828487,-0.236553,0.100000,0.020000,1,0.328851
33.681850,15.471305,-0.088957,42.102936,-119.230515,86.896774,-2488.756104,5266.738281,8003.713867,0.524703,-0.848256,-0.071757,0.100000,0.020000,1,0.239025
33.000538,15.807631,-1.212552,-156.552795,106.263062,-412.424561,10082.728516,-6185.411621,24384.890625,0.518912,-0.833422,0.190098,0.100000,0.020000,1,0.777327
33.564720,15.285510,-0.220310,1.194454,46.254025,183.521744,-5818.731934,-7586.999023,10652.349609,0.095858,-0.748152,-0.656567,0.100000,0.020000,1,0.604578
34.523598,15.057843,-0.011407,331.077515,-320.003754,447.204163,-18031.945312,17706.210938,-23760.953125,0.256087,-0.771981,-0.581777,0.100000,0.020000,1,0.330934
35.123848,16.883835,1.383651,393.047607,409.708832,243.216461,-22749.193359,-23751.738281,-14474.108398,0.256792,-0.766229,0.589025,0.100000,0.020000,1,0.662980
33.899288,15.605734,0.392706,-83.296951,-6.456285,-25.244606,4251.428223,707.497437,1383.841431,0.216092,-0.848148,0.483682,0.100000,0.020000,1,0.058410
32.632996,15.823440,-0.495016,-201.053879,220.393219,-195.033264,-18315.406250,-10918.808594,-7863.538086,0.440517,-0.782281,0.440433,0.100000,0.020000,1,0.859360
34.127884,15.878986,0.857845,-574.472961,-191.465927,-422.574127,28694.330078,9555.401367,20506.320312,0.010876,-0.719493,0.694414,0.100000,0.020000,1,0.958387
33.558117,15.547334,0.484940,162.118958,-82.629776,122.762863,-6716.217773,4794.905762,-5798.701660,0.111240,-0.729732,0.674624,0.100000,0.020000,1,0.702751
33.980190,16.303263,0.758631,78.446045,208.209229,85.622665,-4094.409424,-12122.899414,-5178.431152,0.295605,-0.829503,0.473859,0.100000,0.020000,1,0.215482
33.995537,15.126289,-0.160655,-56.492050,59.741158,-258.942719,5788.851562,11542.371094,17510.150391,0.284487,-0.791571,0.540817,0.100000,0.020000,1,0.303512
33.780598,15.160872,0.722475,-173.643372,100.426956,-336.382843,-11704.976562,4470.560547,-20240.060547,0.364353,-0.763018,0.533901,0.100000,0.020000,1,0.310986
32.987198,15.618942,-1.145555,-56.162224,84.331207,-301.653320,-11214.058594,8735.208008,-14759.644531,0.434759,-0.758076,-0.486113,0.100000,0.020000,1,0.641804
34.552082,17.394051,-1.349832,189.844055,634.480713,-521.992554,-11326.963867,-36972.195312,30638.603516,0.521254,-0.776692,0.353614,0.100000,0.020000,1,0.507366
33.799599,15.342896,0.105283,-372.375305,64.668060,-204.000198,-23663.642578,3903.207520,-12809.877930,0.615984,-0.781544,0.098751,0.100000,0.020000,1,0.566604
34.244038,15.115705,-0.458247,-351.120850,23.589283,721.861267,-20455.968750,370.463104,43891.578125,0.619190,-0.782623,-0.064072,0.100000,0.020000,1,0.576231
34.562794,15.039260,0.635179,189.136841,-57.165787,150.162598,14984.064453,-5042.797852,12058.777344,0.620710,-0.783796,0.019574,0.100000,0.020000,1,0.966235
33.772648,15.938537,0.397046,80.801590,-112.893829,217.714783,3955.480469,-6591.191895,12981.985352,0.102437,-0.761326,0.640226,0.100000,0.020000,1,0.069069
34.531910,16.343103,-1.103323,229.983139,268.361542,-35.022728,8836.679688,8484.660156,885.291992,0.195984,-0.728733,-0.656154,0.100000,0.020000,1,0.642587
33.951569,15.557488,-0.521241,10.691950,-14.312428,26.399277,584.642029,-1087.459106,1666.191772,0.342155,-0.742141,-0.576330,0.100000,0.020000,1,0.371719
32.714718,15.876691,1.611130,-330.576294,98.514259,334.027710,-11272.294922,615.527344,-2075.289062,0.431426,-0.739475,0.516767,0.100000,0.020000,1,0.687056
33.562958,15.542233,-0.220115,61.375473,-27.208744,25.608452,2456.182861,-1370.472412,2268.287842,0.514575,-0.749837,-0.415881,0.100000,0.020000,1,0.446438
35.176529,15.389688,2.211419,414.245361,-26.470917,896.987183,9674.718750,11530.427734,11198.156250,0.537371,-0.773542,-0.335955,0.100000,0.020000,1,0.517812
33.965305,15.299517,-0.195140,79.306427,-687.349487,265.049133,5434.680664,-43755.703125,16860.652344,0.602651,-0.757726,-0.250324,0.100000,0.020000,1,0.414052
33.555519,15.446247,0.233499,169.568573,-89.224426,23.980350,9401.458008,-5385.328613,1481.849487,0.601476,-0.753090,0.266612,0.100000,0.020000,1,0.773199
33.980625,15.434117,0.205106,-89.683746,-558.643738,-67.600952,-5129.255371,-35018.117188,-4137.004883,0.618874,-0.761563,0.192395,0.100000,0.020000,1,0.699049
34.792210,15.803174,-0.205963,79.667328,110.189514,126.766678,8408.306641,7877.125977,4906.944824,0.356425,-0.723565,0.591113,0.100000,0.020000,1,0.745404
35.792107,14.065391,0.559731,565.561218,-306.567902,426.835602,13304.986328,-7315.570312,21064.125000,0.600362,-0.732391,-0.321198,0.100000,0.020000,1,0.428430
33.900185,15.496656,-0.216394,-100.898376,-104.596924,-124.960220,-6394.183594,-6663.250488,-7117.420898,0.461170,-0.768774,-0.443068,0.100000,0.020000,1,0.148095
34.019363,15.166532,0.476921,-124.813049,82.054977,-117.009842,-7379.479004,4351.589355,-6723.035156,0.609411,-0.710430,0.352006,0.100000,0.020000,1,0.689422
33.349377,15.569223,-1.225743,-97.585785,80.881104,-257.706726,-9593.109375,6074.349609,-19799.548828,0.683982,-0.712737,-0.155483,0.100000,0.020000,1,0.229789
34.688148,14.923878,-1.239005,209.370972,-68.863480,-280.602539,16608.994141,-5936.762207,-23619.949219,0.679689,-0.707582,0.193263,0.100000,0.020000,1,0.845018
33.577515,15.493907,-0.702983,-50.475479,-623.425903,21.360725,-4387.868652,-38509.324219,-1289.085083,0.696349,-0.713290,-0.079470,0.100000,0.020000,1,0.871799
33.858864,15.245691,0.264836,-208.771118,-134.894089,-382.689667,-13196.437500,-8695.764648,-23088.527344,0.700535,-0.713541,0.010480,0.100000,0.020000,1,0.511032
33.531994,17.622892,-1.270907,-112.966034,651.548401,-296.327087,-7113.909668,32853.382812,-7437.325195,0.531063,-0.694797,-0.485004,0.100000,0.020000,1,0.521887
32.592224,16.036047,-0.947637,-311.275330,162.937805,-129.309387,-25196.580078,13071.338867,-10587.035156,0.596031,-0.692629,-0.406216,0.100000,0.020000,1,0.376488
33.237095,15.583249,0.218576,-396.311462,114.280411,78.563065,-27758.080078,8443.270508,6798.751465,0.687379,-0.683685,-0.245123,0.100000,0.020000,1,0.861994
34.218628,14.967576,1.341834,300.600891,-155.490936,-84.710312,12454.167969,-8842.478516,-5054.717773,0.179593,-0.707036,0.683993,0.100000,0.020000,1,0.170124
36.277351,14.458775,1.574798,679.333984,-200.490845,455.727295,-40622.523438,12593.016602,-27005.900391,0.601893,-0.798185,0.025017,0.100000,0.020000,1,0.038961
31.970375,16.206005,-2.409495,-516.266541,364.977814,-855.011475,-16986.539062,-4589.546875,-21543.291016,0.518180,-0.680937,0.517508,0.100000,0.020000,1,0.719513
35.900887,13.980883,0.508396,326.360992,-175.042847,41.947365,-21652.291016,12470.845703,-2415.513672,0.607846,-0.665757,0.432772,0.100000,0.020000,1,0.943707
33.786064,15.205206,-0.118626,360.128143,-193.529007,-213.489502,-1314.865723,37040.070312,13515.437500,0.680612,-0.662009,-0.313865,0.100000,0.020000,1,0.635469
33.963821,15.245276,0.453044,-383.665771,10.729330,206.339203,-23962.996094,550.004395,13928.413086,0.696291,-0.668341,0.261724,0.100000,0.020000,1,0.478699
33.503326,15.642503,-0.856664,-8.196976,25.453484,-64.707581,-2759.540283,1556.921753,-5148.169922,0.260341,-0.699250,-0.665787,0.100000,0.020000,1,0.539325
33.920219,15.557969,0.725074,-171.274292,-162.938629,-122.635147,-11151.006836,-10034.341797,-6998.290039,0.432321,-0.668379,0.605283,0.100000,0.020000,1,0.758430
34.264236,15.178452,0.225715,-547.487732,-198.971252,-283.481445,-32947.871094,-12898.805664,-17294.250000,0.722740,-0.685102,0.091008,0.100000,0.020000,1,0.355383
33.965500,15.272099,-0.088909,178.546204,-66.800980,-61.033539,-5732.281250,6813.222168,-6055.342285,0.678319,-0.640529,0.360007,0.100000,0.020000,1,0.719104
33.936214,15.730126,-0.295096,-466.994446,-449.609253,-402.965881,23195.730469,23142.507812,21028.033203,0.015249,-0.999406,0.030909,0.100000,0.020000,1,0.004920
34.271412,14.877501,1.928015,262.653198,-132.816345,422.419861,-1410.412109,-3522.070312,11977.011719,0.254435,-0.686606,0.681055,0.100000,0.020000,1,0.493451
33.779701,15.415275,-1.308442,-534.494263,-104.581207,-36.353333,27191.609375,4863.449707,4384.283691,0.670587,-0.623246,-0.402340,0.100000,0.020000,1,0.491920
33.644569,15.305468,-0.406510,188.778290,-210.493317,48.023270,10826.868164,-12820.600586,1321.215698,0.776430,-0.630196,0.002982,0.100000,0.020000,1,0.252620
32.601147,16.296328,1.774155,-323.608887,309.289307,441.724213,-13739.031250,11452.679688,14058.288086,0.752690,-0.606747,0.255572,0.100000,0.020000,1,0.707947
34.171906,15.049656,-0.101621,-486.900696,112.838821,173.120178,-29641.623047,6532.959473,10826.046875,0.777257,-0.623342,-0.085531,0.100000,0.020000,1,0.305861
33.910622,15.399747,-0.221285,785.160645,-1851.053223,105.173218,49493.839844,-115956.976562,5005.053223,0.772522,-0.606657,0.187557,0.100000,0.020000,1,0.315168
34.038361,15.487858,-0.595947,-28.775753,-5.471813,-3.007401,-1803.722778,-655.991577,-187.505951,0.353819,-0.663138,-0.659591,0.100000,0.020000,1,0.430512
34.306885,14.921535,-0.174723,60.633499,-190.148727,173.450104,295.223633,-6459.618164,6522.327637,0.449491,-0.669940,-0.590879,0.100000,0.020000,1,0.393072
34.103935,15.253528,-0.114809,-686.568420,-225.503235,-171.111145,-42636.679688,-14878.904297,-13037.975586,0.550467,-0.693335,0.465050,0.100000,0.020000,1,0.044192
34.157547,15.425571,-0.765298,12.854271,7.535412,-4.831478,-912.420776,978.376099,975.918579,0.510677,-0.635377,-0.579228,0.100000,0.020000,1,0.431081
33.689850,15.254246,0.282072,169.512344,-151.721512,-7.471098,2023.592773,9490.671875,-4702.916992,0.791842,-0.602874,0.097612,0.100000,0.020000,1,0.218810
34.017349,15.254604,0.659079,-248.829895,-279.660522,-462.606140,12440.917969,14445.191406,22827.488281,0.498938,-0.620898,0.604604,0.100000,0.020000,1,0.649616
33.775162,20.064573,-0.465199,56.739319,1438.919678,-113.967468,-2559.739258,-84918.171875,6529.548340,0.690685,-0.701321,-0.176360,0.100000,0.020000,1,0.166797
34.465275,14.765574,0.299035,233.514435,-57.445847,120.908554,-478.660645,-24064.804688,5908.986328,0.837117,-0.542433,-0.070719,0.100000,0.020000,1,0.928385
33.873474,15.292695,-0.541261,22.319401,-86.793839,104.250931,-3804.210205,17289.423828,-232.799316,0.663308,-0.571792,-0.482780,0.100000,0.020000,1,0.891551
33.766731,15.214401,-0.137375,93.654770,-62.944851,-360.544250,7347.251953,28518.396484,11523.144531,0.761505,-0.555583,-0.333824,0.100000,0.020000,1,0.393713
34.045368,15.226742,-0.000841,-124.317108,-299.446838,-334.212830,6006.271484,14663.674805,16297.086914,0.829515,-0.532008,-0.169918,0.100000,0.020000,1,0.743500
33.728882,15.190732,0.116937,-16.803102,15.847541,130.623917,-3674.626221,-1269.130005,8399.068359,0.833084,-0.522139,0.182597,0.100000,0.020000,1,0.749230
33.866081,15.878442,-0.309380,115.882645,-1062.497437,-398.310791,6589.267578,-65416.964844,-23969.078125,0.429566,-0.624404,-0.652375,0.100000,0.020000,1,0.324474
34.408241,17.262405,-0.827933,89.927979,616.009705,-340.425964,5734.033691,20621.357422,-8023.487305,0.611233,-0.727171,0.312435,0.100000,0.020000,1,0.139571
34.366241,15.267268,0.440644,103.729828,3.435569,19.536282,8128.449707,251.139160,1337.775269,0.675419,-0.576725,0.459562,0.100000,0.020000,1,0.078571
33.674129,16.146320,-0.349889,-301.688263,94.325241,-66.283783,-20569.484375,9332.506836,-7900.759766,0.574587,-0.560277,0.596606,0.100000,0.020000,1,0.657090
36.770378,13.528637,-0.130312,702.468750,-399.717285,104.247559,-42559.144531,24882.115234,-6298.815918,0.584368,-0.561312,-0.586040,0.100000,0.020000,1,0.172669
34.286469,14.905191,0.767456,-329.972839,193.921722,-303.141632,32711.089844,4498.627930,-645.611328,0.734556,-0.515134,0.441661,0.100000,0.020000,1,0.277283
31.595488,17.187635,0.392096,-692.296631,527.054565,30.585934,41136.546875,-31833.818359,-1673.737305,0.759601,-0.531506,0.374844,0.100000,0.020000,1,0.208685
32.201553,16.072533,6.186919,-484.670776,280.268341,1532.977539,-38251.367188,21585.306641,121608.281250,0.829462,-0.487022,0.273501,0.100000,0.020000,1,0.294384
34.029133,15.017382,0.298985,-605.674988,353.622925,-360.996674,-39310.773438,20631.921875,-22010.685547,0.883647,-0.457912,0.097389,0.100000,0.020000,1,0.688105
33.046562,15.584668,0.916322,-347.721100,260.592499,-165.008286,-24717.058594,2177.357422,-12405.549805,0.888001,-0.459644,0.013477,0.100000,0.020000,1,0.802418
33.465046,15.677532,0.169775,-70.669128,71.214417,-133.398346,10029.639648,-1663.265137,1447.708984,0.403534,-0.612322,0.679869,0.100000,0.020000,1,0.832579
34.074123,14.991405,2.606259,92.545250,-52.464779,640.761292,-4744.558105,2919.420898,-38263.214844,0.813896,-0.463985,0.349701,0.100000,0.020000,1,0.362981
31.969614,16.206444,-1.025317,-577.789795,360.160675,-281.751862,-18190.642578,5132.003906,-15553.360352,0.889410,-0.427331,-0.162290,0.100000,0.020000,1,0.451776
32.819004,15.716047,-2.595358,-278.727509,205.769745,-573.164062,17311.539062,-11080.156250,34087.863281,0.478693,-0.577573,-0.661258,0.100000,0.020000,1,0.780744
34.169044,14.936601,0.074031,96.302948,-49.107117,258.656586,5462.912598,-2723.516113,-27330.201172,0.618202,-0.577493,-0.533224,0.100000,0.020000,1,0.113876
33.891926,15.096596,-0.859334,120.552055,-69.172615,424.689392,-25318.224609,15283.796875,-26429.830078,0.649820,-0.504771,-0.568278,0.100000,0.020000,1,0.653922
32.682034,15.854081,-1.316301,-273.702423,167.150269,-400.775940,-23024.265625,13304.952148,-32755.578125,0.708362,-0.479503,0.517977,0.100000,0.020000,1,0.803005
34.084736,15.190404,-0.053538,6.348618,22.064743,43.421005,547.299622,2060.153320,3462.103760,0.874808,-0.414942,-0.250069,0.100000,0.020000,1,0.671272
34.021366,15.059915,0.305219,-434.454529,78.247345,-628.590210,-27294.892578,4949.606934,-38454.863281,0.874292,-0.485197,0.014096,0.100000,0.020000,1,0.182669
35.142349,14.472404,0.267407,367.142426,-183.104156,224.504700,10018.255859,-4932.102539,9157.636719,0.830094,-0.448082,-0.331913,0.100000,0.020000,1,0.251588
33.716904,15.197644,-1.763149,-29.395710,20.988691,-383.324249,2408.650879,-1325.283936,22953.562500,0.804256,-0.431121,-0.409032,0.100000,0.020000,1,0.174662
33.502117,15.321652,2.878869,31.870377,-17.820183,702.836792,-47.358570,281.492859,-41917.808594,0.799242,-0.422846,0.427099,0.100000,0.020000,1,0.728001
34.386257,14.811195,0.020271,-767.477173,443.535400,349.795624,-47156.687500,26982.945312,21486.960938,0.894417,-0.408693,0.181629,0.100000,0.020000,1,0.125300
31.365999,16.554941,-2.014493,-728.997803,421.334412,-549.206909,-38349.726562,22031.898438,-61747.484375,0.931824,-0.362383,0.019538,0.100000,0.020000,1,0.640861
33.906578,15.330830,0.538756,0.467108,-4.059745,0.000000,445.098938,9.311012,10.866403,0.634857,-0.486586,0.600160,0.100000,0.020000,1,0.578812
31.810398,16.298367,0.159766,-545.533386,314.988953,63.353058,33264.394531,-19173.439453,-3313.424316,0.882885,-0.454659,0.117467,0.100000,0.020000,1,0.112772
33.373558,15.395877,0.628985,-155.064972,89.987587,168.548553,-12911.667969,7343.881348,12912.767578,0.934872,-0.340978,0.098738,0.100000,0.020000,1,0.776082
34.018600,15.023458,-0.155629,126.309418,-72.408058,563.683167,7547.878906,-4484.708984,35252.042969,0.938024,-0.337792,-0.077515,0.100000,0.020000,1,0.888116
34.104946,15.192950,-0.182729,-17.716003,9.738659,-13.730341,864.056213,-1140.533691,829.608459,0.931676,-0.333599,-0.143848,0.100000,0.020000,1,0.223899
36.183632,13.773480,1.547260,118.104820,-67.961792,483.597931,-11558.144531,7007.130371,-29579.707031,0.780785,-0.392995,-0.485725,0.100000,0.020000,1,0.914826
33.410236,15.374701,-0.051482,-30.205454,47.293266,-113.491455,-8612.556641,-1063.407715,-11429.985352,0.884167,-0.368823,0.286736,0.100000,0.020000,1,0.601055
32.578289,15.855025,1.876911,-657.115356,379.705078,261.935211,-24190.013672,13888.667969,991.169922,0.927222,-0.326228,0.183942,0.100000,0.020000,1,0.531602
34.328743,14.844398,-0.623483,-169.143188,97.830513,578.541443,-9819.513672,5625.136230,34788.957031,0.919003,-0.320684,-0.229338,0.100000,0.020000,1,0.803361
34.045551,15.007901,2.007416,78.020210,-39.636536,388.904327,-3800.873535,3119.255371,-23214.062500,0.467686,-0.556549,0.686676,0.100000,0.020000,1,0.571391
32.995502,15.614146,-1.527332,-288.098816,167.932617,-346.372833,17249.693359,-9656.831055,20377.697266,0.759191,-0.475352,-0.444600,0.100000,0.020000,1,0.147757
33.426517,15.365298,1.893491,-318.014160,189.057449,414.233124,17755.521484,-9956.235352,-27272.224609,0.700355,-0.422367,-0.575421,0.100000,0.020000,1,0.254239
35.227345,14.325591,0.349993,296.563202,-153.551010,-20.127279,-17838.380859,9813.746094,1336.650757,0.763648,-0.380783,0.521389,0.100000,0.020000,1,0.417202
33.924690,15.077680,-0.534808,525.062073,-300.617615,974.068665,-25463.542969,14759.030273,-48601.312500,0.842734,-0.338282,-0.418765,0.100000,0.020000,1,0.032537
34.083660,14.985898,0.806173,79.451782,-45.788132,-105.174553,4784.507812,-2785.806641,-4301.572754,0.915605,-0.296071,0.272049,0.100000,0.020000,1,0.935485
33.968647,15.052299,0.577226,25.555311,-11.355559,-79.919563,1096.684814,-366.419006,506.316406,0.682622,-0.425438,0.594163,0.100000,0.020000,1,0.129161
34.127434,14.975617,-0.410864,2.393847,3.160556,552.999207,769.143677,-315.921936,33875.824219,0.837958,-0.514562,-0.181803,0.100000,0.020000,1,0.134856
35.721764,14.119260,4.587866,457.393158,-240.099045,1263.231201,3856.353516,-1593.529297,17697.234375,0.924897,-0.372031,-0.078481,0.100000,0.020000,1,0.146529
33.642006,15.260075,0.127699,701.799377,-399.369934,-344.693268,42226.531250,-24274.187500,-22920.673828,0.830289,-0.330126,0.449039,0.100000,0.020000,1,0.203702
35.850677,15.233554,-0.221243,483.232330,30.934196,-46.933125,14678.411133,1146.931274,-1422.215942,0.970794,-0.228261,-0.073863,0.100000,0.020000,1,0.601944
34.238033,15.086622,0.004153,24.753109,-167.511826,21.129568,-7129.991699,11154.779297,-3359.666992,0.973959,-0.226546,0.009043,0.100000,0.020000,1,0.424088
34.187607,14.925884,1.924808,181.505722,-65.694565,98.842972,-9269.362305,4251.155762,-11789.914062,0.596592,-0.459017,-0.658317,0.100000,0.020000,1,0.687732
34.486134,14.753531,0.980200,267.524689,-151.569733,46.561169,-14253.648438,8372.270508,-6217.203613,0.810011,-0.308289,-0.498839,0.100000,0.020000,1,0.282568
34.669186,14.647843,0.266259,19.780489,34.260807,0.000000,-9750.538086,-4776.235840,1362.699585,0.959127,-0.210110,0.189551,0.100000,0.020000,1,0.863257
34.258533,14.884934,0.868572,254.841354,-146.410217,-3001.812744,16206.791016,-9528.514648,-185308.437500,0.965258,-0.211341,-0.153663,0.100000,0.020000,1,0.835320
34.068447,15.214183,-0.519021,0.913113,-7.102304,-0.074482,-409.782074,342.740692,325.409821,0.737842,-0.350109,-0.577073,0.100000,0.020000,1,0.713285
30.531090,17.036976,7.870205,-1159.584595,670.161560,2484.451660,67749.578125,-39049.882812,-146506.156250,0.873569,-0.326077,-0.361319,0.100000,0.020000,1,0.015383
34.623657,14.674132,-0.519799,233.429855,-134.090958,-84.166679,-12898.798828,7477.996582,6525.032715,0.892355,-0.261439,0.367903,0.100000,0.020000,1,0.283849
33.902584,15.090441,0.279740,241.548416,-138.827606,118.175301,13871.413086,-8580.080078,7021.889648,0.865140,-0.251355,0.433998,0.100000,0.020000,1,0.518701
34.187248,15.084760,-0.310461,-0.856200,-5.019616,-0.013521,-7.006278,-112.412552,-3.843055,0.901373,-0.261549,-0.345136,0.100000,0.020000,1,0.036736
34.192425,15.110242,-0.372886,-0.568109,-5.076962,-0.016240,22.024996,-133.816132,-4.615838,0.875637,-0.247837,-0.414532,0.100000,0.020000,1,0.943155
34.084812,14.985235,0.150123,106.564201,-61.152489,148.407135,6119.148926,-3620.547363,9020.404297,0.945655,-0.192164,0.262315,0.100000,0.020000,1,0.812792
33.284927,15.520427,-0.766697,-138.942383,97.868195,-370.428467,9196.458008,-5381.873535,22290.552734,0.539440,-0.489087,0.685419,0.100000,0.020000,1,0.498665
33.927883,15.075835,0.807604,117.809479,-63.910301,-444.234314,-1345.101074,1009.112549,24543.804688,0.727430,-0.341353,0.595251,0.100000,0.020000,1,0.768341
32.603283,15.840594,2.192251,-441.315460,255.775513,736.924866,-46245.117188,26470.992188,18687.441406,0.990628,-0.135114,0.020033,0.100000,0.020000,1,0.484305
32.726173,15.769645,-1.774013,-273.374115,253.118195,-680.892029,-19446.033203,-8127.449707,-21517.044922,0.582323,-0.444385,0.680751,0.100000,0.020000,1,0.193061
34.168236,14.937068,-0.324317,302.622192,-174.256927,126.710106,18795.664062,-10960.132812,7579.313965,0.952750,-0.179047,-0.245375,0.100000,0.020000,1,0.439765
33.861355,15.114245,3.208930,-92.380569,54.266369,775.721436,-12768.877930,7155.793945,61261.265625,0.990584,-0.104572,0.088362,0.100000,0.020000,1,0.946180
34.663353,14.651212,-2.338140,220.228592,-58.532227,-677.863586,-2437.895996,-12497.105469,-33256.734375,0.976723,-0.101784,0.188819,0.100000,0.020000,1,0.217120
31.781614,16.314985,-0.567474,-336.006073,197.806671,-218.240891,23109.898438,-12536.208008,10794.410156,0.542834,-0.498609,-0.675811,0.100000,0.020000,1,0.239790
34.737823,15.193193,-0.148470,193.511536,-19.228928,99.331940,-11236.455078,1009.313782,-6188.981934,0.645947,-0.381089,-0.661456,0.100000,0.020000,1,0.850356
33.842140,15.125340,-0.779661,74.411377,-40.191605,240.267380,-15687.528320,9393.492188,-1941.728516,0.733632,-0.412975,-0.539662,0.100000,0.020000,1,0.195446
34.076988,14.989751,0.339862,406.204773,-234.136932,602.013123,-19985.416016,11846.392578,-29713.757812,0.799911,-0.272876,0.534492,0.100000,0.020000,1,0.283404
32.185493,16.081804,-2.645299,-548.003479,316.411896,-725.037964,-13807.853516,7960.662109,-23144.976562,0.926404,-0.153024,-0.344035,0.100000,0.020000,1,0.365615
34.307865,14.924995,0.243502,-1.176890,-4.257983,0.022057,-10.279100,-6.766610,1.022011,0.957420,-0.101887,0.270121,0.100000,0.020000,1,0.451972
34.370163,14.820486,-0.434883,-199.709808,115.854813,459.980286,-12405.305664,7018.373047,28182.285156,0.964212,-0.094372,-0.247768,0.100000,0.020000,1,0.630149
34.368713,15.004627,-0.045388,-73.770447,-156.282440,-171.643890,3462.732178,7308.333008,8292.514648,0.981828,-0.087432,-0.168431,0.100000,0.020000,1,0.125335
34.193146,15.094415,0.382468,-8.775980,-20.132954,-29.509714,604.496033,710.868713,1724.479858,0.829623,-0.192213,0.524194,0.100000,0.020000,1,0.922584
34.272976,15.014595,-0.510641,-115.188919,-23.866405,51.552902,-7174.789551,-1342.455933,3028.709717,0.841522,-0.191821,-0.505021,0.100000,0.020000,1,0.464624
33.314445,17.009104,-0.434324,-247.342499,555.917908,-148.304489,-19450.740234,44153.789062,-11575.267578,0.983143,-0.149242,0.105620,0.100000,0.020000,1,0.370847
34.241417,15.508439,1.391775,-1.688068,107.545410,471.213196,-1312.279175,3945.832031,18036.175781,0.895325,-0.131944,0.425422,0.100000,0.020000,1,0.969419
34.165661,15.605745,-0.444713,-491.217529,-197.408966,270.607391,-31482.130859,-9530.758789,16804.402344,0.898636,-0.131335,-0.418574,0.100000,0.020000,1,0.272034
36.518951,13.579882,-0.862904,580.848450,-334.419800,-251.704330,46193.960938,-26885.306641,-6508.850586,0.999636,-0.026953,0.001241,0.100000,0.020000,1,0.754888
34.056168,15.235686,0.612816,-28.230789,26.462074,-30.452316,1748.095337,-1403.461060,1514.080200,0.643355,-0.362894,0.674093,0.100000,0.020000,1,0.699298
34.166580,15.157569,0.545549,0.592914,-3.481565,0.012191,150.663742,-64.103287,5.582526,0.755224,-0.250363,0.605768,0.100000,0.020000,1,0.360330
34.584061,14.696993,-1.862833,301.038574,-173.669754,-408.091339,-2654.811523,1505.390625,-9053.029297,0.875365,-0.279434,0.394528,0.100000,0.020000,1,0.129553
34.762516,14.593959,-0.073139,-396.691986,229.090271,302.757324,-23236.552734,13362.296875,17447.869141,0.931160,-0.060732,0.359516,0.100000,0.020000,1,0.517794
35.072651,14.414906,2.506151,599.977173,-338.633820,704.743042,28600.878906,-18083.066406,22633.113281,0.942697,-0.057318,-0.328689,0.100000,0.020000,1,0.932620
34.125259,14.961881,0.069179,694.313049,-395.881958,275.842560,41852.382812,-26484.972656,17443.900391,0.995646,0.004251,0.093117,0.100000,0.020000,1,0.721079
34.166340,14.938164,-0.428135,-429.177521,248.634659,-264.519257,-28141.212891,16052.417969,-18255.142578,0.997720,0.005893,-0.067236,0.100000,0.020000,1,0.960504
33.056496,15.909415,-0.725360,-362.635986,245.773193,-98.565277,21623.654297,-15124.565430,5888.404297,0.909834,-0.053427,-0.411519,0.100000,0.020000,1,0.886230
34.424229,14.789270,1.301455,246.074356,-136.406433,554.299683,11445.752930,-9608.652344,18758.931641,0.969149,0.011061,-0.246225,0.100000,0.020000,1,0.817757
34.656551,14.655141,-0.221686,-310.888214,190.836090,84.134552,-21818.869141,6965.855469,5152.748535,0.986377,0.015610,-0.163758,0.100000,0.020000,1,0.301839
33.952385,15.061689,1.089989,134.398331,17.357754,396.088165,3754.694336,-16432.628906,25778.722656,0.981236,0.019359,0.191835,0.100000,0.020000,1,0.670614
35.563370,14.131588,3.005695,425.369415,-216.126740,705.429871,11346.871094,-9663.736328,33644.718750,0.789999,-0.170684,0.588871,0.100000,0.020000,1,0.722520
34.006939,15.030193,0.565342,911.210205,-523.579529,-673.881226,55805.746094,-33533.421875,-41630.726562,0.925286,-0.104439,0.364608,0.100000,0.020000,1,0.158380
36.155045,16.443201,-0.124948,605.322266,437.468689,-62.726013,-35059.722656,-26322.093750,2684.659912,0.946422,0.023183,-0.322099,0.100000,0.020000,1,0.546817
33.989357,15.040344,-0.334975,-335.511017,196.753693,-354.382629,-23748.628906,12219.399414,-24909.568359,0.962240,0.034431,0.270016,0.100000,0.020000,1,0.171352
34.006294,15.030567,0.447294,44.213455,-15.630906,-21.298613,-169.544312,434.442627,6879.980469,0.597887,-0.544884,0.587905,0.100000,0.020000,1,0.003976
34.302475,15.605394,0.548079,39.041245,109.636841,-14.372276,-2158.512451,-6730.829590,877.523926,0.682631,-0.290157,0.670689,0.100000,0.020000,1,0.299615
33.067265,15.572714,-1.548764,-427.439301,251.626923,-348.358124,-14595.820312,6061.222656,-5191.534180,0.980985,0.096791,0.168223,0.100000,0.020000,1,0.952301
33.849384,15.121158,-1.742089,-180.420807,104.768379,-473.971741,-910.119629,388.214355,-15941.630859,0.992091,0.098761,-0.077468,0.100000,0.020000,1,0.608012
34.383648,15.291677,-0.139445,165.535980,-675.076904,-15.694777,-8099.005371,32276.970703,756.854370,0.980421,0.106586,-0.165574,0.100000,0.020000,1,0.938244
34.462082,14.767417,0.890468,35.833916,-18.225557,167.601685,5622.372559,-3901.509766,9186.937500,0.989852,0.111138,0.088549,0.100000,0.020000,1,0.587282
34.636559,14.666682,1.879960,73.178665,5.081882,520.167542,-2366.462158,-8016.475586,17086.810547,0.993247,0.114046,0.021288,0.100000,0.020000,1,0.657179
35.275608,14.297729,1.668428,307.735321,-165.540756,404.310730,-17949.175781,9998.269531,-23471.328125,0.849018,-0.089847,0.520669,0.100000,0.020000,1,0.063001
34.476158,14.759291,-0.480349,-326.180756,196.346832,-75.460510,-22464.630859,8346.904297,-4716.743164,0.819117,-0.082553,-0.567655,0.100000,0.020000,1,0.536443
34.312614,14.853711,0.609133,4.273965,-0.008339,-687.015625,-4274.194336,2485.703369,5980.681641,0.890850,-0.029183,0.453360,0.100000,0.020000,1,0.314954
34.461426,14.767797,-0.394333,-190.273529,110.363235,65.365639,9397.357422,-5350.496094,-3200.846680,0.911932,0.039236,-0.408461,0.100000,0.020000,1,0.896480
34.319298,14.849853,0.487033,23.981470,-13.519368,-251.300919,10774.814453,-6197.040039,19741.617188,0.933537,0.049679,0.355024,0.100000,0.020000,1,0.134767
34.276150,15.089668,-0.636337,-119.418716,85.865967,64.758568,-7500.550781,5371.428223,3947.609131,0.709001,-0.230155,-0.666594,0.100000,0.020000,1,0.544201
36.201885,14.692719,-0.649664,517.655579,-49.974388,-17.866962,40246.476562,-3966.898193,-1962.751221,0.867386,-0.014066,-0.497436,0.100000,0.020000,1,0.349404
34.500576,14.934098,0.338207,-152.336517,-65.471863,149.934723,-9331.960938,-3735.313965,9212.188477,0.896337,0.049461,0.440606,0.100000,0.020000,1,0.768448
34.540031,14.901419,0.071321,-2.075556,-213.320282,-161.630249,-38.017246,-12685.412109,-9931.639648,0.982043,0.188516,0.007267,0.100000,0.020000,1,0.249167
35.063644,14.620299,0.419198,-357.365173,-474.665405,330.494415,15975.129883,24667.904297,-16208.752930,0.802191,-0.071270,0.592798,0.100000,0.020000,1,0.738322
34.151665,15.528593,0.322564,-47.559258,136.751648,201.043091,2909.912109,-8481.659180,-12212.176758,0.849860,-0.072502,-0.521997,0.100000,0.020000,1,0.037181
34.536079,14.724695,1.410264,-21.521778,27.373308,282.285492,-4884.321289,-197.344727,8635.554688,0.858244,0.005380,0.513214,0.100000,0.020000,1,0.510943
34.895126,15.075609,0.268816,-948.311707,-59.685623,29.426086,46207.914062,2383.551270,-3387.255127,0.873953,0.058752,-0.482445,0.100000,0.020000,1,0.827882
33.534004,15.303242,-0.554448,-244.809830,142.086853,-349.660187,-27455.496094,15517.556641,108.904297,0.976068,0.205706,-0.070552,0.100000,0.020000,1,0.878596
33.881344,15.144020,-0.927460,-52.247520,42.684971,-85.285141,3594.647217,-2356.847412,5293.397461,0.758565,-0.237210,-0.606885,0.100000,0.020000,1,0.139019
34.403069,15.023940,-0.511787,0.552042,-6.842263,-0.064873,5.943805,59.439503,0.604763,0.823719,-0.003291,-0.566989,0.100000,0.020000,1,0.416525
33.412827,15.373203,1.638039,-249.272369,219.937347,584.864197,-17319.523438,-5461.513184,9434.005859,0.954103,0.152309,-0.257856,0.100000,0.020000,1,0.104996
34.540981,14.919027,0.323271,-0.785552,-5.496312,0.012011,-28.989161,-107.726463,1.238260,0.920051,0.158723,0.358209,0.100000,0.020000,1,0.170000
34.672573,14.865173,0.266993,-437.690948,148.653366,-197.089478,34806.230469,-17637.677734,5810.912598,0.942664,0.215616,0.254745,0.100000,0.020000,1,0.815230
32.014748,16.180386,1.766520,-672.901001,388.762512,473.103027,-53202.972656,30554.884766,37798.128906,0.961483,0.233946,-0.144291,0.100000,0.020000,1,0.798894
34.090450,14.981977,-0.250037,55.373940,95.910454,0.000000,-10862.641602,-19547.863281,3304.491699,0.673582,-0.299808,-0.675575,0.100000,0.020000,1,0.074052
34.790615,15.031440,-2.631470,149.645615,-20.208200,-617.527588,-8716.854492,1027.517700,36413.710938,0.741580,-0.133449,-0.657458,0.100000,0.020000,1,0.839768
36.456223,13.616099,1.458499,615.477112,-337.620056,296.583130,20946.664062,-11407.723633,8394.740234,0.853468,0.090219,0.513277,0.100000,0.020000,1,0.706879
34.497681,15.654054,-2.470758,285.856659,105.183617,-1204.526978,-14238.261719,-7659.253906,66112.000000,0.926249,0.164365,-0.339186,0.100000,0.020000,1,0.313388
34.388351,15.229272,0.552294,110.193085,59.790833,85.626999,-5166.696289,-4276.925293,-5076.039551,0.943009,0.167636,0.287459,0.100000,0.020000,1,0.483575
35.471210,14.187502,0.079381,289.336914,-166.229263,52.012207,8881.435547,-5173.169434,5744.527832,0.942758,0.233884,-0.237710,0.100000,0.020000,1,0.165213
34.608505,14.837996,0.087993,-3.087449,-10.452284,0.012633,-55.976799,-115.997002,0.288172,0.963685,0.248633,0.097435,0.100000,0.020000,1,0.326093
33.693520,15.620117,0.797421,-158.785553,142.629013,54.938194,-4861.262695,4382.691406,1664.793823,0.696961,-0.220508,0.682365,0.100000,0.020000,1,0.032875
34.268349,15.131220,0.799546,-4.278791,4.127754,58.380650,-169.036011,206.497375,1769.110596,0.725928,-0.145810,0.672137,0.100000,0.020000,1,0.935165
34.703545,14.886769,-0.294326,-279.401398,186.623413,219.879639,-16951.921875,12156.534180,14231.206055,0.891237,0.174417,-0.418659,0.100000,0.020000,1,0.632515
35.938236,15.371518,0.641989,444.271179,171.723236,-264.831909,14679.513672,5749.013184,-10852.234375,0.905010,0.237810,0.352708,0.100000,0.020000,1,0.894931
34.601917,14.829537,-0.299740,-0.894675,-4.898134,-0.018962,0.460620,5.795323,-0.108963,0.912024,0.241179,-0.331729,0.100000,0.020000,1,0.913705
34.447159,15.018003,0.547407,-36.144222,-80.499481,10.010807,-2263.188232,-4753.491699,613.505310,0.792127,0.015191,0.610167,0.100000,0.020000,1,0.776331
32.945572,15.642976,-1.872716,-406.900452,280.122803,-406.004425,-17721.775391,1263.193481,-13113.055664,0.854685,0.164560,-0.492375,0.100000,0.020000,1,0.971074
34.555275,14.934580,0.396080,-0.472965,-5.289557,0.000000,1205.333984,-1631.491577,-1251.428467,0.882022,0.172398,0.438538,0.100000,0.020000,1,0.224718
34.940578,14.491157,1.966226,128.611725,-40.752846,510.817139,766.610840,-7006.834961,16393.052734,0.944582,0.259988,0.200428,0.100000,0.020000,1,0.151013
34.167019,14.937772,0.134575,814.398315,-470.109070,814.314758,-22549.236328,13117.192383,-38087.179688,0.941497,0.323997,0.092785,0.100000,0.020000,1,0.524805
34.670654,14.781094,0.003085,-1.413084,-5.502869,0.000162,-1.388709,15.809106,0.000273,0.944516,0.328446,0.003414,0.100000,0.020000,1,0.181993
34.678566,14.806651,0.172270,-16.043449,-29.572697,-10.383181,-910.951782,-1462.570190,-638.643860,0.926861,0.326054,0.186058,0.100000,0.020000,1,0.881496
34.380089,15.041313,-0.596664,1.244045,-2.530126,-0.029779,0.815193,2.041736,-0.425972,0.749017,-0.056307,-0.660154,0.100000,0.020000,1,0.841690
34.496895,14.957800,0.529690,0.402615,-3.792703,0.026431,0.404579,2.390706,0.377926,0.805002,0.092265,0.586053,0.100000,0.020000,1,0.650862
34.507816,14.967889,-0.509258,0.188023,-4.538486,-0.010304,3652.060791,-1419.456421,-5339.512207,0.818679,0.110146,-0.563589,0.100000,0.020000,1,0.858915
34.646351,14.661028,0.225403,300.391296,-171.762009,274.863708,18547.154297,-11887.357422,17303.347656,0.904126,0.324800,0.277598,0.100000,0.020000,1,0.249292
33.877182,15.105109,-0.514462,252.116684,-139.784821,520.037781,14004.368164,-11350.718750,32175.351562,0.824078,-0.468452,-0.318510,0.100000,0.020000,1,0.024618
34.571762,14.945207,0.474898,-0.034557,-4.898867,0.000000,-0.763526,-30.056114,0.872159,0.830599,0.184328,0.525480,0.100000,0.020000,1,0.772648
35.511131,14.161749,-1.260996,167.400558,-94.822647,-335.184479,1129.872559,-2068.052734,-5964.041016,0.862465,0.264531,0.431482,0.100000,0.020000,1,0.240519
34.169617,14.936273,0.218394,131.616821,-19.358326,288.452209,5346.319336,-17793.166016,17720.386719,0.930822,0.355936,-0.082943,0.100000,0.020000,1,0.224131
34.758919,14.815907,0.078366,-1.169232,-6.966461,0.001979,406.117859,-3.942240,-1508.824951,0.906075,0.414138,0.086705,0.100000,0.020000,1,0.723517
34.379276,15.061001,0.609499,1.353127,-2.581170,0.000000,5678.619141,-3764.623291,173.502960,0.736417,-0.055741,0.674227,0.100000,0.020000,1,0.685081
34.570950,14.936306,-0.509191,0.175100,-4.650732,-0.017989,-0.655865,-1.474884,-0.545110,0.807066,0.177339,-0.563201,0.100000,0.020000,1,0.057627
34.585033,14.887948,-0.758931,-16.700363,1.804226,-114.039558,-489.710632,216.488693,-3455.744141,0.864920,0.269790,-0.423232,0.100000,0.020000,1,0.246712
36.653828,15.487226,0.113818,590.686523,188.411057,-64.569138,17921.248047,5891.884766,-1956.640503,0.866809,0.343333,0.361613,0.100000,0.020000,1,0.503576
34.766579,14.793225,0.004008,-1.257383,-6.775253,0.000142,-0.459363,-1.648478,0.004292,0.904237,0.427008,0.004434,0.100000,0.020000,1,0.167259
34.765873,14.807361,0.158655,-1.108285,-6.762185,0.005603,-0.457152,-1.635395,0.169800,0.889338,0.422235,0.175484,0.100000,0.020000,1,0.498469
36.842426,13.434551,0.263162,624.660889,-422.461456,121.366585,18962.566406,-12594.893555,3677.775391,0.887570,0.434896,-0.151933,0.100000,0.020000,1,0.733642
