posX,posY,posZ,velX,velY,velZ,forceX,forceY,forceZ,attachX,attachY,attachZ,mass,radius,state,wetness
8.998986,29.618578,0.392519,-176.505585,-59.970535,-182.543213,-10367.013672,-3954.699463,-10799.242188,-0.809278,0.431697,0.398381,0.100000,0.020000,1,0.439627
8.409822,29.887924,-1.865117,-109.905510,81.253014,-463.174835,-3061.862061,2301.200928,-19986.027344,-0.851964,0.453893,-0.261034,0.100000,0.020000,1,0.853635
8.606800,29.694973,-0.015220,173.846542,-98.110359,-67.820129,9819.937500,-6983.500977,-4444.371094,-0.883462,0.467842,0.024864,0.100000,0.020000,1,0.736546
8.867890,29.635660,-0.348835,3.253010,2.052855,-2.825741,224.968002,-73.313248,-312.226959,-0.723154,0.382698,-0.574970,0.100000,0.020000,1,0.158882
8.908468,29.705557,0.361456,-140.013275,33.026703,-2.596370,-8703.705078,2143.827637,-61.168072,-0.699437,0.370099,0.611403,0.100000,0.020000,1,0.103844
8.620621,29.801580,-0.125916,-36.260208,-326.455231,464.865051,-3214.795898,-20035.351562,27671.457031,-0.772433,0.395064,0.497264,0.100000,0.020000,1,0.031616
8.522539,29.743618,-0.121658,200.583847,-109.124931,-237.997131,9595.012695,-9749.960938,-14218.118164,-0.641844,0.328198,-0.693053,0.100000,0.020000,1,0.476657
7.025316,30.742695,1.083295,-438.320557,265.190369,358.048889,-35855.835938,20907.228516,29010.765625,-0.512396,0.261467,-0.817976,0.100000,0.020000,1,0.959263
9.726294,30.854744,-0.068085,249.666260,284.915405,24.765579,19550.253906,23017.339844,2199.937012,-0.817099,0.415058,-0.400096,0.100000,0.020000,1,0.246057
9.005137,29.658436,0.381541,-41.731873,26.461288,34.302116,-2469.292725,1362.174927,1946.804688,-0.550783,0.277113,0.787304,0.100000,0.020000,1,0.529578
8.319728,29.860714,-0.135992,94.644295,-52.161823,-294.691956,3464.300293,-3410.835938,-19557.414062,-0.888311,0.446090,0.109121,0.100000,0.020000,1,0.098737
9.044888,29.757498,-0.482751,-19.306366,5.333632,-0.778393,-1186.726318,325.813141,-48.178932,-0.438690,0.197935,-0.876569,0.100000,0.020000,1,0.085302
8.917959,29.755253,0.716428,46.844757,-23.342213,-168.258453,2281.377686,-1597.892334,-9743.463867,-0.359800,0.159375,0.919317,0.100000,0.020000,1,0.124343
8.979081,29.611048,0.396858,-35.356644,8.417717,-7.765973,-2254.724121,65.927216,-679.276306,-0.546705,0.239360,0.802384,0.100000,0.020000,1,0.900594
9.132649,29.938463,0.142294,298.186432,-128.246994,50.519531,20139.609375,-6706.077148,3144.064941,-0.884787,0.374217,0.277694,0.100000,0.020000,1,0.577214
8.768794,29.863890,-0.307057,318.493103,-466.966370,171.618866,19401.246094,-28722.876953,11180.403320,-0.651190,0.272551,-0.708285,0.100000,0.020000,1,0.995973
9.104124,29.835854,0.559795,-2.346650,-4.661356,-7.472479,-345.361115,-259.159424,-364.789795,-0.225978,0.094219,0.969565,0.100000,0.020000,1,0.234580
9.031244,29.802433,-0.654903,29.509304,-12.098013,88.129333,1357.896240,-865.538574,5058.693848,-0.226244,0.092528,-0.969666,0.100000,0.020000,1,0.556804
9.134521,29.885216,0.583526,230.009369,-336.515900,4.375334,13933.704102,-21255.062500,413.339905,-0.013737,-0.029152,0.999481,0.100000,0.020000,1,0.984496
9.362546,29.859011,0.646634,15.222435,-40.949638,-16.601151,1019.746765,-2712.677002,-621.715637,0.060730,-0.138446,0.988506,0.100000,0.020000,1,0.813988
9.241980,29.953720,0.548155,5.438294,-4.823256,-0.373159,35.634686,-87.464890,-25.974163,0.046539,-0.077479,0.995907,0.100000,0.020000,1,0.929778
9.036321,29.489506,-0.296254,75.022530,-30.430214,-253.691330,3481.872803,-3650.767090,-14967.392578,0.069438,-0.106685,-0.991865,0.100000,0.020000,1,0.682842
9.106376,29.923519,-0.541700,30.756039,39.795898,3.601904,1093.927246,2589.968018,259.008392,0.044752,-0.064881,-0.996889,0.100000,0.020000,1,0.614245
7.600801,30.275787,0.735354,-366.524536,301.273254,137.811569,-38890.328125,8114.333008,-3525.280762,0.556044,-0.693016,0.458851,0.100000,0.020000,1,0.152547
9.391987,29.939251,-0.497322,-93.317802,255.547882,-206.505402,-6141.809570,16181.615234,-12945.026367,0.218543,-0.256269,-0.941576,0.100000,0.020000,1,0.194685
9.066655,29.783886,-0.591827,104.261749,-30.080925,63.811424,4704.708008,-2801.446533,3575.354492,0.389727,-0.279131,-0.877610,0.100000,0.020000,1,0.305367
10.411013,30.331438,0.120431,236.268402,25.503006,124.203339,17936.166016,2715.694336,9696.250977,0.658786,-0.469711,-0.587684,0.100000,0.020000,1,0.099751
9.949700,30.195713,-0.011731,273.713165,21.213810,-87.644142,11288.068359,214.061646,-616.760254,0.359246,-0.252937,0.898313,0.100000,0.020000,1,0.482903
9.209706,29.959064,-0.531224,45.192474,139.191116,-57.705704,1759.113892,8672.108398,-3748.877197,0.325817,-0.226514,-0.917897,0.100000,0.020000,1,0.627270
9.017876,30.597099,-1.071118,-154.562897,128.614899,-441.438477,-5688.270996,2118.812256,-13115.667969,0.600549,-0.416468,0.682565,0.100000,0.020000,1,0.829790
9.765289,29.873941,0.710399,134.507721,9.994102,45.740143,5442.537598,-821.535767,2336.678711,0.301752,-0.208042,0.930411,0.100000,0.020000,1,0.124912
10.051969,30.982866,0.580684,93.830826,215.225311,165.072418,7045.735352,17211.960938,12771.670898,0.824681,-0.564673,0.032340,0.100000,0.020000,1,0.029854
9.606238,29.993948,-0.513986,20.348145,-2.486762,-10.952068,1118.671387,-479.498108,-1298.103882,0.624099,-0.403146,-0.669309,0.100000,0.020000,1,0.612038
10.518438,30.074854,0.280504,255.180450,12.022596,26.177551,19439.089844,635.134277,1774.607056,0.747854,-0.482477,0.455994,0.100000,0.020000,1,0.305491
8.484805,30.187515,0.084902,-294.587921,-16.864811,100.984482,-23801.537109,-735.694397,7689.036621,0.763881,-0.492594,-0.416938,0.100000,0.020000,1,0.993713
9.600025,29.982550,0.202699,-306.609741,24.447269,-100.806442,-20080.101562,934.889465,-5782.152344,0.835046,-0.537893,0.115629,0.100000,0.020000,1,0.641274
10.274747,29.195208,0.743527,200.334351,-267.937378,88.668259,15355.638672,-20540.134766,7071.202637,0.593017,-0.381437,0.709110,0.100000,0.020000,1,0.678839
9.462924,30.073225,-0.510910,14.724581,-44.003220,62.184471,443.430695,-2651.605225,3607.837891,0.516680,-0.331355,-0.789459,0.100000,0.020000,1,0.648623
9.206241,30.669363,0.609762,-103.937439,126.191513,188.487549,-8929.756836,10187.004883,14349.848633,0.848654,-0.527309,0.041600,0.100000,0.020000,1,0.554669
9.797638,30.484243,-0.149258,40.951080,65.446983,-29.062981,4750.965820,5003.513184,-1241.222290,0.812334,-0.504170,-0.293131,0.100000,0.020000,1,0.588478
10.142935,29.139538,-0.115713,232.469177,-99.365128,-86.033325,16365.112305,-10379.862305,-6754.514648,0.791561,-0.490095,0.365016,0.100000,0.020000,1,0.041527
8.980057,29.522223,0.189676,-85.107880,-4.909667,-32.672592,-5039.255859,-247.112167,-1893.450317,-0.950376,0.152957,0.270907,0.100000,0.020000,1,0.207603
8.654969,31.408297,0.320420,-56.530441,489.231873,125.358597,-4576.730469,38846.039062,9772.139648,-0.961842,0.154207,-0.226010,0.100000,0.020000,1,0.372381
8.819296,29.579828,0.178889,-2.561024,2.006919,76.311737,-613.854248,347.486450,6549.314453,-0.894202,0.132062,-0.427741,0.100000,0.020000,1,0.408967
8.884562,30.250319,0.704840,-5.185076,173.425232,153.227859,-518.618225,13957.995117,11598.888672,-0.887310,0.130531,0.442316,0.100000,0.020000,1,0.500751
9.246734,29.661421,0.089261,78.978882,56.193127,5.978058,2914.448730,1380.758423,-2617.269531,-0.988101,0.143352,0.055737,0.100000,0.020000,1,0.446531
9.121354,29.397894,0.519038,-295.308868,172.852921,19.655659,-18948.296875,9207.370117,1823.364258,-0.720618,0.036059,0.692394,0.100000,0.020000,1,0.175218
8.549591,29.892328,1.379842,-106.633514,55.486053,530.610107,-9072.817383,9788.968750,18272.087891,-0.741980,0.021338,-0.670083,0.100000,0.020000,1,0.527977
9.283686,29.304173,0.319787,308.240814,-167.391739,-30.647787,17952.556641,-16881.900391,-2637.515381,-0.502206,-0.065708,0.862248,0.100000,0.020000,1,0.173865
9.407531,30.643795,-0.953577,123.119774,282.038452,-441.231506,3738.850830,7308.957031,-12347.702148,-0.586133,-0.091499,0.805032,0.100000,0.020000,1,0.044196
8.809830,29.712317,-0.902468,-58.456795,48.988213,-103.363846,-5153.209473,3374.920654,-8301.385742,-0.489928,-0.098685,-0.866159,0.100000,0.020000,1,0.181535
9.279102,29.610003,0.357494,-328.537476,-172.312653,228.740707,-20604.500000,-11200.793945,13809.857422,-0.340007,-0.186482,0.921748,0.100000,0.020000,1,0.868262
9.518442,29.654078,-0.284281,20.209175,9.634320,-3.249123,2334.510010,481.766693,724.826965,-0.327404,-0.216232,-0.919810,0.100000,0.020000,1,0.202888
9.326517,29.765707,-0.557167,-5.446243,9.706198,185.701874,-553.298523,783.260132,11525.983398,-0.157066,-0.342655,-0.926239,0.100000,0.020000,1,0.506783
9.279391,29.832470,0.548095,-1.640032,0.236993,12.028042,-509.687592,384.988525,891.441162,-0.128753,-0.323804,0.937323,0.100000,0.020000,1,0.078077
9.107347,29.707245,1.170559,-17.119499,44.598541,136.064117,-2557.142578,2459.854980,11372.287109,0.026066,-0.401582,0.915452,0.100000,0.020000,1,0.827993
9.279267,29.764263,-0.627788,-21.079468,67.562500,-20.039253,-2200.456543,4125.934570,-1821.232300,0.060143,-0.436349,-0.897765,0.100000,0.020000,1,0.832886
9.583023,29.989996,0.486837,-72.851379,-52.731438,-75.912346,-4750.021973,-2734.353027,-4525.032227,0.265063,-0.583314,0.767780,0.100000,0.020000,1,0.032754
9.526475,29.778053,1.291364,14.274199,12.111984,243.669525,769.038391,430.915100,18824.357422,0.219754,-0.482126,0.848093,0.100000,0.020000,1,0.275935
9.463480,29.859259,-0.454294,9.338337,-0.820463,0.305457,108.077660,-78.447853,21.555462,0.251614,-0.505221,-0.825495,0.100000,0.020000,1,0.610561
9.664380,29.964079,0.418801,44.661755,-58.115910,-199.227509,2737.451416,-3430.153809,-12352.746094,0.417001,-0.621303,0.663395,0.100000,0.020000,1,0.971132
9.602370,30.206310,-0.369525,490.259766,-455.330139,265.071045,30294.970703,-27496.914062,16277.805664,0.492328,-0.730268,-0.473626,0.100000,0.020000,1,0.774662
11.044442,29.156826,0.426841,354.303589,-264.195435,41.023735,27833.927734,-19830.619141,3125.635986,0.474589,-0.693686,0.541816,0.100000,0.020000,1,0.702968
9.395946,29.905573,-0.510037,-13.160629,-28.451889,23.654926,-2092.700195,-1855.639404,820.162109,0.449853,-0.629622,-0.633410,0.100000,0.020000,1,0.850111
9.365245,29.613327,0.106603,29.497513,-65.224030,-132.087494,4337.077148,-4568.322754,-6091.695801,0.625279,-0.758427,-0.183886,0.100000,0.020000,1,0.341169
9.786955,30.213791,0.281291,-85.687790,-152.665924,-146.153198,-5454.916016,-8583.786133,-8712.455078,0.611046,-0.737427,0.287791,0.100000,0.020000,1,0.525557
9.359519,29.841816,0.023914,218.209686,-101.083618,252.442902,12064.994141,-6878.625000,15054.189453,0.580536,-0.694104,0.425672,0.100000,0.020000,1,0.898904
11.337826,28.150496,-0.713632,467.340820,-559.149719,-254.349792,16141.494141,-20646.105469,-2120.666504,0.643961,-0.764227,0.035665,0.100000,0.020000,1,0.836356
9.010318,29.462002,-0.237650,-58.662159,34.483868,152.292542,-3351.628418,1790.382446,8530.344727,-0.985798,0.159311,0.053118,0.100000,0.020000,1,0.148188
7.939703,30.080120,-0.133007,-275.618744,159.818985,-39.317081,-21593.933594,12239.800781,-2597.150879,-0.969038,0.153469,-0.193421,0.100000,0.020000,1,0.888352
8.986944,29.475496,-0.380541,38.059509,-18.496584,21.051367,1703.459839,-3032.369873,1147.216064,-0.817850,0.060382,-0.572254,0.100000,0.020000,1,0.185218
9.435982,29.630930,-0.713508,40.014374,-21.705322,-35.903648,3238.377930,-1596.949951,-3128.471924,-0.325657,-0.215927,-0.920501,0.100000,0.020000,1,0.679942
9.379044,29.813293,-0.496462,-328.073975,-223.528717,54.868362,-20616.619141,-13761.261719,3544.204102,-0.168666,-0.308472,-0.936161,0.100000,0.020000,1,0.114004
9.526451,29.892366,-0.465395,-82.666931,146.638641,91.190613,-4924.269043,9718.428711,5916.127441,0.005886,-0.405245,-0.914189,0.100000,0.020000,1,0.321044
9.736950,30.046982,-0.165721,-79.456406,-39.519356,-49.008095,-5187.132324,-2023.875732,-2872.983398,0.550339,-0.734784,-0.396510,0.100000,0.020000,1,0.829327
8.856851,29.645000,-0.572238,-52.073105,7.036692,-48.648438,-4198.115723,729.368530,-3765.395996,-0.674929,-0.038669,-0.736869,0.100000,0.020000,1,0.016135
9.499420,29.918242,-0.383235,6.288562,2.040227,-8.416174,-215.558441,303.018829,-449.330078,0.334141,-0.594832,-0.731112,0.100000,0.020000,1,0.307733
9.623229,30.063423,-0.268988,31.548508,-37.008480,-71.760735,1551.199951,-1871.110840,-4377.898438,0.528161,-0.643467,-0.554073,0.100000,0.020000,1,0.198422
9.533135,30.098881,0.293769,331.194824,-265.032166,-657.263245,19734.513672,-16381.301758,-40333.171875,0.706218,-0.707267,0.032078,0.100000,0.020000,1,0.721990
9.749877,29.848963,0.231041,-403.242065,469.734192,454.685577,-24924.712891,29452.734375,27897.207031,0.341217,-0.541964,0.768014,0.100000,0.020000,1,0.709997
9.634830,30.066967,-0.110424,33.350639,100.178238,-160.359573,1379.740601,6537.735840,-10274.236328,0.701401,-0.700000,-0.134301,0.100000,0.020000,1,0.376403
9.565238,29.945889,1.437211,14.158325,-72.220520,328.440186,-6414.990234,3609.984375,4590.099609,0.537053,-0.605943,0.586862,0.100000,0.020000,1,0.502050
9.642482,30.088881,0.126084,12.095608,-6.250128,-1.693424,117.532906,-146.288208,-76.719734,0.710824,-0.669470,0.215729,0.100000,0.020000,1,0.679853
9.427480,30.223454,-0.243304,311.524078,-157.568542,42.347519,18335.515625,-9448.909180,2504.266602,0.771750,-0.518424,-0.368293,0.100000,0.020000,1,0.881216
9.373924,29.916384,-0.508838,60.174759,-47.399803,108.883209,3254.818115,-2758.735352,6821.027344,0.170548,-0.398847,-0.901019,0.100000,0.020000,1,0.791194
9.675820,30.048967,0.084591,-166.930939,-45.200447,110.285461,-10763.801758,-3118.094971,6362.344727,0.768529,-0.488113,0.413654,0.100000,0.020000,1,0.917481
9.596146,30.155672,-0.317733,-169.845551,187.096954,-52.896355,-10933.740234,12351.531250,-3060.370117,0.558047,-0.449363,-0.697608,0.100000,0.020000,1,0.669924
9.480560,29.539272,0.120530,-43.598423,-198.091675,113.149261,526.678711,-8143.602051,5614.842773,0.737922,-0.413192,-0.533614,0.100000,0.020000,1,0.604724
9.386389,29.960196,0.266517,82.772308,-146.473663,120.815079,4268.503418,-9549.958984,7023.410156,0.537105,-0.394868,0.745384,0.100000,0.020000,1,0.648375
9.682903,30.340246,0.120342,-71.019852,-107.386703,78.995651,-4588.784180,-6285.324707,4975.219238,0.910794,-0.347322,0.223209,0.100000,0.020000,1,0.690102
9.789460,30.322922,0.051251,53.262360,5.230330,63.431168,3690.422119,726.622986,4620.809570,0.921962,-0.345517,-0.174941,0.100000,0.020000,1,0.683074
9.870703,30.785067,0.404884,168.809937,115.825653,185.723419,11318.241211,9587.194336,13338.924805,0.941567,-0.335203,0.033034,0.100000,0.020000,1,0.075853
8.869128,30.256823,0.688315,-70.263672,71.845505,68.278595,-7699.529297,4930.412109,5896.775391,0.764167,-0.320060,0.560009,0.100000,0.020000,1,0.711865
9.519365,30.294661,-0.218725,166.382568,-80.372581,-119.690994,9868.509766,-4861.216309,-7721.994629,0.906419,-0.270455,-0.324436,0.100000,0.020000,1,0.622804
9.519967,30.425468,0.341371,30.771519,-150.791473,-126.752472,1431.546387,-8788.280273,-7501.309082,0.888334,-0.220724,0.402671,0.100000,0.020000,1,0.814220
9.539942,30.000673,-0.445951,2.034210,-34.341949,14.702673,2064.492920,-203.037476,120.348969,0.366629,-0.301121,-0.880289,0.100000,0.020000,1,0.571645
9.291704,29.998400,-0.382444,16.867386,150.606216,129.156952,2.684355,8780.082031,8212.746094,0.676264,-0.154498,-0.720276,0.100000,0.020000,1,0.131746
9.325804,30.474037,-0.061208,-74.798157,-169.574615,-478.268005,-5743.389160,-9866.962891,-29256.923828,0.851899,-0.091056,-0.515729,0.100000,0.020000,1,0.379623
9.054829,29.783354,0.985849,-29.401199,52.001648,28.103264,-3610.200684,2912.498779,3762.721924,0.158489,-0.344026,0.925488,0.100000,0.020000,1,0.344533
9.855136,30.793596,0.008588,136.609009,91.103485,29.302795,4329.700195,3950.359863,1221.414795,0.991013,0.026875,-0.131036,0.100000,0.020000,1,0.887338
9.225887,29.690351,-0.685468,-49.360092,-228.869934,-174.288666,-1614.501343,-8540.754883,-9839.695312,0.998562,0.032896,0.042329,0.100000,0.020000,1,0.252357
10.040445,30.725668,0.161046,146.997314,96.339539,-54.767181,11453.971680,8376.750000,-4500.944824,0.656846,-0.111767,0.745695,0.100000,0.020000,1,0.683608
9.512726,29.751007,-0.045354,33.488045,25.004326,94.334457,1959.062012,-1026.103149,5330.311035,0.981267,0.038541,0.188757,0.100000,0.020000,1,0.016205
9.411433,30.556370,-0.135909,-41.886147,-131.952377,-39.529816,-3070.990234,-7560.795410,-2327.423828,0.943230,0.090730,-0.319507,0.100000,0.020000,1,0.644157
9.377170,30.615288,0.385244,22.551708,40.521667,32.722160,906.367676,3924.759033,2310.413330,0.804911,0.026629,0.592797,0.100000,0.020000,1,0.182015
9.576486,30.717070,2.216134,54.355423,103.683441,609.094971,5337.382812,878.672363,21432.917969,0.907486,0.138273,0.396673,0.100000,0.020000,1,0.303801
8.882057,29.575865,-0.741921,179.332901,-91.474213,418.578064,8861.745117,-7917.196777,25323.488281,0.477415,-0.123935,-0.869894,0.100000,0.020000,1,0.698181
9.192861,30.142239,-0.551647,41.181358,-163.380112,191.929443,1601.520386,-10887.072266,11372.677734,0.724085,0.121527,-0.678920,0.100000,0.020000,1,0.682095
9.249193,30.356052,-0.335653,-7.857727,127.597885,35.945854,-1139.852173,8025.103516,2055.271729,0.820310,0.245828,-0.516392,0.100000,0.020000,1,0.714054
9.249147,30.708002,0.126269,15.112896,44.099640,36.280228,501.053467,3867.612305,3189.830811,0.902903,0.398305,-0.161615,0.100000,0.020000,1,0.349159
9.287096,30.301168,0.402680,0.992471,-3.097416,0.156434,-359.212372,-43.829258,6.814976,0.659074,0.171939,0.732160,0.100000,0.020000,1,0.544259
8.935066,30.538660,0.351130,799.615601,-465.015686,-708.828430,48673.234375,-28536.402344,-44639.261719,0.754111,0.282782,0.592749,0.100000,0.020000,1,0.629957
9.470956,30.165506,-0.014414,-149.819824,63.111183,975.509888,-8897.100586,2798.167969,61084.742188,0.883598,0.429406,0.186720,0.100000,0.020000,1,0.672041
8.960132,29.977186,-0.453633,-47.644615,-118.219879,-47.174927,-4481.061035,-9485.161133,-4963.358398,0.877772,0.477484,0.039061,0.100000,0.020000,1,0.977289
9.011227,30.013830,-0.330472,172.122101,-75.096466,-34.595398,9248.409180,-5318.641602,-1574.775879,0.500957,0.046328,-0.864231,0.100000,0.020000,1,0.157227
8.798415,30.945831,-0.435706,-59.207458,100.178436,-51.408508,-5746.659180,8469.589844,-4306.325684,0.801481,0.498852,-0.329810,0.100000,0.020000,1,0.817885
9.185929,30.533171,0.280114,6.424579,6.129967,3.258309,72.676384,867.846191,465.350708,0.766909,0.505319,0.395603,0.100000,0.020000,1,0.751743
10.496748,31.482752,-0.831079,374.277710,340.242249,-138.900681,28685.294922,26322.515625,-10716.579102,0.645170,0.381701,-0.661861,0.100000,0.020000,1,0.758968
9.276621,30.428846,0.507844,-4.965305,57.850052,0.223397,-938.190857,5163.027832,35.833694,0.401835,-0.079463,0.912258,0.100000,0.020000,1,0.010618
9.752010,31.322073,0.854967,164.057770,305.853912,135.129364,6594.689941,9431.507812,4376.073730,0.571642,0.371203,0.731733,0.100000,0.020000,1,0.992200
9.006069,30.264305,-0.348424,11.608616,-6.707226,63.010117,-92.630104,-900.505859,3716.303223,0.646837,0.558753,-0.519034,0.100000,0.020000,1,0.444538
9.025232,30.537182,0.004858,-49.738922,-253.600067,642.513916,-3604.600586,-15581.756836,40080.820312,0.665544,0.714669,0.215171,0.100000,0.020000,1,0.987040
9.064132,30.192787,0.456771,-25.584541,25.010777,-65.896248,-2137.489502,904.737244,-3583.572266,0.596265,0.556174,0.578911,0.100000,0.020000,1,0.360441
8.950229,30.480549,0.026195,15.345474,-19.180111,-7.912763,272.431427,-1056.961670,-402.783905,0.658752,0.752340,0.005555,0.100000,0.020000,1,0.006970
9.190590,29.981621,0.484405,9.120589,-78.197388,220.047241,101.067833,-5866.368164,17850.310547,0.486187,0.237325,-0.841011,0.100000,0.020000,1,0.630153
8.702708,30.923670,-0.265715,-50.407242,94.581421,-37.494461,-4887.890137,8017.121582,-3089.250732,0.638164,0.751250,-0.168438,0.100000,0.020000,1,0.616967
9.161433,30.475315,0.172401,-303.227966,3.494822,82.488998,-18771.986328,601.484375,5044.718750,0.527142,0.758435,0.383271,0.100000,0.020000,1,0.050086
8.612243,29.978239,0.449247,-7.771530,81.214493,133.929611,-2370.834229,3388.954346,11068.029297,0.530756,0.784774,-0.320043,0.100000,0.020000,1,0.265827
9.284048,30.289450,0.525276,-22.842258,-133.689255,-33.176781,-1817.494019,-7666.927734,-2001.105103,0.406587,0.035381,0.912927,0.100000,0.020000,1,0.749430
10.056487,29.537876,1.650499,299.380737,-212.550354,354.688782,22792.451172,-16499.685547,27664.187500,0.415649,0.575667,0.704162,0.100000,0.020000,1,0.035762
9.000755,30.244137,-0.351847,-209.498306,-147.187256,-294.446106,-13675.451172,-9441.070312,-18476.527344,0.407018,0.603144,-0.685968,0.100000,0.020000,1,0.085070
9.144806,30.094023,-0.816435,96.340515,-30.527534,-207.300293,6947.586914,-2992.592041,-16129.581055,0.340964,0.926451,-0.159475,0.100000,0.020000,1,0.829558
8.721193,30.322445,-0.053817,-16.368584,-110.073303,396.971069,-1911.257446,-7076.902832,24796.406250,0.341292,0.939829,0.015552,0.100000,0.020000,1,0.349729
9.173977,30.474421,-0.578108,19.980988,43.007935,-18.435322,1141.599121,3883.533691,-1628.781250,0.371956,0.379315,-0.847212,0.100000,0.020000,1,0.803881
8.849568,30.225866,-0.268465,112.448311,20.813457,-60.970451,6426.385254,991.916382,-3741.199463,0.343820,0.772528,-0.533843,0.100000,0.020000,1,0.019871
9.527305,29.662058,0.804804,48.917297,-129.101898,350.672211,-1798.831909,-2355.812012,15618.528320,0.335600,0.775292,0.535066,0.100000,0.020000,1,0.160324
8.981888,29.799778,-0.013376,18.185555,-98.971161,21.315651,1378.969849,-8366.139648,2075.437988,0.267384,0.901119,-0.341306,0.100000,0.020000,1,0.420124
8.872227,30.408773,0.069957,-53.681801,-139.208435,67.186523,-3538.809326,-8402.102539,4017.819580,0.263955,0.938204,0.223835,0.100000,0.020000,1,0.127457
8.517857,30.295605,0.029624,-26.390701,31.938805,-14.718121,-3322.469727,2085.546143,-1722.339355,0.213711,0.892009,0.398305,0.100000,0.020000,1,0.246022
8.930320,30.228952,-0.324660,-161.451019,-62.683212,52.973396,-10459.503906,-3965.346436,3488.413330,0.221330,0.725130,-0.652073,0.100000,0.020000,1,0.546892
8.509808,30.004475,0.067693,232.475616,-117.529770,141.340195,13021.173828,-8230.653320,7923.045898,0.085399,0.826455,0.556487,0.100000,0.020000,1,0.486426
8.559738,30.164757,-1.865894,-110.518898,-28.996469,-621.785522,-4614.721680,-886.461121,-45812.468750,0.134571,0.680348,0.720429,0.100000,0.020000,1,0.794005
8.674552,30.197107,0.017712,11.062836,-17.632797,42.060738,150.268097,-1145.067139,2280.718262,-0.003773,0.980864,0.194656,0.100000,0.020000,1,0.885700
8.785225,30.230576,-0.122486,-100.901947,-22.246300,91.504639,-6426.784668,-1295.907837,5577.278809,-0.010489,0.990644,-0.136067,0.100000,0.020000,1,0.989407
10.355625,30.287191,0.728596,384.418427,-3.484131,62.781750,5958.989258,9652.833984,1987.614014,0.346550,0.228962,0.909659,0.100000,0.020000,1,0.056101
8.742889,30.370932,-0.320750,208.097076,-3.930981,182.666138,12568.072266,527.381287,11387.807617,0.039052,0.853046,-0.520371,0.100000,0.020000,1,0.539988
8.331174,30.869623,0.849622,-114.694122,285.177979,100.494858,-9136.879883,11332.337891,6701.780273,0.271918,0.372129,0.887457,0.100000,0.020000,1,0.673073
10.135079,29.001898,-0.439835,373.370514,-348.997650,14.399994,10415.634766,-11176.181641,-132.535339,0.188198,0.529040,-0.827465,0.100000,0.020000,1,0.714499
8.622362,30.266464,-0.032414,73.446579,-74.041885,-3.220170,3971.171875,-4337.062500,-340.372192,-0.055722,0.998446,0.000719,0.100000,0.020000,1,0.623088
9.237805,29.746372,0.603670,-47.962418,-242.614090,71.211670,-1951.731201,-9826.673828,-1420.350098,-0.118848,0.945695,-0.302549,0.100000,0.020000,1,0.062080
8.914870,30.137974,-0.467090,51.219994,56.592911,-12.138253,2693.852783,583.729126,126.657166,-0.033115,0.754801,-0.655118,0.100000,0.020000,1,0.548814
8.745173,29.974688,-0.329836,18.613674,1.723764,-134.169708,1002.325806,-490.343445,-10654.315430,-0.151959,0.924150,0.350507,0.100000,0.020000,1,0.558245
8.753836,29.865005,0.473607,26.012396,-1.561623,-42.365501,182.479568,-1166.207153,-2711.072266,0.163318,0.454594,0.875598,0.100000,0.020000,1,0.267838
8.980992,30.147919,-0.593325,-6.343256,-104.082932,123.569122,-508.998871,-6409.321777,7180.458008,0.052376,0.587035,-0.807866,0.100000,0.020000,1,0.317592
10.883632,28.809336,1.073915,638.395386,-343.545166,416.152252,23138.662109,-9291.693359,13763.475586,-0.210592,0.845355,-0.490944,0.100000,0.020000,1,0.569669
8.548581,30.174992,0.070790,113.954849,-279.190552,-6.334284,6452.477539,-16966.695312,-505.801086,-0.360863,0.916147,0.174504,0.100000,0.020000,1,0.929261
10.264503,28.737896,-0.745469,356.042633,-167.578033,-162.673431,4108.745605,-10228.699219,-3525.033691,-0.368906,0.921539,-0.121139,0.100000,0.020000,1,0.628587
8.664635,29.952581,-0.147604,-29.050026,-125.572784,163.910980,-2053.599365,-8191.158691,9615.670898,-0.372265,0.926813,0.049373,0.100000,0.020000,1,0.982503
9.164343,30.238422,0.852810,110.715393,80.460968,92.149048,8036.940918,5845.718262,7699.645508,-0.121134,0.672697,0.729936,0.100000,0.020000,1,0.651880
8.569109,29.997852,0.076019,-10.431263,23.623444,-46.198318,-1683.766968,1351.924438,-3860.620117,-0.253934,0.796874,0.548187,0.100000,0.020000,1,0.175271
8.771081,30.073538,-0.169278,-19.114929,-12.236303,-10.262091,-1094.209839,-464.304810,-609.058533,-0.369829,0.870765,-0.324029,0.100000,0.020000,1,0.518350
11.095287,30.796236,0.362060,665.819824,201.520386,50.106873,19494.972656,23424.078125,-5852.184082,-0.447688,0.806524,0.386128,0.100000,0.020000,1,0.560167
8.653934,29.935009,0.433846,40.919239,4.805692,-34.693253,1709.009033,174.210663,-1958.840210,-0.303390,0.660229,0.687061,0.100000,0.020000,1,0.000190
8.482307,31.019079,0.248775,-39.191742,327.139709,221.767136,-4368.271973,11947.755859,5696.423340,-0.330859,0.656971,-0.677437,0.100000,0.020000,1,0.041171
8.581553,29.977835,-0.309191,18.709927,16.473475,-381.579468,-683.410034,774.195984,-27384.917969,-0.028782,0.489102,0.871751,0.100000,0.020000,1,0.449894
9.718881,29.052912,-0.912917,304.022614,-149.195450,-168.820526,7877.243164,-8717.060547,-7732.747070,-0.498977,0.725492,-0.474007,0.100000,0.020000,1,0.006507
8.781562,29.897968,-0.362998,-36.041466,40.688805,-150.735229,-2923.862793,2213.530518,-9194.626953,-0.205466,0.566913,-0.797743,0.100000,0.020000,1,0.338945
8.551209,29.727068,-0.322416,46.889076,-26.841492,107.278229,2250.030762,-2294.702148,5356.973633,-0.633810,0.772724,0.034398,0.100000,0.020000,1,0.890345
8.731416,29.878778,0.436504,38.498352,-239.347473,-146.212585,2168.559814,-15136.898438,-8646.714844,-0.490865,0.684248,0.539311,0.100000,0.020000,1,0.498598
9.479276,29.861034,-0.917964,187.523102,10.267731,-226.982422,15011.342773,745.441833,-18603.582031,-0.635670,0.747916,0.191165,0.100000,0.020000,1,0.693057
8.834476,29.849054,0.050493,-91.017731,-240.682129,54.693573,-5264.251465,-15024.241211,3997.996582,-0.678823,0.719772,-0.145357,0.100000,0.020000,1,0.350743
8.688845,29.647602,0.065586,-334.542816,195.939896,-329.936829,-22161.750000,10584.474609,-19900.943359,-0.664229,0.671355,-0.328760,0.100000,0.020000,1,0.982947
8.865689,29.808992,-0.211335,-149.539810,14.198969,-82.849060,-9331.371094,769.592590,-4638.427734,-0.514879,0.570063,-0.640257,0.100000,0.020000,1,0.924030
8.597129,29.870224,0.238295,173.032440,-445.359100,-11.324202,10249.329102,-27674.949219,-513.023621,-0.705029,0.619682,0.344858,0.100000,0.020000,1,0.465233
8.845402,29.663958,-0.308456,-184.531677,21.562092,236.641022,-11440.093750,1035.496338,14711.134766,-0.703665,0.540041,-0.461747,0.100000,0.020000,1,0.448897
9.751298,29.272835,-0.269167,171.378967,-84.851959,40.910713,14220.442383,-7934.981445,3322.387207,-0.343743,0.475240,-0.809931,0.100000,0.020000,1,0.518225
8.729816,29.709648,0.392053,-2.091125,4.460834,-19.651743,-704.784363,-129.310837,-1171.697998,-0.535039,0.499028,0.681692,0.100000,0.020000,1,0.614387
10.542873,28.624573,0.286878,544.070007,-299.757690,20.229843,18851.320312,-10461.708984,-5803.647949,-0.688960,0.481548,0.541707,0.100000,0.020000,1,0.877444
8.716585,29.631586,-0.216271,52.548611,31.760904,-36.150642,-3187.129395,-10843.129883,-5318.969727,-0.868862,0.494207,0.028957,0.100000,0.020000,1,0.485110
8.773361,29.598810,-0.024654,36.514629,-5.397379,19.066591,2133.184082,-3205.106445,1476.874146,-0.866807,0.473550,-0.156197,0.100000,0.020000,1,0.654638
8.807692,29.756577,0.080672,-11.234951,55.935585,20.009781,-1726.666382,3236.669922,6815.576172,-0.882709,0.430783,0.187750,0.100000,0.020000,1,0.850129
8.737948,30.052778,0.592514,16.747345,17.268333,9.488197,-50.924110,1576.817139,1044.426514,-0.209684,0.422296,0.881872,0.100000,0.020000,1,0.374392
9.015302,29.459126,0.468048,325.074615,-134.393494,25.411236,11774.505859,-20130.222656,-1405.868896,-0.843983,0.390692,0.367495,0.100000,0.020000,1,0.921503
9.826439,29.073986,-1.072748,268.794067,-132.916870,-227.996002,19380.359375,-10591.530273,-12692.733398,-0.872471,0.386565,-0.298936,0.100000,0.020000,1,0.303498
9.028610,29.913502,0.413372,-426.155212,-145.604858,203.965561,-26717.287109,-8998.175781,12613.697266,-0.330053,0.381389,0.863486,0.100000,0.020000,1,0.683839
8.803346,29.581497,-1.013352,68.167358,-23.415848,-258.160767,-10954.568359,2984.644531,-19111.623047,-0.691209,0.300778,-0.657087,0.100000,0.020000,1,0.208493
8.984290,29.531727,0.244352,-319.982605,48.960571,-767.199097,-19763.308594,2813.441650,-46302.886719,-0.834730,0.272219,-0.478667,0.100000,0.020000,1,0.799984
9.445986,30.993650,1.009509,176.374573,366.267914,173.941406,3000.944336,17678.244141,6619.465820,-0.646943,0.267671,0.714015,0.100000,0.020000,1,0.918282
8.996306,29.680681,0.402507,-87.420654,-128.009125,-175.205688,-5147.621582,-7657.677734,-10543.734375,-0.835290,0.213444,0.506687,0.100000,0.020000,1,0.574616
7.617923,30.341578,0.241847,-185.830368,129.625946,3.624191,-658.830078,1441.155273,-4223.031250,-0.975357,0.172875,-0.137086,0.100000,0.020000,1,0.152547
8.979597,29.841537,-0.264496,-103.251968,-83.289543,-120.951050,-6111.248047,-3813.228027,-8834.030273,-0.984812,0.168737,0.040910,0.100000,0.020000,1,0.223921
8.874624,29.823133,-0.501678,46.808861,-41.787064,42.267700,2553.713623,-2391.856934,2443.552734,-0.498047,0.301518,-0.813041,0.100000,0.020000,1,0.691953
8.852923,29.552872,0.135580,173.574493,-99.739235,-561.195312,10630.899414,-6255.105957,-35377.687500,-0.967506,0.133104,0.214978,0.100000,0.020000,1,0.300847
8.948349,29.684549,-0.139398,143.358673,-454.752197,-71.082680,9035.375977,-27838.425781,-4320.733398,-0.944491,0.047299,-0.325114,0.100000,0.020000,1,0.629601
10.373817,28.674784,0.153267,262.464020,-150.507645,22.123709,22251.574219,-13333.580078,1193.483887,-0.929276,0.029216,0.368230,0.100000,0.020000,1,0.134094
9.306973,29.600134,0.568446,-489.734741,123.144714,-181.788635,-29659.949219,7132.091797,-11047.072266,-0.478049,0.236147,0.845993,0.100000,0.020000,1,0.419875
9.039916,29.616693,-0.363912,-44.809799,-6.197165,9.719755,-2632.767090,-181.927567,550.593689,-0.770557,0.073305,-0.633142,0.100000,0.020000,1,0.570683
8.801579,30.335648,1.059749,-21.531509,168.228821,218.681335,-2195.691650,13758.418945,16682.517578,-0.735610,0.077803,0.672922,0.100000,0.020000,1,0.657094
11.474318,28.225742,1.256913,731.006836,-366.715576,496.994049,32660.671875,-17214.251953,23322.257812,-0.886210,-0.011103,-0.463150,0.100000,0.020000,1,0.804682
9.085616,29.418530,-0.351967,19.639359,-10.496515,457.364990,1357.262085,-978.657593,27428.210938,-0.994354,-0.105777,0.008477,0.100000,0.020000,1,0.655207
8.341902,29.855692,0.663149,-71.128502,43.423752,-241.872589,-552.764893,377.121094,-18364.128906,-0.862992,-0.068449,0.500560,0.100000,0.020000,1,0.194364
9.151409,29.549965,-0.164515,-146.519745,-197.282440,97.538147,-8802.524414,-11806.772461,5793.342285,-0.974957,-0.172160,-0.140783,0.100000,0.020000,1,0.581057
10.498046,30.006510,-0.473368,446.040192,45.047379,-75.057838,14659.002930,371.521973,2879.075195,-0.574751,0.099306,-0.812281,0.100000,0.020000,1,0.322806
7.315917,30.440266,-0.364879,-418.237946,244.818771,-172.073715,-13469.579102,6218.344238,-5245.919434,-0.958739,-0.213865,0.187301,0.100000,0.020000,1,0.491231
8.500106,29.756573,0.096758,417.584137,-233.898148,-244.672134,22424.054688,-16630.935547,-16090.345703,-0.901224,-0.220747,0.372917,0.100000,0.020000,1,0.149896
9.095327,29.736967,-0.242762,514.827332,-396.751404,192.583206,32496.798828,-23610.677734,11787.101562,-0.927117,-0.248674,-0.280383,0.100000,0.020000,1,0.396172
9.133907,29.459888,-0.437450,-15.243511,9.065142,44.705307,-838.353088,379.543610,2471.915283,-0.751492,-0.152113,-0.641966,0.100000,0.020000,1,0.478526
9.144909,29.384295,-0.430256,151.620010,-84.272026,276.217682,8880.646484,-6942.781250,16852.152344,-0.843671,-0.281333,-0.457242,0.100000,0.020000,1,0.294263
9.407990,29.454641,0.118016,22.558159,-115.458069,-71.333176,2833.592773,-8298.377930,-5992.867676,-0.500654,0.085512,0.861414,0.100000,0.020000,1,0.574171
9.119592,29.608767,0.354641,14.960861,-24.652607,10.670462,875.166016,-1192.995483,558.415222,-0.696434,-0.183977,0.693637,0.100000,0.020000,1,0.836374
10.261725,28.739502,0.414982,267.134735,-153.853745,149.270996,21175.830078,-12421.684570,11159.164062,-0.883729,-0.467990,0.002931,0.100000,0.020000,1,0.718200
9.060670,29.432932,-0.462200,-34.375469,23.856363,17.048740,-3580.122314,-878.513123,1105.380981,-0.579437,-0.058811,-0.812892,0.100000,0.020000,1,0.917570
9.422474,29.233904,0.914707,50.112579,-28.252678,195.538696,4006.591797,-2291.724365,15740.353516,-0.861179,-0.473655,0.184449,0.100000,0.020000,1,0.914189
8.971066,29.488440,-0.329994,-163.041290,95.276016,169.133881,-11407.019531,6598.512207,9562.131836,-0.854494,-0.506521,-0.115221,0.100000,0.020000,1,0.203582
9.004390,29.600401,0.391150,-25.133324,-51.260452,-0.803714,-2444.979248,-2547.502197,342.394196,-0.752292,-0.378618,0.539171,0.100000,0.020000,1,0.960936
9.330861,30.517021,0.724642,50.691544,267.690216,74.849060,4017.072754,20700.791016,5875.979004,-0.570793,-0.099119,0.815089,0.100000,0.020000,1,0.786763
9.490910,29.429874,-0.300069,-324.198364,-36.769180,222.151764,-19537.767578,-2067.984375,13451.166016,-0.792666,-0.532689,-0.296519,0.100000,0.020000,1,0.409198
9.242925,29.561356,0.152375,6.218139,-82.801147,-9.042236,251.582138,-4465.204590,-734.270874,-0.770828,-0.533876,0.347564,0.100000,0.020000,1,0.866500
9.174151,29.539238,-0.252180,197.371796,-85.968086,-519.040649,12202.680664,-5130.608398,-32374.500000,-0.678439,-0.384377,-0.626079,0.100000,0.020000,1,0.217337
9.460720,29.537661,-0.343808,8.666393,21.026806,27.306034,-443.897705,820.569092,1836.557007,-0.707350,-0.540932,-0.455025,0.100000,0.020000,1,0.481871
9.615464,29.367769,-0.213058,84.179916,-88.439575,-155.078949,6565.597168,-5821.851074,-11853.045898,-0.663837,-0.547135,0.509866,0.100000,0.020000,1,0.115232
8.918699,30.012886,-0.485103,450.147583,-343.267578,96.118164,27163.931641,-19782.548828,5852.041504,-0.556481,-0.266252,-0.787044,0.100000,0.020000,1,0.046883
8.647779,30.711647,0.755277,-110.223343,71.369446,217.875290,-1289.357910,-6283.831055,8823.519531,-0.605683,-0.422505,0.674268,0.100000,0.020000,1,0.744216
9.441117,29.416147,-0.190015,-55.404076,7.757269,47.721313,-3246.085693,716.730286,2536.510254,-0.693969,-0.706604,-0.138267,0.100000,0.020000,1,0.091992
10.217595,30.952063,-0.317166,229.017761,454.123840,-88.764450,17891.046875,35319.246094,-6962.499023,-0.682902,-0.730359,0.014854,0.100000,0.020000,1,0.457012
9.446557,29.497496,-0.238030,-120.422379,-43.276237,166.344543,-7439.545410,-2269.582275,10163.868164,-0.630091,-0.721889,-0.286113,0.100000,0.020000,1,0.253193
9.509581,29.469929,0.120097,-59.676483,-18.402485,-3.512578,-3378.141357,-775.064880,-192.239899,-0.635691,-0.744180,0.205165,0.100000,0.020000,1,0.270828
9.429184,29.494949,0.164022,48.892029,-147.680069,132.511444,3055.772461,-8954.474609,8257.299805,-0.571944,-0.744621,0.344122,0.100000,0.020000,1,0.658055
9.084374,29.751301,0.402832,207.648102,-440.931213,-138.857880,11902.314453,-26746.345703,-8574.119141,-0.508878,-0.566362,0.648288,0.100000,0.020000,1,0.596539
9.306503,29.363287,0.084256,29.751625,-7.512970,106.115540,1580.380981,-990.530029,8514.225586,-0.510872,-0.578556,-0.635832,0.100000,0.020000,1,0.928389
9.599026,30.438278,0.569101,130.533585,167.350281,11.572942,4160.856445,3864.364014,-155.332947,-0.457697,-0.269217,0.847370,0.100000,0.020000,1,0.184737
9.443730,29.564943,-0.304117,111.015045,-62.740417,71.655624,6875.972656,-3494.988525,4312.069824,-0.464452,-0.756540,-0.460359,0.100000,0.020000,1,0.353626
9.249172,29.324099,0.320752,-438.570770,256.347015,422.246735,-29517.640625,14291.975586,26938.150391,-0.445450,-0.736396,0.509210,0.100000,0.020000,1,0.433007
9.525347,29.417480,0.273881,1.642181,-4.741237,-215.858856,5.177343,-360.974670,-12897.708008,-0.423714,-0.887500,0.181133,0.100000,0.020000,1,0.159238
9.568928,29.440247,-0.096856,-31.337696,45.796745,27.937515,-1917.026489,2933.592529,1650.849854,-0.421753,-0.897788,-0.126888,0.100000,0.020000,1,0.299032
9.159179,29.795084,-0.388646,-144.148834,-348.781860,-31.890144,-9822.541016,-21084.375000,-1802.905640,-0.428107,-0.426842,-0.796574,0.100000,0.020000,1,0.528137
9.520543,29.648355,-0.741437,-14.323647,35.992798,-181.042847,-1108.167847,3166.202148,-14588.424805,-0.400435,-0.915924,0.027121,0.100000,0.020000,1,0.362078
9.374728,30.470692,-0.663739,-20.278708,268.549377,-209.115784,-715.199829,8172.751953,-7301.165039,-0.355194,-0.880330,-0.314414,0.100000,0.020000,1,0.917357
9.143455,29.511507,0.279609,-158.043716,127.818710,400.500885,-10742.251953,7707.695312,24537.740234,-0.395635,-0.393588,0.829796,0.100000,0.020000,1,0.092579
9.564474,29.557621,0.100765,141.719330,-279.791321,588.227905,8900.882812,-17364.970703,36694.996094,-0.316478,-0.872815,0.371533,0.100000,0.020000,1,0.072685
9.402095,29.610996,-0.430429,-8.180380,11.232632,17.273300,-544.614502,880.878967,1041.851929,-0.356437,-0.543253,-0.760150,0.100000,0.020000,1,0.003838
9.596355,29.394932,-0.496681,-125.418137,75.720734,104.478500,-7563.520020,4224.062012,5889.472168,-0.317634,-0.738195,-0.595127,0.100000,0.020000,1,0.570345
9.472991,29.653118,-0.465250,-12.261005,6.591373,-71.604843,-1225.268066,963.051514,-5392.765137,-0.258005,-0.846750,-0.465240,0.100000,0.020000,1,0.516250
9.426641,29.735130,0.055674,327.001770,-129.793274,-81.858032,19615.035156,-7292.243164,-4960.197266,-0.172179,-0.985001,0.011255,0.100000,0.020000,1,0.405639
9.209236,29.476139,0.591230,160.777130,-91.125031,-272.250580,8837.348633,-6183.645020,-16261.477539,-0.229822,-0.703895,0.672097,0.100000,0.020000,1,0.083344
9.084884,29.549189,0.672970,-31.021584,57.376343,51.602989,-4109.386230,3556.440430,4860.764160,-0.176169,-0.832693,0.524964,0.100000,0.020000,1,0.759110
9.468595,29.197416,-0.142813,-75.815529,45.118332,408.694214,-6031.229492,820.294739,24860.851562,-0.123034,-0.975767,0.180944,0.100000,0.020000,1,0.211127
9.747446,29.708607,-0.143882,12.802277,-0.636890,-7.182583,1034.940430,603.701660,-687.054993,-0.099442,-0.982153,-0.159644,0.100000,0.020000,1,0.433897
9.720164,29.329079,-0.150757,-309.370300,179.825439,77.155380,-19391.210938,10298.024414,4959.470703,-0.065569,-0.947677,-0.312424,0.100000,0.020000,1,0.370851
9.684289,29.764849,0.224231,-63.313370,-436.286102,-441.188965,-4009.274414,-26778.783203,-27646.951172,-0.062686,-0.945487,0.319569,0.100000,0.020000,1,0.124574
9.371377,29.729765,0.479126,9.017869,-14.707834,-9.562113,359.800903,-536.254639,-517.658875,-0.245525,-0.497044,0.832265,0.100000,0.020000,1,0.565505
9.462887,29.943762,-0.318439,108.574814,51.711288,-79.257431,6220.451660,4602.614258,-4952.755859,-0.074297,-0.796791,-0.599670,0.100000,0.020000,1,0.436548
9.497931,29.741520,-0.181835,-226.078384,-222.980988,-772.112122,-14353.046875,-13630.518555,-47764.250000,-0.151826,-0.641232,-0.752177,0.100000,0.020000,1,0.149807
9.679255,29.855742,-0.186784,8.203844,13.599617,-1.267890,487.841339,1804.691284,150.059372,0.005402,-0.898507,-0.438926,0.100000,0.020000,1,0.540379
9.542912,29.910797,0.249772,1.852950,-128.837265,116.769348,-162.151062,-7080.564941,6905.081543,-0.025682,-0.754778,0.655477,0.100000,0.020000,1,0.719748
9.619787,29.549480,0.363831,70.921829,-16.438175,76.043701,3841.258301,-1525.705444,6289.926270,0.144597,-0.989402,0.013218,0.100000,0.020000,1,0.291273
9.448071,29.604300,0.147461,216.239441,-313.919861,-390.616241,12619.304688,-20112.945312,-25179.587891,0.082422,-0.864958,0.495029,0.100000,0.020000,1,0.251467
9.524422,29.862959,-0.500373,-50.016090,-29.456978,-125.991943,-3694.674316,2906.790283,-9783.210938,0.163117,-0.973273,0.161657,0.100000,0.020000,1,0.792012
10.733100,29.512348,0.131486,336.502014,-12.018745,-16.755447,10271.766602,-985.764893,7670.101074,0.193284,-0.972870,-0.127140,0.100000,0.020000,1,0.879063
9.722548,29.863798,0.195206,-7.213594,-59.274338,-5.927873,-606.783997,-3183.234863,-374.935974,0.227069,-0.907021,0.354615,0.100000,0.020000,1,0.594724
9.726293,30.075460,-0.521597,4.401669,50.190628,-89.476242,79.822647,4601.603516,-7174.004883,0.245002,-0.927047,-0.283827,0.100000,0.020000,1,0.957288
9.465221,29.742756,0.463161,-3.136747,8.852497,-9.745531,-346.088989,790.705811,-568.557251,-0.091085,-0.564539,0.820365,0.100000,0.020000,1,0.899936
9.516588,29.787058,-0.627985,-150.593811,-111.631310,467.707214,-9789.092773,-6735.761719,28617.453125,0.029393,-0.664304,-0.746885,0.100000,0.020000,1,0.509221
9.596477,29.907700,-0.564808,-5.561676,19.072639,-61.307304,-638.989197,1936.141602,-4783.408203,0.138466,-0.765563,-0.628283,0.100000,0.020000,1,0.039641
9.697654,29.853720,0.368408,-177.935425,9.208492,-40.775261,-11069.296875,988.089478,-2553.869873,0.167664,-0.732326,0.659990,0.100000,0.020000,1,0.131603
9.247345,29.846113,0.242095,-51.840057,43.190834,104.032227,-5354.220215,2936.513184,8672.540039,0.311795,-0.822762,-0.475234,0.100000,0.020000,1,0.013305
9.646282,30.064369,0.060573,-0.607172,8.570026,5.728590,-766.600342,1488.010620,532.604553,0.448142,-0.893251,0.035665,0.100000,0.020000,1,0.581289
9.167649,30.523710,0.848373,-181.439896,150.949570,209.553314,-5651.697266,4042.869141,6884.695801,0.353088,-0.797731,0.488829,0.100000,0.020000,1,0.945863
9.009430,29.853247,-0.101468,224.499420,-93.420609,31.278881,10817.443359,-5945.523926,1083.309326,0.480040,-0.853478,0.202822,0.100000,0.020000,1,0.386777
9.659024,29.842554,-0.610371,-13.613892,-41.568756,-123.054504,-1522.100342,-2724.453125,-9982.904297,0.488316,-0.860447,-0.145530,0.100000,0.020000,1,0.094430
9.668316,30.006718,-0.049155,67.236198,95.157761,-201.399933,3703.423340,6446.104492,-12209.359375,0.520666,-0.796371,-0.307733,0.100000,0.020000,1,0.283390
9.203966,31.838638,-0.868353,-149.907425,458.135498,-318.767273,-4980.220215,11790.388672,-10106.064453,0.522774,-0.774052,0.357142,0.100000,0.020000,1,0.510894
9.627642,29.912811,-0.533115,-75.455734,-4.682411,135.985565,-4770.312500,40.503876,8078.645996,0.252028,-0.613623,-0.748297,0.100000,0.020000,1,0.103986
9.631363,29.734388,-0.170357,-86.323654,-39.608910,-555.041565,-5760.432617,-3130.451416,-34329.785156,0.406075,-0.675654,-0.615301,0.100000,0.020000,1,0.216145
9.830463,30.016760,-0.206084,-166.663574,48.941643,11.302210,-10267.563477,3462.931641,840.852783,0.532001,-0.729802,-0.429377,0.100000,0.020000,1,0.513990
9.439428,29.373613,0.313615,-98.857483,105.365974,-29.041904,-6724.223145,4914.539062,-2433.868896,0.114507,-0.545762,0.830080,0.100000,0.020000,1,0.045904
9.521156,31.296228,-1.607634,62.211334,549.654053,-417.301880,4655.409180,13249.871094,-20845.044922,0.674814,-0.737586,0.024347,0.100000,0.020000,1,0.785553
9.710425,30.040167,0.267982,28.722427,-1.390181,-25.255379,1939.198730,498.458710,-2018.677124,0.402638,-0.622886,0.670743,0.100000,0.020000,1,0.488241
9.575476,30.073526,0.312215,12.918563,4.079947,-28.620087,118.560883,726.770630,-1682.395630,0.555130,-0.654929,0.512737,0.100000,0.020000,1,0.964441
10.077790,29.710951,-0.154263,98.403069,-127.277336,-39.874905,3893.614258,-4054.138672,-259.273438,0.704000,-0.695587,-0.143327,0.100000,0.020000,1,0.381670
9.764234,30.153425,0.150874,-26.072384,-13.740982,-22.932079,-1795.599365,-343.814240,-1261.279297,0.711834,-0.675324,0.192952,0.100000,0.020000,1,0.721207
8.892853,29.919247,0.425199,-138.811035,80.522141,70.402794,-11699.355469,5322.463379,4371.134766,0.262816,-0.534459,0.803294,0.100000,0.020000,1,0.984282
9.758279,30.083027,-0.252299,-210.871231,310.643433,-121.147690,-13402.142578,19761.958984,-8016.542969,0.719189,-0.627958,-0.297380,0.100000,0.020000,1,0.459894
8.797911,30.433727,0.157239,-223.752106,61.843090,-99.563431,-6576.192383,1928.327881,-4565.253906,0.740141,-0.589653,0.323266,0.100000,0.020000,1,0.645758
9.071697,30.182180,0.331223,-109.528015,14.344387,-9.698463,-9497.239258,1678.786011,-677.168823,0.557175,-0.541709,0.629371,0.100000,0.020000,1,0.966719
9.562512,29.712700,-0.461050,-92.603165,76.321381,182.723969,-6398.454102,3608.849121,11025.852539,0.569179,-0.544341,-0.616220,0.100000,0.020000,1,0.675191
10.395554,30.371021,-0.708644,225.597015,40.692932,-131.751526,12843.624023,-2971.550781,-7012.469727,0.717208,-0.543031,-0.436727,0.100000,0.020000,1,0.948052
9.416485,29.888447,-0.370706,64.323730,-70.214447,-56.367393,3211.865967,-4623.369141,-3329.214111,0.394051,-0.498519,-0.772141,0.100000,0.020000,1,0.873333
9.207470,29.643925,0.772693,-132.895752,-162.406982,125.255234,-2371.224854,-5984.016602,6213.642578,0.713242,-0.502107,0.489054,0.100000,0.020000,1,0.883387
9.597906,29.693104,-1.266026,-16.480091,53.933594,-274.570801,-1827.782227,6105.431641,-1512.590820,0.427609,-0.464825,0.775299,0.100000,0.020000,1,0.440552
9.826986,30.174929,0.155518,60.484463,-31.982761,66.565872,2238.681152,-1383.253906,4938.378906,0.857882,-0.435261,-0.273105,0.100000,0.020000,1,0.514559
9.892860,30.025612,-0.204887,75.193474,-83.585648,-87.461807,5389.498047,-5927.650879,-6822.561523,0.880297,-0.433138,0.193567,0.100000,0.020000,1,0.606842
9.270275,30.461557,-0.414952,-78.507477,65.373894,-75.671600,-6932.943359,5270.500977,-6253.150879,0.894065,-0.433768,-0.111770,0.100000,0.020000,1,0.159345
9.348853,30.592863,0.022120,-51.809525,64.959076,-5.994361,-4930.725098,5783.993652,-321.477631,0.899966,-0.435686,0.015439,0.100000,0.020000,1,0.219615
9.804458,30.227253,-0.365630,-531.822754,-215.071747,134.506851,-33011.660156,-13075.286133,8308.062500,0.703193,-0.404824,-0.584498,0.100000,0.020000,1,0.292163
9.227744,30.869814,0.821490,-97.246918,153.165405,162.588501,-8129.188477,12484.463867,12922.112305,0.867336,-0.367236,0.335954,0.100000,0.020000,1,0.711527
7.245279,30.481047,-0.103938,-475.215759,374.787567,35.555901,-28342.779297,-4021.664307,4675.901367,0.693267,-0.317913,0.646771,0.100000,0.020000,1,0.422989
9.496115,30.133972,-0.421517,5.982595,-4.452305,1.693944,-36.552708,28.460253,90.669533,0.557500,-0.338659,-0.757960,0.100000,0.020000,1,0.747864
9.158789,31.132166,1.924114,-159.895432,332.956726,594.084473,-5282.193359,13403.946289,19527.234375,0.854869,-0.256283,-0.451131,0.100000,0.020000,1,0.398770
9.936324,32.675709,0.463593,164.845245,635.064880,41.569183,12510.173828,43183.468750,12546.363281,0.838068,-0.220068,0.499212,0.100000,0.020000,1,0.517015
9.486961,30.410799,0.065141,26.181217,-24.950401,-21.528122,971.656006,-1152.996826,-1180.200439,0.983884,-0.174129,0.040629,0.100000,0.020000,1,0.872675
9.498608,30.340685,-0.042159,11.495959,-1.491406,-3.235125,105.878052,39.520908,-128.983963,0.979238,-0.170795,-0.109184,0.100000,0.020000,1,0.878725
9.360338,30.310280,0.143087,-5.245659,2.130790,10.831306,-1478.406494,120.953400,894.585876,0.974580,-0.148117,0.168095,0.100000,0.020000,1,0.063112
9.607086,30.210865,0.564645,38.509163,4.065193,19.439121,2592.612549,908.892761,1753.443481,0.523386,-0.303651,0.796155,0.100000,0.020000,1,0.589296
9.625745,30.488724,-0.190940,-154.695007,-273.031891,333.454712,-9744.301758,-16468.691406,20905.746094,0.949018,-0.135108,-0.284798,0.100000,0.020000,1,0.522033
9.510217,30.324741,0.254369,15.004679,96.499329,311.156921,532.196777,6161.229980,19973.375000,0.941311,-0.115757,0.317070,0.100000,0.020000,1,0.026526
9.444571,30.194750,0.401688,-316.865326,86.377655,32.073174,-20497.742188,5364.359375,2236.864258,0.758599,-0.137921,0.636793,0.100000,0.020000,1,0.294743
9.223359,29.846876,-0.567611,-201.664001,129.826691,328.758881,-14148.282227,6583.319336,19784.615234,0.782969,-0.120655,-0.610247,0.100000,0.020000,1,0.723449
9.543566,30.377304,-0.476176,-102.337952,-245.150391,189.522125,-6486.936523,-14527.912109,11674.471680,0.648696,-0.181823,-0.739008,0.100000,0.020000,1,0.641826
9.316089,30.137115,0.017523,-9.551758,-63.039703,40.190880,-1573.263306,-4765.781738,3579.696777,0.906987,-0.007382,-0.421095,0.100000,0.020000,1,0.578050
10.437398,30.671499,0.606294,279.382812,63.515091,181.163269,21393.093750,5174.363770,13962.937500,0.997247,0.074103,0.002558,0.100000,0.020000,1,0.414696
9.636960,30.508804,-0.013540,92.575455,94.227524,-83.679199,3188.741211,2218.503418,-3063.755615,0.867814,0.019033,0.496525,0.100000,0.020000,1,0.236395
9.298576,31.103273,0.121029,386.293213,208.155716,-70.927094,23017.916016,4553.259766,-1416.630127,0.610330,-0.146992,0.778390,0.100000,0.020000,1,0.200717
9.355638,30.489523,-0.054092,-26.685394,-51.542152,-72.507874,-2332.227539,-2883.208252,-4482.727051,0.982609,0.123114,-0.139007,0.100000,0.020000,1,0.376634
9.297650,30.351933,0.032018,-36.952393,21.032612,95.015869,-3212.285400,1141.855103,5684.847168,0.973371,0.122303,0.193883,0.100000,0.020000,1,0.945970
9.367877,30.313526,-0.294982,5.355111,8.404108,-13.287727,-140.695450,576.274536,-724.552307,0.808179,0.068350,-0.584957,0.100000,0.020000,1,0.944369
9.122485,30.649725,-1.074383,-27.173737,46.105255,-227.623779,-3941.892822,5908.239258,-15406.750000,0.942888,0.186068,-0.276299,0.100000,0.020000,1,0.568370
9.496742,30.466883,0.118578,-300.146271,-78.681664,185.702820,-18777.232422,-4665.168945,11438.865234,0.920108,0.197806,0.338044,0.100000,0.020000,1,0.310990
9.562604,30.291513,-0.401403,35.139549,1.118034,1.651438,2555.575684,432.935852,151.744370,0.661855,-0.026999,-0.749145,0.100000,0.020000,1,0.253247
8.784232,30.317696,0.036092,-61.121689,52.364151,-63.596130,-6696.050293,3416.075928,-5312.442383,0.772423,0.085579,0.629316,0.100000,0.020000,1,0.346632
9.365516,30.016230,0.205983,65.116302,-4.217167,29.740723,3881.451172,-1813.333862,3715.600586,0.872013,0.243615,-0.424553,0.100000,0.020000,1,0.178367
9.431551,29.874773,0.409033,55.448090,-159.390320,138.272003,3675.356201,-12463.541992,10429.502930,0.936131,0.351636,0.003323,0.100000,0.020000,1,0.502673
9.291280,30.459772,0.327589,-13.887428,-17.333759,-60.748390,-1328.251709,-767.754395,-3531.140625,0.844325,0.270050,0.462804,0.100000,0.020000,1,0.141461
9.368344,30.384546,0.325210,-47.179398,-100.935547,105.421860,-3297.532227,-5654.451172,6241.700684,0.637704,0.036312,0.769425,0.100000,0.020000,1,0.931201
9.044029,29.787758,-0.253436,105.209267,43.868904,-167.683136,4769.009277,352.239746,-11706.217773,0.894345,0.414228,0.169005,0.100000,0.020000,1,0.136354
9.291267,30.554634,0.044348,-285.855957,-323.010223,-280.829041,-18278.611328,-19962.390625,-17235.076172,0.899087,0.417146,-0.132781,0.100000,0.020000,1,0.824576
9.421578,30.177488,-0.255587,62.851151,-61.312164,-24.296009,4350.739258,-4948.222656,-1930.066650,0.856063,0.426709,-0.291677,0.100000,0.020000,1,0.007984
8.539021,32.093269,1.239359,-136.016052,476.543457,257.361938,-11879.464844,37019.082031,20712.800781,0.849459,0.427778,0.308911,0.100000,0.020000,1,0.642644
9.217770,30.470352,-0.352257,47.542999,-73.288712,-9.719667,2464.209717,-4082.798096,-682.603638,0.730411,0.308609,-0.609311,0.100000,0.020000,1,0.838331
9.966185,31.373617,-1.032836,253.529266,247.816147,-234.285492,6350.680664,10065.472656,-11638.425781,0.794877,0.430279,-0.427820,0.100000,0.020000,1,0.340991
9.310548,30.352407,-0.464253,-54.587418,31.482590,72.544785,-3702.155518,2328.124023,4321.660645,0.652097,0.201804,-0.730784,0.100000,0.020000,1,0.825804
9.404765,30.407694,0.307592,-564.530029,-41.114986,-195.275925,-35355.167969,-2292.903076,-12476.803711,0.715020,0.315696,0.623765,0.100000,0.020000,1,0.811230
9.253785,30.405018,-0.024115,-239.497131,320.686554,141.554184,-15038.005859,20000.115234,8804.829102,0.803425,0.595269,0.012769,0.100000,0.020000,1,0.377203
9.270143,30.198198,-0.376577,21.467829,-100.540375,-30.253990,1517.986084,-5734.054688,-2396.396729,0.497811,-0.069565,-0.864491,0.100000,0.020000,1,0.105000
9.255589,30.437603,0.204691,-65.399078,-116.309616,128.673019,-4153.369141,-7186.934570,7915.006348,0.736980,0.493962,0.461369,0.100000,0.020000,1,0.594955
8.795379,30.887747,0.436680,-90.145355,135.482788,121.438690,-4747.359375,7942.361328,635.759766,0.779042,0.597336,0.190483,0.100000,0.020000,1,0.426369
9.210047,30.331511,0.464044,25.074894,-29.296722,-23.406937,979.151672,-1503.804565,-1314.186401,0.602158,0.206197,0.771290,0.100000,0.020000,1,0.841819
9.064135,30.573168,-0.042364,-4.645727,-84.577682,-33.647728,-834.543396,-4835.401855,-1954.254272,0.747791,0.646640,-0.150551,0.100000,0.020000,1,0.873689
8.612021,29.898371,-0.294149,243.015945,-77.755447,-160.947571,12689.727539,-6847.118652,-10069.278320,0.664684,0.479587,-0.572880,0.100000,0.020000,1,0.383129
9.129288,30.535902,0.159625,-297.976624,-310.097168,73.106758,-19087.468750,-19115.404297,4503.304688,0.710650,0.617023,0.338023,0.100000,0.020000,1,0.550487
9.024582,30.491053,-0.123814,48.065460,-22.011292,34.996025,2363.816162,-1139.760010,2390.127686,0.707251,0.638555,-0.303387,0.100000,0.020000,1,0.045993
9.119344,30.340876,-0.445660,16.145699,-21.183559,17.647827,399.733826,-1063.330078,974.333984,0.556101,0.361858,-0.748204,0.100000,0.020000,1,0.312609
8.691230,30.044615,0.211598,149.467346,-56.578217,16.584555,7508.039551,-4992.986816,847.446289,0.605739,0.641555,0.470625,0.100000,0.020000,1,0.198048
8.545074,30.941814,1.139448,-77.767807,187.719299,180.260864,-7651.948242,14424.553711,14647.496094,0.565807,0.509676,0.648146,0.100000,0.020000,1,0.954423
9.254359,30.318207,0.007972,72.693085,1.137264,6.501953,5110.529785,-224.496719,1447.992676,0.589676,0.679742,-0.436156,0.100000,0.020000,1,0.811141
8.888556,30.490469,-0.040430,-32.802288,-66.765335,-54.416943,-2880.878418,-3957.815430,-3335.044678,0.603073,0.789101,-0.116718,0.100000,0.020000,1,0.881162
9.347774,29.393742,0.815441,115.338905,-310.341522,208.974854,5138.676758,-9393.244141,7919.488281,0.579866,0.799618,0.156101,0.100000,0.020000,1,0.461603
9.179856,30.112131,0.165925,82.840179,-76.839645,131.556519,5709.030762,-6164.669922,8955.302734,0.582240,0.812812,0.018255,0.100000,0.020000,1,0.257286
9.117538,30.097406,0.107891,-6.863640,22.124891,-27.436676,-1040.622314,769.995300,-3099.429443,0.509723,0.341249,0.789767,0.100000,0.020000,1,0.428256
9.379280,29.773552,-0.887088,90.816360,-17.803902,-105.473755,5273.822754,-3205.806152,-9483.941406,0.492128,0.058303,-0.868568,0.100000,0.020000,1,0.143009
9.028418,30.308878,-0.235987,14.836060,-11.028255,-30.265663,858.043457,-1041.093262,-2204.863770,0.512183,0.804627,-0.300408,0.100000,0.020000,1,0.942732
8.943928,30.265862,-0.312453,56.979881,-23.419037,-20.697838,2891.290527,-1760.272583,-1274.371826,0.490110,0.649781,-0.581014,0.100000,0.020000,1,0.451673
8.383186,30.783188,0.723578,-153.025818,115.421234,135.182312,-12379.367188,8959.458984,10833.064453,0.486188,0.815401,0.314232,0.100000,0.020000,1,0.735318
9.235386,32.140900,0.105357,102.244797,526.237732,-120.128067,3126.808594,15603.678711,-4433.385254,0.453500,0.643735,0.616395,0.100000,0.020000,1,0.984104
9.148684,30.229179,-0.443723,177.761932,-26.042742,-199.352310,10478.250977,-1452.683228,-12458.464844,0.476894,0.183825,-0.859523,0.100000,0.020000,1,0.455232
8.556202,30.738972,-0.305343,-133.316162,102.548889,17.538139,-10925.699219,8449.499023,1530.049683,0.433303,0.517456,-0.737894,0.100000,0.020000,1,0.760551
8.805900,29.738670,0.049403,-2.488625,49.512459,-500.361389,-1033.861938,619.872131,-30347.275391,0.401847,0.799141,-0.447093,0.100000,0.020000,1,0.453097
8.799117,30.195532,-0.135636,-59.547935,177.038956,124.963959,-4357.822266,10482.138672,7266.679688,0.364185,0.931028,0.023592,0.100000,0.020000,1,0.871482
8.698016,30.080605,0.415028,34.054398,-2.355122,129.991577,1123.674683,-1309.551880,10181.644531,0.360882,0.926665,-0.105146,0.100000,0.020000,1,0.619974
9.114985,30.404779,0.280274,33.489944,45.897800,-59.640663,788.668640,1355.492310,-1911.196777,0.414840,0.485917,0.769280,0.100000,0.020000,1,0.773790
8.159799,30.850121,0.343104,-185.864441,143.780640,-2.774015,-15261.648438,11293.254883,148.574356,0.362791,0.797451,0.482135,0.100000,0.020000,1,0.665421
8.635493,30.286610,0.041902,-21.155121,-11.418182,-19.893082,-2587.853760,-972.908508,-1456.181885,0.335666,0.927748,0.163132,0.100000,0.020000,1,0.272589
8.728647,30.034946,-0.778744,33.355595,7.523956,-140.333679,1276.673706,-724.548828,-11470.585938,0.290301,0.915454,-0.278693,0.100000,0.020000,1,0.570808
8.689672,30.375912,-0.347444,-39.477249,19.575676,7.714684,-4151.894531,1735.922852,667.758911,0.349706,0.612271,-0.709105,0.100000,0.020000,1,0.371972
8.849442,29.554884,0.530776,72.191109,36.363235,21.145140,-1388.477051,-18923.562500,6347.416992,0.274533,0.906317,0.321279,0.100000,0.020000,1,0.183260
9.493808,30.814075,-0.471989,193.853760,171.798065,-23.950531,11226.367188,5075.604004,-11317.535156,0.229788,0.879608,-0.416519,0.100000,0.020000,1,0.435587
9.038371,30.262074,-0.056546,-194.758575,-7.888777,-360.252502,-12083.349609,-468.151855,-21589.994141,0.250598,0.758298,-0.601819,0.100000,0.020000,1,0.051990
9.820704,32.004196,0.319117,282.328766,501.852112,-13.108536,12405.146484,23667.816406,-2472.255371,0.245024,0.749838,0.614578,0.100000,0.020000,1,0.016561
9.153797,30.439928,-0.540538,-105.440460,-444.240051,131.400116,-6980.199707,-26994.933594,8010.464355,0.392867,0.331255,-0.857861,0.100000,0.020000,1,0.648392
8.278243,29.900600,0.249645,197.549652,-109.226273,-189.427414,10146.065430,-8358.009766,-11268.611328,0.092952,0.983657,0.154205,0.100000,0.020000,1,0.540397
8.810432,30.305061,-0.015037,-202.435486,-255.037964,-209.780396,-12867.610352,-15867.496094,-12982.635742,0.089227,0.986164,-0.139713,0.100000,0.020000,1,0.394873
8.703054,30.062983,0.246028,26.951666,7.422620,6.889185,899.416138,-228.768967,373.331543,0.121420,0.872527,0.473238,0.100000,0.020000,1,0.526072
10.052970,30.420115,0.382459,452.419128,186.160431,99.944138,26611.675781,-2577.109375,7081.834961,0.035367,0.998863,0.031958,0.100000,0.020000,1,0.313872
8.763283,29.989788,-0.210552,-364.996643,226.966644,188.625488,-23289.597656,13393.820312,11646.787109,0.025688,0.962663,-0.269480,0.100000,0.020000,1,0.611593
8.995353,30.304203,1.210607,32.050018,0.765839,213.283356,1813.507812,4689.157227,16880.714844,0.235827,0.570634,0.786615,0.100000,0.020000,1,0.797920
8.524558,30.258299,-0.442601,-26.747055,26.250549,-29.027199,-3291.496826,1966.092773,-2333.674316,0.066641,0.807927,-0.585502,0.100000,0.020000,1,0.516588
9.024159,30.059557,-0.893903,46.082390,-36.890129,-219.347473,3771.540527,-2863.223145,-18326.517578,-0.017706,0.945958,0.323804,0.100000,0.020000,1,0.797457
9.536476,29.158224,-2.171933,280.495911,-117.912308,-519.588867,1684.328613,-10854.228516,-15479.426758,0.133979,0.679242,-0.721582,0.100000,0.020000,1,0.958408
8.773561,30.011965,-0.125173,-4.537846,-37.134483,-29.128681,-507.903656,-2973.878662,-1404.529297,-0.045956,0.908337,-0.415707,0.100000,0.020000,1,0.221590
9.182452,30.494349,0.372319,64.339149,48.028122,-10.414818,5235.413574,4449.758789,-515.377197,0.016266,0.789099,0.614051,0.100000,0.020000,1,0.520022
8.562234,30.078918,0.573382,-8.607643,19.850697,63.658920,-1654.756104,1010.523071,5339.728027,-0.082747,0.880537,0.466699,0.100000,0.020000,1,0.719232
8.691592,30.017939,-0.072354,33.472649,-4.490576,148.181122,1875.124268,-640.556641,9388.905273,-0.211235,0.966352,-0.146779,0.100000,0.020000,1,0.859471
8.685848,30.062046,0.079899,2.153627,2.218095,2.183390,-130.352951,-23.593767,86.787964,-0.213428,0.962550,0.167172,0.100000,0.020000,1,0.007771
8.646075,30.088814,-0.082458,-29.431412,90.021576,313.020142,-2256.838867,5628.658691,19344.285156,-0.220642,0.974892,0.030050,0.100000,0.020000,1,0.105427
9.262847,30.544065,0.792426,83.930115,99.242706,83.126961,7486.736816,10160.181641,4306.996094,0.092734,0.617703,0.780924,0.100000,0.020000,1,0.653018
8.743529,30.119665,-0.376300,503.785156,-301.556580,453.740540,31368.855469,-18976.248047,28352.296875,-0.111215,0.822482,-0.557812,0.100000,0.020000,1,0.967306
8.334240,29.852337,-0.302461,-84.730095,96.207886,-180.638046,-9696.152344,-3029.534668,-8767.312500,-0.231474,0.919213,0.318540,0.100000,0.020000,1,0.558476
8.577167,30.074255,-0.313308,-9.911755,9.203783,-22.506668,-1355.118164,627.580811,-2085.403809,-0.268096,0.921830,-0.279919,0.100000,0.020000,1,0.317093
8.722650,29.957035,-0.347468,98.622803,-11.856392,-70.681274,5353.021973,-1274.347046,-4217.598633,-0.061768,0.673575,-0.736533,0.100000,0.020000,1,0.007522
8.662570,30.064329,-0.235193,22.078400,-34.307648,10.903954,920.130676,-2023.217285,697.060852,-0.293255,0.853533,-0.430676,0.100000,0.020000,1,0.968729
8.552402,29.787619,0.433804,-271.856506,175.513519,236.514954,-15938.093750,8251.883789,11984.342773,-0.071150,0.664201,0.744161,0.100000,0.020000,1,0.724339
8.906967,29.988178,0.405568,29.292816,-2.567482,12.134514,2112.573975,-395.642487,1057.644897,-0.205728,0.765719,0.609385,0.100000,0.020000,1,0.516392
9.081001,29.621218,-0.183636,120.807190,-46.191711,-124.271332,8888.044922,-4525.323242,-9672.261719,-0.325887,0.825569,0.460689,0.100000,0.020000,1,0.751689
8.637831,29.924307,0.058380,8.499393,8.341738,0.083667,197.708984,359.807831,-191.235748,-0.447825,0.873416,0.191303,0.100000,0.020000,1,0.624743
9.081804,29.729530,0.152971,120.816559,-51.194855,43.910690,9163.463867,-4201.537598,3737.055908,-0.456525,0.878365,-0.141635,0.100000,0.020000,1,0.177246
8.538166,29.894936,-0.084916,-90.269745,59.765892,-84.965576,-6408.260742,3499.137695,-5751.234863,-0.464160,0.885633,0.014456,0.100000,0.020000,1,0.816479
7.387630,30.398861,-1.530994,-299.227478,206.309998,-353.186676,-13135.223633,-714.708740,-10868.953125,-0.473556,0.837606,-0.272323,0.100000,0.020000,1,0.363430
9.257576,29.933506,-0.964618,133.541962,-38.685509,-195.403046,10305.617188,-2603.217529,-15062.009766,-0.347749,0.747532,-0.565921,0.100000,0.020000,1,0.697789
8.882443,30.079153,-0.457215,-85.967880,-103.609985,70.144806,-5421.203125,-6215.894043,4144.139648,-0.232284,0.668292,-0.706704,0.100000,0.020000,1,0.186802
9.064658,30.020359,-0.454115,-540.165283,375.829468,-91.273552,-33898.449219,23475.587891,-5724.145020,0.017921,0.541827,-0.840299,0.100000,0.020000,1,0.305295
8.612669,29.891260,0.238312,32.714806,-13.669085,-13.982449,1555.603882,-908.576599,-621.983032,-0.524811,0.789047,0.319339,0.100000,0.020000,1,0.111602
9.196484,29.975264,-0.203321,6.598831,38.301392,-207.350433,-2989.812256,1183.328979,-7927.848145,-0.499241,0.722947,0.477605,0.100000,0.020000,1,0.072240
8.632978,29.894756,-0.368427,-13.198627,12.834124,-24.745499,-1348.517456,847.144348,-2143.659668,-0.527731,0.740553,-0.416030,0.100000,0.020000,1,0.535735
9.621284,29.109261,2.135309,252.013702,-100.220795,558.859436,9009.893555,-14698.373047,12209.556641,-0.396782,0.668445,0.629082,0.100000,0.020000,1,0.831391
8.693753,29.797956,-0.080378,-2.192429,2.335297,0.357738,-225.760712,-6.734628,-3.485354,-0.644829,0.752389,-0.134559,0.100000,0.020000,1,0.755355
8.798413,29.984888,0.183766,110.014053,-122.591873,198.655823,6510.709961,-7679.962891,11575.903320,-0.257347,0.606941,0.751927,0.100000,0.020000,1,0.895291
8.955487,29.605238,-0.448267,65.483978,-34.014915,-114.136414,5127.494141,-3050.663086,-9418.779297,-0.661867,0.734836,0.148151,0.100000,0.020000,1,0.078237
8.881243,29.769663,-0.173393,-401.433197,-175.258347,468.225250,-24633.400391,-11256.918945,28757.289062,-0.674793,0.737328,0.031636,0.100000,0.020000,1,0.012415
8.820175,29.766499,-0.346873,-531.781067,275.600891,224.766357,-33485.105469,17001.798828,14011.732422,-0.521327,0.649720,-0.553246,0.100000,0.020000,1,0.076636
9.306417,30.020725,0.494167,176.814606,38.887878,190.802063,13545.780273,3380.632324,14720.835938,-0.677369,0.685920,-0.265868,0.100000,0.020000,1,0.681205
8.650169,29.800844,0.381525,-207.874527,-41.894989,-236.995178,-13529.104492,-2539.752930,-14070.012695,-0.700250,0.644891,0.306213,0.100000,0.020000,1,0.711918
7.328115,31.015715,-0.366567,-389.700378,315.575134,-0.360783,-31023.443359,24635.431641,57.267632,-0.418184,0.578836,-0.700050,0.100000,0.020000,1,0.634744
9.160127,30.329655,0.610979,72.882477,118.149506,57.057541,6028.687500,9528.487305,4797.070801,-0.543836,0.597127,0.589646,0.100000,0.020000,1,0.309869
8.649932,29.811909,-0.287834,45.917938,-36.444412,34.747467,2395.858643,-2165.744629,1937.729126,-0.672393,0.615331,-0.411407,0.100000,0.020000,1,0.994780
8.733015,29.719580,1.482921,-23.102173,10.516441,274.029510,-5827.677734,3139.548096,13248.876953,-0.393625,0.534713,0.747757,0.100000,0.020000,1,0.088451
8.672438,29.812626,-0.213276,62.881966,-598.292236,571.013062,3645.463379,-37270.617188,35414.324219,-0.819483,0.561621,-0.114145,0.100000,0.020000,1,0.347344
8.918192,30.005009,-0.457163,7.515121,1.122663,1.711095,183.906189,77.086594,155.261368,-0.124615,0.511438,-0.850237,0.100000,0.020000,1,0.052435
9.454070,29.990410,0.632189,69.368996,-30.824539,209.432724,-3791.438965,-4197.743164,3550.428467,-0.702322,0.537890,0.466281,0.100000,0.020000,1,0.714196
8.838675,29.761087,0.134567,-131.668533,-260.964813,-295.936737,-7981.895508,-16156.244141,-18538.437500,-0.822957,0.537871,0.182858,0.100000,0.020000,1,0.944440
8.739894,29.661566,0.126742,-271.981781,75.246696,-369.944397,-17220.927734,4677.076660,-22875.251953,-0.839861,0.542300,0.023334,0.100000,0.020000,1,0.446477
8.702598,29.686253,0.119884,346.794067,-325.090302,680.443298,21522.480469,-20421.621094,42738.589844,-0.826721,0.469877,0.309432,0.100000,0.020000,1,0.362202
8.760825,29.626192,-0.295485,86.263916,-43.699539,-17.250397,5329.411133,-2898.157715,-1652.998291,-0.833298,0.469866,-0.291274,0.100000,0.020000,1,0.106939
8.882522,29.805428,-0.132843,-269.430237,-3.300924,-378.268188,-16991.572266,-165.129379,-22825.861328,-0.542401,0.468403,-0.697423,0.100000,0.020000,1,0.791816
9.281343,29.352428,-0.197717,-563.507202,327.250732,-282.645599,-33739.589844,19164.623047,-17380.236328,-0.704944,0.436721,-0.558864,0.100000,0.020000,1,0.244812
8.471354,29.846838,1.139565,-56.523544,40.521446,181.695099,-5216.369629,3134.000732,14830.111328,-0.683673,0.403089,0.608368,0.100000,0.020000,1,0.333998
9.237130,29.715248,0.472888,118.413742,25.965416,89.620674,7835.191406,482.253418,-3803.966797,-0.813512,0.368893,0.449574,0.100000,0.020000,1,0.034747
8.989347,29.531473,-0.066750,847.960754,-635.913940,332.731323,54155.269531,-40528.484375,21671.896484,-0.836564,0.361159,-0.411976,0.100000,0.020000,1,0.077205
8.872684,29.804089,0.483223,5.287663,-12.203142,-27.963314,123.198524,-681.338989,-1499.239014,-0.517235,0.390501,0.761562,0.100000,0.020000,1,0.378466
8.995169,29.662235,-0.198739,-92.420563,-1.584641,33.008675,-5182.571777,374.406616,1570.802856,-0.948592,0.284823,-0.138017,0.100000,0.020000,1,0.537728
7.814720,30.565538,-1.340270,-416.066711,365.446289,-424.072632,-854.859375,4243.162109,-11838.750000,-0.959974,0.280084,0.001722,0.100000,0.020000,1,0.600774
10.625348,28.529564,-1.439140,515.384705,-294.070862,-353.734344,20766.308594,-12716.287109,-42960.609375,-0.953707,0.252505,0.163355,0.100000,0.020000,1,0.561412
8.987793,29.660700,0.409606,4.714418,38.618778,190.664490,-83.268494,1806.331055,14013.449219,-0.787641,0.280831,-0.548412,0.100000,0.020000,1,0.822921
9.687958,29.071875,1.288560,418.523773,-241.298782,318.002686,12216.143555,-7043.500488,13224.248047,-0.919579,0.215297,0.328666,0.100000,0.020000,1,0.084358
7.667898,30.237047,-1.599876,-402.886627,241.001617,-357.607391,-9083.384766,3541.225586,-14576.986328,-0.941222,0.208257,-0.265953,0.100000,0.020000,1,0.859631
7.633168,30.493494,0.525935,-302.881561,209.412415,206.580933,-24552.808594,16572.365234,16873.150391,-0.643846,0.284210,-0.710413,0.100000,0.020000,1,0.403236
8.805515,29.580244,0.049010,38.380669,-13.484016,116.848785,-86.369606,-4858.570801,6655.099121,-0.756224,0.234083,0.611007,0.100000,0.020000,1,0.344247
8.911965,29.617735,-0.103051,0.638619,11.859409,14.781563,69.920815,1080.204834,1422.164062,-0.899500,0.176999,-0.399464,0.100000,0.020000,1,0.087454
8.853586,29.967360,-0.546993,-12.881435,14.167034,-15.252861,-1341.676758,1050.801514,-1269.619995,-0.241865,0.450321,-0.859484,0.100000,0.020000,1,0.101548
8.703961,29.739483,0.390599,215.775177,-122.448563,-27.607483,12590.242188,-7531.291992,-1803.646729,-0.625501,0.260602,0.735415,0.100000,0.020000,1,0.870824
8.469745,29.774103,-0.189017,645.976135,-372.157013,354.115265,38724.421875,-22552.808594,21529.886719,-0.996756,0.077208,0.022722,0.100000,0.020000,1,0.957412
8.884312,29.554499,0.468089,38.213112,-29.083698,-271.231567,2171.471680,-1735.346802,-16248.100586,-0.874875,0.114056,0.470729,0.100000,0.020000,1,0.604528
9.112527,29.402990,-0.072734,-184.343582,107.122665,274.405823,-11083.138672,6235.316895,16706.337891,-0.987226,0.057133,0.148732,0.100000,0.020000,1,0.172833
8.676973,29.654457,1.280673,-82.164963,59.704178,357.380798,1691.514648,-3490.267578,39543.808594,-0.990109,0.030874,-0.136861,0.100000,0.020000,1,0.459450
8.268726,29.890160,-1.185067,-189.330841,109.727097,-604.067627,-4766.850586,2655.072998,-24811.945312,-0.955839,-0.008994,0.293753,0.100000,0.020000,1,0.391029
8.964811,29.588696,-0.461784,-581.949036,318.299377,-52.287834,-36805.238281,20000.769531,-3652.632324,-0.716203,0.132771,-0.685146,0.100000,0.020000,1,0.186463
8.612028,29.789448,-0.594394,-122.899117,100.499664,-212.863861,-2191.964355,2146.806641,-3026.505859,-0.958975,-0.041448,-0.280444,0.100000,0.020000,1,0.340884
9.440303,29.973106,0.053404,12.113216,216.380005,-18.454987,1003.391846,6041.017578,9456.343750,-0.798759,0.049786,0.599589,0.100000,0.020000,1,0.548511
7.994431,30.048525,-0.451614,-259.039978,262.062408,-30.345476,-24301.783203,-9308.158203,-1261.619629,-0.815496,0.041777,-0.577253,0.100000,0.020000,1,0.018857
8.943407,29.995157,-0.478503,88.644585,-156.473511,150.022400,5438.902832,-9337.103516,9447.467773,-0.336320,0.386318,-0.858864,0.100000,0.020000,1,0.862567
9.236105,29.331644,-1.244176,76.031700,-20.905838,-386.335785,9866.923828,-9614.380859,-14478.828125,-0.882639,-0.067280,0.465211,0.100000,0.020000,1,0.199293
9.586853,29.129942,1.068543,89.503876,-51.431259,389.166260,7995.390625,-4615.493652,30009.490234,-0.901220,-0.082364,-0.425463,0.100000,0.020000,1,0.956433
9.930293,29.324865,0.705027,307.484955,-72.791382,43.235748,9133.302734,-2147.821777,4878.543945,-0.673412,0.091398,0.733596,0.100000,0.020000,1,0.058432
9.551805,29.149374,-1.622414,77.936867,-44.000610,-381.343048,6799.909180,-4216.414062,-30920.130859,-0.983842,-0.178952,0.005471,0.100000,0.020000,1,0.272411
9.205032,29.349583,1.604800,104.213608,3.938190,266.319794,-2185.313965,-12661.909180,5990.728027,-0.972887,-0.205227,-0.106643,0.100000,0.020000,1,0.436387
10.205990,29.293262,-0.160108,274.161987,-33.004974,-19.400061,22058.443359,-2854.052246,-638.720154,-0.828794,-0.126760,-0.545007,0.100000,0.020000,1,0.635829
9.107993,29.405607,0.228936,-266.658905,154.477753,53.135529,-16905.300781,9640.536133,3919.965576,-0.952711,-0.250555,0.171941,0.100000,0.020000,1,0.925524
9.056688,29.866415,-0.460866,15.414318,18.612759,0.438109,1212.470215,1527.017822,65.544029,-0.443111,0.276102,-0.852889,0.100000,0.020000,1,0.310509
8.861056,29.548178,-0.026159,-45.382099,26.796406,12.518669,-4045.896729,2107.276855,1321.351318,-0.925582,-0.260502,-0.274657,0.100000,0.020000,1,0.121335
9.505476,29.176123,-1.073968,10.101290,-5.679752,74.467941,2251.332520,-1334.046509,-480.381989,-0.912780,-0.271989,0.304720,0.100000,0.020000,1,0.165928
9.053836,29.612314,-0.498151,10.612591,-31.368172,-5.375265,581.455505,-1751.954102,-789.222229,-0.703163,-0.057512,-0.708698,0.100000,0.020000,1,0.060994
9.379754,29.478273,-0.588526,63.181122,6.161575,-88.880966,4381.315430,1362.936035,-5082.183105,-0.856569,-0.316125,-0.407866,0.100000,0.020000,1,0.282536
8.892558,29.806135,-0.431334,473.194763,-393.206055,-369.652771,29296.121094,-24459.341797,-23188.396484,-0.506144,0.169983,-0.845532,0.100000,0.020000,1,0.320759
9.075060,29.431787,0.473608,27.504578,-13.708122,-236.026047,1636.531372,-1401.781250,-14602.737305,-0.676028,-0.090745,0.731267,0.100000,0.020000,1,0.376207
9.173160,29.367985,0.669699,-77.697838,51.364769,-961.354980,-6368.198242,-25.785982,-59666.324219,-0.764259,-0.210545,0.609572,0.100000,0.020000,1,0.292875
9.185308,29.378668,1.635707,-19.097530,12.070642,394.512451,-1104.216309,608.184753,30697.462891,-0.830528,-0.325917,0.451665,0.100000,0.020000,1,0.237302
9.366267,29.256495,0.234723,-315.742645,183.904999,-587.499756,-19747.123047,10534.452148,-36535.121094,-0.869614,-0.469420,0.153022,0.100000,0.020000,1,0.974637
9.031845,29.538113,0.178131,-278.622742,-14.420435,-568.845459,-18357.566406,-128.782196,-34860.351562,-0.872104,-0.471510,-0.130813,0.100000,0.020000,1,0.662859
9.263051,29.552700,-0.483873,-352.202393,-80.774597,517.881104,-21756.947266,-4917.103027,32229.230469,-0.702024,-0.216353,-0.678494,0.100000,0.020000,1,0.074019
9.441088,29.213299,-0.281292,-795.280884,460.273590,302.961914,-49624.593750,27958.279297,18598.882812,-0.840546,-0.467399,-0.273899,0.100000,0.020000,1,0.976434
9.224531,30.472559,0.407690,-6.168672,267.921387,51.022293,-441.036072,21503.660156,4195.894531,-0.818207,-0.480070,0.316338,0.100000,0.020000,1,0.794005
9.247789,29.324898,0.245639,2.577208,0.168583,39.684063,-997.779785,275.725159,5482.462402,-0.855496,-0.516852,0.031457,0.100000,0.020000,1,0.055638
9.320712,30.323780,0.624779,38.303825,283.990631,297.100098,2723.495117,7701.573730,5705.801758,-0.748828,-0.374461,-0.546841,0.100000,0.020000,1,0.058787
8.817344,29.607452,-1.110138,-57.297943,36.008049,-252.708282,-5435.104980,3175.131104,-19664.666016,-0.776195,-0.485696,-0.402021,0.100000,0.020000,1,0.198706
9.174612,29.409037,0.122045,-23.081127,10.074337,464.193298,-1679.081543,468.863373,28477.392578,-0.714854,-0.392307,0.578860,0.100000,0.020000,1,0.051118
9.210858,29.531199,0.421590,-17.167381,8.602476,-8.840147,-985.663879,529.444458,-496.112793,-0.627235,-0.248041,0.738276,0.100000,0.020000,1,0.084483
9.334134,29.337921,0.331108,-90.598068,52.142181,-71.167496,-5540.973145,3009.786865,-4148.876465,-0.717195,-0.530528,0.451853,0.100000,0.020000,1,0.820963
8.919766,30.557158,0.573619,-188.450394,254.840454,165.045670,-5971.791504,16968.904297,6751.862305,-0.761812,-0.647795,0.001883,0.100000,0.020000,1,0.154415
9.136267,29.393328,-0.006304,189.153427,-107.982613,-35.946697,11054.112305,-6658.589355,-1980.655396,-0.735503,-0.663595,-0.136662,0.100000,0.020000,1,0.263176
9.610600,29.527168,-0.642484,15.914047,83.537857,238.767395,2317.032227,5665.677734,13625.462891,-0.670757,-0.510338,-0.538181,0.100000,0.020000,1,0.542817
9.805241,29.003052,1.052429,129.009888,-41.916206,261.421844,4318.557617,-9124.139648,10448.005859,-0.718358,-0.676189,0.163497,0.100000,0.020000,1,0.979335
9.068710,29.656048,-0.585558,2.469093,-46.454315,1.433283,477.453857,-2472.003174,719.921997,-0.526125,0.024839,-0.850045,0.100000,0.020000,1,0.630206
9.398636,29.237806,-0.168392,-309.239624,178.797012,329.249146,-19463.615234,10614.135742,20688.011719,-0.690116,-0.675321,-0.260157,0.100000,0.020000,1,0.313641
9.390199,29.651705,-0.705773,26.317978,-10.839004,-61.859268,2638.425049,-478.583069,-4965.999023,-0.556347,-0.134731,-0.819955,0.100000,0.020000,1,0.538048
9.293169,29.298698,0.723831,55.555912,-16.068665,69.499123,5049.612305,-6147.866211,10002.668945,-0.666812,-0.677798,0.309761,0.100000,0.020000,1,0.524489
9.929653,28.931225,0.252284,360.068909,-177.627045,208.231796,10683.084961,-13168.533203,7769.541992,-0.584410,-0.405827,-0.702687,0.100000,0.020000,1,0.300491
9.514841,29.322935,0.557530,49.741196,-25.137924,44.661896,3935.085693,-2167.990479,3756.944092,-0.600223,-0.523677,0.604561,0.100000,0.020000,1,0.626451
9.368448,29.434612,-0.217185,112.598503,-369.434906,76.637955,7018.069824,-23186.919922,4820.186523,-0.623933,-0.679108,-0.386678,0.100000,0.020000,1,0.499825
9.187342,29.788280,0.591755,-341.526794,-147.130859,-279.905426,-21174.224609,-8777.875977,-17160.089844,-0.520803,0.018712,0.853472,0.100000,0.020000,1,0.825056
10.233704,30.120071,0.286696,314.323578,191.858673,-7.204300,1340.452148,12296.172852,4998.404297,-0.599350,-0.668622,0.440141,0.100000,0.020000,1,0.562551
9.482929,29.447704,-0.001549,-11.491484,3.214664,12.967022,-635.208740,486.176697,751.162720,-0.587903,-0.808500,0.026429,0.100000,0.020000,1,0.671756
10.158550,29.301243,-0.103219,217.209473,-66.675644,50.552330,16845.576172,-4830.817871,3971.991699,-0.535447,-0.660324,-0.526564,0.100000,0.020000,1,0.849488
9.529178,29.352539,-0.198441,-56.255989,32.918209,168.744629,-3369.778320,1900.086670,10131.504883,-0.541226,-0.830065,-0.134412,0.100000,0.020000,1,0.680582
9.714214,29.055607,0.567213,120.286148,-31.994473,130.158356,-272.090698,-6356.907715,3899.745117,-0.538206,-0.828776,0.153185,0.100000,0.020000,1,0.047880
9.557141,29.411352,-0.173604,-177.609253,12.457283,-2.437891,-10901.163086,779.927246,-232.993317,-0.517428,-0.808372,-0.280719,0.100000,0.020000,1,0.368306
9.162957,29.808073,0.527270,-14.318642,35.531380,18.103119,-1451.306519,3381.326416,1616.302734,-0.520584,-0.405713,0.751258,0.100000,0.020000,1,0.006205
9.089716,29.416161,0.731764,-89.037727,110.271774,104.251488,-12267.324219,-4810.637695,4590.665039,-0.480156,-0.667150,0.569527,0.100000,0.020000,1,0.833491
9.378568,29.643147,-0.189589,-436.686798,215.431290,-439.567932,-27494.791016,14109.666992,-26907.710938,-0.475779,-0.521766,-0.708092,0.100000,0.020000,1,0.136158
10.093824,28.914639,0.446105,181.561523,-81.442612,64.736984,13863.060547,-7304.829102,5278.603516,-0.452924,-0.842444,0.291803,0.100000,0.020000,1,0.246644
9.588291,30.287361,-0.755068,131.672852,121.463715,-91.844452,9817.831055,10541.409180,-7026.539062,-0.490523,-0.244165,-0.836523,0.100000,0.020000,1,0.858599
10.855023,28.396959,0.857095,414.512756,-141.518829,268.487823,13926.785156,-28356.677734,5515.358887,-0.400052,-0.827423,-0.394118,0.100000,0.020000,1,0.105694
10.114226,29.613655,1.254910,163.716217,8.037235,274.691956,12783.325195,1082.183105,21566.140625,-0.378857,-0.813298,0.441604,0.100000,0.020000,1,0.343002
9.231756,29.550230,0.274478,299.632812,-163.796936,-237.383026,17443.654297,-9932.346680,-14218.393555,-0.358967,-0.918516,0.165741,0.100000,0.020000,1,0.348999
8.994156,29.877453,0.825986,-88.505371,40.540627,114.599701,-7195.512695,3945.195312,8979.397461,-0.421633,-0.522770,0.740903,0.100000,0.020000,1,0.745016
9.563840,29.586346,-0.020448,7.216470,-8.302985,1.191880,288.545471,9.486130,-85.678200,-0.330310,-0.943303,0.032771,0.100000,0.020000,1,0.249865
9.616452,29.462912,-0.409608,38.950127,-31.109337,-10.298136,3160.585449,-2240.818115,-826.496887,-0.378017,-0.642284,-0.666764,0.100000,0.020000,1,0.168615
9.592425,29.527714,-0.263365,-149.674377,75.607361,-54.256363,-9150.965820,4872.216309,-3308.420654,-0.344045,-0.776102,-0.528487,0.100000,0.020000,1,0.048200
10.069842,29.940523,0.133901,94.550140,172.656281,87.575172,1724.197266,6643.144531,2614.833252,-0.313655,-0.915500,-0.251953,0.100000,0.020000,1,0.079358
9.636601,29.416262,-0.194058,5.524045,-47.740425,-14.907333,447.310455,-3238.292969,-1490.265381,-0.304237,-0.945794,-0.113636,0.100000,0.020000,1,0.605080
9.830853,29.183533,0.335986,80.824112,-25.551918,22.812698,6013.236328,-2931.245361,2149.394531,-0.261368,-0.916885,0.301676,0.100000,0.020000,1,0.708466
9.413853,29.690290,0.249893,-422.230927,-936.646484,258.353821,-27121.023438,-58463.089844,16004.385742,-0.296395,-0.754800,0.585173,0.100000,0.020000,1,0.827084
9.419630,29.612871,-0.138736,56.247528,-4.704883,62.665924,4014.089111,-217.218109,5284.124023,-0.419413,-0.370362,-0.828809,0.100000,0.020000,1,0.176374
9.450082,29.711590,0.389467,2.944660,2.882946,0.438389,155.005661,812.435974,17.495443,-0.322220,-0.624716,0.711270,0.100000,0.020000,1,0.472724
9.551297,29.595345,-0.186716,69.959442,-41.415169,27.477295,4119.002930,-2400.889160,1930.649048,-0.184385,-0.886641,-0.424111,0.100000,0.020000,1,0.271094
10.132599,30.141327,-0.302548,154.834045,92.862732,-167.485199,11890.803711,8342.969727,-12810.695312,-0.176088,-0.888732,0.423259,0.100000,0.020000,1,0.558370
9.739252,29.231983,0.075899,-359.446533,219.076691,-106.455795,-22517.009766,12500.930664,-6458.375977,-0.101799,-0.994508,0.024313,0.100000,0.020000,1,0.418041
9.654371,29.820059,-0.152308,5.486237,-205.490265,116.898148,147.193268,-11888.780273,7030.757812,-0.080835,-0.988818,-0.125315,0.100000,0.020000,1,0.945063
9.639731,29.692980,0.000022,150.894501,-30.571526,156.007904,9271.873047,-1389.492676,9473.925781,-0.078816,-0.983603,0.162212,0.100000,0.020000,1,0.542159
9.296334,29.650198,0.481547,-6.158439,-8.290905,-17.040283,-475.838745,-337.494812,-1000.001343,-0.393231,-0.371292,0.841137,0.100000,0.020000,1,0.795037
9.159740,30.068190,-0.405806,-131.803543,121.600349,-62.700657,-2466.720947,5000.251953,-2566.382812,-0.114128,-0.836953,-0.535242,0.100000,0.020000,1,0.210824
9.671364,29.625784,0.169636,14.898113,-11.202339,-1.782458,842.264282,-564.148499,-128.589951,-0.042554,-0.948184,0.314858,0.100000,0.020000,1,0.774235
10.288534,30.311695,0.118803,198.596649,153.075531,-73.815353,15362.194336,12618.377930,-5483.586426,-0.104997,-0.812368,0.573615,0.100000,0.020000,1,0.327770
9.468251,29.905134,0.112761,-52.615341,52.927689,71.985291,-4329.066406,4611.785645,5653.502441,-0.014127,-0.960677,-0.277308,0.100000,0.020000,1,0.374925
9.305354,29.837492,0.415559,-29.438004,20.119667,6.954863,-2756.292236,2104.195557,287.753540,-0.171927,-0.683060,0.709839,0.100000,0.020000,1,0.098024
9.544834,29.694773,-0.420000,-7.447762,61.064613,13.472742,-474.623291,4192.831055,689.841736,-0.156037,-0.704310,-0.692532,0.100000,0.020000,1,0.635989
9.648321,29.324299,-0.108552,-211.263275,139.303238,-61.740822,-13533.020508,7568.707031,-3471.245605,-0.003463,-0.924167,-0.381973,0.100000,0.020000,1,0.605525
9.622735,29.716036,0.211884,0.608029,-4.247931,-0.227067,-228.655075,100.437996,-131.311768,0.003422,-0.900252,0.435356,0.100000,0.020000,1,0.391261
9.282158,29.689903,-0.420106,-5.965263,10.980579,0.593194,-779.169189,998.449219,202.574249,-0.316306,-0.451777,-0.834175,0.100000,0.020000,1,0.646523
9.346878,29.567015,-0.612492,8.008375,-3.231867,82.524994,25.081161,-461.040436,4483.334961,-0.216849,-0.564487,-0.796449,0.100000,0.020000,1,0.543262
9.721722,29.802614,-0.122060,-330.178925,216.827789,111.579964,-21009.244141,14291.837891,6846.948730,0.122099,-0.983103,-0.136379,0.100000,0.020000,1,0.118791
9.793374,29.766037,0.081505,-49.959656,19.371616,19.889847,-3078.601807,1606.254028,1554.715088,0.160061,-0.986944,0.017959,0.100000,0.020000,1,0.616753
9.690231,30.066538,-0.258536,36.212952,67.278000,44.194176,2646.023926,5904.166992,3268.276367,-0.015202,-0.735712,-0.677124,0.100000,0.020000,1,0.571591
10.774661,29.700684,0.010694,265.507080,-36.341606,36.324089,20960.623047,-2298.012207,2893.080322,0.194779,-0.950705,-0.241291,0.100000,0.020000,1,0.011329
9.072415,29.478388,0.134691,-244.801514,157.165726,-370.096893,-18404.220703,8992.604492,-23164.494141,0.202380,-0.966280,0.159199,0.100000,0.020000,1,0.136923
9.703944,29.690758,-0.336481,17.185181,-0.675051,-20.817503,1276.652344,-512.578857,-301.838287,0.114675,-0.842685,-0.526053,0.100000,0.020000,1,0.825021
9.776269,30.111090,0.399942,54.859665,32.326897,36.336113,3510.527588,3644.683350,3225.224609,0.228546,-0.919005,0.321241,0.100000,0.020000,1,0.618230
9.982486,29.916348,0.820707,125.996826,7.708172,128.967010,9192.494141,1315.385010,10258.516602,0.137096,-0.810367,0.569658,0.100000,0.020000,1,0.916983
9.421309,30.129852,-0.307911,62.709053,-80.612938,65.226784,2541.585938,-3575.969482,3778.083496,0.255753,-0.882508,-0.394678,0.100000,0.020000,1,0.347112
9.929461,29.861532,0.415919,-922.046387,-50.734520,40.499023,-56775.074219,-2544.099365,2604.421631,0.020275,-0.678877,0.733972,0.100000,0.020000,1,0.543190
9.563889,29.317024,0.179199,-255.393127,200.368668,35.829529,-16872.962891,10803.207031,1979.322144,0.254340,-0.857186,0.447820,0.100000,0.020000,1,0.728467
9.715840,30.117607,-0.009834,48.738396,-425.148376,40.042046,2673.955811,-25450.697266,2429.918457,0.363012,-0.931462,0.024524,0.100000,0.020000,1,0.361117
10.219351,29.873074,0.077863,125.481323,-27.382988,53.367325,9681.935547,-1403.020264,4240.813477,0.362374,-0.901267,-0.237495,0.100000,0.020000,1,0.797332
9.671534,29.892071,-0.011665,-1.809399,-8.529092,8.939714,-701.614014,-206.819183,828.458252,0.402540,-0.905258,-0.135904,0.100000,0.020000,1,0.973890
8.798714,31.025501,-0.493081,-234.257263,344.458344,-52.330513,-7361.098145,10706.256836,-969.890686,0.170857,-0.729567,-0.662224,0.100000,0.020000,1,0.404482
10.161294,29.368412,-2.199845,140.877670,-196.496277,-643.699646,3403.092529,-6746.912109,-22134.945312,0.270709,-0.788895,-0.551690,0.100000,0.020000,1,0.261859
10.378515,30.185993,-0.029548,-249.826309,-153.942459,87.237656,-12170.999023,-7695.212891,7263.180664,-0.052256,-0.574900,-0.816554,0.100000,0.020000,1,0.567391
9.807487,29.526419,0.744982,96.801773,-128.297516,99.525299,6166.893066,-9442.718750,8676.416016,0.437434,-0.843304,0.312234,0.100000,0.020000,1,0.822494
9.673837,29.996042,0.331263,177.029327,-463.632202,-282.899506,10991.343750,-28528.798828,-17782.966797,0.320223,-0.757325,0.569137,0.100000,0.020000,1,0.240310
9.802211,30.057013,-0.239028,35.179199,45.650009,-70.368942,2162.615967,3710.990479,-5801.083984,0.474687,-0.866121,0.156548,0.100000,0.020000,1,0.039214
9.589505,29.436949,-0.158397,-143.738953,97.781235,-99.438766,-9857.832031,4357.477539,-6020.132324,0.455410,-0.795923,-0.398883,0.100000,0.020000,1,0.947429
9.778893,30.029886,0.293194,-21.293819,-163.844269,-76.924316,-1313.886108,-9717.570312,-4604.996582,0.463710,-0.778314,0.423321,0.100000,0.020000,1,0.616878
9.812647,29.806412,0.124528,20.140087,-55.017044,18.377068,1221.341553,-3926.683594,1628.352783,0.567345,-0.823170,0.022591,0.100000,0.020000,1,0.986417
9.136666,29.648899,0.413910,333.621521,-178.591675,20.111908,18978.822266,-11897.179688,1324.077148,0.206006,-0.654449,0.727501,0.100000,0.020000,1,0.304210
9.145364,29.726252,-0.045541,47.949974,-68.933182,-32.686554,226.215668,-5187.775879,-2662.303711,0.575407,-0.798365,0.177539,0.100000,0.020000,1,0.046687
9.021438,30.972860,1.291819,-225.913406,285.648346,347.132202,-6120.647461,8555.166016,19350.294922,0.585328,-0.801833,-0.120231,0.100000,0.020000,1,0.039658
9.527653,29.933535,-0.220576,74.249207,-20.972681,-166.505371,4039.148926,-945.828857,-9918.666016,0.320304,-0.682347,-0.657121,0.100000,0.020000,1,0.486906
9.712450,29.921736,-0.347564,-36.804527,63.010025,40.462143,-2427.135742,4081.394043,2337.306641,0.454275,-0.711055,-0.536689,0.100000,0.020000,1,0.155821
9.612825,29.932281,-0.152185,27.428850,-0.378739,35.237701,921.241516,-121.130379,2130.039551,0.610083,-0.756594,-0.235296,0.100000,0.020000,1,0.350458
9.673763,29.818045,-0.493826,-304.518494,10.439255,101.725723,-18732.240234,901.272644,6231.436523,0.072600,-0.576415,-0.813926,0.100000,0.020000,1,0.724463
9.709825,30.090870,0.191892,-49.713753,-48.996918,140.075836,-3198.169922,-2355.215820,8327.289062,0.467572,-0.674214,0.571675,0.100000,0.020000,1,0.818419
10.276757,30.388905,-0.046106,178.816437,54.137833,-117.135872,5148.672852,-600.304810,-4614.824219,0.626052,-0.714835,0.311561,0.100000,0.020000,1,0.406155
9.586300,29.961035,0.436594,12.870569,-0.858683,-27.090881,519.538513,302.151886,-1527.866211,0.343201,-0.611098,0.713283,0.100000,0.020000,1,0.040245
12.818331,29.192194,-0.439795,935.354675,-288.782471,-59.077385,36261.546875,-16761.988281,93.113525,0.644461,-0.652149,-0.399214,0.100000,0.020000,1,0.567178
9.757643,30.094133,0.364404,-211.652985,-145.200699,-163.587158,-13354.931641,-8807.772461,-9817.899414,0.639791,-0.629570,0.440806,0.100000,0.020000,1,0.510840
8.784453,30.003092,0.182608,-118.774811,55.297676,14.099102,-11720.093750,3274.136230,1246.445435,0.746601,-0.641407,0.176590,0.100000,0.020000,1,0.536269
10.143068,30.763123,-0.086132,107.352905,121.388580,-22.812550,8205.640625,10580.759766,-1868.191040,0.767230,-0.640685,0.029665,0.100000,0.020000,1,0.262553
9.822425,29.417612,0.511421,19.183929,-216.114960,166.448914,7041.766602,-19507.634766,1921.750488,0.777576,-0.619518,-0.107576,0.100000,0.020000,1,0.809006
9.609554,30.231138,-0.454999,81.167648,-174.658813,328.658264,4639.687012,-10106.073242,20077.785156,0.613142,-0.580361,-0.535946,0.100000,0.020000,1,0.620419
8.747285,30.380602,-0.216079,-187.345520,68.837402,-10.687180,-7505.524414,7227.036133,5754.812012,0.759030,-0.591994,-0.270956,0.100000,0.020000,1,0.130909
9.553453,30.008684,0.167203,-223.335876,171.431534,-41.862309,-15000.162109,10477.236328,-2579.535156,0.775324,-0.567984,0.276166,0.100000,0.020000,1,0.181054
9.468476,29.933365,-0.496453,106.276016,-14.013983,82.836105,6229.641113,-514.482666,5033.446289,0.224816,-0.532185,-0.816233,0.100000,0.020000,1,0.053342
9.556266,30.287521,-0.209058,107.324722,-86.890823,8.993067,6163.995605,-6415.723145,-650.632446,0.507001,-0.529301,-0.680287,0.100000,0.020000,1,0.250702
9.641986,30.153748,0.330386,14.290876,0.302322,2.765381,664.529480,551.885193,189.449265,0.609309,-0.526222,0.593155,0.100000,0.020000,1,0.867532
10.628173,30.756836,0.025661,318.185852,161.194244,-130.546432,11043.271484,14947.708008,-580.300781,0.481471,-0.512671,0.710883,0.100000,0.020000,1,0.925880
9.285071,30.157536,-0.513394,-19.541267,30.183460,-49.070175,-3239.720947,1879.986694,-4317.689941,0.766228,-0.500360,-0.403155,0.100000,0.020000,1,0.303213
9.138783,29.643244,0.535439,236.435608,-124.008331,-91.068237,13111.872070,-8652.599609,-5417.464355,0.208262,-0.520463,0.828097,0.100000,0.020000,1,0.234313
9.560556,30.304829,-0.141844,102.964325,-36.652481,120.914917,5703.768555,-1674.312256,7235.174805,0.876859,-0.469827,-0.101883,0.100000,0.020000,1,0.788719
9.434476,30.002626,0.088769,78.838455,-26.720245,-65.535767,3801.895752,-2169.505371,-4810.802734,0.762777,-0.460605,0.453888,0.100000,0.020000,1,0.972662
10.115829,28.883503,2.313175,123.760071,-426.671875,637.246704,5904.590820,-12656.480469,24900.494141,0.896023,-0.443519,0.020828,0.100000,0.020000,1,0.898957
9.365501,29.830141,-0.337946,20.983078,-2.575455,-94.427200,329.751984,-517.995605,-5539.206543,0.349958,-0.493500,-0.796233,0.100000,0.020000,1,0.515164
9.479743,29.881746,0.090013,-48.401031,54.212318,20.384678,-4093.390869,2074.988281,1276.974854,0.903278,-0.394972,0.167588,0.100000,0.020000,1,0.704445
9.675351,29.586254,-0.692689,68.618286,-8.776070,-74.337906,4405.945801,-2562.205078,-6087.770508,0.629077,-0.424648,-0.651104,0.100000,0.020000,1,0.695868
9.431208,30.852619,-0.977551,-33.609512,158.397614,-175.981079,-3137.667236,12995.758789,-13943.604492,0.747819,-0.382427,-0.542693,0.100000,0.020000,1,0.683412
9.448676,30.219223,0.093021,38.517101,-1.902821,23.998077,1350.410645,-77.278397,1256.511353,0.890036,-0.358999,0.280991,0.100000,0.020000,1,0.338126
9.459618,30.037653,0.548833,57.042046,-84.777054,-225.288544,3092.429688,-4827.472168,-13826.700195,0.323708,-0.463039,0.825111,0.100000,0.020000,1,0.255666
9.583800,30.331326,0.297307,-67.440659,-29.907421,70.340485,-4544.659668,-1112.289429,4351.674316,0.741999,-0.339767,0.577924,0.100000,0.020000,1,0.805909
9.517455,30.283192,-0.184931,22.519129,46.789116,-36.202957,753.547607,3241.139160,-2165.204834,0.868454,-0.308954,-0.387731,0.100000,0.020000,1,0.463061
8.720023,30.278196,0.894386,-115.764526,85.653061,101.400513,-11082.693359,6261.094238,8513.073242,0.605871,-0.367232,0.705734,0.100000,0.020000,1,0.686899
9.650642,30.323452,-0.043274,-93.021530,5.856462,-120.475677,-6042.115723,746.837769,-7159.420410,0.910529,-0.311509,-0.271844,0.100000,0.020000,1,0.024871
9.511858,30.342079,0.446840,52.772705,-93.468048,-424.311401,2763.515869,-5422.573730,-25940.078125,0.859518,-0.251473,0.444960,0.100000,0.020000,1,0.151942
10.155723,30.630787,0.163076,153.128876,54.421600,57.811188,11752.868164,4822.928223,4606.988281,0.973515,-0.194569,-0.120049,0.100000,0.020000,1,0.973551
9.536702,30.341061,-0.242191,-205.185181,-156.870850,-55.214981,-13455.282227,-9743.284180,-4555.285156,0.981127,-0.191718,0.025178,0.100000,0.020000,1,0.346899
9.314430,30.448601,-0.311691,-24.163834,32.109489,7.985685,-2769.404297,3333.701660,735.646667,0.687379,-0.289126,-0.666271,0.100000,0.020000,1,0.152138
9.431972,30.184105,-0.291805,-27.653223,-50.340549,11.719414,-416.767273,748.271729,-320.547729,0.809451,-0.235578,-0.537859,0.100000,0.020000,1,0.408343
9.520495,30.302675,0.182657,-4.039755,7.623062,11.069391,-758.418152,550.848267,797.474243,0.939546,-0.184272,0.288613,0.100000,0.020000,1,0.971754
9.976465,30.431986,0.210295,183.161530,49.305878,103.381775,12952.275391,3693.490723,7968.231445,0.952422,-0.181435,-0.244897,0.100000,0.020000,1,0.331542
9.455217,30.474504,-0.001538,151.541504,-15.085280,130.301865,8774.496094,-246.239380,7847.917480,0.972182,-0.170248,0.160868,0.100000,0.020000,1,0.002788
8.772017,30.725868,-0.953980,-171.750336,183.874557,-172.416183,-7021.221680,6459.889648,-4343.041016,0.435465,-0.382766,-0.814776,0.100000,0.020000,1,0.810731
9.360399,30.291517,0.062223,-133.740814,-284.832947,-22.000809,-9393.165039,-17319.232422,-2754.681885,0.660386,-0.255356,0.706175,0.100000,0.020000,1,0.270560
8.626110,29.683823,1.495103,-59.218216,86.736626,248.371140,-10309.644531,-5746.142090,17685.646484,0.797859,-0.181124,0.574992,0.100000,0.020000,1,0.264955
9.470722,30.341652,0.234933,5.524032,4.425247,1.607500,-154.192169,507.828522,72.439041,0.891865,-0.108926,0.438990,0.100000,0.020000,1,0.635971
9.530159,30.400557,-0.261013,76.026329,-238.860992,-316.855957,4537.515137,-14670.370117,-20203.000000,0.917710,-0.095358,-0.385636,0.100000,0.020000,1,0.118897
9.456266,30.385580,-0.014076,-0.980976,57.006020,34.986671,-581.330872,3678.751953,2120.872314,0.999807,-0.015165,0.012460,0.100000,0.020000,1,0.922232
9.279554,30.576782,0.045224,293.540375,-211.309387,82.689789,17325.765625,-12468.287109,5089.042480,0.990310,0.006814,0.138710,0.100000,0.020000,1,0.193172
9.426881,30.106003,-0.490003,21.559147,-43.434929,74.866623,800.291443,-2612.728516,4501.099121,0.546546,-0.272657,-0.791799,0.100000,0.020000,1,0.865396
9.160890,30.675510,-0.009983,-37.070740,22.220398,-30.660637,-4008.116211,2664.381836,-1663.781982,0.990447,0.022496,-0.136049,0.100000,0.020000,1,0.017113
8.978933,30.322062,0.145638,-75.950241,-1.028391,83.640747,-7174.046875,340.045319,7370.434082,0.757786,-0.106278,-0.643789,0.100000,0.020000,1,0.904829
9.401466,30.362724,-0.130257,-11.558559,11.239262,-8.446516,-1254.641235,653.735596,-469.839233,0.961700,0.074088,-0.263901,0.100000,0.020000,1,0.219953
10.067152,29.989128,1.275710,213.918854,-112.881134,262.777069,15769.080078,-8360.109375,20610.839844,0.823200,-0.012479,0.567614,0.100000,0.020000,1,0.834736
9.586321,30.352341,-0.250881,-76.098343,-81.856857,46.476860,-4536.244141,-4956.020508,3110.921143,0.846507,0.008108,-0.532316,0.100000,0.020000,1,0.850733
9.518513,30.057425,0.523285,-58.699905,12.203518,-70.339020,-3875.344482,1105.664062,-4188.756348,0.398734,-0.366453,0.840668,0.100000,0.020000,1,0.174612
9.228062,29.551704,-0.100188,-23.075693,-183.819763,-118.961151,438.109131,-9853.054688,-12925.767578,0.723522,-0.074463,0.686274,0.100000,0.020000,1,0.455392
9.376183,30.465631,0.256011,-53.473221,-61.331734,-100.279877,-3896.699707,-3411.575195,-6213.229004,0.905500,0.092959,0.414039,0.100000,0.020000,1,0.624013
9.324389,30.595779,0.266506,4.259590,15.326958,14.430260,-444.857635,1840.908447,1344.833252,0.946239,0.132230,0.295208,0.100000,0.020000,1,0.295081
9.379866,30.438608,-0.216239,-12.002636,-11.883831,7.327619,-1209.278931,-477.471771,415.229492,0.919143,0.129822,-0.371917,0.100000,0.020000,1,0.721990
9.692021,30.243624,1.527505,49.379425,7.156898,299.740601,5267.108398,3210.337158,12413.428711,0.511441,-0.248955,0.822465,0.100000,0.020000,1,0.323357
9.445415,30.438080,0.066792,-76.840378,87.739700,-11.517128,-4925.173340,5609.176758,-782.507324,0.966078,0.213471,0.145342,0.100000,0.020000,1,0.635562
9.428067,30.551840,0.113113,66.502304,6.226788,72.389542,4049.583252,925.433899,5270.504395,0.971217,0.216534,-0.099250,0.100000,0.020000,1,0.351543
9.464416,30.554234,0.119940,-275.269958,-72.538788,-176.265533,-17307.240234,-4071.848877,-10643.646484,0.968775,0.247808,0.008191,0.100000,0.020000,1,0.251111
9.586737,30.069559,-0.285212,-342.837585,220.269043,-163.109772,-21353.914062,13683.976562,-9640.306641,0.574415,-0.162677,-0.802236,0.100000,0.020000,1,0.476817
9.204543,30.535540,-0.155860,219.645920,-161.096542,152.997864,12895.294922,-9674.013672,9596.245117,0.933747,0.249812,-0.256341,0.100000,0.020000,1,0.834149
9.224745,30.365917,-0.440672,134.141724,-33.578392,74.317673,7463.611328,-1768.119263,4336.167480,0.760000,0.074101,-0.645685,0.100000,0.020000,1,0.203172
9.204878,30.558416,0.216242,-53.985611,-107.691483,-101.563156,-4328.954590,-6209.928711,-6139.583984,0.923754,0.266870,0.274698,0.100000,0.020000,1,0.302555
9.435024,30.221876,-0.347429,-39.700737,36.878227,-83.316132,-2664.358887,2449.883545,-4933.084473,0.634994,-0.025687,-0.772090,0.100000,0.020000,1,0.218404
9.294739,30.425129,-0.271904,3.164482,-3.896718,3.982118,-325.388672,94.329681,388.628784,0.808427,0.201304,-0.553102,0.100000,0.020000,1,0.024462
9.247350,30.488605,-0.123107,-243.498810,-148.488419,-173.654388,-15955.123047,-9037.913086,-10614.368164,0.872535,0.314268,-0.374057,0.100000,0.020000,1,0.446922
9.341412,30.280060,0.374023,57.659546,-34.902313,66.967438,3243.796143,-2128.644775,4166.842285,0.702480,0.097719,0.704962,0.100000,0.020000,1,0.770391
9.024741,30.471313,0.281037,-51.835709,10.460114,-13.453228,-4858.381836,1223.694092,-1019.467468,0.781897,0.218087,0.584016,0.100000,0.020000,1,0.321542
7.880384,31.070208,-0.973940,-404.305298,187.816711,-351.206726,-15602.568359,7809.246094,-26883.972656,0.843252,0.320580,0.431457,0.100000,0.020000,1,0.080283
9.404264,30.037025,0.475804,-22.081757,17.913517,-5.205946,-1774.641602,789.131409,-243.774902,0.546955,-0.131911,0.826704,0.100000,0.020000,1,0.801834
8.983006,29.917171,-0.157296,-27.096062,42.556698,41.755592,-3116.603760,427.454620,2231.750000,0.879032,0.463884,-0.110067,0.100000,0.020000,1,0.791157
9.331272,30.399261,-0.365526,-87.605896,-54.854675,12.274536,-5753.372559,-3100.966064,741.212280,0.727243,0.223935,-0.648823,0.100000,0.020000,1,0.230078
9.119875,30.514549,-0.180972,59.448746,-24.691837,46.200539,2956.195557,-1256.805664,2762.500732,0.847196,0.462360,-0.261692,0.100000,0.020000,1,0.866606
9.198104,30.736059,0.007478,-105.851044,-513.926880,59.341888,-7124.078613,-31262.605469,3390.778809,0.858966,0.483786,0.167717,0.100000,0.020000,1,0.986648
9.252829,29.390873,-0.252462,192.515198,-90.274452,-510.754974,4971.492188,-5862.404297,-27352.369141,0.771198,0.348756,-0.532562,0.100000,0.020000,1,0.935080
9.267445,30.376141,0.470884,-2.636600,-21.880840,-86.316345,-605.866150,-1054.030884,-5055.659180,0.693052,0.227439,0.684069,0.100000,0.020000,1,0.825056
9.234996,30.805279,-0.048892,31.811153,78.593918,-29.745285,1770.290771,6391.997070,-2155.580811,0.859474,0.510176,0.032017,0.100000,0.020000,1,0.003802
9.127600,30.457949,0.367384,32.831226,-44.036888,-37.451286,1317.468506,-2371.076416,-2151.115234,0.722580,0.384729,0.574335,0.100000,0.020000,1,0.187744
9.089345,29.416374,0.527514,144.442078,-17.866531,3.830530,652.622375,-11951.364258,-2400.313477,0.796291,0.533175,0.285736,0.100000,0.020000,1,0.348892
9.166913,30.552645,0.237257,40.407501,-453.687073,-202.491821,2160.908936,-28036.103516,-12784.350586,0.747777,0.504299,0.431870,0.100000,0.020000,1,0.173811
9.084353,30.194557,-0.156826,-53.208542,50.230309,12.689175,-4089.737793,2235.506104,1054.009277,0.761087,0.514871,-0.394531,0.100000,0.020000,1,0.027807
9.266008,30.454248,-0.348850,-503.345459,-231.742401,839.179565,-31498.191406,-14639.830078,51744.929688,0.761151,0.640625,-0.101243,0.100000,0.020000,1,0.133916
8.973713,30.453341,0.167825,96.140701,9.438057,-67.652771,5168.142578,600.594421,-3914.806396,0.742495,0.652795,0.150200,0.100000,0.020000,1,0.437366
8.958405,30.502808,-0.033786,147.356796,-111.566574,121.074814,8366.077148,-6851.614258,7416.466797,0.743137,0.668129,0.036775,0.100000,0.020000,1,0.914420
9.314314,30.216709,-0.339099,-31.700768,-23.002148,-96.055725,-2291.761963,-1452.340088,-5634.418945,0.583350,0.130809,-0.801618,0.100000,0.020000,1,0.993304
8.893421,30.457022,0.081680,0.687649,9.184959,-7.736549,-1113.620728,694.124451,-835.742920,0.690350,0.658744,0.299121,0.100000,0.020000,1,0.497636
8.968990,30.613411,-0.574018,-39.338943,35.724106,-29.690392,-3739.547363,3476.746582,-2737.167969,0.626249,0.403710,-0.666956,0.100000,0.020000,1,0.384374
9.170870,30.357708,0.258255,3.569313,11.131086,10.297871,2.732757,673.980652,431.477661,0.646309,0.514409,0.563620,0.100000,0.020000,1,0.929332
8.997942,30.372988,-0.362059,173.133789,-54.156578,-49.933922,10039.369141,-3436.849365,-3456.787598,0.652205,0.547120,-0.524679,0.100000,0.020000,1,0.679443
9.069357,30.491816,-0.166654,-178.690857,-6.763090,-80.200439,-11699.958008,-99.101997,-4887.699707,0.665861,0.643056,-0.378297,0.100000,0.020000,1,0.506284
8.960902,30.253899,1.242758,-58.219162,-27.258347,215.060974,-4979.701660,-1931.387939,17159.355469,0.604814,0.382064,0.698733,0.100000,0.020000,1,0.682931
9.348100,30.454531,-0.534202,30.538765,35.989830,-17.524063,2028.638794,3143.075928,-1531.988770,0.567849,0.248950,-0.784584,0.100000,0.020000,1,0.856730
8.917848,29.515388,-0.040703,46.739918,28.541660,-81.473465,-4477.801758,-8509.132812,-4259.531250,0.554216,0.146314,0.819413,0.100000,0.020000,1,0.282233
8.972372,30.419573,-0.148585,9.569692,8.861580,7.242228,-6.770466,550.028625,470.051788,0.627697,0.728161,-0.275280,0.100000,0.020000,1,0.012575
9.420715,30.301773,1.084138,140.862366,12.003747,231.074097,10121.354492,397.242310,18110.076172,0.585066,0.683223,0.436925,0.100000,0.020000,1,0.715833
8.612829,30.101538,0.179370,144.902481,-49.924820,-74.571266,7243.197754,-4514.026855,-4040.548828,0.586880,0.808868,0.036103,0.100000,0.020000,1,0.503633
9.114936,30.324608,-0.161105,-136.270294,50.817795,9.449068,-8378.732422,2798.895752,155.546219,0.572606,0.813596,-0.100916,0.100000,0.020000,1,0.019550
8.834961,31.332787,-0.059176,-31.377579,264.423187,62.528824,-3194.680908,20757.728516,4908.193359,0.541731,0.656506,-0.524906,0.100000,0.020000,1,0.008322
8.881447,30.523373,0.246752,340.652405,-80.565552,-154.002533,20746.171875,-4570.091797,-9354.948242,0.540012,0.790497,0.288965,0.100000,0.020000,1,0.269759
8.792980,30.568762,0.244404,-243.651764,-388.128479,-326.064087,-16442.941406,-23842.314453,-19934.750000,0.542568,0.824099,0.162727,0.100000,0.020000,1,0.904740
9.022228,30.318665,0.387214,8.602076,-5.942872,-8.195759,-158.085663,-325.624237,-467.817413,0.526636,0.508465,0.681262,0.100000,0.020000,1,0.997930
8.981377,30.498369,-0.228080,-102.609390,-135.828308,168.453583,-6748.546875,-8161.804199,10256.836914,0.523942,0.814050,-0.250615,0.100000,0.020000,1,0.355333
8.811427,31.936995,0.202280,-108.556587,467.175812,-81.438271,-3697.996582,20199.875000,-2240.694092,0.530685,0.245341,0.811284,0.100000,0.020000,1,0.444858
8.752121,29.611073,-1.412422,56.004982,18.774189,-435.084869,-2548.037109,-11818.875977,-23182.804688,0.504840,0.643316,0.575571,0.100000,0.020000,1,0.823294
9.037621,30.241692,-0.462190,87.008194,46.926003,233.943756,4963.539062,2693.470215,14382.927734,0.499841,0.546221,-0.672162,0.100000,0.020000,1,0.051314
8.400456,30.409060,0.099273,-62.989456,60.741318,49.549225,-6670.765137,4007.350586,4463.479492,0.474797,0.783940,-0.400009,0.100000,0.020000,1,0.264528
8.851389,30.365053,0.216389,41.221397,-36.610214,8.536096,1805.275146,-2285.700195,465.007233,0.458807,0.780423,0.424778,0.100000,0.020000,1,0.061368
9.013733,30.457558,0.084138,74.711594,42.298660,24.590858,1775.325317,832.625732,-2068.338379,0.384265,0.906752,0.173610,0.100000,0.020000,1,0.939973
8.494068,30.318790,-0.900520,-79.996948,-28.289417,-263.952118,-3356.779785,632.363159,-7199.023926,0.382162,0.915169,-0.128131,0.100000,0.020000,1,0.722274
8.894346,30.168289,-0.337971,128.679306,-59.134048,-93.454086,6727.984375,-4065.600098,-5501.207031,0.476350,0.393866,-0.786105,0.100000,0.020000,1,0.013803
8.936921,30.311626,-0.325209,10.893757,0.617955,-5.036858,322.941193,-18.653593,-530.217773,0.391153,0.773928,-0.498031,0.100000,0.020000,1,0.885629
8.989806,30.104837,-0.051917,-82.097183,55.447334,60.860901,-5061.990723,2476.648438,4238.881348,0.365202,0.891886,-0.266771,0.100000,0.020000,1,0.941770
9.348187,30.046249,-0.195075,-199.102142,-19.630974,58.552582,-11529.169922,-2247.249756,4413.888184,0.408967,0.623984,-0.665875,0.100000,0.020000,1,0.634975
8.832062,30.211613,0.248399,-593.488281,299.187408,-392.754059,-37903.664062,18394.251953,-24411.685547,0.311572,0.906123,0.286117,0.100000,0.020000,1,0.728805
9.199129,31.093630,0.722424,58.324860,296.317444,124.083687,11408.363281,24279.919922,1951.108643,0.460975,0.360342,0.810960,0.100000,0.020000,1,0.632466
8.183453,29.939392,0.236578,-62.435036,102.298096,101.701309,-11670.843750,-9224.089844,4508.952637,0.299577,0.874127,-0.382302,0.100000,0.020000,1,0.690262
8.839318,30.460377,0.245148,99.357864,-337.055603,143.559265,5587.035645,-20542.500000,8788.315430,0.310219,0.765585,0.563598,0.100000,0.020000,1,0.459699
8.855481,30.311331,-0.004337,-25.114925,1.159649,8.081240,-1822.141724,-40.296669,469.180786,0.300350,0.953778,0.009897,0.100000,0.020000,1,0.137261
9.069543,30.290140,0.421567,-92.032501,-47.116280,-29.671337,-5851.717285,-2839.913818,-1723.464844,0.345394,0.624815,0.700221,0.100000,0.020000,1,0.916876
8.840699,30.200356,0.417447,14.415482,2.695218,18.127674,516.722961,-208.762360,1928.612061,0.251865,0.873324,0.416976,0.100000,0.020000,1,0.520413
9.165227,30.121477,-0.356756,37.476952,-199.768341,-19.835648,2382.221680,-13088.996094,-939.626709,0.393086,0.481805,-0.783165,0.100000,0.020000,1,0.472848
8.517834,30.063923,0.029955,551.904175,-292.777435,-98.298065,33372.152344,-19428.527344,-6405.387695,0.186086,0.972284,0.141547,0.100000,0.020000,1,0.814504
8.844257,30.207821,-0.088589,-89.308777,77.249252,24.089230,-5691.480957,4572.046387,1447.972778,0.159932,0.978627,-0.129270,0.100000,0.020000,1,0.211856
8.763766,30.137846,-0.407954,8.725050,-30.219852,-115.444626,187.894150,-2502.553223,-9007.954102,0.152909,0.988215,0.007031,0.100000,0.020000,1,0.862193
8.829723,30.332848,-0.332735,78.147018,-88.776199,-18.954201,4217.657227,-5201.549805,-1087.457520,0.235804,0.721340,-0.651203,0.100000,0.020000,1,0.775391
8.754296,30.415861,0.213468,21.976839,35.709549,16.291424,951.885071,2937.309326,1248.451294,0.119089,0.949028,0.291826,0.100000,0.020000,1,0.775142
8.892731,30.362030,-0.014536,-93.885803,-98.693970,-111.493332,-5750.528809,-5768.102539,-6504.320801,0.110311,0.959837,-0.257961,0.100000,0.020000,1,0.852388
8.682964,30.161728,0.378060,147.982941,-84.287186,-25.095905,8298.615234,-5622.971191,-1262.942017,0.164711,0.820981,0.546682,0.100000,0.020000,1,0.478276
8.796321,30.273136,-0.370925,50.513496,-105.790741,133.548782,2648.324463,-6525.278809,8095.768555,0.161801,0.833579,-0.528172,0.100000,0.020000,1,0.222835
9.142033,30.162748,-0.486294,204.425323,-282.235840,147.504898,14066.636719,-18119.632812,8124.032715,0.099357,0.924801,-0.367248,0.100000,0.020000,1,0.063556
8.889276,30.192940,0.425947,-120.080826,157.445419,-129.442688,-8097.977539,9820.896484,-7980.920410,0.224768,0.687307,0.690716,0.100000,0.020000,1,0.788630
8.736818,30.171463,0.291942,0.962270,6.629802,-59.742065,-431.038940,249.477448,-3470.640625,0.054891,0.915123,0.399421,0.100000,0.020000,1,0.131834
9.055736,30.017944,0.031540,42.577843,-101.880890,286.912598,2252.197021,-7230.364258,16361.083984,0.351626,0.457274,0.816860,0.100000,0.020000,1,0.969672
8.690619,29.882757,0.066115,-23.264370,1.544537,-14.624451,-1879.665771,-1221.859009,-670.395630,-0.029591,0.999510,0.010241,0.100000,0.020000,1,0.512477
8.995366,30.206459,-0.467078,-3.188354,10.638845,32.079689,-578.609314,692.837891,1878.818237,0.266739,0.560156,-0.784268,0.100000,0.020000,1,0.707648
8.853485,30.193674,0.232137,-141.186035,-44.784401,-142.986572,-8632.660156,-2782.736328,-8390.047852,-0.054755,0.987861,0.145366,0.100000,0.020000,1,0.960472
8.500254,29.937626,-0.300474,39.595596,-17.067295,95.003464,1283.862061,-2053.464844,5282.419922,-0.068166,0.969571,-0.235127,0.100000,0.020000,1,0.870966
8.640225,30.175688,0.100378,65.558182,-209.334488,-591.320068,3567.000000,-13198.467773,-36673.972656,-0.080809,0.991663,-0.100376,0.100000,0.020000,1,0.953444
8.261773,29.911789,-0.005017,-241.279495,87.852158,36.376213,-9036.945312,1937.495483,-808.040527,0.086348,0.746920,-0.659284,0.100000,0.020000,1,0.417347
8.683761,30.100780,-0.549218,61.151352,-84.478882,264.883606,3088.496582,-5605.184082,15639.905273,0.000204,0.849337,-0.527851,0.100000,0.020000,1,0.224757
8.730018,29.878622,-0.093000,31.892105,9.073099,168.133392,1774.201904,-529.144226,9533.207031,-0.115155,0.946951,0.300040,0.100000,0.020000,1,0.242516
8.721906,29.850956,0.374373,-149.006104,100.718765,-155.062286,-9982.404297,5131.717773,-9467.718750,-0.040532,0.840359,0.540513,0.100000,0.020000,1,0.771067
8.486722,30.183666,-0.166445,-26.707748,22.612087,14.746189,-2988.271729,1633.477783,1083.582886,-0.115977,0.922388,-0.368442,0.100000,0.020000,1,0.782936
8.746224,30.070335,0.210846,-141.439606,126.068878,-123.125534,-9180.817383,7738.293457,-7859.405273,-0.124901,0.898549,0.420726,0.100000,0.020000,1,0.286130
9.704538,30.897913,-0.046203,239.934448,212.775238,-128.954498,18296.113281,16563.347656,-9950.734375,0.054461,0.709421,0.702678,0.100000,0.020000,1,0.095302
8.288798,30.201473,0.543946,-85.587097,61.666290,131.583923,-7292.812500,4353.476562,10835.786133,-0.236664,0.965159,-0.111611,0.100000,0.020000,1,0.997005
8.962138,30.487190,-0.924506,15.788694,78.037888,-114.981049,732.363159,6303.698242,-9320.429688,0.141952,0.606831,-0.782052,0.100000,0.020000,1,0.729001
8.940136,29.911701,0.309235,47.650726,-69.125626,-134.408722,2403.611816,-5446.822754,-9074.547852,0.220522,0.531696,0.817722,0.100000,0.020000,1,0.547781
8.627971,29.847471,-0.054713,439.573517,-282.294617,-6.559607,26973.164062,-18813.226562,491.566345,-0.174472,0.852582,-0.492608,0.100000,0.020000,1,0.257214
9.041502,30.229626,0.695496,98.026718,15.569572,189.491730,7471.270020,1672.962036,14550.602539,-0.283208,0.949145,0.137540,0.100000,0.020000,1,0.330991
8.634055,30.389381,-0.749279,-28.465378,64.887299,-69.137634,-2845.502686,5300.336426,-6011.749023,-0.080200,0.760582,-0.644269,0.100000,0.020000,1,0.009336
8.597398,29.958191,0.372890,32.987305,-11.756905,-140.584534,1137.798340,-1238.740112,-8538.136719,-0.176781,0.828736,0.530986,0.100000,0.020000,1,0.667805
8.891281,29.530725,0.116380,82.725197,-25.408739,-103.660263,-217.863770,-3396.069824,-6540.571289,-0.287515,0.919760,0.267163,0.100000,0.020000,1,0.388485
8.639127,29.676308,0.232090,-219.288330,127.413612,-211.279449,-14439.933594,6128.036133,-12489.435547,-0.304445,0.951675,0.040340,0.100000,0.020000,1,0.051723
8.557675,30.144819,-0.162615,-34.063316,12.354202,15.809490,-2900.656982,1235.102417,861.484863,-0.322906,0.916564,-0.235885,0.100000,0.020000,1,0.028038
8.701129,30.110575,0.272922,126.182358,-134.567047,44.676559,7135.225586,-8394.055664,2386.431641,-0.087374,0.724571,0.683639,0.100000,0.020000,1,0.429732
8.121035,30.106195,-1.083361,-116.913696,83.791702,-224.687134,-10072.054688,5601.678711,-17814.199219,-0.302017,0.870358,-0.388925,0.100000,0.020000,1,0.812617
9.076447,30.052507,0.568878,-127.778412,24.789429,-87.928162,-7848.105957,1217.011108,-5020.371094,0.108606,0.586810,0.802408,0.100000,0.020000,1,0.862780
8.743280,29.871981,0.318484,48.756142,11.296290,-27.421078,2991.402344,217.657532,-1362.103394,-0.364306,0.832261,0.417880,0.100000,0.020000,1,0.307484
8.109694,30.134121,-0.426886,-414.619263,256.898621,-25.389755,-28671.585938,16943.986328,-3401.639893,-0.465021,0.885276,0.006554,0.100000,0.020000,1,0.128595
8.576220,29.894173,-1.028077,-79.771538,-96.505569,-180.955811,-3312.007568,1059.109375,-5121.824219,-0.001693,0.621355,-0.783527,0.100000,0.020000,1,0.725371
8.642139,29.826345,-0.061346,146.912491,-67.806107,-40.107704,8921.614258,-4811.172363,-2196.855469,-0.456577,0.851837,-0.256730,0.100000,0.020000,1,0.656115
7.963382,30.730425,1.310647,-177.031281,179.346558,299.006348,-14370.042969,14611.875977,23719.378906,-0.470660,0.838643,0.274148,0.100000,0.020000,1,0.830875
8.668288,29.885820,0.059952,-1.806483,-4.433998,-13.262207,-303.850037,-498.274139,-959.990417,-0.491872,0.855431,0.162170,0.100000,0.020000,1,0.380104
8.841753,29.698196,-1.561561,72.041122,-25.625557,-372.998779,5097.934082,-2594.187012,-29793.644531,-0.504734,0.854913,-0.119860,0.100000,0.020000,1,0.431067
8.584661,29.843370,-0.476452,36.302681,-3.682579,509.148499,1207.259033,-895.239807,31610.134766,-0.268275,0.723960,-0.635539,0.100000,0.020000,1,0.587445
8.678393,29.777159,0.278085,62.727493,-31.449432,48.029366,3439.390625,-2751.165283,2915.762695,-0.370768,0.744629,0.555031,0.100000,0.020000,1,0.581200
8.694173,29.973145,0.358770,-4.472946,14.120781,-1.674842,-1012.208923,786.159790,-186.046982,-0.249398,0.683498,0.686026,0.100000,0.020000,1,0.617340
8.880239,29.537104,-1.602204,115.176216,-23.717426,-292.171021,-1530.150879,-8311.510742,-15384.376953,-0.408990,0.750036,-0.519781,0.100000,0.020000,1,0.311879
8.746558,29.827814,-0.268217,-21.009365,4.131307,-16.226601,-1311.634155,-67.235191,-1312.943848,-0.510321,0.780358,-0.361405,0.100000,0.020000,1,0.252232
8.795388,29.887255,0.238533,-53.292931,-139.195679,-94.751167,-3222.589355,-8722.570312,-5981.967773,-0.543195,0.719075,0.433441,0.100000,0.020000,1,0.935560
9.299074,29.914289,-0.147207,160.286865,34.705971,-5.743080,12566.260742,2547.069824,-749.050964,-0.655091,0.748997,-0.099292,0.100000,0.020000,1,0.219846
8.515509,29.799887,0.367960,506.573730,-276.649933,110.294319,29992.775391,-18593.816406,6615.114258,-0.022374,0.574199,0.818410,0.100000,0.020000,1,0.947981
8.416295,30.230062,-0.357492,-79.042130,42.817390,11.894981,-7149.929688,3589.520752,1051.575195,-0.156767,0.606550,-0.779437,0.100000,0.020000,1,0.641541
8.902505,30.060211,-0.488515,-417.539398,-496.354126,551.762634,-26075.000000,-30756.066406,34260.234375,-0.394835,0.658997,-0.640178,0.100000,0.020000,1,0.761173
9.797915,29.091108,-0.889420,310.415710,-159.874634,-146.622238,23843.681641,-13363.553711,-11822.291992,-0.521071,0.692301,-0.499204,0.100000,0.020000,1,0.878884
8.679562,29.847801,0.257369,-100.675400,-155.643097,-253.505707,-6520.503418,-9688.962891,-15285.139648,-0.669288,0.726442,0.156000,0.100000,0.020000,1,0.240754
8.622348,29.938492,-0.112947,-112.469223,-419.877747,440.227112,-7476.946289,-25979.425781,27271.888672,-0.678961,0.733930,0.018927,0.100000,0.020000,1,0.429715
8.323459,29.858559,-0.179298,816.609253,-465.467651,427.419220,48625.273438,-31930.687500,26938.742188,-0.666180,0.704535,-0.244612,0.100000,0.020000,1,0.087401
8.505891,29.811628,-0.060524,129.525085,-72.270584,234.378265,7222.965332,-4554.247070,13925.923828,-0.663199,0.699115,0.267218,0.100000,0.020000,1,0.060122
8.395169,29.995844,0.718589,-97.383072,16.412075,85.620758,-6090.994629,1638.840942,5419.009766,-0.397410,0.630175,0.667042,0.100000,0.020000,1,0.228761
8.843352,30.205368,0.550008,132.053253,-337.965027,-222.254059,7913.731445,-20515.207031,-13566.439453,-0.158088,0.582380,0.797397,0.100000,0.020000,1,0.936023
8.545612,29.813913,0.267724,283.381653,-157.196899,104.666748,16801.248047,-10079.292969,6428.482910,-0.530648,0.633355,0.563272,0.100000,0.020000,1,0.018038
8.537323,29.869364,-0.896888,-158.525665,1.291256,59.023033,-10948.767578,444.872101,863.647217,-0.675537,0.628927,-0.384838,0.100000,0.020000,1,0.323552
9.170132,29.569942,-0.911599,90.315994,-33.697807,-285.403564,7353.003906,-2993.415039,-22806.001953,-0.671488,0.606107,0.426308,0.100000,0.020000,1,0.294974
8.757066,29.754238,-0.061060,-23.628181,-60.976753,-13.637455,-1430.225098,-3678.412598,-857.759033,-0.798468,0.591501,-0.112143,0.100000,0.020000,1,0.665012
8.858994,29.738468,-0.412317,138.478943,-37.001648,3.076550,9237.420898,-2215.059814,-1574.481445,-0.806360,0.591093,0.019816,0.100000,0.020000,1,0.149094
8.613416,30.706650,0.140372,-51.962975,170.874329,115.948242,-4559.873535,13980.797852,9710.724609,-0.283132,0.552320,-0.784078,0.100000,0.020000,1,0.277945
8.684702,29.966593,-0.319376,219.689621,-713.060120,5.243743,13223.311523,-44376.972656,443.450073,-0.551714,0.548288,-0.628484,0.100000,0.020000,1,0.962661
9.396295,29.638828,-0.020169,137.938538,-11.640976,51.547333,11188.108398,-1225.474854,4315.444824,-0.675492,0.544045,-0.497720,0.100000,0.020000,1,0.374018
9.404013,29.350214,-0.591493,196.088745,-103.366074,-122.292633,15058.596680,-7981.798340,-9629.019531,-0.800449,0.547457,-0.244076,0.100000,0.020000,1,0.576982
8.611595,29.743668,0.516382,282.290894,-159.196106,-532.835693,17173.312500,-9862.172852,-32089.427734,-0.796726,0.542248,0.266823,0.100000,0.020000,1,0.513616
6.472283,30.927336,0.051880,-714.373230,418.581848,-150.269211,-22014.398438,13736.473633,-8186.500488,-0.820794,0.546228,0.167135,0.100000,0.020000,1,0.109733
8.845626,29.907881,-0.466617,-36.841103,14.072987,10.670738,-2548.255615,971.794312,464.219513,-0.384327,0.529920,-0.755962,0.100000,0.020000,1,0.285419
9.509310,29.475576,0.580906,189.467285,-69.825150,67.102188,14841.788086,-5546.179688,5425.002930,-0.670915,0.510626,0.537711,0.100000,0.020000,1,0.887016
8.972250,29.655027,-0.264711,-385.313446,-331.254456,-110.145020,-23569.177734,-21065.173828,-7185.099609,-0.780766,0.496460,-0.379382,0.100000,0.020000,1,0.937749
8.698504,29.681818,-0.053724,-400.835571,197.730606,175.409302,-25723.751953,12461.641602,9932.633789,-0.782394,0.479588,0.397309,0.100000,0.020000,1,0.836996
8.837826,29.829981,0.412811,90.358047,-51.143677,-26.214771,5558.614746,-3139.298340,-1523.664185,-0.528432,0.491391,0.692311,0.100000,0.020000,1,0.840181
8.910269,29.519764,-0.092587,-498.521179,295.632721,264.540283,-33244.359375,15079.202148,16467.507812,-0.898723,0.438270,0.014709,0.100000,0.020000,1,0.779947
9.067920,29.428745,-0.361162,95.380623,42.140919,-157.261490,-9543.535156,-19794.550781,-11966.339844,-0.250666,0.521074,0.815873,0.100000,0.020000,1,0.126406
9.047529,29.474407,0.024818,-206.711365,126.856567,-298.744781,-12160.505859,7164.918457,-17614.587891,-0.762968,0.416309,-0.494538,0.100000,0.020000,1,0.821960
8.752717,29.610727,0.124238,422.052490,-241.568634,-40.214706,25983.267578,-16204.199219,-1472.997925,-0.890056,0.386540,-0.241633,0.100000,0.020000,1,0.634423
9.532923,29.160278,0.449858,224.415558,-107.563904,212.179092,8755.650391,-8911.911133,-2636.167969,-0.925209,0.367448,-0.094708,0.100000,0.020000,1,0.121282
8.865607,29.657913,0.397674,-208.151855,123.223511,-218.757782,-13385.938477,6881.229492,-13970.049805,-0.381866,0.476259,0.792058,0.100000,0.020000,1,0.582676
7.165949,30.941643,-1.864169,-498.181213,321.757050,-412.873596,-17078.035156,11469.665039,-22205.701172,-0.501391,0.443988,-0.742618,0.100000,0.020000,1,0.456371
8.235769,29.965452,0.856097,-133.142776,91.208405,285.745117,-11051.795898,6733.074219,23081.025391,-0.645972,0.420471,-0.637121,0.100000,0.020000,1,0.144717
8.032016,30.026823,-1.636680,-271.291016,161.182358,-414.103760,-614.353149,-777.269409,-23897.619141,-0.921756,0.357209,0.150888,0.100000,0.020000,1,0.034231
8.947062,29.513599,0.244709,-12.095618,11.552270,26.508799,-424.135162,103.988190,1421.049683,-0.751838,0.358050,0.553660,0.100000,0.020000,1,0.805962
11.616500,27.957321,0.331906,731.878540,-403.546509,82.577698,24345.244141,-17911.597656,-14505.768555,-0.901153,0.316977,0.295717,0.100000,0.020000,1,0.521089
9.394068,29.728373,1.813916,149.997559,-9.970798,391.187317,11555.393555,-623.526855,30707.181641,-0.628533,0.378048,0.679725,0.100000,0.020000,1,0.872639
8.659898,29.840446,-0.288049,-40.123451,59.765564,-15.957893,-3337.904297,4841.355469,-1374.994263,-0.881971,0.300496,-0.363084,0.100000,0.020000,1,0.659905
9.883757,28.975561,0.551215,266.397461,-151.654846,85.604782,21016.814453,-12090.526367,6719.415527,-0.866427,0.255671,0.428879,0.100000,0.020000,1,0.634103
9.205528,29.356234,-0.339026,-56.840050,34.918304,303.396484,-2274.813232,1235.011841,18852.498047,-0.838674,0.246152,-0.485834,0.100000,0.020000,1,0.862745
8.723072,29.627842,-0.097889,719.173340,-414.957153,151.300812,44681.933594,-25859.072266,9702.821289,-0.950563,0.193643,-0.242758,0.100000,0.020000,1,0.957750
9.067947,29.580040,-0.179299,-118.990524,-65.724693,166.822540,-6714.442383,-3815.940186,9713.214844,-0.983114,0.180630,0.029301,0.100000,0.020000,1,0.543742
8.815704,29.583200,0.446032,-172.408600,102.218384,-1.629177,-11376.368164,5568.253418,-40.071011,-0.488875,0.386111,0.782253,0.100000,0.020000,1,0.781388
8.460834,29.874115,-0.467000,-273.717377,-26.138470,301.574158,-19166.738281,-711.371338,18536.449219,-0.725834,0.274348,-0.630791,0.100000,0.020000,1,0.886305
9.837639,28.984348,0.764886,287.126129,-165.137878,116.445045,16953.769531,-9942.206055,369.807617,-0.980407,0.164073,-0.109004,0.100000,0.020000,1,0.134307
8.577774,29.711731,0.949671,-65.218811,38.144180,184.720673,-5552.947266,3090.384521,15270.938477,-0.972848,0.160476,0.166772,0.100000,0.020000,1,0.318694
8.885165,30.067348,-2.016375,-4.725255,105.449722,-484.460266,-161.338318,3153.600342,-14756.410156,-0.583739,0.318388,-0.746912,0.100000,0.020000,1,0.754714
9.088389,29.435225,0.201558,-230.181824,138.439865,128.899109,-13844.827148,8143.565918,7738.062500,-0.821654,0.186171,0.538726,0.100000,0.020000,1,0.151497
8.529388,29.741203,0.759636,-58.477882,34.227776,116.444885,-5367.475586,3112.585693,9614.925781,-0.911536,0.114159,0.395056,0.100000,0.020000,1,0.780071
6.764431,30.758663,-0.577588,-516.733398,364.608826,-122.764648,-48676.351562,14629.693359,-2510.066650,-0.922741,0.109368,-0.369578,0.100000,0.020000,1,0.828081
10.466118,28.621496,0.606839,454.268402,-261.985901,187.247864,16519.187500,-9604.927734,-13.038086,-0.948147,0.107328,0.299162,0.100000,0.020000,1,0.146390
9.374514,30.415638,0.109631,128.297485,259.479095,-57.634666,3821.944824,7695.529297,-1802.160522,-0.705601,0.220877,0.673306,0.100000,0.020000,1,0.145998
8.998202,29.686117,-0.329841,-85.920837,51.462463,-422.744720,-5242.797363,3643.504883,-26639.615234,-0.770899,0.154657,-0.617896,0.100000,0.020000,1,0.187424
8.761981,29.605379,0.710299,-43.581177,25.910149,205.149445,-3769.368652,2001.246460,15642.059570,-0.990412,0.001422,0.138135,0.100000,0.020000,1,0.786068
7.185986,30.515280,-0.895633,-528.439819,305.892303,-260.110168,-22502.992188,12804.416992,-6246.364258,-0.993818,-0.026762,-0.107751,0.100000,0.020000,1,0.358003
10.411769,28.652872,0.392561,324.110565,-186.018936,205.348053,26255.445312,-15488.580078,14566.380859,-0.999161,-0.028788,0.029138,0.100000,0.020000,1,0.299209
8.790349,30.063545,0.315246,166.737854,-55.254616,-84.656219,9804.000977,-2117.061035,-5836.230469,-0.548571,0.284780,0.786111,0.100000,0.020000,1,0.359497
8.912900,30.492348,-0.263491,-14.866470,223.478516,5.887869,-1213.032715,18181.046875,446.820740,-0.858416,0.046268,-0.510863,0.100000,0.020000,1,0.601556
9.220412,29.340704,0.287138,-417.641235,241.549088,-431.212402,-25501.216797,14624.729492,-26713.601562,-0.955063,-0.031940,0.294675,0.100000,0.020000,1,0.458613
9.092298,29.730465,0.391429,-550.052063,-409.968445,-634.860474,-34286.656250,-24988.636719,-39656.187500,-0.847747,0.031800,0.529447,0.100000,0.020000,1,0.721278
9.148314,29.382328,-0.114008,-479.458710,277.344269,50.777225,-29787.886719,17074.285156,3328.765869,-0.963806,-0.061578,-0.259395,0.100000,0.020000,1,0.940240
9.082353,29.749208,0.309331,37.116051,41.843887,-32.171524,2695.239258,3300.010498,-2301.438477,-0.728538,0.090525,0.678997,0.100000,0.020000,1,0.915345
10.166698,28.794363,0.302280,388.791870,-224.371475,-148.081985,19054.027344,-11023.075195,-26162.746094,-0.917617,-0.089217,-0.387323,0.100000,0.020000,1,0.190271
8.965508,29.860777,-0.407817,10.296038,-144.029510,-0.751059,542.377686,-8240.307617,-18.793655,-0.637441,0.165194,-0.752582,0.100000,0.020000,1,0.385566
9.116535,29.400677,0.438129,19.339540,-11.120645,-257.135712,1555.035645,-907.606018,-15317.380859,-0.911376,-0.107035,0.397413,0.100000,0.020000,1,0.962127
7.498386,30.334915,0.252233,-462.726318,288.023682,135.172211,-29327.681641,16779.082031,-6247.670898,-0.982550,-0.185132,0.017969,0.100000,0.020000,1,0.572569
9.128582,29.393723,-0.035322,-43.571880,26.169630,-316.146362,-2729.570557,1247.756470,-19889.447266,-0.971547,-0.205220,-0.118244,0.100000,0.020000,1,0.531731
8.793400,29.595699,-0.195405,464.420197,-265.819244,98.870590,28216.306641,-16228.151367,6559.279297,-0.861476,-0.121835,-0.492966,0.100000,0.020000,1,0.797492
9.050385,29.499359,-0.472996,-2.700040,3.662148,53.282799,-155.316193,97.862434,2851.416992,-0.770439,-0.041516,-0.636160,0.100000,0.020000,1,0.377808
8.950993,29.496252,-0.013708,397.036316,-223.988342,238.372070,23408.785156,-16053.625977,14749.494141,-0.952668,-0.254773,0.165874,0.100000,0.020000,1,0.995884
9.240414,29.555550,0.041047,-197.897705,-188.832245,-229.487274,-11921.852539,-11196.830078,-13797.749023,-0.935461,-0.273253,-0.224156,0.100000,0.020000,1,0.836978
9.061749,29.432310,-0.131735,132.527512,-63.526352,529.473816,5077.631836,-9545.918945,32925.539062,-0.912713,-0.282745,0.294975,0.100000,0.020000,1,0.615685
9.075277,29.630472,0.476763,-92.857651,20.859173,-37.858078,-5617.204590,1123.293213,-2237.467041,-0.582998,0.146252,0.799202,0.100000,0.020000,1,0.419714
9.041007,29.571838,0.306381,7.113593,2.105929,49.592216,320.987091,277.161072,2863.148926,-0.736909,-0.072625,0.672080,0.100000,0.020000,1,0.379943
9.109339,29.633730,0.192806,-6.567619,-162.073730,-57.875191,-387.863342,-9511.447266,-4091.839844,-0.818767,-0.193706,0.540462,0.100000,0.020000,1,0.750959
9.651843,30.785080,0.279587,138.729828,334.294556,123.721298,10954.880859,26877.722656,9828.238281,-0.884209,-0.285912,-0.369364,0.100000,0.020000,1,0.746172
9.067630,29.449991,0.545817,-16.975666,10.355923,76.311356,-1342.669312,800.583679,6119.464844,-0.859568,-0.283939,0.424877,0.100000,0.020000,1,0.567996
9.816682,29.464924,-1.485944,204.116440,13.715237,-375.330444,4410.695312,1125.010254,-11650.852539,-0.654874,0.023919,-0.755359,0.100000,0.020000,1,0.104946
9.366768,29.256205,0.030086,-698.646484,403.408508,-24.221045,-43376.628906,25033.703125,-1728.607056,-0.891798,-0.429795,0.141324,0.100000,0.020000,1,0.291451
9.223118,29.457109,-0.100185,84.344284,-91.641312,147.099915,5441.808105,-5343.179688,9101.049805,-0.892558,-0.439265,-0.101914,0.100000,0.020000,1,0.093184
9.144800,29.554380,-0.092875,-191.354034,-40.096672,-270.650513,-12028.149414,-2263.142334,-16018.934570,-0.746830,-0.210037,-0.630975,0.100000,0.020000,1,0.695583
9.271352,29.311295,0.007638,44.278774,-24.786663,-194.047348,2894.617676,-2130.921631,-11690.992188,-0.863900,-0.438714,-0.247400,0.100000,0.020000,1,0.470606
9.939136,29.280506,2.784350,285.134705,-57.780243,820.352295,-3421.213379,5212.367188,26280.945312,-0.888483,-0.458909,0.000180,0.100000,0.020000,1,0.225629
9.616882,29.130108,-0.183999,131.702469,-70.491592,-152.975739,10151.179688,-5718.897461,-11621.586914,-0.787351,-0.331590,0.519738,0.100000,0.020000,1,0.805624
8.894665,30.137028,-0.552889,-215.903168,158.304871,-81.809174,-14812.939453,12954.250977,-6314.318359,-0.794578,-0.338866,-0.503802,0.100000,0.020000,1,0.669247
9.337338,29.273195,0.395724,-238.206543,137.552505,-359.029327,-14536.825195,8274.834961,-21648.638672,-0.846331,-0.454640,0.277534,0.100000,0.020000,1,0.628711
9.886805,30.214859,1.008309,192.692322,165.730927,177.587036,5180.236816,4400.260742,5055.670898,-0.714166,-0.215113,0.666103,0.100000,0.020000,1,0.437384
8.957753,29.739254,0.675433,279.974121,-575.707092,-598.377625,17201.794922,-35874.570312,-36783.960938,-0.602898,0.018722,0.797598,0.100000,0.020000,1,0.607322
7.992540,30.079485,-1.864398,-291.844971,171.573364,-393.494507,-23593.216797,13714.592773,-31735.683594,-0.801740,-0.454684,-0.387911,0.100000,0.020000,1,0.232978
9.233860,29.332937,-0.129029,59.245613,-29.812845,311.731079,2492.967041,-3854.452148,19327.845703,-0.817940,-0.574679,0.026818,0.100000,0.020000,1,0.800962
8.957251,29.629692,-0.760297,-45.551876,9.549129,-101.388641,-1382.015625,374.090759,-3168.788574,-0.643579,-0.131695,-0.753965,0.100000,0.020000,1,0.278674
10.245206,29.658716,2.382906,327.999237,64.403297,574.308411,9083.329102,2979.264648,31888.050781,-0.764830,-0.488398,0.420122,0.100000,0.020000,1,0.459182
9.242525,29.587591,-0.007275,48.390182,-12.125225,-28.837559,2836.914062,239.017258,-1641.850220,-0.800787,-0.592044,-0.090683,0.100000,0.020000,1,0.128417
12.378775,30.914570,-0.617488,893.224365,440.336456,-90.166290,40000.960938,17163.828125,-8622.875000,-0.703271,-0.351777,-0.617789,0.100000,0.020000,1,0.991150
9.450280,29.415974,0.089581,-137.923737,-23.486092,-48.224335,-8112.439941,-1210.992065,-2981.656250,-0.781684,-0.608772,0.135525,0.100000,0.020000,1,0.855680
9.244591,30.348921,1.084319,-123.099030,250.299591,423.464844,-7332.427734,16077.577148,7720.347168,-0.751511,-0.597083,0.280575,0.100000,0.020000,1,0.846854
9.069758,29.570908,0.468521,7.437173,-0.963971,-5.786965,240.311752,-139.691086,-223.379745,-0.606604,-0.099912,0.788701,0.100000,0.020000,1,0.343358
9.341827,29.524244,0.342482,-59.331596,-102.112259,-68.135101,-3464.571289,-6036.558594,-4070.330078,-0.702341,-0.484505,0.521510,0.100000,0.020000,1,0.394837
11.219115,28.186750,1.841726,576.984619,-213.427612,547.845032,8640.248047,-27669.099609,17960.146484,-0.709062,-0.497446,-0.499778,0.100000,0.020000,1,0.313979
10.040041,29.142025,-0.467808,139.168427,-167.524475,-141.145157,4105.633789,-7343.927246,-4217.023926,-0.737738,-0.624855,-0.255535,0.100000,0.020000,1,0.768950
9.228285,29.609568,-0.393468,18.164330,-54.716560,-68.676788,1357.596558,-3165.736572,-4264.630371,-0.627471,-0.227566,-0.744643,0.100000,0.020000,1,0.787687
9.413723,29.229095,0.467422,-177.657166,104.376633,-543.232971,-10954.736328,4771.151367,-33942.324219,-0.657790,-0.372542,0.654618,0.100000,0.020000,1,0.746831
9.763378,29.706053,-0.166103,113.242813,73.454636,-95.643631,8906.037109,5937.739258,-7632.165527,-0.682734,-0.617070,0.391277,0.100000,0.020000,1,0.092811
8.687832,29.648190,0.883520,-148.922226,92.215912,223.542816,-7961.711914,3106.226318,16501.742188,-0.686367,-0.624287,-0.373049,0.100000,0.020000,1,0.268211
9.456818,29.704323,-0.189536,91.111801,69.284187,15.666311,6019.870117,835.082153,-872.855225,-0.610162,-0.506931,-0.608870,0.100000,0.020000,1,0.641434
9.498118,29.369034,0.146938,13.870449,-22.328117,14.758568,1171.597290,-1428.497559,1232.627808,-0.630866,-0.763892,0.135931,0.100000,0.020000,1,0.641683
9.172308,29.410807,0.394714,-23.292110,26.275356,58.478310,-2544.119385,1817.688232,5606.740723,-0.630206,-0.767781,-0.115551,0.100000,0.020000,1,0.762045
9.273829,29.491476,0.354127,-52.551193,-240.398514,21.033539,-3972.389648,-14664.690430,2727.378662,-0.633566,-0.772905,0.034809,0.100000,0.020000,1,0.675493
8.818148,29.628534,0.744421,-50.050797,45.740650,46.399406,-4781.916504,3204.680420,4263.546387,-0.581495,-0.258567,0.771367,0.100000,0.020000,1,0.924243
9.116104,29.517475,-0.230159,373.898254,-211.781128,-58.697594,22545.402344,-13007.353516,-3509.551270,-0.602696,-0.619784,-0.502618,0.100000,0.020000,1,0.315901
8.221186,29.975004,-0.050312,-203.894684,129.630844,-70.253769,-17697.953125,10412.803711,-5857.102539,-0.579978,-0.621597,0.526538,0.100000,0.020000,1,0.831675
9.474474,29.359674,-0.197896,-38.470070,7.478496,-46.597153,-2293.284912,324.662567,-4390.714844,-0.584393,-0.765115,0.270340,0.100000,0.020000,1,0.150749
9.441463,29.568258,-0.155617,-13.735310,-92.639023,2.659226,-877.577820,-5113.249512,96.773468,-0.586137,-0.770169,-0.251562,0.100000,0.020000,1,0.820839
9.298443,29.516228,-0.073105,-103.588074,-362.212067,-85.190887,-7127.505859,-22425.181641,-4856.012695,-0.562561,-0.744705,-0.359081,0.100000,0.020000,1,0.865752
8.695984,29.643482,-0.930392,-101.319443,181.877533,-252.152466,-14117.410156,-14470.648438,-10789.953125,-0.517770,-0.757866,0.396929,0.100000,0.020000,1,0.374498
9.359743,29.637228,-0.491441,-89.257278,-70.251312,67.967041,-5292.165527,-4020.684570,3978.899170,-0.532443,-0.379239,-0.756757,0.100000,0.020000,1,0.670546
9.385829,29.592442,0.469806,-18.987181,10.111744,-82.813324,-1010.484619,1016.197266,-4835.918457,-0.524559,-0.508672,0.682708,0.100000,0.020000,1,0.358252
9.515378,29.513613,0.010348,-23.597263,-23.119247,-11.979610,-1537.235229,-1023.084412,-753.520630,-0.479786,-0.877208,0.017634,0.100000,0.020000,1,0.860325
9.974976,29.994017,0.290780,144.440674,102.851166,157.563629,11478.996094,8634.133789,12548.743164,-0.487338,-0.631737,-0.602835,0.100000,0.020000,1,0.657235
9.502903,29.361450,-0.059979,-75.531479,52.616188,-105.133575,-4856.158203,3047.814941,-6325.053711,-0.456168,-0.855804,-0.243948,0.100000,0.020000,1,0.966807
9.556357,29.576103,0.117453,-31.029213,-44.890472,-11.299089,-1853.728394,-2176.257080,-570.038147,-0.461097,-0.874410,0.150990,0.100000,0.020000,1,0.239224
8.744297,29.615589,-0.216860,-68.103333,81.296806,-152.513489,-7555.124023,-2077.041260,-5536.541016,-0.515143,-0.374438,0.770989,0.100000,0.020000,1,0.377736
9.465137,29.199409,-2.043730,93.947914,-12.646738,-462.275024,-3901.535889,-6178.165039,-22040.447266,-0.453356,-0.735418,-0.503615,0.100000,0.020000,1,0.514612
10.006636,29.893591,-0.077869,84.650589,-7.045368,-176.562744,7325.985352,1459.194946,-12119.227539,-0.431627,-0.856879,0.281881,0.100000,0.020000,1,0.748290
9.160625,29.521090,0.414835,72.707893,-39.083939,-29.530525,3574.836914,-2395.303467,-1637.271606,-0.460101,-0.600026,0.654428,0.100000,0.020000,1,0.412917
9.348448,29.426273,0.363392,-0.655592,18.266756,46.226791,-827.646790,1000.995911,5307.848633,-0.390514,-0.839214,-0.378443,0.100000,0.020000,1,0.025600
9.417258,29.331642,-0.028388,-156.573853,27.872162,63.590073,-10509.430664,1317.789429,4166.049805,-0.398237,-0.909711,-0.117621,0.100000,0.020000,1,0.079820
9.290773,29.556135,0.798041,-22.487221,18.202171,82.319260,-2252.269531,1426.825684,7289.713867,-0.396085,-0.743295,0.539100,0.100000,0.020000,1,0.767277
9.499079,30.704718,-0.043753,72.192062,267.425446,66.369614,5186.745605,21732.238281,5734.954102,-0.455134,-0.478877,-0.750687,0.100000,0.020000,1,0.112936
9.355952,29.563694,-0.781267,14.955887,67.575874,-268.209473,-5053.370117,4770.131348,-20626.347656,-0.319994,-0.852218,0.413919,0.100000,0.020000,1,0.262908
10.271542,29.305340,0.069443,171.454071,-104.220062,21.463711,13537.207031,-7300.728516,1928.593018,-0.283419,-0.951055,-0.123163,0.100000,0.020000,1,0.253548
9.222177,29.339685,-0.557672,67.561211,-37.773960,557.984192,2892.136719,-3689.631104,34402.808594,-0.356464,-0.693628,-0.625950,0.100000,0.020000,1,0.681365
9.819351,29.504133,-0.080757,40.613945,-19.584866,-18.033329,3339.404541,-1147.124756,-1518.344360,-0.264866,-0.964108,0.018497,0.100000,0.020000,1,0.047932
9.617607,29.752302,-0.006540,5.584692,-396.108337,45.097313,299.410980,-23904.066406,2448.885010,-0.258364,-0.952563,0.160848,0.100000,0.020000,1,0.540343
9.799478,29.663792,0.142564,-294.130859,-50.298912,-95.380371,-17859.007812,-2508.215088,-6008.769531,-0.236198,-0.938013,0.253656,0.100000,0.020000,1,0.085497
9.659379,29.565374,-0.125911,-27.594433,21.345806,-0.742383,-1625.558716,1603.817017,-4.960157,-0.235378,-0.940069,-0.246715,0.100000,0.020000,1,0.461940
9.080382,30.382414,0.136525,-113.942520,241.264099,-21.353699,-9212.592773,18801.158203,-1958.067505,-0.266913,-0.815965,0.512795,0.100000,0.020000,1,0.796958
9.580415,29.583212,-0.383326,-34.702271,125.549789,524.607300,-2154.057129,8166.917969,32645.105469,-0.262600,-0.829907,-0.492236,0.100000,0.020000,1,0.414127
8.659767,29.880163,-0.361776,-191.162842,82.636642,-9.744774,-15260.793945,6557.709961,-435.352142,-0.357376,-0.576681,-0.734657,0.100000,0.020000,1,0.283888
10.042230,29.261190,-0.274285,156.618530,-103.039139,-176.605682,12214.713867,-7714.984375,-13835.092773,-0.309666,-0.675258,0.669427,0.100000,0.020000,1,0.270791
10.290563,31.265562,-1.342774,192.856613,482.669617,-342.517212,5553.869141,14768.706055,-10481.413086,-0.170126,-0.913623,-0.369256,0.100000,0.020000,1,0.936218
9.677654,29.618288,0.235326,-64.395447,46.940353,-7.753865,-3881.523438,3251.788086,-439.410522,-0.165847,-0.898981,0.405374,0.100000,0.020000,1,0.040583
9.429376,29.597567,0.424092,-78.713455,-137.921265,-46.682533,-4675.913086,-8621.774414,-3004.135742,-0.393796,-0.461988,0.794664,0.100000,0.020000,1,0.025245
9.678054,29.697697,-0.067017,49.260086,-117.071365,178.310913,2983.073242,-6824.015625,10912.504883,-0.072910,-0.996968,0.027168,0.100000,0.020000,1,0.520858
10.434122,31.332357,2.039660,254.761505,531.057556,546.280396,6154.159668,17272.099609,17520.035156,-0.322888,-0.555021,0.766613,0.100000,0.020000,1,0.018838
9.504061,29.647560,-0.403314,-27.561184,34.828804,82.876770,-1946.855103,2486.332520,4995.812500,-0.200808,-0.750407,-0.629735,0.100000,0.020000,1,0.749910
9.690446,29.779026,-0.068603,-36.482155,-123.662491,173.634308,-2392.593994,-6953.324219,10368.443359,-0.050339,-0.989921,0.132374,0.100000,0.020000,1,0.279155
9.785537,29.643677,-0.041714,-58.916733,56.456436,39.385300,-3417.860596,3851.223145,2569.904785,-0.049122,-0.992478,-0.112134,0.100000,0.020000,1,0.554668
9.592215,29.693178,-0.313242,-27.156006,-17.221212,17.315222,-1890.171753,-642.789490,921.208374,-0.109115,-0.862633,-0.493922,0.100000,0.020000,1,0.404944
9.599358,29.839043,0.167571,38.383492,-16.122812,5.693966,2010.110840,27.774973,389.488403,-0.043371,-0.955720,0.291063,0.100000,0.020000,1,0.810429
9.681314,29.715601,-0.219172,12.999880,-50.062782,69.354828,697.429688,-2637.217529,3989.224609,-0.028469,-0.972998,-0.229052,0.100000,0.020000,1,0.486070
9.746703,29.774477,0.248467,-215.267700,-97.249420,95.877686,-12835.347656,-5392.397949,5621.207520,-0.162249,-0.752762,0.637985,0.100000,0.020000,1,0.884988
9.619335,29.711985,0.300521,-7.289211,-11.089272,-2.604606,-503.177795,-235.961853,-133.064255,-0.092762,-0.841767,0.531811,0.100000,0.020000,1,0.377843
10.088036,29.129847,-0.390627,162.290298,-238.578262,-20.190353,869.080078,-751.877930,-4906.836914,-0.009488,-0.925998,-0.377409,0.100000,0.020000,1,0.134930
9.679187,30.005907,0.536139,274.907806,-126.146515,156.322189,14499.248047,-8926.666016,898.445312,-0.208318,-0.630933,-0.747347,0.100000,0.020000,1,0.629423
9.341471,30.247196,-0.351243,-81.183090,91.083160,-113.363037,-6649.197266,8281.834961,-9538.965820,0.042692,-0.916548,0.397638,0.100000,0.020000,1,0.197656
9.554152,29.816858,-0.026789,-34.002747,-0.399363,-16.417566,-3015.833496,684.303711,-1204.966064,0.106513,-0.994006,0.024637,0.100000,0.020000,1,0.813649
9.631063,29.503319,0.200682,-110.482529,79.427567,-87.055573,-7522.780273,4346.742188,-5020.736328,0.130276,-0.978768,0.158242,0.100000,0.020000,1,0.655225
10.525702,29.368065,-0.071975,204.189896,-135.046509,-74.740448,5224.659668,-3945.852051,-3607.917480,0.132732,-0.986172,-0.099233,0.100000,0.020000,1,0.454182
9.529242,29.934570,-0.162710,360.405609,-359.328094,-81.110764,22331.466797,-21538.646484,-4363.921875,-0.003421,-0.781758,-0.623573,0.100000,0.020000,1,0.469289
9.881881,29.685968,0.264997,-89.611572,-83.716049,162.582336,-4852.033203,-5241.473145,10197.623047,0.077557,-0.857239,0.509045,0.100000,0.020000,1,0.438060
9.603547,29.793037,-0.223054,4.156644,-7.164732,-4.833002,-119.556274,37.538742,-99.366638,0.083140,-0.865387,-0.494159,0.100000,0.020000,1,0.035797
9.561605,29.169313,-0.142907,-136.822327,86.751556,74.889702,-9460.948242,3308.497559,3508.979492,0.164187,-0.948854,0.269664,0.100000,0.020000,1,0.604760
9.554373,29.472475,0.087212,-139.360840,87.835037,131.419586,-9080.933594,4728.414062,7177.672852,-0.000385,-0.765303,0.643670,0.100000,0.020000,1,0.889685
9.401174,30.122803,-0.165205,23.714304,166.293182,-18.279175,-24.870600,12269.454102,-1249.361938,0.186288,-0.947926,-0.258329,0.100000,0.020000,1,0.083610
9.731992,29.799309,0.220164,-61.184647,83.492996,16.853260,-3912.522705,5623.775391,1081.936646,0.189425,-0.900383,0.391699,0.100000,0.020000,1,0.490447
9.723569,29.769758,-0.183903,-8.123138,-0.452096,-2.823031,-651.803223,188.591507,-157.122360,0.206636,-0.916356,-0.342919,0.100000,0.020000,1,0.834878
9.377588,29.676184,0.495154,-6.306702,4.165419,5.781958,-812.745972,428.401245,608.378967,-0.190091,-0.578877,0.792948,0.100000,0.020000,1,0.754874
9.366198,29.648832,-0.359115,-36.586769,-25.432209,12.825569,-3027.557861,-1624.017822,1034.498169,-0.104875,-0.653695,-0.749456,0.100000,0.020000,1,0.213084
9.755621,29.893538,-0.120138,6.524674,-7.334806,0.545935,251.140320,45.928215,53.078800,0.323720,-0.918734,-0.226127,0.100000,0.020000,1,0.725567
9.410557,29.761662,0.167158,-108.331726,-19.364658,-61.491615,-8481.849609,-1282.847778,-3518.163574,0.339959,-0.929097,0.145625,0.100000,0.020000,1,0.964672
9.267903,29.977861,0.444183,-94.190475,25.697102,168.944885,-8212.440430,2453.952637,12449.662109,0.350259,-0.936152,0.030609,0.100000,0.020000,1,0.458382
10.699630,30.065485,-0.438611,283.600677,-25.124283,-111.312943,7997.191895,-1914.767090,-3316.782715,0.348910,-0.931837,-0.099705,0.100000,0.020000,1,0.179114
9.580009,30.087763,-0.253680,80.159393,-364.208557,6.811192,4661.172852,-21509.628906,770.843140,0.150185,-0.779237,-0.608468,0.100000,0.020000,1,0.629138
9.776117,29.856810,0.251904,-268.519073,84.250549,-598.253601,-17009.296875,5627.304688,-37327.468750,0.336652,-0.902574,0.268376,0.100000,0.020000,1,0.459858
9.620796,29.854271,0.329330,128.754089,-72.062538,-61.764793,7984.896484,-4052.372314,-4022.898193,0.132604,-0.746820,0.651672,0.100000,0.020000,1,0.659033
9.659892,29.910158,-0.262101,26.534149,-40.138481,-6.375100,1385.169434,-1941.007324,-337.699677,0.254802,-0.825390,-0.503793,0.100000,0.020000,1,0.771832
9.447944,29.797539,-0.028999,10.820418,14.818367,-111.209412,319.089325,1544.189697,-8701.859375,-0.083512,-0.609962,0.788018,0.100000,0.020000,1,0.948034
9.855543,30.994917,0.698551,228.251602,259.973206,75.364281,9802.692383,870.559570,-167.433594,0.272534,-0.813137,0.514328,0.100000,0.020000,1,0.489949
10.129361,29.239346,0.058335,74.732025,-117.124878,78.747757,6189.641113,-9822.678711,6080.650879,0.379945,-0.845047,-0.376215,0.100000,0.020000,1,0.147101
10.510726,30.710434,-0.116387,229.010162,400.519897,-113.631775,6288.964844,17371.785156,-2699.730225,0.390632,-0.830263,0.397581,0.100000,0.020000,1,0.110195
10.084301,30.307913,0.353550,95.577713,66.635391,76.247925,7124.438477,6061.357422,6214.676758,0.489728,-0.871257,0.032839,0.100000,0.020000,1,0.776156
9.227705,29.813480,-0.298823,-254.277710,63.281998,-128.364929,-17582.251953,4334.997070,-7628.731445,0.067779,-0.660122,-0.748094,0.100000,0.020000,1,0.079286
9.667701,30.184195,-0.470648,25.913330,51.058594,-25.758629,1478.018555,4804.139648,-2229.736816,0.287195,-0.753075,-0.591943,0.100000,0.020000,1,0.694907
9.646027,30.165798,-0.223953,-4.470753,17.401009,-24.424683,-964.187500,2249.350586,-1940.353149,0.515444,-0.824547,-0.233322,0.100000,0.020000,1,0.696953
9.703255,29.949587,0.089081,9.788321,98.269363,-2.283886,133.443756,6431.202637,-96.800789,0.532039,-0.834880,0.141106,0.100000,0.020000,1,0.393182
9.751925,30.011492,-0.093975,-28.370132,-4.985380,16.494314,-2081.880615,167.551163,894.113220,0.536147,-0.837353,-0.106705,0.100000,0.020000,1,0.779430
9.451480,29.873178,-0.045780,12.351891,1.042526,20.616241,-499.996002,102.494751,2191.269531,0.425998,-0.773308,-0.469596,0.100000,0.020000,1,0.402685
9.504179,29.991045,0.182689,-21.767460,40.832184,-66.521088,1241.525146,1323.746216,1644.777832,0.403515,-0.740287,0.537727,0.100000,0.020000,1,0.461335
8.746726,31.194073,-0.370989,-309.835968,367.592651,-34.483765,-11410.831055,14442.482422,-4054.776855,0.549494,-0.789462,0.273507,0.100000,0.020000,1,0.334389
9.892467,30.049639,0.357814,-420.716187,-244.784271,2.682955,-25706.779297,-14553.675781,189.388672,0.314704,-0.700331,0.640701,0.100000,0.020000,1,0.109751
9.768331,30.063267,-0.160963,-47.888161,-435.195740,-138.392639,-3106.833740,-26874.378906,-8594.407227,0.540303,-0.763668,-0.353388,0.100000,0.020000,1,0.664442
10.045955,29.897869,0.865631,134.284271,16.643478,126.101059,6852.674805,3459.361816,3458.218750,0.075602,-0.618750,0.781942,0.100000,0.020000,1,0.152298
10.468103,28.903482,-0.386725,201.748444,-315.252899,-39.493652,3713.042969,-9497.025391,-2699.243164,0.176872,-0.645047,-0.743391,0.100000,0.020000,1,0.261342
9.485366,29.633015,-0.081924,-171.270630,146.874008,205.964844,-12031.450195,8036.191406,11736.841797,0.540951,-0.739744,0.400190,0.100000,0.020000,1,0.452954
9.635615,29.925587,-0.169050,293.677032,-86.555237,712.750732,18203.687500,-5304.240234,45648.851562,0.418793,-0.687528,-0.593227,0.100000,0.020000,1,0.888066
9.693498,30.737459,0.430211,89.947250,174.143402,0.493381,6000.917969,14912.788086,87.965477,0.189511,-0.626393,0.756120,0.100000,0.020000,1,0.447865
9.638040,30.252790,-0.087328,147.890564,-345.976868,-48.075272,8645.251953,-20747.488281,-2876.282471,0.660529,-0.715590,-0.227228,0.100000,0.020000,1,0.909544
9.791574,30.134388,0.093653,-96.469116,-6.664546,-63.648743,-6172.029297,164.799988,-3963.301514,0.672478,-0.725491,0.146410,0.100000,0.020000,1,0.273265
9.001842,29.772861,-0.474265,-28.252228,54.846275,-63.924042,-5188.234375,2521.251221,-6087.625488,0.683108,-0.729670,0.030735,0.100000,0.020000,1,0.334834
8.962458,30.302164,-0.331915,-227.147156,45.734642,-74.728630,-6523.048828,3520.545898,-2738.152832,0.683088,-0.720043,-0.122180,0.100000,0.020000,1,0.864631
10.082975,30.809546,0.297245,120.398438,164.249756,-7.885823,9014.439453,13614.879883,-314.243652,0.538156,-0.674006,0.506067,0.100000,0.020000,1,0.069980
10.624738,28.792503,-2.221316,335.123657,-113.911224,-480.222229,24802.000000,-12048.899414,-38475.785156,0.555326,-0.674876,-0.485959,0.100000,0.020000,1,0.964138
10.038284,30.007803,-0.582828,96.651413,-82.343491,-224.417313,3646.852295,249.283691,-6748.502441,0.683297,-0.678111,0.270685,0.100000,0.020000,1,0.829522
9.603415,29.902613,-0.359620,-24.434326,12.165138,-10.000219,-1749.048706,912.372498,-480.250977,0.328241,-0.613496,-0.718248,0.100000,0.020000,1,0.482262
9.827436,30.018309,0.306769,-213.791092,-25.371914,30.210182,-12938.777344,-1183.628296,1712.649170,0.444077,-0.625909,0.641119,0.100000,0.020000,1,0.416422
10.000418,31.042631,0.412718,89.369339,257.932312,189.161606,2333.879395,7825.367676,5778.518066,0.664599,-0.647012,-0.373743,0.100000,0.020000,1,0.527869
9.661992,30.163952,-0.197694,-61.034538,-45.752571,-302.591248,-4050.831543,-2135.257324,-18564.814453,0.556540,-0.583799,-0.591136,0.100000,0.020000,1,0.471727
9.596428,30.222174,0.260322,146.972504,-171.624542,-61.600151,8614.889648,-10093.380859,-3751.801758,0.692684,-0.591145,0.413204,0.100000,0.020000,1,0.623906
9.626554,30.178104,-0.042600,177.042053,91.007889,142.543533,10491.527344,6081.570801,8755.277344,0.805294,-0.592221,0.027863,0.100000,0.020000,1,0.262108
9.823393,30.347178,-0.200249,94.294968,77.306046,86.173050,4318.556152,4018.165527,6113.540039,0.793655,-0.561337,-0.234547,0.100000,0.020000,1,0.775747
9.649024,30.162453,-0.067325,9.285662,-4.352571,0.067667,37.998058,-63.732098,6.086439,0.817166,-0.563131,-0.122978,0.100000,0.020000,1,0.885984
9.525653,30.102953,0.131211,-7.973253,15.890671,-37.519409,-910.466919,1953.160767,-3586.075439,0.310178,-0.561642,0.767038,0.100000,0.020000,1,0.341827
10.413323,29.757151,-0.479506,177.315399,-73.175201,-49.105621,14040.253906,-5893.098145,-4011.286621,0.695176,-0.540148,-0.474310,0.100000,0.020000,1,0.999371
9.430165,30.531082,0.458755,-50.892593,56.136101,87.222717,-4610.787109,5296.832031,6832.957031,0.801304,-0.540665,0.256113,0.100000,0.020000,1,0.676293
12.153877,30.336758,0.636931,744.332520,31.375767,134.924744,28331.605469,-129.073486,10075.050781,0.830627,-0.540101,0.135457,0.100000,0.020000,1,0.081475
10.161079,30.604464,0.979735,150.727386,150.052246,150.210938,11542.814453,11997.155273,12061.138672,0.547412,-0.517382,0.657766,0.100000,0.020000,1,0.637341
9.037612,31.246691,0.569658,-148.192169,289.654144,85.646362,-12184.168945,23190.859375,6603.760742,0.693748,-0.504782,0.513720,0.100000,0.020000,1,0.714712
9.279923,29.929258,-0.387736,138.195389,-68.217743,-3.907278,7181.768555,-4394.950195,-201.304260,0.447163,-0.526068,-0.723394,0.100000,0.020000,1,0.165554
9.265362,29.875673,-0.376449,-11.452980,48.256310,-135.458954,-2663.837402,1973.800903,-10998.413086,0.797805,-0.468083,0.380008,0.100000,0.020000,1,0.628604
9.528561,31.032663,-0.676887,-33.297035,213.401703,-115.531174,-2958.881348,17213.470703,-9303.530273,0.808534,-0.469257,-0.355065,0.100000,0.020000,1,0.978587
9.588440,30.235722,0.039924,5.491508,-11.600870,9.951420,-301.120483,-558.724365,727.221497,0.903580,-0.427408,0.029428,0.100000,0.020000,1,0.413628
9.289415,29.770142,0.277480,34.495659,14.814680,-363.442017,320.348938,-880.985474,-21548.988281,0.909778,-0.402663,-0.100832,0.100000,0.020000,1,0.768843
9.497469,29.710526,1.254670,-24.067299,-140.133057,376.863464,-2252.236816,-10398.814453,30427.376953,0.667292,-0.432422,-0.606409,0.100000,0.020000,1,0.626024
9.564721,29.782932,-0.109279,-58.987747,79.309624,-58.429497,-4273.918945,3500.639404,-3056.362061,0.781285,-0.407611,-0.472703,0.100000,0.020000,1,0.613568
9.748819,30.341360,-0.073940,44.476440,0.651585,-21.181221,2903.095459,582.251404,-1968.843750,0.912673,-0.383881,0.140227,0.100000,0.020000,1,0.263531
9.318188,31.418819,-1.601466,-70.063812,308.836426,-381.137573,-8226.408203,20518.486328,-29158.791016,0.900179,-0.374471,-0.222373,0.100000,0.020000,1,0.545094
9.402482,29.930777,0.305449,299.518005,9.619892,-37.042564,17990.482422,501.006805,-2824.025635,0.428770,-0.479949,0.765379,0.100000,0.020000,1,0.559971
9.277143,29.516087,-0.392563,75.007133,19.766172,-282.385681,3211.227051,-805.736694,-17815.375000,0.525013,-0.459510,-0.716388,0.100000,0.020000,1,0.217443
9.429212,30.318501,0.240115,105.771271,-148.952454,107.187637,5697.002930,-8426.339844,6333.892090,0.662223,-0.415804,0.623352,0.100000,0.020000,1,0.085283
8.892664,30.596188,0.265429,-276.485107,229.511780,25.955807,-10018.962891,10262.528320,990.157043,0.902885,-0.349799,0.249879,0.100000,0.020000,1,0.171427
9.578405,30.321245,0.390206,-11.881783,-86.858566,-110.694153,-1144.028076,-4758.317871,-6574.324219,0.764975,-0.367494,0.528924,0.100000,0.020000,1,0.467403
8.968718,30.824524,-0.808853,-160.707336,128.905121,-165.650055,-13163.049805,10700.880859,-13038.748047,0.877021,-0.333041,-0.346293,0.100000,0.020000,1,0.290810
9.602596,30.270067,-0.462524,-205.672516,89.560402,417.236755,-13140.585938,6155.174316,25779.408203,0.736250,-0.317528,-0.597588,0.100000,0.020000,1,0.672361
9.444300,30.583942,0.185513,-8.903503,45.600571,0.033769,-1457.743286,4362.084961,-168.402237,0.871820,-0.266855,0.410753,0.100000,0.020000,1,0.863403
9.420689,30.546398,0.131738,-11.003967,22.812965,27.157700,-1696.933350,2469.121826,2258.334717,0.979882,-0.199559,0.002782,0.100000,0.020000,1,0.182975
9.545953,30.564789,0.169385,13.091532,-241.322205,-93.019196,366.836578,-14118.768555,-5457.270508,0.972584,-0.194454,0.127546,0.100000,0.020000,1,0.969031
9.538652,30.448387,0.006494,-15.687706,-37.060230,-8.412967,-1484.328125,-1721.734619,-298.395081,0.977007,-0.193627,-0.089248,0.100000,0.020000,1,0.538190
9.460898,30.516556,-0.489085,1.135202,25.752945,-36.290962,-645.199768,2821.444092,-3232.085205,0.848246,-0.226316,-0.478810,0.100000,0.020000,1,0.355155
8.989725,30.261993,-0.315357,-84.557465,136.253357,-310.564819,-8067.353516,8444.463867,-20430.535156,0.961398,-0.174216,-0.212984,0.100000,0.020000,1,0.716046
9.420097,30.061754,0.641635,-16.094677,-14.806168,41.330215,-1771.312622,-723.390930,3501.520752,0.490466,-0.394993,0.776803,0.100000,0.020000,1,0.658748
9.528859,29.927593,-0.491215,-48.439766,32.577461,44.515259,-3386.634766,1382.951172,2412.026855,0.612641,-0.328750,-0.718745,0.100000,0.020000,1,0.427259
9.877535,31.105337,-2.007714,67.893677,258.377502,-659.723877,16014.978516,2817.700439,-34954.015625,0.733934,-0.265715,0.625089,0.100000,0.020000,1,0.668944
9.732491,32.711712,1.929170,18.686829,690.108032,555.992676,1612.670776,53633.695312,42529.261719,0.950207,-0.151282,0.272433,0.100000,0.020000,1,0.652680
9.894760,31.187288,0.514181,155.401184,196.964722,174.415985,2741.725098,10541.871094,8916.960938,0.920012,-0.145574,-0.363849,0.100000,0.020000,1,0.907782
9.410339,30.359005,0.374646,98.622360,-58.027573,-88.867218,5422.335938,-3158.186035,-5262.360352,0.830468,-0.173841,0.529247,0.100000,0.020000,1,0.192335
9.509476,30.254129,0.313127,-83.895432,156.186493,-135.381531,-5692.470703,9697.317383,-8128.868164,0.913635,-0.123237,0.387407,0.100000,0.020000,1,0.258602
9.512654,30.526731,-0.057510,-85.623322,-156.453949,-74.342819,-5674.936035,-9202.810547,-4723.923828,0.995813,-0.010918,-0.090762,0.100000,0.020000,1,0.429376
9.321465,30.478914,-0.475029,423.664917,-641.227844,462.752808,25706.949219,-39429.894531,28620.958984,0.783708,-0.133469,-0.606619,0.100000,0.020000,1,0.846089
8.718159,30.302902,-0.141281,-181.452423,-18.178461,-118.288010,-14994.658203,-1064.813354,-9215.068359,0.861038,-0.074702,0.503024,0.100000,0.020000,1,0.518438
9.387031,30.430410,0.190936,300.703674,52.238586,-276.121643,18250.347656,3548.617432,-16995.796875,0.987235,0.016713,0.158391,0.100000,0.020000,1,0.735603
9.429367,29.770464,-0.270319,-808.200562,154.173294,88.501175,-51558.136719,7517.155762,5541.175293,0.880771,-0.048746,-0.471026,0.100000,0.020000,1,0.082863
8.808581,31.142735,0.152353,-142.447388,166.509552,41.616913,-12138.438477,13703.162109,3237.682129,0.999620,0.025175,0.011242,0.100000,0.020000,1,0.323392
9.449540,29.524817,-1.774154,15.095646,-253.863647,-586.743774,-972.956055,-12410.187500,-19696.566406,0.964139,0.026140,0.264107,0.100000,0.020000,1,0.690689
9.631674,30.645802,-0.762002,53.131538,55.125656,-178.640228,3697.178711,4645.124512,-13905.902344,0.970066,0.031721,-0.240759,0.100000,0.020000,1,0.720744
10.343332,32.044552,-0.442606,255.313873,537.937256,4.543869,8770.558594,15325.948242,-4419.609863,0.667639,-0.190079,-0.719811,0.100000,0.020000,1,0.855769
9.440331,30.502132,0.577557,-2.536554,163.219055,173.332611,-588.255310,11445.837891,11866.407227,0.757242,-0.094490,0.646264,0.100000,0.020000,1,0.848224
9.215684,29.345194,0.785881,-44.299835,26.110504,-178.005524,-4272.492188,-1432.710205,-9740.671875,0.565184,-0.277324,0.776955,0.100000,0.020000,1,0.004282
9.364909,30.485350,-0.160988,208.909821,-161.986938,75.284134,12578.583008,-9734.334961,4879.397461,0.933241,0.091084,-0.347513,0.100000,0.020000,1,0.801745
9.513652,30.386497,0.071903,-154.689514,119.072952,-142.002792,-9646.626953,7402.053711,-8949.669922,0.976981,0.173177,0.124570,0.100000,0.020000,1,0.917659
9.153586,30.113552,-0.186095,-486.871887,197.513550,-61.665787,-32116.185547,11201.711914,-4465.592285,0.980245,0.176731,-0.088804,0.100000,0.020000,1,0.414642
9.452976,30.290112,-0.312364,-290.324585,333.006287,-311.840210,-18555.335938,21091.478516,-19574.626953,0.789119,0.001083,-0.614239,0.100000,0.020000,1,0.742827
9.316741,30.228094,-0.185433,-72.187607,-113.945068,-54.032059,-5266.091797,-7674.984863,-3089.208984,0.873381,0.102625,-0.476102,0.100000,0.020000,1,0.433949
8.562636,29.916056,-0.938960,-190.145706,-50.155281,-255.743332,-4887.782227,-1935.501953,-8321.375000,0.956987,0.188506,-0.220549,0.100000,0.020000,1,0.775409
9.463976,30.550152,0.030095,-57.642006,-89.501923,-66.129532,-3654.006104,-5128.552734,-4117.897461,0.976950,0.211320,0.030191,0.100000,0.020000,1,0.544311
8.528026,30.250896,0.364191,-94.978241,68.152924,52.777687,-10191.675781,4728.991699,3098.141113,0.627835,-0.157388,0.762268,0.100000,0.020000,1,0.186338
9.763388,30.828861,-0.105388,301.312256,356.529083,2.849243,7377.911133,11347.346680,-8765.220703,0.899762,0.130158,0.416518,0.100000,0.020000,1,0.011293
9.296522,30.479542,0.161608,3.053470,-11.738585,0.134916,-434.259277,-463.391113,85.304688,0.937668,0.230654,0.259956,0.100000,0.020000,1,0.421173
9.336364,30.356001,0.323105,-2.834612,-20.771122,24.054985,-769.011719,-996.970703,1407.574829,0.770997,0.054202,0.634528,0.100000,0.020000,1,0.595364
10.683914,30.502928,0.525350,366.696655,31.506203,60.517662,28288.412109,2634.725098,4848.863281,0.847827,0.156682,0.506596,0.100000,0.020000,1,0.971932
9.390403,30.701229,-0.099687,48.462891,46.394707,24.074312,1236.420776,1161.004272,740.669067,0.895751,0.257458,-0.362416,0.100000,0.020000,1,0.518349
8.726068,30.160063,-0.009817,60.213425,-6.473007,47.781662,594.769470,-637.105530,4644.321289,0.687906,-0.034205,-0.724993,0.100000,0.020000,1,0.026721
10.446832,29.930302,0.073660,359.309723,-151.627182,-34.055626,10859.206055,-4657.186035,-3118.222412,0.873566,0.272541,0.403241,0.100000,0.020000,1,0.198901
9.326921,30.235058,0.156389,27.271118,-2.177085,-90.111237,1284.206055,-461.117798,-6451.668457,0.772907,0.154015,0.615544,0.100000,0.020000,1,0.472670
8.353014,31.799023,1.446540,-162.127808,482.692322,531.535095,-5075.475586,18174.105469,13985.946289,0.788751,0.175918,-0.589004,0.100000,0.020000,1,0.927659
9.153484,30.547443,0.097917,96.241318,-51.313232,-116.871262,5171.127441,-2818.025879,-7331.541992,0.912126,0.378249,0.157968,0.100000,0.020000,1,0.044195
9.172860,30.518229,-0.085951,-31.642715,-17.040497,-4.017813,-2808.425781,-808.825806,-628.521484,0.920816,0.389937,0.006832,0.100000,0.020000,1,0.308107
9.234789,30.209099,0.242005,-9.972332,-20.213081,8.955194,-1289.615967,-1943.153442,405.920135,0.818605,0.267197,0.508421,0.100000,0.020000,1,0.746831
9.123235,30.466198,0.202133,417.424957,5.994976,106.381187,25360.306641,509.546082,6940.984375,0.884429,0.381593,0.268648,0.100000,0.020000,1,0.752828
9.675956,29.707987,-0.764918,138.861084,-230.495056,-160.557632,5223.658203,-6574.922852,369.722656,0.824347,0.310040,-0.473632,0.100000,0.020000,1,0.480286
9.200503,30.539473,-0.013138,-72.716125,-18.468760,72.627396,-5191.137695,-813.449890,4763.844238,0.899751,0.424358,-0.101822,0.100000,0.020000,1,0.056598
9.322713,30.245659,0.293680,1.751635,-4.436921,-20.528610,-515.054443,-76.164520,-1835.612915,0.640766,-0.020779,0.767455,0.100000,0.020000,1,0.254883
9.108242,30.433914,-0.295042,-6.186623,4.519295,-41.894890,-1276.224121,241.951340,-3319.653809,0.859710,0.449693,-0.242230,0.100000,0.020000,1,0.126495
9.236890,30.425650,0.100268,-164.558517,148.872803,349.111450,-10683.416016,9427.606445,21563.664062,0.808821,0.442597,0.387191,0.100000,0.020000,1,0.544436
9.316435,29.928717,0.412439,-197.740326,81.650192,-270.070251,-12928.127930,3849.842773,-17043.644531,0.657833,0.095631,0.747068,0.100000,0.020000,1,0.121086
9.277706,30.494614,0.214123,-381.631592,-78.219299,-44.647335,-24051.609375,-4787.165039,-2231.881592,0.830602,0.540506,0.133989,0.100000,0.020000,1,0.677824
9.151078,31.320223,0.011991,-15.925758,248.461075,63.661896,807.008179,12906.653320,-8029.308594,0.829637,0.547353,-0.110035,0.100000,0.020000,1,0.964441
9.159486,30.421124,-0.141834,-42.576057,98.077896,191.592987,-3113.229980,6013.713867,11430.851562,0.830445,0.556272,0.030368,0.100000,0.020000,1,0.587018
7.770512,31.560492,-0.345396,-332.477112,416.804565,43.692123,-9763.654297,15396.159180,3292.313965,0.797565,0.470549,-0.377457,0.100000,0.020000,1,0.185289
8.451531,30.405756,-0.448086,-265.822449,-39.264297,-114.332703,-9554.330078,-1818.859253,-5769.676270,0.715878,0.344394,-0.607381,0.100000,0.020000,1,0.649815
9.798537,31.695461,-0.696924,227.086456,360.588257,-119.111298,16489.417969,28186.798828,-9342.761719,0.752349,0.459000,-0.472536,0.100000,0.020000,1,0.767526
8.851619,30.063122,-0.261324,98.051895,-5.473824,248.749268,4559.858398,-1950.930298,15154.982422,0.786728,0.569973,-0.237042,0.100000,0.020000,1,0.549454
9.090488,30.499807,-0.680083,-18.110435,-5.586334,-142.450684,1682.599365,-691.332947,-9177.900391,0.658062,0.101317,-0.746116,0.100000,0.020000,1,0.064730
9.160405,30.477776,0.398395,-1.541971,14.640785,2.687729,-794.887024,1548.501587,355.079376,0.693953,0.324952,0.642522,0.100000,0.020000,1,0.782117
9.455270,30.352724,0.841045,240.275467,70.644470,352.012451,-4003.708008,7469.646484,7939.851074,0.754935,0.562741,-0.336743,0.100000,0.020000,1,0.359017
10.972971,32.081051,0.862043,600.778198,482.908203,228.373230,20803.257812,17913.203125,11898.685547,0.761986,0.582987,0.281966,0.100000,0.020000,1,0.350368
10.572111,28.560299,-1.202497,437.879730,-161.888565,-191.196289,26753.113281,-29312.785156,-12935.445312,0.648527,0.200397,-0.734339,0.100000,0.020000,1,0.119395
9.121977,30.428318,0.290832,21.485773,-12.735558,-7.244864,733.475281,-608.671814,-442.473389,0.717853,0.461336,0.521397,0.100000,0.020000,1,0.324940
9.604541,29.408421,-0.448968,184.842728,-333.054016,-151.452744,5176.819824,-9510.318359,-4913.552734,0.733213,0.679984,0.004423,0.100000,0.020000,1,0.622251
8.785169,29.973059,0.410597,200.355774,-156.637589,22.532307,10263.958984,-11123.372070,1432.043335,0.632864,0.224675,0.740949,0.100000,0.020000,1,0.455517
8.903674,29.652962,0.181103,-393.411133,266.345215,14.998992,-26089.041016,13639.669922,769.924744,0.697684,0.590612,0.405481,0.100000,0.020000,1,0.105889
7.317774,30.439194,-0.939197,-296.197571,239.068649,-277.634247,-16692.853516,-4769.616699,-10324.313477,0.712302,0.690306,0.126899,0.100000,0.020000,1,0.710281
9.243064,30.427954,-0.756271,55.700638,-10.266380,-164.907684,3857.182373,-744.735718,-13334.322266,0.713546,0.693123,-0.102141,0.100000,0.020000,1,0.838971
9.014277,29.825474,0.080629,-70.218018,58.697182,-124.812012,-5393.132812,1477.946899,-6199.458496,0.656909,0.478398,-0.582757,0.100000,0.020000,1,0.865183
8.723582,30.421577,-0.317026,219.266846,-171.971466,64.083084,11853.392578,-10756.455078,3768.285400,0.671467,0.584735,-0.455211,0.100000,0.020000,1,0.797207
9.436650,30.155262,-0.395771,54.753311,-31.660271,2.331335,4018.220947,-2595.061768,121.478722,0.623934,0.332652,-0.707141,0.100000,0.020000,1,0.694728
8.696329,30.109781,0.213057,94.002090,-8.749619,-1.633358,4067.813232,-1889.755127,178.826416,0.663525,0.699937,0.264242,0.100000,0.020000,1,0.936805
9.763790,31.004232,0.856910,210.522308,232.359009,177.577271,15710.564453,17261.306641,13648.316406,0.634978,0.592489,0.495742,0.100000,0.020000,1,0.651043
9.822607,30.131939,-0.079355,216.149170,-89.133461,-19.638977,13818.743164,-4444.488281,7367.520508,0.646321,0.728481,-0.227123,0.100000,0.020000,1,0.620774
9.186591,30.587473,0.372892,24.125469,40.452309,6.753595,1331.269043,3612.853760,516.342957,0.608848,0.471904,0.637660,0.100000,0.020000,1,0.845110
8.903896,30.602219,-0.179710,133.875046,-276.445740,-86.753098,7521.341309,-16650.222656,-5435.327637,0.619074,0.706086,-0.343789,0.100000,0.020000,1,0.657360
9.792159,29.017973,0.916951,184.092072,-403.170624,131.737808,8443.828125,-14285.757812,6519.665039,0.588210,0.324953,0.740550,0.100000,0.020000,1,0.335599
9.083433,30.636810,0.285847,128.149414,-1.242985,78.838776,5103.225586,-1275.080322,3157.805664,0.590627,0.712286,0.379222,0.100000,0.020000,1,0.431992
8.644511,30.266304,-0.016594,166.612305,-65.185883,-33.241982,8840.928711,-4741.895508,-1959.217896,0.547782,0.831712,-0.090502,0.100000,0.020000,1,0.405976
8.737749,30.178175,-0.081807,25.398121,98.312698,441.359253,317.490967,5229.230957,27167.611328,0.540803,0.827344,0.151766,0.100000,0.020000,1,0.618123
8.853873,29.950775,0.100790,-127.922974,106.488571,-89.208786,-8862.126953,4771.864746,-5268.111328,0.546033,0.837379,0.025356,0.100000,0.020000,1,0.072969
9.284055,30.669336,-0.106986,49.145363,65.005875,46.640854,3588.624512,5477.286621,3881.359619,0.554872,0.574976,-0.601265,0.100000,0.020000,1,0.163526
8.982961,30.478207,-0.262096,51.774017,-8.592067,46.282845,2775.785156,-88.243004,2911.329346,0.532288,0.703236,-0.471306,0.100000,0.020000,1,0.846320
8.893251,30.804451,-0.138558,13.575130,101.118591,-2.700713,232.572205,8075.271973,-191.145050,0.519625,0.819260,-0.242492,0.100000,0.020000,1,0.941325
9.010474,30.661482,0.190179,-20.018097,100.605927,136.334747,-2110.428955,7873.586914,11026.005859,0.534736,0.464278,-0.706048,0.100000,0.020000,1,0.455748
9.210260,29.346563,0.224902,-91.128258,78.518913,106.024948,-5983.851562,-2796.056641,11534.099609,0.511071,0.694581,0.506324,0.100000,0.020000,1,0.680724
7.537024,30.961641,0.433145,-474.475037,202.607224,-27.313797,-13813.515625,6215.721680,1562.799194,0.507999,0.588303,0.629156,0.100000,0.020000,1,0.345795
10.519632,31.915653,-0.576388,336.941467,531.617615,-129.826721,16577.542969,28695.867188,-9042.649414,0.473647,0.835869,0.277456,0.100000,0.020000,1,0.836320
8.065763,30.597467,-0.133679,-134.406311,92.936935,-3.500870,-12474.662109,6828.228516,33.063274,0.450147,0.820242,-0.352946,0.100000,0.020000,1,0.664833
8.892272,30.402599,0.125306,-11.598156,-82.846695,235.345886,-1225.720703,-4999.049316,14442.641602,0.410469,0.816207,0.406599,0.100000,0.020000,1,0.215219
8.996819,29.927025,-0.537680,51.592484,-90.574013,-86.970901,2022.596680,-4415.612305,-7208.855957,0.381622,0.918345,-0.104913,0.100000,0.020000,1,0.720975
8.787396,30.470417,-0.048144,97.244110,-11.572808,29.940910,5463.329102,-293.372864,1649.361572,0.377225,0.925964,0.017085,0.100000,0.020000,1,0.443487
9.060095,30.165558,-0.476138,-33.247612,-19.314140,47.777916,-2463.372070,-1720.277954,2639.994141,0.452883,0.550971,-0.700948,0.100000,0.020000,1,0.538172
8.633083,29.998812,-0.360288,51.012753,-10.295876,76.360847,1651.040771,-2037.922852,4364.891602,0.383985,0.802735,-0.456259,0.100000,0.020000,1,0.147439
8.752449,30.130335,-0.399224,2.311110,-35.621399,-68.541321,-702.140808,-3171.195068,-5450.521484,0.361752,0.901819,-0.236343,0.100000,0.020000,1,0.915487
8.808408,30.365164,0.057208,29.098808,-211.852173,30.063641,1283.311768,-13328.768555,1844.465088,0.352825,0.927041,0.126922,0.100000,0.020000,1,0.752988
9.063110,30.193314,-0.592248,28.787086,-20.415535,-46.266724,1802.222046,-1761.740112,-4019.075928,0.404790,0.692008,-0.597721,0.100000,0.020000,1,0.029728
8.846740,30.198044,0.024455,-602.284912,330.514771,351.518005,-38451.269531,20269.994141,21644.705078,0.340264,0.897560,0.280370,0.100000,0.020000,1,0.154095
8.682892,30.123560,0.558056,105.051163,-47.559433,-211.379791,4989.507812,-3708.389893,-12473.122070,0.392902,0.664872,0.635275,0.100000,0.020000,1,0.621931
8.850648,30.404131,0.431955,73.251358,-136.224670,-395.703247,3972.687012,-8198.522461,-24356.419922,0.348281,0.783636,0.514408,0.100000,0.020000,1,0.283817
8.746691,30.313877,-0.255210,54.113060,-11.024466,29.926262,2653.591309,-659.074402,1640.850464,0.267161,0.895709,-0.355428,0.100000,0.020000,1,0.320669
8.913287,30.320364,-0.244934,-228.474731,-383.368774,140.490982,-14492.714844,-24123.369141,6995.401367,0.264410,0.891153,0.368692,0.100000,0.020000,1,0.798880
9.195145,30.264668,-0.685539,127.637428,116.625992,-54.366562,-3691.155273,7468.882812,-6005.600586,0.306238,0.746147,-0.591170,0.100000,0.020000,1,0.081617
8.674717,30.260313,-0.155320,241.992340,-49.426788,104.460365,14451.904297,-3274.375488,6200.690430,0.199022,0.973660,-0.111244,0.100000,0.020000,1,0.789520
8.778144,30.431131,0.157704,-37.562393,-266.278992,-264.551971,-2750.530029,-16257.874023,-16047.364258,0.199794,0.979832,0.003334,0.100000,0.020000,1,0.556144
8.711532,30.543467,-0.002630,-2.215115,66.696922,16.758646,-815.228149,5246.796875,712.607056,0.197653,0.969466,0.145153,0.100000,0.020000,1,0.505679
9.066330,30.120070,-0.538416,90.654686,156.874649,-63.225651,4861.159668,3424.268555,-3161.841309,0.182600,0.953069,-0.241488,0.100000,0.020000,1,0.984032
8.782655,30.296223,-0.539283,31.443239,-69.907089,251.243927,795.205139,-4222.548828,15219.243164,0.322277,0.636149,-0.701036,0.100000,0.020000,1,0.096849
8.849895,30.808853,-0.442785,47.027489,145.842499,-8.147137,2650.495605,11474.227539,-1297.365723,0.205893,0.861839,-0.463511,0.100000,0.020000,1,0.914011
9.133538,30.167610,0.358927,-45.926994,33.793041,30.583515,-3169.609131,1807.626343,1626.760254,0.443389,0.435681,0.783319,0.100000,0.020000,1,0.071635
8.847145,30.258581,0.477340,162.878067,-38.136784,-616.845520,9613.209961,-2366.436523,-38411.550781,0.259986,0.724228,0.638671,0.100000,0.020000,1,0.230576
8.760462,30.271717,0.181322,175.417175,-101.236382,156.012024,10593.967773,-6322.391113,11403.123047,0.140040,0.927544,-0.346483,0.100000,0.020000,1,0.502725
8.887736,30.077320,0.169651,-205.317749,117.302490,-20.170452,-12838.128906,6641.847656,-1168.744019,0.130273,0.956084,0.262549,0.100000,0.020000,1,0.338927
6.484414,31.199844,-1.428707,-719.643616,321.226379,-489.040466,-24156.966797,17156.412109,-28966.531250,0.366426,0.526531,0.767136,0.100000,0.020000,1,0.259243
8.526050,30.106260,0.907593,-88.615448,-34.670273,283.377258,-7882.536621,-2714.591309,19988.458984,0.300998,0.608159,0.734536,0.100000,0.020000,1,0.571466
8.914856,30.267246,0.193485,-306.597076,-95.916183,625.190979,-19372.886719,-5943.967773,39103.199219,0.162218,0.846416,0.507214,0.100000,0.020000,1,0.042060
10.318599,30.637997,1.165181,408.503418,111.069237,287.001526,21072.246094,-2177.721680,4677.053711,0.100430,0.910790,0.400469,0.100000,0.020000,1,0.559899
8.625766,30.329041,0.140917,237.746460,-409.900696,-459.566345,14272.405273,-25406.886719,-28479.396484,0.010969,0.999599,0.026105,0.100000,0.020000,1,0.303284
8.698444,30.593288,-0.103331,-31.603727,95.318924,43.188484,-1557.558105,4480.672852,3361.850586,0.129788,0.798427,-0.587936,0.100000,0.020000,1,0.972804
9.223331,29.795084,0.664696,168.856140,-18.772881,83.677246,7863.652344,-2377.083008,13874.888672,-0.010197,0.975299,-0.220653,0.100000,0.020000,1,0.872442
8.698156,30.133497,-0.122584,29.227840,58.257416,33.798016,1435.924072,3390.969971,1898.766113,-0.017436,0.992549,-0.120596,0.100000,0.020000,1,0.495020
9.319127,30.257824,-0.327910,-442.854858,-285.165100,-460.098633,-26634.636719,-17796.900391,-28809.556641,0.197700,0.690308,-0.695981,0.100000,0.020000,1,0.439608
8.527813,30.311125,0.210556,-64.479385,29.296852,-29.429703,-5781.807129,2303.829590,-2384.750000,0.122291,0.782070,0.611074,0.100000,0.020000,1,0.833668
8.287941,30.073519,0.819890,-41.361916,82.805534,78.841278,-5081.467773,4714.251953,7246.057617,0.055695,0.862857,0.502371,0.100000,0.020000,1,0.379267
8.137069,30.894476,-0.544414,-196.496399,377.919312,-210.555969,-5788.572754,16092.106445,-9958.807617,0.043375,0.875301,-0.481630,0.100000,0.020000,1,0.943692
8.500253,29.936804,-0.376561,-18.788109,65.487953,-104.288345,-2468.294189,3069.794678,-8753.385742,-0.022344,0.965544,0.259278,0.100000,0.020000,1,0.631718
8.537650,30.294472,0.213460,600.869385,-322.582733,-266.084259,36887.773438,-19883.128906,-16273.702148,-0.059751,0.985173,0.160822,0.100000,0.020000,1,0.405193
8.804536,30.132544,0.403281,-59.032333,-239.386017,-166.902191,-4606.505859,-15354.510742,-10538.396484,0.181925,0.655000,0.733402,0.100000,0.020000,1,0.326933
8.775311,30.245840,-0.135356,-212.052750,-244.598389,-178.420303,-13527.851562,-15067.040039,-10985.250000,-0.071570,0.927913,-0.365861,0.100000,0.020000,1,0.213777
8.665369,30.274323,0.029876,68.821045,-360.315796,715.773254,3751.155029,-22169.931641,44390.453125,-0.103142,0.911924,0.397186,0.100000,0.020000,1,0.284831
8.659379,30.143116,0.107202,124.339447,-161.834534,29.771080,7441.624023,-10141.296875,2010.717407,-0.170235,0.975772,0.137434,0.100000,0.020000,1,0.997182
8.623934,30.163256,0.031746,140.831955,-544.741455,286.192932,8359.572266,-34224.132812,18171.664062,-0.176982,0.984150,0.011166,0.100000,0.020000,1,0.352397
8.778846,30.077427,-0.083559,-11.133614,-38.588806,17.731482,-588.817993,-2621.239502,965.860352,-0.180719,0.979851,-0.085047,0.100000,0.020000,1,0.120320
8.732599,29.859541,-0.501130,345.283203,-160.350922,236.932281,21177.144531,-11308.068359,14212.875000,-0.021658,0.809257,-0.587056,0.100000,0.020000,1,0.728271
8.731778,30.155876,-0.341802,3.566096,-128.490936,103.547028,-161.040955,-7993.263184,6187.166992,-0.100270,0.877563,-0.468860,0.100000,0.020000,1,0.843206
8.944628,29.833252,-0.291150,92.664108,-29.682335,-41.210217,5765.425293,-3204.584961,-2163.815918,0.073652,0.691743,-0.718378,0.100000,0.020000,1,0.740727
9.356755,30.242537,0.248004,-200.944672,-229.228577,-27.889099,-10711.442383,-13976.310547,-2149.333252,-0.045403,0.784054,0.619030,0.100000,0.020000,1,0.702647
8.868215,30.360945,0.226657,51.381584,69.167313,12.963448,3714.774170,5526.577637,1162.510010,-0.234537,0.936175,0.261856,0.100000,0.020000,1,0.980028
8.617038,30.028698,-0.092011,193.512482,-146.307541,-252.314240,11658.955078,-9452.948242,-15777.192383,-0.243332,0.941854,-0.231734,0.100000,0.020000,1,0.478311
9.489999,30.912916,0.184394,182.457245,231.789673,109.205627,14538.058594,18150.175781,8460.706055,-0.241645,0.906530,-0.346136,0.100000,0.020000,1,0.983125
9.005284,29.976330,0.099194,-89.473785,59.851532,206.800934,-5498.298828,3123.017334,11754.295898,0.050578,0.665990,0.744244,0.100000,0.020000,1,0.752667
8.571373,30.163809,0.109549,78.515976,-398.126160,105.679596,4133.813965,-24639.669922,6245.009766,-0.276747,0.881037,0.383646,0.100000,0.020000,1,0.766084
8.742998,29.616339,0.594579,-37.433628,80.888985,163.975037,-14326.583008,-9063.524414,7029.354980,-0.358596,0.932913,0.032886,0.100000,0.020000,1,0.401510
8.781664,30.051098,-0.338087,-215.303345,-114.158569,66.586739,-13825.263672,-7256.378418,4126.728516,-0.183065,0.793434,-0.580473,0.100000,0.020000,1,0.744073
7.178824,31.500040,-0.208850,-345.132751,421.711914,-45.489052,-28267.746094,32834.371094,-3233.734863,-0.364539,0.904426,-0.221640,0.100000,0.020000,1,0.483009
8.554725,29.807997,-0.074367,15.459881,16.213047,2.016534,292.314575,186.174896,61.107079,-0.382641,0.917770,-0.106228,0.100000,0.020000,1,0.446423
8.605797,29.760376,-0.595866,94.881706,-35.136230,318.835815,4695.691895,-3615.221924,19252.496094,-0.059885,0.709207,-0.702452,0.100000,0.020000,1,0.800944
8.476449,29.819834,-0.890428,62.238342,-20.902122,-335.219055,3546.235352,-2234.380859,-9067.116211,-0.161997,0.762861,0.625939,0.100000,0.020000,1,0.607713
8.676237,30.066744,0.318694,125.458008,-37.318611,34.341236,7287.604004,-2369.994141,2237.406494,-0.183094,0.816122,0.548106,0.100000,0.020000,1,0.101423
9.020239,29.878181,-0.115038,84.106781,-51.725327,39.112938,6276.642090,-3895.432617,3082.387451,-0.282483,0.833271,-0.475250,0.100000,0.020000,1,0.307804
9.009394,29.537907,-0.180451,-144.401947,106.209938,62.316879,-10707.164062,6428.879883,5905.301270,-0.407359,0.902757,0.138162,0.100000,0.020000,1,0.450676
8.407708,29.843966,0.224167,40.484489,-13.056469,-26.386951,1191.761353,-1438.731079,-1363.416504,-0.392940,0.877286,0.275622,0.100000,0.020000,1,0.015262
8.933088,30.045607,0.476977,-108.465347,75.870102,-142.066635,-6817.398926,4627.324707,-8649.938477,-0.064808,0.682698,0.727821,0.100000,0.020000,1,0.369640
8.720081,30.121874,0.385389,9.958484,22.564953,8.804062,324.141357,1876.872070,1014.044128,-0.301344,0.811661,0.500398,0.100000,0.020000,1,0.142208
7.802974,30.643068,0.298661,-233.768906,262.758850,124.352661,-7561.579590,7666.170410,9083.423828,-0.407855,0.845501,-0.344647,0.100000,0.020000,1,0.702505
8.604667,29.981127,0.161173,49.062309,-33.774055,24.887276,2497.663818,-2070.031982,1399.504028,-0.415954,0.832061,0.366955,0.100000,0.020000,1,0.086635
8.412659,29.807060,-0.120626,-32.087849,25.719685,283.807465,-5114.726074,-1853.599365,17520.210938,-0.547884,0.825815,0.133614,0.100000,0.020000,1,0.679923
8.594862,29.893774,-0.096156,22.769533,-9.240372,21.579130,963.106262,-613.941711,1200.839844,-0.552284,0.827083,-0.104483,0.100000,0.020000,1,0.800286
8.531098,29.819424,0.000750,96.158890,-52.325981,-76.026672,5340.551758,-3631.417236,-4868.831055,-0.559572,0.828174,0.031749,0.100000,0.020000,1,0.724837
8.438745,29.945894,0.206116,-38.056656,31.641106,70.943466,-3584.150635,2216.506104,5889.911133,-0.550697,0.799725,-0.239110,0.100000,0.020000,1,0.839647
8.713337,29.781204,-0.357117,-11.658886,-59.127159,24.452957,-874.956604,-1664.265259,351.673401,-0.200716,0.674042,-0.710901,0.100000,0.020000,1,0.944137
8.958458,30.153667,-0.734578,77.765457,65.931992,-146.180069,5472.560547,4949.104004,-10903.946289,-0.343302,0.718501,-0.604896,0.100000,0.020000,1,0.372149
8.212358,30.599293,-1.066091,-88.404297,147.102295,-205.874084,-7905.318359,12110.019531,-16387.775391,-0.459672,0.758853,-0.461350,0.100000,0.020000,1,0.196214
8.786137,29.820911,0.150714,-534.608276,-150.619766,-410.509705,-33499.445312,-9772.877930,-25918.251953,-0.558291,0.782253,0.276388,0.100000,0.020000,1,0.729089
8.810330,29.988071,0.248764,-130.423676,96.155533,160.590485,-8331.829102,6190.494141,9724.076172,-0.342022,0.696643,0.630642,0.100000,0.020000,1,0.216358
9.102542,30.037117,0.374939,-1075.234863,-68.804733,-84.891403,-66517.640625,-3825.509277,-4933.390137,-0.464550,0.733674,0.495897,0.100000,0.020000,1,0.188545
8.776919,29.725977,0.086917,-83.050247,53.153725,251.351471,-5104.315430,2724.925537,15395.155273,-0.553514,0.750044,0.362015,0.100000,0.020000,1,0.540129
8.116440,30.075056,0.796092,-173.704102,66.950272,131.225739,-9697.711914,3981.784668,4619.615723,-0.196526,0.653573,0.730903,0.100000,0.020000,1,0.593335
8.870843,29.542528,0.353079,13.077274,-1.311735,80.078545,933.972656,-3317.369873,2067.767822,-0.567379,0.741760,-0.357595,0.100000,0.020000,1,0.172654
8.639573,30.382988,-0.255485,-69.879074,103.667435,-34.979225,-5114.799805,8588.904297,-1946.530884,-0.465405,0.670995,-0.577203,0.100000,0.020000,1,0.651060
9.333169,29.900480,-2.727434,151.138947,85.536163,-864.645874,3712.276855,2959.165039,-27137.468750,-0.702213,0.711966,0.001097,0.100000,0.020000,1,0.203314
8.580765,29.846052,-0.275010,205.766724,-95.833130,463.662476,12414.283203,-5835.834961,28316.732422,-0.700801,0.708087,-0.086540,0.100000,0.020000,1,0.622073
8.794580,29.616526,-0.104992,-31.776604,27.427433,-152.703674,3323.882324,-1926.019775,83.738770,-0.699507,0.704294,0.121072,0.100000,0.020000,1,0.989370
8.919327,29.818914,-0.530954,145.011185,-49.126373,401.760986,9380.522461,-3636.626221,24741.187500,-0.329545,0.638907,-0.695124,0.100000,0.020000,1,0.270239
7.034220,31.141623,-1.404099,-519.316101,357.215363,-328.606018,-14212.271484,10325.546875,-7399.876953,-0.572013,0.670770,-0.472089,0.100000,0.020000,1,0.214792
8.379177,29.826391,0.002569,30.404579,29.608173,0.404683,-4403.933594,-14660.745117,1693.660522,-0.687015,0.681646,0.251732,0.100000,0.020000,1,0.925025
9.066517,31.240236,0.153420,63.115601,339.013916,-66.746536,4972.991211,27026.244141,-5019.521484,-0.443837,0.638569,0.628680,0.100000,0.020000,1,0.415069
8.894637,29.560942,-0.072171,159.701385,-82.460838,-103.625198,10742.510742,-6108.973633,-6295.905273,-0.709446,0.663577,-0.237387,0.100000,0.020000,1,0.589563
8.666736,29.777227,0.182873,88.422256,-47.447769,130.421265,5068.678223,-3190.288330,7827.777832,-0.587458,0.630284,0.507577,0.100000,0.020000,1,0.916253
8.984580,30.157364,-0.084544,84.611542,113.452881,9.439068,3389.255615,4496.599609,1459.951172,-0.692646,0.635079,-0.341931,0.100000,0.020000,1,0.609492
8.592024,29.703505,-0.057234,29.338158,17.574287,-7.920183,-1408.625488,-10461.879883,1090.683838,-0.694774,0.611582,0.378492,0.100000,0.020000,1,0.298373
8.726865,29.946911,0.436506,39.376751,-18.735428,-14.122330,1838.755981,-1090.653931,-742.734192,-0.346211,0.592167,0.727651,0.100000,0.020000,1,0.844487
8.783944,29.813335,0.029976,-398.738464,-285.463104,-455.596375,-25285.755859,-18042.337891,-27325.953125,-0.572653,0.591757,-0.567355,0.100000,0.020000,1,0.586662
8.565553,29.746042,0.100493,128.821136,-72.628792,261.342590,7366.085938,-4397.272949,16607.250000,-0.810472,0.570215,0.134131,0.100000,0.020000,1,0.290490
10.620649,29.037464,-1.074937,476.019409,-142.553223,-264.975922,37870.542969,-11741.322266,-21017.058594,-0.821650,0.563301,-0.087086,0.100000,0.020000,1,0.845768
8.958222,29.515770,0.005893,-513.366821,298.196075,-6.988885,-31524.630859,18092.513672,-475.075714,-0.827520,0.560860,0.025432,0.100000,0.020000,1,0.246875
10.070794,28.933289,-0.148157,345.417114,-201.586395,-210.670929,6605.427734,-4711.780762,-14732.117188,-0.441528,0.563324,-0.698369,0.100000,0.020000,1,0.906644
9.001098,30.113958,0.356286,72.051758,50.344566,-13.598242,3313.820557,4194.486816,686.311279,-0.568896,0.555329,0.606603,0.100000,0.020000,1,0.569366
8.564559,29.822485,0.101933,-23.264069,16.541458,50.128860,-2424.440186,1370.934082,4641.662598,-0.702393,0.545977,-0.456677,0.100000,0.020000,1,0.682165
9.069264,29.775650,-0.030436,-409.166260,-228.574524,-90.329346,-24541.658203,-14070.160156,-5337.230957,-0.814313,0.539730,-0.213509,0.100000,0.020000,1,0.436334
8.687366,29.763411,0.485026,-12.203461,10.524902,36.111610,-1279.684204,732.907288,3135.655762,-0.682641,0.524903,0.508407,0.100000,0.020000,1,0.660616
8.425682,31.745344,-0.013140,-104.743874,568.239197,88.081940,2214.115234,28984.312500,-37.057617,-0.800546,0.489654,-0.345493,0.100000,0.020000,1,0.376064
8.602781,29.765856,0.094642,120.590485,-135.939896,157.728149,6871.733398,-8181.497559,9722.230469,-0.825849,0.493258,0.273257,0.100000,0.020000,1,0.375743
8.866914,29.667101,0.437771,-206.929169,-60.542664,-407.003296,-12816.055664,-3824.699951,-24770.529297,-0.801676,0.448621,0.395039,0.100000,0.020000,1,0.358590
8.592269,29.934559,0.113606,-59.507008,70.311569,-126.517097,-1300.021118,1624.225830,-680.050781,-0.450291,0.507004,0.734973,0.100000,0.020000,1,0.885272
8.841215,29.843515,-0.072813,-117.780502,-394.754150,-283.033661,-7437.300781,-24407.117188,-16862.216797,-0.688574,0.451092,-0.567787,0.100000,0.020000,1,0.311594
8.742010,29.616909,0.028461,80.789589,-45.709919,-129.141418,4640.718262,-3276.838867,-7601.912109,-0.892942,0.400087,-0.206358,0.100000,0.020000,1,0.180697
8.436069,29.798515,-1.046366,-66.977409,39.518341,-300.805511,-5738.653809,3319.010986,-23125.539062,-0.911427,0.398690,-0.101725,0.100000,0.020000,1,0.894881
8.907468,29.529573,0.264209,-257.761566,125.230919,-547.281006,-15809.937500,7623.085449,-33521.472656,-0.918033,0.394948,0.035090,0.100000,0.020000,1,0.783345
8.649961,30.515846,0.230318,-35.151314,209.342773,-32.629295,-3095.465820,16470.025391,-2528.588623,-0.648349,0.439471,0.621698,0.100000,0.020000,1,0.056171
8.760941,29.680574,-0.343677,21.636280,-19.985813,32.776566,1076.468628,-1160.995972,1665.197266,-0.796957,0.404690,-0.448426,0.100000,0.020000,1,0.686863
8.523129,29.752609,0.460676,-194.449646,113.206177,60.616806,-13485.348633,7761.212402,5171.403320,-0.890132,0.379780,0.251857,0.100000,0.020000,1,0.868101
8.985172,29.481558,0.028275,350.615784,-201.599762,44.505699,22891.828125,-13212.688477,2594.523926,-0.910434,0.387571,0.144566,0.100000,0.020000,1,0.029301
8.626482,29.697599,-0.140774,122.287338,-66.363022,-668.644958,6416.867188,-5339.365234,-40946.417969,-0.219127,0.555313,-0.802254,0.100000,0.020000,1,0.019586
8.684039,29.650377,0.315651,10.100635,-5.303531,-2.769156,465.195709,-953.151245,-318.975037,-0.782464,0.383475,0.490609,0.100000,0.020000,1,0.814912
8.641523,29.674925,0.534963,276.209106,-159.137878,-238.450684,16300.767578,-10666.599609,-14492.124023,-0.536519,0.435135,0.723052,0.100000,0.020000,1,0.923281
7.877931,30.115786,0.191565,-221.480255,182.042938,103.789986,-14063.955078,-3959.966309,2370.024170,-0.548369,0.432568,-0.715664,0.100000,0.020000,1,0.925221
8.254486,30.006874,0.841647,-210.712463,154.531906,167.179153,-6921.393066,4862.046387,4006.817383,-0.872331,0.308941,0.378938,0.100000,0.020000,1,0.637501
9.046288,29.441235,-0.400724,-76.919899,52.559792,63.562607,-6402.460449,-613.812012,3422.829834,-0.882725,0.308913,-0.354075,0.100000,0.020000,1,0.876749
9.464647,29.199694,1.383118,213.174591,-122.782028,354.207611,17350.533203,-10088.300781,27207.535156,-0.957443,0.248182,0.147338,0.100000,0.020000,1,0.637946
8.941564,29.501696,-0.184029,-340.431610,196.943161,799.293274,-21213.333984,12153.284180,49632.871094,-0.967997,0.249066,0.030775,0.100000,0.020000,1,0.680083
8.736872,29.655411,-0.091309,513.267090,-294.585144,-322.794189,31773.474609,-18564.701172,-19426.685547,-0.753971,0.312943,-0.577576,0.100000,0.020000,1,0.360707
8.897279,29.825174,-0.323089,84.043335,-74.777672,37.752274,5383.075195,-3762.030029,2114.233398,-0.839608,0.272879,-0.469676,0.100000,0.020000,1,0.758184
8.838544,29.716801,-0.432204,11.474779,-3.575719,16.750866,448.422729,-272.518921,857.230530,-0.617148,0.364146,-0.697513,0.100000,0.020000,1,0.381491
8.956441,29.493107,-0.180073,-470.676117,273.061829,388.094788,-29727.058594,16612.191406,24059.677734,-0.971433,0.206197,-0.117477,0.100000,0.020000,1,0.007538
9.974874,29.149807,0.258180,210.036499,-72.153854,22.442226,17757.117188,-6362.185059,1366.185669,-0.840477,0.230326,0.490458,0.100000,0.020000,1,0.304494
8.920581,29.513809,0.008036,85.819977,-49.504475,-246.636688,5523.583008,-3201.162598,-14789.916992,-0.927789,0.184451,-0.324324,0.100000,0.020000,1,0.280275
9.317149,29.847784,0.059370,109.836914,70.817413,-29.947456,8715.520508,5861.292480,-2249.077393,-0.948608,0.175143,0.263567,0.100000,0.020000,1,0.299387
7.756133,30.186106,0.770672,-269.467773,155.924622,188.053375,-21841.167969,12527.432617,15619.100586,-0.958755,0.173774,-0.224925,0.100000,0.020000,1,0.667503
9.534271,30.054430,0.003753,166.858307,56.448486,-83.350861,13145.251953,5222.347168,-6704.307617,-0.718077,0.288018,0.633570,0.100000,0.020000,1,0.207692
9.132745,29.972513,0.491320,53.076248,70.733948,18.270252,4218.170898,5531.155762,1546.077515,-0.612885,0.323106,0.721093,0.100000,0.020000,1,0.277144
8.634942,29.681192,0.310835,532.110474,-306.859802,-312.071045,32401.365234,-18707.105469,-19301.343750,-0.909179,0.141004,0.391804,0.100000,0.020000,1,0.099323
8.957153,29.717550,-0.258009,-36.120708,-433.465576,134.338394,-2211.967285,-26563.666016,8458.573242,-0.881269,0.111967,-0.459160,0.100000,0.020000,1,0.954120
8.004122,30.421616,-0.142950,-341.747009,251.223663,70.087616,-27716.314453,20419.439453,-1197.345703,-0.987814,0.029615,0.152796,0.100000,0.020000,1,0.648195
9.060370,29.433104,0.002187,414.412262,-238.440552,13.556746,26474.759766,-15476.304688,815.043640,-0.999469,0.023832,0.022224,0.100000,0.020000,1,0.884347
9.093683,29.552822,-0.529412,-224.322266,130.747498,147.118622,-13539.402344,7850.311523,8646.716797,-0.694558,0.225761,-0.683096,0.100000,0.020000,1,0.713146
8.874258,29.551386,0.386255,16.090969,-6.007930,-3.445014,708.892944,-566.461792,-15.791975,-0.771199,0.170128,0.613440,0.100000,0.020000,1,0.220717
9.170996,29.369234,-0.016165,-256.242523,148.541412,122.654778,-15460.374023,8786.171875,8189.789062,-0.975868,0.013595,-0.217939,0.100000,0.020000,1,0.880094
9.588837,29.127995,-0.928959,137.823624,-51.412682,-244.985306,5683.166016,-8993.866211,-7080.786133,-0.993841,0.004514,-0.110721,0.100000,0.020000,1,0.787989
9.309221,29.349941,-0.824955,73.766403,-40.513550,-90.050049,6164.243652,-3547.124268,-7751.857422,-0.784501,0.159881,-0.599163,0.100000,0.020000,1,0.221358
9.704300,29.061331,-0.468902,147.532303,-84.695580,-113.850380,12277.421875,-7200.868652,-9785.974609,-0.962511,-0.005880,0.271178,0.100000,0.020000,1,0.606058
9.475174,29.808739,0.390035,118.982208,68.743835,19.582966,9619.306641,4956.564453,1299.525024,-0.854688,0.063706,0.515219,0.100000,0.020000,1,0.057185
9.260233,29.356876,-0.271684,-554.477722,78.116798,-145.257767,-33854.488281,4518.937500,-9539.873047,-0.942948,-0.026091,-0.331917,0.100000,0.020000,1,0.354372
8.944474,29.779495,0.172196,160.108521,-352.091095,586.952881,10021.463867,-21739.769531,36095.687500,-0.653965,0.210995,0.726506,0.100000,0.020000,1,0.287393
8.921194,29.563349,-0.510346,27.651100,-99.676834,454.964111,1471.077881,-6171.168945,27882.277344,-0.824591,0.051037,-0.563423,0.100000,0.020000,1,0.583548
9.101508,29.553453,0.095229,-102.733826,-21.537634,34.473335,-6143.347656,-744.848267,2264.451660,-0.983098,-0.124308,0.134411,0.100000,0.020000,1,0.572693
8.934353,29.505861,-0.354167,411.989868,-230.716949,508.880066,24106.867188,-17364.197266,31193.736328,-0.985856,-0.129288,-0.106644,0.100000,0.020000,1,0.537905
9.702274,29.480711,-0.790489,168.557739,-18.348343,-79.730865,13614.396484,-1678.777832,-6749.764160,-0.715576,0.115398,-0.688938,0.100000,0.020000,1,0.454733
9.248506,30.190939,-0.044496,33.420570,234.814240,-12.833069,2451.326904,9770.657227,-15308.229492,-0.921064,-0.073352,0.382440,0.100000,0.020000,1,0.023821
9.003831,29.512644,0.266238,59.915756,-129.847534,-321.589600,3648.946289,-7753.804688,-18706.746094,-0.966885,-0.147452,-0.208306,0.100000,0.020000,1,0.286397
9.370230,29.723316,0.409367,86.943970,36.116989,21.109695,6969.515625,3623.947266,2016.930176,-0.791659,0.013411,0.610816,0.100000,0.020000,1,0.704747
8.990806,31.035837,0.122019,-34.614990,432.429474,82.128235,6055.543945,13831.201172,910.620605,-0.885639,-0.090281,-0.455515,0.100000,0.020000,1,0.241359
9.464187,30.124249,-0.030627,89.938919,154.337280,-31.118126,7421.398926,12737.918945,-2660.178467,-0.955202,-0.163520,0.246680,0.100000,0.020000,1,0.973800
9.082994,29.420040,0.217955,1.894389,0.194024,58.039448,-48.974663,-412.746490,4648.754395,-0.983236,-0.182338,0.000473,0.100000,0.020000,1,0.080283
9.057989,29.475506,0.238591,-21.305534,-12.299751,46.096642,-1284.010864,-759.819824,2763.259033,-0.862726,-0.095333,0.496603,0.100000,0.020000,1,0.798773
9.234755,29.799595,0.507983,-699.838745,-253.442413,-277.177246,-43233.750000,-15204.440430,-17026.519531,-0.689834,0.091123,0.718210,0.100000,0.020000,1,0.887710
9.152163,29.596169,-0.172114,-149.613342,-165.883423,-99.650742,-9122.355469,-9709.833984,-6213.869141,-0.917025,-0.199324,-0.345450,0.100000,0.020000,1,0.669371
9.478557,29.191664,0.143509,148.587234,-31.306934,-37.913788,-2683.433105,-9443.652344,2782.506348,-0.900336,-0.212626,0.379717,0.100000,0.020000,1,0.596378
9.116877,29.457226,-0.064762,-29.165604,-1.478825,40.108650,-1845.943726,296.629211,2216.339844,-0.949706,-0.312541,0.019418,0.100000,0.020000,1,0.766351
9.242762,29.364338,-0.273806,-623.093384,363.002258,62.327347,-38534.937500,22110.162109,4369.231445,-0.727265,-0.025231,-0.685892,0.100000,0.020000,1,0.038394
8.727858,29.632278,0.014804,68.312660,-37.258461,144.022797,2731.714111,-1526.918701,10225.722656,-0.855774,-0.224671,-0.466019,0.100000,0.020000,1,0.019034
9.162363,29.493670,-0.156371,-106.530228,-472.439423,98.079819,-6615.865234,-29274.972656,5806.228516,-0.932886,-0.340723,-0.116751,0.100000,0.020000,1,0.711633
9.165614,29.413750,-0.118617,28.376152,-108.293732,342.198181,1910.391479,-6627.783691,20799.939453,-0.930825,-0.340756,0.132102,0.100000,0.020000,1,0.197994
9.149330,29.446262,-0.296606,54.850273,-71.219574,-53.364754,3746.516357,-4675.971680,-3257.423584,-0.798750,-0.134120,-0.586524,0.100000,0.020000,1,0.183865
8.764250,29.863110,0.664003,-105.783707,-83.047249,99.660416,-8153.054199,-3472.171875,7931.910156,-0.837515,-0.237073,0.492307,0.100000,0.020000,1,0.424073
8.989224,29.474180,-0.195851,276.857666,-159.588242,478.987122,16773.726562,-9759.551758,29976.941406,-0.908691,-0.342717,-0.238383,0.100000,0.020000,1,0.061296
9.259394,29.439119,0.467934,15.605106,-19.508797,-7.801445,1795.628540,-1751.357544,-170.044525,-0.703958,-0.037532,0.709249,0.100000,0.020000,1,0.920167
9.273327,29.435944,0.114757,-535.596069,-23.064373,-67.324142,-33332.257812,-1199.775513,-4381.775879,-0.892714,-0.363956,0.265701,0.100000,0.020000,1,0.826123
9.214249,29.653507,0.515377,-232.905502,-605.837158,-311.434692,-14228.947266,-37579.640625,-18926.259766,-0.770448,-0.158149,0.617575,0.100000,0.020000,1,0.169344
9.790091,29.342083,-0.598143,147.922333,-2.894060,-100.781250,11937.789062,-381.423645,-8044.725586,-0.862462,-0.361227,-0.354504,0.100000,0.020000,1,0.671293
9.395247,29.252974,-0.061556,-410.242615,237.558044,268.468567,-24954.843750,14423.777344,15867.475586,-0.859938,-0.365104,0.356659,0.100000,0.020000,1,0.792314
8.988945,29.499775,-0.524252,-274.040405,165.924179,53.357666,-17379.414062,9712.465820,3008.441895,-0.583647,0.163730,-0.795329,0.100000,0.020000,1,0.026721
9.178803,29.487211,0.060953,90.564636,-242.235077,-187.102081,5531.063965,-14713.663086,-11296.640625,-0.868040,-0.483619,-0.112338,0.100000,0.020000,1,0.591716
8.979843,29.553871,1.294409,-0.578712,13.380947,285.181213,-1081.598267,1716.053711,23371.599609,-0.867273,-0.497552,0.016725,0.100000,0.020000,1,0.959511
9.422490,29.224033,-0.196383,-199.744293,118.868782,-57.335419,-12591.002930,5092.473633,-3157.052490,-0.762508,-0.289266,-0.578712,0.100000,0.020000,1,0.753646
9.061644,29.652321,0.414944,-39.346504,48.775955,70.377380,-3220.167480,4343.121094,5870.971680,-0.852817,-0.505093,0.132604,0.100000,0.020000,1,0.787207
9.083958,29.576128,0.253892,-29.596214,42.696732,50.556755,-2367.639160,3340.751953,3111.344482,-0.779601,-0.383060,0.495467,0.100000,0.020000,1,0.279172
9.371426,29.262659,0.013907,-1.340143,3.544024,-3.874701,607.288696,-392.164856,869.507202,-0.794527,-0.398002,-0.458608,0.100000,0.020000,1,0.345137
9.269510,30.167656,0.173294,1.951675,187.807495,9.246399,204.649673,15221.305664,734.371094,-0.822648,-0.511100,0.249052,0.100000,0.020000,1,0.875236
9.192656,29.426371,-0.184234,402.783844,-351.806580,-49.203499,25163.769531,-21917.990234,-3379.939209,-0.824708,-0.522977,-0.215294,0.100000,0.020000,1,0.512014
9.019635,29.550005,-0.598463,-10.457432,11.263409,-41.682060,-1128.519653,790.695557,-3505.047119,-0.687298,-0.168492,-0.706564,0.100000,0.020000,1,0.666471
8.172636,29.945637,0.730898,-235.122681,188.790771,111.833267,-12521.679688,-4314.211914,4537.386230,-0.732085,-0.306414,0.608410,0.100000,0.020000,1,0.783541
8.902431,29.524288,-0.344660,418.657959,-235.372757,212.112091,23668.394531,-17162.564453,12909.383789,-0.791196,-0.500028,-0.352108,0.100000,0.020000,1,0.728734
9.196261,29.354647,0.126861,74.996704,-42.348873,80.475197,4176.927246,-3220.261230,4813.357422,-0.761388,-0.537523,0.362432,0.100000,0.020000,1,0.808115
8.638000,29.676958,-0.276812,-117.148972,85.695450,-197.314423,-4063.756348,-1533.457031,-5373.834473,-0.655615,-0.182958,0.732595,0.100000,0.020000,1,0.265702
9.213144,29.961420,-0.488845,-179.690964,148.984619,162.102249,-11471.634766,11576.393555,9484.277344,-0.709849,-0.423961,-0.562469,0.100000,0.020000,1,0.381722
9.444037,29.222881,0.078114,-624.315430,363.869049,34.484684,-38937.687500,22444.009766,2470.389648,-0.762855,-0.646413,0.014221,0.100000,0.020000,1,0.886785
9.608266,29.242964,0.089289,67.990784,-59.020725,154.140305,7104.373047,-3120.688232,9800.338867,-0.757626,-0.646897,-0.086760,0.100000,0.020000,1,0.067417
8.674793,30.724861,-1.510633,-190.577393,379.426880,-384.210083,-5770.456055,11612.745117,-11642.362305,-0.712065,-0.546013,-0.441399,0.100000,0.020000,1,0.355386
9.393934,29.459635,0.139318,-245.550751,-220.723221,-329.861328,-15271.450195,-13493.759766,-20562.126953,-0.745533,-0.651516,0.140381,0.100000,0.020000,1,0.229597
10.186452,30.359390,-1.004608,231.931671,255.234467,-248.219696,18164.699219,20281.148438,-19398.236328,-0.732091,-0.650208,-0.203156,0.100000,0.020000,1,0.411528
9.081032,29.421175,0.373875,154.676407,-88.259514,-59.098026,8857.996094,-6237.583984,-3619.186279,-0.670228,-0.404981,0.621920,0.100000,0.020000,1,0.807670
9.388962,29.440872,0.136212,-184.396103,-32.207001,45.739471,-11468.708008,-1738.092896,2850.495361,-0.713649,-0.649211,0.263116,0.100000,0.020000,1,0.206891
9.192796,29.555447,0.391082,0.672932,-2.716889,0.035991,-0.891420,-1.636888,1.090624,-0.641001,-0.290859,0.710295,0.100000,0.020000,1,0.827155
9.198485,29.552990,-0.388661,0.651349,-2.773523,-0.035769,-0.874315,-1.649856,-1.083903,-0.640657,-0.302104,-0.705898,0.100000,0.020000,1,0.563209
9.311887,29.478024,0.271921,-0.033896,-3.910144,0.025024,-0.585185,-1.899076,0.758311,-0.676533,-0.546255,0.493871,0.100000,0.020000,1,0.436244
9.363483,29.449772,-0.180116,-0.288550,-4.425059,-0.016575,-0.452137,-2.000514,-0.502275,-0.683228,-0.652828,-0.327132,0.100000,0.020000,1,0.204435
