posX,posY,posZ,velX,velY,velZ,forceX,forceY,forceZ,attachX,attachY,attachZ,mass,radius,state,wetness
19.051699,24.143122,-0.084393,-122.397766,93.469482,137.619965,-10037.287109,5767.963867,7113.546875,-0.809278,0.431697,0.398381,0.100000,0.020000,1,0.439627
18.995245,24.371010,-0.168688,-47.287918,-91.111282,-204.147308,-5413.419434,-5003.792480,-12786.644531,-0.851964,0.453893,-0.261034,0.100000,0.020000,1,0.853635
19.528744,24.027578,-0.016852,85.609528,-46.986145,-38.472214,5300.347168,-3703.844971,-2575.420654,-0.883462,0.467842,0.024864,0.100000,0.020000,1,0.736546
19.677864,24.054392,-0.663339,61.827812,-8.910164,-60.544502,3938.154541,-889.205322,-4822.229492,-0.723154,0.382698,-0.574970,0.100000,0.020000,1,0.158882
19.574993,23.766640,-0.016131,10.852093,-34.950516,17.985741,-898.097046,-1282.094971,3013.234863,-0.699437,0.370099,0.611403,0.100000,0.020000,1,0.103844
19.323561,24.969828,1.738986,-26.502731,214.437073,399.122070,-2966.276123,16985.417969,30927.968750,-0.772433,0.395064,0.497264,0.100000,0.020000,1,0.031616
19.691799,24.017582,-0.484690,8.230954,11.079112,-31.651081,370.011932,405.867920,-1888.083740,-0.641844,0.328198,-0.693053,0.100000,0.020000,1,0.476657
19.711977,23.929293,-0.804494,181.289703,-31.601101,-122.188873,10986.500000,-2421.821533,-8554.462891,-0.512396,0.261467,-0.817976,0.100000,0.020000,1,0.959263
19.268223,24.296463,-0.308022,-37.798737,-182.252518,-472.669373,-3774.862061,-10939.572266,-29889.783203,-0.817099,0.415058,-0.400096,0.100000,0.020000,1,0.246057
19.859213,23.911846,0.469568,-31.982555,-29.594269,46.949539,-1743.188721,-2424.857910,2500.164062,-0.550783,0.277113,0.787304,0.100000,0.020000,1,0.529578
19.793966,24.352226,-0.339581,50.861069,140.863815,-57.515533,4234.960938,9577.144531,-5385.705566,-0.888311,0.446090,0.109121,0.100000,0.020000,1,0.098737
20.688639,23.458845,-2.971471,291.670135,-158.914154,-701.919861,7850.700195,-5771.282715,-22076.285156,-0.438690,0.197935,-0.876569,0.100000,0.020000,1,0.085302
19.916176,23.901213,0.642202,-28.422401,85.926041,-82.233536,-1853.989746,5229.894531,-5339.263184,-0.359800,0.159375,0.919317,0.100000,0.020000,1,0.124343
19.690016,24.051933,0.620530,-3.107174,-33.593910,-15.388689,-632.666809,-1972.935181,-850.273438,-0.546705,0.239360,0.802384,0.100000,0.020000,1,0.900594
20.577044,24.938047,0.727025,353.233765,254.919312,72.264740,26597.037109,19450.148438,6744.045410,-0.884787,0.374217,0.277694,0.100000,0.020000,1,0.577214
18.565229,24.520563,0.471491,-382.009583,3.586052,243.397644,-28929.511719,2207.054199,19515.941406,-0.651190,0.272551,-0.708285,0.100000,0.020000,1,0.995973
19.934900,23.965221,0.704024,-0.013409,-23.730572,6.665191,-387.993439,-1192.991577,375.627319,-0.225978,0.094219,0.969565,0.100000,0.020000,1,0.234580
19.916647,23.931570,-0.722795,6.632872,-1.230492,-0.490649,-43.578770,91.842384,-64.018044,-0.226244,0.092528,-0.969666,0.100000,0.020000,1,0.556804
18.068213,24.232424,-0.823883,-418.228058,283.823700,-367.834015,-24071.501953,3833.780029,-15618.897461,-0.013737,-0.029152,0.999481,0.100000,0.020000,1,0.984496
20.820841,23.738792,0.855526,163.690491,54.919891,55.025757,12797.793945,3611.914062,4002.946045,0.060730,-0.138446,0.988506,0.100000,0.020000,1,0.813988
20.563135,23.766863,0.876245,77.783157,-7.720881,37.058563,6330.260742,-418.389709,2932.625244,0.046539,-0.077479,0.995907,0.100000,0.020000,1,0.929778
20.322178,23.621643,-0.535506,91.790344,-49.005955,-1.579407,5318.719727,-1787.482178,591.889160,0.069438,-0.106685,-0.991865,0.100000,0.020000,1,0.682842
20.134268,23.857330,-0.744381,30.761536,-6.122871,-69.927444,1414.120728,-148.043823,-4537.857910,0.044752,-0.064881,-0.996889,0.100000,0.020000,1,0.614245
20.682291,23.633858,-0.145257,105.862259,41.306671,-37.705460,7132.029297,4150.738770,-4400.701660,0.556044,-0.693016,0.458851,0.100000,0.020000,1,0.152547
20.200834,23.768578,-0.835677,78.709778,-87.450256,149.325775,4373.021484,-4849.169434,8834.232422,0.218543,-0.256269,-0.941576,0.100000,0.020000,1,0.194685
21.054089,23.168890,-2.063224,198.136383,-146.073425,-389.064636,13070.797852,-10893.261719,-25170.169922,0.389727,-0.279131,-0.877610,0.100000,0.020000,1,0.305367
20.522814,23.543913,-0.389959,10.469727,-1.010049,0.973496,77.202118,426.030212,242.441238,0.658786,-0.469711,-0.587684,0.100000,0.020000,1,0.099751
20.196299,23.725992,0.825850,-28.045593,-6.661405,35.214729,-2825.385254,90.651436,2906.323975,0.359246,-0.252937,0.898313,0.100000,0.020000,1,0.482903
19.183081,24.536978,0.384815,-317.453125,226.850677,296.799591,-25227.964844,18129.650391,23170.298828,0.325817,-0.226514,-0.917897,0.100000,0.020000,1,0.627270
19.337029,23.499870,-1.167999,-191.367249,146.994659,-422.336487,-15331.886719,-1396.975098,-34537.542969,0.600549,-0.416468,0.682565,0.100000,0.020000,1,0.829790
19.938980,23.443182,0.582545,273.138214,-139.876709,-46.815010,15280.991211,-9652.082031,-3387.105225,0.301752,-0.208042,0.930411,0.100000,0.020000,1,0.124912
21.264080,23.184324,-0.235413,113.144287,-84.983017,-55.325867,9156.080078,-6046.047363,-4575.624512,0.824681,-0.564673,0.032340,0.100000,0.020000,1,0.029854
19.806423,23.804893,-0.936466,-110.636597,-72.483398,-180.923157,-9672.979492,838.063965,-10336.022461,0.624099,-0.403146,-0.669309,0.100000,0.020000,1,0.612038
20.460703,23.067106,0.811116,18.031982,32.338524,109.875961,18.868765,596.618103,8920.174805,0.747854,-0.482477,0.455994,0.100000,0.020000,1,0.305491
20.587006,23.452587,-0.499269,-63.716469,-71.344193,-109.005356,-4661.422363,-4302.071777,-7682.364258,0.763881,-0.492594,-0.416938,0.100000,0.020000,1,0.993713
22.494429,22.703297,2.624545,493.726288,-241.193665,824.790100,13908.441406,-6621.660156,25822.880859,0.835046,-0.537893,0.115629,0.100000,0.020000,1,0.641274
20.185909,23.274895,0.722102,185.353699,-95.352066,-255.619812,9895.864258,-6942.792969,-15302.007812,0.593017,-0.381437,0.709110,0.100000,0.020000,1,0.678839
20.257416,23.816788,-0.476356,14.203098,46.776443,-66.618980,-379.822479,4120.686523,-3763.436768,0.516680,-0.331355,-0.789459,0.100000,0.020000,1,0.648623
20.669668,23.373617,-0.724511,19.948706,-90.316406,-147.047211,706.848450,-5703.660645,-12437.585938,0.848654,-0.527309,0.041600,0.100000,0.020000,1,0.554669
20.519133,23.349384,-0.401787,-88.575653,8.338810,-19.966194,-6663.448242,342.430756,-2036.211548,0.812334,-0.504170,-0.293131,0.100000,0.020000,1,0.588478
20.513329,23.509916,-0.041113,6.233345,-3.576841,-30.501503,-641.165039,212.865204,-3221.672119,0.791561,-0.490095,0.365016,0.100000,0.020000,1,0.041527
19.847578,23.909969,1.410349,254.804642,-4.372744,368.395264,12124.302734,-351.709045,11574.056641,-0.950376,0.152957,0.270907,0.100000,0.020000,1,0.207603
19.350956,24.027916,-0.155302,-136.829041,-105.475281,-322.359070,-9173.735352,-6428.898926,-20300.226562,-0.961842,0.154207,-0.226010,0.100000,0.020000,1,0.372381
19.325293,23.868608,-0.422925,-10.139545,-36.964027,269.143005,-1491.380737,-2687.027832,16538.968750,-0.894202,0.132062,-0.427741,0.100000,0.020000,1,0.408967
19.353394,23.602266,0.356844,-27.758156,49.917465,-85.928185,-2507.307373,1690.166748,-5295.364258,-0.887310,0.130531,0.442316,0.100000,0.020000,1,0.500751
19.449957,24.032013,-0.105985,-181.976166,-181.684998,224.862946,-11525.349609,-11193.588867,13578.890625,-0.988101,0.143352,0.055737,0.100000,0.020000,1,0.446531
19.883121,23.524353,0.436417,-433.067383,94.133286,-279.669830,-26379.330078,4485.207031,-17962.423828,-0.720618,0.036059,0.692394,0.100000,0.020000,1,0.175218
19.329063,24.476360,-0.725810,-393.605865,174.641327,-378.610687,-21796.562500,4996.252441,-20026.994141,-0.741980,0.021338,-0.670083,0.100000,0.020000,1,0.527977
19.738977,23.783791,0.637874,5.716706,0.050437,0.174160,52.013046,-6.111957,20.107687,-0.502206,-0.065708,0.862248,0.100000,0.020000,1,0.173865
19.326527,23.772398,0.332438,284.885010,-158.077423,433.790527,16217.615234,-9971.309570,26290.185547,-0.586133,-0.091499,0.805032,0.100000,0.020000,1,0.044196
19.554531,23.577898,-0.741816,30.891531,-4.392887,72.435623,838.601318,-1041.288818,4140.754395,-0.489928,-0.098685,-0.866159,0.100000,0.020000,1,0.181535
19.976023,23.532192,0.343381,-747.079590,4.233324,783.820923,-46957.332031,-382.417084,48070.492188,-0.340007,-0.186482,0.921748,0.100000,0.020000,1,0.868262
18.212076,26.349342,-0.916212,-548.090454,904.264709,-76.101517,-18969.650391,28417.224609,-2557.971191,-0.327404,-0.216232,-0.919810,0.100000,0.020000,1,0.202888
19.993069,23.534842,-0.708076,3.526879,1.225912,2.372574,-47.792103,-35.081070,44.421688,-0.157066,-0.342655,-0.926239,0.100000,0.020000,1,0.506783
20.167929,23.738686,1.167386,28.248199,17.886150,166.399170,2150.905273,1815.174194,12493.855469,-0.128753,-0.323804,0.937323,0.100000,0.020000,1,0.078077
19.654036,23.436693,0.428604,512.421021,-259.529358,674.926270,30096.166016,-16682.482422,41572.515625,0.026066,-0.401582,0.915452,0.100000,0.020000,1,0.827993
20.275742,23.534094,-0.399013,87.400177,-206.395020,18.624374,5767.083008,-12805.811523,2274.080566,0.060143,-0.436349,-0.897765,0.100000,0.020000,1,0.832886
20.282761,23.286997,0.904382,19.169710,12.076110,84.117584,878.449646,453.420837,6723.451172,0.265063,-0.583314,0.767780,0.100000,0.020000,1,0.032754
20.448715,23.717623,0.919321,129.211914,26.479492,66.677811,8639.008789,2836.229492,5437.628906,0.219754,-0.482126,0.848093,0.100000,0.020000,1,0.275935
20.366917,23.171070,-0.629632,40.857533,-117.668053,1.919177,1436.465820,-3609.431641,155.985596,0.251614,-0.505221,-0.825495,0.100000,0.020000,1,0.610561
20.349520,22.964714,0.276552,-19.265018,-121.225075,-78.435448,-436.440918,-3629.311768,-1714.869629,0.417001,-0.621303,0.663395,0.100000,0.020000,1,0.971132
20.494373,23.061550,-0.515483,31.403263,-6.803089,-28.693916,1853.830933,-1174.076782,-2506.147705,0.492328,-0.730268,-0.473626,0.100000,0.020000,1,0.774662
20.451269,23.142002,0.482194,-99.938919,-178.101318,-299.669403,-6568.691895,-11768.441406,-18569.587891,0.474589,-0.693686,0.541816,0.100000,0.020000,1,0.702968
20.596834,23.362114,-0.540151,-159.776184,93.003448,89.516632,-9673.041992,6058.196289,5344.587402,0.449853,-0.629622,-0.633410,0.100000,0.020000,1,0.850111
20.445854,26.043026,0.521719,-12.702057,783.103882,163.745239,-3954.853271,40630.863281,30695.835938,0.625279,-0.758427,-0.183886,0.100000,0.020000,1,0.341169
20.517546,22.874832,0.124275,-17.274899,27.104092,42.446091,-1491.971313,232.554047,2311.904297,0.611046,-0.737427,0.287791,0.100000,0.020000,1,0.525557
20.035864,23.261486,0.252527,-479.940430,309.170807,-182.887054,-32622.062500,19510.814453,-11800.133789,0.580536,-0.694104,0.425672,0.100000,0.020000,1,0.898904
19.424326,23.449472,-0.083933,-229.003143,169.123779,-81.940689,-10596.111328,-3091.945801,6037.230469,0.643961,-0.764227,0.035665,0.100000,0.020000,1,0.836356
19.460026,23.966007,0.260042,-76.551102,-14.538446,-161.873993,-4839.231934,-968.470764,-9294.560547,-0.985798,0.159311,0.053118,0.100000,0.020000,1,0.148188
19.247808,23.914152,-0.031173,-24.655251,-25.217155,42.963356,-2501.622803,-1837.517334,3177.524658,-0.969038,0.153469,-0.193421,0.100000,0.020000,1,0.888352
19.477423,23.867655,-0.224339,-96.510284,-23.596577,-353.697510,-6531.699707,-1607.337402,-21500.078125,-0.817850,0.060382,-0.572254,0.100000,0.020000,1,0.185218
19.877277,23.640005,-1.402205,14.121037,-14.685246,-162.362183,638.690491,-1030.952393,-13272.157227,-0.325657,-0.215927,-0.920501,0.100000,0.020000,1,0.679942
19.992468,23.628723,-0.689991,3.707617,-2.724574,0.061436,-9.585257,-1.449393,4.686231,-0.168666,-0.308472,-0.936161,0.100000,0.020000,1,0.114004
20.026525,23.101791,-1.831993,132.726929,2.639668,-261.008148,-2532.849609,-14927.812500,-3262.942383,0.005886,-0.405245,-0.914189,0.100000,0.020000,1,0.321044
20.683064,23.373920,-0.162673,206.837982,-13.624303,23.163536,13446.704102,-543.458191,2392.516846,0.550339,-0.734784,-0.396510,0.100000,0.020000,1,0.829327
20.340437,23.186630,0.437736,257.180969,-193.295593,251.000885,18973.054688,-14825.666992,19942.873047,-0.674929,-0.038669,-0.736869,0.100000,0.020000,1,0.016135
21.564091,22.940966,-0.445278,274.950378,-303.351288,-87.809982,22164.314453,-20852.478516,-5150.924316,0.334141,-0.594832,-0.731112,0.100000,0.020000,1,0.307733
20.658699,23.643511,-0.337983,-51.666847,112.976547,9.322483,-2832.786133,8554.185547,883.086243,0.528161,-0.643467,-0.554073,0.100000,0.020000,1,0.198422
21.122000,25.051716,-0.823280,185.808975,491.308777,-217.275375,8052.587891,20485.898438,-10119.110352,0.706218,-0.707267,0.032078,0.100000,0.020000,1,0.721990
20.104591,23.212593,0.438085,11.914740,19.375072,-15.694290,-570.803101,489.378906,-1526.096313,0.341217,-0.541964,0.768014,0.100000,0.020000,1,0.709997
20.493406,23.316137,0.143551,131.362976,13.365917,-216.538086,7498.895020,1110.928589,-12654.381836,0.701401,-0.700000,-0.134301,0.100000,0.020000,1,0.376403
20.670996,23.539335,0.393573,-89.548340,-89.659500,20.149837,-5207.999512,-4787.304688,1108.514526,0.537053,-0.605943,0.586862,0.100000,0.020000,1,0.502050
20.737993,23.072483,-0.134902,-47.660660,103.755890,59.610489,-2814.826416,5704.587891,2534.268555,0.710824,-0.669470,0.215729,0.100000,0.020000,1,0.679853
22.170353,22.457115,0.722337,390.745789,-322.992126,275.591309,30621.937500,-24263.863281,21548.814453,0.771750,-0.518424,-0.368293,0.100000,0.020000,1,0.881216
20.099331,23.699026,-0.650719,-22.772224,15.427700,2.049735,-2277.446533,1790.260864,186.033829,0.170548,-0.398847,-0.901019,0.100000,0.020000,1,0.791194
20.723953,23.593348,0.329926,-46.478302,-44.380806,-22.367996,-3016.505859,-2024.972656,-1307.577393,0.768529,-0.488113,0.413654,0.100000,0.020000,1,0.917481
20.476076,25.763689,0.099916,-19.536264,567.500916,178.844696,784.771484,43344.031250,16359.515625,0.558047,-0.449363,-0.697608,0.100000,0.020000,1,0.669924
20.881678,24.564932,0.041323,215.803101,409.385468,41.487076,977.401855,13828.707031,7723.362305,0.737922,-0.413192,-0.533614,0.100000,0.020000,1,0.604724
20.157566,23.575331,0.411542,331.930603,-45.398087,222.990372,22992.007812,-1266.345459,14159.025391,0.537105,-0.394868,0.745384,0.100000,0.020000,1,0.648375
21.499861,24.778866,-0.438915,217.040222,293.575500,-94.677338,16385.494141,23849.806641,-8497.992188,0.910794,-0.347322,0.223209,0.100000,0.020000,1,0.690102
21.682693,24.601679,0.850896,242.302673,295.852173,257.646851,10701.461914,4565.061523,10898.630859,0.921962,-0.345517,-0.174941,0.100000,0.020000,1,0.683074
20.617168,23.822332,0.298926,-28.909897,134.819275,-143.957214,-2926.552979,9800.065430,-7939.267090,0.941567,-0.335203,0.033034,0.100000,0.020000,1,0.075853
20.732243,23.775442,0.402865,-173.423370,-242.038269,17.363077,-11015.430664,-14267.052734,1054.173096,0.764167,-0.320060,0.560009,0.100000,0.020000,1,0.711865
20.923868,23.619427,-0.254711,-210.444275,193.911224,-9.881601,-13006.708984,12472.266602,-688.595886,0.906419,-0.270455,-0.324436,0.100000,0.020000,1,0.622804
20.914001,23.773750,0.214292,-94.649796,-18.745396,66.896324,-5692.474609,-465.183624,3877.460693,0.888334,-0.220724,0.402671,0.100000,0.020000,1,0.814220
20.324459,23.604733,-0.384639,-17.211323,-14.171078,103.321289,256.022705,-793.589722,2320.316162,0.366629,-0.301121,-0.880289,0.100000,0.020000,1,0.571645
20.562321,23.725258,-0.668626,-5.973419,-16.082449,74.360489,-914.726868,-750.328064,4118.658691,0.676264,-0.154498,-0.720276,0.100000,0.020000,1,0.131746
20.773283,23.830334,-0.449622,-18.548767,-13.854757,26.062527,-1389.466309,-333.232941,1355.065674,0.851899,-0.091056,-0.515729,0.100000,0.020000,1,0.379623
20.280485,23.616535,0.714508,8.457319,-5.504234,3.433258,477.352509,-49.716995,351.239349,0.158489,-0.344026,0.925488,0.100000,0.020000,1,0.344533
20.767965,24.057829,-0.046419,22.639824,-147.727539,68.756927,728.749695,-8173.292969,4549.721191,0.991013,0.026875,-0.131036,0.100000,0.020000,1,0.887338
20.647146,23.708231,0.137529,123.667938,-93.316650,-178.934814,6575.972168,-6217.083496,-10850.183594,0.998562,0.032896,0.042329,0.100000,0.020000,1,0.252357
20.174824,24.010801,0.361825,-140.533722,153.789642,-103.651566,-10975.571289,11027.719727,-7327.950195,0.656846,-0.111767,0.745695,0.100000,0.020000,1,0.683608
20.667677,23.999086,0.848551,-21.625546,-188.967957,-168.229492,221.361328,-9838.362305,-16453.882812,0.981267,0.038541,0.188757,0.100000,0.020000,1,0.016205
20.794249,24.044695,-0.219740,-40.583580,-71.668686,-34.640770,-3015.655762,-3636.871826,-2120.452881,0.943230,0.090730,-0.319507,0.100000,0.020000,1,0.644157
20.459425,23.515928,0.691228,-82.896225,-66.259148,50.724609,-6639.735352,-5332.784668,4264.013184,0.804911,0.026629,0.592797,0.100000,0.020000,1,0.182015
20.804281,23.885366,0.287552,212.184998,-236.954346,-390.923462,13083.344727,-14891.722656,-24695.837891,0.907486,0.138273,0.396673,0.100000,0.020000,1,0.303801
20.077698,24.427820,-0.957301,-79.017380,120.603180,-70.943146,-6934.532715,10677.059570,-5798.412109,0.477415,-0.123935,-0.869894,0.100000,0.020000,1,0.698181
20.553616,23.976889,-0.670382,135.122192,94.915268,463.741760,7748.888184,6453.509766,28561.941406,0.724085,0.121527,-0.678920,0.100000,0.020000,1,0.682095
20.852388,24.192755,-0.301622,-139.056549,-101.654175,-58.249985,-8635.428711,-5421.307617,-3346.277100,0.820310,0.245828,-0.516392,0.100000,0.020000,1,0.714054
19.397882,25.145138,-0.010004,-292.927826,325.339447,47.517517,-16756.826172,16922.902344,-14199.750000,0.902903,0.398305,-0.161615,0.100000,0.020000,1,0.349159
20.664875,24.143267,0.365260,18.299007,7.563183,-31.800217,1033.008789,1464.038574,-2736.583496,0.659074,0.171939,0.732160,0.100000,0.020000,1,0.544259
20.665237,24.100233,0.436143,18.025393,114.039337,44.147461,697.198975,7677.625000,2783.022217,0.754111,0.282782,0.592749,0.100000,0.020000,1,0.629957
20.910772,24.130882,0.058673,-294.360352,93.664337,347.301361,-18429.906250,6087.261719,21591.845703,0.883598,0.429406,0.186720,0.100000,0.020000,1,0.672041
20.761969,24.243956,0.370200,22.702991,-15.314742,55.448196,969.925964,-470.690430,4926.630859,0.877772,0.477484,0.039061,0.100000,0.020000,1,0.977289
20.390512,23.794460,-0.701750,-13.089516,-7.612129,-17.714710,-1574.348755,-590.742065,-1388.104492,0.500957,0.046328,-0.864231,0.100000,0.020000,1,0.157227
20.624939,24.445589,-0.277442,-70.357536,17.916428,1.418234,-5242.396973,2387.042480,-53.775135,0.801481,0.498852,-0.329810,0.100000,0.020000,1,0.817885
20.576170,24.328663,0.154318,-245.749512,-329.378052,170.792435,-16410.203125,-20050.373047,10206.611328,0.766909,0.505319,0.395603,0.100000,0.020000,1,0.751743
20.742765,24.195320,-0.659778,-660.903381,-224.001144,329.462341,-41512.621094,-13594.183594,20077.876953,0.645170,0.381701,-0.661861,0.100000,0.020000,1,0.758968
20.463877,23.912373,0.718220,-401.324280,-511.805908,-355.241669,-25437.542969,-31549.716797,-22232.318359,0.401835,-0.079463,0.912258,0.100000,0.020000,1,0.010618
20.603252,24.344746,0.586365,-102.260818,-155.954285,-41.165070,-6601.463867,-8656.759766,-2402.398926,0.571642,0.371203,0.731733,0.100000,0.020000,1,0.992200
20.775002,24.469910,-0.523161,69.403816,14.494026,-30.101238,4678.221680,2053.596191,-2487.165527,0.646837,0.558753,-0.519034,0.100000,0.020000,1,0.444538
20.327579,24.603619,0.479516,27.288015,21.781967,80.857178,59.693783,2588.309082,6444.706543,0.665544,0.714669,0.215171,0.100000,0.020000,1,0.987040
20.292334,24.547199,0.420216,235.717712,-278.049683,26.368408,13317.819336,-16091.256836,1636.873291,0.596265,0.556174,0.578911,0.100000,0.020000,1,0.360441
20.595348,24.378716,-0.096766,-1013.950195,696.570251,266.143524,-64531.492188,44122.324219,16377.686523,0.658752,0.752340,0.005555,0.100000,0.020000,1,0.006970
20.585848,23.862024,-0.508924,-243.296112,86.319748,-216.619659,-15281.686523,5019.967285,-13208.865234,0.486187,0.237325,-0.841011,0.100000,0.020000,1,0.630153
19.942411,24.453072,0.197730,-100.807480,2.614334,58.527138,-9557.186523,629.241089,5039.524414,0.638164,0.751250,-0.168438,0.100000,0.020000,1,0.616967
18.628345,24.496557,-0.160163,-244.092834,251.888611,-102.932083,-25291.572266,15931.957031,-8349.437500,0.527142,0.758435,0.383271,0.100000,0.020000,1,0.050086
19.519951,27.121523,0.478280,-282.510193,762.800781,200.271729,-3538.654297,29090.816406,10634.981445,0.530756,0.784774,-0.320043,0.100000,0.020000,1,0.265827
20.470188,23.895727,0.711452,14.054050,-7.253695,15.727612,769.477112,-129.958694,1153.193726,0.406587,0.035381,0.912927,0.100000,0.020000,1,0.749430
20.527184,24.394070,0.481456,-243.548126,-169.298523,67.068665,-15391.166016,-9964.633789,4075.930908,0.415649,0.575667,0.704162,0.100000,0.020000,1,0.035762
20.262196,24.484230,-0.951216,-28.068878,82.280838,-233.039017,-4351.505859,7820.279297,368.594727,0.407018,0.603144,-0.685968,0.100000,0.020000,1,0.085070
20.175976,24.594845,-0.044059,175.375122,0.128285,-126.849030,9745.915039,455.788635,-7699.595703,0.340964,0.926451,-0.159475,0.100000,0.020000,1,0.829558
18.583126,23.935137,-1.186436,-201.533783,216.636032,-283.889771,-17108.919922,-16134.265625,-15170.778320,0.341292,0.939829,0.015552,0.100000,0.020000,1,0.349729
20.559128,23.800722,-0.576757,60.663086,-85.291000,6.410624,4121.218262,-6536.079102,604.605896,0.371956,0.379315,-0.847212,0.100000,0.020000,1,0.803881
20.247593,24.563143,-0.396755,-186.771942,-14.207436,591.830750,-12791.275391,-99.329399,37343.511719,0.343820,0.772528,-0.533843,0.100000,0.020000,1,0.019871
20.450949,24.473530,0.495480,-1.689457,-120.153748,-242.765991,-233.762360,-7171.551758,-14901.485352,0.335600,0.775292,0.535066,0.100000,0.020000,1,0.160324
20.234699,24.674480,-0.201292,25.094185,-214.087341,-68.961700,740.891541,-12668.642578,-4142.563477,0.267384,0.901119,-0.341306,0.100000,0.020000,1,0.420124
19.956661,24.249006,0.370735,134.605057,-32.576088,46.071678,6494.555664,-3106.282715,3767.737549,0.263955,0.938204,0.223835,0.100000,0.020000,1,0.127457
20.227684,24.633738,0.189594,-2.733208,-584.882202,641.917053,-875.088135,-36226.210938,40083.441406,0.213711,0.892009,0.398305,0.100000,0.020000,1,0.246022
19.810671,24.520611,-0.344724,179.011200,179.301453,325.178040,8864.350586,12060.644531,21093.884766,0.221330,0.725130,-0.652073,0.100000,0.020000,1,0.546892
20.125944,24.544733,0.542017,141.566315,-162.793518,-89.623932,8222.955078,-9776.696289,-5106.565918,0.085399,0.826455,0.556487,0.100000,0.020000,1,0.486426
20.165869,24.315386,0.510036,-152.290985,-160.702896,184.037659,-10282.704102,-10135.906250,11528.416016,0.134571,0.680348,0.720429,0.100000,0.020000,1,0.794005
20.143723,24.619747,0.120703,18.667212,-180.531906,108.847443,787.253113,-11084.283203,6775.221191,-0.003773,0.980864,0.194656,0.100000,0.020000,1,0.885700
18.599401,25.164812,-0.857563,-330.362976,124.964050,-176.769897,-27678.402344,10444.660156,-14322.343750,-0.010489,0.990644,-0.136067,0.100000,0.020000,1,0.989407
20.004011,23.784437,0.738383,111.131500,-37.434937,-84.730911,5097.253418,-3118.123047,-5065.212402,0.346550,0.228962,0.909659,0.100000,0.020000,1,0.056101
20.179361,24.484133,-0.543836,229.980835,145.287750,531.592224,14166.576172,9323.696289,32885.070312,0.039052,0.853046,-0.520371,0.100000,0.020000,1,0.539988
20.010490,23.689137,-0.091538,-55.592331,-147.116943,-192.212128,-4694.057129,-4751.994629,-11162.179688,0.271918,0.372129,0.887457,0.100000,0.020000,1,0.673073
20.116310,24.419689,-0.623690,-9.679173,23.686798,-3.074729,-1624.932129,2423.219238,-251.086334,0.188198,0.529040,-0.827465,0.100000,0.020000,1,0.714499
19.986530,24.492889,0.056786,57.928345,77.347481,44.560127,2767.504395,4597.488281,3047.760254,-0.055722,0.998446,0.000719,0.100000,0.020000,1,0.623088
19.776901,24.795303,-0.315069,-16.585609,37.672813,-14.549812,-2603.571777,3509.135254,-1302.918457,-0.118848,0.945695,-0.302549,0.100000,0.020000,1,0.062080
20.439363,24.632607,-1.076581,105.053513,35.773209,-135.274994,7613.511230,3324.210693,-11019.258789,-0.033115,0.754801,-0.655118,0.100000,0.020000,1,0.548814
19.988119,24.599920,0.199655,-293.368073,-50.783775,274.055664,-19083.607422,-2830.145996,17053.058594,-0.151959,0.924150,0.350507,0.100000,0.020000,1,0.558245
20.474728,24.378738,0.525787,46.758820,83.855026,-57.344021,8012.835449,-1694.926636,1495.769775,0.163318,0.454594,0.875598,0.100000,0.020000,1,0.267838
20.050518,24.306988,-0.565439,8.803704,0.433365,3.140182,-320.054352,275.240143,324.249084,0.052376,0.587035,-0.807866,0.100000,0.020000,1,0.317592
21.141663,25.854687,-0.931105,349.507263,347.091919,-179.512268,26515.333984,27762.234375,-13709.420898,-0.210592,0.845355,-0.490944,0.100000,0.020000,1,0.569669
19.390854,24.258869,0.062087,167.199036,-65.558884,39.538193,8147.141113,-5205.658203,2217.502197,-0.360863,0.916147,0.174504,0.100000,0.020000,1,0.929261
20.360050,25.042778,2.395684,184.397278,152.722931,764.941650,4080.054932,9000.162109,30288.503906,-0.368906,0.921539,-0.121139,0.100000,0.020000,1,0.628587
19.671690,24.475639,-0.073276,26.464539,23.125761,331.727417,470.970398,1262.346680,20480.554688,-0.372265,0.926813,0.049373,0.100000,0.020000,1,0.982503
19.931065,24.389151,0.675161,88.144562,-63.617409,-198.204590,4714.266113,-3727.854736,-11938.242188,-0.121134,0.672697,0.729936,0.100000,0.020000,1,0.651880
19.652561,24.384745,0.462962,181.868866,-167.209274,-195.275330,9856.542969,-10700.791016,-12080.157227,-0.253934,0.796874,0.548187,0.100000,0.020000,1,0.175271
18.757124,24.248058,0.445458,-132.190918,105.539597,187.147217,-13361.567383,5689.212891,14672.721680,-0.369829,0.870765,-0.324029,0.100000,0.020000,1,0.518350
22.795839,25.849356,1.740068,756.782837,393.396881,532.251709,30534.099609,21889.611328,27755.568359,-0.447688,0.806524,0.386128,0.100000,0.020000,1,0.560167
20.051071,25.185766,0.889431,107.091248,187.122223,294.434875,7174.492188,2485.908936,7815.422852,-0.303390,0.660229,0.687061,0.100000,0.020000,1,0.000190
23.849928,21.889423,-0.704653,1241.595337,-729.092712,-29.827194,40030.890625,-19843.828125,-6861.119141,-0.330859,0.656971,-0.677437,0.100000,0.020000,1,0.041171
21.516891,24.722023,0.329438,413.315430,124.693481,-78.553711,25564.298828,6778.818359,-9738.682617,-0.028782,0.489102,0.871751,0.100000,0.020000,1,0.449894
19.576099,24.605911,-0.765127,-4.654366,42.486732,-91.191498,-1455.084229,3632.911865,-7493.113281,-0.498977,0.725492,-0.474007,0.100000,0.020000,1,0.006507
19.892591,24.012051,-0.803386,4.614849,-61.701736,-61.813950,-433.457184,-4869.032715,-4801.260254,-0.205466,0.566913,-0.797743,0.100000,0.020000,1,0.338945
19.938551,24.429821,-0.029281,47.736099,-41.802193,379.100281,3778.768555,-2598.699219,23700.751953,-0.633810,0.772724,0.034398,0.100000,0.020000,1,0.890345
21.048609,22.511690,0.909508,503.824158,-203.500031,154.342926,8674.869141,-22602.275391,4272.493652,-0.490865,0.684248,0.539311,0.100000,0.020000,1,0.498598
19.623039,24.595570,0.240548,19.224686,37.138023,18.137856,671.494751,3153.971680,1561.144775,-0.635670,0.747916,0.191165,0.100000,0.020000,1,0.693057
19.488941,24.458652,-0.120545,113.121338,-87.801163,37.003227,6178.721680,-5225.208008,2279.751709,-0.678823,0.719772,-0.145357,0.100000,0.020000,1,0.350743
19.294313,24.366396,-0.252058,-45.553665,-1.474021,5.153906,-4686.068848,-7.216138,284.868134,-0.664229,0.671355,-0.328760,0.100000,0.020000,1,0.982947
19.662287,25.522396,-0.842830,2.735096,298.773193,-92.150772,-546.959961,24122.951172,-7366.177734,-0.514879,0.570063,-0.640257,0.100000,0.020000,1,0.924030
19.335381,24.065382,0.011902,505.427185,-559.255249,-107.521240,30402.103516,-36319.347656,-7799.564453,-0.705029,0.619682,0.344858,0.100000,0.020000,1,0.465233
19.565304,24.179003,0.047438,6.013910,-18.102142,122.255234,877.689575,1231.268677,3835.529297,-0.703665,0.540041,-0.461747,0.100000,0.020000,1,0.448897
19.763058,24.087658,-0.697843,-57.653503,-19.634968,104.936691,-4453.757812,-1639.188354,6202.772949,-0.343743,0.475240,-0.809931,0.100000,0.020000,1,0.518225
19.703478,24.277210,0.595474,-58.347244,-217.552185,-120.569901,-4152.777832,-13453.278320,-7222.255371,-0.535039,0.499028,0.681692,0.100000,0.020000,1,0.614387
19.799517,23.998224,0.258623,189.106995,-12.221245,7.509765,12353.281250,-1635.260010,-114.162773,-0.688960,0.481548,0.541707,0.100000,0.020000,1,0.877444
21.520481,23.418163,-0.320504,627.249878,-249.834885,-93.331360,36739.796875,-12686.546875,-12202.763672,-0.868862,0.494207,0.028957,0.100000,0.020000,1,0.485110
19.437265,24.453407,-0.346081,-475.363770,-55.822418,-186.937744,-28623.880859,-8834.367188,-11041.248047,-0.866807,0.473550,-0.156197,0.100000,0.020000,1,0.654638
18.617279,23.915419,-0.452601,-91.374870,85.626740,-133.166489,-8627.166016,-1956.207397,-6344.186523,-0.882709,0.430783,0.187750,0.100000,0.020000,1,0.850129
20.156391,23.986256,0.850028,67.718811,-43.315437,40.485497,4694.867676,-3364.596436,3390.709473,-0.209684,0.422296,0.881872,0.100000,0.020000,1,0.374392
19.426235,24.082350,0.120325,57.289337,-48.954315,-37.419624,2976.604980,-3349.699951,-2991.346436,-0.843983,0.390692,0.367495,0.100000,0.020000,1,0.921503
19.014425,24.101973,-0.586502,-109.989471,1.683382,-107.270157,-3142.496826,935.228027,-3766.754639,-0.872471,0.386565,-0.298936,0.100000,0.020000,1,0.303498
20.314459,23.431189,1.097068,171.404175,-65.501480,101.775116,12285.148438,-6981.181152,8348.367188,-0.330053,0.381389,0.863486,0.100000,0.020000,1,0.683839
19.475420,24.069258,-0.589530,71.929939,-34.195038,73.830460,3646.576416,-2160.201660,4221.057617,-0.691209,0.300778,-0.657087,0.100000,0.020000,1,0.208493
19.654757,23.625196,-0.927522,-12.217185,-21.725616,-133.493286,-460.457489,-3168.794434,-10827.517578,-0.834730,0.272219,-0.478667,0.100000,0.020000,1,0.799984
19.404390,24.046864,0.543241,-35.573975,20.866718,18.010860,-3567.727295,1334.393799,1207.205566,-0.646943,0.267671,0.714015,0.100000,0.020000,1,0.918282
19.502911,24.023636,0.198530,-63.273918,102.021805,72.448555,-4303.996582,6491.090332,3841.589111,-0.835290,0.213444,0.506687,0.100000,0.020000,1,0.574616
19.230009,23.605949,-0.398787,241.525024,-126.023453,45.971603,14241.294922,-9550.457031,1657.606079,-0.975357,0.172875,-0.137086,0.100000,0.020000,1,0.152547
18.626415,24.641413,0.858203,-225.954834,121.644775,145.169205,-15219.401367,11665.245117,8773.068359,-0.984812,0.168737,0.040910,0.100000,0.020000,1,0.223921
19.932781,23.918394,-0.662186,-172.536865,37.486389,-25.473160,-10477.658203,1771.089478,-1870.203979,-0.498047,0.301518,-0.813041,0.100000,0.020000,1,0.691953
19.454115,23.930521,0.086819,-77.693085,7.261160,53.832237,-4987.894531,344.988251,3098.412109,-0.967506,0.133104,0.214978,0.100000,0.020000,1,0.300847
19.355696,23.749075,-0.418272,-42.392288,19.178305,118.537399,-3225.457275,612.163696,6735.887695,-0.944491,0.047299,-0.325114,0.100000,0.020000,1,0.629601
19.270853,24.000238,0.221470,251.586060,-450.203156,-24.499912,14932.207031,-27906.251953,-1755.431763,-0.929276,0.029216,0.368230,0.100000,0.020000,1,0.134094
19.676363,24.024307,0.681362,245.025696,9.545347,22.681633,14758.427734,658.679443,1672.612305,-0.478049,0.236147,0.845993,0.100000,0.020000,1,0.419875
19.336445,23.500208,0.677144,40.806114,20.809290,309.614868,-4899.047852,4260.613281,12798.529297,-0.770557,0.073305,-0.633142,0.100000,0.020000,1,0.570683
19.187218,25.313801,1.410679,-107.623505,369.098328,306.149231,-3459.585205,9778.080078,9724.708984,-0.735610,0.077803,0.672922,0.100000,0.020000,1,0.657094
19.562759,23.605070,-0.967639,1.417533,-7.320202,-115.563354,234.717804,-1467.570679,-9911.218750,-0.886210,-0.011103,-0.463150,0.100000,0.020000,1,0.804682
19.486166,23.634075,-0.044593,4.458016,7.341903,-14.171150,464.313354,-146.723282,-1106.959717,-0.994354,-0.105777,0.008477,0.100000,0.020000,1,0.655207
19.508278,23.800571,0.419805,-78.413193,-23.076027,-26.668335,-5092.864258,-1460.903687,-1471.171997,-0.862992,-0.068449,0.500560,0.100000,0.020000,1,0.194364
18.496101,25.210688,-2.026896,-256.198181,501.175964,-561.786865,-3438.660645,12143.351562,-24623.931641,-0.974957,-0.172160,-0.140783,0.100000,0.020000,1,0.581057
19.029541,23.740137,1.035955,-207.484772,-25.802692,467.044922,-8716.762695,-244.101807,12255.931641,-0.574751,0.099306,-0.812281,0.100000,0.020000,1,0.322806
19.417486,23.632565,-0.280998,-79.281822,100.059578,-161.919281,-5748.779297,3964.771484,-8206.873047,-0.958739,-0.213865,0.187301,0.100000,0.020000,1,0.491231
19.574339,23.659140,0.318810,-48.921448,-5.531055,-21.572395,-2804.498779,-475.722870,-1178.306885,-0.901224,-0.220747,0.372917,0.100000,0.020000,1,0.149896
19.744768,23.973764,-0.771206,33.472694,-169.538956,-42.386993,3195.230957,-9431.130859,-5034.485840,-0.927117,-0.248674,-0.280383,0.100000,0.020000,1,0.396172
19.697004,23.773907,-0.365228,-143.209869,62.273300,-86.112549,-8726.006836,4099.568848,-4983.905762,-0.751492,-0.152113,-0.641966,0.100000,0.020000,1,0.478526
19.535467,23.733496,-0.485801,-38.699501,-328.190125,386.744965,-2489.427979,-20330.132812,23790.228516,-0.843671,-0.281333,-0.457242,0.100000,0.020000,1,0.294263
19.653051,23.936390,0.748236,-2.297735,4.605182,13.842197,-848.711731,446.207947,1346.613892,-0.500654,0.085512,0.861414,0.100000,0.020000,1,0.574171
19.662682,23.473148,0.308178,-5.477071,17.125977,187.841339,-341.421326,103.941734,11007.500000,-0.696434,-0.183977,0.693637,0.100000,0.020000,1,0.836374
19.861212,23.228823,0.556369,143.351074,-80.827011,64.560669,10526.504883,-6249.478027,6391.120605,-0.883729,-0.467990,0.002931,0.100000,0.020000,1,0.718200
19.680910,23.784229,-0.455215,-25.903255,38.848190,-20.060688,-1801.901855,780.964600,852.330627,-0.579437,-0.058811,-0.812892,0.100000,0.020000,1,0.917570
20.106577,25.151861,0.481267,150.957626,532.633423,138.214828,5271.804688,16670.986328,4083.119141,-0.861179,-0.473655,0.184449,0.100000,0.020000,1,0.914189
19.475895,23.466925,-0.231845,194.329132,-117.614563,160.305786,12050.450195,-7449.972168,9504.741211,-0.854494,-0.506521,-0.115221,0.100000,0.020000,1,0.203582
19.489286,23.480829,0.703581,320.555573,-182.317490,99.012375,19727.964844,-11855.314453,7528.815430,-0.752292,-0.378618,0.539171,0.100000,0.020000,1,0.960936
19.658316,23.752886,0.638039,11.125154,-2.153852,-10.231213,277.778473,-183.864166,-490.702393,-0.570793,-0.099119,0.815089,0.100000,0.020000,1,0.786763
20.928915,23.703297,0.094497,461.186523,21.830345,36.412048,10345.054688,1411.477539,-5239.503906,-0.792666,-0.532689,-0.296519,0.100000,0.020000,1,0.409198
19.746010,23.333576,0.127027,124.113983,-119.213989,125.768661,8490.994141,-8005.489746,7398.631836,-0.770828,-0.533876,0.347564,0.100000,0.020000,1,0.866500
20.154589,23.402308,0.108594,183.250671,-27.785080,103.172150,12383.925781,-4886.685059,15368.159180,-0.678439,-0.384377,-0.626079,0.100000,0.020000,1,0.217337
20.154860,23.477528,-0.070139,161.564026,18.593637,100.725388,12366.239258,1329.651245,7466.653320,-0.707350,-0.540932,-0.455025,0.100000,0.020000,1,0.481871
20.058989,23.083046,0.531561,-99.415924,62.951435,-243.099411,-6150.246094,181.682953,-14987.454102,-0.663837,-0.547135,0.509866,0.100000,0.020000,1,0.115232
18.761932,23.894934,0.178812,-215.125259,70.583893,243.452728,-10444.259766,4268.446289,5883.591309,-0.556481,-0.266252,-0.787044,0.100000,0.020000,1,0.046883
19.893007,23.178875,0.317705,-292.946198,169.444595,66.499496,-17852.753906,9127.844727,3451.326416,-0.605683,-0.422505,0.674268,0.100000,0.020000,1,0.744216
18.601156,23.924726,0.038104,-101.434341,58.735806,236.821793,-10782.202148,6181.111816,15542.667969,-0.693969,-0.706604,-0.138267,0.100000,0.020000,1,0.091992
19.546480,23.378946,0.254504,568.304138,-325.706573,-356.815948,34967.617188,-21317.265625,-21572.167969,-0.682902,-0.730359,0.014854,0.100000,0.020000,1,0.457012
18.602955,23.923689,0.304044,-176.711029,102.049706,228.246872,-17982.837891,10374.814453,-5597.050781,-0.630091,-0.721889,-0.286113,0.100000,0.020000,1,0.253193
19.788170,23.413792,0.128331,-57.317436,-71.398331,18.618553,-3164.795166,-3966.398193,1079.407715,-0.635691,-0.744180,0.205165,0.100000,0.020000,1,0.270828
19.693146,23.502460,0.330558,100.533737,-283.651245,-84.592636,6202.401855,-16979.017578,-5018.381348,-0.571944,-0.744621,0.344122,0.100000,0.020000,1,0.658055
19.819979,23.397882,0.588286,-16.869448,2.945076,-205.710236,-911.929626,129.214905,-12523.500977,-0.508878,-0.566362,0.648288,0.100000,0.020000,1,0.596539
19.804749,23.443993,-0.561812,-32.508423,-11.273684,115.014053,-1953.992920,-537.840576,6870.945312,-0.510872,-0.578556,-0.635832,0.100000,0.020000,1,0.928389
19.693138,23.774601,0.218705,-49.927620,21.428383,-92.242584,-2275.320312,142.002441,-1834.802979,-0.457697,-0.269217,0.847370,0.100000,0.020000,1,0.184737
20.034286,23.312807,-0.387600,7.203695,18.112255,-16.226957,1027.732788,1529.928589,-780.292908,-0.464452,-0.756540,-0.460359,0.100000,0.020000,1,0.353626
21.633995,22.173717,4.528890,396.052185,-220.358185,1051.767700,6495.215820,-8262.581055,27887.617188,-0.445450,-0.736396,0.509210,0.100000,0.020000,1,0.433007
20.239874,23.232601,-0.203739,99.051147,-1.408838,-98.840149,7407.312500,196.072510,-10597.006836,-0.423714,-0.887500,0.181133,0.100000,0.020000,1,0.159238
20.683792,22.722319,-1.949255,273.410553,-109.717918,-586.927429,4307.915039,-12239.355469,-19901.812500,-0.421753,-0.897788,-0.126888,0.100000,0.020000,1,0.299032
19.716221,23.492287,-0.564222,-10.207075,-11.760105,-74.753510,-1206.266113,-824.554443,-4622.162109,-0.428107,-0.426842,-0.796574,0.100000,0.020000,1,0.528137
22.178377,21.859421,1.957958,666.853027,-384.026886,526.999512,30274.234375,-17725.654297,17384.017578,-0.400435,-0.915924,0.027121,0.100000,0.020000,1,0.362078
20.032969,23.528248,-0.171562,106.669037,16.424042,-69.966782,7359.242676,2538.698975,-4164.619629,-0.355194,-0.880330,-0.314414,0.100000,0.020000,1,0.917357
19.812216,23.455303,0.708200,-34.991486,23.352379,-61.747147,-2477.922363,1139.795288,-3494.538574,-0.395635,-0.393588,0.829796,0.100000,0.020000,1,0.092579
20.051743,23.273262,0.185154,21.260868,12.385250,-17.471603,1923.982422,1202.594360,-1473.736206,-0.316478,-0.872815,0.371533,0.100000,0.020000,1,0.072685
19.446701,23.984505,-0.080601,-60.914169,152.965897,79.418442,-5733.718750,12008.948242,7018.088867,-0.356437,-0.543253,-0.760150,0.100000,0.020000,1,0.003838
19.794928,23.293299,-0.717634,140.739258,-79.601608,347.822266,8368.431641,-4941.449219,20789.394531,-0.317634,-0.738195,-0.595127,0.100000,0.020000,1,0.570345
19.934338,23.155016,-0.901674,-78.268578,55.604813,-212.235016,-4314.707520,-261.636475,-7238.484375,-0.258005,-0.846750,-0.465240,0.100000,0.020000,1,0.516250
20.561008,22.979090,0.328152,113.303680,-46.266869,69.013672,9433.363281,-3348.351807,5692.845703,-0.172179,-0.985001,0.011255,0.100000,0.020000,1,0.405639
20.771748,23.644238,1.197237,-2.392654,-122.353241,404.997284,-7169.098633,-9893.771484,17436.242188,-0.229822,-0.703895,0.672097,0.100000,0.020000,1,0.083344
19.861656,25.922998,0.005586,55.929001,776.939758,-23.811646,-729.837585,25043.230469,-6684.549805,-0.176169,-0.832693,0.524964,0.100000,0.020000,1,0.759110
20.100662,23.231958,0.141345,-157.367249,-197.864166,249.615356,-9731.013672,-11879.416016,15789.108398,-0.123034,-0.975767,0.180944,0.100000,0.020000,1,0.211127
20.993357,24.473400,0.277780,285.359558,359.690491,126.759750,12316.700195,17337.423828,2543.448730,-0.099442,-0.982153,-0.159644,0.100000,0.020000,1,0.433897
20.763239,22.699070,-0.551903,195.394501,-111.038239,-117.076599,15118.872070,-8701.960938,-8733.776367,-0.065569,-0.947677,-0.312424,0.100000,0.020000,1,0.370851
20.045918,23.174276,0.386640,84.542358,-151.679962,-307.942871,5114.687988,-9287.703125,-18806.410156,-0.062686,-0.945487,0.319569,0.100000,0.020000,1,0.124574
19.654341,23.316673,0.515015,511.342560,-285.414886,-233.731216,28915.736328,-23078.425781,-15378.577148,-0.245525,-0.497044,0.832265,0.100000,0.020000,1,0.565505
20.155457,23.189604,0.145372,157.791351,-44.540306,-539.700684,10089.909180,-3448.565918,-35509.179688,-0.074297,-0.796791,-0.599670,0.100000,0.020000,1,0.436548
20.543657,22.924122,0.026167,83.619904,-35.388550,70.745117,7353.238770,-3962.985596,6892.235352,-0.151826,-0.641232,-0.752177,0.100000,0.020000,1,0.149807
20.327286,23.170248,-0.636102,-250.032745,-36.703171,530.756653,-15050.786133,-2180.215820,32195.822266,0.005402,-0.898507,-0.438926,0.100000,0.020000,1,0.540379
20.307259,23.963165,0.313206,-18.631140,283.621460,-49.508675,-460.336304,20896.353516,-3835.632080,-0.025682,-0.754778,0.655477,0.100000,0.020000,1,0.719748
20.074724,23.230005,-0.103163,36.010281,-74.347290,51.678230,1532.035889,-3993.735107,2790.132568,0.144597,-0.989402,0.013218,0.100000,0.020000,1,0.291273
21.453798,24.115505,1.941294,419.998413,223.353973,407.599792,31701.839844,18095.716797,32315.404297,0.082422,-0.864958,0.495029,0.100000,0.020000,1,0.251467
21.002764,23.027281,0.384573,178.506500,-47.498177,81.506485,14343.468750,-3192.857666,6253.805664,0.163117,-0.973273,0.161657,0.100000,0.020000,1,0.792012
20.269651,23.304716,0.132683,-87.041107,52.181870,209.905975,-5576.205566,4263.316406,14195.608398,0.193284,-0.972870,-0.127140,0.100000,0.020000,1,0.879063
20.243286,23.304113,0.238868,81.707962,-105.230057,19.888687,4845.999023,-5874.315918,1161.061157,0.227069,-0.907021,0.354615,0.100000,0.020000,1,0.594724
20.494389,22.876637,0.166809,153.291946,-74.876633,52.654083,610.473633,-52.181641,5916.242188,0.245002,-0.927047,-0.283827,0.100000,0.020000,1,0.957288
20.002520,23.445423,0.806613,-6.519049,-2.186971,29.891586,-803.522461,83.632507,2730.083496,-0.091085,-0.564539,0.820365,0.100000,0.020000,1,0.899936
20.151186,23.420935,-0.637807,13.176565,12.082340,24.926453,704.337891,1218.796631,1209.114990,0.029393,-0.664304,-0.746885,0.100000,0.020000,1,0.509221
20.404329,23.337402,-0.636437,-238.740540,-213.817657,357.958130,-14459.608398,-13050.091797,21870.642578,0.138466,-0.765563,-0.628283,0.100000,0.020000,1,0.039641
21.185287,22.564747,0.311808,292.773407,-158.158966,0.880215,22255.357422,-12863.794922,-674.793823,0.167664,-0.732326,0.659990,0.100000,0.020000,1,0.131603
20.613609,23.295683,-0.492650,-303.372803,-306.737244,608.998230,-18195.365234,-18875.179688,37845.824219,0.311795,-0.822762,-0.475234,0.100000,0.020000,1,0.013305
20.276266,23.554043,0.625153,14.774298,57.921906,78.774872,64.313141,5470.490723,7474.924805,0.448142,-0.893251,0.035665,0.100000,0.020000,1,0.581289
19.887831,23.181866,0.080910,-191.052521,113.193802,-104.550140,-15126.318359,5914.345215,-7839.431641,0.353088,-0.797731,0.488829,0.100000,0.020000,1,0.945863
20.694807,23.412804,-0.017470,-45.319855,173.075073,-51.551727,-2087.762207,12030.876953,-3951.867432,0.480040,-0.853478,0.202822,0.100000,0.020000,1,0.386777
20.462511,23.239355,0.022884,147.433273,-114.160316,-1031.308838,9083.740234,-6800.967285,-64552.984375,0.488316,-0.860447,-0.145530,0.100000,0.020000,1,0.094430
20.180685,25.204645,0.700186,-56.081005,392.679626,428.121002,34.926514,12124.151367,16174.477539,0.520666,-0.796371,-0.307733,0.100000,0.020000,1,0.283390
21.107958,24.704205,0.203024,200.446564,279.021118,-21.242214,15001.773438,23875.158203,-1592.725464,0.522774,-0.774052,0.357142,0.100000,0.020000,1,0.510894
20.218864,23.593420,-0.415971,-57.847595,-321.827942,-24.346695,-4202.975098,-19250.146484,-969.652832,0.252028,-0.613623,-0.748297,0.100000,0.020000,1,0.103986
20.175766,23.536627,-0.401653,-38.480499,8.033092,9.081068,-3629.983398,1559.189575,790.415283,0.406075,-0.675654,-0.615301,0.100000,0.020000,1,0.216145
20.576653,23.646399,-0.446548,1.787886,99.262421,130.879562,204.086533,7971.552734,7717.997559,0.532001,-0.729802,-0.429377,0.100000,0.020000,1,0.513990
20.206469,23.581600,0.703701,-1.214916,-277.639221,-145.812225,-263.615753,-16750.775391,-8820.462891,0.114507,-0.545762,0.830080,0.100000,0.020000,1,0.045904
21.433554,24.145979,0.735382,404.724548,126.950958,114.397644,28773.376953,11860.539062,10218.970703,0.674814,-0.737586,0.024347,0.100000,0.020000,1,0.785553
20.270657,23.561947,0.548872,-70.856850,-139.486740,72.987175,-4787.360352,-8108.196289,4151.627930,0.402638,-0.622886,0.670743,0.100000,0.020000,1,0.488241
20.374388,22.913380,0.241449,-142.746872,86.180901,152.202560,-9851.988281,3853.030518,9036.437500,0.555130,-0.654929,0.512737,0.100000,0.020000,1,0.964441
20.612217,23.313450,0.090697,7.804673,59.402153,-110.223251,187.275299,3992.262939,-6136.777832,0.704000,-0.695587,-0.143327,0.100000,0.020000,1,0.381670
20.736872,23.355043,0.006342,-373.097504,63.031555,790.181152,-23363.283203,4333.361816,49308.863281,0.711834,-0.675324,0.192952,0.100000,0.020000,1,0.721207
20.466362,23.326065,0.447633,102.994110,-23.403374,-38.564445,6933.814453,-1776.151978,-3038.474121,0.262816,-0.534459,0.803294,0.100000,0.020000,1,0.984282
18.908751,23.747139,-1.481119,-360.665558,247.020432,-352.393463,-31978.304688,11036.986328,-2305.644531,0.719189,-0.627958,-0.297380,0.100000,0.020000,1,0.459894
20.680174,23.521246,0.198407,-4.292369,-27.651823,22.450592,-427.070007,-958.388733,1250.270020,0.740141,-0.589653,0.323266,0.100000,0.020000,1,0.645758
20.438890,23.045874,-0.169880,38.047905,2.535988,-171.780243,1799.917480,-1226.893188,-13491.855469,0.557175,-0.541709,0.629371,0.100000,0.020000,1,0.966719
20.614750,23.734871,-0.464636,-131.060883,-684.893188,29.433144,-8176.466797,-41727.968750,1814.685303,0.569179,-0.544341,-0.616220,0.100000,0.020000,1,0.675191
20.755346,23.456068,-0.351637,-77.454681,40.862076,11.727720,-4668.750488,2943.300293,616.313232,0.717208,-0.543031,-0.436727,0.100000,0.020000,1,0.948052
19.997602,23.210455,-0.604333,602.653015,-320.073547,188.806396,36095.738281,-21070.962891,11771.039062,0.394051,-0.498519,-0.772141,0.100000,0.020000,1,0.873333
20.654810,23.958767,-0.143379,29.687195,110.894226,-54.123688,1678.038940,9335.662109,-5522.239258,0.713242,-0.502107,0.489054,0.100000,0.020000,1,0.883387
20.444920,23.679041,2.497651,131.420425,60.093597,493.827271,8108.592285,4785.088867,39219.636719,0.427609,-0.464825,0.775299,0.100000,0.020000,1,0.440552
20.095686,23.302399,-1.059089,-83.438766,91.547012,-213.058655,-8265.373047,5191.914551,-17032.871094,0.857882,-0.435261,-0.273105,0.100000,0.020000,1,0.514559
22.196480,23.088867,0.998132,429.328796,24.187668,253.463135,25965.566406,-7482.417969,18548.603516,0.880297,-0.433138,0.193567,0.100000,0.020000,1,0.606842
20.988049,23.290199,-0.022642,53.785767,-28.816750,5.431326,4011.940430,-2453.789062,592.562988,0.894065,-0.433768,-0.111770,0.100000,0.020000,1,0.159345
20.268494,23.439339,0.091811,102.513428,-48.583549,-216.406860,4062.614258,-3071.032471,-13323.655273,0.899966,-0.435686,0.015439,0.100000,0.020000,1,0.219615
20.400612,23.560846,-0.512201,397.979004,-132.187454,41.196327,23874.175781,-7977.194824,2260.680664,0.703193,-0.404824,-0.584498,0.100000,0.020000,1,0.292163
20.801517,23.980562,0.190923,-58.775467,-392.022827,64.195877,-3802.471924,-22708.300781,3814.898438,0.867336,-0.367236,0.335954,0.100000,0.020000,1,0.711527
20.596018,23.663012,0.554694,51.495052,72.436302,-80.669594,2833.737305,5091.757324,-4766.544434,0.693267,-0.317913,0.646771,0.100000,0.020000,1,0.422989
20.632339,23.631214,-0.547911,76.343491,-61.186844,-38.992836,4983.059082,-3438.345703,-2415.725342,0.557500,-0.338659,-0.757960,0.100000,0.020000,1,0.747864
20.672834,23.854723,-0.303695,-58.450287,-34.171543,48.484604,-4303.364258,-996.078125,3181.161621,0.854869,-0.256283,-0.451131,0.100000,0.020000,1,0.398770
20.121756,24.370468,1.270761,-125.276306,122.997009,192.412292,-10779.227539,10963.022461,15917.605469,0.838068,-0.220068,0.499212,0.100000,0.020000,1,0.517015
20.960480,23.883499,-0.077148,35.444267,8.300922,-30.532936,2404.863281,1574.354248,-2374.833252,0.983884,-0.174129,0.040629,0.100000,0.020000,1,0.872675
21.207294,24.205263,-1.170814,83.535736,92.672089,-277.589172,6485.720703,8233.175781,-22078.009766,0.979238,-0.170795,-0.109184,0.100000,0.020000,1,0.878725
20.469858,23.498846,0.130223,585.769714,-262.583984,20.135548,35115.351562,-17214.837891,1297.279297,0.974580,-0.148117,0.168095,0.100000,0.020000,1,0.063112
20.568216,22.849371,0.287607,-462.480957,285.294006,385.645355,-29196.302734,15047.989258,23091.216797,0.523386,-0.303651,0.796155,0.100000,0.020000,1,0.589296
20.850328,23.884392,-0.214442,-74.851051,-239.516113,84.804886,-4916.236816,-14193.541016,5334.249023,0.949018,-0.135108,-0.284798,0.100000,0.020000,1,0.522033
18.949219,24.754051,-0.513086,-521.249084,255.202209,-230.836090,-38969.742188,18652.685547,-9952.569336,0.941311,-0.115757,0.317070,0.100000,0.020000,1,0.026526
21.121038,22.767420,1.714105,236.232635,-75.228027,315.556213,16447.310547,-8521.430664,25119.376953,0.758599,-0.137921,0.636793,0.100000,0.020000,1,0.294743
20.576441,23.780458,-0.439508,174.308624,-200.793427,-398.890625,10182.995117,-12262.832031,-25134.824219,0.782969,-0.120655,-0.610247,0.100000,0.020000,1,0.723449
21.678083,23.592958,-1.031817,301.226074,-23.259087,-107.923477,23230.496094,-1676.312134,-8847.285156,0.648696,-0.181823,-0.739008,0.100000,0.020000,1,0.641826
20.813059,23.883774,-0.181297,-177.739441,63.341286,-561.481934,-11460.959961,4512.188965,-34901.421875,0.906987,-0.007382,-0.421095,0.100000,0.020000,1,0.578050
20.749949,23.621136,-0.058012,-412.867493,-55.437607,429.754578,-26865.253906,-4319.315918,26876.121094,0.997247,0.074103,0.002558,0.100000,0.020000,1,0.414696
20.742939,23.812235,0.183631,-34.571907,79.976791,149.578400,-2599.957764,5172.610352,8679.128906,0.867814,0.019033,0.496525,0.100000,0.020000,1,0.236395
20.547495,23.923395,0.616079,30.716881,-202.195343,-90.513596,1544.021851,-11706.871094,-5536.887207,0.610330,-0.146992,0.778390,0.100000,0.020000,1,0.200717
20.427832,23.700638,0.001802,124.196182,-29.252602,-47.844719,5724.289062,-2490.618652,-2584.192139,0.982609,0.123114,-0.139007,0.100000,0.020000,1,0.376634
20.517044,23.793663,1.140648,77.420441,108.524208,234.406647,2422.530518,2567.024658,13889.414062,0.973371,0.122303,0.193883,0.100000,0.020000,1,0.945970
20.956083,24.057116,-0.383758,371.603760,-228.909256,-3.448017,24105.400391,-13467.681641,-19.134125,0.808179,0.068350,-0.584957,0.100000,0.020000,1,0.944369
20.758282,24.155355,-0.583548,2.679338,5.721802,-79.118744,-453.590790,1412.112305,-6581.387695,0.942888,0.186068,-0.276299,0.100000,0.020000,1,0.568370
21.274723,26.940022,-0.454502,199.581085,771.596436,-143.440125,14184.998047,51356.023438,-14721.175781,0.920108,0.197806,0.338044,0.100000,0.020000,1,0.310990
20.557352,23.896786,-0.669311,2.161845,-2.593113,-16.681286,-402.955109,416.018066,-1541.885254,0.661855,-0.026999,-0.749145,0.100000,0.020000,1,0.253247
20.334177,23.389627,0.808270,-15.973587,41.398918,-258.528656,-2849.312256,743.764465,-14879.685547,0.772423,0.085579,0.629316,0.100000,0.020000,1,0.346632
20.880507,24.261456,-0.368496,36.559479,15.938744,-16.604034,2128.429443,2533.699463,-723.763916,0.872013,0.243615,-0.424553,0.100000,0.020000,1,0.178367
20.758997,24.352144,-0.051266,-56.874649,-307.357605,41.072296,-4222.380371,-18046.806641,2368.039062,0.936131,0.351636,0.003323,0.100000,0.020000,1,0.502673
20.219978,23.658281,0.290726,354.225220,-590.457947,264.258026,19777.970703,-38579.386719,16469.228516,0.844325,0.270050,0.462804,0.100000,0.020000,1,0.141461
22.085970,23.440945,1.063116,619.254761,40.897156,137.866852,22810.892578,-3055.803711,3715.779785,0.637704,0.036312,0.769425,0.100000,0.020000,1,0.931201
21.188511,25.016529,0.095089,118.696167,160.254303,5.323107,8772.652344,14041.231445,212.679443,0.894345,0.414228,0.169005,0.100000,0.020000,1,0.136354
20.641619,24.304152,-0.136579,84.194397,-76.375397,32.963669,4294.006836,-3880.164551,1919.025879,0.899087,0.417146,-0.132781,0.100000,0.020000,1,0.824576
21.439688,24.305470,-0.489621,202.914886,-5.636917,-72.429916,15255.502930,551.692627,-5719.295410,0.856063,0.426709,-0.291677,0.100000,0.020000,1,0.007984
20.504915,23.839678,0.641525,-29.751160,-146.541473,77.281311,-6759.110840,-3353.174316,9248.500977,0.849459,0.427778,0.308911,0.100000,0.020000,1,0.642644
20.622866,24.238359,-0.462813,56.443855,-224.781738,184.193848,3014.020264,-13217.460938,11569.626953,0.730411,0.308609,-0.609311,0.100000,0.020000,1,0.838331
19.132277,24.054178,-1.627411,-175.715363,183.299408,-318.744019,-18095.724609,11403.683594,-25602.134766,0.794877,0.430279,-0.427820,0.100000,0.020000,1,0.340991
19.988403,23.339546,-0.761089,241.693497,-74.164291,245.229019,12322.630859,-7148.252441,14549.980469,0.652097,0.201804,-0.730784,0.100000,0.020000,1,0.825804
20.259123,24.300234,0.408086,116.208511,-151.723114,78.432388,5313.063965,-8372.693359,4734.305664,0.715020,0.315696,0.623765,0.100000,0.020000,1,0.811230
20.359148,23.881239,-0.083093,46.268177,16.474796,49.590919,982.594055,-363.650360,2743.637695,0.803425,0.595269,0.012769,0.100000,0.020000,1,0.377203
20.360641,23.649546,-0.902583,14.955669,5.987825,-40.374565,104.581238,24.119932,-3656.880615,0.497811,-0.069565,-0.864491,0.100000,0.020000,1,0.105000
20.587660,24.181570,0.279062,8.571915,-22.211201,-9.979752,-213.261124,-1247.046387,-885.189697,0.736980,0.493962,0.461369,0.100000,0.020000,1,0.594955
21.279919,22.741848,-2.579086,438.907532,-143.189636,-642.865173,12997.015625,-6537.071777,-11756.149414,0.779042,0.597336,0.190483,0.100000,0.020000,1,0.426369
21.091993,24.230030,0.600243,198.879791,49.067947,15.606697,4822.219238,1208.714355,816.516724,0.602158,0.206197,0.771290,0.100000,0.020000,1,0.841819
21.058846,24.047352,-0.616052,168.161224,-94.441940,-167.256897,11764.159180,-6842.745605,-12667.989258,0.747791,0.646640,-0.150551,0.100000,0.020000,1,0.873689
19.995604,24.855810,-1.822374,-155.104065,130.415070,-366.734436,-12789.610352,11234.656250,-28999.140625,0.664684,0.479587,-0.572880,0.100000,0.020000,1,0.383129
19.968321,25.544743,-0.348273,-168.179413,314.772278,-160.129517,-13900.864258,25329.746094,-12604.330078,0.710650,0.617023,0.338023,0.100000,0.020000,1,0.550487
20.065741,24.398346,-0.701238,125.260040,-29.793930,284.228729,5034.591309,-1278.320312,15945.012695,0.707251,0.638555,-0.303387,0.100000,0.020000,1,0.045993
20.337488,24.180700,-0.679551,-44.482803,55.408577,-66.785011,-1315.746948,1254.682617,-3588.701660,0.556101,0.361858,-0.748204,0.100000,0.020000,1,0.312609
20.995546,24.370550,0.562803,90.428024,6.826740,58.590759,7038.613770,886.915161,4600.252441,0.605739,0.641555,0.470625,0.100000,0.020000,1,0.198048
20.497585,24.276321,0.516204,-2.592354,-7.555041,-28.575050,-761.941650,-10.142073,-1643.381226,0.565807,0.509676,0.648146,0.100000,0.020000,1,0.954423
21.022894,24.786089,0.364726,137.025208,95.665833,143.105469,10136.607422,8108.236816,11900.857422,0.589676,0.679742,-0.436156,0.100000,0.020000,1,0.811141
20.396301,23.971834,0.339418,106.637161,-818.243408,-208.256073,5535.725098,-53320.593750,-11367.269531,0.603073,0.789101,-0.116718,0.100000,0.020000,1,0.881162
20.017866,23.369537,-2.107562,-123.095398,-262.831909,-570.919128,9781.846680,-12060.691406,-36117.265625,0.579866,0.799618,0.156101,0.100000,0.020000,1,0.461603
20.292339,24.388489,-0.176841,-25.263000,-30.353176,-30.629402,-3164.015381,-1925.651123,-2728.598877,0.582240,0.812812,0.018255,0.100000,0.020000,1,0.257286
20.534069,24.150026,0.537216,-124.064117,-33.381504,80.151764,-8066.939941,-1652.518066,4871.021973,0.509723,0.341249,0.789767,0.100000,0.020000,1,0.428256
20.406546,23.927671,-0.706312,61.997925,37.948601,76.125061,3257.406738,2802.495117,4529.425781,0.492128,0.058303,-0.868568,0.100000,0.020000,1,0.143009
20.425295,24.512501,-0.249248,-241.645630,28.444580,58.337952,-16045.746094,2315.242432,3566.275635,0.512183,0.804627,-0.300408,0.100000,0.020000,1,0.942732
19.449949,23.962109,-0.879092,-261.251404,-125.256027,-133.515854,-5285.738281,1532.443359,-1550.443359,0.490110,0.649781,-0.581014,0.100000,0.020000,1,0.451673
20.475729,24.534899,0.218501,32.664318,-1.435258,2.286183,1558.807251,483.769257,89.282722,0.486188,0.815401,0.314232,0.100000,0.020000,1,0.735318
20.014894,25.025511,0.701762,-82.602798,156.329773,50.376389,-7505.367188,13022.756836,4213.347168,0.453500,0.643735,0.616395,0.100000,0.020000,1,0.984104
20.329023,23.595764,-0.684273,-61.518616,59.082916,41.383972,-4840.999512,2353.588379,2400.775879,0.476894,0.183825,-0.859523,0.100000,0.020000,1,0.455232
19.714821,24.197636,-0.843072,-38.557419,48.204849,-65.938492,-5890.163086,3129.218994,-5411.837891,0.433303,0.517456,-0.737894,0.100000,0.020000,1,0.760551
20.346962,24.506321,-0.400024,40.033665,-104.288193,129.397827,1753.109009,-6094.167480,7873.471191,0.401847,0.799141,-0.447093,0.100000,0.020000,1,0.453097
20.448109,24.646057,-0.047789,-109.314865,-185.164948,43.284172,-7160.309570,-11035.616211,2459.734375,0.364185,0.931028,0.023592,0.100000,0.020000,1,0.871482
20.333809,24.692898,-0.087491,-19.181221,-107.395309,6.348894,-1937.428223,-5918.020020,359.074982,0.360882,0.926665,-0.105146,0.100000,0.020000,1,0.619974
20.824800,24.923643,-0.097684,210.665741,166.784973,-256.632385,7128.536133,4682.391602,-8764.931641,0.414840,0.485917,0.769280,0.100000,0.020000,1,0.773790
19.887802,24.135622,1.020619,-62.052872,-132.715546,193.043091,-813.405396,-4232.508301,5970.557129,0.362791,0.797451,0.482135,0.100000,0.020000,1,0.665421
20.882126,24.169292,-0.465364,198.692047,-141.644409,-173.476974,6357.978027,-5459.411621,-8267.224609,0.335666,0.927748,0.163132,0.100000,0.020000,1,0.272589
20.391199,24.927166,1.086299,51.946045,103.361542,371.236206,3015.168701,8384.755859,28830.917969,0.290301,0.915454,-0.278693,0.100000,0.020000,1,0.570808
20.377214,24.452269,-0.835862,21.877630,16.613197,-52.758026,934.860657,1885.448853,-4638.446289,0.349706,0.612271,-0.709105,0.100000,0.020000,1,0.371972
20.053978,24.531563,0.496934,-40.180756,61.057594,150.535889,-4157.958984,4086.667236,10588.758789,0.274533,0.906317,0.321279,0.100000,0.020000,1,0.183260
19.620792,23.967026,-0.343817,433.912964,-203.554199,-119.605484,24102.402344,-14900.561523,-7703.113281,0.229788,0.879608,-0.416519,0.100000,0.020000,1,0.435587
20.708382,24.183117,-0.559411,97.808701,-58.609344,15.227541,7391.901855,-4464.633789,477.587494,0.250598,0.758298,-0.601819,0.100000,0.020000,1,0.051990
20.280005,24.540241,0.494032,-56.805344,-186.303833,65.061516,-4138.443848,-11007.069336,4277.794922,0.245024,0.749838,0.614578,0.100000,0.020000,1,0.016561
20.393353,24.165335,-0.782354,-164.045715,-30.706203,83.986588,-10810.940430,-1412.293945,4674.890625,0.392867,0.331255,-0.857861,0.100000,0.020000,1,0.648392
20.434877,23.877645,1.288770,109.174011,-174.918304,282.852966,7413.579590,-13820.107422,22764.494141,0.092952,0.983657,0.154205,0.100000,0.020000,1,0.540397
18.654585,26.033875,0.759349,-374.053528,526.278076,234.703888,-11480.710938,15262.375000,7990.832520,0.089227,0.986164,-0.139713,0.100000,0.020000,1,0.394873
19.957779,24.713409,0.185508,-21.738144,36.573250,-41.645546,-2909.833984,3375.572998,-3311.481934,0.121420,0.872527,0.473238,0.100000,0.020000,1,0.526072
19.790161,24.171362,0.061441,148.034271,-47.977005,-127.481140,7349.317871,-4639.418945,-7888.405273,0.035367,0.998863,0.031958,0.100000,0.020000,1,0.313872
19.981007,24.660179,-0.233336,76.985123,-98.952713,17.473669,3699.869873,-5703.005371,958.100525,0.025688,0.962663,-0.269480,0.100000,0.020000,1,0.611593
20.081938,24.575905,0.361198,8.380402,82.032532,-91.069931,-2194.757568,8059.013672,-5907.503418,0.235827,0.570634,0.786615,0.100000,0.020000,1,0.797920
20.157547,24.223042,-0.406856,33.855366,-3.903728,5.584656,1618.713135,-1037.635010,456.168274,0.066641,0.807927,-0.585502,0.100000,0.020000,1,0.516588
19.813957,24.829475,-0.021959,59.046814,160.075378,-54.979584,2008.703979,11397.928711,-4559.733398,-0.017706,0.945958,0.323804,0.100000,0.020000,1,0.797457
20.204126,24.437408,-0.439947,154.738556,12.871319,56.867508,9259.187500,1333.495850,3974.148438,0.133979,0.679242,-0.721582,0.100000,0.020000,1,0.958408
19.741385,24.092165,-0.049948,33.524620,-43.342644,50.820335,-3072.369629,-328.729736,3201.963135,-0.045956,0.908337,-0.415707,0.100000,0.020000,1,0.221590
19.996185,24.480673,0.408195,13.143404,4.363928,17.104889,-201.479599,609.477539,893.649719,0.016266,0.789099,0.614051,0.100000,0.020000,1,0.520022
20.148054,23.581362,1.580892,84.979988,-288.062103,329.513702,2098.397949,-5213.624512,15719.693359,-0.082747,0.880537,0.466699,0.100000,0.020000,1,0.719232
20.292641,24.598785,-0.016777,222.063263,-215.905792,-237.223633,14900.242188,-13401.694336,-14591.621094,-0.211235,0.966352,-0.146779,0.100000,0.020000,1,0.859471
19.261301,23.713379,0.389779,-150.691498,-272.996002,52.494263,-15952.228516,-7001.951660,6051.380371,-0.213428,0.962550,0.167172,0.100000,0.020000,1,0.007771
18.553064,23.952496,-1.473005,-86.629059,132.375412,-344.919586,-21403.925781,-2863.538086,-13467.682617,-0.220642,0.974892,0.030050,0.100000,0.020000,1,0.105427
20.580050,24.775944,0.534782,122.822205,92.436798,-5.593887,8957.208008,7954.581543,-524.235535,0.092734,0.617703,0.780924,0.100000,0.020000,1,0.653018
19.218721,24.462715,-0.011924,-80.379669,64.615234,85.307480,-8961.602539,4207.019043,7053.416992,-0.111215,0.822482,-0.557812,0.100000,0.020000,1,0.967306
19.512621,24.651529,0.558010,-56.885788,23.745453,68.878998,-5893.923828,2089.057129,5698.186523,-0.231474,0.919213,0.318540,0.100000,0.020000,1,0.558476
20.733437,25.034359,-1.149042,304.954224,175.922501,-247.618851,8578.135742,10785.549805,-9158.331055,-0.268096,0.921830,-0.279919,0.100000,0.020000,1,0.317093
20.652065,23.861219,0.037989,-203.171738,303.965576,52.758972,-10846.769531,17277.445312,5758.141113,-0.061768,0.673575,-0.736533,0.100000,0.020000,1,0.007522
19.532351,24.351044,0.723252,-104.298004,-113.598724,194.773132,-8597.410156,-7643.021973,16643.535156,-0.293255,0.853533,-0.430676,0.100000,0.020000,1,0.968729
19.863203,24.855890,0.684117,-68.823837,83.549255,15.386032,-5631.964355,7548.687012,1537.361328,-0.071150,0.664201,0.744161,0.100000,0.020000,1,0.724339
19.465906,23.829441,-0.093712,157.963242,-43.110336,-63.560043,7423.100098,-5080.811523,-6281.044922,-0.205728,0.765719,0.609385,0.100000,0.020000,1,0.516392
19.179317,23.841524,0.385608,398.766663,-154.290253,-87.570763,21788.937500,-12259.919922,-5335.446289,-0.325887,0.825569,0.460689,0.100000,0.020000,1,0.751689
19.854734,24.002693,1.257685,41.806931,-135.503006,288.444702,2451.686035,-10575.175781,22873.240234,-0.447825,0.873416,0.191303,0.100000,0.020000,1,0.624743
18.199606,24.888233,0.259351,-440.778870,96.686462,142.332642,-17222.894531,9036.301758,4373.189453,-0.456525,0.878365,-0.141635,0.100000,0.020000,1,0.177246
19.715364,24.539375,-0.001323,104.166817,-264.249908,-1.607688,5854.089355,-16500.589844,-151.543396,-0.464160,0.885633,0.014456,0.100000,0.020000,1,0.816479
18.938320,24.149982,-1.120884,-132.691345,39.262634,-247.417358,-7742.215820,1795.536011,-21336.853516,-0.473556,0.837606,-0.272323,0.100000,0.020000,1,0.363430
20.301577,24.533957,-0.487092,141.970581,40.956421,-24.200165,10353.982422,3197.554688,-1819.501709,-0.347749,0.747532,-0.565921,0.100000,0.020000,1,0.697789
19.867056,24.397299,-0.435744,12.802470,-43.040138,-56.764961,39.837383,-2403.887451,-3226.694824,-0.232284,0.668292,-0.706704,0.100000,0.020000,1,0.186802
20.145327,24.239315,-0.645556,-491.305603,450.995087,151.825806,-31374.066406,28566.656250,9474.517578,0.017921,0.541827,-0.840299,0.100000,0.020000,1,0.305295
19.526487,24.416092,-0.136390,70.466965,-216.502167,-54.708893,3147.158203,-13712.065430,-5007.089355,-0.524811,0.789047,0.319339,0.100000,0.020000,1,0.111602
19.711378,25.212000,0.083035,38.281479,216.868927,-71.080353,2038.960327,17547.349609,-2349.126709,-0.499241,0.722947,0.477605,0.100000,0.020000,1,0.072240
19.703331,24.528223,-0.224012,22.138008,19.315781,18.239502,854.658447,1792.681763,1496.912964,-0.527731,0.740553,-0.416030,0.100000,0.020000,1,0.535735
19.793484,24.182095,0.393509,3.733252,-26.646843,-7.422268,-325.352203,-2302.557373,-762.201721,-0.396782,0.668445,0.629082,0.100000,0.020000,1,0.831391
19.623497,23.654411,-0.614887,-56.453796,-269.200745,-398.151794,-4184.381348,-9695.974609,-18341.628906,-0.644829,0.752389,-0.134559,0.100000,0.020000,1,0.755355
19.837791,24.282681,0.484636,69.977142,-18.673798,21.534004,3617.421387,-1158.000732,1067.875000,-0.257347,0.606941,0.751927,0.100000,0.020000,1,0.895291
19.451944,24.122416,-0.289774,-26.219864,-52.628601,-83.565552,-2827.347656,-4453.878418,-6942.111816,-0.661867,0.734836,0.148151,0.100000,0.020000,1,0.078237
19.579554,24.297842,0.555788,153.635376,136.847107,151.531570,2422.637695,3657.579590,5294.942383,-0.674793,0.737328,0.031636,0.100000,0.020000,1,0.012415
19.343929,24.256899,-0.537226,-57.215088,219.861923,403.478241,-5657.559082,13603.000000,24927.320312,-0.521327,0.649720,-0.553246,0.100000,0.020000,1,0.076636
19.547764,24.218645,-0.502061,-31.067261,40.006340,-73.045044,-2674.384033,1945.346558,-5889.618652,-0.677369,0.685920,-0.265868,0.100000,0.020000,1,0.681205
20.086699,24.675390,-0.817776,152.278412,-3.208351,-336.171478,3689.492188,-2996.181885,-10719.818359,-0.700250,0.644891,0.306213,0.100000,0.020000,1,0.711918
19.911623,24.391304,-0.426739,6.069550,21.743019,34.686066,6665.321777,1158.537109,8357.416016,-0.418184,0.578836,-0.700050,0.100000,0.020000,1,0.634744
19.690985,24.276011,0.383656,-4.231653,-220.507996,-51.552322,-781.697021,-13953.634766,-3467.400146,-0.543836,0.597127,0.589646,0.100000,0.020000,1,0.309869
18.974068,23.709427,0.250366,-4.802782,47.053371,151.932831,-8633.667969,-1433.607910,5363.857422,-0.672393,0.615331,-0.411407,0.100000,0.020000,1,0.994780
19.388170,24.645317,0.327285,-14.370094,119.895691,-6.094414,-3144.376709,9302.209961,-1320.761230,-0.393625,0.534713,0.747757,0.100000,0.020000,1,0.088451
19.441856,24.620054,-0.155745,29.965408,109.357208,-18.135410,1205.573608,8360.206055,-1443.895264,-0.819483,0.561621,-0.114145,0.100000,0.020000,1,0.347344
19.861481,24.227415,-0.517447,165.643021,95.193100,28.818443,9359.084961,6124.404785,2276.176514,-0.124615,0.511438,-0.850237,0.100000,0.020000,1,0.052435
19.545805,24.128960,0.469744,1.433126,9.756811,-28.142784,-522.783691,119.304840,-1249.936890,-0.702322,0.537890,0.466281,0.100000,0.020000,1,0.714196
19.273497,23.814363,0.320883,20.522669,19.111675,27.029915,-78.293144,-629.479248,2483.727539,-0.822957,0.537871,0.182858,0.100000,0.020000,1,0.944440
19.211168,24.065338,0.070229,140.595047,-49.530182,-37.567726,7292.284668,-3930.708984,-2149.713379,-0.839861,0.542300,0.023334,0.100000,0.020000,1,0.446477
19.551968,24.752771,1.534310,88.561966,195.814301,387.696899,1111.255249,6282.880859,15140.627930,-0.826721,0.469877,0.309432,0.100000,0.020000,1,0.362202
18.494989,24.240379,-0.765009,-140.556885,142.339218,-141.949249,-13452.834961,9139.717773,-11259.478516,-0.833298,0.469866,-0.291274,0.100000,0.020000,1,0.106939
19.329454,23.571749,-0.420982,213.660065,-102.900452,-191.016891,11482.796875,-9070.131836,-11667.678711,-0.542401,0.468403,-0.697423,0.100000,0.020000,1,0.791816
19.439079,24.207872,-0.199790,35.494579,-75.069794,-278.971741,1210.083740,-4589.192383,-16721.998047,-0.704944,0.436721,-0.558864,0.100000,0.020000,1,0.244812
19.759773,24.784721,0.945924,69.319321,160.052094,110.870270,4625.602051,12772.079102,9076.840820,-0.683673,0.403089,0.608368,0.100000,0.020000,1,0.333998
20.581308,22.788157,1.258620,508.195129,-432.190552,329.543884,17684.980469,-15290.219727,10660.865234,-0.813512,0.368893,0.449574,0.100000,0.020000,1,0.034747
18.913250,24.505611,0.185479,-128.304504,141.615814,46.177399,-10899.134766,10541.942383,4959.124512,-0.836564,0.361159,-0.411976,0.100000,0.020000,1,0.077205
20.156773,23.307398,-0.006239,194.820923,-92.912430,19.334045,13688.139648,-9295.473633,-1152.009033,-0.517235,0.390501,0.761562,0.100000,0.020000,1,0.378466
19.717186,23.945551,-0.219979,68.367249,-10.996201,-24.934525,5240.700195,-1215.518433,-2067.947510,-0.948592,0.284823,-0.138017,0.100000,0.020000,1,0.537728
19.516893,24.071457,0.082695,-161.207275,-97.025940,-150.862244,-10050.636719,-6107.133789,-9182.264648,-0.959974,0.280084,0.001722,0.100000,0.020000,1,0.600774
19.522465,23.590347,0.290013,-276.234314,165.180481,-203.455170,-17301.925781,8520.591797,-12133.580078,-0.953707,0.252505,0.163355,0.100000,0.020000,1,0.561412
19.327944,24.009808,-0.285349,54.761444,75.400223,64.333839,-5656.899414,5117.457031,-2754.191406,-0.787641,0.280831,-0.548412,0.100000,0.020000,1,0.822921
18.754021,24.019241,1.023108,-74.548035,98.424767,146.181427,-7881.804688,6222.652344,12489.990234,-0.919579,0.215297,0.328666,0.100000,0.020000,1,0.084358
19.351400,24.086367,-0.194590,208.792847,-360.459930,-138.991486,12568.462891,-22444.375000,-8767.044922,-0.941222,0.208257,-0.265953,0.100000,0.020000,1,0.859631
18.642710,24.382669,-0.283161,-154.041382,114.502106,57.886169,-14111.942383,8624.189453,4587.659180,-0.643846,0.284210,-0.710413,0.100000,0.020000,1,0.403236
19.359043,24.002338,0.457091,54.443199,-23.777126,-3.105590,2273.552002,-1586.854614,-168.338669,-0.756224,0.234083,0.611007,0.100000,0.020000,1,0.344247
19.292889,24.037237,-0.162896,253.123749,-107.218994,-163.629700,14997.972656,-6558.582520,-9778.445312,-0.899500,0.176999,-0.399464,0.100000,0.020000,1,0.087454
19.625566,24.195246,-1.337201,-69.216141,-25.619335,-189.189728,-6071.875977,-1468.521729,-14881.871094,-0.241865,0.450321,-0.859484,0.100000,0.020000,1,0.101548
19.226929,23.682549,0.561864,57.422798,2.941231,-79.685379,1495.044067,-1293.029541,-4947.560059,-0.625501,0.260602,0.735415,0.100000,0.020000,1,0.870824
19.333509,23.501904,-1.536302,-65.289772,74.577148,-86.485909,-10391.927734,-3470.572754,7036.593750,-0.996756,0.077208,0.022722,0.100000,0.020000,1,0.957412
19.677202,23.520733,0.130735,240.516296,-309.688782,-375.784271,15744.011719,-21295.076172,-24623.732422,-0.874875,0.114056,0.470729,0.100000,0.020000,1,0.604528
18.917747,24.346346,0.821855,-184.136688,131.711029,257.605133,-9676.544922,14796.798828,11251.412109,-0.987226,0.057133,0.148732,0.100000,0.020000,1,0.172833
19.391504,23.468420,-0.477243,-14.004184,12.160855,44.417316,-2232.639893,-2676.418701,1452.199097,-0.990109,0.030874,-0.136861,0.100000,0.020000,1,0.459450
19.957973,23.939449,-0.236684,195.175812,60.822998,-160.331665,12561.487305,8786.063477,1766.897461,-0.955839,-0.008994,0.293753,0.100000,0.020000,1,0.391029
19.460218,23.512703,-0.140157,-531.729736,332.434448,-348.615814,-34407.851562,19176.527344,-20479.718750,-0.716203,0.132771,-0.685146,0.100000,0.020000,1,0.186463
19.478462,23.816006,-0.146579,-458.095825,-142.368286,-68.621414,-28888.474609,-9030.331055,-4079.953125,-0.958975,-0.041448,-0.280444,0.100000,0.020000,1,0.340884
19.489496,24.112295,0.126965,57.417824,-142.735474,537.722412,3177.243164,-8068.076172,32624.734375,-0.798759,0.049786,0.599589,0.100000,0.020000,1,0.548511
19.003914,23.933901,-0.359032,-70.532852,21.783997,-165.393829,-6874.316406,1592.653564,-10161.684570,-0.815496,0.041777,-0.577253,0.100000,0.020000,1,0.018857
19.844231,24.117397,-0.599784,-10.633690,32.566242,-8.117514,-1151.668335,2059.849854,-372.751587,-0.336320,0.386318,-0.858864,0.100000,0.020000,1,0.862567
22.758923,24.461660,1.501580,986.579163,178.031647,343.162445,30697.818359,7546.674805,10749.255859,-0.882639,-0.067280,0.465211,0.100000,0.020000,1,0.199293
19.475281,24.432257,-1.067417,-67.356308,155.706940,-359.876892,-3395.371826,5337.307617,-15022.269531,-0.901220,-0.082364,-0.425463,0.100000,0.020000,1,0.956433
19.386177,23.731001,0.508740,179.645996,-80.404190,101.951126,10059.863281,-5831.685547,6301.073242,-0.673412,0.091398,0.733596,0.100000,0.020000,1,0.058432
19.956173,23.861633,0.085538,103.466400,82.133347,44.811714,5473.459961,2833.832520,2683.054932,-0.983842,-0.178952,0.005471,0.100000,0.020000,1,0.272411
19.800045,23.469526,0.393227,-719.750610,50.603348,-806.221191,-43983.445312,2211.926514,-48917.449219,-0.972887,-0.205227,-0.106643,0.100000,0.020000,1,0.436387
19.246891,23.598806,-0.320308,42.596684,-10.382881,-57.481888,1357.953735,-1313.409302,-3287.720459,-0.828794,-0.126760,-0.545007,0.100000,0.020000,1,0.635829
19.912979,23.973799,-0.360626,137.781479,53.361343,-148.241180,10562.694336,4639.304199,-11393.867188,-0.952711,-0.250555,0.171941,0.100000,0.020000,1,0.925524
19.501871,24.277279,-0.617172,-28.764153,45.870560,-40.961166,-3370.084229,3890.820557,-2536.937012,-0.443111,0.276102,-0.852889,0.100000,0.020000,1,0.310509
20.274172,24.393234,-1.043712,452.642487,134.883270,-344.630463,16543.042969,2201.035645,-12103.571289,-0.925582,-0.260502,-0.274657,0.100000,0.020000,1,0.121335
19.455099,23.785755,0.352068,-142.714417,-434.794617,-149.321716,-9176.432617,-26884.060547,-8892.844727,-0.912780,-0.271989,0.304720,0.100000,0.020000,1,0.165928
19.749359,23.839087,-0.495199,-527.631714,-210.277740,-98.885345,-32942.781250,-13117.826172,-6127.677246,-0.703163,-0.057512,-0.708698,0.100000,0.020000,1,0.060994
19.611071,23.563206,-0.331609,83.633118,-158.851440,223.000000,5595.707031,-10246.742188,13946.752930,-0.856569,-0.316125,-0.407866,0.100000,0.020000,1,0.282536
19.774742,23.894144,-0.614712,-246.853943,-55.207771,26.544781,-15776.826172,-3771.220703,1711.703003,-0.506144,0.169983,-0.845532,0.100000,0.020000,1,0.320759
19.607780,23.365381,0.759323,-197.726624,120.772316,-123.834579,-14535.134766,6916.590332,-8977.436523,-0.676028,-0.090745,0.731267,0.100000,0.020000,1,0.376207
19.798462,23.729700,0.522484,65.066620,-48.399811,-30.426846,4896.439941,-2890.701416,-1615.182251,-0.764259,-0.210545,0.609572,0.100000,0.020000,1,0.292875
18.177069,24.737160,-0.186143,-614.774170,291.996796,-24.319832,-44560.367188,23152.980469,-3704.509277,-0.830528,-0.325917,0.451665,0.100000,0.020000,1,0.237302
21.715998,22.586094,0.278546,591.656433,-224.575348,35.551666,46531.039062,-18001.548828,2936.624268,-0.869614,-0.469420,0.153022,0.100000,0.020000,1,0.974637
19.419409,23.510620,-1.675854,-22.924587,19.245621,-348.875732,-1850.865112,1258.189575,-28621.558594,-0.872104,-0.471510,-0.130813,0.100000,0.020000,1,0.662859
19.604382,23.715681,-0.457772,-17.277317,8.887363,26.334618,-1305.792847,697.625244,1839.647461,-0.702024,-0.216353,-0.678494,0.100000,0.020000,1,0.074019
18.381874,24.051332,-0.368718,-299.828186,203.995087,-96.168961,-30687.673828,11372.069336,-9811.213867,-0.840546,-0.467399,-0.273899,0.100000,0.020000,1,0.976434
19.789877,23.463562,0.206616,-591.001282,-560.223511,-245.408752,-36327.023438,-35477.183594,-15601.560547,-0.818207,-0.480070,0.316338,0.100000,0.020000,1,0.794005
19.252790,23.739105,0.320440,194.055573,-98.531609,-240.554245,11106.099609,-5075.895508,-13941.783203,-0.855496,-0.516852,0.031457,0.100000,0.020000,1,0.055638
19.814035,23.369192,-0.523640,-207.008392,142.281738,147.711121,-12226.844727,8154.802246,8820.152344,-0.748828,-0.374461,-0.546841,0.100000,0.020000,1,0.058787
20.019665,23.883682,-0.224408,46.298447,137.132553,-9.658173,120.844971,3758.702881,-1008.325928,-0.776195,-0.485696,-0.402021,0.100000,0.020000,1,0.198706
19.132269,24.644703,0.693531,-159.060059,313.602783,29.763145,-12152.035156,24361.789062,2993.471191,-0.714854,-0.392307,0.578860,0.100000,0.020000,1,0.051118
19.515547,23.555408,0.534857,56.762825,-17.892796,-238.631470,2768.895264,-1548.091187,-15102.031250,-0.627235,-0.248041,0.738276,0.100000,0.020000,1,0.084483
19.101381,24.494394,0.330666,-150.040466,250.570801,-14.698353,-11676.210938,20187.083984,-938.059998,-0.717195,-0.530528,0.451853,0.100000,0.020000,1,0.820963
21.934828,22.000031,-1.864397,610.118286,-351.845276,-517.194885,16691.873047,-9901.020508,-14034.285156,-0.761812,-0.647795,0.001883,0.100000,0.020000,1,0.154415
19.351063,23.493330,-0.042521,656.735535,-378.693939,302.431427,40375.976562,-23303.314453,19333.052734,-0.735503,-0.663595,-0.136662,0.100000,0.020000,1,0.263176
21.826223,22.062735,-1.158758,624.886353,-358.234344,-168.224976,32260.281250,-19178.476562,-8217.722656,-0.670757,-0.510338,-0.538181,0.100000,0.020000,1,0.542817
19.940060,23.152557,-0.223151,-574.731873,332.078308,535.370239,-34944.859375,20180.017578,32356.712891,-0.718358,-0.676189,0.163497,0.100000,0.020000,1,0.979335
19.978832,24.272228,-2.549270,78.212761,133.231583,-605.613647,2107.250244,4166.340820,-19018.423828,-0.526125,0.024839,-0.850045,0.100000,0.020000,1,0.630206
18.565163,23.945509,0.629368,-269.750793,191.723511,74.426468,-11995.513672,-377.994141,11558.913086,-0.690116,-0.675321,-0.260157,0.100000,0.020000,1,0.313641
19.730862,23.710012,-0.571543,-45.209297,21.083820,-72.751022,-3012.861084,1218.144653,-4454.326660,-0.556347,-0.134731,-0.819955,0.100000,0.020000,1,0.538048
18.934494,23.956291,1.805536,-269.859314,222.428116,593.491760,-11420.541016,8583.367188,14709.037109,-0.666812,-0.677798,0.309761,0.100000,0.020000,1,0.524489
20.998386,22.540688,-0.709662,412.765503,-195.219376,-37.702595,11895.318359,-10214.471680,-961.421875,-0.584410,-0.405827,-0.702687,0.100000,0.020000,1,0.300491
19.715530,23.551958,0.382389,12.603426,-14.909470,31.273773,789.050537,-506.141968,1709.397217,-0.600223,-0.523677,0.604561,0.100000,0.020000,1,0.626451
20.125889,23.060560,-0.264711,-108.055603,64.433563,-126.006714,-5006.214355,2930.054199,-7868.525391,-0.623933,-0.679108,-0.386678,0.100000,0.020000,1,0.499825
18.483669,24.576513,-0.106482,-225.731995,279.968292,-78.514221,-24953.191406,18113.640625,-15042.203125,-0.520803,0.018712,0.853472,0.100000,0.020000,1,0.825056
19.218208,23.568474,-0.531634,200.816086,-94.435837,-442.500000,15567.290039,-13446.771484,-21615.300781,-0.599350,-0.668622,0.440141,0.100000,0.020000,1,0.562551
16.289707,25.259245,-4.526366,-1066.468506,616.613159,-1402.810181,-30377.939453,17333.191406,-32026.007812,-0.587903,-0.808500,0.026429,0.100000,0.020000,1,0.671756
20.524237,22.884909,-1.777173,240.414520,-132.611206,-401.912354,18373.419922,-10282.289062,-31173.402344,-0.535447,-0.660324,-0.526564,0.100000,0.020000,1,0.849488
19.769932,23.249935,-0.264995,-441.663300,255.721176,1243.096802,-27974.500000,15979.163086,77811.359375,-0.541226,-0.830065,-0.134412,0.100000,0.020000,1,0.680582
19.910503,23.168777,0.262458,-489.274231,287.923981,-173.240463,-31828.052734,15777.607422,-10403.406250,-0.538206,-0.828776,0.153185,0.100000,0.020000,1,0.047880
19.961737,23.139196,-0.143213,429.436249,-246.845810,482.165649,27695.861328,-16456.621094,30745.630859,-0.517428,-0.808372,-0.280719,0.100000,0.020000,1,0.368306
19.734194,23.656435,0.649771,149.540253,-14.903700,-137.191864,9237.276367,-422.037994,-8258.867188,-0.520584,-0.405713,0.751258,0.100000,0.020000,1,0.006205
19.657831,23.537306,-0.046370,-39.173981,47.447006,-90.963364,-3066.695801,3842.116455,-7690.124512,-0.480156,-0.667150,0.569527,0.100000,0.020000,1,0.833491
19.287788,24.058311,-0.581728,-93.532227,169.725342,2.923592,-15771.150391,18887.460938,2292.566895,-0.475779,-0.521766,-0.708092,0.100000,0.020000,1,0.136158
20.469187,22.846220,-0.378470,190.494614,-109.612389,-213.298920,-983.034180,481.168701,6225.959961,-0.452924,-0.842444,0.291803,0.100000,0.020000,1,0.246644
20.172083,23.600250,-0.341088,29.638855,-70.473740,24.892403,3371.833984,-4663.830566,2723.105713,-0.490523,-0.244165,-0.836523,0.100000,0.020000,1,0.858599
19.887243,23.182205,-0.344798,-244.722870,141.655441,53.256115,-15409.426758,8675.608398,3138.883789,-0.400052,-0.827423,-0.394118,0.100000,0.020000,1,0.105694
19.863489,23.357904,0.277686,-1.091952,16.027321,-13.238216,-90.614441,1587.202026,-1035.718384,-0.378857,-0.813298,0.441604,0.100000,0.020000,1,0.343002
18.796762,23.811796,0.179255,-248.720001,209.906601,57.875027,-9728.033203,4051.070312,6368.716309,-0.358967,-0.918516,0.165741,0.100000,0.020000,1,0.348999
20.152863,23.585793,0.528757,-27.762436,68.503693,-49.694618,-5022.333008,3211.246094,-2551.715332,-0.421633,-0.522770,0.740903,0.100000,0.020000,1,0.745016
19.262884,23.542679,2.610575,-128.722122,121.007538,987.877625,-11753.715820,-3803.711914,42365.429688,-0.330310,-0.943303,0.032771,0.100000,0.020000,1,0.249865
21.255709,27.353838,-0.872981,395.135071,1260.437256,-111.855728,16951.009766,35262.421875,-3475.603027,-0.378017,-0.642284,-0.666764,0.100000,0.020000,1,0.168615
20.021505,23.149908,-0.927878,-62.063385,9.884800,-112.641113,-4547.080566,1438.330078,-2168.375244,-0.344045,-0.776102,-0.528487,0.100000,0.020000,1,0.048200
19.799898,23.232634,0.126940,-25.069094,14.868201,178.191818,-1631.423584,852.213379,-1575.502930,-0.313655,-0.915500,-0.251953,0.100000,0.020000,1,0.079358
19.837606,23.347486,0.253110,-22.735462,-596.318115,-137.338013,-1771.355469,-36678.171875,-7261.043945,-0.304237,-0.945794,-0.113636,0.100000,0.020000,1,0.605080
19.293571,23.524960,1.415514,-167.809402,97.120461,385.065430,-18176.976562,10407.092773,11113.100586,-0.261368,-0.916885,0.301676,0.100000,0.020000,1,0.708466
19.742764,23.317741,0.550343,398.530426,-288.347565,-69.753357,24359.337891,-17959.199219,-3905.907715,-0.296395,-0.754800,0.585173,0.100000,0.020000,1,0.827084
19.979630,23.674545,-0.544464,-264.419006,8.339088,-84.470444,-16190.291016,1030.806152,-5053.622070,-0.419413,-0.370362,-0.828809,0.100000,0.020000,1,0.176374
22.736578,21.537142,-1.403604,978.928406,-551.221985,-400.136505,25388.085938,-7794.740234,4952.328125,-0.322220,-0.624716,0.711270,0.100000,0.020000,1,0.472724
20.933336,22.792711,1.554254,210.481583,-61.276794,507.749146,13603.968750,-6129.760742,30801.421875,-0.184385,-0.886641,-0.424111,0.100000,0.020000,1,0.271094
19.585089,23.356653,-1.955142,-107.651871,66.124107,-607.272827,-7621.157715,3572.011963,-48530.089844,-0.176088,-0.888732,0.423259,0.100000,0.020000,1,0.558370
19.886118,23.860653,-0.415087,-33.980568,78.789978,-82.749283,-2901.950928,8273.459961,-7032.726074,-0.101799,-0.994508,0.024313,0.100000,0.020000,1,0.418041
20.217749,23.023144,0.144985,-259.469086,16.575174,-642.315063,-15815.839844,832.990479,-39551.445312,-0.080835,-0.988818,-0.125315,0.100000,0.020000,1,0.945063
20.611443,23.421303,0.013983,143.357727,62.518665,-32.768829,5558.987305,2472.653564,-545.171753,-0.078816,-0.983603,0.162212,0.100000,0.020000,1,0.542159
19.911991,23.706440,0.561000,-84.783981,-155.044708,63.447029,-5215.989746,-9140.552734,3757.729980,-0.393231,-0.371292,0.841137,0.100000,0.020000,1,0.795037
20.009277,23.415173,-0.348481,174.202637,-219.797180,-103.674271,10759.791016,-12930.765625,-6351.240234,-0.114128,-0.836953,-0.535242,0.100000,0.020000,1,0.210824
21.869585,22.061674,-0.242716,478.893250,-275.084076,-96.352600,37564.976562,-21714.007812,-8066.195801,-0.042554,-0.948184,0.314858,0.100000,0.020000,1,0.774235
20.089085,23.065672,0.627647,-173.673019,103.240562,-287.791290,-11725.873047,4691.161133,-17452.613281,-0.104997,-0.812368,0.573615,0.100000,0.020000,1,0.327770
20.276350,23.096539,-0.266006,-60.377518,-42.049171,147.204575,-3218.642090,-2635.129883,9034.403320,-0.014127,-0.960677,-0.277308,0.100000,0.020000,1,0.374925
20.084892,23.630724,0.567116,-174.464752,-461.268005,-64.827484,-10782.955078,-27765.189453,-3908.975342,-0.171927,-0.683060,0.709839,0.100000,0.020000,1,0.098024
22.118048,23.813993,-0.721827,439.687195,8.073908,-173.619888,19680.464844,555.271545,-1908.163574,-0.156037,-0.704310,-0.692532,0.100000,0.020000,1,0.635989
20.242285,23.116047,-0.263501,-212.403320,-17.217211,178.961777,-12997.813477,-1098.263428,11371.875000,-0.003463,-0.924167,-0.381973,0.100000,0.020000,1,0.605525
20.276321,22.957571,-0.189016,76.546074,34.289299,-101.406075,-3017.197021,-8388.728516,4319.113281,0.003422,-0.900252,0.435356,0.100000,0.020000,1,0.391261
19.909494,23.534781,-0.633426,29.365669,-255.471497,17.103218,1754.521851,-15929.347656,1002.549927,-0.316306,-0.451777,-0.834175,0.100000,0.020000,1,0.646523
20.468908,23.966669,-1.001132,86.801025,129.895020,-104.787338,11620.065430,12376.882812,-6708.370117,-0.216849,-0.564487,-0.796449,0.100000,0.020000,1,0.543262
21.450489,23.343273,-2.586921,316.829895,57.549240,-708.706726,18427.812500,6043.252441,-33192.843750,0.122099,-0.983103,-0.136379,0.100000,0.020000,1,0.118791
20.352068,23.126547,-0.027731,-75.220520,-2.979636,38.021103,-4378.827637,74.166725,2228.704346,0.160061,-0.986944,0.017959,0.100000,0.020000,1,0.616753
19.258118,23.562147,-0.892786,341.690247,-192.209351,-178.908112,17862.417969,-10871.796875,-12937.543945,-0.015202,-0.735712,-0.677124,0.100000,0.020000,1,0.571591
20.375610,23.168674,-0.134293,-193.850494,-211.213379,-29.117531,-11884.507812,-12999.955078,-1655.724121,0.194779,-0.950705,-0.241291,0.100000,0.020000,1,0.011329
20.202972,23.256735,0.234342,-123.007751,-27.869045,-84.727371,-8154.904785,-1008.830261,-4859.233398,0.202380,-0.966280,0.159199,0.100000,0.020000,1,0.136923
20.243223,22.976681,-0.335095,-169.982147,101.298210,-331.549927,-11572.545898,4252.423828,-20866.449219,0.114675,-0.842685,-0.526053,0.100000,0.020000,1,0.825021
20.414093,23.133892,0.459761,-262.776672,-227.312256,-352.757935,-16186.504883,-14253.782227,-21334.751953,0.228546,-0.919005,0.321241,0.100000,0.020000,1,0.618230
21.252491,24.168404,0.998654,303.383484,291.834045,191.415588,23317.527344,22479.634766,14500.537109,0.137096,-0.810367,0.569658,0.100000,0.020000,1,0.916983
20.504665,23.245560,-0.318784,151.520599,-126.009125,-52.808548,10250.151367,-7501.444824,-3449.522705,0.255753,-0.882508,-0.394678,0.100000,0.020000,1,0.347112
20.138855,23.036936,0.221335,149.154388,-85.216125,81.840912,9084.575195,-6895.431152,3852.162109,0.020275,-0.678877,0.733972,0.100000,0.020000,1,0.543190
21.563204,24.279423,1.718796,351.285767,250.538483,367.390015,27282.287109,20507.449219,28992.978516,0.254340,-0.857186,0.447820,0.100000,0.020000,1,0.728467
20.556841,23.207203,0.003338,-236.137115,-6.135003,12.102325,-14326.690430,79.912445,702.298950,0.363012,-0.931462,0.024524,0.100000,0.020000,1,0.361117
20.556015,23.740433,-1.295165,95.422859,44.472908,-204.702820,4315.913574,-2994.048828,-2025.532715,0.362374,-0.901267,-0.237495,0.100000,0.020000,1,0.797332
20.443314,23.235458,-0.062449,-16.634354,-4.837542,18.007561,-663.645020,93.768570,636.221191,0.402540,-0.905258,-0.135904,0.100000,0.020000,1,0.973890
21.370472,23.901291,-0.945666,305.121521,151.191040,-127.302322,23798.105469,12239.958008,-9947.039062,0.170857,-0.729567,-0.662224,0.100000,0.020000,1,0.404482
20.391933,23.285374,-0.413033,-48.879478,20.496288,7.464592,-2936.291504,1622.585083,444.843689,0.270709,-0.788895,-0.551690,0.100000,0.020000,1,0.261859
20.094112,23.426872,-0.630928,1.099903,-2.267941,-4.324759,-59.234951,41.356094,-393.851501,-0.052256,-0.574900,-0.816554,0.100000,0.020000,1,0.567391
20.529434,23.262758,0.137976,-176.447250,191.083069,-88.959427,-10924.454102,12499.983398,-6000.557617,0.437434,-0.843304,0.312234,0.100000,0.020000,1,0.822494
20.311983,23.322304,1.857934,-36.457420,1.570118,370.782593,-2647.701416,493.604492,29414.802734,0.320223,-0.757325,0.569137,0.100000,0.020000,1,0.240310
20.549784,22.897240,0.253794,-240.991241,141.728683,-194.005035,-15025.386719,7936.229004,-11667.464844,0.474687,-0.866121,0.156548,0.100000,0.020000,1,0.039214
21.489616,23.513245,0.884730,309.255249,51.312065,325.321045,23680.054688,4579.702148,25460.671875,0.455410,-0.795923,-0.398883,0.100000,0.020000,1,0.947429
20.525194,23.095835,0.311858,-404.513062,100.245514,133.503845,-25433.371094,5870.682617,8425.879883,0.463710,-0.778314,0.423321,0.100000,0.020000,1,0.616878
21.211025,24.019283,0.207866,158.403778,205.530823,59.427292,12649.279297,16536.951172,4550.152344,0.567345,-0.823170,0.022591,0.100000,0.020000,1,0.986417
20.401823,23.302963,0.515179,4.723612,45.045769,-173.331360,663.493591,2811.740967,-11029.279297,0.206006,-0.654449,0.727501,0.100000,0.020000,1,0.304210
18.542545,23.958569,-1.916999,-407.042328,390.727814,-548.853271,-30172.177734,-15528.232422,-22187.378906,0.575407,-0.798365,0.177539,0.100000,0.020000,1,0.046687
20.639341,23.348909,-0.147583,25.630890,14.702660,-51.549644,1818.899048,1627.190308,-3500.169434,0.585328,-0.801833,-0.120231,0.100000,0.020000,1,0.039658
20.319771,23.274574,-0.597357,3.802125,-2.777193,-26.130722,-89.525620,-214.856476,-2121.170410,0.320304,-0.682347,-0.657121,0.100000,0.020000,1,0.486906
20.824629,23.529730,0.166694,70.359497,22.528763,83.580795,5808.040039,2565.967773,7625.786621,0.454275,-0.711055,-0.536689,0.100000,0.020000,1,0.155821
21.067093,22.541561,-0.230259,103.255798,-304.372986,-1.480652,11838.143555,-10378.321289,5899.138672,0.610083,-0.756594,-0.235296,0.100000,0.020000,1,0.350458
19.704823,24.911335,-1.215953,-115.405624,364.232788,-170.994904,-9430.366211,29408.890625,-13367.082031,0.072600,-0.576415,-0.813926,0.100000,0.020000,1,0.724463
20.564550,23.355640,0.470132,-35.620407,-2.520604,-133.498932,-2017.483032,144.755127,-8223.189453,0.467572,-0.674214,0.571675,0.100000,0.020000,1,0.818419
19.313757,23.513308,-1.397800,-240.018845,197.635681,-451.639435,-10733.978516,-7021.633789,-13980.027344,0.626052,-0.714835,0.311561,0.100000,0.020000,1,0.406155
19.877378,23.300852,0.934157,-116.557777,-19.918900,74.155838,-5089.672852,317.442383,5728.915527,0.343201,-0.611098,0.713283,0.100000,0.020000,1,0.040245
22.356997,24.054474,-1.172408,574.306580,254.632751,-242.744812,31342.496094,18516.021484,-8025.601562,0.644461,-0.652149,-0.399214,0.100000,0.020000,1,0.567178
20.642473,23.393099,0.680770,-14.898548,-5.625765,241.815552,-1049.265137,489.202271,11860.965820,0.639791,-0.629570,0.440806,0.100000,0.020000,1,0.510840
20.885433,23.375992,0.219323,35.166542,-1.456395,12.139179,2911.748291,251.352524,1138.711548,0.746601,-0.641407,0.176590,0.100000,0.020000,1,0.536269
20.872622,23.378035,-0.048773,-334.349915,-85.271683,244.557907,-20530.652344,-5028.639648,15141.465820,0.767230,-0.640685,0.029665,0.100000,0.020000,1,0.262553
21.088701,22.612535,-0.482533,66.892853,-294.339539,-141.007111,12941.464844,-1531.715820,-1993.585449,0.777576,-0.619518,-0.107576,0.100000,0.020000,1,0.809006
20.847618,23.039246,-0.173142,57.355499,-121.554337,53.200089,4272.985352,-5768.838379,3243.473633,0.613142,-0.580361,-0.535946,0.100000,0.020000,1,0.620419
19.051151,23.664923,1.817251,-326.194336,231.405319,533.881775,-20068.554688,3546.912109,28139.476562,0.759030,-0.591994,-0.270956,0.100000,0.020000,1,0.130909
21.294897,22.645737,-0.543830,180.065414,-200.853394,-234.190628,7656.843262,-7405.302734,-6518.437500,0.775324,-0.567984,0.276166,0.100000,0.020000,1,0.181054
20.184982,23.716206,0.157778,-18.751450,32.302319,244.925995,-2390.777344,2032.679688,5867.516602,0.224816,-0.532185,-0.816233,0.100000,0.020000,1,0.053342
21.801624,24.234837,-1.078817,354.047974,201.460266,-151.576172,27595.335938,16248.881836,-11979.999023,0.507001,-0.529301,-0.680287,0.100000,0.020000,1,0.250702
20.493233,23.310608,0.628600,-6.471230,10.657739,-149.272522,-949.376160,354.264832,-8622.775391,0.609309,-0.526222,0.593155,0.100000,0.020000,1,0.867532
20.145435,23.787170,0.075631,-81.325912,44.486099,-94.178406,-6730.410645,4412.528320,-7818.730469,0.481471,-0.512671,0.710883,0.100000,0.020000,1,0.925880
20.608812,23.652971,-0.377740,95.683823,-105.733612,181.408997,5485.415527,-5610.586426,11114.207031,0.766228,-0.500360,-0.403155,0.100000,0.020000,1,0.303213
20.195944,23.522125,0.660262,93.064438,-33.570019,-131.726501,5344.842285,-1653.500000,-8106.782715,0.208262,-0.520463,0.828097,0.100000,0.020000,1,0.234313
21.523993,22.732023,-0.571439,258.165680,-223.192596,-184.086151,19213.445312,-16946.197266,-13693.772461,0.876859,-0.469827,-0.101883,0.100000,0.020000,1,0.788719
20.756685,23.057850,0.841960,17.880558,-111.722565,134.662369,1195.033447,-8600.696289,10620.092773,0.762777,-0.460605,0.453888,0.100000,0.020000,1,0.972662
20.880869,23.585606,0.012201,-93.976562,-5.679755,-0.044284,-5766.959473,272.032837,-15.979822,0.896023,-0.443519,0.020828,0.100000,0.020000,1,0.898957
19.110849,23.869183,-2.011551,-415.198151,235.211624,-404.715363,-3467.019531,1187.943359,-18936.773438,0.349958,-0.493500,-0.796233,0.100000,0.020000,1,0.515164
20.934559,23.770844,0.088570,-8.437454,23.229286,120.568619,-175.927826,2720.458252,7464.184570,0.903278,-0.394972,0.167588,0.100000,0.020000,1,0.704445
20.540319,23.623154,-0.412378,192.615768,14.027466,-184.409882,11731.302734,1559.262207,-11357.392578,0.629077,-0.424648,-0.651104,0.100000,0.020000,1,0.695868
20.257034,23.383728,-1.278096,-21.958572,49.424896,-176.772430,-3376.822754,2685.180176,-14827.100586,0.747819,-0.382427,-0.542693,0.100000,0.020000,1,0.683412
20.183987,23.190649,0.301260,211.222351,-67.473381,616.490479,10586.653320,-5544.631836,39306.574219,0.890036,-0.358999,0.280991,0.100000,0.020000,1,0.338126
20.442104,23.617870,0.748272,-382.865906,-154.425644,-577.845520,-24040.546875,-9037.978516,-35889.167969,0.323708,-0.463039,0.825111,0.100000,0.020000,1,0.255666
20.622889,23.592724,0.505625,20.818584,44.034195,-34.077229,861.683472,3083.613770,-1818.542358,0.741999,-0.339767,0.577924,0.100000,0.020000,1,0.805909
21.697693,23.570168,-0.472124,337.365540,-45.535000,-23.798916,10967.995117,-999.120422,-153.942139,0.868454,-0.308954,-0.387731,0.100000,0.020000,1,0.463061
20.901045,23.850813,0.899059,90.172165,52.012672,97.790176,4596.300781,769.680054,5164.727539,0.605871,-0.367232,0.705734,0.100000,0.020000,1,0.686899
21.048561,23.615021,-0.358648,82.674194,-23.948116,-58.112381,6011.768066,-1168.281250,-4329.335938,0.910529,-0.311509,-0.271844,0.100000,0.020000,1,0.024871
20.849316,23.798059,0.454182,20.840446,-0.279324,22.245476,1423.497314,892.323120,1931.264160,0.859518,-0.251473,0.444960,0.100000,0.020000,1,0.151942
20.689184,23.966259,-0.048268,282.441040,-376.030823,-76.603241,16898.394531,-22277.257812,-4667.101074,0.973515,-0.194569,-0.120049,0.100000,0.020000,1,0.973551
20.686306,23.583761,-0.115494,-51.976585,-25.979813,-26.082144,-3518.479980,-3059.484375,-1339.412231,0.981127,-0.191718,0.025178,0.100000,0.020000,1,0.346899
21.425274,23.155483,0.180917,412.424194,-72.116653,130.036896,29093.808594,-6244.739258,11016.793945,0.687379,-0.289126,-0.666271,0.100000,0.020000,1,0.152138
20.295429,22.946541,0.199889,68.392838,59.664333,83.391953,-8847.504883,-13964.103516,1048.900879,0.809451,-0.235578,-0.537859,0.100000,0.020000,1,0.408343
20.395525,23.339039,0.098230,122.713394,-31.693970,230.119720,5693.260742,-3202.743652,14046.630859,0.939546,-0.184272,0.288613,0.100000,0.020000,1,0.971754
20.862463,23.667103,-0.123789,-51.763489,94.333511,-38.412025,-3409.411133,6116.926270,-2187.393066,0.952422,-0.181435,-0.244897,0.100000,0.020000,1,0.331542
20.390137,23.320431,0.200808,301.828674,-91.863678,-550.126831,16871.646484,-7115.672852,-34380.875000,0.972182,-0.170248,0.160868,0.100000,0.020000,1,0.002788
20.620699,24.459925,-1.068450,68.353485,251.242905,-139.029388,1501.250732,7629.449219,-4067.166748,0.435465,-0.382766,-0.814776,0.100000,0.020000,1,0.810731
20.545416,23.516708,0.653625,4.355642,-82.130829,-5.399240,-263.098694,-5478.496094,214.985474,0.660386,-0.255356,0.706175,0.100000,0.020000,1,0.270560
20.670563,23.424501,0.556898,-80.143814,52.481812,-75.979324,-5519.138672,2428.838135,-4240.135254,0.797859,-0.181124,0.574992,0.100000,0.020000,1,0.264955
20.429117,23.056704,0.184191,39.016129,34.246452,598.228271,684.417236,-465.921234,37177.839844,0.891865,-0.108926,0.438990,0.100000,0.020000,1,0.635971
20.555412,22.902512,-0.056193,-49.444855,-319.995392,104.808731,-1149.220093,-9872.900391,-878.964844,0.917710,-0.095358,-0.385636,0.100000,0.020000,1,0.118897
20.900328,23.814884,-0.286278,-332.748474,101.018105,1005.598755,-21169.419922,6645.816406,62239.414062,0.999807,-0.015165,0.012460,0.100000,0.020000,1,0.922232
20.440563,24.036821,1.107405,-46.539139,71.783417,269.659912,-4999.768555,5657.249023,21221.566406,0.990310,0.006814,0.138710,0.100000,0.020000,1,0.193172
20.194304,23.365274,-0.600491,300.898254,-140.806885,162.153809,17347.394531,-9784.142578,10165.329102,0.546546,-0.272657,-0.791799,0.100000,0.020000,1,0.865396
20.570759,24.050829,-0.069799,-221.718170,-78.894463,-73.938446,-15516.757812,-3844.162842,-4539.580566,0.990447,0.022496,-0.136049,0.100000,0.020000,1,0.017113
20.552366,23.583719,-0.139297,-6.939369,-83.958565,95.758316,-3768.068359,-3601.541016,4941.801758,0.757786,-0.106278,-0.643789,0.100000,0.020000,1,0.904829
20.416634,23.250967,0.615996,525.427979,-247.406158,41.658386,31079.000000,-17990.644531,6016.778320,0.961700,0.074088,-0.263901,0.100000,0.020000,1,0.219953
20.882378,24.155605,0.436977,-115.587036,182.384460,113.396515,-6984.942871,13161.068359,7234.998047,0.823200,-0.012479,0.567614,0.100000,0.020000,1,0.834736
20.389961,23.758314,0.288088,-53.163757,-45.853920,150.718597,-5179.661621,-2965.418457,12357.397461,0.846507,0.008108,-0.532316,0.100000,0.020000,1,0.850733
21.202488,23.762529,1.154516,237.870453,16.775177,153.855927,7300.561035,1727.933350,5086.522461,0.398734,-0.366453,0.840668,0.100000,0.020000,1,0.174612
20.566587,23.852558,0.557191,17.214128,66.156448,35.463734,402.481598,4731.843750,2452.607422,0.723522,-0.074463,0.686274,0.100000,0.020000,1,0.455392
21.464491,24.376705,-0.059781,190.032043,44.614517,-98.869324,14459.486328,5075.777832,-7766.149414,0.905500,0.092959,0.414039,0.100000,0.020000,1,0.624013
20.669970,24.344872,0.090407,-15.892769,51.651443,-23.065109,-1994.402954,5272.361328,-1987.593628,0.946239,0.132230,0.295208,0.100000,0.020000,1,0.295081
20.905420,24.063501,-0.374633,-378.175354,-99.890167,109.667236,-23792.736328,-5466.890625,6502.555176,0.919143,0.129822,-0.371917,0.100000,0.020000,1,0.721990
20.560352,23.852465,0.589404,118.080978,-111.040573,-151.130981,7442.525391,-5950.674805,-9610.371094,0.511441,-0.248955,0.822465,0.100000,0.020000,1,0.323357
20.655226,23.566822,0.046211,-52.263504,64.315125,69.389145,-4430.446777,2570.108154,4125.221191,0.966078,0.213471,0.145342,0.100000,0.020000,1,0.635562
20.907398,24.222519,-0.053127,18.378773,1.208305,7.560263,1065.651245,1318.343384,560.976807,0.971217,0.216534,-0.099250,0.100000,0.020000,1,0.351543
20.606737,23.916571,0.087154,53.197128,-15.792431,-28.644043,2008.213135,-1131.657104,-1469.057495,0.968775,0.247808,0.008191,0.100000,0.020000,1,0.251111
20.194212,23.812950,-0.645157,140.132812,-167.824188,177.535461,7089.682129,-9957.136719,10981.730469,0.574415,-0.162677,-0.802236,0.100000,0.020000,1,0.476817
20.787380,24.262623,-0.221273,-16.230042,-230.818634,-14.118641,-1509.985962,-13271.569336,-1026.098877,0.933747,0.249812,-0.256341,0.100000,0.020000,1,0.834149
20.487984,23.900314,-0.376212,-3.697083,-42.630104,12.214252,-1390.437988,-2392.712158,1188.113770,0.760000,0.074101,-0.645685,0.100000,0.020000,1,0.203172
20.687111,23.608667,0.020575,169.494431,53.486370,256.682159,9821.844727,1885.719238,15441.624023,0.923754,0.266870,0.274698,0.100000,0.020000,1,0.302555
20.754721,23.798744,-0.598841,-217.928680,116.326797,31.434055,-13386.663086,7503.026367,1860.370605,0.634994,-0.025687,-0.772090,0.100000,0.020000,1,0.218404
20.514912,24.407362,-0.601264,-21.282120,61.365814,-28.213417,-2565.435791,5902.367188,-2589.433594,0.808427,0.201304,-0.553102,0.100000,0.020000,1,0.024462
20.501635,24.149183,-0.139750,-29.941025,-2.403294,28.869095,-3391.175781,457.911163,2390.670898,0.872535,0.314268,-0.374057,0.100000,0.020000,1,0.446922
20.598839,23.771904,0.648533,21.322365,-5.874443,19.893669,827.218933,-694.936829,1793.950073,0.702480,0.097719,0.704962,0.100000,0.020000,1,0.770391
20.312605,23.991539,0.391012,143.104813,-35.603554,-80.505569,7044.948242,-2014.050293,-5246.862793,0.781897,0.218087,0.584016,0.100000,0.020000,1,0.321542
20.093828,23.322269,0.426262,185.896332,-28.741409,-119.584732,8618.785156,-4685.931641,-7096.238770,0.843252,0.320580,0.431457,0.100000,0.020000,1,0.080283
20.946411,23.336775,0.863043,143.398804,-138.700302,41.785294,10518.869141,-10210.610352,3697.112061,0.546955,-0.131911,0.826704,0.100000,0.020000,1,0.801834
20.847101,24.066002,-0.148152,-197.088409,135.075226,-240.297546,-12548.867188,8321.197266,-15447.772461,0.879032,0.463884,-0.110067,0.100000,0.020000,1,0.791157
20.464628,24.131584,-0.311311,743.992737,-232.979477,-335.165039,45778.574219,-13916.793945,-20457.845703,0.727243,0.223935,-0.648823,0.100000,0.020000,1,0.230078
20.008215,24.269161,0.045979,-185.192383,-17.256113,71.195557,-15203.700195,-446.820404,5492.310547,0.847196,0.462360,-0.261692,0.100000,0.020000,1,0.866606
21.128365,23.048405,1.252642,467.795441,-488.594238,276.481567,18262.917969,-23341.365234,9608.712891,0.858966,0.483786,0.167717,0.100000,0.020000,1,0.986648
20.717012,24.141701,-0.431602,52.492996,53.280701,-25.419373,3022.235107,3812.819580,-1767.345337,0.771198,0.348756,-0.532562,0.100000,0.020000,1,0.935080
20.729504,24.353806,0.830501,27.548176,49.703644,75.907196,1769.232422,4837.068848,6154.367188,0.693052,0.227439,0.684069,0.100000,0.020000,1,0.825056
20.914499,24.096107,0.213173,59.821602,-45.210770,47.813164,4000.883545,-3081.641602,3810.197998,0.859474,0.510176,0.032017,0.100000,0.020000,1,0.003802
20.732836,24.241388,0.453407,-134.005859,-24.178061,-68.387817,-8538.805664,-782.343933,-4191.414062,0.722580,0.384729,0.574335,0.100000,0.020000,1,0.187744
18.922764,24.002357,2.389937,-522.026611,-89.986877,592.099426,-12895.804688,-3074.763916,26334.042969,0.796291,0.533175,0.285736,0.100000,0.020000,1,0.348892
20.457899,25.618856,0.786897,-11.012596,311.979065,146.449280,-2027.614258,25823.488281,11201.825195,0.747777,0.504299,0.431870,0.100000,0.020000,1,0.173811
20.577806,24.237011,-0.343731,28.128323,51.324448,-35.585945,900.276550,3565.761230,-2467.124268,0.761087,0.514871,-0.394531,0.100000,0.020000,1,0.027807
20.412588,24.251991,1.044383,18.834553,10.448727,356.420074,1072.868774,-961.245361,10233.984375,0.761151,0.640625,-0.101243,0.100000,0.020000,1,0.133916
18.126677,24.198668,-1.134515,-310.954773,241.951996,-462.464386,-22800.048828,-6540.447754,-22537.833984,0.742495,0.652795,0.150200,0.100000,0.020000,1,0.437366
20.554329,24.376785,0.003809,49.578430,-0.373171,22.336086,2180.955078,403.433258,1312.489258,0.743137,0.668129,0.036775,0.100000,0.020000,1,0.914420
20.278273,23.490377,-0.708740,56.322418,22.249069,128.006668,2062.847412,-224.143265,7587.816895,0.583350,0.130809,-0.801618,0.100000,0.020000,1,0.993304
20.796997,23.356001,-0.583243,54.842758,-298.559937,-178.112457,3711.505859,-12671.314453,-11875.205078,0.690350,0.658744,0.299121,0.100000,0.020000,1,0.497636
20.555773,24.247320,-0.517231,-50.290863,-40.707748,79.743530,-3697.021240,-1880.000977,4926.835938,0.626249,0.403710,-0.666956,0.100000,0.020000,1,0.384374
20.615993,24.353989,0.399572,-341.549927,-34.185165,-388.483063,-21915.248047,-1364.839966,-24588.021484,0.646309,0.514409,0.563620,0.100000,0.020000,1,0.929332
20.553383,24.344118,-0.474159,-11.835487,-42.286072,55.381706,-1390.217041,-2018.581177,3130.750488,0.652205,0.547120,-0.524679,0.100000,0.020000,1,0.679443
20.181131,23.839630,0.827514,33.267769,31.252222,239.496521,-493.269745,157.818466,15870.617188,0.665861,0.643056,-0.378297,0.100000,0.020000,1,0.506284
20.932207,24.305370,0.755076,111.651764,15.936195,58.832855,8169.518066,2001.344482,4716.250000,0.604814,0.382064,0.698733,0.100000,0.020000,1,0.682931
20.474209,24.205711,-0.743161,11.214826,-63.727135,861.242920,58.791115,-3034.543701,53673.917969,0.567849,0.248950,-0.784584,0.100000,0.020000,1,0.856730
19.992207,24.355539,0.437808,-138.457077,255.219604,-172.085739,-11339.227539,18042.121094,-11557.155273,0.554216,0.146314,0.819413,0.100000,0.020000,1,0.282233
20.474985,24.245832,-0.249203,11.523618,-3.329596,-33.831444,-203.698959,-541.867676,-2328.755371,0.627697,0.728161,-0.275280,0.100000,0.020000,1,0.012575
20.545073,24.421787,0.363263,-45.239319,-8.732395,-91.986160,-3351.136719,-15.692739,-5634.313965,0.585066,0.683223,0.436925,0.100000,0.020000,1,0.715833
20.364405,25.266325,-1.057829,-29.614120,255.058212,-220.225586,6160.686523,-1955.346680,-22165.160156,0.586880,0.808868,0.036103,0.100000,0.020000,1,0.503633
20.348888,24.649576,0.066653,153.736572,-212.928986,-203.703705,8400.875000,-12363.329102,-12268.475586,0.572606,0.813596,-0.100916,0.100000,0.020000,1,0.019550
21.724283,24.559616,0.011871,327.132141,38.416603,133.041290,25222.140625,3611.117676,10064.469727,0.541731,0.656506,-0.524906,0.100000,0.020000,1,0.008322
20.410315,24.531778,0.354361,459.769623,-276.436249,-531.032104,28081.312500,-16798.607422,-32928.570312,0.540012,0.790497,0.288965,0.100000,0.020000,1,0.269759
20.304861,24.489956,0.161601,-102.948547,83.745598,-92.274017,-7893.429199,5656.948730,-5650.435059,0.542568,0.824099,0.162727,0.100000,0.020000,1,0.904740
20.016975,23.923122,-0.235586,-102.717789,-112.519409,-211.631256,-8967.547852,-8115.776367,-16441.744141,0.526636,0.508465,0.681262,0.100000,0.020000,1,0.997930
20.721548,24.362013,-0.439122,74.386047,-33.725121,-86.498795,5101.717773,-2264.922363,-6522.810059,0.523942,0.814050,-0.250615,0.100000,0.020000,1,0.355333
20.615295,24.071321,1.029491,37.107628,-14.679264,98.380402,2399.779541,-496.521729,8012.522461,0.530685,0.245341,0.811284,0.100000,0.020000,1,0.444858
20.449905,24.529303,0.481847,-4.970572,-322.959595,-146.570282,-947.842163,-19292.164062,-9011.304688,0.504840,0.643316,0.575571,0.100000,0.020000,1,0.823294
20.104578,24.585192,-0.533707,-65.496613,50.332214,-7.511778,-6175.909668,4806.665527,-633.600769,0.499841,0.546221,-0.672162,0.100000,0.020000,1,0.051314
20.385866,24.525927,-0.278671,5.712599,-37.327213,-8.176588,-475.861877,-1723.127441,-448.265503,0.474797,0.783940,-0.400009,0.100000,0.020000,1,0.264528
20.210241,24.673658,-0.125979,66.790070,175.841583,-35.910263,2696.227539,12357.352539,-4101.853027,0.458807,0.780423,0.424778,0.100000,0.020000,1,0.061368
20.508169,24.012119,1.218374,63.229919,-150.029694,285.333252,3923.968750,-11386.973633,22567.078125,0.384265,0.906752,0.173610,0.100000,0.020000,1,0.939973
20.137756,23.890852,0.212140,52.323620,29.073145,102.888931,1692.480469,-615.406372,7775.709961,0.382162,0.915169,-0.128131,0.100000,0.020000,1,0.722274
20.431660,24.309994,-0.555292,-35.635452,-164.990601,-36.624062,-2819.545654,-9462.750977,-2210.340576,0.476350,0.393866,-0.786105,0.100000,0.020000,1,0.013803
20.558275,24.227669,-0.329988,102.937042,60.592209,169.635864,6645.288574,3225.445312,10862.939453,0.391153,0.773928,-0.498031,0.100000,0.020000,1,0.885629
20.378408,24.150434,-0.133671,59.099236,-15.155334,7.977951,3183.656494,-2252.970947,766.870972,0.365202,0.891886,-0.266771,0.100000,0.020000,1,0.941770
20.456081,23.809671,-0.850478,77.602112,-21.799957,-97.571457,4593.981445,-3249.137207,-7661.366211,0.408967,0.623984,-0.665875,0.100000,0.020000,1,0.634975
18.624575,25.847580,0.317759,-377.721344,635.096130,-142.249237,-9532.358398,25998.121094,-8318.088867,0.311572,0.906123,0.286117,0.100000,0.020000,1,0.728805
21.892809,24.685341,1.291592,447.977722,148.404755,167.931946,16212.546875,5330.039062,10291.696289,0.460975,0.360342,0.810960,0.100000,0.020000,1,0.632466
20.447548,24.711475,-0.160035,92.032074,70.122391,-60.501122,5760.329102,5516.541992,-3309.808105,0.299577,0.874127,-0.382302,0.100000,0.020000,1,0.690262
20.208363,24.579479,0.553903,-99.741684,-248.850342,-472.812103,-7355.235352,-14827.032227,-29265.923828,0.310219,0.765585,0.563598,0.100000,0.020000,1,0.459699
20.147530,25.048458,0.406738,-13.239487,101.814850,95.083664,-2156.954590,8676.136719,7670.990234,0.300350,0.953778,0.009897,0.100000,0.020000,1,0.137261
20.625448,25.025003,1.730971,106.183075,185.776581,341.299561,3074.760986,6795.337891,12335.014648,0.345394,0.624815,0.700221,0.100000,0.020000,1,0.916876
20.486061,25.935877,-0.594283,75.390778,435.126648,-263.772644,5935.651367,14692.006836,-12395.145508,0.251865,0.873324,0.416976,0.100000,0.020000,1,0.520413
19.773470,23.489748,-0.402326,431.449310,-175.808105,-316.069397,24155.240234,-13865.521484,-19218.960938,0.393086,0.481805,-0.783165,0.100000,0.020000,1,0.472848
21.603811,25.568489,-1.523648,421.235962,265.590515,-396.977966,31706.947266,21105.685547,-31860.878906,0.186086,0.972284,0.141547,0.100000,0.020000,1,0.814504
19.442041,23.531620,1.481395,-98.388428,24.632309,374.299103,3445.055664,-4787.093750,25103.505859,0.159932,0.978627,-0.129270,0.100000,0.020000,1,0.211856
20.162304,24.678228,0.067601,-65.876343,-136.537827,-104.454468,-4963.350098,-8053.927246,-6332.407715,0.152909,0.988215,0.007031,0.100000,0.020000,1,0.862193
20.144426,24.526030,-0.470689,437.385315,-302.196320,-562.307922,26523.335938,-18294.394531,-35453.968750,0.235804,0.721340,-0.651203,0.100000,0.020000,1,0.775391
19.786091,24.657455,-0.742150,-60.952332,-3.248104,-246.726746,-6110.870605,388.321045,-19574.070312,0.119089,0.949028,0.291826,0.100000,0.020000,1,0.775142
20.151531,24.653402,-0.126344,75.329071,-263.508240,-600.431885,4043.716309,-16092.049805,-37632.945312,0.110311,0.959837,-0.257961,0.100000,0.020000,1,0.852388
21.443867,25.078882,-0.435491,340.247437,129.360809,-165.716354,28460.992188,12706.913086,-529.363770,0.164711,0.820981,0.546682,0.100000,0.020000,1,0.478276
20.338139,24.202553,-1.159705,45.779167,-90.986877,-230.118683,2823.012695,-6680.833984,-17744.341797,0.161801,0.833579,-0.528172,0.100000,0.020000,1,0.222835
20.208479,25.183487,-0.499293,36.713154,121.261414,-44.146194,1885.681030,10517.487305,-3741.593750,0.099357,0.924801,-0.367248,0.100000,0.020000,1,0.063556
20.320721,24.524815,0.514708,-371.249084,-212.129303,-21.991573,-23740.054688,-12510.123047,-1365.236450,0.224768,0.687307,0.690716,0.100000,0.020000,1,0.788630
20.190048,24.501150,0.357851,-27.764206,211.920898,-368.556152,-2120.086670,13409.735352,-22998.689453,0.054891,0.915123,0.399421,0.100000,0.020000,1,0.131834
20.418909,24.186188,0.698157,29.985474,-2.326146,11.771400,1646.546021,63.460529,1143.892334,0.351626,0.457274,0.816860,0.100000,0.020000,1,0.969672
19.753740,24.748198,-0.043584,-21.747444,34.842232,-14.712826,-3316.487549,2983.460449,-1142.371094,-0.029591,0.999510,0.010241,0.100000,0.020000,1,0.512477
20.257877,24.186415,-0.754763,11.649560,-26.593567,-31.177742,60.833576,-1806.659546,-2705.803711,0.266739,0.560156,-0.784268,0.100000,0.020000,1,0.707648
20.689703,24.656656,-0.038871,222.014160,12.054195,-59.159103,16062.379883,1193.823608,-4344.467773,-0.054755,0.987861,0.145366,0.100000,0.020000,1,0.960472
19.620014,24.313332,-0.195145,-229.679688,-197.175079,301.921936,-16873.335938,-13393.120117,18966.447266,-0.068166,0.969571,-0.235127,0.100000,0.020000,1,0.870966
20.335114,25.375774,0.648452,113.503143,213.307556,123.676941,7812.034668,16885.021484,10825.669922,-0.080809,0.991663,-0.100376,0.100000,0.020000,1,0.953444
20.218439,25.118973,-1.056464,157.374298,162.771454,-252.511551,8090.446289,893.533447,-8658.164062,0.086348,0.746920,-0.659284,0.100000,0.020000,1,0.417347
21.384106,23.543373,0.558775,378.544006,-260.215027,251.523285,28700.861328,-20199.650391,19837.693359,0.000204,0.849337,-0.527851,0.100000,0.020000,1,0.224757
20.274771,23.179567,-1.182388,222.637756,-89.259247,-303.687683,15792.722656,-8767.601562,-31507.667969,-0.115155,0.946951,0.300040,0.100000,0.020000,1,0.242516
19.989914,24.325560,0.395125,-16.693542,35.480656,25.723160,-1943.758545,1753.358154,1609.588623,-0.040532,0.840359,0.540513,0.100000,0.020000,1,0.771067
19.592762,24.108309,-1.341769,10.968086,54.419121,-237.890564,-1638.093628,1768.789917,-19487.859375,-0.115977,0.922388,-0.368442,0.100000,0.020000,1,0.782936
20.142822,24.644329,0.144235,50.295128,21.486938,-35.620934,3175.726562,2002.854370,-2941.893311,-0.124901,0.898549,0.420726,0.100000,0.020000,1,0.286130
20.730854,24.547260,1.317314,199.215469,-6.371999,285.959778,5284.716797,-152.446259,9833.244141,0.054461,0.709421,0.702678,0.100000,0.020000,1,0.095302
20.041195,24.724567,-0.160213,-38.576347,-257.727661,148.014526,-2522.485840,-15517.346680,9017.133789,-0.236664,0.965159,-0.111611,0.100000,0.020000,1,0.997005
20.037354,24.643305,-0.576690,-217.503021,-81.855705,450.779968,-14944.058594,-3557.096680,28453.054688,0.141952,0.606831,-0.782052,0.100000,0.020000,1,0.729001
20.210266,24.211023,0.631199,0.325422,-4.482423,-18.774895,-702.481323,-228.548111,-1066.679688,0.220522,0.531696,0.817722,0.100000,0.020000,1,0.547781
19.881189,24.559807,-0.463812,-1.381458,-122.425964,152.144226,-1014.975464,-7300.543945,9182.900391,-0.174472,0.852582,-0.492608,0.100000,0.020000,1,0.257214
19.794092,24.123594,0.160754,-61.634460,-62.094818,-90.779236,-4861.641602,-5639.698242,-5482.018555,-0.283208,0.949145,0.137540,0.100000,0.020000,1,0.330991
19.921808,24.465183,-0.737058,-0.905006,20.385693,-56.652527,-1091.348755,1625.572021,-4671.125977,-0.080200,0.760582,-0.644269,0.100000,0.020000,1,0.009336
19.745333,24.417978,0.360719,205.680786,-252.072144,108.998550,11499.308594,-16002.448242,6751.568848,-0.176781,0.828736,0.530986,0.100000,0.020000,1,0.667805
19.412468,25.367786,0.772295,-108.759094,237.682892,174.510178,-3982.698242,8803.098633,4991.843750,-0.287515,0.919760,0.267163,0.100000,0.020000,1,0.388485
19.408680,25.074907,0.157978,-70.229050,129.284241,40.444138,-6948.809082,10403.518555,3088.759521,-0.304445,0.951675,0.040340,0.100000,0.020000,1,0.051723
21.082188,24.116920,0.022341,405.430206,-135.763962,71.462791,11682.457031,-3325.365234,1372.250610,-0.322906,0.916564,-0.235885,0.100000,0.020000,1,0.028038
19.962683,24.323734,0.440030,85.696121,132.354736,58.949577,4575.598145,8213.245117,3453.561768,-0.087374,0.724571,0.683639,0.100000,0.020000,1,0.429732
19.686041,24.200573,-0.055408,137.690338,-135.258118,-160.160919,7343.310547,-9693.427734,-9142.778320,-0.302017,0.870358,-0.388925,0.100000,0.020000,1,0.812617
20.662567,24.513842,0.393009,197.076416,107.457184,21.777861,13945.666016,7907.294434,544.835754,0.108606,0.586810,0.802408,0.100000,0.020000,1,0.862780
19.810032,24.540749,0.126788,-323.897369,-197.412476,391.224091,-21071.597656,-12088.607422,23936.740234,-0.364306,0.832261,0.417880,0.100000,0.020000,1,0.307484
19.273104,24.103159,1.094466,-27.868301,25.381393,306.430084,-4325.487305,-40.826191,23895.615234,-0.465021,0.885276,0.006554,0.100000,0.020000,1,0.128595
20.199751,24.384926,-0.677961,47.169174,5.195156,-5.028809,1428.165527,1559.660400,-2173.082764,-0.001693,0.621355,-0.783527,0.100000,0.020000,1,0.725371
19.810263,24.500658,-0.135354,229.208710,163.967926,119.150452,14126.573242,10474.347656,7746.191895,-0.456577,0.851837,-0.256730,0.100000,0.020000,1,0.656115
19.793554,24.448288,0.226402,-129.183929,31.838928,-146.332977,-8518.486328,1953.824951,-9135.157227,-0.470660,0.838643,0.274148,0.100000,0.020000,1,0.830875
18.907267,25.339262,-0.036670,-125.402893,279.119995,-41.919144,-11920.628906,21228.837891,-3298.842773,-0.491872,0.855431,0.162170,0.100000,0.020000,1,0.380104
19.688082,24.506472,-0.083659,292.052368,78.331329,53.419083,17732.791016,5073.729492,3391.528320,-0.504734,0.854913,-0.119860,0.100000,0.020000,1,0.431067
19.808641,24.411249,-0.546417,86.871887,19.451469,-54.200203,4373.117188,980.816040,-2541.627441,-0.268275,0.723960,-0.635539,0.100000,0.020000,1,0.587445
19.587412,24.461632,-0.075752,-141.124878,21.197979,137.056259,-10427.045898,1652.531860,6624.520020,-0.370768,0.744629,0.555031,0.100000,0.020000,1,0.581200
20.252785,23.961609,1.200649,116.943298,-109.623962,197.857300,8275.663086,-8478.513672,15392.746094,-0.249398,0.683498,0.686026,0.100000,0.020000,1,0.617340
21.139507,24.274982,-0.087669,417.066223,-37.367561,97.264816,31411.015625,-2848.906250,7374.466309,-0.408990,0.750036,-0.519781,0.100000,0.020000,1,0.311879
19.603745,24.508856,-0.335123,151.422165,-1.799992,19.498491,8536.391602,257.899536,943.761719,-0.510321,0.780358,-0.361405,0.100000,0.020000,1,0.252232
19.638588,24.479710,0.247041,11.255745,33.749107,0.812636,-50.014107,2565.037354,-251.732574,-0.543195,0.719075,0.433441,0.100000,0.020000,1,0.935560
19.041311,25.052837,0.261637,-161.087708,182.428802,96.844604,-9301.208984,6462.553223,3920.485352,-0.655091,0.748997,-0.099292,0.100000,0.020000,1,0.219846
19.723896,24.560770,0.273852,-54.243988,53.772217,-74.666885,-5428.064941,4727.456543,-6090.076172,-0.022374,0.574199,0.818410,0.100000,0.020000,1,0.947981
20.822599,22.857426,-1.574389,319.507416,-127.227020,-312.493225,10640.931641,3504.037109,-14050.084961,-0.156767,0.606550,-0.779437,0.100000,0.020000,1,0.641541
21.159245,24.698523,-0.878150,372.282593,113.802277,-84.981918,28641.027344,8750.781250,-7061.519531,-0.394835,0.658997,-0.640178,0.100000,0.020000,1,0.761173
19.381021,24.308119,-0.495430,-20.580383,34.273407,-11.374943,-3199.648438,1969.364990,-1250.358398,-0.521071,0.692301,-0.499204,0.100000,0.020000,1,0.878884
19.561546,24.360973,0.146368,-36.561768,-107.275070,-18.891823,-2997.181885,-6881.536133,-1061.426025,-0.669288,0.726442,0.156000,0.100000,0.020000,1,0.240754
21.132290,25.671122,0.233418,390.587708,285.233063,95.997894,14988.901367,8063.222656,-10799.517578,-0.678961,0.733930,0.018927,0.100000,0.020000,1,0.429715
21.023174,24.093529,0.156540,408.590698,5.203796,96.598572,24373.148438,6833.517578,6313.430176,-0.666180,0.704535,-0.244612,0.100000,0.020000,1,0.087401
19.505262,24.293720,0.233178,-13.481266,26.066387,-138.075714,-1788.987427,1340.787598,-8564.286133,-0.663199,0.699115,0.267218,0.100000,0.020000,1,0.060122
19.601000,24.335476,0.631264,205.836273,-43.935402,-182.799225,11636.945312,-2633.221680,-10955.517578,-0.397410,0.630175,0.667042,0.100000,0.020000,1,0.228761
20.457443,23.947441,2.827746,106.813293,-119.908813,619.576538,15641.656250,208.730469,38256.187500,-0.158088,0.582380,0.797397,0.100000,0.020000,1,0.936023
19.769312,24.927906,1.051943,6.685158,167.290863,207.005127,3212.285645,8039.294922,4332.390137,-0.530648,0.633355,0.563272,0.100000,0.020000,1,0.018038
19.494642,24.118925,-0.126813,-128.653015,82.593201,65.939255,-9050.144531,4395.456055,4817.848633,-0.675537,0.628927,-0.384838,0.100000,0.020000,1,0.323552
19.624964,23.474857,-0.007282,-290.012238,210.234085,229.224854,-18698.658203,9832.958984,13124.990234,-0.671488,0.606107,0.426308,0.100000,0.020000,1,0.294974
19.041538,24.575073,0.052447,-96.292877,76.350037,23.290092,-8508.720703,5999.590820,2034.765015,-0.798468,0.591501,-0.112143,0.100000,0.020000,1,0.665012
19.448996,24.250410,0.078070,29.053982,-4.068490,0.233339,1130.788940,-433.570251,279.924988,-0.806360,0.591093,0.019816,0.100000,0.020000,1,0.149094
20.145552,24.592482,0.293358,203.835571,216.853790,194.718811,16037.998047,7981.534180,17127.003906,-0.283132,0.552320,-0.784078,0.100000,0.020000,1,0.277945
19.915668,24.765259,0.055915,103.745796,134.711060,136.831207,3007.021973,11857.446289,10467.288086,-0.551714,0.548288,-0.628484,0.100000,0.020000,1,0.962661
19.218609,23.955929,-0.151375,178.687653,-72.378555,-86.068436,9213.105469,-5802.002930,-4531.855469,-0.675492,0.544045,-0.497720,0.100000,0.020000,1,0.374018
19.344215,24.188915,-0.180264,166.458893,-198.070206,14.878674,9356.444336,-12798.332031,937.818726,-0.800449,0.547457,-0.244076,0.100000,0.020000,1,0.576982
19.176083,24.174900,0.713605,-30.643822,38.559288,109.115601,-3798.030762,2096.388672,9047.505859,-0.796726,0.542248,0.266823,0.100000,0.020000,1,0.513616
19.540766,24.415142,0.292493,-206.777496,-288.655762,-189.781876,-13317.231445,-17571.078125,-11271.793945,-0.820794,0.546228,0.167135,0.100000,0.020000,1,0.109733
20.666851,23.516701,-1.257687,257.928741,-221.810455,-186.669281,7241.287109,-7117.953613,-5109.164062,-0.384327,0.529920,-0.755962,0.100000,0.020000,1,0.285419
19.054602,23.913662,0.810270,-147.230865,-81.910767,95.663437,-3746.831787,-1837.285278,5106.066406,-0.670915,0.510626,0.537711,0.100000,0.020000,1,0.887016
19.532368,24.368347,-0.279656,27.861744,-678.402344,-183.579300,1343.198242,-42203.820312,-11587.480469,-0.780766,0.496460,-0.379382,0.100000,0.020000,1,0.937749
19.357489,24.122612,0.479683,-41.072098,15.584042,17.315113,-2838.175049,1071.196533,1472.931152,-0.782394,0.479588,0.397309,0.100000,0.020000,1,0.836996
20.755199,25.480219,-0.844847,346.109253,369.804382,-383.077423,15531.683594,23563.742188,-17527.300781,-0.528432,0.491391,0.692311,0.100000,0.020000,1,0.840181
19.494553,24.091917,-0.047064,50.031372,-45.274605,40.445740,2965.535645,-3237.521240,2310.968262,-0.898723,0.438270,0.014709,0.100000,0.020000,1,0.779947
19.794788,24.216663,0.654133,70.822273,-6.429373,-32.280128,3487.697998,-390.931152,-1817.606812,-0.250666,0.521074,0.815873,0.100000,0.020000,1,0.126406
19.529802,24.194778,-0.335983,129.288544,-38.564743,-112.357620,7695.296387,-2287.668945,-6972.516602,-0.762968,0.416309,-0.494538,0.100000,0.020000,1,0.821960
19.263552,24.102755,-0.299568,81.270386,-33.672432,76.702866,3955.482666,-2296.253418,4334.121582,-0.890056,0.386540,-0.241633,0.100000,0.020000,1,0.634423
19.872097,23.190950,-1.221808,258.638580,-101.269142,-377.332977,-3912.280273,-7630.677246,-14487.732422,-0.925209,0.367448,-0.094708,0.100000,0.020000,1,0.121282
19.662079,23.932285,0.692592,-0.725410,31.276203,-71.569290,-1163.316528,914.091980,-4063.475830,-0.381866,0.476259,0.792058,0.100000,0.020000,1,0.582676
19.657518,24.175632,-0.424158,-280.933350,82.171631,59.351959,-18488.683594,5220.137207,4261.758301,-0.501391,0.443988,-0.742618,0.100000,0.020000,1,0.456371
19.623901,23.990759,-0.770545,2.931698,-16.731529,469.865967,-254.158310,-1751.241699,28401.152344,-0.645972,0.420471,-0.637121,0.100000,0.020000,1,0.144717
19.527395,24.124683,0.001303,-240.180267,-76.305786,461.556702,-15126.938477,-4810.356934,28674.375000,-0.921756,0.357209,0.150888,0.100000,0.020000,1,0.034231
19.523630,24.315130,0.383919,-124.633209,-799.651733,20.858074,-8381.149414,-49640.523438,1215.167969,-0.751838,0.358050,0.553660,0.100000,0.020000,1,0.805962
19.272871,24.019800,0.209003,197.333405,-185.322601,442.787354,11369.360352,-11999.769531,27911.396484,-0.901153,0.316977,0.295717,0.100000,0.020000,1,0.521089
19.655334,23.706905,0.379974,-243.099854,180.778137,238.950256,-15698.401367,9665.826172,14576.426758,-0.628533,0.378048,0.679725,0.100000,0.020000,1,0.872639
20.285130,24.761896,-1.410063,251.500031,190.428223,-303.916199,18961.902344,14874.570312,-23957.351562,-0.881971,0.300496,-0.363084,0.100000,0.020000,1,0.659905
19.271156,24.362591,0.484856,-4.911606,120.810059,10.082890,-1499.799072,8954.986328,1341.281250,-0.866427,0.255671,0.428879,0.100000,0.020000,1,0.634103
19.153023,24.459887,-0.212279,-92.956932,145.195038,38.348125,-1699.615234,4549.152344,2965.875732,-0.838674,0.246152,-0.485834,0.100000,0.020000,1,0.862745
19.267637,25.248619,-1.387469,-28.840935,356.776550,-309.403381,-343.887817,21117.730469,-16048.546875,-0.950563,0.193643,-0.242758,0.100000,0.020000,1,0.957750
19.230467,23.673115,-0.246871,264.025299,-118.580246,-58.945312,15686.144531,-8825.804688,-4842.604492,-0.983114,0.180630,0.029301,0.100000,0.020000,1,0.543742
21.303881,24.951088,1.268006,467.968628,234.618958,193.969543,35635.273438,18266.974609,15132.359375,-0.488875,0.386111,0.782253,0.100000,0.020000,1,0.781388
18.992447,23.998240,-0.518293,-147.743408,-4.602468,-21.524639,-6476.513672,763.478394,-166.733215,-0.725834,0.274348,-0.630791,0.100000,0.020000,1,0.886305
19.319723,24.544403,-0.387334,44.984421,177.026855,-59.136032,2228.016357,13526.556641,-5015.522461,-0.980407,0.164073,-0.109004,0.100000,0.020000,1,0.134307
19.305801,23.686333,-0.189026,-118.928680,97.978378,-125.821915,-8199.395508,4963.931152,-9245.713867,-0.972848,0.160476,0.166772,0.100000,0.020000,1,0.318694
18.925684,23.737360,0.188800,-52.435692,82.675888,171.135925,-10932.656250,-5735.445312,10390.320312,-0.583739,0.318388,-0.746912,0.100000,0.020000,1,0.754714
19.412598,23.956951,0.423041,36.580170,-13.548573,-7.313797,1584.369141,-994.340393,-353.562225,-0.821654,0.186171,0.538726,0.100000,0.020000,1,0.151497
19.658724,24.036184,0.167808,-468.447174,-581.893860,370.881226,-28968.816406,-36330.628906,22894.425781,-0.911536,0.114159,0.395056,0.100000,0.020000,1,0.780071
19.121902,23.689337,-0.338235,419.800842,-222.595947,90.616753,24890.765625,-15088.240234,5444.975098,-0.922741,0.109368,-0.369578,0.100000,0.020000,1,0.828081
20.597261,24.490154,-1.295546,124.612831,-51.948700,-433.072083,-2660.360352,-8207.633789,-13228.448242,-0.948147,0.107328,0.299162,0.100000,0.020000,1,0.146390
21.268549,22.384708,2.300557,303.406738,-144.591675,581.314453,-1265.708008,-6898.504883,27220.525391,-0.705601,0.220877,0.673306,0.100000,0.020000,1,0.145998
19.772587,23.443710,-0.779461,66.733284,-30.863373,-152.510071,4839.641602,-4123.078613,-10980.178711,-0.770899,0.154657,-0.617896,0.100000,0.020000,1,0.187424
20.807741,22.677668,1.080890,428.967743,-295.208374,334.753479,8378.032227,-6800.217773,19452.675781,-0.990412,0.001422,0.138135,0.100000,0.020000,1,0.786068
18.918383,23.741579,0.393304,296.482361,-166.445709,-237.509766,15524.440430,-13070.160156,-13175.111328,-0.993818,-0.026762,-0.107751,0.100000,0.020000,1,0.358003
18.229263,25.784424,2.666596,-291.871643,632.102539,666.753540,-12354.587891,20932.312500,32167.531250,-0.999161,-0.028788,0.029138,0.100000,0.020000,1,0.299209
19.823608,23.770382,0.606624,34.338482,3.595541,67.150650,2285.762207,-944.610596,4351.696777,-0.548571,0.284780,0.786111,0.100000,0.020000,1,0.359497
20.016062,23.943466,1.096401,17.109369,43.008057,674.362305,-606.858398,-3730.586426,28269.601562,-0.858416,0.046268,-0.510863,0.100000,0.020000,1,0.601556
19.880507,23.340534,1.318009,100.392517,-65.409378,334.806213,8029.663086,-6188.548828,25733.224609,-0.955063,-0.031940,0.294675,0.100000,0.020000,1,0.458613
19.224932,23.943794,0.325343,-48.358307,24.625183,-17.706917,-4448.056641,1837.966064,-1389.267944,-0.847747,0.031800,0.529447,0.100000,0.020000,1,0.721278
19.143593,23.690735,-0.264741,257.469971,-124.656418,204.172531,14898.400391,-8373.850586,12580.363281,-0.963806,-0.061578,-0.259395,0.100000,0.020000,1,0.940240
19.476383,23.958370,0.459151,100.414093,-487.652527,214.668182,5608.336914,-30595.880859,13376.836914,-0.728538,0.090525,0.678997,0.100000,0.020000,1,0.915345
19.730640,23.980083,-1.034877,102.906616,41.348434,-166.656097,7456.600098,3409.606934,-13650.834961,-0.917617,-0.089217,-0.387323,0.100000,0.020000,1,0.190271
19.609463,23.342583,-0.709553,73.524704,7.469013,-36.932690,-258.008545,-10563.936523,-6865.417480,-0.637441,0.165194,-0.752582,0.100000,0.020000,1,0.385566
19.482338,23.530500,0.437397,-96.119965,64.981834,57.207039,-6159.638672,3079.615723,4214.406250,-0.911376,-0.107035,0.397413,0.100000,0.020000,1,0.962127
20.080086,25.317856,1.216929,191.675171,430.700439,279.218384,14742.838867,33863.125000,22654.585938,-0.982550,-0.185132,0.017969,0.100000,0.020000,1,0.572569
19.718851,23.279427,-0.300119,23.082869,0.766526,-38.330994,-5445.576660,-768.338623,-2535.003418,-0.971547,-0.205220,-0.118244,0.100000,0.020000,1,0.531731
20.396688,23.630859,0.019517,268.032104,-65.969826,105.607391,10031.587891,2826.842285,2880.012695,-0.861476,-0.121835,-0.492966,0.100000,0.020000,1,0.797492
19.798620,23.831036,-0.758113,41.591537,-34.181915,0.926277,3400.121582,-2099.970215,-1149.680664,-0.770439,-0.041516,-0.636160,0.100000,0.020000,1,0.377808
17.591654,24.563559,0.462834,-404.141663,250.298889,51.096008,-33343.851562,19547.916016,4648.328125,-0.952668,-0.254773,0.165874,0.100000,0.020000,1,0.995884
19.072363,23.761564,-0.234574,-10.145515,18.881397,-8.298620,-2336.791016,1650.534546,-813.476746,-0.935461,-0.273253,-0.224156,0.100000,0.020000,1,0.836978
19.020191,24.201265,0.165025,-133.080399,174.547150,-28.440254,-10383.792969,13348.111328,-2014.337646,-0.912713,-0.282745,0.294975,0.100000,0.020000,1,0.615685
20.319300,24.607668,0.567958,177.701935,173.474091,-0.202406,13542.478516,13703.671875,-101.593513,-0.582998,0.146252,0.799202,0.100000,0.020000,1,0.419714
19.510403,23.719608,0.742133,11.877549,14.852069,33.574074,221.542938,633.647705,3149.925781,-0.736909,-0.072625,0.672080,0.100000,0.020000,1,0.379943
19.588387,23.458088,-0.080676,56.790794,-16.797115,38.942661,3663.288574,-2094.788574,455.827515,-0.818767,-0.193706,0.540462,0.100000,0.020000,1,0.750959
19.434055,23.600672,-0.216144,64.648239,-68.134659,76.920685,3737.951904,-4464.253418,5090.020996,-0.884209,-0.285912,-0.369364,0.100000,0.020000,1,0.746172
20.734413,24.880945,1.422835,363.142212,363.480682,370.671692,20390.378906,17771.482422,4331.488281,-0.859568,-0.283939,0.424877,0.100000,0.020000,1,0.567996
19.566057,24.019058,-0.717091,45.490395,-107.689651,141.092957,2299.356934,-6135.241211,8236.418945,-0.654874,0.023919,-0.755359,0.100000,0.020000,1,0.104946
20.997736,24.531668,-0.884282,551.479980,273.635681,-377.583252,17119.126953,7975.249512,-12056.751953,-0.891798,-0.429795,0.141324,0.100000,0.020000,1,0.291451
20.051325,23.104940,-0.591275,-21.171877,17.516474,-49.388260,957.928223,-651.345337,-5274.335449,-0.892558,-0.439265,-0.101914,0.100000,0.020000,1,0.093184
19.678902,23.666180,-0.509743,-208.636139,-22.212940,-13.856033,-12934.164062,-1501.233887,-1060.801636,-0.746830,-0.210037,-0.630975,0.100000,0.020000,1,0.695583
18.709332,23.914516,-0.811662,-176.235413,106.933868,-121.061340,-14527.705078,8380.043945,-10271.147461,-0.863900,-0.438714,-0.247400,0.100000,0.020000,1,0.470606
22.875090,23.769335,0.325753,886.234009,157.887390,112.550720,47111.398438,1982.616211,16512.650391,-0.888483,-0.458909,0.000180,0.100000,0.020000,1,0.225629
19.917448,24.707745,0.488588,118.850433,331.057983,1.666489,9541.997070,24131.718750,807.439880,-0.787351,-0.331590,0.519738,0.100000,0.020000,1,0.805624
19.607094,23.633053,-0.426316,-56.379585,-338.424225,-55.319939,-3447.956055,-21205.789062,-3721.208008,-0.794578,-0.338866,-0.503802,0.100000,0.020000,1,0.669247
19.101854,25.058605,-0.197176,-203.822327,245.650360,-8.538193,-14680.403320,21970.433594,-2217.984863,-0.846331,-0.454640,0.277534,0.100000,0.020000,1,0.628711
19.290281,24.177454,0.655425,-123.397110,65.616959,103.969406,-9279.009766,6201.796387,7249.396484,-0.714166,-0.215113,0.666103,0.100000,0.020000,1,0.437384
19.950916,23.808813,1.374470,45.328011,44.893929,214.308472,3735.822998,2644.237305,16813.798828,-0.602898,0.018722,0.797598,0.100000,0.020000,1,0.607322
19.513880,23.397768,-0.159296,-3.040153,8.306975,-290.545929,-2066.078125,-2767.344727,-18194.347656,-0.801740,-0.454684,-0.387911,0.100000,0.020000,1,0.232978
19.441399,23.456686,0.931816,-5.771688,5.538599,173.177490,-824.675232,501.512482,14742.473633,-0.817940,-0.574679,0.026818,0.100000,0.020000,1,0.800962
20.095510,24.056835,-0.451659,111.285187,-85.889481,-159.820038,8661.378906,-4112.072754,-9652.508789,-0.643579,-0.131695,-0.753965,0.100000,0.020000,1,0.278674
19.600046,23.535929,0.187450,-110.876923,-246.185211,-66.263641,-6979.838379,-15315.473633,-4693.631348,-0.764830,-0.488398,0.420122,0.100000,0.020000,1,0.459182
19.429024,23.451853,-0.012779,-35.582973,22.087585,305.844360,-2808.221680,1583.744141,19531.107422,-0.800787,-0.592044,-0.090683,0.100000,0.020000,1,0.128417
19.460161,23.510202,-0.240270,-48.025475,-85.609016,68.701294,-3596.164551,-4195.822754,2734.793945,-0.703271,-0.351777,-0.617789,0.100000,0.020000,1,0.991150
18.823500,23.806562,0.541340,-153.855164,90.160965,53.088387,-12860.449219,7419.141602,5195.664551,-0.781684,-0.608772,0.135525,0.100000,0.020000,1,0.855680
18.305882,24.098770,2.152195,-291.366333,169.300507,474.020142,-23800.166016,13605.208008,38049.972656,-0.751511,-0.597083,0.280575,0.100000,0.020000,1,0.846854
19.009254,23.689110,0.285441,-120.166473,94.906685,-75.926178,-7318.944824,-1426.954590,-2536.429688,-0.606604,-0.099912,0.788701,0.100000,0.020000,1,0.343358
20.322536,24.524521,-0.014132,216.249451,296.368835,-127.868622,10977.867188,15828.710938,5705.949219,-0.702341,-0.484505,0.521510,0.100000,0.020000,1,0.394837
17.445194,24.628975,1.517405,-629.273621,374.477966,670.346863,-14477.012695,8614.449219,351.349609,-0.709062,-0.497446,-0.499778,0.100000,0.020000,1,0.313979
19.451866,23.446259,-0.470705,119.633179,-67.526230,310.236877,6894.012695,-3980.558594,18402.619141,-0.737738,-0.624855,-0.255535,0.100000,0.020000,1,0.768950
19.938341,23.746222,-0.454222,-433.889099,-174.040588,-90.841766,-26438.037109,-10670.982422,-5337.978027,-0.627471,-0.227566,-0.744643,0.100000,0.020000,1,0.787687
19.725206,23.660305,0.514630,-133.765076,-273.887024,-72.281601,-8260.149414,-16884.927734,-4428.687500,-0.657790,-0.372542,0.654618,0.100000,0.020000,1,0.746831
19.623301,23.334591,0.053901,-2.487337,2.534821,-549.018799,-433.951355,7.593353,-31801.281250,-0.682734,-0.617070,0.391277,0.100000,0.020000,1,0.092811
18.282644,24.108622,-2.368748,-338.580536,243.435486,-577.413757,-18436.386719,832.543213,-21068.548828,-0.686367,-0.624287,-0.373049,0.100000,0.020000,1,0.268211
19.660688,23.489046,-0.629974,-6.227562,-83.663162,305.241699,-601.079102,-5163.267090,18510.339844,-0.610162,-0.506931,-0.608870,0.100000,0.020000,1,0.641434
19.776529,23.246128,-0.031775,384.265289,-221.380524,-464.530823,24546.703125,-14286.227539,-29893.277344,-0.630866,-0.763892,0.135931,0.100000,0.020000,1,0.641683
19.690470,23.295811,-0.138430,170.555847,-97.951454,90.436371,10692.658203,-6298.499512,5498.645020,-0.630206,-0.767781,-0.115551,0.100000,0.020000,1,0.762045
18.388422,24.047550,0.598200,-327.934174,190.121994,124.493912,-26331.437500,14960.885742,10265.192383,-0.633566,-0.772905,0.034809,0.100000,0.020000,1,0.675493
20.330538,22.926268,1.008944,151.909485,-18.265770,7.574397,-1348.171631,-12298.250000,-2230.869873,-0.581495,-0.258567,0.771367,0.100000,0.020000,1,0.924243
19.594303,23.699198,1.442053,-284.878601,225.540070,321.759857,-19302.253906,11865.369141,7720.706055,-0.602696,-0.619784,-0.502618,0.100000,0.020000,1,0.315901
20.030111,23.148153,0.196048,-457.793945,268.788513,-334.152161,-27631.519531,16024.160156,-21894.886719,-0.579978,-0.621597,0.526538,0.100000,0.020000,1,0.831675
21.576162,22.207109,-0.792202,523.476929,-302.007843,-285.937531,42268.144531,-24457.259766,-7557.597168,-0.584393,-0.765115,0.270340,0.100000,0.020000,1,0.150749
19.968901,23.620718,-1.096249,-38.432281,154.750458,-239.095795,-1367.242920,11264.463867,-18898.025391,-0.586137,-0.770169,-0.251562,0.100000,0.020000,1,0.820839
20.213249,23.058191,-0.023926,-397.641449,-93.263351,197.748260,-23098.660156,-6815.975586,13488.333008,-0.562561,-0.744705,-0.359081,0.100000,0.020000,1,0.865752
19.182367,24.044037,0.750973,-25.085159,136.199768,-4.580711,-4028.088135,11838.032227,1626.224365,-0.517770,-0.757866,0.396929,0.100000,0.020000,1,0.374498
20.132183,23.357700,-0.953387,19.939682,48.007111,-152.809494,2751.661377,2215.274658,-11298.086914,-0.532443,-0.379239,-0.756757,0.100000,0.020000,1,0.670546
19.615736,23.488886,0.697721,53.902176,-27.416016,-98.662689,2738.983154,-1590.635010,-5415.300293,-0.524559,-0.508672,0.682708,0.100000,0.020000,1,0.358252
19.461128,23.428223,0.077414,1146.686157,-661.127930,-311.755432,70823.210938,-41101.890625,-19421.322266,-0.479786,-0.877208,0.017634,0.100000,0.020000,1,0.860325
19.591393,23.353016,-0.314769,295.132202,-159.468582,-29.191368,15601.166016,-15139.248047,-1356.288330,-0.487338,-0.631737,-0.602835,0.100000,0.020000,1,0.657235
19.907797,23.170340,-0.049980,-238.442291,138.192886,-123.783234,-14792.752930,8417.797852,-7283.265137,-0.456168,-0.855804,-0.243948,0.100000,0.020000,1,0.966807
18.532076,23.964611,1.236943,-359.291718,208.564987,192.673309,-9618.597656,5192.952148,-2466.686523,-0.461097,-0.874410,0.150990,0.100000,0.020000,1,0.239224
19.766045,23.591326,0.584701,-84.493401,18.421200,-130.269775,-5425.423340,1312.613892,-8154.650879,-0.515143,-0.374438,0.770989,0.100000,0.020000,1,0.377736
19.076611,23.712759,-1.642790,-120.289917,72.857788,-386.132263,-10685.589844,6398.372559,-29686.482422,-0.453356,-0.735418,-0.503615,0.100000,0.020000,1,0.514612
18.487743,23.990206,1.565648,-518.479370,300.159393,445.602295,-17931.205078,10046.539062,15063.419922,-0.431627,-0.856879,0.281881,0.100000,0.020000,1,0.748290
19.911997,23.217884,0.598852,-151.498917,90.874954,-69.410080,-9171.061523,5042.523926,-3894.890381,-0.460101,-0.600026,0.654428,0.100000,0.020000,1,0.412917
20.198723,23.002373,-1.136422,89.917938,-50.754139,-156.490204,6839.901367,-4554.863770,-13517.672852,-0.390514,-0.839214,-0.378443,0.100000,0.020000,1,0.025600
18.446247,24.014164,0.858490,-418.875854,307.683533,259.407288,93.728516,1736.206543,11713.181641,-0.398237,-0.909711,-0.117621,0.100000,0.020000,1,0.079820
18.548077,24.816328,0.152657,-289.820129,428.222565,51.160355,-25206.859375,22408.568359,6799.767578,-0.396085,-0.743295,0.539100,0.100000,0.020000,1,0.767277
19.974297,23.327349,-0.292280,-63.774944,-12.411606,110.144501,-2524.995117,2668.967041,7970.229004,-0.455134,-0.478877,-0.750687,0.100000,0.020000,1,0.112936
20.487776,22.835487,0.599498,237.785034,-118.637070,66.761032,5179.022461,-8603.571289,2312.899414,-0.319994,-0.852218,0.413919,0.100000,0.020000,1,0.262908
20.190914,23.006882,0.047217,-236.833755,137.998184,-145.588989,-14244.371094,7757.350098,-8647.649414,-0.283419,-0.951055,-0.123163,0.100000,0.020000,1,0.253548
20.709507,24.483488,1.155869,269.549683,331.144440,429.108215,19608.406250,20817.734375,32362.267578,-0.356464,-0.693628,-0.625950,0.100000,0.020000,1,0.681365
20.109205,23.054056,0.196881,-258.988068,150.216354,-422.126770,-15860.473633,8996.666016,-25912.191406,-0.264866,-0.964108,0.018497,0.100000,0.020000,1,0.047932
20.114290,23.051119,0.090466,-168.906219,98.891739,-178.941452,-10377.736328,5432.498535,-11466.807617,-0.258364,-0.952563,0.160848,0.100000,0.020000,1,0.540343
20.048454,23.247562,0.056246,-71.896744,-66.112976,81.917419,-4207.828125,-3639.250244,4624.244629,-0.236198,-0.938013,0.253656,0.100000,0.020000,1,0.085497
20.125872,23.250746,-0.000243,39.039345,-56.144394,14.540676,3115.914307,-2990.121094,1676.914185,-0.235378,-0.940069,-0.246715,0.100000,0.020000,1,0.461940
19.209230,23.573654,2.217166,-151.694427,169.162613,422.917267,-7673.261719,8219.089844,27432.363281,-0.266913,-0.815965,0.512795,0.100000,0.020000,1,0.796958
20.019617,23.255110,-0.343150,-302.722412,-243.421478,269.427856,-18837.707031,-15143.230469,17089.021484,-0.262600,-0.829907,-0.492236,0.100000,0.020000,1,0.414127
19.984570,23.451849,-0.763955,30.157623,5.441807,-48.247162,2272.289062,575.587708,-3974.497314,-0.357376,-0.576681,-0.734657,0.100000,0.020000,1,0.283888
20.022720,23.622131,0.909998,8.886545,68.147980,101.813599,959.924011,5563.473633,8166.925293,-0.309666,-0.675258,0.669427,0.100000,0.020000,1,0.270791
20.265808,23.358143,-0.328240,-499.775574,-165.489532,-32.256718,-30519.287109,-9512.673828,-2270.115967,-0.170126,-0.913623,-0.369256,0.100000,0.020000,1,0.936218
20.126101,23.148457,0.285775,-59.787239,-2.510877,2.708527,-3347.114014,-146.556946,116.273209,-0.165847,-0.898981,0.405374,0.100000,0.020000,1,0.040583
19.833447,23.406698,0.695682,-13.814896,11.896215,-42.298920,-1044.295288,427.968384,-2211.027588,-0.393796,-0.461988,0.794664,0.100000,0.020000,1,0.025245
20.087980,23.076281,-0.101676,-169.460419,56.124794,-24.570717,-10699.860352,3578.576660,-2059.525146,-0.072910,-0.996968,0.027168,0.100000,0.020000,1,0.520858
19.571642,23.446068,1.737259,-83.685822,50.685753,349.005554,-6751.544922,3346.529297,26927.519531,-0.322888,-0.555021,0.766613,0.100000,0.020000,1,0.018838
19.944778,23.201475,-0.628717,-18.469471,-14.067936,-31.452644,-1417.802368,-1126.548950,-2672.522217,-0.200808,-0.750407,-0.629735,0.100000,0.020000,1,0.749910
21.468737,23.263948,0.103423,350.502563,23.969719,-16.124737,27818.619141,2315.735840,-993.439819,-0.050339,-0.989921,0.132374,0.100000,0.020000,1,0.279155
19.977039,23.426640,0.150034,-333.137329,-279.590088,107.109131,-21570.236328,-16157.056641,7733.267090,-0.049122,-0.992478,-0.112134,0.100000,0.020000,1,0.554668
20.694551,22.741348,0.774750,201.365356,-108.608711,397.089661,11469.599609,-6418.099121,-64.652344,-0.109115,-0.862633,-0.493922,0.100000,0.020000,1,0.404944
21.124681,22.826698,0.107721,301.126099,-87.823746,-7.385687,23235.363281,-6673.590332,-912.773499,-0.043371,-0.955720,0.291063,0.100000,0.020000,1,0.810429
20.074638,23.074934,-0.180097,-25.512508,15.008253,-64.782478,-1813.485229,911.715637,-4136.039062,-0.028469,-0.972998,-0.229052,0.100000,0.020000,1,0.486070
19.638226,23.381126,0.451385,388.807953,-256.038574,-652.747070,22888.613281,-15633.915039,-41281.160156,-0.162249,-0.752762,0.637985,0.100000,0.020000,1,0.884988
19.890287,23.269613,1.232080,-37.394028,27.141693,233.222534,-3159.477539,2067.348389,18231.496094,-0.092762,-0.841767,0.531811,0.100000,0.020000,1,0.377843
20.178297,23.040564,-0.549975,7.553318,-4.780515,-60.296371,637.840454,-624.193787,-4941.497559,-0.009488,-0.925998,-0.377409,0.100000,0.020000,1,0.134930
21.182465,23.830278,0.364062,332.209045,116.973572,238.638336,25888.585938,9397.223633,18886.941406,-0.208318,-0.630933,-0.747347,0.100000,0.020000,1,0.629423
19.577431,23.393326,0.248021,334.861359,-184.117233,682.886475,18621.558594,-10488.792969,42915.671875,0.042692,-0.916548,0.397638,0.100000,0.020000,1,0.197656
20.575584,26.615023,0.394836,47.852600,1007.220337,145.779694,10397.827148,43585.390625,1985.945557,0.106513,-0.994006,0.024637,0.100000,0.020000,1,0.813649
20.331194,23.296461,0.272836,-82.053558,-95.518265,-138.518555,-4805.836426,-5088.547852,-8090.760742,0.130276,-0.978768,0.158242,0.100000,0.020000,1,0.655225
20.312145,23.212116,-0.232383,-79.469330,-106.606842,242.235809,-4728.490234,-6117.272461,14624.722656,0.132732,-0.986172,-0.099233,0.100000,0.020000,1,0.454182
20.160269,23.404697,-0.144728,19.647598,-23.610706,46.280746,1277.435059,-741.197876,4237.643555,-0.003421,-0.781758,-0.623573,0.100000,0.020000,1,0.469289
19.879358,23.186758,0.453446,197.847397,-108.486374,-26.070160,9971.914062,-9403.380859,-1357.642090,0.077557,-0.857239,0.509045,0.100000,0.020000,1,0.438060
20.374676,23.176779,-0.318390,-265.392822,-19.533585,-275.854828,-16072.307617,-1156.918335,-17220.228516,0.083140,-0.865387,-0.494159,0.100000,0.020000,1,0.035797
20.955063,25.260572,1.364981,238.366211,588.875549,296.651794,8920.681641,21940.250000,6603.295898,0.164187,-0.948854,0.269664,0.100000,0.020000,1,0.604760
20.132608,23.294641,0.603685,-14.414566,18.390194,-382.600952,-1001.047668,1399.141602,-23610.392578,-0.000385,-0.765303,0.643670,0.100000,0.020000,1,0.889685
19.823572,23.226818,0.472745,-317.525513,185.702927,-434.457733,-21971.900391,12286.242188,-24651.837891,0.186288,-0.947926,-0.258329,0.100000,0.020000,1,0.083610
19.682667,23.342129,0.566993,-644.140869,384.565216,23.599434,-43196.468750,25172.322266,2652.249268,0.189425,-0.900383,0.391699,0.100000,0.020000,1,0.490447
19.721710,23.373688,-0.199881,-144.668671,-140.842438,143.392136,-11556.843750,-7806.412598,9272.233398,0.206636,-0.916356,-0.342919,0.100000,0.020000,1,0.834878
19.729668,23.452219,0.695153,-83.340874,10.491089,78.788605,-656.376465,2935.982910,2051.503662,-0.190091,-0.578877,0.792948,0.100000,0.020000,1,0.754874
20.681719,25.072748,-2.488731,174.493591,459.058899,-599.556458,6016.333008,21303.574219,-18568.675781,-0.104875,-0.653695,-0.749456,0.100000,0.020000,1,0.213084
20.607204,22.862862,0.017749,-286.815308,-122.688736,-54.663116,-20226.302734,-4507.825684,-6062.447266,0.323720,-0.918734,-0.226127,0.100000,0.020000,1,0.725567
20.025293,23.102501,-0.549950,-39.549351,68.934975,-149.555038,-4682.752930,-3701.658691,-7064.999023,0.339959,-0.929097,0.145625,0.100000,0.020000,1,0.964672
21.600348,24.168232,0.674561,333.384888,255.525482,175.527664,14973.675781,10748.847656,6224.339844,0.350259,-0.936152,0.030609,0.100000,0.020000,1,0.458382
20.348822,23.112339,-0.111334,-131.658081,80.092651,33.437645,-8556.990234,5124.536133,1952.534424,0.348910,-0.931837,-0.099705,0.100000,0.020000,1,0.179114
20.978811,22.727661,-0.965672,203.996460,-143.889374,-115.516144,15853.124023,-11139.063477,-9452.307617,0.150185,-0.779237,-0.608468,0.100000,0.020000,1,0.629138
20.455009,22.875246,0.033579,-171.418915,105.283234,119.938118,-10590.599609,5629.710938,6884.060547,0.336652,-0.902574,0.268376,0.100000,0.020000,1,0.459858
17.898100,24.414629,-2.353546,-614.590942,380.286163,-804.420105,-28951.267578,17451.781250,-33654.335938,0.132604,-0.746820,0.651672,0.100000,0.020000,1,0.659033
21.708050,23.558283,-1.406971,325.950867,-1.377113,-401.737122,8107.566406,-1437.162720,-13670.942383,0.254802,-0.825390,-0.503793,0.100000,0.020000,1,0.771832
19.596666,23.442650,0.692665,288.987610,-163.244293,-250.036743,16138.631836,-9950.333008,-15315.726562,-0.083512,-0.609962,0.788018,0.100000,0.020000,1,0.948034
20.385220,23.439625,0.375628,-12.915535,-75.360199,58.633057,-695.030579,-3707.114258,3686.084961,0.272534,-0.813137,0.514328,0.100000,0.020000,1,0.489949
20.603441,23.318989,-0.156489,-420.117920,-110.711517,-157.430573,-25815.611328,-6320.832031,-9432.003906,0.379945,-0.845047,-0.376215,0.100000,0.020000,1,0.147101
20.439247,23.243168,0.329268,-222.327042,-27.890907,-40.788918,-14053.522461,-1454.064331,-2423.552246,0.390632,-0.830263,0.397581,0.100000,0.020000,1,0.110195
20.542227,23.339025,-0.089837,8.277109,-1.755512,-15.432705,631.011780,744.737061,-1450.719727,0.489728,-0.871257,0.032839,0.100000,0.020000,1,0.776156
20.259830,23.331905,-0.611938,-98.159561,45.212845,65.696594,-5990.234863,2932.731689,3894.387695,0.067779,-0.660122,-0.748094,0.100000,0.020000,1,0.079286
20.387888,23.005762,-0.449404,-225.019989,94.487030,209.439575,-14130.234375,5015.735352,13165.682617,0.287195,-0.753075,-0.591943,0.100000,0.020000,1,0.694907
20.382349,23.532358,0.263970,39.140518,75.290604,251.689728,1821.000610,6274.968750,17708.804688,0.515444,-0.824547,-0.233322,0.100000,0.020000,1,0.696953
20.926388,24.278698,-0.426606,92.179138,258.363892,-193.357483,1155.898193,12780.922852,-13183.057617,0.532039,-0.834880,0.141106,0.100000,0.020000,1,0.393182
19.732725,23.362404,-1.452357,-47.935913,55.247688,-321.889526,-6452.241699,4343.913086,-26058.472656,0.536147,-0.837353,-0.106705,0.100000,0.020000,1,0.779430
20.295515,23.060865,-0.167001,24.010172,-11.837414,-305.788055,772.509155,-1373.575195,-18552.669922,0.425998,-0.773308,-0.469596,0.100000,0.020000,1,0.402685
20.705025,23.204603,-0.551856,86.448761,-37.214371,-246.593140,6488.607422,-2482.647461,-19528.013672,0.403515,-0.740287,0.537727,0.100000,0.020000,1,0.461335
20.679436,23.312254,0.191041,-42.062546,-270.959351,22.422421,-2176.810547,-16603.224609,1371.015747,0.549494,-0.789462,0.273507,0.100000,0.020000,1,0.334389
20.418749,23.327776,0.399973,19.139164,-79.458252,144.353470,1313.382568,-4777.567383,8809.210938,0.314704,-0.700331,0.640701,0.100000,0.020000,1,0.109751
20.597162,23.936571,-1.553043,64.899094,-35.182892,-407.666748,-3704.625488,8933.195312,-13478.332031,0.540303,-0.763668,-0.353388,0.100000,0.020000,1,0.664442
19.778690,23.352114,0.507652,-555.260193,336.873108,-155.509949,-36886.363281,21299.130859,-10103.560547,0.075602,-0.618750,0.781942,0.100000,0.020000,1,0.152298
21.322912,23.175158,-0.362898,176.778122,-125.994270,-48.960709,744.491699,-3401.827148,-442.073242,0.176872,-0.645047,-0.743391,0.100000,0.020000,1,0.261342
20.901867,23.425945,0.170296,66.736252,2.859024,-22.630219,5636.743652,998.173096,-1949.732788,0.540951,-0.739744,0.400190,0.100000,0.020000,1,0.452954
21.261049,22.389038,0.344377,340.870422,-147.802109,185.285385,14616.792969,-16313.751953,14727.610352,0.418793,-0.687528,-0.593227,0.100000,0.020000,1,0.888066
20.648127,23.571802,1.307481,102.201141,69.059250,218.742371,7891.525391,5359.783203,16941.519531,0.189511,-0.626393,0.756120,0.100000,0.020000,1,0.447865
20.731901,23.434496,-0.107368,-158.490082,-84.157822,-118.631027,-9669.103516,-4509.798828,-7236.690918,0.660529,-0.715590,-0.227228,0.100000,0.020000,1,0.909544
20.124069,23.321430,0.168049,-494.069397,-141.036530,218.701019,-33426.574219,-8539.100586,14055.758789,0.672478,-0.725491,0.146410,0.100000,0.020000,1,0.273265
20.668196,23.592365,0.416707,-566.165833,-75.291946,-336.905365,-35735.902344,-3241.782471,-19619.017578,0.683108,-0.729670,0.030735,0.100000,0.020000,1,0.334834
20.339521,23.523647,-0.170971,-4.019112,23.552551,12.984889,-1628.196289,2680.068848,481.568115,0.683088,-0.720043,-0.122180,0.100000,0.020000,1,0.864631
20.162569,24.247807,-0.101608,-78.540207,188.692139,-127.144440,-6627.388184,15956.331055,-10009.218750,0.538156,-0.674006,0.506067,0.100000,0.020000,1,0.069980
20.555569,23.411316,-0.341403,-3.176135,11.685921,3.571407,-281.577667,1294.156982,295.930939,0.555326,-0.674876,-0.485959,0.100000,0.020000,1,0.964138
20.946762,23.437807,-0.129912,194.442780,12.605270,-131.417038,2824.999023,2440.200684,-5564.547852,0.683297,-0.678111,0.270685,0.100000,0.020000,1,0.829522
20.694687,23.396702,-1.676278,182.580170,100.852592,-251.911316,8334.082031,1411.249634,-23517.750000,0.328241,-0.613496,-0.718248,0.100000,0.020000,1,0.482262
20.545078,23.502520,0.566711,-186.901459,-189.134949,-88.430649,-11584.177734,-11176.638672,-5188.794922,0.444077,-0.625909,0.641119,0.100000,0.020000,1,0.416422
20.765148,24.027809,-0.335435,16.360367,128.228394,-26.173859,4799.430176,14863.630859,-5931.002930,0.664599,-0.647012,-0.373743,0.100000,0.020000,1,0.527869
20.083261,23.069033,-0.705873,283.403992,-161.526123,395.341980,15356.285156,-12299.178711,23920.636719,0.556540,-0.583799,-0.591136,0.100000,0.020000,1,0.471727
20.265503,23.184452,-0.227710,98.671997,-160.998932,19.176670,4488.054688,-10787.833984,-1014.191711,0.692684,-0.591145,0.413204,0.100000,0.020000,1,0.623906
21.166771,23.785564,0.335965,86.535004,34.759003,37.917603,6470.129395,4327.047852,1707.271973,0.805294,-0.592221,0.027863,0.100000,0.020000,1,0.262108
20.307510,24.139341,-0.590583,244.724655,51.470459,-405.939484,13560.497070,6541.183105,-27368.593750,0.793655,-0.561337,-0.234547,0.100000,0.020000,1,0.775747
20.788265,23.318760,-0.321070,149.228851,32.148861,-8.452393,7784.249023,-1316.042480,-4205.167969,0.817166,-0.563131,-0.122978,0.100000,0.020000,1,0.885984
20.341255,23.423347,0.602439,191.092896,39.021255,136.341141,11829.211914,2665.422852,8760.327148,0.310178,-0.561642,0.767038,0.100000,0.020000,1,0.341827
20.130154,23.398579,-0.397011,116.573700,-72.391937,192.014984,5034.178223,-4459.140625,11922.361328,0.695176,-0.540148,-0.474310,0.100000,0.020000,1,0.999371
20.293612,23.789585,0.671624,-124.634315,66.668098,129.421234,-5451.995605,2208.459961,7984.972656,0.801304,-0.540665,0.256113,0.100000,0.020000,1,0.676293
20.592077,23.475399,0.013893,-528.487793,-612.866699,-145.575226,-34176.109375,-38225.757812,-9548.093750,0.830627,-0.540101,0.135457,0.100000,0.020000,1,0.081475
20.917601,23.540754,0.271871,136.027924,-13.487413,299.332031,10010.573242,-248.341232,18003.666016,0.547412,-0.517382,0.657766,0.100000,0.020000,1,0.637341
20.623495,23.450941,0.253125,42.810333,-49.322235,-12.016830,2437.069336,-2895.099854,-1283.448608,0.693748,-0.504782,0.513720,0.100000,0.020000,1,0.714712
20.103010,23.615736,-0.411549,-63.968842,-2.454582,21.502583,-5702.017578,768.093445,1866.140747,0.447163,-0.526068,-0.723394,0.100000,0.020000,1,0.165554
20.639181,23.605522,0.268806,40.956108,-102.198654,-19.148949,2052.462891,-5680.293945,-1256.145508,0.797805,-0.468083,0.380008,0.100000,0.020000,1,0.628604
20.008511,24.013363,1.447825,-225.519104,135.726044,506.188568,1087.224121,-2275.204102,18057.580078,0.808534,-0.469257,-0.355065,0.100000,0.020000,1,0.978587
23.419918,25.356585,-0.482391,861.356506,556.454041,-43.241821,25435.136719,30578.339844,-30481.388672,0.903580,-0.427408,0.029428,0.100000,0.020000,1,0.413628
21.408606,23.711750,-0.807966,186.881866,41.627724,-166.965485,4314.763672,1430.758301,-5002.563965,0.909778,-0.402663,-0.100832,0.100000,0.020000,1,0.768843
20.530519,23.568691,-0.435233,103.400223,-92.429817,-131.942444,5940.996582,-5355.855469,-8278.815430,0.667292,-0.432422,-0.606409,0.100000,0.020000,1,0.626024
20.656408,22.974871,-1.117354,91.832443,-2.579079,-164.344727,5375.137695,-2220.288574,-13586.555664,0.781285,-0.407611,-0.472703,0.100000,0.020000,1,0.613568
20.645899,23.502640,0.130290,109.339462,5.787092,-30.384571,6020.280762,465.895844,-1805.450806,0.912673,-0.383881,0.140227,0.100000,0.020000,1,0.263531
20.939505,23.667978,-0.143146,-186.397400,190.300247,-381.579346,-11382.709961,12771.445312,-23998.652344,0.900179,-0.374471,-0.222373,0.100000,0.020000,1,0.545094
20.370613,23.564112,0.892524,-4.297632,1.116072,69.214493,-769.099426,629.663086,5740.599609,0.428770,-0.479949,0.765379,0.100000,0.020000,1,0.559971
20.976696,24.647165,-1.198731,111.226257,339.803955,-274.013641,17776.273438,25703.240234,5424.382812,0.525013,-0.459510,-0.716388,0.100000,0.020000,1,0.217443
20.961338,24.146864,0.278442,72.033096,46.942307,-24.004066,5773.916504,5804.529297,-2272.060791,0.662223,-0.415804,0.623352,0.100000,0.020000,1,0.085283
20.759386,23.562866,0.099988,-75.756271,173.307770,38.782417,-5165.177246,11182.957031,2095.960693,0.902885,-0.349799,0.249879,0.100000,0.020000,1,0.171427
19.877186,24.414124,0.097588,-28.529480,293.921936,-172.022690,4760.314941,11582.277344,-7453.318359,0.764975,-0.367494,0.528924,0.100000,0.020000,1,0.467403
21.199741,23.871756,-0.945475,112.327911,54.475929,-180.012726,8624.564453,4915.309570,-14246.718750,0.877021,-0.333041,-0.346293,0.100000,0.020000,1,0.290810
20.088842,23.442335,-1.557960,-31.192719,66.589989,-290.925781,-6432.266602,3200.460938,-21171.568359,0.736250,-0.317528,-0.597588,0.100000,0.020000,1,0.672361
20.697851,23.685623,0.358420,-1.364511,-102.094269,25.587547,-646.408569,-5953.524414,1847.420898,0.871820,-0.266855,0.410753,0.100000,0.020000,1,0.863403
20.759027,23.372656,-0.056332,25.891823,43.174110,150.624634,977.774780,1719.551758,9263.560547,0.979882,-0.199559,0.002782,0.100000,0.020000,1,0.182975
20.916525,23.893307,0.003265,-146.486359,-80.592728,110.994698,-9222.905273,-3934.392334,6626.752930,0.972584,-0.194454,0.127546,0.100000,0.020000,1,0.969031
20.879055,23.736664,-0.053135,-118.156784,122.337234,-37.603348,-7605.310547,8218.408203,-2320.632080,0.977007,-0.193627,-0.089248,0.100000,0.020000,1,0.538190
20.737352,23.671291,-0.278203,-51.122551,-32.394180,35.932487,-3556.621338,-1745.562500,2580.670166,0.848246,-0.226316,-0.478810,0.100000,0.020000,1,0.355155
20.883682,24.078691,-0.069703,117.474258,-668.431458,17.465408,7332.113281,-40330.121094,1467.333374,0.961398,-0.174216,-0.212984,0.100000,0.020000,1,0.716046
20.417822,23.712418,0.446614,-5.266720,11.831276,-23.988152,-843.413940,1672.539673,-2041.046997,0.490466,-0.394993,0.776803,0.100000,0.020000,1,0.658748
20.532471,23.666328,-0.560022,11.802468,-6.368797,12.571930,317.266052,148.814621,667.648743,0.612641,-0.328750,-0.718745,0.100000,0.020000,1,0.427259
20.622252,23.259916,0.445397,-87.825302,60.608826,-29.389648,-5988.562012,2505.667236,-1919.662598,0.733934,-0.265715,0.625089,0.100000,0.020000,1,0.668944
20.787598,23.896694,0.031786,-40.261055,36.770752,155.103577,-2995.454590,3348.157471,9083.741211,0.950207,-0.151282,0.272433,0.100000,0.020000,1,0.652680
21.588814,22.967123,0.574633,324.824646,-256.379211,186.471191,23490.572266,-19064.339844,15292.546875,0.920012,-0.145574,-0.363849,0.100000,0.020000,1,0.907782
20.994783,23.286161,0.598490,128.261230,-59.635727,193.327087,8886.911133,-5242.348145,13073.434570,0.830468,-0.173841,0.529247,0.100000,0.020000,1,0.192335
20.683207,23.873178,0.289192,72.420364,-0.541176,-45.254051,3789.544678,799.500000,-2841.524658,0.913635,-0.123237,0.387407,0.100000,0.020000,1,0.258602
20.887980,23.983406,-0.030217,-79.708649,-58.621880,-24.413506,-5237.331055,-2740.636230,-1387.643188,0.995813,-0.010918,-0.090762,0.100000,0.020000,1,0.429376
20.680235,23.561972,-0.330254,-790.296692,172.955811,-916.260498,-50269.566406,10455.700195,-57346.218750,0.783708,-0.133469,-0.606619,0.100000,0.020000,1,0.846089
20.757753,23.937773,0.298322,-504.640015,-228.005371,110.026443,-32168.740234,-13450.905273,6641.841797,0.861038,-0.074702,0.503024,0.100000,0.020000,1,0.518438
21.998915,23.706280,0.478519,312.795471,-88.306519,97.770981,24201.548828,-5860.663574,7683.088379,0.987235,0.016713,0.158391,0.100000,0.020000,1,0.735603
20.699093,23.893541,-0.376234,181.629456,-23.727215,134.028473,10836.903320,-818.740906,8338.912109,0.880771,-0.048746,-0.471026,0.100000,0.020000,1,0.082863
20.744560,23.935476,0.018034,53.207397,-4.565678,-6.105236,2533.801025,358.968262,-344.640259,0.999620,0.025175,0.011242,0.100000,0.020000,1,0.323392
20.941830,24.011089,0.235233,-80.596909,-51.131554,-27.930717,-4976.820801,-2274.600342,-1593.676270,0.964139,0.026140,0.264107,0.100000,0.020000,1,0.690689
21.508614,25.285618,1.294516,197.574982,339.306580,431.715637,12966.427734,26463.513672,10690.662109,0.970066,0.031721,-0.240759,0.100000,0.020000,1,0.720744
20.955307,23.229115,-0.806045,113.414337,-69.216263,-54.461990,8297.642578,-6067.936523,-4588.411133,0.667639,-0.190079,-0.719811,0.100000,0.020000,1,0.855769
20.944054,23.201532,0.880061,89.171806,-198.571960,100.637444,2083.027344,-6038.292480,3199.107422,0.757242,-0.094490,0.646264,0.100000,0.020000,1,0.848224
20.795298,23.934135,0.472509,-67.451172,-6.965210,271.804077,-6730.197266,-4465.998047,16270.667969,0.565184,-0.277324,0.776955,0.100000,0.020000,1,0.004282
19.814983,24.814493,-1.126848,-281.673492,217.298676,-267.694824,-8936.242188,18344.035156,-6666.243652,0.933241,0.091084,-0.347513,0.100000,0.020000,1,0.801745
21.121265,23.778614,0.144883,97.358459,-80.381653,-49.460915,2242.680908,-1144.426392,-2796.919922,0.976981,0.173177,0.124570,0.100000,0.020000,1,0.917659
20.432314,25.389322,-0.481746,-71.008041,394.186890,-208.253052,-6581.976562,31125.833984,-14884.675781,0.980245,0.176731,-0.088804,0.100000,0.020000,1,0.414642
20.678328,24.060064,-0.425327,-25.805222,-199.067810,-139.869659,-2066.688232,-11365.144531,-8713.670898,0.789119,0.001083,-0.614239,0.100000,0.020000,1,0.742827
20.477556,22.841387,-1.937164,300.372620,-99.230064,-514.107666,3272.875732,-26685.267578,-20607.164062,0.873381,0.102625,-0.476102,0.100000,0.020000,1,0.433949
20.889536,24.104940,-0.229804,-126.096008,-108.826767,104.760895,-8078.098145,-6033.700195,6331.743164,0.956987,0.188506,-0.220549,0.100000,0.020000,1,0.775409
21.837860,24.131689,0.484632,359.142975,-9.443897,118.752052,12947.131836,427.611328,4364.189453,0.976950,0.211320,0.030191,0.100000,0.020000,1,0.544311
19.901987,25.145296,0.438861,-127.276924,318.504517,-78.884933,-2888.008301,8672.150391,-3260.261230,0.627835,-0.157388,0.762268,0.100000,0.020000,1,0.186338
20.847940,24.021679,0.360503,-83.322235,-5.579283,-51.885231,-5361.011719,306.296356,-3051.771973,0.899762,0.130158,0.416518,0.100000,0.020000,1,0.011293
20.979143,23.771811,0.337446,-12.917480,-246.560989,15.893778,-2428.283203,-9917.730469,-110.930420,0.937668,0.230654,0.259956,0.100000,0.020000,1,0.421173
20.609098,24.928993,0.815658,-5.167877,244.810486,87.425461,-1007.500732,20114.066406,6972.014160,0.770997,0.054202,0.634528,0.100000,0.020000,1,0.595364
19.671982,23.693567,0.125064,1425.005859,-800.025635,-117.723389,85088.625000,-51304.523438,-8468.936523,0.847827,0.156682,0.506596,0.100000,0.020000,1,0.971932
21.170979,22.756847,-1.459777,117.724548,-424.298798,-329.298004,4684.964844,-11539.745117,-12243.523438,0.895751,0.257458,-0.362416,0.100000,0.020000,1,0.518349
20.674377,23.758390,-0.090377,221.928192,-55.979904,-558.921875,13877.852539,-3504.261963,-33423.593750,0.687906,-0.034205,-0.724993,0.100000,0.020000,1,0.026721
20.771765,23.945929,-0.020221,77.319992,187.104156,297.380615,4513.386719,11701.165039,17444.027344,0.873566,0.272541,0.403241,0.100000,0.020000,1,0.198901
21.543055,23.627316,0.400665,206.392578,-86.910934,-17.913605,16222.927734,-6576.022949,-1352.808105,0.772907,0.154015,0.615544,0.100000,0.020000,1,0.472670
21.416843,25.365850,-1.008824,208.464172,413.558136,-175.866684,10608.033203,17737.626953,-5514.892090,0.788751,0.175918,-0.589004,0.100000,0.020000,1,0.927659
20.519745,24.395525,-0.749856,-34.109055,31.909821,-185.854919,-3715.545410,3461.105713,-15351.592773,0.912126,0.378249,0.157968,0.100000,0.020000,1,0.044195
20.469477,23.827398,0.133614,-351.629211,-321.987549,-428.969574,-23997.312500,-21286.123047,-26539.558594,0.920816,0.389937,0.006832,0.100000,0.020000,1,0.308107
20.678711,24.122202,0.439758,-0.741966,-70.787598,-98.063858,-629.734192,-3835.034424,-5918.548828,0.818605,0.267197,0.508421,0.100000,0.020000,1,0.746831
20.857271,24.301041,0.215838,-577.083313,-254.741791,136.130035,-36492.003906,-15043.523438,8666.917969,0.884429,0.381593,0.268648,0.100000,0.020000,1,0.752828
20.581583,23.785835,-0.225631,-57.828491,55.348885,27.389877,-4665.691895,2588.241211,2245.193604,0.824347,0.310040,-0.473632,0.100000,0.020000,1,0.480286
21.030945,24.586113,-0.553452,122.068115,49.538940,-130.092590,-1276.911133,9505.805664,-7455.488281,0.899751,0.424358,-0.101822,0.100000,0.020000,1,0.056598
20.678896,24.088408,0.938304,24.660927,25.840897,65.510925,1589.847656,2987.795166,5691.742676,0.640766,-0.020779,0.767455,0.100000,0.020000,1,0.254883
20.957623,23.509115,-1.202694,81.021126,-225.707336,-297.649658,3313.456787,-11251.779297,-14452.826172,0.859710,0.449693,-0.242230,0.100000,0.020000,1,0.126495
20.581940,24.282154,0.265707,248.057114,-99.111755,93.879410,14665.018555,-5505.314941,5843.207520,0.808821,0.442597,0.387191,0.100000,0.020000,1,0.544436
20.818136,23.943556,0.503656,-421.419556,152.489807,29.791924,-26062.408203,10015.861328,1683.575684,0.657833,0.095631,0.747068,0.100000,0.020000,1,0.121086
19.726412,23.748426,0.437120,-25.078979,63.374847,13.216412,-6238.914062,2218.614502,2248.116699,0.830602,0.540506,0.133989,0.100000,0.020000,1,0.677824
20.594601,24.248507,0.008163,275.327515,-10.817401,221.780304,16352.700195,-396.270020,14372.059570,0.829637,0.547353,-0.110035,0.100000,0.020000,1,0.964441
20.619974,24.231003,0.197497,528.008240,109.931473,-318.113953,32403.785156,7124.594727,-19347.826172,0.830445,0.556272,0.030368,0.100000,0.020000,1,0.587018
20.657017,24.287569,-0.323677,4.150003,-44.513931,27.142097,-387.331421,-2126.196533,1523.520752,0.797565,0.470549,-0.377457,0.100000,0.020000,1,0.185289
20.635010,24.202908,-0.491903,-8.178562,-20.298693,33.316727,-976.085754,-573.432007,1918.639648,0.715878,0.344394,-0.607381,0.100000,0.020000,1,0.649815
20.941072,24.530977,-0.487482,83.063828,45.093033,-38.615303,5924.668457,4573.945801,-3018.737305,0.752349,0.459000,-0.472536,0.100000,0.020000,1,0.767526
20.659424,24.292204,-0.303407,-57.516083,110.495728,192.306061,-4256.095215,7364.158203,11600.888672,0.786728,0.569973,-0.237042,0.100000,0.020000,1,0.549454
20.552788,23.997065,-0.612318,66.375412,-87.776093,284.851227,3616.824463,-4944.037109,17719.908203,0.658062,0.101317,-0.746116,0.100000,0.020000,1,0.064730
19.058264,23.660816,0.444679,-2.054333,62.866913,-15.541188,-4584.736816,-10898.257812,-1470.772949,0.693953,0.324952,0.642522,0.100000,0.020000,1,0.782117
20.799303,25.046000,-0.111840,51.599548,144.833923,28.013138,3316.879150,12697.810547,2338.315430,0.754935,0.562741,-0.336743,0.100000,0.020000,1,0.359017
20.923317,24.394993,-0.149229,76.616455,-5.209980,-66.343964,5388.013672,444.501007,-5680.015137,0.761986,0.582987,0.281966,0.100000,0.020000,1,0.350368
20.546043,24.002911,-0.465151,65.438858,-0.142584,-295.446198,3539.107422,299.892059,-18330.179688,0.648527,0.200397,-0.734339,0.100000,0.020000,1,0.119395
18.365070,25.136435,1.571361,-649.446899,195.181122,352.877441,-20612.285156,3559.790527,12384.751953,0.717853,0.461336,0.521397,0.100000,0.020000,1,0.324940
20.452726,24.893986,0.306666,-5.986210,80.435089,80.842346,-1722.289429,7626.333008,6370.742676,0.733213,0.679984,0.004423,0.100000,0.020000,1,0.622251
20.203772,24.591812,1.153832,-92.473267,177.347992,136.439880,-7814.703125,13885.040039,11151.172852,0.632864,0.224675,0.740949,0.100000,0.020000,1,0.455517
21.520767,23.136070,0.475692,260.068665,-346.578064,61.609589,19664.017578,-26400.880859,4627.476074,0.697684,0.590612,0.405481,0.100000,0.020000,1,0.105889
20.286264,25.151268,0.488626,-46.480392,136.625000,81.400253,-4910.622559,12211.673828,6789.014648,0.712302,0.690306,0.126899,0.100000,0.020000,1,0.710281
20.572992,24.464226,-0.174276,-68.691399,-10.871133,511.225159,-5118.848145,21.946148,31855.312500,0.713546,0.693123,-0.102141,0.100000,0.020000,1,0.838971
20.853601,24.642220,-0.315681,95.716980,84.599258,-26.276329,6652.497559,7452.276367,-1182.365723,0.656909,0.478398,-0.582757,0.100000,0.020000,1,0.865183
21.153296,25.721306,3.522426,192.907730,430.630859,1161.521484,5496.560547,11009.739258,35860.203125,0.671467,0.584735,-0.455211,0.100000,0.020000,1,0.797207
20.618773,24.176802,-0.470549,-40.178680,-234.539688,-33.556355,-2773.699219,-14187.631836,-1905.851562,0.623934,0.332652,-0.707141,0.100000,0.020000,1,0.694728
19.672180,23.792542,0.188076,480.249878,-196.998962,-222.636658,25921.437500,-14565.060547,-14081.143555,0.663525,0.699937,0.264242,0.100000,0.020000,1,0.936805
20.169632,23.666687,0.184782,-94.273743,110.235352,183.446381,-8152.810059,4632.251465,10824.123047,0.634978,0.592489,0.495742,0.100000,0.020000,1,0.651043
20.463457,24.311800,-0.608092,5.646196,-55.053139,-101.457611,-681.205078,-3528.228760,-8245.506836,0.646321,0.728481,-0.227123,0.100000,0.020000,1,0.620774
20.696608,23.732237,-0.178009,17.678162,-232.248642,-272.140167,2585.209229,-6476.138184,-12893.832031,0.608848,0.471904,0.637660,0.100000,0.020000,1,0.845110
20.289228,24.114161,-0.365017,28.983938,7.892499,54.857338,153.636780,-316.459167,2996.436523,0.619074,0.706086,-0.343789,0.100000,0.020000,1,0.657360
20.448689,24.127068,0.522938,5.562737,-5.321041,7.628496,-483.873016,89.771927,385.264191,0.588210,0.324953,0.740550,0.100000,0.020000,1,0.335599
21.232620,24.486101,0.036460,249.570831,103.140320,174.160339,8153.093262,8301.683594,11830.415039,0.590627,0.712286,0.379222,0.100000,0.020000,1,0.431992
20.808372,23.507528,-0.149145,165.915344,-42.338501,-30.541679,11163.735352,-6429.842773,-2272.250244,0.547782,0.831712,-0.090502,0.100000,0.020000,1,0.405976
20.334715,23.790941,1.148042,33.538963,0.929184,229.267883,851.388916,-2502.148926,18801.578125,0.540803,0.827344,0.151766,0.100000,0.020000,1,0.618123
20.584127,24.739788,0.387145,56.185505,45.509964,117.042679,1469.378052,5613.096680,2273.874512,0.546033,0.837379,0.025356,0.100000,0.020000,1,0.072969
20.251013,25.098297,-0.273423,-59.248627,184.574615,30.360470,-1975.532959,10011.382812,1271.936768,0.554872,0.574976,-0.601265,0.100000,0.020000,1,0.163526
20.434361,24.571413,-0.388847,19.466690,-251.952209,153.673492,431.556213,-14816.041016,9527.076172,0.532288,0.703236,-0.471306,0.100000,0.020000,1,0.846320
20.498575,24.641169,-0.385550,21.899426,13.450348,-36.478195,869.372070,1862.217773,-3166.621338,0.519625,0.819260,-0.242492,0.100000,0.020000,1,0.941325
20.469614,24.343697,-0.515029,13.264606,-166.557892,-29.912571,228.574036,-9629.250977,-1865.098145,0.534736,0.464278,-0.706048,0.100000,0.020000,1,0.455748
18.442274,24.780766,1.582092,-346.785339,350.633392,310.052002,-27965.318359,18243.492188,21858.937500,0.511071,0.694581,0.506324,0.100000,0.020000,1,0.680724
20.247501,24.449528,0.436599,197.940002,-195.241364,105.122070,11015.548828,-11391.070312,6521.522461,0.507999,0.588303,0.629156,0.100000,0.020000,1,0.345795
20.218500,24.549669,0.604075,-51.727814,235.368683,70.995270,-7523.301758,14841.246094,12428.751953,0.473647,0.835869,0.277456,0.100000,0.020000,1,0.836320
20.494772,24.620852,0.256567,58.443062,32.936714,110.336029,3377.359131,2990.033203,9124.072266,0.450147,0.820242,-0.352946,0.100000,0.020000,1,0.664833
20.145670,24.461321,0.148508,131.908463,39.511017,-11.520847,6680.661621,2742.860596,-1359.299316,0.410469,0.816207,0.406599,0.100000,0.020000,1,0.215219
20.484316,24.908213,0.142290,-209.729401,-467.756897,-404.791626,-13399.208984,-27734.248047,-24632.898438,0.381622,0.918345,-0.104913,0.100000,0.020000,1,0.720975
20.016333,24.381853,0.248474,9.503468,15.186514,22.109474,-1504.534790,525.131165,2381.288330,0.377225,0.925964,0.017085,0.100000,0.020000,1,0.443487
19.491911,24.139257,0.396181,-101.004028,97.864838,191.370178,-10831.484375,5918.963867,15894.611328,0.452883,0.550971,-0.700948,0.100000,0.020000,1,0.538172
18.925947,24.219446,0.150205,-188.031097,164.361908,109.093033,-18525.687500,9649.502930,8919.431641,0.383985,0.802735,-0.456259,0.100000,0.020000,1,0.147439
19.895958,24.137833,-2.285835,-96.289719,-156.866180,-656.466064,-4217.169922,-3027.275879,-18834.927734,0.361752,0.901819,-0.236343,0.100000,0.020000,1,0.915487
20.305084,26.922367,-0.386555,13.307781,706.323486,-134.811279,-1512.507568,26555.503906,-18406.537109,0.352825,0.927041,0.126922,0.100000,0.020000,1,0.752988
22.823015,24.394571,-0.340621,726.915527,6.128479,33.732307,38440.539062,14187.631836,-3646.203857,0.404790,0.692008,-0.597721,0.100000,0.020000,1,0.029728
20.433832,24.189831,-0.017921,49.432831,-163.879623,21.820984,956.243408,-6102.831055,2555.428711,0.340264,0.897560,0.280370,0.100000,0.020000,1,0.154095
20.354465,24.431677,0.559155,10.031791,-68.287720,-79.304077,-53.849548,-3715.387207,-4626.292969,0.392902,0.664872,0.635275,0.100000,0.020000,1,0.621931
19.802021,24.993454,0.825998,-143.606842,149.333832,131.741852,-11944.910156,11987.922852,10182.590820,0.348281,0.783636,0.514408,0.100000,0.020000,1,0.283817
21.385616,25.097950,0.281008,314.187469,211.457214,211.927032,7827.365234,5239.664062,6885.563965,0.267161,0.895709,-0.355428,0.100000,0.020000,1,0.320669
20.360168,24.410971,0.128631,-329.651917,361.204224,371.521729,-21115.275391,22573.582031,22852.357422,0.264410,0.891153,0.368692,0.100000,0.020000,1,0.798880
20.089849,23.830414,-0.887134,46.126186,5.277637,-82.628159,1373.221802,-1856.575562,-7101.479492,0.306238,0.746147,-0.591170,0.100000,0.020000,1,0.081617
19.899605,24.641209,-0.424820,-144.025528,12.063904,-113.731903,-8797.990234,69.317322,-3666.430176,0.199022,0.973660,-0.111244,0.100000,0.020000,1,0.789520
20.457443,24.429943,0.512450,93.124313,-29.123459,130.682129,6161.256348,-2275.607178,10379.979492,0.199794,0.979832,0.003334,0.100000,0.020000,1,0.556144
20.612743,22.763338,-0.563826,288.648987,-74.951553,-146.268753,4839.937500,-20944.328125,-6585.288574,0.197653,0.969466,0.145153,0.100000,0.020000,1,0.505679
19.812765,23.720083,1.041507,66.194138,16.235565,288.179657,1826.609131,-2298.742432,23286.511719,0.182600,0.953069,-0.241488,0.100000,0.020000,1,0.984032
20.260519,24.250631,-0.605822,50.984825,64.132271,112.302094,2365.423584,3961.928223,6716.739258,0.322277,0.636149,-0.701036,0.100000,0.020000,1,0.096849
20.061104,24.406172,-1.018880,-23.974815,-30.857162,-159.213226,-2881.370605,-2113.900146,-12879.451172,0.205893,0.861839,-0.463511,0.100000,0.020000,1,0.914011
21.039721,24.438488,1.303655,180.794891,34.785568,202.636902,13477.347656,3546.651123,15825.141602,0.443389,0.435681,0.783319,0.100000,0.020000,1,0.071635
20.000290,24.481052,0.493207,-45.709885,13.675419,3.726427,-4648.589355,1451.616577,328.599091,0.259986,0.724228,0.638671,0.100000,0.020000,1,0.230576
20.148663,24.596199,-0.369079,20.536564,-35.398449,66.114288,486.762848,-1825.510498,3698.312012,0.140040,0.927544,-0.346483,0.100000,0.020000,1,0.502725
20.127806,24.632526,0.169840,-94.099136,-133.259567,523.563110,-6811.556152,-7942.073730,32948.546875,0.130273,0.956084,0.262549,0.100000,0.020000,1,0.338927
20.388109,24.208696,0.650728,25.783722,42.819511,-97.937820,1192.145752,2793.451904,-5826.042480,0.366426,0.526531,0.767136,0.100000,0.020000,1,0.259243
21.544596,24.559824,0.587593,386.476715,74.500458,18.287004,12035.748047,1118.395752,-218.257629,0.300998,0.608159,0.734536,0.100000,0.020000,1,0.571466
20.454702,25.120865,0.616957,67.196777,127.716675,56.758484,4658.087402,10921.385742,4598.175781,0.162218,0.846416,0.507214,0.100000,0.020000,1,0.042060
20.311993,24.507633,0.148900,-88.706451,91.435806,-300.547607,-5598.817383,5854.583008,-19582.357422,0.100430,0.910790,0.400469,0.100000,0.020000,1,0.559899
19.677547,24.063269,0.176062,29.595354,-116.866486,22.725674,-521.035339,-9446.771484,2089.786133,0.010969,0.999599,0.026105,0.100000,0.020000,1,0.303284
20.164095,24.426332,-0.467656,-294.126129,328.680786,34.179314,-19252.025391,20847.523438,2014.505493,0.129788,0.798427,-0.587936,0.100000,0.020000,1,0.972804
20.263380,24.044798,-0.304249,132.074402,-126.326385,126.074829,8466.868164,-10049.360352,7366.312500,-0.010197,0.975299,-0.220653,0.100000,0.020000,1,0.872442
19.722078,24.533583,-0.197630,62.084133,41.251102,-251.370544,1806.095215,2515.397705,-16321.027344,-0.017436,0.992549,-0.120596,0.100000,0.020000,1,0.495020
20.345112,24.315308,-0.651524,40.723793,-14.258308,3.042367,2450.007324,-910.804260,-386.375824,0.197700,0.690308,-0.695981,0.100000,0.020000,1,0.439608
19.881704,24.323021,0.122053,-61.968384,-56.938667,-90.241745,-5751.335938,-3875.146973,-7068.747070,0.122291,0.782070,0.611074,0.100000,0.020000,1,0.833668
20.224720,24.383484,0.416952,-78.313522,112.383957,-49.668663,-5157.739258,6798.890137,-2940.472900,0.055695,0.862857,0.502371,0.100000,0.020000,1,0.379267
20.779446,23.129875,1.722613,309.090607,-142.610992,451.587158,21649.679688,-14576.799805,37187.078125,0.043375,0.875301,-0.481630,0.100000,0.020000,1,0.943692
20.050720,24.551607,0.246897,-22.709557,-30.469162,57.819122,-2513.995850,-2404.601562,3881.591064,-0.022344,0.965544,0.259278,0.100000,0.020000,1,0.631718
20.314936,24.798025,0.084354,46.878944,35.126465,-30.857773,3651.256836,4739.047852,-730.372009,-0.059751,0.985173,0.160822,0.100000,0.020000,1,0.405193
20.040234,24.361752,0.788453,-21.648888,-5.675967,81.664017,-2704.491699,-67.730003,6190.037109,0.181925,0.655000,0.733402,0.100000,0.020000,1,0.326933
20.152012,24.401125,-0.753163,79.618614,18.949650,-185.043152,3460.656982,-603.579712,-4570.372559,-0.071570,0.927913,-0.365861,0.100000,0.020000,1,0.213777
19.985693,25.131409,0.636328,39.662251,156.924011,76.100220,1777.111816,12549.812500,6238.979492,-0.103142,0.911924,0.397186,0.100000,0.020000,1,0.284831
19.818470,24.654114,0.112305,81.832520,-52.611099,0.163586,3937.017090,-2884.296143,56.217892,-0.170235,0.975772,0.137434,0.100000,0.020000,1,0.997182
19.320072,24.403702,-0.007292,-153.908020,-61.817795,40.699501,-13006.474609,-4539.481934,2504.108398,-0.176982,0.984150,0.011166,0.100000,0.020000,1,0.352397
19.765596,24.448177,0.721511,-19.826523,-37.638992,205.384460,-2668.758301,-2814.752197,16241.191406,-0.180719,0.979851,-0.085047,0.100000,0.020000,1,0.120320
20.057730,24.584881,-0.464996,145.012878,-257.377747,-11.567326,8493.963867,-15547.206055,-864.653015,-0.021658,0.809257,-0.587056,0.100000,0.020000,1,0.728271
19.886139,24.378433,-0.033894,230.259003,-619.687378,-229.880707,13389.728516,-39509.019531,-13207.363281,-0.100270,0.877563,-0.468860,0.100000,0.020000,1,0.843206
19.991932,24.375454,-0.639622,-195.069763,147.453949,-402.169434,-13521.502930,9518.092773,-25844.906250,0.073652,0.691743,-0.718378,0.100000,0.020000,1,0.740727
19.950422,24.456118,0.831181,-14.936291,-28.619392,86.803070,-249.248962,2002.241943,7046.890137,-0.045403,0.784054,0.619030,0.100000,0.020000,1,0.702647
19.729372,24.367699,0.327687,11.240269,25.210115,18.526077,-681.836792,941.692261,1732.005249,-0.234537,0.936175,0.261856,0.100000,0.020000,1,0.980028
20.113087,24.950853,0.239209,99.129944,114.633087,102.994705,1604.841187,4204.295898,4242.981445,-0.243332,0.941854,-0.231734,0.100000,0.020000,1,0.478311
20.688637,23.956030,-0.128709,-206.062866,190.067276,-51.180649,-10361.165039,9718.571289,-2702.009521,-0.241645,0.906530,-0.346136,0.100000,0.020000,1,0.983125
19.795113,24.489685,0.548112,-62.249588,30.190224,61.815979,-5882.825195,2669.557617,3899.440674,0.050578,0.665990,0.744244,0.100000,0.020000,1,0.752667
20.044258,24.726923,0.012122,27.398041,145.544708,-89.431396,1797.287720,10202.392578,-6776.303223,-0.276747,0.881037,0.383646,0.100000,0.020000,1,0.766084
17.669979,24.462343,-0.168618,-459.530365,339.204559,-28.477531,-36569.230469,5249.322754,3254.707520,-0.358596,0.932913,0.032886,0.100000,0.020000,1,0.401510
20.024117,24.451094,-0.489682,-161.646332,-120.538078,348.593872,-10494.749023,-7452.350098,21745.542969,-0.183065,0.793434,-0.580473,0.100000,0.020000,1,0.744073
19.733801,24.518854,-0.094638,22.886898,8.054943,-103.811600,485.101898,563.289734,-6265.292480,-0.364539,0.904426,-0.221640,0.100000,0.020000,1,0.483009
19.040691,24.011675,-0.083708,-209.186249,-83.859680,-181.747498,-6712.547852,-2749.613525,-7867.656250,-0.382641,0.917770,-0.106228,0.100000,0.020000,1,0.446423
19.838732,23.210215,0.673751,117.982254,-48.486816,286.128967,304.129028,-6544.488281,10092.708008,-0.059885,0.709207,-0.702452,0.100000,0.020000,1,0.800944
19.810520,25.396105,1.751850,65.822334,381.106201,408.536560,2910.960205,28260.933594,31179.541016,-0.161997,0.762861,0.625939,0.100000,0.020000,1,0.607713
19.873220,24.529215,0.491953,88.430222,-21.113764,-136.515778,4655.137207,-921.153015,-8249.811523,-0.183094,0.816122,0.548106,0.100000,0.020000,1,0.101423
19.296352,25.270363,0.985402,-100.340591,227.785828,363.842224,-7059.212891,22170.697266,28973.662109,-0.282483,0.833271,-0.475250,0.100000,0.020000,1,0.307804
19.783043,25.291534,-0.207558,73.907013,148.833282,-98.772781,4045.647705,12674.782227,-7527.652344,-0.407359,0.902757,0.138162,0.100000,0.020000,1,0.450676
19.904608,24.424517,0.201228,-291.657349,230.795807,-27.499752,-18560.955078,14307.757812,-1744.056030,-0.392940,0.877286,0.275622,0.100000,0.020000,1,0.015262
19.744751,24.122519,0.870912,10.421471,21.189669,62.033157,-1148.577881,491.208099,5312.708984,-0.064808,0.682698,0.727821,0.100000,0.020000,1,0.369640
19.352829,25.193336,-1.407113,-105.737122,196.030334,-462.036621,-9404.593750,15550.265625,-36586.027344,-0.301344,0.811661,0.500398,0.100000,0.020000,1,0.142208
19.651932,24.005211,-0.598920,421.963196,-314.758911,-52.634705,25480.552734,-21783.910156,-4763.361328,-0.407855,0.845501,-0.344647,0.100000,0.020000,1,0.702505
20.480875,22.927582,2.299825,230.883209,-461.584290,592.397705,6000.738281,-14736.879883,17086.816406,-0.415954,0.832061,0.366955,0.100000,0.020000,1,0.086635
21.967762,24.502174,2.097349,689.281128,19.267830,575.029419,29968.242188,3035.927734,21492.148438,-0.547884,0.825815,0.133614,0.100000,0.020000,1,0.679923
19.465082,24.179686,-0.162936,43.714897,15.550186,60.102524,1280.129395,-177.312622,3434.723389,-0.552284,0.827083,-0.104483,0.100000,0.020000,1,0.800286
19.460533,24.072989,0.159333,50.113472,-3.315460,-155.014709,1687.585693,-1818.914429,-9216.615234,-0.559572,0.828174,0.031749,0.100000,0.020000,1,0.724837
19.967857,24.381060,-0.253860,105.307106,-1.917532,-16.140724,3209.926758,-481.546326,-1112.847168,-0.550697,0.799725,-0.239110,0.100000,0.020000,1,0.839647
19.873192,23.817137,-0.620568,-388.939362,349.042053,-325.730804,-25392.726562,19908.628906,-20963.458984,-0.200716,0.674042,-0.710901,0.100000,0.020000,1,0.944137
19.211494,25.103783,-2.478217,-157.636932,239.274017,-555.653076,-2925.289307,9070.791016,-24921.757812,-0.343302,0.718501,-0.604896,0.100000,0.020000,1,0.372149
19.831741,24.440500,-0.330593,-129.874603,-131.249817,-6.516154,-8420.577148,-8121.075195,-371.449066,-0.459672,0.758853,-0.461350,0.100000,0.020000,1,0.196214
19.227924,24.738033,0.015247,-83.739471,81.402664,-29.418953,-7727.992188,6451.699219,-2644.761719,-0.558291,0.782253,0.276388,0.100000,0.020000,1,0.729089
20.559343,23.325323,0.157548,63.906357,13.010773,188.156860,6496.173828,-3456.790771,10592.027344,-0.342022,0.696643,0.630642,0.100000,0.020000,1,0.216358
19.704538,24.461197,0.367158,-8.025547,-44.785637,-0.997219,-1240.545166,-2499.113037,-56.435387,-0.464550,0.733674,0.495897,0.100000,0.020000,1,0.188545
19.589127,24.382217,0.251035,63.162498,6.745324,32.138138,3045.638428,354.104553,1962.301025,-0.553514,0.750044,0.362015,0.100000,0.020000,1,0.540129
21.165691,24.207375,1.637827,348.537781,-41.490372,289.490906,27958.312500,-4466.956055,22110.431641,-0.196526,0.653573,0.730903,0.100000,0.020000,1,0.593335
19.257872,23.761086,-0.420849,33.816925,45.783012,81.115913,-145.880783,245.610397,4463.115234,-0.567379,0.741760,-0.357595,0.100000,0.020000,1,0.172654
19.769321,24.443018,-0.557126,-22.557896,-116.629471,153.828735,-1871.622803,-6913.943848,9159.908203,-0.465405,0.670995,-0.577203,0.100000,0.020000,1,0.651060
19.530205,24.355545,-0.026863,-5.114429,-13.463024,70.471008,-1037.181885,-944.158447,4332.546875,-0.702213,0.711966,0.001097,0.100000,0.020000,1,0.203314
19.366552,24.369579,-0.378373,-36.066727,-0.332935,-90.759262,-3678.429443,-44.306789,-7043.367188,-0.700801,0.708087,-0.086540,0.100000,0.020000,1,0.622073
19.387716,23.631866,0.107592,-37.867767,70.729401,594.036194,-3706.941895,1370.480591,37572.621094,-0.699507,0.704294,0.121072,0.100000,0.020000,1,0.989370
19.714741,24.292339,-0.639338,3.411987,-5.224957,-22.210060,-879.054688,-383.516479,-1932.048096,-0.329545,0.638907,-0.695124,0.100000,0.020000,1,0.270239
19.510536,24.192501,0.013397,-210.300476,-360.805511,-313.518097,-14469.880859,-23394.503906,-18279.037109,-0.572013,0.670770,-0.472089,0.100000,0.020000,1,0.214792
19.445318,25.115461,0.409181,-261.931824,253.551804,43.381092,-12479.793945,11093.320312,-1119.095703,-0.687015,0.681646,0.251732,0.100000,0.020000,1,0.925025
19.735674,24.397984,0.565346,-1.074923,-64.671326,-80.938217,-717.075195,-3716.638672,-4683.246094,-0.443837,0.638569,0.628680,0.100000,0.020000,1,0.415069
19.570995,24.295532,-0.156195,-32.071472,0.314565,-17.295860,-2535.751709,-175.354309,-1013.085449,-0.709446,0.663577,-0.237387,0.100000,0.020000,1,0.589563
19.601053,24.293545,-0.365057,31.241951,126.898117,-129.097412,1211.337769,7935.496094,-11238.082031,-0.587458,0.630284,0.507577,0.100000,0.020000,1,0.916253
19.357956,23.672846,-0.438973,-103.915405,116.073517,191.846207,-8007.617188,4621.875000,11328.495117,-0.692646,0.635079,-0.341931,0.100000,0.020000,1,0.609492
19.388895,23.634962,0.791024,-23.610966,63.642792,158.497253,-1906.251709,650.448120,4575.089355,-0.694774,0.611582,0.378492,0.100000,0.020000,1,0.298373
19.681313,24.391710,0.407058,-62.065369,-317.899475,204.626404,-5090.027832,-19561.644531,12375.405273,-0.346211,0.592167,0.727651,0.100000,0.020000,1,0.844487
18.180859,24.487169,-0.802597,-262.800659,188.742218,-88.783142,-23322.214844,12771.880859,-7210.085449,-0.572653,0.591757,-0.567355,0.100000,0.020000,1,0.586662
21.220009,24.943798,-0.696627,467.926971,130.478409,-182.857361,12672.142578,4346.395996,-4620.580078,-0.810472,0.570215,0.134131,0.100000,0.020000,1,0.290490
20.597860,24.619738,-0.319694,138.874725,116.729248,-131.605591,12917.322266,8818.511719,-9374.720703,-0.821650,0.563301,-0.087086,0.100000,0.020000,1,0.845768
19.438631,24.254822,0.088085,31.432644,20.797020,-65.522949,1310.014038,1244.681152,-3846.110596,-0.827520,0.560860,0.025432,0.100000,0.020000,1,0.246875
17.502499,26.907537,-0.109832,-690.923889,797.554565,153.209229,2863.127930,24371.367188,-12760.282227,-0.441528,0.563324,-0.698369,0.100000,0.020000,1,0.906644
20.337236,22.922400,0.604465,341.560364,-166.302063,26.466125,5849.802734,-11008.728516,6138.070312,-0.568896,0.555329,0.606603,0.100000,0.020000,1,0.569366
19.515135,24.606838,-1.227614,36.461903,116.006195,-247.754791,1074.295410,3207.632812,-7182.258301,-0.702393,0.545977,-0.456677,0.100000,0.020000,1,0.682165
19.466892,24.101013,-0.336043,-123.540375,175.498260,287.860413,-8390.910156,10435.601562,17423.470703,-0.814313,0.539730,-0.213509,0.100000,0.020000,1,0.436334
19.554829,25.715500,0.207322,46.133507,442.592346,-38.040901,-261.409668,32870.378906,749.308350,-0.682641,0.524903,0.508407,0.100000,0.020000,1,0.660616
19.402016,24.279524,-0.256266,106.902420,-114.089569,4.402319,5850.856934,-6937.906738,271.396606,-0.800546,0.489654,-0.345493,0.100000,0.020000,1,0.376064
19.332357,24.261072,-0.045419,334.161957,-305.691101,550.061829,19983.001953,-19125.488281,33688.628906,-0.825849,0.493258,0.273257,0.100000,0.020000,1,0.375743
19.400570,24.009232,0.155174,48.449554,94.223610,88.037430,2167.150391,5209.619141,4988.368164,-0.801676,0.448621,0.395039,0.100000,0.020000,1,0.358590
19.441162,23.893103,0.216945,53.632301,12.792830,464.820312,1552.422119,-526.531067,27982.009766,-0.450291,0.507004,0.734973,0.100000,0.020000,1,0.885272
19.426641,23.910913,-0.649068,37.254814,-11.188004,126.584946,1215.052246,-1839.527954,7027.027832,-0.688574,0.451092,-0.567787,0.100000,0.020000,1,0.311594
19.951113,23.237629,-0.151414,27.913666,-34.753510,21.536682,-12008.501953,4956.003906,-2233.238281,-0.892942,0.400087,-0.206358,0.100000,0.020000,1,0.180697
19.018427,25.292500,-0.218509,-118.088165,310.622559,-56.725983,1433.409668,17917.908203,702.724609,-0.911427,0.398690,-0.101725,0.100000,0.020000,1,0.894881
19.131310,24.112583,0.136582,187.560211,-95.338364,-70.646500,10197.778320,-6179.600098,-3996.604004,-0.918033,0.394948,0.035090,0.100000,0.020000,1,0.783345
19.688795,24.097065,0.544255,-77.021515,236.631073,-77.332596,-5026.130371,14625.506836,-4522.285156,-0.648349,0.439471,0.621698,0.100000,0.020000,1,0.056171
19.924215,24.163025,-0.210462,118.304535,41.645676,67.673637,3111.524170,1395.052979,3359.252441,-0.796957,0.404690,-0.448426,0.100000,0.020000,1,0.686863
18.959099,23.948343,-0.644949,-59.785736,71.127304,-178.812347,-6218.761230,3694.648438,-14757.922852,-0.890132,0.379780,0.251857,0.100000,0.020000,1,0.868101
19.676493,24.014759,0.486353,-321.850220,-2.706240,-338.705505,-19700.587891,-716.765015,-19792.298828,-0.910434,0.387571,0.144566,0.100000,0.020000,1,0.029301
20.019516,25.077866,-0.234319,56.428589,190.266296,82.150909,3412.590088,15522.862305,6677.905762,-0.219127,0.555313,-0.802254,0.100000,0.020000,1,0.019586
19.532377,24.445917,0.266939,104.141769,-9.791533,67.779922,6186.490234,676.764465,3882.312988,-0.782464,0.383475,0.490609,0.100000,0.020000,1,0.814912
19.125402,24.387669,0.687624,-182.245453,227.064789,306.904480,-7945.465820,11534.416992,16487.363281,-0.536519,0.435135,0.723052,0.100000,0.020000,1,0.923281
19.461771,24.165838,-0.367572,-75.713913,91.124954,-36.911228,-6203.766602,5770.482422,-1661.016479,-0.548369,0.432568,-0.715664,0.100000,0.020000,1,0.925221
19.911772,23.168043,3.012167,42.611862,87.819611,1004.972534,-17999.585938,-12154.102539,43339.531250,-0.872331,0.308941,0.378938,0.100000,0.020000,1,0.637501
19.591522,23.996441,-0.226036,-152.672455,77.323471,-34.693901,-9447.669922,4510.033691,-2043.619995,-0.882725,0.308913,-0.354075,0.100000,0.020000,1,0.876749
19.107626,23.933290,-0.101102,7.018559,13.167457,442.132660,-1143.797852,371.317291,27031.304688,-0.957443,0.248182,0.147338,0.100000,0.020000,1,0.637946
19.407440,24.060524,-0.050589,-61.450684,-19.715130,260.751892,-4179.882324,-1177.481323,16152.631836,-0.967997,0.249066,0.030775,0.100000,0.020000,1,0.680083
20.312475,23.591658,-0.312943,75.593399,-255.700226,-208.145844,-1330.120117,-13253.493164,-10508.649414,-0.753971,0.312943,-0.577576,0.100000,0.020000,1,0.360707
19.705986,23.636696,-0.510673,79.043823,-109.216034,-52.357605,-407.037109,-2259.178467,-3927.482910,-0.839608,0.272879,-0.469676,0.100000,0.020000,1,0.758184
19.857805,24.237373,-0.749188,71.952469,24.147560,-31.960098,5001.264648,2041.803467,-2999.169922,-0.617148,0.364146,-0.697513,0.100000,0.020000,1,0.381491
19.464527,24.066074,-0.144380,-597.427185,-112.579422,-8.229336,-37753.050781,-6882.502441,-760.856750,-0.971433,0.206197,-0.117477,0.100000,0.020000,1,0.007538
19.127386,23.671183,0.301314,161.612595,-78.072586,270.527893,8334.500977,-6403.372559,16824.035156,-0.840477,0.230326,0.490458,0.100000,0.020000,1,0.304494
19.454964,23.938112,-0.419552,-69.079483,11.723001,204.852112,-4575.430664,505.783325,12176.353516,-0.927789,0.184451,-0.324324,0.100000,0.020000,1,0.280275
19.223618,23.895638,-0.279320,-37.280579,-12.647018,-109.624390,-3467.993652,-1185.102051,-8898.868164,-0.948608,0.175143,0.263567,0.100000,0.020000,1,0.299387
20.793213,23.774914,0.308790,333.929199,-59.223541,107.487793,26554.314453,-4627.326172,8768.101562,-0.958755,0.173774,-0.224925,0.100000,0.020000,1,0.667503
19.450287,24.080830,0.404872,-53.441223,-329.435852,57.131863,-4285.282715,-20713.226562,3346.161865,-0.718077,0.288018,0.633570,0.100000,0.020000,1,0.207692
19.765347,24.277702,0.797853,37.605988,34.650490,47.996216,2441.959717,3002.591309,4142.103516,-0.612885,0.323106,0.721093,0.100000,0.020000,1,0.277144
19.246733,24.074661,0.364608,169.149628,-169.842926,-86.465424,9542.224609,-10244.403320,-5141.205566,-0.909179,0.141004,0.391804,0.100000,0.020000,1,0.099323
19.286095,23.870859,-0.349474,262.876831,-91.883156,-214.005051,15541.450195,-6078.632324,-13553.954102,-0.881269,0.111967,-0.459160,0.100000,0.020000,1,0.954120
19.118973,23.742596,0.117187,276.734253,-124.369598,460.371216,16067.981445,-8429.287109,29077.941406,-0.987814,0.029615,0.152796,0.100000,0.020000,1,0.648195
19.818947,24.672138,0.324511,125.034760,239.047607,88.312271,8790.386719,11160.399414,3354.747559,-0.999469,0.023832,0.022224,0.100000,0.020000,1,0.884347
20.664330,25.771191,0.628238,230.668121,397.174011,192.780151,4062.451172,8759.044922,2085.128906,-0.694558,0.225761,-0.683096,0.100000,0.020000,1,0.713146
19.318754,24.111090,1.154522,-41.449417,41.744667,152.115448,-3887.694336,3200.460449,12536.354492,-0.771199,0.170128,0.613440,0.100000,0.020000,1,0.220717
20.200579,24.261263,-0.135001,250.306839,67.369568,57.496513,8005.777832,6682.831055,3531.099609,-0.975868,0.013595,-0.217939,0.100000,0.020000,1,0.880094
19.005161,24.407583,-0.223973,-192.025940,88.139610,-16.806370,-7141.292969,176.971191,-463.932281,-0.993841,0.004514,-0.110721,0.100000,0.020000,1,0.787989
19.212523,23.761415,-0.481364,18.336067,25.171757,0.266811,-514.207825,722.444397,-148.772064,-0.784501,0.159881,-0.599163,0.100000,0.020000,1,0.221358
19.672396,23.989706,0.607690,-170.276886,-70.914146,-231.948547,-9906.894531,-3906.238525,-12936.746094,-0.962511,-0.005880,0.271178,0.100000,0.020000,1,0.606058
18.583288,23.935043,2.471555,-193.815323,159.936829,554.305542,-12534.944336,-2705.715332,16782.347656,-0.854688,0.063706,0.515219,0.100000,0.020000,1,0.057185
19.581257,23.847675,-0.327016,-246.939117,-359.453430,46.703629,-15183.830078,-22645.337891,2603.996582,-0.942948,-0.026091,-0.331917,0.100000,0.020000,1,0.354372
19.033134,24.362888,0.228115,-50.261475,215.937881,-58.474182,-8181.672852,9738.417969,-11988.482422,-0.653965,0.210995,0.726506,0.100000,0.020000,1,0.287393
20.066236,23.829821,-0.907302,134.294098,2.137016,-118.307480,10298.887695,-1619.666626,-7022.381348,-0.824591,0.051037,-0.563423,0.100000,0.020000,1,0.583548
19.882874,23.445290,1.006170,23.994278,32.206917,208.826660,3323.836670,694.137634,16971.910156,-0.983098,-0.124308,0.134411,0.100000,0.020000,1,0.572693
19.593327,23.905361,-0.372228,58.052505,21.819336,-115.501892,4938.275879,9225.794922,-5010.294922,-0.985856,-0.129288,-0.106644,0.100000,0.020000,1,0.537905
19.929470,24.483006,-1.042731,35.760674,133.499451,-142.053162,3375.140381,10728.941406,-11201.447266,-0.715576,0.115398,-0.688938,0.100000,0.020000,1,0.454733
19.654995,23.745687,0.180652,2.043535,-40.510704,103.563004,781.466309,-2787.277588,6113.639648,-0.921064,-0.073352,0.382440,0.100000,0.020000,1,0.023821
19.517782,23.699810,-0.018919,-144.632141,-55.092743,114.780243,-8891.683594,-3676.912842,7807.727051,-0.966885,-0.147452,-0.208306,0.100000,0.020000,1,0.286397
19.226431,23.563725,0.600001,18.563839,-6.214767,-16.344980,-1338.064087,-3673.369629,-577.563232,-0.791659,0.013411,0.610816,0.100000,0.020000,1,0.704747
19.462517,23.617968,-0.164498,37.648232,0.896626,28.733818,2117.116211,-647.136475,2529.680420,-0.885639,-0.090281,-0.455515,0.100000,0.020000,1,0.241359
19.235416,23.757095,0.364383,7.608738,-68.171387,-503.115295,-495.387604,-4210.391113,-30994.281250,-0.955202,-0.163520,0.246680,0.100000,0.020000,1,0.973800
20.036453,24.390900,-0.458617,133.091705,203.320190,-143.762436,10864.244141,15628.143555,-10992.380859,-0.983236,-0.182338,0.000473,0.100000,0.020000,1,0.080283
19.360600,23.572474,0.431459,118.160416,-42.095352,99.102432,6702.541016,-3530.450439,6528.463379,-0.862726,-0.095333,0.496603,0.100000,0.020000,1,0.798773
18.316620,24.089003,-1.136808,-251.211060,220.977707,-441.243805,-16808.849609,-6125.041016,-15057.465820,-0.689834,0.091123,0.718210,0.100000,0.020000,1,0.887710
19.264805,23.914871,-0.438046,235.563507,-260.164490,148.178070,13903.952148,-15549.959961,8586.847656,-0.917025,-0.199324,-0.345450,0.100000,0.020000,1,0.669371
19.585335,23.501480,-0.008965,-56.283195,37.399906,236.989349,-3227.659180,1550.026245,13751.602539,-0.900336,-0.212626,0.379717,0.100000,0.020000,1,0.596378
19.286976,23.682343,-0.324529,-83.247192,-303.650787,-4.636848,-6001.557129,-18918.964844,-1708.695068,-0.949706,-0.312541,0.019418,0.100000,0.020000,1,0.766351
18.392220,24.357086,-1.421172,-263.716797,171.696533,-256.937134,-21886.849609,13051.420898,-20043.871094,-0.727265,-0.025231,-0.685892,0.100000,0.020000,1,0.038394
20.575174,24.540993,-1.423552,170.815338,74.665527,-336.467529,15106.473633,8293.117188,-25751.251953,-0.855774,-0.224671,-0.466019,0.100000,0.020000,1,0.019034
19.105736,23.676052,-0.523434,79.494598,-32.973808,-101.142563,3466.557373,-1768.295166,-8211.888672,-0.932886,-0.340723,-0.116751,0.100000,0.020000,1,0.711633
20.111506,23.108074,-0.400775,174.445007,-91.000061,-171.537781,13656.512695,-7803.981445,-12909.402344,-0.930825,-0.340756,0.132102,0.100000,0.020000,1,0.197994
18.624214,24.246908,-0.535165,-242.425262,111.479218,-48.490856,-13836.067383,8886.801758,1297.016602,-0.798750,-0.134120,-0.586524,0.100000,0.020000,1,0.183865
19.528221,23.981041,0.014828,89.859192,25.195068,-86.020966,5566.698242,2873.045166,-6884.498047,-0.837515,-0.237073,0.492307,0.100000,0.020000,1,0.424073
19.485931,23.677120,-0.014169,-150.045807,-133.567596,-193.431580,-9508.697266,-8102.203613,-11534.318359,-0.908691,-0.342717,-0.238383,0.100000,0.020000,1,0.061296
19.547514,23.985466,0.656002,-10.257656,-360.476318,-361.106018,-1130.842529,-22049.447266,-22237.031250,-0.703958,-0.037532,0.709249,0.100000,0.020000,1,0.920167
18.970852,24.294165,-1.656134,-226.837372,304.731323,-314.921997,-8215.125977,11244.908203,-2495.766602,-0.892714,-0.363956,0.265701,0.100000,0.020000,1,0.826123
19.914072,23.229279,0.380372,-251.280731,164.035187,194.804382,-14579.867188,8261.900391,11983.046875,-0.770448,-0.158149,0.617575,0.100000,0.020000,1,0.169344
19.624485,23.450359,-0.440181,-134.804749,-41.096130,328.065491,-8108.541992,-3145.585205,19960.449219,-0.862462,-0.361227,-0.354504,0.100000,0.020000,1,0.671293
19.234825,23.721180,-0.106474,794.530640,-730.790771,1382.945557,48916.351562,-45535.238281,85748.773438,-0.859938,-0.365104,0.356659,0.100000,0.020000,1,0.792314
19.550863,23.843296,-0.379238,143.577087,-90.376099,199.163147,8175.697754,-6199.844238,13436.864258,-0.583647,0.163730,-0.795329,0.100000,0.020000,1,0.026721
19.697609,23.743080,-0.046280,-162.712616,-84.912338,-75.321701,-9522.049805,-4306.177246,-4601.658691,-0.868040,-0.483619,-0.112338,0.100000,0.020000,1,0.591716
18.892963,23.756252,-0.290558,-75.604332,46.499565,-103.104721,-1575.577393,-907.685547,-4407.338867,-0.867273,-0.497552,0.016725,0.100000,0.020000,1,0.959511
19.386406,23.800674,-0.431814,87.700607,-240.433197,62.583855,4613.767090,-14468.694336,3928.780029,-0.762508,-0.289266,-0.578712,0.100000,0.020000,1,0.753646
18.934870,23.769699,1.142859,-144.188843,85.848160,250.143799,-11583.509766,6653.897949,20156.660156,-0.852817,-0.505093,0.132604,0.100000,0.020000,1,0.787207
21.384779,23.539036,1.875585,465.474609,-53.185287,419.189301,12837.772461,-1470.519653,11500.349609,-0.779601,-0.383060,0.495467,0.100000,0.020000,1,0.279172
20.180063,23.412436,0.070263,138.933563,-62.093445,146.365143,10972.076172,4102.890625,5599.060547,-0.794527,-0.398002,-0.458608,0.100000,0.020000,1,0.345137
19.362619,23.512920,0.462466,359.851715,-202.849701,-465.899536,21926.273438,-12617.022461,-28242.617188,-0.822648,-0.511100,0.249052,0.100000,0.020000,1,0.875236
19.044014,23.704481,-0.287512,537.427185,-305.837585,114.631210,31812.406250,-18280.431641,6697.416504,-0.824708,-0.522977,-0.215294,0.100000,0.020000,1,0.512014
19.383497,23.473043,2.349569,-17.895782,51.146706,804.605713,-5955.953125,-6348.717773,31102.031250,-0.687298,-0.168492,-0.706564,0.100000,0.020000,1,0.666471
20.657368,24.444616,-1.651414,343.264771,200.952698,-643.401062,9632.239258,11343.241211,-19258.511719,-0.732085,-0.306414,0.608410,0.100000,0.020000,1,0.783541
19.080000,23.679132,-0.612381,-107.539383,71.441307,-45.513374,-8857.532227,5362.796387,-4347.123047,-0.791196,-0.500028,-0.352108,0.100000,0.020000,1,0.728734
20.194298,23.526661,1.144993,482.942108,-131.695923,35.935287,23184.109375,-9060.554688,-5085.546875,-0.761388,-0.537523,0.362432,0.100000,0.020000,1,0.808115
20.076622,23.843681,-0.348915,350.665619,-4.921310,-351.857941,14718.166016,-3307.878662,-13095.880859,-0.655615,-0.182958,0.732595,0.100000,0.020000,1,0.265702
19.608217,23.570311,-0.459882,-36.690350,-0.460417,7.286710,-2448.200684,148.148331,271.046967,-0.709849,-0.423961,-0.562469,0.100000,0.020000,1,0.381722
19.547474,23.380720,0.105549,-226.652069,131.569519,602.174805,-14481.235352,8374.958008,38406.980469,-0.762855,-0.646413,0.014221,0.100000,0.020000,1,0.886785
18.426439,24.025600,1.818047,-423.798981,248.202225,689.609009,-8687.772461,4123.304199,12004.679688,-0.757626,-0.646897,-0.086760,0.100000,0.020000,1,0.067417
19.674120,23.351343,-0.518290,-548.705078,250.034882,67.574440,-34459.675781,15426.020508,3459.362793,-0.712065,-0.546013,-0.441399,0.100000,0.020000,1,0.355386
19.630768,23.333952,0.481314,-161.455505,94.279678,53.143929,-10071.062500,5845.253906,4933.363281,-0.745533,-0.651516,0.140381,0.100000,0.020000,1,0.229597
19.909933,23.174717,-0.250476,-369.003326,214.048065,310.633606,-22047.357422,12738.353516,19186.613281,-0.732091,-0.650208,-0.203156,0.100000,0.020000,1,0.411528
19.889605,23.180841,0.289046,111.884155,-50.840439,-68.919273,2604.666992,-4392.336914,-2691.318359,-0.670228,-0.404981,0.621920,0.100000,0.020000,1,0.807670
21.997149,21.964052,-3.327285,755.391724,-436.106171,-804.792114,23183.544922,-13513.030273,-15672.642578,-0.713649,-0.649211,0.263116,0.100000,0.020000,1,0.206891
19.638996,23.949118,0.384280,-74.061859,-217.715637,37.411133,-4921.145020,-12384.593750,1778.935913,-0.641001,-0.290859,0.710295,0.100000,0.020000,1,0.827155
19.645353,23.715673,-0.728922,2.653330,-51.045708,457.571411,-51.037128,-2804.552734,28010.943359,-0.640657,-0.302104,-0.705898,0.100000,0.020000,1,0.563209
20.235016,23.546930,1.036857,158.124313,64.099060,144.505859,6869.765625,608.192383,8624.429688,-0.676533,-0.546255,0.493871,0.100000,0.020000,1,0.436244
19.647871,23.360874,-0.820122,-55.224831,4.167941,635.250000,-3488.929443,286.686218,37678.082031,-0.683228,-0.652828,-0.327132,0.100000,0.020000,1,0.204435
19.834818,23.521097,0.294654,-412.196869,-514.701294,3.482189,-25372.033203,-31742.601562,275.545990,-0.640128,-0.666812,0.381572,0.100000,0.020000,1,0.987395
19.699274,23.290730,-0.242672,-429.536499,249.569458,994.082397,-27424.035156,15176.504883,61770.992188,-0.645920,-0.763266,0.014560,0.100000,0.020000,1,0.174024
19.639814,23.878574,-0.702182,-203.348114,-188.973419,633.922974,-13242.228516,-11554.422852,39527.683594,-0.603184,-0.068123,-0.794687,0.100000,0.020000,1,0.678927
20.026194,24.734606,0.810340,115.862885,414.337891,276.221313,-9034.281250,19689.166016,16098.910156,-0.617384,-0.532958,-0.578613,0.100000,0.020000,1,0.400300
19.664244,23.310955,-0.564940,-43.712765,25.792042,30.043633,-3006.998291,1604.550537,-151.464493,-0.627248,-0.772853,-0.096217,0.100000,0.020000,1,0.105426
20.251976,22.971626,-0.223758,131.212677,-66.694656,-50.389172,16554.058594,-11401.935547,1601.635742,-0.597604,-0.766962,-0.233749,0.100000,0.020000,1,0.890006
19.704857,23.287506,0.342782,-178.395447,103.625336,-1471.216064,-11415.644531,6427.066895,-91886.054688,-0.601240,-0.787481,0.135588,0.100000,0.020000,1,0.990616
19.465422,23.492809,0.515786,556.450073,-389.577911,164.496552,34012.023438,-24348.835938,10658.465820,-0.580059,-0.539567,0.610244,0.100000,0.020000,1,0.715512
19.683405,24.154310,0.075698,-107.078659,145.294617,126.743408,-6916.742676,12567.941406,9745.544922,-0.585534,-0.664829,-0.463845,0.100000,0.020000,1,0.071990
19.812609,23.225294,0.444318,-421.536316,244.039627,-252.555725,-26456.691406,14655.808594,-15567.773438,-0.574205,-0.666453,0.475530,0.100000,0.020000,1,0.515893
20.772228,22.671259,-0.015427,318.777924,-98.831291,-5.140095,11696.525391,-24170.300781,-13594.970703,-0.575106,-0.771705,0.271523,0.100000,0.020000,1,0.643729
18.881405,23.832628,0.408399,-190.145050,130.902008,-22.603119,-15642.232422,9541.325195,-1927.709595,-0.560006,-0.415860,0.716557,0.100000,0.020000,1,0.596502
19.768454,23.665827,-0.431214,-140.008545,34.565689,17.929043,-8755.999023,2796.348633,1508.011475,-0.563985,-0.426635,-0.707039,0.100000,0.020000,1,0.313124
19.737146,23.272814,0.402848,23.894773,-12.599000,-43.669792,1414.886108,-784.816162,-2262.541992,-0.528412,-0.756113,0.386101,0.100000,0.020000,1,0.435337
20.624519,22.756538,-0.183033,229.754532,-132.615494,30.945047,18098.300781,-10458.856445,2250.836914,-0.522963,-0.779513,-0.344774,0.100000,0.020000,1,0.826960
19.723248,23.286369,-0.342017,310.190765,-300.144775,547.995728,19336.632812,-18512.992188,33090.949219,-0.491739,-0.870449,0.022617,0.100000,0.020000,1,0.480695
19.878447,23.933138,-1.432355,22.147469,137.468292,-216.051636,1777.692627,11117.635742,-17850.347656,-0.497901,-0.648865,-0.575385,0.100000,0.020000,1,0.161319
20.295650,22.946411,-0.945037,178.551880,-102.232536,-228.393661,11003.824219,-6551.600586,-22197.656250,-0.466994,-0.878490,-0.100862,0.100000,0.020000,1,0.570024
19.727976,23.274157,-0.116493,-106.366577,62.252522,776.217346,-7240.821777,3967.265869,48105.292969,-0.463653,-0.873782,0.146736,0.100000,0.020000,1,0.056385
19.608593,23.431446,-1.518513,-95.175056,81.027519,-394.056702,3031.368164,-981.061523,-10940.288086,-0.466311,-0.751418,-0.466825,0.100000,0.020000,1,0.542140
19.912674,23.221542,0.285898,-35.945866,-169.499954,-161.392395,-1878.322632,-10567.214844,-9801.444336,-0.442029,-0.857708,0.262580,0.100000,0.020000,1,0.379765
20.033361,23.469458,1.076917,54.323700,76.517105,332.018829,-3493.843750,7841.879883,20937.322266,-0.441449,-0.872191,-0.210727,0.100000,0.020000,1,0.501426
20.270252,22.986172,0.785489,-369.356049,220.853149,155.288101,-21393.140625,12366.000977,11171.590820,-0.468496,-0.628526,0.620860,0.100000,0.020000,1,0.479308
19.556864,23.577765,-0.533003,-38.002480,23.635456,-4.987803,-3733.359375,1885.216797,-244.702026,-0.486119,-0.518175,-0.703692,0.100000,0.020000,1,0.866250
20.473278,22.859503,1.162482,190.845306,-108.009445,192.714203,14731.451172,-8517.063477,15507.992188,-0.433311,-0.755439,0.491481,0.100000,0.020000,1,0.094002
19.706326,24.222961,-0.886246,-4.888615,186.977173,-145.743042,-266.089355,5699.749512,-5122.793945,-0.543275,-0.284100,-0.790025,0.100000,0.020000,1,0.585915
19.880615,23.322134,0.339285,-210.286407,-145.391357,-149.886734,-13216.084961,-8640.820312,-9180.751953,-0.378943,-0.848560,0.369254,0.100000,0.020000,1,0.027326
19.987415,23.126017,-0.283023,-87.470398,24.635685,159.733551,-5049.183105,1332.459473,9934.724609,-0.367612,-0.867189,-0.335925,0.100000,0.020000,1,0.795570
19.931892,23.311831,-0.485007,-75.845840,3.958916,116.846954,-4522.451172,383.272766,7074.303711,-0.384308,-0.733884,-0.560108,0.100000,0.020000,1,0.321167
19.885565,23.816853,1.414160,14.077528,88.772171,245.971436,1149.381714,7116.171875,19185.490234,-0.459773,-0.505197,0.730332,0.100000,0.020000,1,0.205147
19.929434,23.157848,-0.163434,-229.944519,136.165039,312.707184,-15472.588867,7375.327637,19553.660156,-0.289900,-0.950431,-0.112427,0.100000,0.020000,1,0.447331
20.788685,23.586510,0.749417,245.270874,95.978714,229.211426,11748.736328,2576.466797,7368.746094,-0.285619,-0.949600,0.129158,0.100000,0.020000,1,0.476567
19.887819,23.181871,0.123518,-146.361694,87.449570,266.436554,-10247.874023,4609.240723,17393.404297,-0.281879,-0.959043,0.027952,0.100000,0.020000,1,0.859541
20.456560,22.865211,0.308355,103.997086,-57.530167,169.835083,8799.487305,-5035.530273,13422.440430,-0.306695,-0.833895,-0.458865,0.100000,0.020000,1,0.890450
21.929037,22.751905,-2.792894,568.141235,-176.979385,-638.374268,15815.742188,-6758.481445,-16469.429688,-0.258245,-0.944479,-0.203150,0.100000,0.020000,1,0.813649
21.601561,25.892416,1.359079,459.075745,813.584351,390.894409,13091.735352,24512.339844,12855.816406,-0.294685,-0.819570,0.491392,0.100000,0.020000,1,0.566928
20.307941,23.151293,0.558674,114.413834,-1.821449,149.293839,7014.911621,-2530.811768,11038.859375,-0.250337,-0.901097,0.354056,0.100000,0.020000,1,0.231590
19.890236,23.266768,0.417668,-232.122833,-51.450928,134.460205,-14958.249023,-2647.223145,9430.995117,-0.244234,-0.934156,0.260196,0.100000,0.020000,1,0.874898
19.898893,23.260969,1.917268,46.583847,-19.556755,334.330750,3037.181396,-1781.654053,26913.363281,-0.384389,-0.584314,0.714718,0.100000,0.020000,1,0.941183
19.868505,23.199055,-0.605707,-147.628647,87.061012,16.416216,-9353.150391,4733.105469,675.424622,-0.382046,-0.598127,-0.704475,0.100000,0.020000,1,0.089945
21.191357,23.983944,-1.811852,475.136902,183.573563,-543.807251,23878.082031,35.877930,-10718.806641,-0.330234,-0.713030,0.618493,0.100000,0.020000,1,0.054641
20.079502,23.112827,-0.426198,33.022354,-25.495865,-43.570923,2515.766357,-1719.553223,-3479.197510,-0.228743,-0.911628,-0.341485,0.100000,0.020000,1,0.160536
20.372734,23.031969,-0.055708,68.301193,-19.530788,-22.963512,5745.944336,-1426.069946,-1734.513794,-0.152787,-0.988114,0.016956,0.100000,0.020000,1,0.434874
20.025837,23.183817,-0.638415,-144.591705,83.382889,270.959412,-8899.430664,5081.839844,16147.848633,-0.242815,-0.795018,-0.555867,0.100000,0.020000,1,0.627838
20.868729,22.615543,-0.665859,211.359711,-121.837677,-233.663345,16752.800781,-9729.985352,-17972.142578,-0.135617,-0.980752,0.140479,0.100000,0.020000,1,0.777686
19.694391,23.533789,-0.777470,-53.817215,-171.648682,528.046326,-4429.645508,-9986.368164,32215.195312,-0.291627,-0.659854,-0.692492,0.100000,0.020000,1,0.255345
19.430302,23.446018,1.368357,-105.795624,120.579330,234.891037,-16947.751953,9097.596680,14869.357422,-0.147609,-0.867202,0.475575,0.100000,0.020000,1,0.444234
20.609488,22.783409,0.497859,-827.374390,477.806580,-509.191223,-50020.464844,28855.117188,-30877.107422,-0.084260,-0.960502,0.265211,0.100000,0.020000,1,0.447455
20.201378,23.177576,-0.286178,-34.066975,-106.586876,185.092285,-1655.348145,-6343.211914,11141.322266,-0.082256,-0.973737,-0.212299,0.100000,0.020000,1,0.815571
20.198122,23.002718,-0.291530,-395.065491,228.175125,216.117126,-24492.042969,14077.692383,12760.096680,-0.077350,-0.991064,-0.108668,0.100000,0.020000,1,0.327413
20.094803,23.304602,0.423739,-65.825439,-7.977351,355.032959,-3784.323486,-266.110474,22291.757812,-0.198497,-0.764648,0.613117,0.100000,0.020000,1,0.638302
19.540619,23.385874,-0.879195,-84.757324,50.009125,-75.726929,-7487.962402,4087.777588,-7007.451172,-0.129806,-0.873322,-0.469532,0.100000,0.020000,1,0.188794
20.219776,23.082827,0.070489,2.612057,-4.498034,-202.710022,359.567932,-190.802002,-12537.601562,0.039939,-0.999130,0.011996,0.100000,0.020000,1,0.899472
20.049152,23.534307,-0.590925,-18.443401,13.626091,14.741037,-1082.550781,1938.297852,518.605835,-0.169711,-0.724694,-0.667845,0.100000,0.020000,1,0.841782
22.830185,21.483099,-0.054679,834.484680,-458.445190,6.965695,23024.449219,-18112.593750,-1451.433594,-0.088298,-0.816210,-0.570968,0.100000,0.020000,1,0.255915
20.112839,23.051960,-0.640451,60.319771,-28.317335,-208.989487,1931.396729,-2627.511963,-17270.189453,-0.022640,-0.925765,0.377421,0.100000,0.020000,1,0.100568
19.345572,23.516953,-0.232238,-295.013489,170.108398,138.922699,-21917.796875,12438.918945,8873.296875,-0.015963,-0.937028,-0.348889,0.100000,0.020000,1,0.212425
20.230648,23.206633,0.153596,-448.305267,-386.891693,117.673782,-28113.847656,-23834.826172,7676.855469,0.057443,-0.990180,0.127453,0.100000,0.020000,1,0.857335
20.093119,23.541088,-0.033684,-22.891418,93.217590,0.466636,-1868.383301,7879.696289,175.892563,0.067954,-0.993324,-0.093219,0.100000,0.020000,1,0.091208
20.394276,23.479458,0.282297,127.888771,21.633743,-52.050377,3994.720215,-105.396606,-997.723022,-0.247060,-0.627212,0.738625,0.100000,0.020000,1,0.120463
19.917400,23.765705,0.171697,-152.613495,96.453613,54.252785,-10576.816406,8655.029297,2683.426270,-0.007796,-0.880804,0.473417,0.100000,0.020000,1,0.903280
20.312168,23.288176,-0.349711,14.051945,36.210541,-86.157303,-796.504517,2066.564209,-5403.592773,0.001204,-0.887073,-0.461628,0.100000,0.020000,1,0.778006
22.205585,24.964140,0.134231,656.883179,506.870361,73.957458,24115.390625,18347.408203,7955.847168,0.076059,-0.975587,-0.206019,0.100000,0.020000,1,0.559934
19.945261,23.541761,-0.602218,-56.330765,-116.677261,25.361786,-3488.991455,-6864.879395,1489.055542,-0.315770,-0.539465,-0.780556,0.100000,0.020000,1,0.810677
20.286966,23.108326,0.564005,32.376205,-17.098061,21.807762,2794.665039,-1538.920532,1874.344360,-0.061460,-0.795044,0.603430,0.100000,0.020000,1,0.670759
20.675318,23.283070,0.097278,-158.718781,93.198502,-395.780090,-8130.778320,6714.704102,-25333.318359,0.104947,-0.963572,0.245999,0.100000,0.020000,1,0.371953
19.879387,23.186741,-0.283131,226.845169,-124.617485,-5.612948,11570.950195,-10438.365234,-556.336121,0.118737,-0.939579,-0.321082,0.100000,0.020000,1,0.743343
19.134527,23.616787,1.294809,-35.332443,73.305511,147.792709,-4319.735840,-8406.053711,-3249.030273,-0.133559,-0.673966,0.726589,0.100000,0.020000,1,0.887034
20.297054,23.465212,-0.415714,-605.139160,-591.688232,-433.387360,-37451.375000,-36474.578125,-27038.707031,-0.049557,-0.743613,-0.666771,0.100000,0.020000,1,0.732969
20.263483,22.964983,-0.979075,2.988980,13.183011,-349.358856,3742.524414,-5271.410645,-9790.566406,0.147974,-0.913722,0.378438,0.100000,0.020000,1,0.265968
20.255293,24.194279,0.246213,23.845123,292.605347,273.699738,1788.030518,22607.667969,16491.591797,0.046632,-0.807074,0.588606,0.100000,0.020000,1,0.429002
20.192266,23.006102,-0.262149,-160.125305,93.568542,-433.391876,-10431.650391,4631.900879,-26731.068359,0.060566,-0.813762,-0.578034,0.100000,0.020000,1,0.424091
19.739721,23.531034,0.704516,-21.135056,-189.926361,0.155159,-3823.803223,-10080.172852,2859.439941,0.254577,-0.966566,0.030668,0.100000,0.020000,1,0.485909
20.431509,23.029215,0.877609,66.509369,-37.355980,135.075958,4862.758789,-2872.957764,10751.128906,0.163971,-0.868284,0.468184,0.100000,0.020000,1,0.800018
20.288746,23.323605,-0.195667,-257.056213,-133.585495,-19.301592,-16191.201172,-7685.677734,-660.665955,0.175329,-0.877485,-0.446407,0.100000,0.020000,1,0.968390
20.383358,23.212471,0.294622,-254.281067,27.450142,-270.969330,-15837.630859,2222.146240,-16604.197266,0.248687,-0.939023,0.237466,0.100000,0.020000,1,0.249260
20.312189,23.171442,-0.150712,-10.602705,11.495716,113.897858,-797.706421,1108.822021,6881.285645,0.263987,-0.958855,-0.104444,0.100000,0.020000,1,0.129218
20.617950,22.889681,-0.232395,-51.773262,34.201733,0.958225,-2135.002441,1353.171997,-1298.697021,0.268951,-0.954884,0.125942,0.100000,0.020000,1,0.150126
20.365484,22.921659,-0.120818,-110.546906,68.541916,-36.271790,-6897.931641,3610.131592,-2153.275391,0.267410,-0.940845,-0.208093,0.100000,0.020000,1,0.357041
20.370649,23.110374,0.279861,-54.343330,16.926794,-5.343346,-3435.338867,950.366821,-323.076965,0.297374,-0.878037,0.374992,0.100000,0.020000,1,0.323409
20.431948,23.683489,-0.817151,13.694309,92.948029,-119.984924,1092.399780,8167.403809,-9905.358398,0.305185,-0.885040,-0.351519,0.100000,0.020000,1,0.784128
20.234221,23.061560,0.803907,91.595749,-28.736809,34.892487,6138.123047,-2813.379395,3308.588379,-0.013215,-0.681841,0.731381,0.100000,0.020000,1,0.797652
22.144094,25.850952,-0.594290,522.914429,754.895203,-207.991669,27263.470703,39643.460938,-15188.875977,0.402342,-0.914860,0.033947,0.100000,0.020000,1,0.402079
21.112450,22.549349,-0.041032,138.913651,-57.620346,25.909370,11772.089844,-6214.211426,2806.885986,0.323961,-0.839673,-0.435888,0.100000,0.020000,1,0.009176
20.582903,22.796045,-0.342724,136.243210,-73.969391,-179.825043,1422.120850,-1598.811890,-9281.545898,0.430642,-0.897253,-0.097393,0.100000,0.020000,1,0.275186
20.460459,23.369619,0.013983,116.590530,-315.765472,218.605560,7318.949707,-18888.478516,13468.943359,0.429608,-0.894189,0.125948,0.100000,0.020000,1,0.467901
22.319048,22.097807,0.500655,546.744995,-295.945282,352.007050,14660.355469,-7827.523926,13558.142578,0.206198,-0.782726,-0.587216,0.100000,0.020000,1,0.002200
21.255907,22.877628,1.018896,284.216339,-53.305511,251.399902,14552.772461,-5230.703613,213.119141,0.310807,-0.812402,0.493358,0.100000,0.020000,1,0.838028
20.312828,23.026814,-0.685035,154.578049,-88.624664,-16.443352,9098.227539,-6044.593262,-3206.085449,0.428850,-0.874795,-0.225437,0.100000,0.020000,1,0.339531
20.774052,23.704353,0.861513,58.230057,83.197601,140.342682,4929.594727,7603.011719,11678.448242,0.432853,-0.865156,0.253266,0.100000,0.020000,1,0.398004
20.301428,23.389580,-0.636794,-22.502594,-348.009918,379.548523,-1194.390503,-21482.583984,23436.695312,0.120039,-0.709177,-0.694737,0.100000,0.020000,1,0.045192
20.224115,23.458961,0.671631,64.261635,-9.801242,69.913040,3658.080566,318.008331,5314.468750,0.219224,-0.754679,0.618385,0.100000,0.020000,1,0.721793
20.500820,23.249918,0.379658,28.163082,-155.435211,46.407028,1920.456055,-9449.795898,3438.380371,0.421245,-0.836812,0.349711,0.100000,0.020000,1,0.790783
21.335827,24.776695,1.373838,215.745117,453.169006,463.509094,13077.453125,10114.214844,19686.281250,0.427732,-0.836138,-0.343392,0.100000,0.020000,1,0.132438
20.313612,23.488083,0.494645,-60.111168,-147.146149,363.808868,-3494.026611,-8473.455078,22809.134766,0.110928,-0.683828,0.721161,0.100000,0.020000,1,0.242818
20.636568,22.954765,0.510077,-374.051514,213.570404,-725.287964,-23287.337891,12619.817383,-43331.167969,0.544619,-0.832310,-0.103204,0.100000,0.020000,1,0.509985
20.457777,23.554401,-0.157361,-336.642151,93.785141,-112.802895,-18673.009766,3309.574707,-4443.130859,0.554637,-0.831945,0.015661,0.100000,0.020000,1,0.124235
20.391550,23.363739,0.216060,-53.337097,27.102203,-18.729425,-4149.146484,2505.601074,-639.171326,0.569488,-0.813659,0.116803,0.100000,0.020000,1,0.240024
20.050728,23.843552,-1.224573,2.518122,84.276291,-132.022003,52.291790,7304.633301,-11007.231445,-0.115721,-0.597984,-0.793110,0.100000,0.020000,1,0.052950
19.951256,23.145247,-0.265337,72.896210,126.259933,0.000000,-3996.933594,-31901.023438,2644.188965,0.452054,-0.761276,-0.464872,0.100000,0.020000,1,0.612268
20.262558,23.181210,1.230569,-23.537125,37.698425,205.636292,-2808.352539,2330.759521,17390.664062,0.568174,-0.787890,0.237502,0.100000,0.020000,1,0.884809
20.002151,23.213083,-1.099451,123.034393,-41.573193,-783.124023,6397.722168,-2937.625488,-51887.964844,0.228139,-0.682944,-0.693931,0.100000,0.020000,1,0.695476
20.684488,22.721914,-2.297914,187.243652,-45.249672,-470.908264,96.677551,-13030.183594,-15582.200195,0.369696,-0.725637,-0.580324,0.100000,0.020000,1,0.059641
20.373306,23.075006,0.239124,8.414794,8.002888,149.946045,-39.613583,-142.904205,9011.910156,0.472946,-0.744437,0.471313,0.100000,0.020000,1,0.305401
20.710463,22.706921,0.394785,128.001373,-11.051361,107.027626,1714.760498,-11452.946289,4397.709961,0.597292,-0.775451,-0.204742,0.100000,0.020000,1,0.358109
20.001303,23.687111,0.264368,286.070435,-630.468567,728.557007,16236.204102,-38019.789062,45245.183594,0.373245,-0.708117,0.599382,0.100000,0.020000,1,0.189167
20.297293,23.592463,-0.422385,-71.442352,52.621048,-45.900169,-5717.382324,4856.448730,-3616.325195,0.575034,-0.744351,-0.339525,0.100000,0.020000,1,0.741083
20.575827,23.379915,0.362577,-0.538326,-88.726166,-88.519882,-114.759201,-5039.072754,-5243.500488,0.584992,-0.716423,0.380161,0.100000,0.020000,1,0.515715
19.595757,23.476149,-1.411086,-73.431076,80.471893,-258.941803,-8446.131836,5877.706543,-20464.410156,0.465306,-0.671422,-0.576786,0.100000,0.020000,1,0.111530
21.434469,22.307512,0.816078,247.198013,-318.916687,171.750153,7618.794922,-11450.275391,6173.744629,0.685987,-0.683349,0.249912,0.100000,0.020000,1,0.446263
21.379095,23.234705,0.106272,484.598511,-173.260818,-147.163513,23657.636719,-12669.609375,-12304.894531,0.692174,-0.684574,-0.228591,0.100000,0.020000,1,0.731403
19.988487,23.422070,0.637414,-83.018402,57.693024,139.967102,-8171.252441,4331.200195,11111.137695,0.709953,-0.692933,0.125743,0.100000,0.020000,1,0.812581
20.688070,23.452782,-0.384254,8.522850,-64.586517,-23.077545,498.759003,-3273.089844,-2770.076416,0.719731,-0.687737,-0.094897,0.100000,0.020000,1,0.816656
20.449471,23.532145,0.430209,-61.325459,-441.020660,-95.260796,-3466.156006,-26960.259766,-6459.318848,0.255807,-0.635585,0.728419,0.100000,0.020000,1,0.289155
20.489857,22.967922,-0.869186,61.492279,-7.336170,-71.177383,4175.767090,-1930.975098,-5992.018066,0.344915,-0.633804,-0.692334,0.100000,0.020000,1,0.259705
20.426922,23.277328,0.486422,-34.664513,18.988266,-6.268000,-2521.513672,1087.544678,-232.442474,0.462324,-0.646561,0.606808,0.100000,0.020000,1,0.681525
20.349991,23.884880,0.764788,-67.951279,98.641647,293.007141,-4796.867676,4631.391113,18087.539062,0.602588,-0.653010,-0.458765,0.100000,0.020000,1,0.669709
20.228971,23.953346,0.166129,-107.976837,101.376801,38.174896,-8793.448242,9295.166992,3098.894531,0.726145,-0.687539,0.001615,0.100000,0.020000,1,0.173348
21.885855,22.028307,-0.312860,483.420837,-219.714691,-183.150391,10687.695312,-16296.325195,-4541.485352,0.598837,-0.637793,0.484370,0.100000,0.020000,1,0.897390
20.605616,23.263479,-0.195489,-38.877686,-72.268341,66.194321,-2789.652100,-4702.141602,4328.926758,0.701235,-0.640023,-0.314071,0.100000,0.020000,1,0.618389
20.631447,23.384470,0.295509,-70.260223,-92.811691,-196.487000,-4643.642090,-5578.337402,-12332.397461,0.693437,-0.613337,0.378103,0.100000,0.020000,1,0.406901
20.198128,23.445930,-0.724286,-17.159702,-7.285459,-17.001766,-1307.979492,-63.056496,-1677.107056,0.119425,-0.606078,-0.786389,0.100000,0.020000,1,0.688500
21.073441,23.498489,-0.204982,145.524353,-79.652298,-200.137741,3121.291504,-3803.691162,-6033.393066,0.357673,-0.592214,0.722047,0.100000,0.020000,1,0.878368
19.310131,23.675514,-0.501179,-217.374847,145.944305,-0.737246,-18718.361328,10575.757812,-81.289116,0.457444,-0.586373,-0.668515,0.100000,0.020000,1,0.896109
20.641743,23.554630,-0.629141,-8.167116,-84.935608,248.771210,-394.516754,-4499.346680,14778.625000,0.599507,-0.578171,-0.553452,0.100000,0.020000,1,0.105124
20.801903,23.684944,0.071462,-101.696411,-143.025650,-95.020813,-6315.026367,-7609.058594,-5419.571289,0.818112,-0.567855,-0.090746,0.100000,0.020000,1,0.962625
20.585384,23.601641,-0.105409,86.166489,-37.316776,22.287539,4608.263184,-1304.844971,861.228271,0.827221,-0.560841,0.034107,0.100000,0.020000,1,0.632394
20.855867,23.373045,-0.414499,37.629494,-34.188698,-21.884144,3025.246338,-2118.758545,-1782.711914,0.714572,-0.550279,-0.431948,0.100000,0.020000,1,0.270026
20.660276,23.614502,0.254215,305.437958,33.999847,-182.789764,18746.865234,3186.620117,-10890.942383,0.830652,-0.540216,0.134851,0.100000,0.020000,1,0.581929
19.968460,23.356098,-0.593748,94.360870,-94.569519,11.483789,4397.092285,-5992.276367,634.599915,0.237649,-0.584174,-0.776057,0.100000,0.020000,1,0.593566
18.951733,24.911367,1.891486,-438.202209,447.147369,394.323547,-15746.205078,15041.327148,14986.781250,0.593072,-0.542386,0.595050,0.100000,0.020000,1,0.453648
20.684744,23.537682,0.310336,7.400516,-3.807178,-10.636644,428.588043,414.177368,-836.164124,0.704619,-0.527673,0.474419,0.100000,0.020000,1,0.663961
20.929737,22.989151,-0.551641,72.566177,-129.760696,-114.353523,5306.063965,-10318.895508,-3940.933105,0.824543,-0.519167,-0.224933,0.100000,0.020000,1,0.309512
20.603601,23.382547,-0.057862,-286.858765,94.522934,147.544342,-18840.589844,5950.530273,8266.555664,0.817516,-0.513264,0.261205,0.100000,0.020000,1,0.512031
20.751301,23.488716,0.596389,50.373917,-25.250210,21.726303,4162.082520,-1135.261230,1723.348511,0.468420,-0.545875,0.694696,0.100000,0.020000,1,0.581092
20.420174,22.939592,-0.693351,-361.441833,228.398071,594.891785,-23856.693359,12457.979492,36361.621094,0.669814,-0.493584,-0.554729,0.100000,0.020000,1,0.569721
20.797791,23.680435,0.412154,29.052132,-383.582123,-211.615036,1938.060913,-23123.783203,-12746.667969,0.806119,-0.469004,0.360844,0.100000,0.020000,1,0.029426
20.990612,23.731434,-0.851586,72.246384,28.117775,-140.934814,5437.165039,3087.771484,-11433.432617,0.816905,-0.472017,-0.331460,0.100000,0.020000,1,0.204826
20.897755,23.539520,0.017024,25.364357,-27.600849,0.518239,1816.400146,-1339.566040,37.243015,0.901683,-0.431857,0.021620,0.100000,0.020000,1,0.545788
19.856575,23.410564,0.528201,-156.704559,139.785034,-318.836609,-13280.662109,8721.806641,-19734.638672,0.664926,-0.458424,0.589679,0.100000,0.020000,1,0.314299
20.754240,23.663260,0.103671,-18.517754,-2.351866,-218.992996,-1572.875977,678.229797,-13799.434570,0.906003,-0.401843,0.132969,0.100000,0.020000,1,0.040974
21.375778,25.402685,-1.054807,285.677185,548.581604,-204.779480,9491.734375,16061.136719,-4835.955566,0.913904,-0.393753,-0.098681,0.100000,0.020000,1,0.568494
20.521637,23.198612,-0.067123,87.298721,-99.699715,158.025116,4372.847656,-4306.264648,6517.788086,0.785947,-0.422145,-0.451753,0.100000,0.020000,1,0.147332
20.193941,24.048931,0.261118,-126.662506,100.755478,199.970245,4327.778320,7189.432617,13705.843750,0.557221,-0.465232,-0.687796,0.100000,0.020000,1,0.086493
20.750624,23.947422,0.129203,38.039436,68.466537,-23.629150,2388.313232,6275.901855,-2478.491211,0.775450,-0.391216,0.495609,0.100000,0.020000,1,0.380565
20.276104,23.221998,-0.254097,301.170166,-122.982254,-63.806488,16586.708984,-8918.619141,-4439.925781,0.909889,-0.357307,-0.210795,0.100000,0.020000,1,0.167387
22.480997,24.620144,-0.870403,526.033447,328.806885,-331.749603,18527.828125,9915.751953,-9556.558594,0.905908,-0.351362,0.236380,0.100000,0.020000,1,0.719071
20.646879,23.401039,0.663476,31.435249,-39.820381,24.690712,2208.333008,-2715.431641,2191.066406,0.564755,-0.445601,0.694615,0.100000,0.020000,1,0.367095
21.912216,24.509356,-0.003948,311.485413,254.516357,-68.252625,24857.775391,20005.216797,-3411.582520,0.871411,-0.339418,0.354172,0.100000,0.020000,1,0.469040
20.773903,23.870731,-0.258208,-3.815733,37.741997,4.924876,-523.913208,3828.804199,232.793762,0.888525,-0.323990,-0.324892,0.100000,0.020000,1,0.256715
20.716841,23.660181,0.040096,71.481560,-33.942585,-66.342346,3753.157471,-1785.374390,-4401.332031,0.959678,-0.252387,0.123766,0.100000,0.020000,1,0.380957
20.818325,23.738371,0.021288,76.863678,221.261414,-748.221008,4480.476074,14615.648438,-47161.519531,0.970577,-0.240685,0.007207,0.100000,0.020000,1,0.694532
20.149120,23.383465,-0.240390,194.679108,-91.933914,-242.294189,9514.054688,-6473.261230,-14885.084961,0.848634,-0.274000,-0.452487,0.100000,0.020000,1,0.888920
20.824215,23.761612,-0.120007,335.755310,-188.158951,136.736450,20847.132812,-11198.310547,8482.525391,0.968968,-0.219008,-0.114614,0.100000,0.020000,1,0.919580
20.489588,23.632782,0.574589,110.440186,-12.939948,-50.826721,6350.734863,-286.701965,-2946.120361,0.619391,-0.366480,0.694296,0.100000,0.020000,1,0.684870
21.119909,24.027849,-0.523955,115.245743,118.609253,-290.312561,5689.031250,1637.488281,-9291.072266,0.733594,-0.307758,0.605909,0.100000,0.020000,1,0.770568
20.436361,23.492746,-0.021354,-58.938980,-177.850739,157.740189,-5620.057129,-11698.245117,9124.281250,0.947078,-0.211799,0.241213,0.100000,0.020000,1,0.036846
20.895130,23.768988,-0.172078,-65.088547,36.587624,26.609737,-4114.077637,2946.776855,1663.545776,0.953471,-0.197039,-0.228185,0.100000,0.020000,1,0.529577
20.821898,23.656630,-0.610504,-281.120789,37.074318,421.961853,-17374.957031,2829.582031,25903.632812,0.743367,-0.313542,-0.590844,0.100000,0.020000,1,0.050975
20.690022,23.866846,0.488036,37.538841,-226.877533,-333.585327,1859.297607,-13166.554688,-20499.103516,0.843512,-0.238685,0.481162,0.100000,0.020000,1,0.138809
20.848431,24.448862,0.058849,58.484085,173.614471,65.371048,3577.463379,14409.620117,5383.156250,0.925310,-0.190074,-0.328136,0.100000,0.020000,1,0.142350
20.548471,23.646551,-0.392511,82.478149,-359.158722,-497.928467,4794.669922,-22146.917969,-30926.435547,0.629879,-0.345288,-0.695721,0.100000,0.020000,1,0.082863
20.846685,24.687195,-0.165330,58.823608,210.165802,45.940704,3964.779785,17728.550781,3918.136475,0.806889,-0.202860,-0.554778,0.100000,0.020000,1,0.986577
19.790356,23.779922,0.201960,-282.302948,-70.421318,27.643261,-8329.910156,1216.100830,-1832.024414,0.918507,-0.134477,0.371834,0.100000,0.020000,1,0.784039
21.011032,23.919821,-0.393614,48.891273,3.143120,-70.932190,3421.604004,1133.202759,-5847.403320,0.992107,-0.088147,-0.089187,0.100000,0.020000,1,0.192940
20.836802,23.980711,-0.157203,43.071594,-116.212357,222.203827,2312.018311,-6162.851562,13290.095703,0.996261,-0.082537,0.025524,0.100000,0.020000,1,0.181338
20.705475,23.967035,-0.503927,108.043411,-181.240448,286.014038,6226.052246,-10200.976562,17333.302734,0.883711,-0.129402,-0.449789,0.100000,0.020000,1,0.644387
20.553816,23.365593,0.143425,-68.181587,-229.558533,-10.556763,-3854.587158,-10041.738281,3028.028076,0.987104,-0.063302,0.147029,0.100000,0.020000,1,0.690404
20.783117,23.787203,0.307126,284.284943,-438.267151,107.599113,17677.503906,-27251.968750,6656.183594,0.881344,-0.105346,0.460581,0.100000,0.020000,1,0.318089
20.897581,23.987995,0.313969,-173.683655,-214.868896,-144.349213,-11034.427734,-12481.578125,-8561.518555,0.967853,-0.045438,0.247376,0.100000,0.020000,1,0.171711
20.670074,23.395489,-0.884980,89.773987,-42.008163,-83.338699,3115.525146,-1520.836914,-3169.156006,0.424210,-0.444912,-0.788733,0.100000,0.020000,1,0.201357
20.323893,23.436106,-0.306401,-71.470810,-57.403580,84.915131,-6105.622070,-4332.097168,6163.562012,0.700323,-0.227958,-0.676448,0.100000,0.020000,1,0.550236
20.748327,23.811882,0.574463,-33.394989,-22.970669,-163.141266,-2210.114990,-780.981018,-9736.457031,0.785913,-0.160801,0.597063,0.100000,0.020000,1,0.548244
20.552008,23.342857,-0.067262,-463.459290,-63.440918,262.745789,-30798.783203,-5669.099609,16966.291016,0.976165,-0.028990,-0.215086,0.100000,0.020000,1,0.116014
20.662312,23.813032,-0.331140,135.758331,-89.055984,35.647491,7577.887695,-5333.725586,1857.773315,0.946420,-0.026903,-0.321816,0.100000,0.020000,1,0.194239
20.855103,24.053303,-0.054513,22.501442,27.039322,-58.602692,1258.725586,2944.678467,-4997.229980,0.937653,-0.010316,0.347421,0.100000,0.020000,1,0.121245
22.119024,23.708950,0.266251,381.684814,-6.337136,-69.345566,30066.259766,-31.494886,-5435.949219,0.677817,-0.209314,0.704806,0.100000,0.020000,1,0.880806
20.708754,23.901726,-0.588924,-61.380310,-132.804932,166.396820,-4009.373535,-7425.644531,10064.964844,0.741911,-0.135779,-0.656606,0.100000,0.020000,1,0.136673
20.568321,24.024994,-0.432099,40.706234,-191.724609,-66.940170,1578.734741,-10853.340820,-4289.501465,0.822800,-0.058985,-0.565262,0.100000,0.020000,1,0.254384
20.933977,23.956829,0.125528,-59.669319,21.417759,-10.493586,-3771.999023,1845.372925,-548.522705,0.985821,0.101904,0.133315,0.100000,0.020000,1,0.703430
20.846518,23.914490,-0.485942,118.527512,86.064117,-57.190506,7083.079102,5739.150879,-5681.915527,0.994319,0.105594,0.013401,0.100000,0.020000,1,0.626504
20.750927,23.468237,0.282891,-117.182205,-29.760262,44.906593,-7559.538574,-2990.121582,2180.839355,0.801529,-0.049688,0.595887,0.100000,0.020000,1,0.694212
20.644045,23.466974,0.187086,-255.631287,91.138626,51.317482,-17024.404297,4383.474121,2591.727051,0.885130,0.036415,0.463917,0.100000,0.020000,1,0.098540
20.921890,23.951958,-0.472577,-196.281219,-15.675142,290.014099,-12169.318359,-375.934509,17659.203125,0.900836,0.051489,-0.431095,0.100000,0.020000,1,0.131193
21.428009,22.979258,-1.419141,287.464325,-424.780975,-328.607178,11363.055664,-8167.359863,-24480.916016,0.985515,0.134081,-0.103842,0.100000,0.020000,1,0.809912
21.271423,25.734823,-0.525963,144.824402,552.725586,-95.307610,7522.450195,9994.369141,3845.533203,0.963110,0.143713,-0.227519,0.100000,0.020000,1,0.738538
20.244053,23.541033,0.165353,350.378845,-152.374176,0.209967,19311.865234,-11002.397461,-81.521729,0.956026,0.144794,0.255045,0.100000,0.020000,1,0.675172
21.045353,23.666155,-0.298805,94.199036,-7.572266,-16.400200,6556.518555,-1356.653931,-1288.232056,0.934560,0.148868,-0.323166,0.100000,0.020000,1,0.381847
20.688681,24.224424,0.424369,153.996078,40.769592,221.388916,8098.121582,270.391174,11820.028320,0.913661,0.157280,0.374815,0.100000,0.020000,1,0.591395
21.116804,23.947519,-1.881572,80.088486,-65.407501,-516.352295,7828.895996,-2963.524658,-17410.763672,0.959001,0.261881,-0.108325,0.100000,0.020000,1,0.274510
20.501221,23.070786,-1.114977,78.532623,-4.202629,-110.804123,4572.603516,-2378.722900,-9233.415039,0.553664,-0.276508,-0.785493,0.100000,0.020000,1,0.978177
19.984402,23.357283,-0.109419,285.883636,-95.002686,333.717987,14204.570312,-8557.060547,19875.298828,0.932026,0.273646,0.237583,0.100000,0.020000,1,0.829468
20.814688,24.195684,0.065997,-47.234734,156.279633,77.430786,-3400.666504,10759.490234,4724.736328,0.946385,0.289989,0.142344,0.100000,0.020000,1,0.040636
19.610132,23.863066,-0.948159,-147.103912,124.150726,-331.684814,-13866.416016,8476.687500,-27103.847656,0.692555,-0.089359,0.715809,0.100000,0.020000,1,0.018446
22.216087,24.593100,-0.127819,449.434235,222.400330,-76.350883,12682.996094,8331.384766,-263.492676,0.804867,0.113627,0.582476,0.100000,0.020000,1,0.712789
20.089064,23.525370,-0.313195,279.112122,-134.068237,-93.179062,14624.503906,-9866.756836,-5426.671875,0.810999,0.120746,-0.572452,0.100000,0.020000,1,0.292393
20.700386,24.017067,0.267783,179.170258,84.974442,311.106689,10688.970703,5775.271484,19332.802734,0.863885,0.200538,0.462047,0.100000,0.020000,1,0.396883
20.771700,24.053549,-0.319112,-559.371155,122.264267,-27.846342,-35664.308594,8271.179688,-1736.212036,0.874492,0.204525,-0.439809,0.100000,0.020000,1,0.122011
20.826187,24.209589,-0.251615,-21.525871,-92.037537,299.126831,-1670.957397,-4881.629883,18534.580078,0.927121,0.296804,-0.228811,0.100000,0.020000,1,0.629725
20.647856,24.043106,0.336100,-285.369629,-176.147339,59.143394,-18345.857422,-10007.316406,2983.449951,0.714896,0.002006,0.699228,0.100000,0.020000,1,0.330669
20.794447,24.070585,-0.463886,-199.769897,-97.751541,85.731140,-12387.251953,-5029.334473,5572.163086,0.731295,0.030323,-0.681387,0.100000,0.020000,1,0.219098
20.973452,24.136961,-0.070573,-8.532054,116.510834,-3.479147,-293.016113,7871.999023,-546.509583,0.943250,0.331920,0.010380,0.100000,0.020000,1,0.221269
20.649137,24.343712,-0.247291,67.392296,-187.953308,336.240906,3332.396973,-10459.794922,21239.277344,0.883792,0.320938,-0.340456,0.100000,0.020000,1,0.405976
20.790224,24.252241,0.218739,24.669800,6.438000,-7.312845,1276.708374,1382.486816,-689.459167,0.866490,0.334378,0.370656,0.100000,0.020000,1,0.618300
20.627419,23.997513,-0.454106,-270.726593,-31.507841,30.435669,-17090.849609,-528.089722,2440.859863,0.593704,-0.178477,-0.784641,0.100000,0.020000,1,0.769732
20.918882,25.692711,0.770892,43.613632,453.737946,338.908691,7500.600586,15394.013672,12224.006836,0.797816,0.248559,-0.549280,0.100000,0.020000,1,0.341506
20.865526,25.464296,-0.589292,89.790329,277.674866,-56.620651,5642.584473,23272.464844,-5402.661133,0.879200,0.429738,-0.205748,0.100000,0.020000,1,0.246697
20.812273,23.480055,1.321183,74.289719,-214.944519,365.236938,4400.482910,-16160.706055,28835.208984,0.891327,0.445434,-0.084403,0.100000,0.020000,1,0.484326
20.160036,24.003048,-0.231815,122.797775,-46.524178,36.990467,4737.693359,-3374.684570,1329.187012,0.890373,0.455073,0.011989,0.100000,0.020000,1,0.539044
20.692535,24.124212,-0.186476,-58.829025,43.077744,-324.230255,-4278.775391,3066.159180,-19909.060547,0.825313,0.361739,-0.433593,0.100000,0.020000,1,0.617144
20.689499,23.987638,0.041570,-20.703857,41.823929,72.885880,-2600.165771,1754.621338,4023.665283,0.860276,0.449356,0.240843,0.100000,0.020000,1,0.975437
20.755510,24.317165,0.007964,-11.150921,-424.358704,686.760620,-1187.915161,-25949.894531,43017.734375,0.876561,0.466531,0.118274,0.100000,0.020000,1,0.909615
19.576057,23.361870,0.128141,-29.044991,71.764915,30.898649,-10068.609375,-5253.739258,718.634766,0.715034,0.134530,-0.686024,0.100000,0.020000,1,0.345635
20.720833,24.171551,0.448649,-76.667984,-96.729767,-9.081934,-5067.187988,-5257.872559,-525.317139,0.761812,0.260793,0.592984,0.100000,0.020000,1,0.471033
20.582481,24.127003,0.524887,158.361145,-258.916748,-63.863846,9406.743164,-15295.291992,-3996.607666,0.700823,0.133422,0.700747,0.100000,0.020000,1,0.950418
20.530542,23.780266,0.670455,-12.100327,-118.418304,73.374405,-2341.891602,-6239.863770,4967.572754,0.787123,0.375574,0.489267,0.100000,0.020000,1,0.590043
20.586058,24.287994,0.156050,179.605881,-180.233917,36.989059,10330.447266,-10638.338867,1902.241943,0.817945,0.454997,0.352057,0.100000,0.020000,1,0.672965
20.517534,23.895458,-0.404948,28.786509,-0.215555,83.594116,515.910095,-930.143188,4632.488281,0.820303,0.459725,-0.340229,0.100000,0.020000,1,0.995189
19.923134,23.436579,0.306495,154.861603,-6.047676,-197.455643,5956.301270,-3548.720215,-11222.296875,0.824078,0.566330,0.012844,0.100000,0.020000,1,0.892906
23.102137,25.161425,-1.286704,734.328003,260.047455,-514.740906,28215.460938,17758.046875,-19530.917969,0.722796,0.363996,0.587428,0.100000,0.020000,1,0.101885
20.820438,23.976606,-0.378628,319.441345,53.112991,36.454559,16453.146484,4805.492676,1949.700928,0.734984,0.387291,-0.556601,0.100000,0.020000,1,0.941823
20.666992,24.523924,-0.346680,5.498272,-585.028076,-195.512344,-123.113113,-35298.886719,-12406.896484,0.752945,0.481295,-0.448808,0.100000,0.020000,1,0.937695
20.776957,25.009548,-0.837099,138.756241,329.401917,-233.682312,-2479.819824,12373.771484,-12260.522461,0.780872,0.588023,-0.210871,0.100000,0.020000,1,0.711295
20.756142,24.208593,0.118300,-213.451477,291.422363,-79.646225,-13706.086914,18347.539062,-4974.671387,0.788544,0.598033,0.143369,0.100000,0.020000,1,0.249598
21.789753,24.673986,0.301918,336.677490,118.634232,144.712311,27548.623047,3869.546387,2032.361328,0.790034,0.607624,-0.081485,0.100000,0.020000,1,0.500127
20.684282,23.752514,-0.795855,29.020576,-93.489273,-60.315567,1694.698608,-6793.307617,-5025.819336,0.684563,0.252186,-0.683942,0.100000,0.020000,1,0.366988
20.645117,24.352161,0.388434,-27.112915,-77.440170,-22.612320,-2225.685791,-4001.872070,-1242.564209,0.737389,0.488116,0.466905,0.100000,0.020000,1,0.057417
20.647234,24.160599,0.627353,-116.197220,-19.270578,-221.722748,-7592.537109,-403.223450,-13514.280273,0.673795,0.251486,0.694806,0.100000,0.020000,1,0.852708
20.539192,24.391605,-0.180391,290.503632,-77.997894,-124.313171,17367.876953,-4199.574219,-7580.737793,0.734396,0.592527,-0.331020,0.100000,0.020000,1,0.035974
20.579807,24.463741,0.317242,7.022701,-102.879532,-35.743324,-284.336975,-5509.734375,-2040.704346,0.710766,0.604104,0.360376,0.100000,0.020000,1,0.406225
20.193802,23.975033,-0.841893,-23.782578,38.882599,-103.931488,-3705.005127,1752.601318,-8371.606445,0.674616,0.487823,-0.554005,0.100000,0.020000,1,0.702842
20.681067,25.545876,-0.132278,48.879349,283.921936,-20.352154,2850.905029,23035.238281,-1563.580200,0.680313,0.727512,-0.088883,0.100000,0.020000,1,0.970277
20.638630,24.367579,-0.506491,-10.119978,26.993385,-8.820539,-834.455383,2937.199463,-615.483887,0.633249,0.390965,-0.667939,0.100000,0.020000,1,0.698643
21.883545,22.457466,0.632283,408.596802,-123.072632,157.102600,30750.253906,-14844.060547,10755.720703,0.641553,0.495923,0.585209,0.100000,0.020000,1,0.264509
20.552908,24.669064,0.963912,-8.122650,90.503143,169.538208,2286.996582,622.823975,10633.331055,0.648225,0.597333,0.472226,0.100000,0.020000,1,0.067666
20.854156,24.984020,-1.198115,114.573029,164.101181,-246.255371,456.899536,7113.945312,-8298.188477,0.651592,0.621790,-0.434517,0.100000,0.020000,1,0.357877
20.473520,24.360559,0.140980,24.869207,-11.957874,5.775364,503.453430,-605.710022,526.937317,0.668811,0.730415,0.138515,0.100000,0.020000,1,0.251519
20.522030,24.422480,-0.151372,29.137939,-2.323197,-23.051109,1037.192993,254.809753,-1440.684204,0.649082,0.731168,-0.209967,0.100000,0.020000,1,0.400139
20.334312,24.118658,0.426009,-10.783051,8.540318,9.287480,-2109.299805,740.994446,267.455353,0.621107,0.387365,0.681303,0.100000,0.020000,1,0.890717
20.559008,24.392151,0.155733,25.449821,-37.138977,375.833008,830.748291,-1854.460938,23529.105469,0.694338,0.665395,0.274123,0.100000,0.020000,1,0.151941
20.536211,25.189993,0.898815,102.567764,293.583099,98.522186,5288.937988,15974.787109,5112.035156,0.630136,0.734528,0.251788,0.100000,0.020000,1,0.500251
19.844555,24.019258,-0.221123,-156.517914,-37.826733,88.369423,-4045.631592,-1547.664673,2131.502441,0.612193,0.151730,-0.776014,0.100000,0.020000,1,0.260381
20.387165,24.441456,-0.107904,-383.609619,-145.432831,-241.726501,-25440.003906,-8715.624023,-14751.197266,0.604400,0.733538,-0.310844,0.100000,0.020000,1,0.220806
20.567099,24.721167,0.097528,-192.676575,-500.282532,-205.590057,-12737.920898,-30062.626953,-12589.339844,0.634314,0.773048,0.006462,0.100000,0.020000,1,0.061082
20.679197,24.840385,-0.072444,45.454079,83.010910,-88.049713,2929.258789,7361.664062,-6925.353027,0.583188,0.735142,0.345627,0.100000,0.020000,1,0.258548
20.302874,24.534426,-0.181927,307.967529,-48.464497,42.773571,17937.517578,-2478.437744,1890.462524,0.574276,0.818506,0.015962,0.100000,0.020000,1,0.930061
20.828266,24.591385,-0.334272,103.138016,59.480911,26.044312,7249.110840,5313.044434,2019.653564,0.566962,0.608263,-0.555491,0.100000,0.020000,1,0.297607
20.034721,24.428089,0.137420,-49.987885,-21.263252,78.612152,-5694.730957,-1253.862671,5820.689453,0.546945,0.832065,-0.092297,0.100000,0.020000,1,0.700760
20.228218,24.013575,-0.963290,-47.686203,-74.296555,-108.280609,-4724.004883,-5308.524414,-8845.645508,0.562892,0.505526,-0.653908,0.100000,0.020000,1,0.456886
19.509771,25.383669,-2.841847,-131.872101,364.747314,-850.485107,-15390.588867,21536.021484,-63530.113281,0.540065,0.702181,0.463974,0.100000,0.020000,1,0.100123
21.557875,24.384356,-0.034055,271.931030,84.444809,39.897560,21025.091797,5592.628906,3717.827881,0.543255,0.717777,-0.435511,0.100000,0.020000,1,0.983178
18.886826,24.333424,0.615175,-143.075989,141.950760,245.785370,-16205.638672,7685.573242,15472.597656,0.522319,0.828063,-0.203702,0.100000,0.020000,1,0.310757
20.572794,24.550161,0.129028,-65.727676,-54.939491,-30.061794,-4362.818848,-2907.292725,-1771.366577,0.521704,0.842527,0.134065,0.100000,0.020000,1,0.006987
20.244038,26.496119,1.196532,-59.094147,583.372192,280.065186,6176.954590,42887.054688,-8569.621094,0.542048,0.588811,0.599572,0.100000,0.020000,1,0.164024
20.155209,24.319473,-0.095410,-74.525482,-48.030609,-29.194767,-6592.224121,-3326.994629,-1276.935547,0.501365,0.806607,-0.313079,0.100000,0.020000,1,0.117544
20.530649,24.117901,-0.762800,9.809465,-4.246158,-35.382912,162.459915,299.213226,-3051.237793,0.580569,0.266962,-0.769202,0.100000,0.020000,1,0.129360
20.305258,24.126936,0.298368,-12.302452,-60.962280,-33.117935,-2054.724609,-3957.943359,-2977.733154,0.527384,0.491964,0.692703,0.100000,0.020000,1,0.327555
21.612040,24.793671,0.233289,338.138855,161.714783,72.772018,25693.589844,11832.672852,4509.514160,0.452321,0.822981,0.343667,0.100000,0.020000,1,0.446156
20.468678,24.430841,-0.079100,26.606777,13.954750,84.841965,1185.793579,1768.272949,7040.424316,0.489383,0.576597,-0.654248,0.100000,0.020000,1,0.353624
19.052853,23.663940,0.471668,-99.260910,128.173004,156.150009,-11909.912109,-7834.155762,6772.467773,0.412433,0.907319,-0.081682,0.100000,0.020000,1,0.699906
21.010340,25.697605,1.349808,203.884323,306.301758,364.779327,9982.378906,14244.380859,18407.425781,0.412370,0.910506,0.030471,0.100000,0.020000,1,0.824023
17.918400,24.318916,-0.029337,-284.313538,232.346527,11.588513,-33299.066406,4876.889648,3743.986816,0.442141,0.704480,-0.555174,0.100000,0.020000,1,0.349496
20.481899,24.578461,-0.384592,15.863268,-265.733734,212.169128,769.232239,-16007.418945,13097.688477,0.408381,0.807287,-0.426042,0.100000,0.020000,1,0.899348
20.417038,24.314425,0.017087,10.554839,-65.809738,-86.168503,225.176392,-4784.865234,-4715.417480,0.382533,0.899365,-0.211689,0.100000,0.020000,1,0.348766
20.380556,24.558289,0.202244,-1.046171,-22.676126,2.547863,-822.565979,-886.418396,128.887634,0.437665,0.852879,0.284687,0.100000,0.020000,1,0.103344
20.331953,24.627634,0.504257,12.122948,15.608131,20.548576,-63.129730,2014.126587,1963.916626,0.399921,0.788347,0.467517,0.100000,0.020000,1,0.985758
20.426098,24.434935,0.096596,59.564674,366.784424,-255.294006,3426.537842,22943.636719,-16128.096680,0.358590,0.923611,0.135485,0.100000,0.020000,1,0.762454
20.521145,25.139608,0.975426,-37.306587,181.097626,68.077423,-3804.915527,5060.795410,-444.224121,0.422408,0.685999,0.592433,0.100000,0.020000,1,0.207585
19.395308,25.138582,1.403449,-188.233582,205.244629,308.553406,-7554.834961,10802.928711,22400.632812,0.338127,0.906186,0.253962,0.100000,0.020000,1,0.407239
20.718618,23.741369,0.401719,-52.780518,23.947475,-72.933960,-2632.168945,-494.050781,-5040.448242,0.441873,0.577269,0.686664,0.100000,0.020000,1,0.265933
20.299015,24.816940,0.372836,13.231012,72.031097,7.744793,123.090637,6042.244629,993.612549,0.312376,0.886307,0.341879,0.100000,0.020000,1,0.503597
21.976028,22.672840,-0.442654,455.359131,-574.959778,-77.112297,16122.391602,-13248.076172,-764.043213,0.309153,0.898279,-0.312281,0.100000,0.020000,1,0.102810
20.388121,24.453794,0.321623,30.082897,-27.925304,193.507172,1170.488770,-421.599762,15888.775391,0.464386,0.460654,-0.756402,0.100000,0.020000,1,0.825981
20.331997,24.617935,-1.232722,25.141407,-4.752932,-247.746277,1119.037842,469.407562,-19419.287109,0.280735,0.850542,-0.444710,0.100000,0.020000,1,0.355618
20.835386,23.923117,-0.248652,181.834381,-194.149048,0.996368,13255.231445,-14759.772461,-1363.074341,0.227848,0.965566,0.125568,0.100000,0.020000,1,0.634209
20.259109,24.033466,1.487294,29.448847,-158.983627,450.593475,840.904175,-5609.413574,13631.060547,0.222804,0.974608,0.022280,0.100000,0.020000,1,0.127918
21.155977,23.020576,-1.542053,230.040192,-348.104187,-288.499786,6975.270508,-11319.775391,-8994.671875,0.508650,0.360863,-0.781699,0.100000,0.020000,1,0.887603
20.372360,24.033680,0.750450,65.764771,58.281326,76.500687,3787.653320,2322.703857,6166.148438,0.307746,0.751293,0.583824,0.100000,0.020000,1,0.755158
20.317131,24.386688,-0.493260,-137.008423,148.581757,85.925858,-9245.086914,9435.218750,5079.834961,0.307318,0.771242,-0.557442,0.100000,0.020000,1,0.032789
20.209682,24.700626,0.134906,-12.878265,-91.970230,36.179642,-1568.651001,-5023.497559,2140.194580,0.202757,0.951941,0.229559,0.100000,0.020000,1,0.603175
19.527523,24.450758,-0.394736,-0.509468,27.546745,2.254402,-2508.435059,1015.856323,-2301.362549,0.199461,0.975879,-0.088748,0.100000,0.020000,1,0.602196
20.622766,24.681805,0.601589,24.354229,244.540009,103.053589,2125.669189,17093.078125,11087.837891,0.344177,0.656167,-0.671556,0.100000,0.020000,1,0.106316
19.344378,23.799091,1.307225,-129.749863,166.869019,346.212280,-5779.736816,3931.790039,11004.395508,0.243373,0.839297,0.486158,0.100000,0.020000,1,0.899152
20.087736,24.543928,-0.270690,172.094650,73.368149,269.188751,9654.875977,4739.534668,16556.085938,0.184074,0.956608,-0.225870,0.100000,0.020000,1,0.126442
19.986185,23.845371,-0.385832,-83.690247,-164.310410,-287.179535,-3082.958496,-4008.052734,-7617.623047,0.332584,0.629812,0.701943,0.100000,0.020000,1,0.414678
20.501196,24.400660,-0.872831,-95.432632,76.713089,119.802612,-5735.065430,5131.989258,5902.464844,0.273872,0.713201,-0.645243,0.100000,0.020000,1,0.149877
20.063274,24.533798,0.171341,186.475922,-7.880511,208.601318,10592.196289,-341.938324,12803.352539,0.143996,0.925442,0.350461,0.100000,0.020000,1,0.580469
20.167681,24.468420,-0.680021,272.566559,264.777496,805.210693,16480.599609,16565.251953,48994.179688,0.137648,0.934607,-0.327969,0.100000,0.020000,1,0.620151
20.166914,24.620127,0.373274,40.776817,-278.549805,35.662933,1684.410156,-16660.595703,2063.820068,0.198325,0.799427,0.567084,0.100000,0.020000,1,0.976078
20.155912,24.550219,0.168746,-74.229111,1.415932,-81.427658,-5240.867188,70.877884,-4498.191406,0.063950,0.997740,0.020643,0.100000,0.020000,1,0.753219
20.008129,23.975863,0.537253,-75.493423,-85.442032,302.299683,-6825.726562,-6274.753418,23671.050781,0.378301,0.527065,-0.760980,0.100000,0.020000,1,0.260043
20.207088,25.580439,-0.402380,10.290070,292.043030,15.327026,4048.114990,10486.737305,-9388.449219,0.170329,0.812718,-0.557205,0.100000,0.020000,1,0.799360
20.176922,24.104023,0.349757,33.702797,-67.589325,143.978241,1525.057739,-5810.135742,11893.780273,0.113838,0.892580,-0.436282,0.100000,0.020000,1,0.922623
20.149302,26.058746,-0.346132,42.526237,391.056152,-82.096939,2175.681152,30974.808594,-6328.852051,0.040362,0.994441,-0.097255,0.100000,0.020000,1,0.374319
20.122650,24.623934,0.069729,-65.219223,-21.946388,189.388062,-4723.586914,-1074.673828,11808.925781,0.036522,0.989226,0.141770,0.100000,0.020000,1,0.256733
19.359547,24.356867,-0.169517,-167.966919,-56.831940,-66.545166,-14343.131836,-4322.835938,-5704.646973,0.020495,0.965842,0.258320,0.100000,0.020000,1,0.333659
20.037071,23.573410,0.411747,127.415787,-3.525955,94.213318,7134.447754,-4261.044922,8349.365234,0.019428,0.975007,-0.221324,0.100000,0.020000,1,0.710102
20.116217,25.999336,1.796585,-147.611984,645.396240,264.207306,-8321.765625,24359.171875,4570.017090,0.230411,0.684457,0.691686,0.100000,0.020000,1,0.280880
19.848465,24.248520,0.150226,205.149338,113.840141,937.720520,11109.061523,6289.984375,58346.191406,0.071874,0.875676,0.477521,0.100000,0.020000,1,0.468933
20.237970,23.529987,1.501830,78.230011,-408.853485,354.170532,1938.167847,-15366.431641,9664.598633,-0.011233,0.929731,0.368067,0.100000,0.020000,1,0.557407
20.165598,24.519081,-0.236900,-348.268799,90.192017,-145.079468,-22244.757812,5701.902344,-9117.359375,-0.013353,0.942348,-0.334366,0.100000,0.020000,1,0.622073
19.320957,24.266014,-0.174789,-63.607300,79.320038,37.618179,-8002.015137,4317.037109,3343.514160,0.056350,0.832198,-0.551607,0.100000,0.020000,1,0.449644
19.627211,24.864481,0.685931,-107.678802,85.167343,281.814026,-9291.303711,6946.117676,21968.046875,-0.016348,0.904454,-0.426259,0.100000,0.020000,1,0.135214
20.031000,24.656260,0.117753,-330.415588,-359.941101,-133.248840,-21437.341797,-22293.605469,-8321.670898,-0.093916,0.986951,0.130800,0.100000,0.020000,1,0.566180
20.785919,25.658730,-0.454019,161.444092,266.417603,-119.324738,20577.015625,30696.796875,-8133.285156,-0.095019,0.995282,0.019613,0.100000,0.020000,1,0.910291
20.261894,24.363428,-0.659451,-406.645538,-370.839905,237.070023,-26356.597656,-22903.052734,14535.986328,0.274415,0.594862,-0.755537,0.100000,0.020000,1,0.707985
19.945164,24.686245,0.025789,59.274933,-83.565155,-40.207199,2913.475342,-4730.907715,-2139.678955,-0.129705,0.987060,-0.094277,0.100000,0.020000,1,0.426208
18.778688,26.110327,-1.686874,-294.694183,524.186157,-602.839478,-16285.371094,13069.476562,-26718.996094,0.126019,0.724188,0.677990,0.100000,0.020000,1,0.199826
20.029554,24.525019,0.615497,-68.898514,-119.651299,-572.001038,-5275.685059,-7092.520996,-35343.378906,0.026203,0.808724,0.587605,0.100000,0.020000,1,0.883920
21.138977,25.537514,0.287540,307.529724,241.975586,25.143135,23590.783203,19452.935547,2053.539551,-0.133939,0.961835,0.238605,0.100000,0.020000,1,0.931200
19.916319,24.216652,-0.041347,-20.560890,38.380344,-53.790154,-2195.419189,1069.535767,-2895.868896,-0.144554,0.965143,-0.218179,0.100000,0.020000,1,0.595737
19.957457,24.470823,-0.542100,509.108459,-450.283264,-160.973175,30700.480469,-27935.705078,-10350.290039,0.097259,0.732505,-0.673778,0.100000,0.020000,1,0.592267
20.759212,24.573944,-0.196124,352.758636,51.137756,-35.475166,11699.296875,1712.989136,-1527.202393,-0.082229,0.869291,0.487413,0.100000,0.020000,1,0.681525
19.791315,24.581251,-0.170925,157.339172,-312.607605,320.584534,8607.544922,-19470.080078,20483.246094,-0.173252,0.934071,-0.312243,0.100000,0.020000,1,0.801353
20.205448,24.253267,-0.540970,66.430984,-66.575768,-28.063400,4324.001953,-4978.779297,-2349.862793,-0.078528,0.834093,-0.546006,0.100000,0.020000,1,0.855946
19.890648,24.248644,0.542026,8.550144,-43.505516,81.806747,-333.642670,-3800.995117,6283.114258,-0.182993,0.910072,0.371863,0.100000,0.020000,1,0.443042
20.602228,24.675873,0.674063,236.966125,14.263271,203.072113,17299.351562,1443.666870,15632.627930,-0.263747,0.964592,0.000748,0.100000,0.020000,1,0.402648
19.189970,23.851105,-0.504497,281.354523,-81.734558,184.167221,13958.028320,-7772.628418,10885.576172,-0.180906,0.877388,-0.444369,0.100000,0.020000,1,0.727203
19.134956,23.851551,0.380565,290.416504,-96.455902,-310.832092,14591.693359,-8950.545898,-18439.625000,-0.278890,0.951056,0.133087,0.100000,0.020000,1,0.618069
19.421383,24.158184,-1.044206,-160.066620,-80.320267,-179.725952,-13448.648438,-5971.279297,-13675.915039,-0.009418,0.751553,-0.659605,0.100000,0.020000,1,0.610844
20.162910,25.033785,1.480270,41.843498,130.634109,283.490051,973.021973,7238.817383,22285.634766,-0.108850,0.805920,0.581931,0.100000,0.020000,1,0.750122
19.914837,24.392071,-0.015590,-211.122742,91.351730,-86.291809,-13737.779297,5165.529297,-5213.525391,-0.300787,0.948759,-0.096863,0.100000,0.020000,1,0.115053
18.226625,24.559536,0.710620,-426.865936,17.515076,238.239304,-10819.441406,7935.138672,8388.475586,-0.303583,0.930823,-0.203484,0.100000,0.020000,1,0.489699
19.741747,24.231209,0.665584,-22.579941,-28.863525,-572.020142,-2784.839111,-2795.285400,-34749.687500,-0.223063,0.858127,0.462452,0.100000,0.020000,1,0.137794
18.964771,25.760880,-0.161329,-121.926819,508.892822,-5.134781,-6714.174316,15457.386719,4992.232422,-0.303295,0.903320,-0.303357,0.100000,0.020000,1,0.811602
20.423777,24.383884,1.086264,158.554565,5.164095,179.490234,11771.283203,-205.355927,15085.928711,-0.313885,0.914810,0.254164,0.100000,0.020000,1,0.121583
19.526621,24.628380,-0.220675,-106.708374,48.004333,65.966995,-10141.758789,4534.554688,5604.658203,0.159143,0.621642,-0.766964,0.100000,0.020000,1,0.887265
20.202238,24.333931,0.433124,-101.507278,100.438370,51.734779,-6900.323242,6543.029297,3642.537842,-0.032881,0.726228,0.686667,0.100000,0.020000,1,0.193420
20.282677,23.063980,-1.679846,-12.261185,40.435791,-718.303711,-7902.401367,1460.775146,-24120.927734,-0.336943,0.875820,0.345556,0.100000,0.020000,1,0.952055
17.448965,24.983049,-0.222818,-750.014587,144.750397,104.667694,-22531.042969,6003.545410,1064.725342,-0.123169,0.742401,-0.658536,0.100000,0.020000,1,0.117082
19.731941,24.298502,-0.072686,42.876358,-25.103706,112.590271,2548.153809,-3046.140381,4659.996582,-0.429097,0.895364,0.119163,0.100000,0.020000,1,0.500928
19.354881,24.720072,0.304761,-36.062988,130.919968,111.842941,-4582.361328,9176.743164,8599.953125,-0.439591,0.894015,-0.086586,0.100000,0.020000,1,0.587978
19.843401,24.542194,0.026220,-336.310730,-104.878693,-23.954117,-21471.654297,-6453.308105,-1479.442261,-0.446357,0.894506,0.024997,0.100000,0.020000,1,0.576377
19.467434,24.023781,0.233099,56.254696,-376.296783,-137.808823,1100.004761,-25356.470703,-9502.514648,-0.235686,0.781920,0.577108,0.100000,0.020000,1,0.788132
19.443495,24.276985,0.561876,-81.058426,-72.576248,249.073425,-7361.059082,-5286.390625,19462.017578,-0.336458,0.826184,-0.451902,0.100000,0.020000,1,0.291432
19.387161,24.457977,-0.205286,-38.897949,39.475777,58.830589,-1511.945557,2016.796265,3702.552246,-0.450534,0.867878,-0.209301,0.100000,0.020000,1,0.657875
20.077520,24.377977,0.515492,-225.048859,48.562881,-120.767563,-14395.507812,3149.064453,-7557.433594,-0.139425,0.721767,0.677948,0.100000,0.020000,1,0.799289
20.503391,23.940847,-0.187050,179.138855,-108.858673,-2.298828,9022.131836,-10606.282227,14114.568359,-0.259673,0.781730,-0.566981,0.100000,0.020000,1,0.342752
19.885851,24.571785,0.353481,-92.655121,-56.165573,-104.039261,-5860.578125,-3120.102051,-5871.496582,-0.460727,0.850509,0.253702,0.100000,0.020000,1,0.575077
19.754614,24.529612,0.404851,-84.214981,-99.277863,-139.632599,-6138.608398,-5827.416016,-8592.765625,-0.373290,0.795439,0.477421,0.100000,0.020000,1,0.729783
19.757483,24.336338,-0.211385,-19.792374,-61.781845,117.811127,-1741.925781,-4366.626465,7528.522949,-0.476616,0.820105,-0.316646,0.100000,0.020000,1,0.146033
19.669550,24.288050,-0.703379,-43.526154,-27.732300,-48.313248,-4312.927734,-2036.561279,-3963.986816,-0.244187,0.713011,-0.657258,0.100000,0.020000,1,0.872549
19.550575,23.554598,-1.913354,54.136322,-138.685333,-427.472168,-2533.353516,-3278.006836,-19332.011719,-0.354511,0.750648,-0.557538,0.100000,0.020000,1,0.092667
20.150986,24.364843,-0.109498,115.043854,-131.155579,103.993881,8724.899414,-8612.087891,5738.190430,-0.575421,0.809069,0.119573,0.100000,0.020000,1,0.552817
19.450350,24.465954,0.000229,38.515316,-3.994838,-3.868608,992.798401,-171.365311,-339.849182,-0.583980,0.811162,0.031359,0.100000,0.020000,1,0.018767
20.110668,24.480972,-0.612941,-103.574356,-226.677277,226.841064,-6890.275391,-13546.100586,14097.407227,-0.038541,0.649171,-0.759665,0.100000,0.020000,1,0.522815
19.697411,24.560305,-0.433927,-201.073059,-255.935638,320.372986,-13399.543945,-15494.530273,19753.001953,-0.484094,0.758488,-0.436291,0.100000,0.020000,1,0.492920
20.212997,24.750612,-0.020701,181.828629,110.766312,10.720898,8133.612305,3484.723145,177.359863,-0.588867,0.801294,-0.105658,0.100000,0.020000,1,0.110871
19.833519,24.438560,-0.011741,-604.649536,-30.888184,328.030334,-37977.859375,-1860.155396,19917.765625,-0.589417,0.771429,0.239762,0.100000,0.020000,1,0.629742
19.094170,24.087147,-0.194474,200.772125,-85.018326,-5.218696,9810.763672,-6734.191406,-456.298706,-0.601759,0.767032,-0.222597,0.100000,0.020000,1,0.103041
19.978636,24.477276,-0.537627,232.992981,-362.017395,278.053223,13480.157227,-21994.263672,17710.804688,0.066272,0.620848,-0.781124,0.100000,0.020000,1,0.207816
19.914200,24.388628,0.400832,-77.012009,-61.818810,59.291412,-5294.233887,-3672.041748,3327.019775,-0.277190,0.680250,0.678547,0.100000,0.020000,1,0.449573
19.775345,24.286802,0.462021,20.007971,-293.231567,-697.412842,603.990173,-18801.185547,-43916.332031,-0.392009,0.703643,0.592634,0.100000,0.020000,1,0.972964
19.702028,24.303282,0.395809,14.535556,22.817520,10.245770,344.829865,998.750366,1135.869263,-0.521489,0.764909,0.378105,0.100000,0.020000,1,0.111903
19.956419,24.263290,0.453926,-423.827942,137.182159,-60.410812,-26289.515625,8216.299805,-3402.517578,-0.509260,0.712695,0.482411,0.100000,0.020000,1,0.183277
19.487860,24.360661,-0.107836,-0.368118,-18.715221,38.201927,-1218.921997,-1263.939209,2996.107666,-0.605557,0.721357,-0.336072,0.100000,0.020000,1,0.051099
19.236244,23.709280,-0.300212,-144.555176,-172.060730,24.492966,-1090.109375,-14025.081055,3531.872070,-0.480689,0.681426,-0.551903,0.100000,0.020000,1,0.410442
19.314041,24.327730,-0.164683,-37.519485,-4.823835,-12.264759,-3971.276123,-489.352325,-1219.746582,-0.706347,0.703472,-0.078747,0.100000,0.020000,1,0.384231
19.872719,24.592546,-0.807227,4.215811,61.738251,-48.991913,-738.405640,5147.850586,-4128.795410,-0.147041,0.634835,-0.758527,0.100000,0.020000,1,0.012396
18.118444,24.203421,1.181161,-201.458725,133.722977,93.545052,-15545.968750,4623.298828,-2767.149414,-0.625028,0.685898,0.372671,0.100000,0.020000,1,0.246768
19.471523,24.447458,0.169698,282.024658,-149.713928,-61.516724,16851.662109,-9057.692383,-2524.650391,-0.703146,0.679109,-0.210707,0.100000,0.020000,1,0.304529
19.609051,23.981882,0.089423,-78.449707,79.254364,23.671555,-5290.276855,3419.295166,1491.812012,-0.715464,0.687905,0.122057,0.100000,0.020000,1,0.438451
19.762810,24.265137,0.122258,52.763771,-8.873762,12.593632,3683.169678,-945.616760,1238.205444,-0.730640,0.682411,0.021948,0.100000,0.020000,1,0.192495
19.884489,24.368769,-0.421668,-487.965210,-354.430237,-214.485138,-30988.025391,-22140.232422,-13283.634766,-0.393183,0.645623,-0.654660,0.100000,0.020000,1,0.012966
18.610136,24.354141,0.846003,-298.692627,22.800383,325.817566,-7803.191406,85.890625,17269.394531,-0.612216,0.657083,-0.439812,0.100000,0.020000,1,0.946414
19.227705,23.743540,1.940850,-250.610580,199.402451,407.936676,-15154.612305,8348.456055,11235.876953,-0.504765,0.633191,0.586755,0.100000,0.020000,1,0.875254
19.458382,24.368361,0.217030,95.704056,-121.000153,21.395924,4771.644531,-7412.769531,810.194458,-0.615620,0.632725,0.469758,0.100000,0.020000,1,0.783594
19.536207,24.096916,0.080857,53.057159,-18.857162,-35.696075,-3496.458496,-1142.543091,4649.140137,-0.727286,0.639221,0.249905,0.100000,0.020000,1,0.795143
19.962473,24.370934,0.575644,405.080811,-164.692505,-132.158569,24627.474609,-10006.421875,-8347.343750,-0.046393,0.620855,0.782551,0.100000,0.020000,1,0.902052
20.396027,24.045452,1.035174,149.437927,-62.810730,112.248810,11332.669922,-4991.463867,9280.456055,-0.375232,0.617186,0.691579,0.100000,0.020000,1,0.614973
19.627954,24.277008,-0.167157,-99.731705,-66.829956,20.861206,-6526.245117,-4326.613770,1639.052490,-0.719468,0.610395,-0.331335,0.100000,0.020000,1,0.900646
19.515478,23.546280,-0.011364,-62.905487,81.601456,-435.642883,-5074.025879,2060.501709,-25867.205078,-0.589981,0.595945,-0.544768,0.100000,0.020000,1,0.717113
19.381655,23.708658,0.399882,607.135620,-279.453735,-73.193581,37101.101562,-20065.507812,-4000.600342,-0.730570,0.591399,0.341343,0.100000,0.020000,1,0.755781
19.211494,23.860147,0.447285,571.206421,-289.434387,176.336914,34383.617188,-20048.607422,12989.284180,-0.813492,0.581567,0.003378,0.100000,0.020000,1,0.684852
19.059919,24.350195,-0.426996,-88.382477,67.397446,16.179428,-8867.708008,4583.055176,1212.591064,-0.499068,0.582834,-0.641276,0.100000,0.020000,1,0.751777
18.798285,24.254211,-0.909216,-157.504791,3.636849,-188.017822,-13692.807617,154.255829,-14344.805664,-0.700021,0.570693,-0.429279,0.100000,0.020000,1,0.449875
18.709818,25.842171,0.128885,-264.309937,484.182465,-99.325996,-7403.887695,14617.868164,-1351.806641,-0.594781,0.559552,0.577180,0.100000,0.020000,1,0.445035
18.298687,25.154308,0.021780,-265.320496,216.483826,-51.490234,-22555.017578,17436.638672,-4550.790039,-0.708099,0.542722,0.451718,0.100000,0.020000,1,0.436654
19.963125,24.778702,-0.605567,166.908508,147.195221,-130.314209,12062.502930,11440.458008,-10500.448242,-0.829901,0.551703,-0.082997,0.100000,0.020000,1,0.275417
19.029865,24.018604,-1.222069,-103.430420,-56.098488,-400.978333,-8913.989258,-4436.617188,-31184.609375,-0.823204,0.510156,0.249149,0.100000,0.020000,1,0.982750
18.827906,24.063881,0.337275,-88.417694,86.967834,49.241234,-8788.625000,4771.119629,5184.172852,-0.830366,0.513500,-0.216356,0.100000,0.020000,1,0.065548
19.535721,24.272093,-0.412533,20.757557,28.166328,-33.999420,1019.557495,2015.505859,-2907.071045,-0.815550,0.487022,-0.312551,0.100000,0.020000,1,0.683873
19.533646,23.817862,1.357585,65.228302,-1.509506,282.631409,3942.240234,-1813.734131,23150.457031,-0.856315,0.502856,0.117731,0.100000,0.020000,1,0.008232
20.280140,23.479906,0.065060,198.506683,-88.657867,-119.397797,14324.636719,-8737.180664,-9395.416992,-0.490653,0.530023,0.691618,0.100000,0.020000,1,0.054587
20.032072,23.700848,-0.413035,92.076248,-203.577362,-34.040421,6812.476562,-14991.647461,-1857.707397,-0.566229,0.500787,-0.654673,0.100000,0.020000,1,0.399285
18.911972,24.322586,0.300695,-96.331299,75.907745,0.888758,-9390.983398,5324.874512,-416.154633,-0.682300,0.468598,0.561143,0.100000,0.020000,1,0.458060
19.525841,24.185022,-0.452789,38.409500,-14.660187,33.233810,1755.789917,-965.805847,1844.103149,-0.706629,0.466720,-0.531834,0.100000,0.020000,1,0.215023
19.360695,24.129534,-0.415601,168.843231,-167.145966,140.006699,9543.954102,-10764.885742,8442.585938,-0.783459,0.443227,-0.435594,0.100000,0.020000,1,0.858954
19.143677,24.071222,0.122334,52.856968,-6.095806,82.002579,1697.134399,-796.139526,5934.037598,-0.903795,0.420404,-0.080089,0.100000,0.020000,1,0.629280
20.051878,25.708811,0.886062,194.903687,435.990112,201.105865,14446.148438,33962.976562,15999.383789,-0.899625,0.417180,0.128976,0.100000,0.020000,1,0.932730
20.808666,24.368793,0.611561,351.419983,91.196251,9.941807,10139.657227,2419.400635,303.047455,-0.241513,0.578336,0.779230,0.100000,0.020000,1,0.814592
22.710495,24.464100,-1.256379,832.599609,-10.647537,-206.360718,27745.869141,5899.620605,-9242.738281,-0.263568,0.571832,-0.776878,0.100000,0.020000,1,0.911911
19.654680,24.161922,0.106353,-438.935059,-414.289795,269.293732,-27238.685547,-26085.666016,16745.880859,-0.892557,0.390156,0.226096,0.100000,0.020000,1,0.012432
19.756580,24.151274,-0.637487,42.134834,-12.775272,31.797962,1871.911621,-1162.923462,1667.917480,-0.365562,0.544943,-0.754587,0.100000,0.020000,1,0.235237
19.197945,23.954374,0.485383,-38.861343,34.004826,118.334991,-3832.579834,1416.316528,10088.829102,-0.910722,0.365763,-0.191842,0.100000,0.020000,1,0.374996
19.279726,24.193686,0.061416,58.803284,-63.053925,-27.180439,2727.329834,-3731.261475,-1530.505615,-0.928182,0.371402,0.023210,0.100000,0.020000,1,0.301825
19.496176,24.093945,0.372260,-170.130615,-2.719929,-192.821106,-11007.075195,-262.524475,-11708.842773,-0.866607,0.350747,0.354921,0.100000,0.020000,1,0.931431
21.334293,24.666801,2.199646,504.163300,216.916077,504.908051,13402.655273,7025.004883,15593.774414,-0.564414,0.448447,0.693060,0.100000,0.020000,1,0.084268
19.519161,24.110769,-0.507972,20.878616,-3.335932,23.361904,462.014404,-378.483978,1312.737427,-0.652140,0.411856,-0.636466,0.100000,0.020000,1,0.955187
19.435329,24.081179,-0.223286,65.350082,-126.406281,-51.709259,3681.748291,-8047.820312,-3214.828613,-0.890302,0.325160,-0.318799,0.100000,0.020000,1,0.148471
20.159409,23.025070,-0.583385,265.380127,-104.148224,-259.138885,3577.536377,-12254.676758,-8661.231445,-0.746450,0.351963,0.564743,0.100000,0.020000,1,0.368678
19.468458,24.051271,-0.441518,19.817747,-18.387344,22.202858,565.539185,-1395.291138,1207.803589,-0.770033,0.346030,-0.536015,0.100000,0.020000,1,0.649085
19.579243,24.065418,-0.236472,13.252246,141.443695,49.153618,822.488037,8652.919922,891.148682,-0.838418,0.373379,0.397044,0.100000,0.020000,1,0.054124
19.314133,23.780025,0.130299,-37.885040,46.312740,-129.421158,-3114.811279,1784.135254,-7984.671875,-0.958366,0.260539,0.116856,0.100000,0.020000,1,0.810037
19.347612,23.691832,-0.338838,-13.147213,13.361704,53.609787,-1405.649902,-657.519531,2281.835938,-0.960699,0.258214,-0.101895,0.100000,0.020000,1,0.930399
19.481146,23.584116,-0.188070,363.412933,-159.074615,-396.894806,21293.447266,-12562.758789,-23514.320312,-0.454618,0.473676,-0.754291,0.100000,0.020000,1,0.378430
18.738380,23.845501,0.019111,-116.702690,100.868622,-27.766979,-3960.464844,-4017.902832,55.556641,-0.848351,0.285685,0.445741,0.100000,0.020000,1,0.022236
20.897724,26.084957,-2.389098,427.786926,639.966553,-571.102112,28913.437500,26562.960938,-30565.820312,-0.853797,0.282815,-0.437088,0.100000,0.020000,1,0.619973
19.430935,23.886312,-0.119152,150.241180,-43.203499,-106.934128,9232.798828,-3286.043701,-6567.099609,-0.950715,0.217584,-0.220905,0.100000,0.020000,1,0.421333
19.314798,24.141054,-0.034271,87.115082,-37.439144,-119.800385,4841.857422,-1863.322998,-7736.257812,-0.975953,0.217746,0.010112,0.100000,0.020000,1,0.148596
19.306702,23.981367,0.171219,69.733452,-31.822693,-22.572052,3630.762939,-2149.943848,-1419.251221,-0.949915,0.211079,0.230451,0.100000,0.020000,1,0.158400
16.707380,25.018099,2.247925,-711.011658,472.520844,526.956116,-33483.335938,5478.536621,10104.900391,-0.341485,0.523934,0.780308,0.100000,0.020000,1,0.830393
19.760332,24.127184,0.586650,-98.848724,-281.225586,-54.696335,-6105.156250,-17674.318359,-3090.278809,-0.642836,0.356164,0.678166,0.100000,0.020000,1,0.997662
20.782307,23.657528,0.754978,332.309143,-121.137329,128.821991,27989.921875,-8087.568848,10173.925781,-0.800154,0.332091,0.499469,0.100000,0.020000,1,0.009211
18.916485,24.304935,-0.734950,-100.216217,109.200989,-151.586914,-8775.061523,8173.337891,-11700.330078,-0.933266,0.189929,-0.304863,0.100000,0.020000,1,0.887283
19.429653,23.961914,0.307025,-58.507477,-149.726562,-153.503387,-4031.927002,-9559.618164,-9471.888672,-0.921510,0.176567,0.345895,0.100000,0.020000,1,0.839273
19.737539,23.354345,-0.268280,-425.680359,271.739319,-323.256683,-27190.583984,13885.346680,-19222.853516,-0.530551,0.400009,-0.747334,0.100000,0.020000,1,0.252960
19.251270,23.762838,-0.689611,-129.475555,139.436615,68.347794,-9941.517578,7571.183594,3420.189941,-0.709687,0.282910,-0.645219,0.100000,0.020000,1,0.566607
18.276913,24.231005,-2.370510,-334.080261,150.976959,-486.899658,-7925.110840,2669.017090,-8126.202148,-0.803036,0.220485,-0.553642,0.100000,0.020000,1,0.548599
19.500511,23.948132,0.187765,-405.204010,-478.655518,76.833801,-26011.269531,-30437.306641,3886.653564,-0.798068,0.203118,0.567301,0.100000,0.020000,1,0.550734
19.583870,23.943125,0.110210,-12.377716,-37.028160,27.667658,-617.042114,-2427.977539,784.885254,-0.874535,0.148782,0.461575,0.100000,0.020000,1,0.509042
19.489788,23.672878,-0.699762,42.621498,-49.215477,-119.255653,3505.518799,-3164.008789,-4209.802246,-0.885557,0.146460,-0.440838,0.100000,0.020000,1,0.813133
18.984966,24.559574,-0.188868,-130.764954,25.368149,-114.015625,-10298.713867,4266.076660,-8758.198242,-0.964293,0.085572,0.250632,0.100000,0.020000,1,0.503935
19.282919,23.826950,0.231016,14.499790,-0.165199,-157.989044,217.992355,-390.773682,-9094.945312,-0.996527,0.078220,0.028549,0.100000,0.020000,1,0.067542
19.336685,23.884081,0.070647,-177.389511,-396.871307,-345.240051,-11679.146484,-25172.556641,-21209.941406,-0.993049,0.072099,-0.093037,0.100000,0.020000,1,0.533492
20.722672,23.352198,-0.342246,462.276276,-86.278831,-137.094696,13380.640625,-2769.000977,-4034.659180,-0.987818,0.068746,0.139603,0.100000,0.020000,1,0.451993
19.526052,24.784828,0.372061,-172.019562,492.528381,131.108398,-12138.896484,18037.916016,20971.205078,-0.975690,0.056327,-0.211792,0.100000,0.020000,1,0.894258
19.230242,23.806761,-0.365597,160.187439,-25.804535,275.459229,9064.326172,-1968.152222,16786.861328,-0.952729,0.041017,-0.301039,0.100000,0.020000,1,0.631646
19.616093,24.094887,0.548972,-199.617935,-609.577576,13.537136,-12930.069336,-38142.574219,998.228882,-0.678744,0.228377,0.697962,0.100000,0.020000,1,0.744802
19.210421,23.977633,-0.643130,32.933441,-7.607826,47.392799,582.141357,-208.127502,1965.863403,-0.838085,0.081302,-0.539448,0.100000,0.020000,1,0.572728
20.788286,23.251167,2.235000,420.770874,-143.381027,898.541565,13285.706055,-3861.088867,34184.136719,-0.938289,0.014135,0.345563,0.100000,0.020000,1,0.143168
19.435940,23.847761,0.362065,35.831680,47.136971,4.096912,2205.321533,3114.681396,1331.881104,-0.987970,-0.059510,0.142739,0.100000,0.020000,1,0.733680
19.339918,23.768089,-0.049567,-33.912514,17.546623,77.043304,-2566.878906,936.963867,4587.854004,-0.997476,-0.067478,0.022085,0.100000,0.020000,1,0.667858
19.713768,24.050800,-0.370481,-275.713745,-53.697777,-225.190857,-17650.019531,-3467.928467,-13439.092773,-0.580110,0.307893,-0.754105,0.100000,0.020000,1,0.025084
19.534721,23.944975,-0.488046,62.173012,-0.829720,-32.391449,3500.540039,-77.840248,-2096.937988,-0.751553,0.138429,-0.644985,0.100000,0.020000,1,0.025653
19.513365,24.014479,0.677353,-278.829865,-170.630112,-873.840881,-17860.072266,-10299.275391,-54042.878906,-0.827772,0.067606,0.556977,0.100000,0.020000,1,0.995900
19.191442,23.583925,0.062283,114.197227,-65.769829,261.908142,6108.680176,-5105.876953,17113.142578,-0.991156,-0.085559,-0.101443,0.100000,0.020000,1,0.571501
20.070166,24.072544,0.308239,41.114746,129.079559,214.257660,5130.896973,9358.125000,14086.571289,-0.966684,-0.100243,0.235528,0.100000,0.020000,1,0.392345
19.744558,23.398626,0.674473,146.870392,-70.964066,52.216927,10157.817383,-6257.207031,4648.799805,-0.878694,-0.039477,0.475751,0.100000,0.020000,1,0.372469
19.470734,23.521549,-0.432216,-260.014557,180.080750,46.070656,-16607.683594,10094.237305,2449.190186,-0.898494,-0.038092,-0.437331,0.100000,0.020000,1,0.017397
19.660732,24.148802,0.005867,61.285217,100.764069,54.705338,4596.575684,8010.970215,4499.044922,-0.933453,-0.136889,-0.331552,0.100000,0.020000,1,0.683535
19.611563,23.944433,0.449782,2.324468,-44.519653,-10.525585,-84.107353,-2769.917480,-924.849182,-0.709384,0.119476,0.694622,0.100000,0.020000,1,0.480837
19.255808,24.048914,1.277229,-15.687572,89.053345,283.549988,-210.863708,2288.043213,8356.803711,-0.923983,-0.139325,0.356150,0.100000,0.020000,1,0.073218
19.129000,23.772221,-0.313321,-37.209259,39.684097,-18.947720,-3751.434570,2613.274902,-1797.263550,-0.961792,-0.148781,-0.229827,0.100000,0.020000,1,0.162066
19.514973,23.475491,-0.291483,557.998169,-304.124481,582.564392,35486.578125,-20093.664062,35547.339844,-0.974458,-0.224561,0.002099,0.100000,0.020000,1,0.229311
19.218061,23.770670,-0.023304,165.896881,-103.640152,-25.722271,9482.573242,-6195.889160,-1454.080933,-0.969961,-0.227308,-0.086634,0.100000,0.020000,1,0.033323
19.584627,24.299871,0.035010,202.016281,87.850052,-278.576141,12607.304688,7399.999512,-15457.180664,-0.765953,0.010552,-0.642811,0.100000,0.020000,1,0.947375
19.971682,23.650240,-0.435711,52.922333,-75.732651,61.022087,5215.222656,-5099.535645,3382.576416,-0.882433,-0.169845,-0.438709,0.100000,0.020000,1,0.016542
19.322897,23.846703,0.096559,-27.727356,-27.941994,-27.596817,-2336.618896,-987.511536,-1735.990601,-0.956300,-0.262370,0.129043,0.100000,0.020000,1,0.455836
17.976164,24.285568,-1.484154,-318.342468,190.545654,-283.993500,-20164.378906,11717.187500,-16389.287109,-0.941351,-0.258714,-0.216622,0.100000,0.020000,1,0.047700
19.574686,23.928034,-0.670412,91.828781,-53.625854,81.703308,5114.051758,-3619.847900,4702.164551,-0.619069,0.191401,-0.761655,0.100000,0.020000,1,0.802759
19.658672,23.869707,0.590103,-209.314484,-8.083556,13.864983,-13137.312500,-450.439667,1259.389526,-0.737085,0.011609,0.675700,0.100000,0.020000,1,0.264064
20.751663,22.683132,-2.069657,477.164856,-188.834564,-696.228394,7541.325195,-22118.835938,-27736.984375,-0.910080,-0.264892,-0.318727,0.100000,0.020000,1,0.848935
19.369322,23.661594,0.241540,57.953499,-133.870850,-30.381668,3191.317139,-8368.505859,-1607.260986,-0.931012,-0.285924,0.226857,0.100000,0.020000,1,0.566073
19.528370,23.712639,0.483962,20.873989,-8.700710,-51.091751,1087.592773,-804.749573,-2997.682373,-0.806292,-0.101892,0.582676,0.100000,0.020000,1,0.056117
16.865786,24.926643,-0.891137,-643.032959,409.349915,-290.523987,-36709.265625,13184.486328,-23767.933594,-0.864286,-0.184377,0.467990,0.100000,0.020000,1,0.105728
19.796247,24.490984,0.117785,-127.357224,394.528320,30.883152,-6847.627930,28446.144531,1345.087891,-0.890979,-0.281945,0.355899,0.100000,0.020000,1,0.374337
19.631897,24.471292,-0.181133,60.126175,234.747131,-74.750916,4424.095215,18581.683594,-5545.288574,-0.924272,-0.381058,0.022723,0.100000,0.020000,1,0.976451
19.493465,23.752012,-0.261244,40.316654,-29.157848,-2.918968,1110.224365,-1756.702881,-1239.768555,-0.809812,-0.216435,-0.545308,0.100000,0.020000,1,0.236038
19.261898,24.248791,-0.630003,-56.612778,159.724579,-105.785614,-4713.796875,12714.286133,-8049.908203,-0.857498,-0.312112,-0.409002,0.100000,0.020000,1,0.758130
19.253338,23.548191,-0.272860,407.478973,-229.808578,287.298737,23599.099609,-17026.292969,16790.732422,-0.908565,-0.400025,0.120368,0.100000,0.020000,1,0.790267
20.179213,23.170197,1.150890,63.397400,-73.720459,378.939392,3812.987793,11114.940430,4141.333984,-0.908080,-0.405626,-0.104202,0.100000,0.020000,1,0.489592
18.690239,24.376316,1.687111,-309.022430,116.856247,698.601868,-9809.690430,2868.252930,21530.164062,-0.647195,0.096078,-0.756246,0.100000,0.020000,1,0.511035
19.511431,23.645864,0.359821,366.429993,-175.741455,-145.455399,22618.105469,-11602.956055,-9728.322266,-0.738815,-0.105340,0.665624,0.100000,0.020000,1,0.864381
19.531960,23.666529,-0.649947,-10.758690,12.830192,158.912476,-893.800171,417.122009,9103.931641,-0.805231,-0.119564,-0.580782,0.100000,0.020000,1,0.026222
18.712170,24.350561,-0.154076,-186.650146,204.957275,89.037216,-15604.118164,15427.731445,6989.514160,-0.746777,-0.123696,-0.653470,0.100000,0.020000,1,0.392541
19.407787,23.618252,0.565238,-35.272148,33.733536,28.650360,-2959.258301,1858.491211,2448.332520,-0.798745,-0.222579,0.558986,0.100000,0.020000,1,0.969511
18.527857,23.967047,1.272882,-329.220917,226.342010,531.915161,-16141.992188,1745.067871,17800.849609,-0.888204,-0.416509,-0.193942,0.100000,0.020000,1,0.393235
21.516697,23.626158,-0.028789,515.678589,55.605347,-77.794533,27439.953125,6001.702637,-607.941895,-0.882183,-0.414476,0.223521,0.100000,0.020000,1,0.155286
19.514822,23.772060,0.808129,101.515518,-60.375153,-188.800659,5408.738281,-4702.688477,-10935.774414,-0.597987,0.194380,0.777578,0.100000,0.020000,1,0.810624
19.394289,23.630264,-0.039182,-7.365578,34.160309,-319.456421,-1075.180542,2611.240967,-19369.144531,-0.841662,-0.441284,-0.311246,0.100000,0.020000,1,0.291325
19.492466,23.453899,-0.152992,283.239471,-159.346405,220.730316,17607.691406,-10314.260742,12186.445312,-0.818655,-0.448029,0.359267,0.100000,0.020000,1,0.988534
19.587656,23.855042,-0.656554,3.030009,64.062088,-48.463989,137.783798,5130.400879,-4127.531250,-0.768094,-0.338183,-0.543750,0.100000,0.020000,1,0.512173
19.519777,23.513056,-0.325860,-80.964798,-9.035196,-47.470413,-5339.921875,-628.403137,-3051.157959,-0.796481,-0.430887,-0.424210,0.100000,0.020000,1,0.837778
20.080063,23.082634,-0.083038,186.313034,-104.006302,-109.440002,13114.432617,-7486.294922,594.324707,-0.831635,-0.547817,-0.090999,0.100000,0.020000,1,0.951414
19.445818,23.458794,-0.111735,301.604797,-171.339935,229.984650,18637.052734,-10724.313477,13968.833008,-0.832575,-0.553287,0.026303,0.100000,0.020000,1,0.324762
19.622328,23.605488,0.600366,-196.395325,-166.043930,-393.591370,-12359.049805,-10415.931641,-24073.775391,-0.750524,-0.343747,0.564404,0.100000,0.020000,1,0.411901
19.383781,23.723610,0.370737,-37.269287,69.148857,105.539978,-3206.295410,5222.930176,6832.564453,-0.777856,-0.441305,0.447426,0.100000,0.020000,1,0.794022
19.861261,23.197206,-0.013668,62.407448,-34.406010,-417.710876,4823.433105,-3823.649902,-26882.490234,-0.812197,-0.571217,0.118525,0.100000,0.020000,1,0.681453
20.322573,23.092619,0.557082,295.651947,-152.114471,276.998779,21471.560547,-11964.465820,21849.199219,-0.707413,-0.250005,-0.661108,0.100000,0.020000,1,0.726972
18.916676,23.751007,-0.633151,-242.621521,142.635910,-140.385712,-15858.558594,9103.156250,-6800.561523,-0.803785,-0.562022,-0.195092,0.100000,0.020000,1,0.007431
21.217527,23.094444,-0.237068,444.863159,-113.119194,-70.986450,25974.296875,-4762.698242,-11008.350586,-0.795923,-0.561672,0.225902,0.100000,0.020000,1,0.082560
19.985844,23.461929,-0.934091,107.568939,-42.263687,-102.995361,7952.115723,-4185.965332,-8052.487305,-0.645455,-0.022680,-0.763461,0.100000,0.020000,1,0.820482
19.880108,23.360310,0.640608,-380.044006,223.693481,-122.586517,-23074.855469,12882.107422,-7144.822266,-0.692334,-0.251140,0.676463,0.100000,0.020000,1,0.727808
19.350607,23.550711,-0.835578,-609.044800,195.667725,-206.216431,-39460.492188,12909.231445,-15586.579102,-0.761218,-0.575354,-0.299191,0.100000,0.020000,1,0.221375
19.260853,23.564259,0.268287,671.835083,-382.770264,-2.216932,40952.164062,-23521.181641,-52.582806,-0.740868,-0.581825,0.335550,0.100000,0.020000,1,0.029319
20.611273,23.585175,0.044133,246.568298,76.288940,-218.164429,19523.173828,4842.385254,-11616.741211,-0.682496,-0.354313,-0.639266,0.100000,0.020000,1,0.609830
20.059948,23.299135,-0.362935,247.191040,-438.560547,-81.093872,17337.501953,-28486.630859,-4983.916016,-0.700062,-0.471787,-0.536031,0.100000,0.020000,1,0.428344
19.561451,23.455786,-0.506876,-26.382645,-63.356792,293.640869,-1957.446167,-3832.416992,17667.275391,-0.711435,-0.573653,-0.405933,0.100000,0.020000,1,0.399232
20.822393,22.642296,-2.875439,299.844910,-163.236160,-804.452698,13069.785156,-9571.980469,-34415.957031,-0.729885,-0.669042,0.140181,0.100000,0.020000,1,0.292874
19.561234,23.479136,0.275273,470.278564,-772.975952,-834.083618,29462.396484,-48175.355469,-51504.984375,-0.726769,-0.686878,0.002384,0.100000,0.020000,1,0.927854
19.860548,23.452480,0.509149,-248.727737,-466.081177,-75.710709,-14927.994141,-30005.214844,-4699.996582,-0.667646,-0.334720,0.664990,0.100000,0.020000,1,0.641202
18.806501,23.806171,1.266603,50.017174,29.259937,293.080566,865.780273,-12532.062500,12248.726562,-0.683046,-0.449549,0.575634,0.100000,0.020000,1,0.541214
18.854218,24.524605,0.705131,-170.122879,294.165344,220.241882,-3615.536865,11558.345703,14954.182617,-0.693068,-0.555775,0.459098,0.100000,0.020000,1,0.787615
19.561617,23.370485,0.257423,237.747940,-137.179214,-383.985260,14731.978516,-8526.094727,-22560.693359,-0.710018,-0.676626,-0.195068,0.100000,0.020000,1,0.472029
20.209381,22.996218,0.530329,247.586349,-142.865906,-51.141575,20212.826172,-11765.821289,-3105.857910,-0.702738,-0.671381,0.235388,0.100000,0.020000,1,0.674549
19.856577,23.199911,-1.267389,-144.130814,84.794739,469.186523,-8552.552734,4160.135742,24738.089844,-0.711567,-0.694323,-0.107650,0.100000,0.020000,1,0.105711
19.742403,24.005804,-0.524308,33.713646,45.757736,19.779118,2261.328613,4007.664795,1401.039795,-0.634164,-0.138534,-0.760687,0.100000,0.020000,1,0.606485
20.182787,24.126143,-1.262364,206.048615,189.812988,-410.725830,15184.841797,15288.912109,-30239.732422,-0.664450,-0.679136,-0.311898,0.100000,0.020000,1,0.228849
19.800245,23.242294,0.163277,-242.106659,140.867523,115.048599,-14756.261719,8524.156250,6903.220703,-0.646698,-0.683814,0.337904,0.100000,0.020000,1,0.155855
19.824944,23.944906,-0.293485,11.707108,161.969086,-35.685944,3312.392090,12081.560547,-4392.386230,-0.632581,-0.774398,0.012182,0.100000,0.020000,1,0.062719
20.438950,23.688980,-0.182166,244.424026,65.006058,94.942894,7250.878906,1984.349609,2593.472412,-0.617521,-0.470642,-0.630209,0.100000,0.020000,1,0.744695
19.711008,23.471382,0.473547,163.682785,-92.921844,-221.927216,10358.295898,-5649.942871,-13735.675781,-0.614306,-0.562025,0.553855,0.100000,0.020000,1,0.299457
19.070187,23.656109,-0.513844,-192.295914,51.395424,-147.566513,-5782.407715,796.283081,-5322.935547,-0.610626,-0.670564,-0.421283,0.100000,0.020000,1,0.417809
19.674038,23.377289,-0.153990,-78.508194,-176.614960,79.149918,-5062.936523,-10670.542969,4943.811523,-0.607219,-0.771004,-0.191931,0.100000,0.020000,1,0.759268
19.910734,23.168644,-1.295110,-34.671635,20.597822,-379.615173,30957.382812,-18016.394531,-20768.322266,-0.611970,-0.779607,0.133061,0.100000,0.020000,1,0.929278
19.423548,23.449919,-0.505456,-88.086868,57.057442,216.038635,-8373.050781,1824.957520,12111.370117,-0.614299,-0.784554,-0.084329,0.100000,0.020000,1,0.581412
19.647202,23.531403,-0.013082,230.564880,-155.790268,150.564545,14274.533203,-9292.052734,11128.270508,-0.600403,-0.585202,-0.545028,0.100000,0.020000,1,0.496888
19.619450,23.370365,0.195423,-478.987549,286.709656,531.888794,-30303.632812,17412.314453,32659.951172,-0.715420,-0.415806,0.561498,0.100000,0.020000,1,0.013570
19.911297,23.358412,0.578891,-224.321045,-638.771423,-699.614868,-13410.583008,-40198.167969,-43162.183594,-0.569917,-0.680021,0.461266,0.100000,0.020000,1,0.568066
19.808067,23.227917,-0.010919,-482.100372,279.001221,-1099.749756,-30362.171875,17209.261719,-68484.632812,-0.541710,-0.773646,-0.328667,0.100000,0.020000,1,0.388697
21.011541,25.059116,-0.407554,408.816101,515.577026,113.139778,7246.135742,18517.208984,727.271973,-0.528416,-0.666992,-0.525261,0.100000,0.020000,1,0.324227
19.744816,23.264435,0.283848,-490.492035,283.195923,15.554942,-31066.853516,17929.683594,1075.747681,-0.513246,-0.781591,0.354534,0.100000,0.020000,1,0.329584
20.446575,22.918495,0.304255,170.090179,-80.256241,-40.810440,13633.131836,-7468.375977,-3437.602295,-0.555942,-0.459976,0.692351,0.100000,0.020000,1,0.111352
19.790234,23.238213,-1.109733,-156.595383,90.445900,-638.544861,-8919.756836,4713.814941,-23678.279297,-0.516316,-0.653687,0.553273,0.100000,0.020000,1,0.091012
22.689291,21.564442,0.914321,801.047363,-461.567108,213.327438,36632.171875,-21362.884766,10271.410156,-0.471583,-0.881696,0.014898,0.100000,0.020000,1,0.713003
19.762331,23.656988,-0.596000,-114.643204,-192.561859,58.596458,-7186.749023,-11862.652344,3523.431396,-0.567935,-0.335623,-0.751537,0.100000,0.020000,1,0.236483
20.062113,23.125980,-2.908046,11.408783,6.969223,-705.803040,5770.987305,-3009.505371,-24818.757812,-0.518400,-0.558164,-0.647854,0.100000,0.020000,1,0.206517
19.977488,23.130104,0.356327,243.000458,-131.028015,-43.696613,11435.245117,-8486.979492,-6575.779785,-0.474951,-0.775508,-0.415944,0.100000,0.020000,1,0.755016
19.507669,23.401354,-0.648283,482.096161,-276.133972,823.119873,28655.505859,-17479.845703,49931.449219,-0.445380,-0.875505,-0.187424,0.100000,0.020000,1,0.805606
19.655359,23.489073,0.207185,-261.667694,196.817657,-174.139343,-16857.474609,11632.263672,-12514.240234,-0.593870,-0.215463,0.775173,0.100000,0.020000,1,0.660687
19.799782,24.211321,-1.662770,38.494415,266.840271,-585.800232,-1102.285645,9378.919922,-18932.773438,-0.455920,-0.760844,0.461794,0.100000,0.020000,1,0.193367
21.353697,22.335548,0.518429,390.198883,-224.227036,126.764648,31245.521484,-18269.519531,8938.268555,-0.422968,-0.875579,0.233365,0.100000,0.020000,1,0.889062
19.619148,23.336990,-0.522096,-65.950516,39.242561,-93.882942,-5364.418457,2722.295166,-8593.314453,-0.427811,-0.892897,0.140405,0.100000,0.020000,1,0.105782
19.483381,23.415375,-4.537980,-36.966850,207.831726,-1050.246826,-19376.384766,-26496.681641,-68579.703125,-0.402575,-0.861188,-0.310303,0.100000,0.020000,1,0.277107
19.485790,23.413984,3.553730,-132.634842,87.896301,1120.293823,13445.456055,-10074.565430,37278.703125,-0.415047,-0.904096,-0.101724,0.100000,0.020000,1,0.032130
19.682135,23.725019,-0.592299,3.379900,-3.270917,18.959366,20.795057,14.127743,1075.461548,-0.604913,-0.224367,-0.764028,0.100000,0.020000,1,0.037771
19.770706,23.514708,0.328585,-325.065613,-8.601797,-192.977478,-20647.519531,-195.425964,-12928.678711,-0.486409,-0.538053,0.688408,0.100000,0.020000,1,0.268424
19.844252,23.502758,-0.335679,-315.052856,-333.552185,-456.526306,-19876.664062,-20105.619141,-28605.875000,-0.419259,-0.741660,-0.523605,0.100000,0.020000,1,0.068591
20.175915,23.055206,0.935794,50.616776,-21.127609,135.282166,4492.987793,-1878.919678,11397.267578,-0.380350,-0.859440,0.341609,0.100000,0.020000,1,0.846925
19.589437,23.573153,-0.570352,-44.733429,56.350479,-2.253473,-3852.440918,4475.046875,-569.749817,-0.434376,-0.638959,-0.634861,0.100000,0.020000,1,0.438540
20.324568,22.987022,0.035693,-599.169434,189.254181,-97.755661,-36061.847656,11398.392578,-6087.386230,-0.323225,-0.946079,0.021465,0.100000,0.020000,1,0.321647
18.925426,25.674438,-0.394812,-236.131439,616.507446,53.203049,-7045.393066,22800.878906,1578.612549,-0.513328,-0.424367,-0.745927,0.100000,0.020000,1,0.000278
19.909428,23.362354,-0.064829,-232.445160,170.850830,351.463562,-14608.291016,11435.050781,20555.458984,-0.343800,-0.829121,0.440863,0.100000,0.020000,1,0.619101
19.734241,24.477514,-0.130590,-56.835800,158.544098,-31.136681,-4267.216309,15349.817383,-1200.261597,-0.339515,-0.838872,-0.425468,0.100000,0.020000,1,0.236269
19.241478,23.753391,-0.434465,-153.515259,142.514877,-228.635345,-12519.497070,11585.662109,-16956.855469,-0.305005,-0.924078,0.230328,0.100000,0.020000,1,0.749713
19.948130,23.147051,-0.288707,-197.873856,115.271652,539.597961,-12616.002930,6954.370117,33559.148438,-0.305830,-0.928400,-0.211049,0.100000,0.020000,1,0.538865
19.838394,23.263010,-0.049773,197.717834,-158.802490,-28.052914,12132.056641,-9403.515625,-1675.522827,-0.299209,-0.949099,-0.098411,0.100000,0.020000,1,0.053483
19.752514,23.338545,0.526239,-63.663116,37.570511,103.600250,-4565.528809,2624.972656,6977.523438,-0.364260,-0.735281,0.571557,0.100000,0.020000,1,0.807616
19.396025,23.465811,-0.829377,-140.921951,96.769402,-153.623566,-7432.644043,2334.127197,-10433.314453,-0.281338,-0.910251,-0.303797,0.100000,0.020000,1,0.323445
19.728107,23.274082,-0.094021,403.595367,-232.398788,48.163040,24475.751953,-14273.482422,2253.098389,-0.277322,-0.952061,0.129119,0.100000,0.020000,1,0.082720
19.254086,23.640442,0.020765,-60.841660,37.243233,-44.214386,-6421.201660,3483.309570,-4820.513184,-0.387849,-0.614549,0.686952,0.100000,0.020000,1,0.586199
19.348106,23.493475,0.115537,1148.006958,-662.474548,-105.040375,70300.054688,-40663.804688,-7071.172363,-0.400187,-0.866167,0.299342,0.100000,0.020000,1,0.011756
19.953035,23.307713,-0.330493,-16.243870,-38.415092,-21.027027,-915.085632,-1838.147339,-1411.250854,-0.274592,-0.790718,-0.547142,0.100000,0.020000,1,0.577604
20.111992,23.369915,0.396349,-441.202209,-1122.216553,133.677429,-27172.480469,-70263.945312,8395.845703,-0.271717,-0.788871,0.551228,0.100000,0.020000,1,0.294422
20.001539,23.137104,-0.072955,7.758337,-2.284437,-366.928528,571.735352,-260.945923,-22153.837891,-0.223495,-0.876784,-0.425794,0.100000,0.020000,1,0.263175
20.124886,23.045004,-0.085739,-138.227234,80.142433,440.501343,-8365.683594,4745.038574,27109.474609,-0.169437,-0.978760,0.115415,0.100000,0.020000,1,0.162369
20.125202,23.488714,0.281140,-489.227570,-222.317154,138.561203,-29413.113281,-14455.184570,7528.552246,-0.536749,-0.330023,0.776521,0.100000,0.020000,1,0.607392
19.506737,23.565592,-0.590888,-58.402817,38.755920,-37.492386,-5084.288086,2882.339844,-2520.991943,-0.436285,-0.495110,-0.751347,0.100000,0.020000,1,0.581163
19.719086,23.988556,-0.609620,-41.867241,167.351807,-32.960251,-3496.358398,13401.423828,-2618.230957,-0.313889,-0.689874,-0.652341,0.100000,0.020000,1,0.900362
20.084044,23.204779,0.000843,82.767303,-53.447212,-120.622055,5417.154297,-2910.200195,-6953.903320,-0.142858,-0.966545,-0.213030,0.100000,0.020000,1,0.169718
20.116133,23.188560,-0.085191,-178.618896,-399.753662,239.632324,-10970.819336,-24771.636719,15046.250977,-0.134120,-0.986893,-0.089743,0.100000,0.020000,1,0.426778
19.522387,23.392855,-0.211947,-87.459053,103.325333,-57.032715,-10879.427734,-3609.902100,2241.390137,-0.310634,-0.676987,0.667230,0.100000,0.020000,1,0.751599
20.693270,23.528135,0.319254,193.205078,17.324852,-198.921875,4170.054199,-1248.430176,-9452.213867,-0.181236,-0.868726,0.460944,0.100000,0.020000,1,0.662662
20.115690,23.321537,0.784099,-557.837769,138.932571,-744.611572,-33928.019531,7892.683105,-46110.792969,-0.485718,-0.404706,0.774785,0.100000,0.020000,1,0.598210
20.026247,23.226360,0.458691,-137.529068,-415.631226,-193.776154,-8653.002930,-25860.244141,-11469.166016,-0.170964,-0.911209,0.374793,0.100000,0.020000,1,0.136940
20.065907,23.422739,-0.639403,-18.345993,14.848984,-89.810471,-1177.644897,2263.364990,-7414.013184,-0.100375,-0.948372,-0.300856,0.100000,0.020000,1,0.671755
20.267420,22.976612,-0.438094,20.744560,-13.091442,-119.379913,2131.317383,-1303.236694,-10078.167969,-0.098915,-0.967885,0.231116,0.100000,0.020000,1,0.109127
19.757122,23.373844,-0.382495,-119.728882,49.897957,52.831078,-6376.958496,3693.818115,2131.539307,-0.347049,-0.585732,-0.732445,0.100000,0.020000,1,0.333855
20.246695,23.003649,-0.507336,-103.370193,66.830971,183.865234,-5644.847656,3426.354248,11114.965820,-0.153847,-0.834648,-0.528861,0.100000,0.020000,1,0.169593
19.898043,23.249094,0.424738,-14.634979,16.813568,215.758789,-1375.509521,1039.916626,17314.621094,-0.199016,-0.756109,-0.623452,0.100000,0.020000,1,0.193153
20.058950,23.196058,0.502541,-10.423647,4.593141,-55.585098,-611.051086,277.666290,-3091.905029,-0.138921,-0.825922,0.546402,0.100000,0.020000,1,0.592765
20.090700,23.105179,-0.431288,-187.351471,15.527233,1011.609253,-11824.523438,840.967468,63355.535156,-0.076916,-0.902692,-0.423356,0.100000,0.020000,1,0.414695
20.244555,22.984476,-0.531711,-90.708542,52.800095,-242.567444,-5283.922852,2998.046143,-17285.441406,-0.006056,-0.996747,-0.080360,0.100000,0.020000,1,0.295756
19.760183,23.275942,-0.658420,-49.654312,28.608673,-282.411926,-4596.701172,2571.089844,-21720.632812,-0.049367,-0.939027,0.340282,0.100000,0.020000,1,0.177725
20.136234,23.220823,-0.059988,-39.019508,-165.245941,264.517700,-2586.563232,-9761.351562,16441.298828,0.030121,-0.999545,0.001483,0.100000,0.020000,1,0.638568
19.821430,23.223635,0.787911,49.050484,-27.278959,336.751404,1885.698120,-1059.298706,24442.896484,-0.043054,-0.998483,0.034319,0.100000,0.020000,1,0.024372
19.966370,23.136520,-0.540727,32.256989,78.770378,-92.348503,-12470.371094,-8845.491211,-8549.395508,0.036487,-0.971333,0.234907,0.100000,0.020000,1,0.817403
20.100739,23.278090,-0.155709,538.126709,-350.021484,184.692932,33645.089844,-21257.914062,11672.809570,0.044495,-0.975374,-0.216024,0.100000,0.020000,1,0.196623
20.656439,23.362524,1.074505,171.598053,13.348108,133.292709,7163.368164,-497.858643,7302.685059,-0.183945,-0.711378,0.678311,0.100000,0.020000,1,0.811816
20.153135,23.090334,0.532166,-31.128441,20.230190,-107.196747,-1899.569946,1041.027588,-5961.173340,-0.014990,-0.887540,0.460487,0.100000,0.020000,1,0.257427
20.622372,22.775249,-0.139971,-187.942902,111.413040,16.046818,-10048.978516,5817.356445,46.865181,0.059508,-0.990534,0.123694,0.100000,0.020000,1,0.208706
20.291056,22.976337,-0.018389,-248.500916,144.099014,-217.817596,-15273.306641,8605.612305,-12917.413086,0.062620,-0.953506,-0.294796,0.100000,0.020000,1,0.385583
19.938631,24.029049,-0.190552,-43.765480,209.627319,87.770889,-2900.842773,16067.738281,7002.799805,-0.253130,-0.631141,-0.733203,0.100000,0.020000,1,0.923067
20.012064,23.250467,-0.384937,-42.758072,-272.508118,134.730270,-3008.599365,-17122.882812,8807.310547,-0.090653,-0.778962,-0.620484,0.100000,0.020000,1,0.350225
20.264019,23.155722,0.245566,-270.744812,-429.902405,192.813690,-16843.515625,-26926.722656,12142.160156,0.078489,-0.936308,0.342296,0.100000,0.020000,1,0.899881
18.401159,24.075180,0.600017,-456.004303,273.875183,324.672211,-22026.068359,12917.824219,8632.139648,0.007265,-0.849829,-0.527008,0.100000,0.020000,1,0.049676
20.532694,23.411039,-1.212070,67.783005,52.665863,-285.283997,7101.041992,7996.022949,-20392.339844,0.155565,-0.987782,0.009295,0.100000,0.020000,1,0.111494
20.055626,23.084990,0.558512,-774.434570,449.183746,234.738800,-48944.632812,26145.892578,14811.708984,-0.323460,-0.551080,0.769210,0.100000,0.020000,1,0.948442
18.719164,23.905264,-2.492019,-414.971039,254.331390,-836.801941,-14284.376953,8687.028320,-49011.097656,0.006126,-0.824221,0.566235,0.100000,0.020000,1,0.641878
20.222788,23.033842,0.616808,160.081512,-86.049133,-182.689972,10147.209961,-5888.763184,-10359.981445,0.085107,-0.885707,0.456376,0.100000,0.020000,1,0.309316
20.435616,22.865602,-0.117048,-372.140320,217.563309,506.369171,-23632.861328,11752.679688,31219.560547,0.190199,-0.974184,0.121615,0.100000,0.020000,1,0.224507
19.898380,23.210077,0.514329,-131.232498,86.161507,-176.879028,-9179.750977,5273.253906,-11035.453125,-0.056722,-0.752915,0.655669,0.100000,0.020000,1,0.941129
19.920918,23.274246,-0.429945,-142.209991,86.849350,-149.039276,-10302.390625,6070.316895,-9890.370117,0.120085,-0.896512,-0.426434,0.100000,0.020000,1,0.170162
20.270863,23.378231,-0.926483,-7.990820,41.845398,-171.339508,-561.492615,3870.149902,-14014.641602,0.185942,-0.958034,-0.218166,0.100000,0.020000,1,0.248512
20.854080,23.760366,0.764816,153.884491,172.864807,183.834595,12038.070312,13790.924805,15098.924805,0.204678,-0.974005,-0.097058,0.100000,0.020000,1,0.048448
19.223108,23.565641,1.147413,-96.073051,79.444450,209.700851,-1221.206055,-4580.576172,6198.381348,0.226073,-0.943295,0.243075,0.100000,0.020000,1,0.270897
20.433714,23.054161,-0.294769,-16.095436,-47.378235,-0.093973,-519.371704,-3232.341064,-232.455551,0.223893,-0.918369,-0.326297,0.100000,0.020000,1,0.129947
20.365822,22.905897,-1.141603,-25.954992,28.247087,-434.307281,-3707.812744,-650.331299,-13869.890625,0.223462,-0.910266,0.348540,0.100000,0.020000,1,0.378359
19.865990,23.194477,-0.646447,230.458435,-127.390984,188.198364,12061.480469,-10798.043945,11353.844727,0.032040,-0.764708,-0.643580,0.100000,0.020000,1,0.551713
20.117498,23.376312,-0.521015,182.478546,-110.485779,117.117020,10918.665039,-6144.637695,6846.928711,0.146467,-0.835497,-0.529616,0.100000,0.020000,1,0.348019
20.844473,22.850464,-1.277164,130.732727,-151.707886,-279.946777,10471.909180,-10772.497070,-21746.435547,0.219562,-0.885560,-0.409360,0.100000,0.020000,1,0.460178
20.206629,23.032797,-0.097279,188.722733,-98.356667,425.111664,11160.146484,-6441.093262,26678.927734,0.321327,-0.943427,-0.081821,0.100000,0.020000,1,0.344015
20.024364,23.267204,-0.086944,45.261368,-68.949005,-193.515015,3042.678223,-4832.901367,-14952.839844,-0.245013,-0.588112,0.770774,0.100000,0.020000,1,0.864612
19.636896,23.400223,-0.500906,-45.669220,45.016930,295.485992,-4655.741211,3143.559814,18854.814453,-0.132229,-0.653277,-0.745483,0.100000,0.020000,1,0.379337
20.247389,22.974276,2.263646,129.733643,-6.689262,766.818420,40.178711,-14653.035156,32690.960938,0.134240,-0.809434,0.571661,0.100000,0.020000,1,0.818382
20.433144,23.353657,-0.119316,-116.150497,-228.365540,768.018677,-6871.487793,-13563.305664,46621.093750,0.231475,-0.867224,0.440843,0.100000,0.020000,1,0.901305
20.424303,23.150869,0.212681,-73.842072,-6.124449,-160.220673,-4589.646973,-139.828232,-9270.393555,0.348454,-0.937208,0.014907,0.100000,0.020000,1,0.022112
20.403757,23.113382,0.138034,-5.797553,3.655754,-20.556049,-377.107910,291.994141,-1138.405640,0.346780,-0.928095,0.135586,0.100000,0.020000,1,0.816496
20.194328,23.033218,-0.224868,101.869766,-50.235802,212.604630,5502.269531,-3497.517578,13114.016602,0.358880,-0.910419,-0.205772,0.100000,0.020000,1,0.821069
19.828676,23.296265,0.653721,197.229218,-112.246750,-156.919205,10893.801758,-6928.005371,-9259.834961,0.059566,-0.733253,0.677342,0.100000,0.020000,1,0.546997
23.242479,21.299786,-1.696955,912.467529,-510.229645,-534.423340,48801.253906,-27967.570312,-21054.964844,0.349036,-0.878678,-0.325729,0.100000,0.020000,1,0.791335
20.380642,23.346613,0.397122,85.529892,-178.556549,-244.108307,5194.940430,-10429.167969,-14787.939453,0.373287,-0.864226,0.337298,0.100000,0.020000,1,0.255665
20.294262,23.371521,-0.321684,73.928764,-195.316925,-24.390686,4372.267578,-11600.588867,-1256.148315,0.282667,-0.800612,-0.528318,0.100000,0.020000,1,0.003855
20.563681,23.293840,0.110674,-523.951294,-75.627151,259.816711,-32571.824219,-4077.212402,16121.256836,0.394196,-0.886990,0.240535,0.100000,0.020000,1,0.037468
20.533575,23.258322,-0.134726,-33.023109,-26.892159,-21.567459,-1957.283325,-1164.756348,-1656.599243,0.472604,-0.876979,-0.086911,0.100000,0.020000,1,0.110586
20.505312,23.340816,0.117705,109.163620,-97.162308,-25.638466,6886.125488,-5249.975586,-1212.630005,0.476987,-0.878465,0.027976,0.100000,0.020000,1,0.749820
19.797388,23.323784,-0.351097,-6.151581,4.455772,425.648071,-2436.111816,637.592529,27354.787109,0.176384,-0.752547,-0.634477,0.100000,0.020000,1,0.138150
20.630957,22.969131,0.734168,67.463379,-27.965279,232.568176,5102.392578,-2615.162109,19045.013672,0.370356,-0.828002,-0.421009,0.100000,0.020000,1,0.096582
20.292585,22.948183,-0.077421,-143.086334,83.831810,23.912729,-10272.488281,3968.378174,1868.645752,0.469605,-0.855462,-0.218301,0.100000,0.020000,1,0.734463
20.844879,23.581526,0.984653,109.168457,63.793030,154.161743,8555.865234,5667.643066,12472.808594,0.392153,-0.804782,0.445580,0.100000,0.020000,1,0.479414
20.634918,23.256220,0.018601,-143.133728,-159.719574,157.561493,-8569.791992,-9684.221680,9296.572266,0.497260,-0.834936,0.235825,0.100000,0.020000,1,0.374675
20.232285,23.513142,0.517292,78.174828,-38.354374,-92.341949,4696.910156,-1383.384155,-5743.505371,0.176368,-0.717368,0.674001,0.100000,0.020000,1,0.449288
21.512400,23.168289,-2.779361,312.493378,-39.705566,-968.466919,15990.631836,-2985.831055,-41715.882812,0.288092,-0.759975,0.582616,0.100000,0.020000,1,0.266324
22.278397,23.431988,1.990726,547.958130,58.083660,521.274597,16333.062500,1955.302246,15945.277344,0.479848,-0.804098,0.350959,0.100000,0.020000,1,0.446049
19.909561,23.358036,-1.003736,-5.753410,23.483658,-100.235565,-2945.088135,2222.346436,-9565.822266,0.500510,-0.808253,-0.310190,0.100000,0.020000,1,0.186533
20.927294,23.253107,-1.325937,433.172485,-122.554535,-198.913818,22061.130859,-6354.526367,-3814.421387,0.381132,-0.758904,-0.528018,0.100000,0.020000,1,0.321630
20.526749,23.006630,-0.057650,89.871979,-32.125366,160.509964,8422.525391,-4578.330566,5042.443359,-0.021442,-0.649082,-0.760416,0.100000,0.020000,1,0.126477
20.226412,23.431211,0.099499,-41.437408,-19.030285,136.113770,-3254.343018,-467.975403,10933.915039,0.297026,-0.721646,-0.625303,0.100000,0.020000,1,0.455925
20.063099,24.111023,-0.268628,-41.069107,191.134033,36.091446,-4528.949707,15814.883789,2419.663330,0.496509,-0.764936,-0.410307,0.100000,0.020000,1,0.846497
20.772573,23.486935,-0.066860,-122.638168,-243.674194,147.232300,-7043.162598,-14135.780273,9324.205078,0.603768,-0.790776,-0.100683,0.100000,0.020000,1,0.259331
19.378996,23.475643,0.072384,-151.283463,128.340836,-142.902420,-12412.494141,-5160.267090,-5643.918945,-0.028719,-0.640284,0.767602,0.100000,0.020000,1,0.345012
20.137613,23.402878,-0.360202,18.675642,-27.711761,-57.020203,812.595337,-1358.437134,-2815.782227,0.087554,-0.663718,-0.742841,0.100000,0.020000,1,0.452580
20.492126,23.487860,0.560024,278.009125,-355.407410,-375.212646,17736.226562,-21440.890625,-23105.097656,0.387723,-0.722984,0.571808,0.100000,0.020000,1,0.157510
20.439083,23.070860,0.112088,8.503710,9.669970,-0.052784,-8.660524,190.111084,14.821391,0.557447,-0.817248,0.146144,0.100000,0.020000,1,0.009656
20.588413,24.696541,-1.926669,-89.629028,365.956970,-563.727783,18645.443359,17952.136719,-6113.826172,0.602067,-0.768217,-0.217618,0.100000,0.020000,1,0.187957
20.474136,23.616039,0.109640,464.826813,-932.754822,-245.178741,28743.599609,-57129.640625,-15372.487305,0.618035,-0.777671,0.115160,0.100000,0.020000,1,0.039337
20.491123,22.833553,1.129222,96.301315,20.950020,270.252869,-9088.685547,-11384.011719,8410.603516,0.630710,-0.775470,0.029167,0.100000,0.020000,1,0.103682
20.607388,23.405796,0.446294,-51.132477,-12.014795,-229.783524,-2929.376709,-69.921959,-14063.660156,0.506778,-0.727579,0.462390,0.100000,0.020000,1,0.664246
20.397905,22.926649,0.305750,6.187809,8.329065,-177.836441,-562.445129,-708.852478,-10640.512695,0.627994,-0.744997,0.224950,0.100000,0.020000,1,0.085727
21.823343,22.394419,-0.317325,424.192932,-307.461182,-268.409210,12615.122070,-9057.775391,-8460.121094,0.311322,-0.681035,0.662774,0.100000,0.020000,1,0.523384
20.608929,23.507269,-0.171228,298.065338,-199.786224,58.271370,18768.966797,-11503.832031,3946.072998,0.617945,-0.718500,-0.319221,0.100000,0.020000,1,0.224542
19.435385,24.084381,0.196332,-273.028076,157.692596,63.734634,-20820.462891,13177.074219,7111.533203,0.178224,-0.652904,-0.736174,0.100000,0.020000,1,0.066776
20.563934,23.359875,-0.223570,35.340706,71.862411,48.180389,2306.718994,4902.734375,3686.664307,0.516987,-0.685422,-0.512758,0.100000,0.020000,1,0.185056
20.808250,23.437397,0.287389,-143.399933,-44.168900,-44.892982,-8291.330078,-2028.944214,-2692.891602,0.625578,-0.700169,0.344115,0.100000,0.020000,1,0.619777
20.859249,22.771421,0.802168,279.111572,-158.533936,95.037872,18949.464844,-12163.367188,7668.240723,0.508766,-0.665441,0.546210,0.100000,0.020000,1,0.458630
20.477047,23.231121,0.083647,222.653046,-350.658997,-429.120361,13156.104492,-22292.626953,-26155.130859,0.711616,-0.676723,-0.188810,0.100000,0.020000,1,0.256502
20.675051,23.210756,0.985987,18.117676,-73.590698,380.717773,1020.188965,-4874.632324,28395.279297,0.728760,-0.680185,-0.079102,0.100000,0.020000,1,0.604865
20.991365,24.752369,0.004262,100.490265,292.023926,19.929802,7530.473145,24647.654297,1208.459961,0.732302,-0.680629,0.021856,0.100000,0.020000,1,0.839718
19.799910,23.649042,-0.557011,-125.721466,59.226837,-21.695843,-10711.060547,5178.192871,-1715.363037,0.405537,-0.649435,-0.643252,0.100000,0.020000,1,0.917747
20.602800,23.230265,-0.284171,-59.438202,32.744728,-14.665586,-3874.808838,1807.708862,-810.246643,0.630247,-0.651096,-0.422922,0.100000,0.020000,1,0.599189
20.738560,23.347002,0.086234,-121.166641,112.199066,3.822661,-7558.310059,7350.820312,215.883591,0.743883,-0.656475,0.125213,0.100000,0.020000,1,0.902764
20.705824,23.427683,0.206178,9.189173,-23.972866,-6.839066,890.328857,-1010.274292,-972.581787,0.628050,-0.631132,0.455220,0.100000,0.020000,1,0.727238
19.949709,23.499168,-0.179941,-238.462830,221.166901,-263.578064,-18230.474609,14808.795898,-18098.617188,0.733738,-0.639226,0.230257,0.100000,0.020000,1,0.168152
20.489243,23.424036,-0.602599,-93.648468,30.904987,142.623062,-5417.153320,2345.551270,8731.750000,0.279657,-0.624210,-0.729489,0.100000,0.020000,1,0.675421
20.451298,23.444496,0.649191,-352.307251,-197.643097,-287.829895,-22304.312500,-11975.805664,-17514.302734,0.407931,-0.621993,0.668369,0.100000,0.020000,1,0.231660
20.662916,23.489010,-0.405326,-214.523438,122.078491,96.566147,-13724.378906,8427.136719,5354.660645,0.727341,-0.612586,-0.309377,0.100000,0.020000,1,0.456566
20.992390,23.298780,0.496226,75.598846,-46.777237,49.802628,5931.415039,-3096.982422,4195.111328,0.736621,-0.589335,0.331773,0.100000,0.020000,1,0.267285
20.677628,23.470299,-0.394456,-382.047302,-19.975754,-123.811218,-23527.677734,-749.902893,-7493.943848,0.498835,-0.585240,-0.639263,0.100000,0.020000,1,0.975188
19.523821,23.392027,0.934983,-179.925674,162.696869,122.491280,1572.230469,-1481.543945,204.614258,0.613460,-0.574742,0.541608,0.100000,0.020000,1,0.491087
20.284595,23.813931,-0.271407,55.002892,-74.864861,-33.559910,2040.774780,-2781.341797,-1607.315918,0.618432,-0.576531,-0.533997,0.100000,0.020000,1,0.380992
21.082870,23.804602,0.273499,157.893341,-88.387497,152.321335,6084.338867,-9154.578125,4565.758301,0.711944,-0.569591,-0.410734,0.100000,0.020000,1,0.587231
20.697567,23.851612,-0.864609,1.813128,79.939758,-224.974670,-238.240051,7129.979980,-17504.283203,0.824082,-0.557496,-0.100435,0.100000,0.020000,1,0.202406
20.828693,23.494499,0.009992,-120.954514,35.635117,-224.008759,-7464.218262,2833.546631,-14169.391602,0.831804,-0.554583,0.023223,0.100000,0.020000,1,0.824984
19.944841,23.148951,0.740088,240.927185,-134.858582,-525.131958,13092.516602,-11180.097656,-32654.572266,0.080853,-0.629695,0.772623,0.100000,0.020000,1,0.948104
21.496311,22.465759,-1.348225,298.908813,-128.318756,-309.755859,21815.705078,-11864.878906,-25546.906250,0.834605,-0.538262,0.117087,0.100000,0.020000,1,0.378465
21.121977,23.258158,-0.207817,84.783112,-108.208908,-3.955265,6762.272949,-7322.006348,-491.692383,0.825332,-0.526770,-0.203323,0.100000,0.020000,1,0.540965
20.288448,23.403593,0.539854,-18.797997,-6.486248,1.765116,-1186.761230,-151.035461,-5.230628,0.168853,-0.615152,0.770114,0.100000,0.020000,1,0.975010
20.327831,24.036953,0.220914,49.558357,117.167511,-109.298798,2266.615967,10199.183594,-8022.976562,0.493195,-0.561476,0.664457,0.100000,0.020000,1,0.424820
20.568153,23.316875,0.452747,-4.285501,14.745724,-44.473083,-819.272583,686.611450,-2314.701172,0.712442,-0.534861,0.454257,0.100000,0.020000,1,0.000598
20.814617,23.561659,0.327084,-83.581093,-23.589167,-81.973099,-5172.898926,-787.171204,-4539.828613,0.831246,-0.502499,0.237750,0.100000,0.020000,1,0.901411
22.033270,22.830624,-2.318789,376.987061,-190.932831,-541.220215,29396.152344,-14478.335938,-42248.230469,0.700856,-0.487573,-0.520646,0.100000,0.020000,1,0.410673
19.884140,24.125311,0.032929,-185.780701,173.168701,-65.903946,-9599.394531,6681.914062,-2392.755859,0.811347,-0.463099,0.356728,0.100000,0.020000,1,0.269207
19.757580,23.257065,0.105240,-68.841644,119.674820,86.191116,-10249.255859,-13718.650391,7589.443359,0.598236,-0.491842,-0.632618,0.100000,0.020000,1,0.121156
20.842131,23.533543,0.433963,48.176178,-110.658600,40.335106,1309.338013,-4633.799805,-2116.476562,0.796010,-0.445316,-0.409954,0.100000,0.020000,1,0.243067
20.831888,23.608377,-0.103151,254.707855,-595.377625,-117.406937,16001.938477,-36945.046875,-7556.197754,0.905488,-0.414117,-0.092725,0.100000,0.020000,1,0.409446
21.045033,23.120687,-0.286386,214.920868,-338.532776,-160.057495,9204.042969,-14677.395508,-6555.646484,0.909766,-0.414834,0.015460,0.100000,0.020000,1,0.763361
20.721966,23.495459,0.310937,-155.059937,49.536957,123.618988,-9656.631836,3371.556396,7385.242676,0.695362,-0.453723,0.557322,0.100000,0.020000,1,0.385049
21.070320,23.448456,-0.143079,-463.571716,318.274048,73.339951,-28334.583984,19965.994141,4633.539551,0.901870,-0.385262,-0.195457,0.100000,0.020000,1,0.279777
20.882908,23.639685,-0.155609,-20.228565,-91.546143,128.923660,-1181.313965,-5108.709961,7136.681152,0.916929,-0.382461,0.113860,0.100000,0.020000,1,0.269652
20.680748,23.578772,0.409712,-339.405457,-104.421310,217.065247,-21096.683594,-5949.817383,13376.325195,0.579195,-0.476787,0.661216,0.100000,0.020000,1,0.025137
20.909876,23.710623,0.129986,-370.005981,-42.927063,8.849272,-23094.195312,-1796.613159,364.602692,0.899077,-0.366621,0.239270,0.100000,0.020000,1,0.756510
20.726900,24.856440,0.324017,27.199703,326.567322,190.493683,1632.578857,26340.197266,14967.027344,0.766120,-0.383534,-0.515715,0.100000,0.020000,1,0.697913
20.495403,23.544664,-0.244554,-43.326172,13.699154,-203.594421,-3864.630127,1139.712524,-15318.624023,0.791610,-0.391398,0.469214,0.100000,0.020000,1,0.227069
21.084316,23.108881,0.439759,167.836853,-122.499199,52.686924,5793.398926,-2223.999023,1399.794189,0.875953,-0.346204,0.335931,0.100000,0.020000,1,0.996915
20.500708,23.500135,-0.695096,-327.742767,6.792891,710.055115,-20443.529297,916.850342,44229.359375,0.369837,-0.546502,-0.751370,0.100000,0.020000,1,0.120587
21.597639,23.915705,1.661460,303.371826,214.718567,421.964722,8175.600586,5875.426758,13012.603516,0.755730,-0.367328,0.542164,0.100000,0.020000,1,0.725032
20.425541,23.547083,-0.416715,-5.639650,24.487778,32.133141,-774.515076,2047.924927,2552.740723,0.476872,-0.481342,-0.735461,0.100000,0.020000,1,0.166924
20.051134,23.686329,-0.289981,-470.527832,-497.099609,176.449097,-33029.187500,-30710.371094,10867.864258,0.896500,-0.320605,-0.305778,0.100000,0.020000,1,0.069908
20.469322,23.406744,0.244408,-80.806427,-66.877594,115.770844,-6894.411621,-4896.790039,8629.448242,0.960444,-0.260829,-0.097549,0.100000,0.020000,1,0.707789
20.186790,24.019066,1.281264,-149.550781,206.874115,307.164581,-6398.982422,6715.127441,12934.253906,0.957439,-0.254204,0.136713,0.100000,0.020000,1,0.875520
20.821369,23.348932,0.944573,-12.289749,-114.247345,242.783508,-1119.758057,-8144.972168,19253.638672,0.966894,-0.255109,0.005956,0.100000,0.020000,1,0.770835
20.636013,23.898796,-0.341444,151.245789,-98.574265,296.655029,9192.488281,-4420.064941,18843.738281,0.667743,-0.374596,-0.643271,0.100000,0.020000,1,0.998463
20.715490,23.868690,-0.308314,186.345673,-482.915344,29.773323,11309.192383,-29183.615234,1890.191895,0.862049,-0.281105,-0.421725,0.100000,0.020000,1,0.693785
21.531256,23.276134,0.338496,193.779816,-145.158539,23.072807,14922.113281,-10476.255859,2145.124268,0.943669,-0.232362,0.235579,0.100000,0.020000,1,0.678232
20.703911,23.724552,-0.134523,-20.354698,-52.329811,-112.712540,-2078.830566,-2746.863525,-7059.782715,0.952239,-0.230545,-0.200226,0.100000,0.020000,1,0.780462
20.640909,23.428112,0.734640,48.068817,-18.540173,29.109276,3907.637695,-1034.201050,2537.036377,0.354853,-0.531174,0.769373,0.100000,0.020000,1,0.881997
20.742777,23.732105,0.344072,-38.619003,-124.634590,-131.674759,-2748.635742,-7175.371582,-8252.859375,0.852369,-0.270254,0.447693,0.100000,0.020000,1,0.251199
20.156731,23.787771,0.884187,-164.773590,-16.581091,180.898621,-13385.468750,-319.553589,14078.564453,0.919804,-0.202824,0.335891,0.100000,0.020000,1,0.788470
20.954908,23.819078,-0.377431,-194.045105,-303.971680,633.743469,-11948.591797,-18355.378906,39336.242188,0.935491,-0.193382,-0.295737,0.100000,0.020000,1,0.362699
21.078358,23.427643,-0.559738,124.459167,-57.918335,2.642227,9887.161133,-3891.935059,62.803719,0.560473,-0.399442,-0.725476,0.100000,0.020000,1,0.770016
21.171574,22.702276,0.133039,184.032623,-70.696030,82.529022,13103.807617,-7812.636230,6929.019531,0.855710,-0.353665,-0.377733,0.100000,0.020000,1,0.037451
21.062546,24.159336,0.883203,186.733002,212.347900,192.578827,13225.097656,15939.766602,17770.289062,0.722162,-0.297674,-0.624397,0.100000,0.020000,1,0.776138
20.757444,23.330563,0.004976,56.885872,-15.843063,72.769775,3405.251953,-2112.023193,6180.798340,0.829311,-0.231615,-0.508524,0.100000,0.020000,1,0.863313
19.407433,23.459225,0.541193,-165.081360,160.637726,97.958809,-12473.989258,-4895.859863,3088.629395,0.992544,-0.121826,0.003763,0.100000,0.020000,1,0.963995
20.530083,23.874758,0.576299,-22.359039,16.677185,33.037674,-2458.676270,2196.546387,2787.153564,0.800862,-0.227627,0.553901,0.100000,0.020000,1,0.729729
20.753813,24.043880,0.097523,89.942612,-447.282837,57.734444,4952.125977,-26767.707031,3665.751709,0.987824,-0.092221,0.125297,0.100000,0.020000,1,0.486941
20.726307,23.811510,-0.099134,20.092102,38.942215,197.367767,419.484131,2945.622070,12365.548828,0.990451,-0.089975,-0.104457,0.100000,0.020000,1,0.313658
19.637901,23.512375,-0.476577,-126.150513,102.774246,-232.641113,-11575.190430,6787.641602,-19034.076172,0.444650,-0.465312,0.765357,0.100000,0.020000,1,0.080709
20.771374,23.870436,0.329352,-11.625996,-81.528656,81.593994,-1038.833008,-4250.085938,5141.486816,0.880725,-0.148992,0.449582,0.100000,0.020000,1,0.959475
20.446054,23.372679,-0.198776,-294.970184,182.176086,115.641876,-20325.125000,10287.567383,7784.007324,0.893489,-0.139372,-0.426910,0.100000,0.020000,1,0.559987
20.641430,23.208187,0.192113,-164.004578,129.980850,-29.013168,-11484.712891,6159.976074,-1756.461060,0.967692,-0.088000,0.236279,0.100000,0.020000,1,0.705137
20.773010,23.858692,-0.020543,-198.411423,425.532501,-870.132385,-13147.472656,27490.458984,-54435.839844,0.979785,-0.073349,-0.186122,0.100000,0.020000,1,0.638337
20.758059,23.882793,-0.373500,99.625565,-6.379086,427.556580,5712.163574,305.004700,26418.275391,0.944356,-0.068125,-0.321792,0.100000,0.020000,1,0.278869
20.406078,23.681332,0.423748,-26.262390,-7.677635,-4.309652,-2700.389160,143.742111,-635.006348,0.640565,-0.331670,0.692583,0.100000,0.020000,1,0.060370
20.078825,24.606743,-0.255642,-161.722610,256.782806,-209.412018,-9870.285156,14316.036133,-17489.058594,0.710113,-0.244961,0.660101,0.100000,0.020000,1,0.103931
20.830360,23.790741,-0.384216,-96.798813,53.968796,19.920536,-6099.337891,3846.491455,1206.393188,0.856158,-0.111263,-0.504592,0.100000,0.020000,1,0.920754
20.661087,23.582405,0.353752,368.413666,-311.640076,-744.233093,22268.076172,-20294.587891,-46502.628906,0.944352,-0.043843,0.326001,0.100000,0.020000,1,0.759856
19.961773,23.969736,-1.148270,-71.306366,165.154770,-148.937012,-8687.932617,7718.854492,-12187.014648,0.757635,-0.172929,-0.629353,0.100000,0.020000,1,0.653444
20.938881,23.961815,0.060292,-169.756775,-68.931808,-166.240585,-10729.625977,-3646.869385,-10260.496094,0.999094,0.042098,0.006239,0.100000,0.020000,1,0.813542
20.467634,23.569586,0.667292,-242.050995,-171.543045,-371.576752,-15701.492188,-10548.260742,-23011.013672,0.527705,-0.376839,0.761262,0.100000,0.020000,1,0.805641
20.568914,23.676079,-0.576827,-62.733536,183.011734,289.846283,-4213.416992,12066.811523,18153.242188,0.604113,-0.304831,-0.736292,0.100000,0.020000,1,0.918761
20.282804,23.936560,-0.122088,-83.783524,-33.387146,-71.830338,-7512.073242,-1159.131470,-6712.341797,0.836897,-0.080238,0.541448,0.100000,0.020000,1,0.803826
20.719898,24.039799,-0.375166,266.105072,-165.432434,211.195801,16142.672852,-9272.303711,13010.413086,0.914338,-0.008136,-0.404870,0.100000,0.020000,1,0.307127
20.126242,24.416395,0.092831,-115.839142,-348.925140,-383.639832,-10700.295898,-19508.380859,-24198.876953,0.990275,0.069575,0.120476,0.100000,0.020000,1,0.785284
19.095377,24.566675,1.739567,-601.449890,272.392853,435.929932,-20823.402344,13955.317383,9023.000000,0.991934,0.073642,-0.103166,0.100000,0.020000,1,0.933406
20.977112,23.870607,0.136524,-20.278456,-73.153854,150.621017,-813.375732,-4191.536621,8728.529297,0.898993,0.002649,0.437955,0.100000,0.020000,1,0.737150
20.463629,23.669127,-0.210733,-67.821579,-109.457870,-44.569717,-6214.204590,-7555.747559,-3057.463135,0.975043,0.081342,-0.206579,0.100000,0.020000,1,0.402132
20.667065,23.731113,0.549578,21.206558,-30.182884,17.267689,1033.551514,-1669.157837,1356.859619,0.740409,-0.133283,0.658810,0.100000,0.020000,1,0.108629
20.902956,23.489883,0.895426,63.032509,-183.282379,140.306259,3999.376709,-12984.990234,11554.979492,0.937052,0.085360,0.338595,0.100000,0.020000,1,0.980775
20.474642,24.171822,-0.415292,-57.764595,49.200226,-77.278397,-4468.003906,5432.103027,-4382.380371,0.654162,-0.218440,-0.724124,0.100000,0.020000,1,0.948442
21.106777,24.197378,-0.131582,77.628265,41.940567,36.721046,5741.421387,4087.132080,2709.391357,0.944827,0.118047,-0.305560,0.100000,0.020000,1,0.197815
20.554012,23.496698,-0.495588,-131.844498,-124.831291,-20.318031,-5947.871094,-3338.762939,-953.021851,0.776609,-0.053769,-0.627684,0.100000,0.020000,1,0.564062
22.725943,22.605162,0.430821,750.136963,-419.723694,224.057098,25890.298828,-11259.161133,10308.495117,0.962711,0.132658,0.235772,0.100000,0.020000,1,0.045120
21.795689,24.248953,-0.341024,327.809052,188.493774,-234.316513,10487.679688,5008.504395,-723.969727,0.975709,0.204463,-0.078654,0.100000,0.020000,1,0.336933
20.759020,23.969402,-0.390308,-290.011658,179.583298,-141.354782,-18592.982422,11990.231445,-8915.786133,0.845035,0.057941,-0.531563,0.100000,0.020000,1,0.257961
21.459909,24.256565,0.024565,170.503418,23.691093,-20.325386,12986.587891,2848.480713,-1529.442139,0.967447,0.226283,0.113325,0.100000,0.020000,1,0.723662
20.681461,23.882454,-0.239978,-1.339603,127.804657,108.787872,-1129.437012,7838.614746,5774.495605,0.972185,0.232409,0.029025,0.100000,0.020000,1,0.455498
20.710484,23.848450,0.320744,-37.040878,18.101734,119.775208,-2548.178467,1547.873657,6904.959961,0.761277,-0.029316,0.647764,0.100000,0.020000,1,0.595434
20.869473,23.923120,0.280431,42.908546,77.284363,-21.887211,2925.107910,5294.762207,-1911.041870,0.830628,0.071340,0.552240,0.100000,0.020000,1,0.672805
20.739468,24.085117,0.673728,7.910022,0.694702,71.440216,-8.752026,906.303345,5956.580078,0.883561,0.148632,0.444104,0.100000,0.020000,1,0.475962
20.597906,23.791609,0.788652,149.044678,-70.981094,237.995728,8278.464844,-4875.443848,19619.302734,0.892379,0.159102,-0.422311,0.100000,0.020000,1,0.497511
21.556316,24.392157,-0.418441,230.835724,67.523720,-189.224976,7345.934570,3105.357910,-4887.770508,0.941887,0.236783,0.238293,0.100000,0.020000,1,0.204968
20.558512,23.889500,0.670358,30.759884,-354.945923,-294.875000,1544.566162,-21348.000000,-18133.812500,0.628627,-0.191253,0.753823,0.100000,0.020000,1,0.025706
20.812679,24.195761,-0.717621,48.609268,60.033615,-34.569206,3528.221924,5842.875000,-2965.236084,0.688034,-0.097004,-0.719166,0.100000,0.020000,1,0.562639
20.711218,23.780430,-0.407734,57.058250,-53.864185,10.544048,391.426392,-1079.513184,-632.773560,0.846231,0.158724,-0.508625,0.100000,0.020000,1,0.999548
20.829741,24.097580,-0.131878,-255.284760,68.644669,-320.931885,-16352.448242,4868.765137,-19843.046875,0.910026,0.271369,-0.313387,0.100000,0.020000,1,0.304920
20.452206,24.308762,0.469373,177.327179,171.380219,160.104340,9834.416016,12794.984375,13993.417969,0.775974,0.083987,-0.625148,0.100000,0.020000,1,0.590968
20.848129,24.090927,0.113323,-165.724457,41.885086,177.943298,-10588.455078,3152.421143,10645.974609,0.899206,0.270493,0.343893,0.100000,0.020000,1,0.143399
20.852755,24.218744,-0.064005,-78.079849,-63.222755,-32.808441,-5148.204102,-3210.787598,-2036.131592,0.929150,0.356450,-0.098099,0.100000,0.020000,1,0.798754
19.685513,23.634756,0.012508,-162.241562,-201.612793,-154.628891,1598.839844,-9537.865234,-8210.414062,0.930967,0.364447,0.021879,0.100000,0.020000,1,0.191533
20.726133,24.071291,0.431903,-15.280308,-18.298349,-24.176342,-1330.936157,-473.389313,-1399.564819,0.818212,0.183688,0.544782,0.100000,0.020000,1,0.544559
20.871174,24.380238,-0.801973,23.713249,48.803650,-164.311737,1359.765869,4679.997070,-13120.646484,0.930334,0.310276,-0.195470,0.100000,0.020000,1,0.143720
20.655262,24.132336,-0.338964,37.573330,-5.396148,-21.379959,1528.132935,271.600128,-1532.661499,0.869039,0.290709,-0.400325,0.100000,0.020000,1,0.978764
20.150467,23.936237,0.372149,-146.720673,-74.578491,34.047791,-12346.899414,-5128.238281,3036.273682,0.906844,0.361412,0.216829,0.100000,0.020000,1,0.672342
20.555599,23.412010,0.055732,-468.414856,157.799530,-410.419250,-30963.873047,7338.685547,-25038.498047,0.908036,0.364759,-0.205966,0.100000,0.020000,1,0.746812
22.810606,23.290436,-0.690291,687.395020,-359.804321,-327.438293,21280.123047,-12621.242188,-10102.922852,0.841877,0.291402,0.454233,0.100000,0.020000,1,0.234205
20.649303,24.203554,0.096282,-26.111134,-27.176243,-12.784050,-2664.833252,-1135.807617,-768.740540,0.909353,0.398881,0.118198,0.100000,0.020000,1,0.271235
20.475391,23.984182,0.536330,64.609993,-6.782583,69.162766,2934.724609,136.645416,4547.819824,0.737193,0.099408,0.668330,0.100000,0.020000,1,0.591804
21.001480,23.509291,0.102292,134.393585,-202.752106,80.565018,9068.872070,-15079.143555,6480.542480,0.868572,0.383299,-0.314109,0.100000,0.020000,1,0.392897
20.582186,24.347834,0.563276,-53.510597,80.385246,77.049377,160.340088,1889.232422,6116.731445,0.864852,0.383769,0.323655,0.100000,0.020000,1,0.458398
20.353315,23.440792,-0.798768,14.559622,-36.818184,-36.770256,-550.442871,-3775.705566,-3411.552490,0.683864,0.014653,-0.729462,0.100000,0.020000,1,0.345866
19.993114,23.633190,-0.659166,217.654755,-88.307037,206.549774,10486.208008,-6841.161133,12172.394531,0.759327,0.217541,-0.613269,0.100000,0.020000,1,0.781352
20.313467,24.456543,-0.780539,9.611378,84.403091,-64.758522,-1434.599731,7205.789551,-5745.171387,0.793819,0.314189,-0.520708,0.100000,0.020000,1,0.752240
20.706049,24.273031,-0.017323,14.800570,-116.336502,10.023930,288.486206,-6815.191406,800.186768,0.859669,0.504884,-0.077853,0.100000,0.020000,1,0.712148
21.218063,24.220556,0.313395,196.654846,49.730560,-54.059692,14350.797852,4387.351562,-4091.522217,0.737957,0.196682,0.645551,0.100000,0.020000,1,0.206000
20.635859,24.097670,0.529893,18.860313,-102.607376,78.255081,326.658539,-6683.797363,6482.075195,0.835678,0.504075,0.218063,0.100000,0.020000,1,0.557977
20.600597,24.247459,-0.244111,-361.675415,232.779510,616.818909,-23838.871094,15074.985352,38511.812500,0.834423,0.515831,-0.194054,0.100000,0.020000,1,0.480072
20.439110,24.352171,0.036733,448.147705,-251.944000,-480.539246,26562.431641,-15132.247070,-30252.769531,0.846293,0.532171,0.024108,0.100000,0.020000,1,0.409677
20.670418,25.097151,-0.724341,9.952816,221.853760,-110.637741,55.865734,18180.751953,-8697.502930,0.793203,0.434977,-0.426174,0.100000,0.020000,1,0.717576
20.850901,24.275261,0.654519,76.992111,44.724777,9.693497,5536.703613,4867.240234,1040.104736,0.662730,0.010493,0.748785,0.100000,0.020000,1,0.647376
20.625875,23.970995,-0.571637,12.908087,-14.405767,-5.380831,444.009369,-485.934540,-530.223450,0.689613,0.123874,-0.713505,0.100000,0.020000,1,0.901767
20.504650,24.202032,0.479286,-37.671371,-21.339439,-224.796600,-3578.660645,-920.391296,-13606.255859,0.772541,0.436806,0.460848,0.100000,0.020000,1,0.551980
20.126278,24.076267,0.070173,-69.841141,49.607277,73.402863,-7264.329590,2758.087891,5896.328125,0.790359,0.525588,-0.314787,0.100000,0.020000,1,0.721776
20.706354,24.307716,-0.474478,-158.187347,376.926025,303.598755,-10255.778320,24682.060547,18755.574219,0.745304,0.428000,-0.511213,0.100000,0.020000,1,0.360884
20.601175,24.072437,-0.451347,35.243713,124.604126,-62.199471,1654.904907,8134.065430,-3857.294434,0.708053,0.309894,-0.634529,0.100000,0.020000,1,0.916216
20.608871,24.679523,0.131851,9.477512,67.154373,20.361549,-196.435150,6026.759277,1765.442139,0.768713,0.639181,0.022978,0.100000,0.020000,1,0.666381
20.510647,23.957403,0.491542,2.901960,36.346077,-49.854530,-798.004822,1726.337036,-2820.520996,0.711204,0.423898,0.560803,0.100000,0.020000,1,0.349140
20.513796,24.278172,-0.107997,188.270203,185.666931,358.752991,10804.490234,12158.959961,23462.378906,0.739681,0.532200,-0.411868,0.100000,0.020000,1,0.162742
21.664782,23.933580,-0.909211,133.945587,72.622864,-208.190750,-2449.719727,8191.040527,-1807.659180,0.727266,0.524148,0.443118,0.100000,0.020000,1,0.576109
20.785238,24.538994,0.100900,44.741989,13.060432,27.355705,2807.989502,1990.357910,2434.479004,0.754795,0.649354,-0.092866,0.100000,0.020000,1,0.495376
19.875759,24.721775,0.255827,-233.788910,93.058640,117.000366,-8958.746094,3495.565186,5336.835938,0.744698,0.656966,0.117566,0.100000,0.020000,1,0.812706
20.517315,23.995461,0.618665,31.511459,-15.409155,-33.823635,1279.887817,-388.813477,-1858.258057,0.654137,0.102954,0.749336,0.100000,0.020000,1,0.693713
20.487431,24.394083,0.188683,118.085373,38.271973,-34.316574,6307.785156,3950.126221,-3176.766602,0.738498,0.337042,0.583972,0.100000,0.020000,1,0.003605
21.141447,25.294922,0.473514,205.668671,274.791412,49.024803,14752.488281,22712.443359,3033.266113,0.681597,0.311442,0.662140,0.100000,0.020000,1,0.723342
20.549612,24.640007,-0.615788,61.176788,188.196991,-145.099365,2764.079346,13630.603516,-12149.179688,0.788936,0.599380,0.135368,0.100000,0.020000,1,0.015599
18.966801,23.713623,1.395840,-10.202797,79.906075,239.431717,-3443.000977,-15276.940430,8531.595703,0.727367,0.640060,0.247507,0.100000,0.020000,1,0.158293
18.048765,25.762415,-0.638168,-657.211853,529.971924,-98.190758,-23788.357422,19283.425781,-3014.812256,0.711377,0.632851,-0.305685,0.100000,0.020000,1,0.862192
20.445101,24.551392,0.285587,-67.920349,-110.879410,-3.084816,-5636.449219,-5825.061523,1580.173584,0.725776,0.661538,-0.188722,0.100000,0.020000,1,0.119252
20.666012,24.350430,0.019488,-231.002655,137.504486,100.242035,-15016.215820,9262.685547,5331.279785,0.733844,0.582372,0.349737,0.100000,0.020000,1,0.036507
20.719488,24.373253,-0.293465,46.064583,8.743652,17.526062,2924.822998,1389.702515,1512.970215,0.664321,0.526981,-0.530064,0.100000,0.020000,1,0.490197
20.640944,24.403681,0.191187,-484.146362,158.875122,325.278900,-30921.781250,10586.954102,20280.777344,0.672125,0.657338,0.340815,0.100000,0.020000,1,0.830838
19.711899,23.472044,-0.016302,590.235107,-283.619141,264.476501,32997.027344,-21483.642578,16883.400391,0.671619,0.736164,-0.083602,0.100000,0.020000,1,0.635792
20.865513,22.645128,-1.588693,148.743134,-371.747955,-257.670105,5003.595703,-8487.186523,-6252.448242,0.645675,0.437621,-0.625773,0.100000,0.020000,1,0.660580
19.805014,24.083958,0.410490,-175.396378,9.928429,-41.400063,-5263.387695,3325.389648,-2245.543213,0.648375,0.541605,0.535046,0.100000,0.020000,1,0.420461
20.590693,24.556389,0.292668,-375.202789,-336.561829,109.920647,-24167.210938,-19963.640625,6827.840820,0.645869,0.628906,0.432816,0.100000,0.020000,1,0.608566
20.655542,24.735609,-0.561999,38.010590,69.202484,-62.742371,2172.624023,6370.610840,-5033.730957,0.649611,0.637729,-0.413893,0.100000,0.020000,1,0.242391
19.567909,23.683994,0.052503,844.854858,-391.588562,-208.747269,48523.566406,-27453.443359,-13328.585938,0.652810,0.747853,0.120649,0.100000,0.020000,1,0.994762
20.067089,24.956354,-0.187273,-73.548691,121.796875,-4.429905,-7282.243652,10255.409180,-424.278046,0.627560,0.750529,-0.207063,0.100000,0.020000,1,0.982679
20.528854,24.412594,-0.058365,362.732605,-373.166992,31.993938,22151.144531,-23319.832031,1736.537476,0.637349,0.770471,0.012671,0.100000,0.020000,1,0.709942
20.230339,24.204292,-0.397058,-43.549210,9.971218,19.204449,-4625.402344,1767.841797,1842.596313,0.637394,0.203503,-0.743180,0.100000,0.020000,1,0.108807
21.956163,23.762123,-0.097820,451.086090,-116.899582,-148.553802,13162.523438,-3382.630371,-4139.686035,0.618132,0.430945,0.657419,0.100000,0.020000,1,0.412186
20.240778,24.223051,0.532616,13.774517,25.957172,52.534500,-1000.728027,1110.640137,4870.349121,0.612990,0.759440,0.217933,0.100000,0.020000,1,0.340349
20.728333,23.990959,-2.095969,73.183121,-86.850449,-463.783875,4882.876953,-6235.093750,-36155.000000,0.597845,0.520480,-0.609658,0.100000,0.020000,1,0.283104
20.257780,23.562609,0.281842,-62.085819,-254.065918,193.333588,-2077.346436,-7935.746094,7186.195312,0.591918,0.625838,-0.507898,0.100000,0.020000,1,0.694461
20.438791,24.582890,-0.196656,223.820587,-298.353363,12.158379,13179.328125,-17849.066406,868.267822,0.583132,0.755166,-0.299467,0.100000,0.020000,1,0.163311
21.195719,24.160337,-1.719552,150.105011,19.241806,-306.203552,11704.411133,1843.212524,-24255.621094,0.607720,0.305781,-0.732922,0.100000,0.020000,1,0.994441
20.511251,24.457722,-0.281100,91.830444,37.138557,91.140053,4383.928711,2142.445312,4892.179688,0.555510,0.723365,-0.410062,0.100000,0.020000,1,0.795516
20.484076,24.532568,0.473603,-10.731983,-106.047989,-205.447601,-1354.947754,-5930.733887,-12044.291016,0.556957,0.756599,0.342573,0.100000,0.020000,1,0.982359
20.155113,23.917347,-0.136837,-81.309219,-147.067429,-83.440598,-7160.770508,-11331.284180,-5524.358887,0.544392,0.832604,-0.102017,0.100000,0.020000,1,0.795640
20.259138,23.946520,0.525139,31.394646,-205.242096,-46.145119,416.090363,-14243.082031,-2415.301514,0.548687,0.628898,0.550844,0.100000,0.020000,1,0.699372
21.221867,25.222000,-0.328715,206.915588,166.781982,-51.103561,15554.868164,13929.152344,-4034.338135,0.523736,0.831905,-0.183398,0.100000,0.020000,1,0.588548
20.365322,24.835674,0.066257,12.129322,46.575912,11.838749,-303.480835,4651.305176,960.849976,0.517018,0.855728,0.020547,0.100000,0.020000,1,0.615008
21.536489,25.458107,-0.513439,371.655762,287.303162,-89.683540,10374.492188,8631.849609,-676.950073,0.495764,0.819911,-0.286293,0.100000,0.020000,1,0.932658
20.897970,24.777140,0.316846,108.580627,41.529434,46.265610,8037.892090,4101.404297,3839.815430,0.508579,0.850942,0.131319,0.100000,0.020000,1,0.265345
20.055681,24.025995,-0.053512,210.419434,-37.276810,183.330658,10981.170898,-3973.956299,10664.357422,0.498226,0.838143,0.222007,0.100000,0.020000,1,0.647020
20.433319,24.180939,0.375489,-151.369995,170.874420,235.537567,-10353.767578,10817.390625,14406.013672,0.543506,0.519877,0.659036,0.100000,0.020000,1,0.433539
20.387638,24.505053,0.298604,8.074200,-18.621723,48.215088,-372.412476,-502.702972,2909.380371,0.494308,0.744644,0.448515,0.100000,0.020000,1,0.336274
20.161324,24.475468,-0.422046,290.777466,-568.141602,225.478058,16590.158203,-35237.683594,14027.936523,0.475533,0.719526,-0.506113,0.100000,0.020000,1,0.721366
19.222616,24.497923,0.247011,-165.254517,23.089748,-1.936617,-16070.561523,1859.430664,-171.187988,0.453963,0.819002,0.350931,0.100000,0.020000,1,0.319565
20.889580,24.483362,1.129399,122.233826,98.909195,209.155838,2691.306885,5616.017090,563.156250,0.612914,0.208771,0.762070,0.100000,0.020000,1,0.030920
20.186155,24.204823,0.421054,-98.890045,35.566513,8.964177,-8146.672852,3073.460938,-5.900134,0.581096,0.299595,0.756684,0.100000,0.020000,1,0.886019
20.775404,24.360558,-0.086803,116.017212,-68.890350,-32.456066,7870.249512,-5047.855469,-1062.626221,0.383810,0.915992,0.116828,0.100000,0.020000,1,0.314458
20.754580,24.399187,-0.055525,-236.402817,158.927856,266.608643,-13922.130859,9675.082031,16874.205078,0.371237,0.924153,-0.090137,0.100000,0.020000,1,0.559436
20.198168,24.044367,-0.543583,-102.323303,-52.786499,6.530883,-8012.783203,-4206.967285,83.602676,0.464037,0.622058,-0.630646,0.100000,0.020000,1,0.202050
20.396477,24.439383,0.426458,-3.846329,25.806183,-51.222244,-859.770142,2106.079590,-3165.975342,0.423352,0.714799,0.556629,0.100000,0.020000,1,0.183402
20.447027,24.697348,0.390129,33.412926,-88.730423,-222.523041,1781.806519,-4322.706543,-13805.892578,0.392614,0.801367,0.451293,0.100000,0.020000,1,0.518330
21.274805,23.397848,1.173697,282.819244,-73.401627,260.911743,20993.277344,-8862.740234,22635.443359,0.387978,0.825692,-0.409518,0.100000,0.020000,1,0.138274
20.292931,24.662085,0.324564,-174.060181,-222.966370,-400.904968,-11855.339844,-13277.595703,-24672.841797,0.352989,0.905657,0.234914,0.100000,0.020000,1,0.707237
19.974892,24.524897,-0.221672,-386.907654,-191.707794,-243.506439,-26633.707031,-11967.923828,-16302.857422,0.355638,0.934622,0.002012,0.100000,0.020000,1,0.508970
20.486008,24.146793,-0.536642,-10.436485,143.123184,47.507080,-1192.326294,9294.321289,3043.567627,0.536769,0.400780,-0.742465,0.100000,0.020000,1,0.157065
20.334263,23.849878,-0.550828,-440.202118,76.619804,-18.849991,-28818.751953,3523.133789,-1293.569824,0.486951,0.503831,-0.713466,0.100000,0.020000,1,0.934741
20.476757,24.421425,0.887285,37.827644,7.783066,123.180359,2040.789551,1282.657715,9428.722656,0.452258,0.592294,0.666821,0.100000,0.020000,1,0.665563
20.043419,23.944401,-0.667839,17.353973,17.198471,287.316711,-905.050720,-409.480621,17238.085938,0.396093,0.682255,-0.614523,0.100000,0.020000,1,0.780159
19.334829,24.598143,0.123340,-255.606018,137.853088,121.999542,-20854.640625,8927.121094,9027.176758,0.309226,0.896957,-0.315987,0.100000,0.020000,1,0.411136
20.317854,23.055958,0.814382,23.760904,-423.941528,157.330566,-26.895020,-13667.887695,4280.925781,0.305009,0.891665,0.334519,0.100000,0.020000,1,0.770283
19.631508,24.512012,0.507919,-129.725464,-61.529457,152.360092,-12051.968750,3868.154785,2163.851562,0.270679,0.962618,0.010010,0.100000,0.020000,1,0.414037
20.158121,24.458799,-0.583537,22.174877,-87.340927,129.027573,63.170208,-5199.729980,7311.168945,0.330262,0.787019,-0.521083,0.100000,0.020000,1,0.078004
19.358612,23.864029,0.976769,-59.324219,78.831741,261.807831,-7951.816406,3834.490479,21437.173828,0.294022,0.858669,-0.419808,0.100000,0.020000,1,0.896518
19.912582,24.508183,0.896635,-400.422119,247.667435,343.056946,-12731.430664,10994.699219,9204.067383,0.244994,0.964579,-0.097802,0.100000,0.020000,1,0.431190
20.256012,24.466827,0.523792,84.548462,-110.234100,-213.777069,4447.507324,-6548.499023,-13022.485352,0.319414,0.766270,0.557499,0.100000,0.020000,1,0.625792
20.281195,24.704317,-0.167673,195.201111,-641.732300,316.076172,11577.607422,-39630.480469,19885.765625,0.295633,0.932767,-0.206269,0.100000,0.020000,1,0.028162
20.354368,24.263363,0.211909,-42.485405,-153.134109,269.112152,-2893.343750,-10700.312500,17191.542969,0.222240,0.949638,0.220899,0.100000,0.020000,1,0.720263
20.150599,24.628279,-0.084171,-106.723114,-299.744812,-125.425507,-7787.755859,-18492.742188,-8618.594727,0.217153,0.969508,0.113568,0.100000,0.020000,1,0.939759
19.832212,25.201159,0.071071,-164.059738,301.830688,193.574158,-2655.160156,6803.501465,4514.046387,0.418097,0.565621,-0.710822,0.100000,0.020000,1,0.814823
20.218136,24.354650,0.484106,6.157557,-66.268280,-43.813946,-741.554810,-3938.551270,-2751.761475,0.352037,0.671388,0.652156,0.100000,0.020000,1,0.268655
20.056971,24.539450,0.080818,216.242310,91.959717,257.846680,12317.735352,5980.560059,15625.158203,0.184341,0.929069,0.320701,0.100000,0.020000,1,0.788861
20.313400,24.275988,-0.391042,57.689774,61.163170,132.732361,3414.636475,2907.231201,7674.642090,0.173170,0.937429,-0.302057,0.100000,0.020000,1,0.280115
20.483654,24.250746,0.679542,12.402602,3.303864,13.963776,302.534943,960.176208,1361.951660,0.517881,0.381349,0.765750,0.100000,0.020000,1,0.248209
21.314693,22.358067,1.186685,423.559235,-187.161102,127.687637,7669.385742,-16501.996094,3745.573242,0.460174,0.468385,0.754225,0.100000,0.020000,1,0.995349
18.818363,24.656126,0.114871,-445.022217,57.257980,175.749771,-9022.090820,656.363525,3369.444824,0.286026,0.737042,-0.612339,0.100000,0.020000,1,0.388804
20.486832,24.665043,-0.147958,-81.237152,10.641977,-454.394897,-7443.429688,352.161407,-21875.828125,0.221224,0.867046,0.446420,0.100000,0.020000,1,0.005136
19.377232,24.690235,-0.281714,-167.607880,12.497898,-46.038132,-14542.432617,1378.817993,-4116.502441,0.113239,0.993509,0.010801,0.100000,0.020000,1,0.867530
20.130051,24.555193,0.121055,-21.447792,70.648209,-5.660734,-2075.205566,4487.014648,-178.922180,0.082888,0.990874,0.106297,0.100000,0.020000,1,0.941680
20.790155,23.978729,-1.557067,183.319244,-181.690750,-325.159912,9252.208984,-470.109863,-15003.218750,0.196329,0.824115,-0.531309,0.100000,0.020000,1,0.198989
20.190012,24.125484,0.399678,14.392240,-31.519524,62.041092,332.490967,-3447.214355,4260.541992,0.122792,0.894288,0.430315,0.100000,0.020000,1,0.760603
19.820684,25.279577,-1.017115,0.262871,200.294189,-216.370483,-1958.038940,15684.313477,-17658.468750,0.070015,0.994255,-0.080968,0.100000,0.020000,1,0.214417
18.839842,23.861702,0.121826,-463.273010,-95.943375,-184.019043,-17634.941406,-2219.294922,-8565.488281,0.063087,0.974284,0.216313,0.100000,0.020000,1,0.184861
19.952690,24.598373,-0.175425,258.379028,-52.851768,-39.076279,14921.094727,-3092.651855,-2585.382568,0.059883,0.978093,-0.199367,0.100000,0.020000,1,0.993445
20.197540,24.480221,0.441874,20.239164,-16.635454,-52.897087,557.125977,-749.299561,-3206.804443,0.184499,0.810119,0.556478,0.100000,0.020000,1,0.372931
20.204508,24.346596,0.620757,64.524460,175.688202,75.211800,3244.358398,11110.563477,5343.291992,0.233951,0.724297,0.648584,0.100000,0.020000,1,0.129306
20.419779,24.958385,-0.838660,89.310562,139.456985,-106.709961,5880.433105,11211.815430,-8367.416016,0.175731,0.774319,-0.607905,0.100000,0.020000,1,0.878385
20.413500,24.589617,-0.833469,101.220749,-10.142629,-176.758087,6773.848145,-401.563507,-13986.841797,0.109229,0.971138,-0.212039,0.100000,0.020000,1,0.116138
18.961021,24.062834,-0.086193,-167.723511,128.026215,-171.241302,-17681.566406,8922.748047,-13754.149414,0.378285,0.536873,0.754101,0.100000,0.020000,1,0.615097
20.340849,24.407671,-0.848761,-313.126617,90.661934,241.352844,-20234.060547,6373.185547,13936.985352,0.308733,0.609561,-0.730150,0.100000,0.020000,1,0.553635
18.219212,24.617645,-0.172442,-324.485229,231.023132,33.152557,-29210.400391,15174.070312,2714.690918,0.096177,0.894884,-0.435812,0.100000,0.020000,1,0.067470
20.412720,24.975405,-0.097823,88.220566,75.793396,25.378609,6243.946289,6691.315430,2180.570312,0.016866,0.947097,-0.320504,0.100000,0.020000,1,0.489930
20.022509,24.856747,0.007839,4.454929,62.090347,-56.599640,-643.017944,5352.692871,-4595.882812,0.007444,0.939392,0.342764,0.100000,0.020000,1,0.998676
19.852543,24.783836,-0.001075,-6.747005,29.702271,-2.449248,-1886.299316,2806.633301,-217.150299,-0.052041,0.998467,0.018844,0.100000,0.020000,1,0.772597
20.250690,25.409712,-0.073283,106.341980,192.575989,-26.396423,6959.109863,15726.527344,-2356.935059,-0.065331,0.990027,0.124810,0.100000,0.020000,1,0.528117
20.423775,24.289164,-0.285580,349.500549,-382.836029,536.535217,23086.818359,-25288.775391,32940.316406,-0.083417,0.992733,-0.086738,0.100000,0.020000,1,0.086172
20.367674,24.320576,-0.210906,-127.995270,-71.769150,-183.007782,-8191.563965,-4450.048828,-10255.440430,0.226553,0.670184,-0.706772,0.100000,0.020000,1,0.455925
20.237095,24.389791,0.481455,-205.712891,-12.989029,12.779718,-13368.646484,-743.803589,850.715271,0.133207,0.757800,0.638744,0.100000,0.020000,1,0.884773
20.131992,24.687569,-0.478810,219.968933,208.777069,-188.362000,13296.066406,14236.670898,-15571.784180,0.053121,0.836282,0.545719,0.100000,0.020000,1,0.665722
19.637077,24.452946,0.349097,-8.571190,27.398327,-0.554466,-2987.730469,1581.243652,107.193245,-0.018423,0.903894,0.427360,0.100000,0.020000,1,0.928779
19.187140,24.830280,-1.442052,-204.039856,48.236771,-323.425659,-16989.572266,4235.427734,-25820.279297,-0.092275,0.975130,-0.201510,0.100000,0.020000,1,0.582658
20.088821,25.428307,-0.817199,34.917557,157.380905,-337.499390,3788.694824,337.294922,-9176.570312,0.286475,0.604011,0.743709,0.100000,0.020000,1,0.622571
20.162006,24.503294,-0.386957,-361.316711,26.345123,251.452820,-23013.099609,1860.910156,15825.603516,-0.030411,0.859732,-0.509840,0.100000,0.020000,1,0.286111
19.852310,24.390850,0.090249,-68.909058,-154.382202,-28.140373,-5561.588379,-10355.071289,-2147.069824,-0.129321,0.961424,0.242776,0.100000,0.020000,1,0.098255
20.348392,24.852362,-0.812402,249.246704,233.219513,-231.359131,14925.241211,15183.773438,-20589.066406,-0.127983,0.935669,0.328852,0.100000,0.020000,1,0.709728
20.093197,24.274963,-0.357631,-88.724197,-14.635052,143.322174,-6266.286621,-1452.860962,9434.783203,0.029002,0.791036,-0.611082,0.100000,0.020000,1,0.603317
19.814697,24.984570,-0.038886,-9.016830,131.090912,42.801437,-1922.763306,10218.715820,3527.970703,-0.132748,0.937748,-0.320947,0.100000,0.020000,1,0.209310
18.893629,23.755869,-1.292758,-33.228973,100.089386,-285.404419,-10058.370117,-11390.419922,-10227.657227,-0.217322,0.976094,0.003519,0.100000,0.020000,1,0.192779
20.652725,25.130749,-0.427120,201.044434,137.478668,-52.768089,5204.084473,8552.435547,-2360.070068,-0.057248,0.903077,-0.425646,0.100000,0.020000,1,0.080495
20.162312,24.131817,0.499996,99.982819,-46.892815,160.079376,4168.446289,-11.304199,8089.700195,-0.069526,0.838614,0.540271,0.100000,0.020000,1,0.889418
21.045193,24.553120,-0.401678,317.590027,20.650887,-29.291168,23912.470703,1553.926147,-2281.772705,-0.155106,0.901368,-0.404325,0.100000,0.020000,1,0.531213
20.266203,25.015694,0.424316,109.252853,89.794693,76.360397,7747.545410,7636.096191,6238.953125,-0.236213,0.964878,0.114953,0.100000,0.020000,1,0.868100
19.958570,24.536331,-0.001538,-80.181824,334.614075,295.403076,-5487.824707,21075.406250,18873.068359,-0.238809,0.968106,-0.075768,0.100000,0.020000,1,0.584081
20.067766,24.504620,0.540633,13.426043,6.496168,7.170847,107.338463,934.547180,712.360168,0.020739,0.760499,0.649008,0.100000,0.020000,1,0.482314
20.092867,24.221796,0.606076,196.421646,174.161926,-183.745667,11241.362305,10754.181641,-11359.563477,0.195442,0.638220,0.744633,0.100000,0.020000,1,0.211784
19.840733,24.604914,0.377318,332.150726,-140.826965,-428.182068,19837.576172,-8347.293945,-26841.267578,-0.166082,0.876704,0.451450,0.100000,0.020000,1,0.113611
20.201313,23.926403,0.150632,127.480377,-46.312424,-30.596268,8665.755859,-5352.824707,-2288.911133,-0.245365,0.914953,0.320402,0.100000,0.020000,1,0.055263
19.802031,24.566809,-0.300461,31.123272,-91.839325,-5.949194,929.623169,-5556.446777,-670.275208,-0.250132,0.916608,-0.311872,0.100000,0.020000,1,0.928690
19.954117,24.864796,0.166101,32.796749,77.607010,72.956467,1718.710083,6309.636230,5961.910645,-0.266927,0.939404,-0.215104,0.100000,0.020000,1,0.194078
20.160690,24.438883,-0.634651,19.963030,10.688366,-15.623886,644.004883,972.468872,-1401.640991,0.104399,0.684234,-0.721751,0.100000,0.020000,1,0.178081
20.087328,24.616589,-0.511615,-167.429550,-490.526093,199.880829,-10930.469727,-30073.357422,12364.088867,-0.075658,0.787245,-0.611982,0.100000,0.020000,1,0.364336
19.963566,23.931601,0.742601,-24.886772,43.651817,-165.056763,-2999.903076,1183.148926,-9575.520508,0.107585,0.670965,0.733642,0.100000,0.020000,1,0.249793
19.815859,24.672361,-0.505369,-21.167839,24.700890,-22.963547,-2463.994141,2507.472900,-1977.380371,-0.196617,0.834871,-0.514133,0.100000,0.020000,1,0.720174
19.738895,24.727026,0.300050,191.684875,-516.459412,-273.433350,10927.495117,-31729.466797,-16735.861328,-0.291364,0.926768,0.237082,0.100000,0.020000,1,0.210911
20.612608,22.763414,-3.402355,429.717102,-185.799789,-929.280945,12509.283203,-27986.728516,-42756.414062,-0.374634,0.927000,0.017898,0.100000,0.020000,1,0.951022
20.356682,24.732883,0.549116,135.570282,64.670593,67.318665,9694.076172,5331.503418,4885.699219,-0.197073,0.819437,0.538225,0.100000,0.020000,1,0.359568
20.351473,24.386341,0.031398,127.082611,21.696136,162.161041,3127.506348,1766.960205,5877.601562,-0.281332,0.861038,-0.423634,0.100000,0.020000,1,0.153738
19.830576,24.067953,-0.841350,12.002056,-76.840240,-279.356506,-48.530510,-6515.466797,-22477.013672,-0.281259,0.857399,0.430999,0.100000,0.020000,1,0.860751
19.447960,24.654619,0.803916,-129.310669,91.528954,271.742767,-7063.648438,3304.968750,10126.604492,-0.377214,0.907998,-0.182343,0.100000,0.020000,1,0.387238
21.383024,24.564669,0.453960,530.915771,-4.646544,145.704330,14833.219727,-208.314270,4465.044434,-0.392532,0.916272,-0.079772,0.100000,0.020000,1,0.580451
19.706758,24.530464,0.095016,57.179131,-13.433411,-9.668020,2627.380371,-770.862000,-590.953369,-0.393957,0.910914,0.122614,0.100000,0.020000,1,0.939421
19.465307,23.831360,1.434367,-135.820389,-177.861725,252.638336,-4212.482910,-5287.410645,7197.860352,-0.090202,0.747113,0.658548,0.100000,0.020000,1,0.813969
20.593882,24.085890,0.656253,135.644287,41.999245,145.361450,11251.870117,975.879272,12812.325195,-0.380460,0.878034,-0.290355,0.100000,0.020000,1,0.675830
19.899437,24.010538,0.537436,27.853359,-34.870766,101.715881,1595.824341,-4234.222168,7985.422363,-0.397213,0.890720,0.220995,0.100000,0.020000,1,0.409623
19.684828,23.757875,1.270678,-65.115997,-158.793640,424.679810,-2729.905273,-6814.054688,19648.583984,-0.389912,0.862910,0.321487,0.100000,0.020000,1,0.675011
19.996706,23.843498,-0.138241,-21.682980,-141.728867,-45.391048,-1673.219482,-11261.352539,-1590.025879,-0.213951,0.769787,-0.601376,0.100000,0.020000,1,0.795623
19.792828,24.605860,0.083986,-252.800415,-77.699272,-382.047333,-16862.814453,-4137.405273,-25383.978516,-0.295879,0.797514,0.525763,0.100000,0.020000,1,0.497208
19.725687,24.378267,-0.383658,16.405462,7.013002,0.096744,-112.153725,229.006851,-42.038605,-0.308830,0.806125,-0.504763,0.100000,0.020000,1,0.619688
18.651337,24.960905,-0.870872,-319.558075,122.825775,-225.692200,-10377.660156,9557.619141,6119.070312,-0.390097,0.829464,-0.399767,0.100000,0.020000,1,0.770710
19.075686,25.133142,2.187070,-154.791840,167.683044,674.643372,-3643.032227,23376.085938,30172.037109,-0.494851,0.868972,0.003314,0.100000,0.020000,1,0.703714
20.056437,24.439421,-0.558343,15.617649,15.387638,42.910675,1774.399536,660.288818,4041.132812,-0.011994,0.690111,-0.723604,0.100000,0.020000,1,0.229970
19.671228,24.565063,-0.273859,0.737650,-146.632568,222.090210,-749.062622,-8844.133789,13504.480469,-0.496508,0.843570,-0.204621,0.100000,0.020000,1,0.527654
19.000319,24.348867,0.090622,-379.518341,-130.952026,48.868195,-19688.013672,-6918.788086,4070.221191,-0.502870,0.854221,0.132018,0.100000,0.020000,1,0.376259
18.397953,26.137777,-0.864467,-354.706055,425.304321,-213.055023,-28460.339844,33791.203125,-16793.501953,-0.511788,0.854721,-0.086743,0.100000,0.020000,1,0.884346
19.682022,23.953463,0.891521,43.357098,40.273907,57.836533,1135.866577,772.494263,5423.162598,-0.218128,0.741980,0.633944,0.100000,0.020000,1,0.694051
19.723959,24.366060,0.126522,134.002136,68.871246,61.891876,7630.254395,4094.339600,3068.524902,-0.412589,0.795576,0.443654,0.100000,0.020000,1,0.416652
18.079254,24.535780,-1.377378,-480.071228,28.801922,-468.674530,-15191.728516,534.193237,-12910.295898,-0.512450,0.825529,0.236424,0.100000,0.020000,1,0.594455
19.923243,24.861471,-0.591067,-8.588783,86.967484,-33.556519,-1484.696655,7688.111816,-2392.731934,-0.103224,0.693953,-0.712583,0.100000,0.020000,1,0.276307
19.591085,24.864767,0.263123,8.353949,98.976440,7.510498,-506.647125,8107.324219,510.175476,-0.523169,0.779196,0.345178,0.100000,0.020000,1,0.571750
20.207853,24.637117,-0.823947,174.682312,61.133476,-168.346008,12616.869141,4745.206055,-13128.743164,-0.538681,0.785248,-0.305301,0.100000,0.020000,1,0.896749
20.223389,24.824112,-0.259610,117.032623,116.093384,-15.945743,8680.313477,9160.213867,-474.505127,-0.419886,0.740453,-0.524809,0.100000,0.020000,1,0.987430
19.185532,24.877474,0.380190,-122.230804,113.531403,1.470230,-10974.507812,8870.298828,-3217.747070,-0.420216,0.735513,0.531450,0.100000,0.020000,1,0.668160
19.564821,24.301674,-0.129322,-15.574387,-45.627327,-753.335632,-2122.592773,-3253.738037,-46790.507812,-0.522014,0.741063,-0.422288,0.100000,0.020000,1,0.930559
19.508966,24.378456,0.067612,27.820431,-5.858593,7.384422,740.258911,-507.832977,372.103699,-0.637435,0.760749,0.122221,0.100000,0.020000,1,0.951592
21.389908,25.567242,0.145844,423.018646,398.619293,62.380390,9526.164062,13086.128906,2354.500488,-0.650152,0.759802,0.001743,0.100000,0.020000,1,0.428645
19.097273,24.149965,-0.062179,-120.459991,-64.828598,26.604492,-10298.170898,-5171.580566,1658.099243,-0.650389,0.755642,-0.077459,0.100000,0.020000,1,0.121921
19.804066,24.426929,-0.267898,-13.640160,48.056511,48.108047,-2623.146729,3157.587402,3833.788086,-0.006269,0.782897,-0.622119,0.100000,0.020000,1,0.126263
20.104589,24.491518,0.443542,-40.793510,-212.178070,160.167358,-3050.883301,-12615.580078,9649.916016,-0.007959,0.660353,0.750913,0.100000,0.020000,1,0.118771
19.688066,23.899967,0.345769,61.114029,-48.674088,130.906616,3610.319092,-3862.176758,9004.226562,-0.103999,0.664114,0.740362,0.100000,0.020000,1,0.478186
18.067511,24.377268,-1.539814,-279.861267,137.074066,-511.040466,-19556.742188,8479.666016,-23324.296875,-0.534330,0.718718,0.444898,0.100000,0.020000,1,0.338374
21.015762,24.508030,0.782725,388.457764,126.906418,134.283386,26405.439453,7392.105957,13513.631836,-0.221209,0.666636,-0.711803,0.100000,0.020000,1,0.834984
19.474354,23.667419,-0.160815,-178.138031,177.645615,422.675903,-11425.166992,7282.304199,21207.615234,-0.342060,0.692486,-0.635184,0.100000,0.020000,1,0.304636
19.638668,24.139940,0.578721,92.817932,64.312103,-29.941418,4417.104980,3254.404785,-1512.913940,-0.322599,0.675934,0.662603,0.100000,0.020000,1,0.034034
19.489342,24.001221,-0.792142,17.270458,28.607914,-46.688354,-635.965881,414.758240,-4397.605469,-0.430782,0.670871,-0.603621,0.100000,0.020000,1,0.453380
21.142124,24.917757,0.660728,478.082947,270.433228,153.898895,15462.799805,11242.067383,1141.147461,-0.529886,0.678259,-0.509102,0.100000,0.020000,1,0.579419
19.480228,24.273869,0.243673,-86.946548,138.947708,-210.932556,-6580.289062,8430.958984,-13331.792969,-0.646449,0.684879,0.336221,0.100000,0.020000,1,0.147083
19.307083,23.751226,-0.546108,-221.163635,198.617523,824.003235,-15740.676758,10006.535156,50685.968750,-0.657747,0.686294,-0.310434,0.100000,0.020000,1,0.663320
19.828295,24.222609,0.371153,86.728745,-19.424126,42.763817,5929.145508,-1823.812256,3519.685791,-0.676759,0.696965,0.237144,0.100000,0.020000,1,0.205876
19.370220,24.106554,0.025130,86.350433,-23.035667,-4.597508,4209.752930,-2457.974854,-201.083237,-0.744730,0.667345,0.005162,0.100000,0.020000,1,0.776956
18.698242,23.909613,0.271665,-396.601257,138.140594,-217.672791,-18226.816406,10748.636719,-15490.715820,-0.741853,0.663284,-0.098528,0.100000,0.020000,1,0.855181
19.250656,24.227398,0.120647,-62.205719,54.461594,78.695099,-5953.096680,3025.695801,6697.203613,-0.651844,0.645614,-0.397847,0.100000,0.020000,1,0.968568
19.864359,25.522682,-4.047068,-30.689091,631.642578,-1185.422607,-1112.058228,18073.832031,-63334.710938,-0.754853,0.644071,0.123975,0.100000,0.020000,1,0.435621
19.473076,24.434872,-0.206726,139.860718,-667.315430,-276.849335,8035.133301,-41657.148438,-17763.339844,-0.748441,0.636353,-0.186791,0.100000,0.020000,1,0.202068
20.725595,25.167707,1.302541,246.896729,233.411316,187.878754,19024.845703,18356.400391,15295.217773,-0.428006,0.626436,0.651451,0.100000,0.020000,1,0.518064
21.233795,24.176807,-1.232644,483.963196,-33.529327,-294.975739,24317.195312,-5507.906738,-13817.765625,-0.694479,0.684013,-0.223215,0.100000,0.020000,1,0.111315
19.560982,24.476175,0.216280,-69.120148,-270.371063,360.575287,-5098.119141,-16360.936523,22307.736328,-0.648513,0.621092,0.440085,0.100000,0.020000,1,0.969226
19.315767,24.130711,0.370889,-306.003510,186.214676,289.416443,-16943.109375,12417.634766,17081.230469,-0.752480,0.617787,0.228282,0.100000,0.020000,1,0.789537
19.091623,23.794970,0.559731,289.955750,-120.916824,-511.914215,15898.409180,-9705.930664,-30947.273438,-0.740274,0.593346,0.316124,0.100000,0.020000,1,0.910878
19.140791,23.986069,0.141816,275.899353,-133.223694,-361.846863,15236.477539,-9681.916992,-21313.191406,-0.746543,0.592222,-0.303226,0.100000,0.020000,1,0.371596
19.802061,24.006105,0.379589,-52.195023,75.855888,-102.288391,-4334.553711,3598.886963,-7166.279785,-0.229497,0.626053,0.745244,0.100000,0.020000,1,0.352716
19.839592,24.317984,-0.634777,-124.262024,-109.442886,159.731445,-8457.021484,-6760.297363,9671.057617,-0.314591,0.609730,-0.727504,0.100000,0.020000,1,0.186071
19.622784,24.118177,-0.545725,18.717556,29.132324,53.136108,355.206604,1211.903320,2979.978760,-0.533947,0.576161,-0.618820,0.100000,0.020000,1,0.909650
20.395365,24.237900,-0.303173,224.210632,17.481461,-57.626129,17475.304688,1055.236572,-4321.198242,-0.825276,0.532066,-0.189276,0.100000,0.020000,1,0.963087
19.343792,24.254042,0.277999,170.733551,-14.632402,-242.307373,9737.304688,-912.564636,-14529.378906,-0.835623,0.534014,0.128694,0.100000,0.020000,1,0.612125
20.204857,24.602644,-0.570577,186.907990,104.898865,-166.570557,14386.984375,8088.337402,-12979.149414,-0.845312,0.533632,0.026188,0.100000,0.020000,1,0.554631
20.525229,22.813866,1.611688,383.546326,-160.083557,308.788208,4132.833496,-18506.535156,10802.414062,-0.551489,0.604813,0.574509,0.100000,0.020000,1,0.010919
19.455418,24.261490,0.520673,207.312897,-109.392426,-252.291107,11907.817383,-6858.071289,-15406.254883,-0.643046,0.545093,0.537926,0.100000,0.020000,1,0.636219
19.448299,24.357067,0.199271,-28.052788,-58.934387,136.878204,-2654.554688,-3241.438477,10725.842773,-0.745420,0.528092,-0.406777,0.100000,0.020000,1,0.579988
19.290194,24.375280,-0.146761,92.192047,31.770370,-249.829895,4612.255859,2573.185059,-16145.081055,-0.852569,0.516889,-0.077143,0.100000,0.020000,1,0.128541
19.795986,24.509706,0.563774,332.128815,-203.293121,-159.652191,20873.943359,-11739.928711,-9695.586914,-0.536101,0.549541,0.640781,0.100000,0.020000,1,0.068413
19.528114,24.794437,-0.400754,34.032726,145.877991,-34.255936,1303.518799,11449.233398,-2249.335449,-0.653107,0.554887,-0.515317,0.100000,0.020000,1,0.035689
19.601032,24.343161,0.336455,-378.008118,-416.811371,65.221794,-24163.332031,-25847.865234,4124.127930,-0.726239,0.516196,0.454002,0.100000,0.020000,1,0.436600
18.835430,24.299105,0.808239,-148.589706,40.697800,172.154190,-6278.085938,1880.968262,6222.543457,-0.838179,0.497700,0.223049,0.100000,0.020000,1,0.129519
19.540133,24.186468,-0.482667,105.864990,47.212944,106.178024,5758.211914,2811.381836,6540.408691,-0.609140,0.516017,-0.602225,0.100000,0.020000,1,0.230201
20.458548,24.628122,-1.076745,273.852295,110.606224,-203.170044,19504.156250,6053.829590,-10273.197266,-0.712999,0.488879,-0.502623,0.100000,0.020000,1,0.616574
19.988199,23.863045,-0.203548,171.642380,-72.933578,-1.270630,6402.046875,-7018.764648,-4503.202148,-0.826553,0.468354,-0.312176,0.100000,0.020000,1,0.841746
19.748970,24.314980,0.571725,-13.122204,5.975858,4.308533,-1850.129761,589.266724,346.235229,-0.303565,0.585905,0.751374,0.100000,0.020000,1,0.387950
20.215557,23.702507,-0.368018,51.688019,-132.857330,60.291245,4542.923340,-10659.045898,4490.624023,-0.414138,0.554897,-0.721512,0.100000,0.020000,1,0.935986
19.387367,24.159084,0.155976,528.934204,-160.939041,12.338887,32494.902344,-10297.943359,362.913788,-0.819555,0.456314,0.346565,0.100000,0.020000,1,0.214773
19.575129,24.143894,-0.231259,28.426003,-193.951157,-60.997269,1978.311157,-12332.500977,-4876.875000,-0.909881,0.414409,0.019561,0.100000,0.020000,1,0.556553
18.658245,23.960934,0.527306,-311.827850,-147.143753,251.119186,-9783.473633,-7590.385254,8245.293945,-0.897060,0.396393,-0.195334,0.100000,0.020000,1,0.361062
19.460302,24.172287,-0.101257,-74.962997,-205.411896,115.700760,-5005.733887,-12869.892578,7154.505371,-0.915418,0.392517,-0.089107,0.100000,0.020000,1,0.177654
18.882256,23.769964,0.140399,-65.745247,-27.127666,27.545839,-2354.316895,-1250.930054,825.580139,-0.914458,0.384867,0.125074,0.100000,0.020000,1,0.373145
19.761570,24.349171,0.557280,14.401189,-118.559097,-9.224016,311.542023,-6999.272461,-508.787048,-0.419161,0.537030,0.732054,0.100000,0.020000,1,0.683517
19.674490,24.885706,-0.168926,-55.592957,221.868774,-123.566467,-3544.105713,16976.044922,-10204.640625,-0.708836,0.439782,0.551492,0.100000,0.020000,1,0.463558
19.669363,24.149073,-0.372939,25.073757,7.720490,-31.818649,1831.899536,434.372986,-2264.502930,-0.804988,0.416284,-0.422731,0.100000,0.020000,1,0.155321
19.833025,24.334324,-0.125273,36.763329,-354.827759,444.630157,3246.916992,-21624.208984,26173.845703,-0.801764,0.400010,0.444035,0.100000,0.020000,1,0.729391
19.617317,24.197258,0.546013,-10.634884,-24.019253,-43.094566,-1263.350342,-1464.706787,-2430.334717,-0.608507,0.460119,0.646537,0.100000,0.020000,1,0.979031
19.357975,23.487780,1.199786,-35.603374,58.087242,236.164200,1172.362305,3782.732422,4291.291504,-0.914879,0.328750,0.234352,0.100000,0.020000,1,0.763148
19.810818,24.559307,0.695054,162.020676,148.157364,184.447311,2079.811768,5636.516113,8498.535156,-0.957052,0.288275,0.030807,0.100000,0.020000,1,0.154094
19.631626,24.218300,-0.521559,151.067200,1.613345,-87.701248,8673.393555,204.071487,-5501.301270,-0.504329,0.478779,-0.718625,0.100000,0.020000,1,0.383928
19.549599,24.220554,-0.471648,-2.046690,-72.945404,16.828272,-720.027039,-4256.373047,951.309509,-0.694810,0.390813,-0.603742,0.100000,0.020000,1,0.085300
19.634134,23.929644,0.606526,-305.587280,100.392044,-232.050110,-19298.437500,5571.687500,-13770.223633,-0.765238,0.353435,0.538047,0.100000,0.020000,1,0.803541
19.445480,24.084190,-0.253299,-27.997826,27.028683,-197.250763,-2255.841064,1699.559082,-12271.657227,-0.861322,0.311117,-0.401658,0.100000,0.020000,1,0.517512
19.421885,24.088675,0.166145,23.276585,-71.621628,64.484009,976.242188,-4526.541504,3762.594482,-0.891674,0.314874,0.325225,0.100000,0.020000,1,0.250006
19.268312,23.847031,-0.344328,24.975981,-41.606438,111.129242,476.507446,-3614.714600,6513.825684,-0.902173,0.305538,-0.304517,0.100000,0.020000,1,0.007146
19.100822,23.727175,0.034103,52.252254,-2.614300,-133.194046,1688.194336,-1532.907593,-7970.801270,-0.960081,0.262941,-0.095423,0.100000,0.020000,1,0.647803
19.626728,24.178759,0.522938,160.135147,-166.897247,365.344604,9163.525391,-10590.198242,22988.304688,-0.484518,0.477680,0.732846,0.100000,0.020000,1,0.333801
19.376400,24.027205,-0.384858,33.391026,-10.064537,3.111732,1075.447998,-941.151978,208.109421,-0.781468,0.335897,-0.525814,0.100000,0.020000,1,0.275186
19.839064,23.210022,2.707648,229.743546,-121.083260,832.015930,4953.126953,-5465.906250,28919.863281,-0.949960,0.245182,-0.193552,0.100000,0.020000,1,0.678837
17.754524,24.590801,1.200904,-348.833252,255.117096,373.835144,-29237.382812,18440.087891,28206.757812,-0.963610,0.232111,0.132590,0.100000,0.020000,1,0.846070
20.623390,25.373055,0.485047,343.256042,363.309937,44.689270,26386.685547,28580.314453,4124.068848,-0.946845,0.219777,0.234909,0.100000,0.020000,1,0.773397
19.996363,23.473513,0.030048,68.534149,-42.304066,114.862885,-1060.564941,25.017334,7367.397461,-0.663231,0.359415,0.656464,0.100000,0.020000,1,0.706739
18.919781,24.994015,-1.621142,-238.846954,182.868042,-280.620605,-18130.060547,15377.869141,-22655.099609,-0.743272,0.306202,-0.594800,0.100000,0.020000,1,0.433610
19.405050,24.003881,0.325653,18.743073,-1.910768,-5.403586,524.574097,-284.597290,-358.928192,-0.857316,0.254454,0.447507,0.100000,0.020000,1,0.027734
19.962427,24.096222,-1.062621,188.322449,3.843403,-117.914856,13821.438477,643.970398,-10988.879883,-0.937481,0.191863,-0.290374,0.100000,0.020000,1,0.313817
19.690170,23.926727,-0.130093,50.548409,-34.012032,50.196976,3614.747803,-2577.094971,4220.082520,-0.821494,0.238840,-0.517788,0.100000,0.020000,1,0.396170
20.930441,23.828594,-1.002183,540.926636,-55.573284,-317.618347,16906.781250,-2314.122070,-8963.011719,-0.930423,0.175074,0.321966,0.100000,0.020000,1,0.130089
19.313204,23.950533,-0.012349,108.110550,-78.267242,88.596481,6243.836914,-4873.188965,5526.263184,-0.994939,0.100374,0.004677,0.100000,0.020000,1,0.898457
19.725634,23.805807,-0.055195,79.501205,-35.895020,4.685116,6148.174805,-2793.316650,364.529358,-0.990484,0.097436,-0.097197,0.100000,0.020000,1,0.674709
19.595232,24.148390,-0.568741,5.618456,5.473375,-5.567461,-510.716370,373.082947,-473.829773,-0.547164,0.406470,-0.731705,0.100000,0.020000,1,0.261234
20.664700,24.709864,-0.551882,297.939484,190.862122,0.677234,22665.187500,14606.027344,-100.845016,-0.624513,0.342394,-0.701961,0.100000,0.020000,1,0.897639
19.928972,23.435266,-2.045378,129.635071,-42.259674,-412.468689,9881.829102,-4878.104492,-33344.917969,-0.903999,0.146092,-0.401800,0.100000,0.020000,1,0.131708
19.397116,23.773676,-0.273855,49.332893,-23.014984,190.399475,2822.755859,-2083.711670,11509.359375,-0.974466,0.088612,-0.206311,0.100000,0.020000,1,0.628318
19.464619,23.979090,0.214925,-46.512794,9.059029,48.053818,-2962.930176,807.755127,3212.772705,-0.968585,0.086275,0.233235,0.100000,0.020000,1,0.794751
19.349825,23.760588,0.644762,-308.214355,-2.293697,67.721870,-17176.619141,-216.543060,336.869385,-0.990275,0.078299,0.115000,0.100000,0.020000,1,0.307892
19.437193,23.910501,0.140234,178.137024,37.273529,253.299774,10841.060547,2190.085449,15211.394531,-0.887715,0.127336,0.442435,0.100000,0.020000,1,0.683571
19.722872,23.687101,-0.407561,-497.696716,205.980988,313.950500,-30398.169922,12082.244141,18994.248047,-0.955977,0.066381,-0.285834,0.100000,0.020000,1,0.626040
19.655916,24.016266,-0.398944,23.790489,14.748718,5.524685,1687.190674,1074.932007,502.403107,-0.786971,0.177171,-0.591006,0.100000,0.020000,1,0.615666
18.921022,25.661743,0.114618,-132.832733,491.770264,174.524048,-6806.083984,29248.984375,-905.763672,-0.859694,0.122852,-0.495816,0.100000,0.020000,1,0.564347
19.486553,23.942965,0.502341,-2.301189,-43.423218,-60.660027,-507.182709,-2646.176758,-3412.175293,-0.832642,0.092038,0.546109,0.100000,0.020000,1,0.860128
19.678030,23.901257,0.112485,-74.165367,21.282307,20.787251,-4003.307373,1464.389771,472.064392,-0.904786,0.023219,0.425233,0.100000,0.020000,1,0.968034
19.901686,23.727303,-0.468912,55.017334,-38.723469,33.581291,5192.636719,-981.054871,-1297.146729,-0.914452,0.019137,-0.404241,0.100000,0.020000,1,0.565770
20.334291,23.835718,0.772057,241.488617,16.697077,167.944244,18763.533203,925.196899,12744.448242,-0.936121,0.013467,0.351420,0.100000,0.020000,1,0.334352
19.453913,23.935225,0.077093,31.885979,39.063759,-21.677074,1977.783936,2933.466553,-1759.702026,-0.971691,-0.046582,0.231618,0.100000,0.020000,1,0.383963
19.739841,23.618210,-0.008980,-287.940155,-66.670593,35.292564,-16952.095703,-5036.312500,1819.753418,-0.991101,-0.057129,0.120227,0.100000,0.020000,1,0.750282
18.962091,26.091492,-1.230291,-66.330750,684.328918,-346.107941,-10530.888672,23840.083984,-14751.875000,-0.993460,-0.058783,-0.097886,0.100000,0.020000,1,0.696062
19.846230,24.475660,-0.273121,101.355171,179.417282,-79.584503,5010.101074,7058.273438,-2065.654541,-0.997939,-0.061464,0.018458,0.100000,0.020000,1,0.224560
19.495613,23.667032,-0.046361,810.653564,-490.164978,1223.382446,50082.367188,-32632.253906,74762.507812,-0.603154,0.309728,0.735034,0.100000,0.020000,1,0.506675
19.191607,23.788877,0.644900,31.276485,44.077995,-1.653404,-33.863995,1840.116089,532.861816,-0.709207,0.225666,0.667907,0.100000,0.020000,1,0.071705
19.659969,23.962261,0.187102,-204.384796,-320.992126,-317.942780,-12819.220703,-20271.435547,-21277.078125,-0.747061,0.156922,0.645968,0.100000,0.020000,1,0.364496
19.062614,24.601892,0.060789,-87.069427,266.658020,99.014694,-7136.502930,20180.158203,7083.427246,-0.979099,-0.077362,-0.188097,0.100000,0.020000,1,0.178668
20.062963,24.539963,0.668426,115.287170,129.500732,25.519512,4113.145996,4290.262207,1393.619385,-0.533149,0.382688,0.754521,0.100000,0.020000,1,0.080940
19.610821,23.685795,-0.270916,60.642288,-69.006531,0.411193,4380.695801,-4825.589844,-154.970993,-0.947900,-0.078508,-0.308744,0.100000,0.020000,1,0.993783
18.617569,24.157335,-2.313133,-222.524292,146.764160,-689.627014,2116.752930,375.415039,-47507.152344,-0.945267,-0.079413,0.316486,0.100000,0.020000,1,0.948549
19.528736,23.780182,-0.520010,-49.634773,14.518824,111.879471,-3193.409180,663.993469,6430.908691,-0.865563,-0.016557,-0.500526,0.100000,0.020000,1,0.330918
19.588148,24.052177,-0.554637,20.971184,-108.089981,7.053409,784.226257,-6653.952637,365.374176,-0.648984,0.226221,-0.726390,0.100000,0.020000,1,0.672538
19.377720,23.920824,0.229637,312.871704,-103.968567,426.514893,18797.142578,-6749.546875,26069.199219,-0.793672,0.155037,0.588259,0.100000,0.020000,1,0.137972
19.411348,23.690130,-0.565456,-20.030235,-21.973209,-278.202148,-2119.632812,-2241.908447,-21866.998047,-0.773427,0.061740,0.630872,0.100000,0.020000,1,0.815214
19.523901,23.844559,-0.476792,12.177931,28.884865,69.290794,457.859680,1662.470215,4240.972656,-0.796004,0.044660,-0.603642,0.100000,0.020000,1,0.252071
19.104223,23.634281,-0.197321,119.557198,-65.432411,152.022003,5281.381836,-6110.839355,9512.836914,-0.964416,-0.184092,-0.189768,0.100000,0.020000,1,0.809520
19.570715,23.526522,0.458565,50.750885,-18.566536,62.647476,3697.433594,-1964.273071,5524.835938,-0.975356,-0.189946,0.112251,0.100000,0.020000,1,0.788291
18.981279,24.559679,-0.160296,-161.818054,132.570984,-193.480560,-13275.216797,10718.395508,-15129.305664,-0.652309,0.206564,0.729263,0.100000,0.020000,1,0.101439
19.393877,23.917694,0.505964,66.710732,9.759590,4.632843,3680.282715,1242.647827,1041.398560,-0.888975,-0.115364,0.443187,0.100000,0.020000,1,0.283033
19.347998,23.720602,-0.158456,132.956726,-290.325592,53.703667,7948.239258,-18219.365234,3026.628174,-0.971194,-0.217635,-0.097045,0.100000,0.020000,1,0.315810
18.380293,24.052244,-0.479625,-135.865555,121.761398,-123.883827,-7613.182617,-4938.316406,-3513.975098,-0.974820,-0.222550,0.014032,0.100000,0.020000,1,0.689158
19.344410,23.824175,-0.454547,58.899261,-16.397923,190.834351,3013.136963,-705.342834,11428.878906,-0.897410,-0.145922,-0.416368,0.100000,0.020000,1,0.307358
19.393322,23.669170,-0.374059,-37.380318,-118.580383,441.582520,-2737.622803,-7596.231934,27211.039062,-0.931957,-0.214234,-0.292506,0.100000,0.020000,1,0.585772
19.424292,23.560995,0.764047,-306.280243,158.735992,99.317230,-19528.457031,9508.614258,8786.760742,-0.947704,-0.232034,0.219131,0.100000,0.020000,1,0.302909
19.374382,23.616110,0.009561,75.593452,-36.770485,406.175476,3958.472168,-3134.252441,23961.916016,-0.828738,-0.054040,0.557022,0.100000,0.020000,1,0.028304
19.940405,23.233809,0.095642,-41.379864,34.387550,429.965790,-743.552856,309.757782,26555.578125,-0.917873,-0.235649,0.319342,0.100000,0.020000,1,0.360403
19.520174,24.125185,-0.781468,-2.556458,80.507278,-74.489197,-506.390594,6466.269043,-6061.941406,-0.782330,-0.073528,-0.618509,0.100000,0.020000,1,0.245664
20.649063,23.074858,0.293737,274.115845,-130.682678,-45.364517,21857.333984,-10975.301758,-3254.391846,-0.834592,-0.165829,0.525315,0.100000,0.020000,1,0.254775
19.600939,23.750185,-0.304595,-76.277206,-145.128036,-135.868195,-4624.169922,-9043.268555,-8260.145508,-0.839108,-0.173055,-0.515703,0.100000,0.020000,1,0.651469
20.405708,22.965881,0.221324,228.041565,-128.341904,231.294067,18100.515625,-11011.533203,16740.279297,-0.882531,-0.255697,-0.394662,0.100000,0.020000,1,0.492190
19.264002,23.584438,-0.754127,-73.930374,-120.828201,-255.037704,-1169.447754,-1574.753174,-9238.476562,-0.923698,-0.336499,-0.183167,0.100000,0.020000,1,0.548332
19.574184,23.665428,0.261476,-298.877625,-356.416260,-373.519531,-18448.951172,-22188.220703,-22525.027344,-0.935232,-0.353787,0.013273,0.100000,0.020000,1,0.012485
19.324644,23.555477,0.259604,-80.202881,60.988556,-12.012304,-5702.711426,3696.471680,620.874329,-0.930877,-0.352628,-0.095501,0.100000,0.020000,1,0.503418
19.345602,23.896566,-0.339887,-56.791901,15.982910,107.365631,-4990.816406,919.181152,7572.930176,-0.687620,0.098475,-0.719361,0.100000,0.020000,1,0.364158
19.437441,23.780050,0.542096,-65.229019,-188.544830,-17.466814,-4505.946289,-11339.931641,-122.830635,-0.865604,-0.276736,0.417310,0.100000,0.020000,1,0.891677
20.704319,24.099100,-0.410345,384.845154,157.823608,-329.569275,13007.849609,3836.739746,-5944.219727,-0.755786,-0.079999,0.649914,0.100000,0.020000,1,0.703625
19.437752,23.669838,-0.587766,-8.080299,13.924025,-36.333481,-1002.639343,935.949768,-3246.203857,-0.833014,-0.260697,-0.487980,0.100000,0.020000,1,0.393056
19.429792,23.446314,-0.133193,-2.012210,15.070154,-6.806368,-472.490234,-2752.648438,-3065.964355,-0.913932,-0.387741,0.119944,0.100000,0.020000,1,0.532655
20.531643,23.771118,-0.660042,210.831177,-12.399746,-37.264160,16937.945312,-1102.770508,-2931.290039,-0.706910,0.003318,-0.707296,0.100000,0.020000,1,0.274776
19.395550,23.710575,0.425023,16.172491,-203.865845,-169.282745,464.570953,-12273.143555,-9948.553711,-0.861239,-0.380053,0.337382,0.100000,0.020000,1,0.705938
19.410614,23.754189,-0.508227,389.383881,-299.114075,213.100220,23769.638672,-18670.908203,13190.401367,-0.772722,-0.192796,-0.604757,0.100000,0.020000,1,0.305881
19.415163,23.454762,-0.073578,83.952393,-45.432995,-396.739532,4038.132080,-4654.940918,-24344.685547,-0.839986,-0.384835,-0.382525,0.100000,0.020000,1,0.397256
19.663286,23.311506,-0.134931,-140.794250,85.437721,496.041138,-9359.087891,2853.936279,31254.560547,-0.876462,-0.473012,-0.089858,0.100000,0.020000,1,0.779554
19.672413,23.423168,0.645343,-356.792358,82.740707,-679.251221,-22170.550781,4331.291992,-41863.007812,-0.787522,-0.284057,0.546919,0.100000,0.020000,1,0.990811
19.407202,23.536596,-0.290711,-18.917912,16.517433,-95.578278,-1646.039673,1026.513428,-7982.642090,-0.876530,-0.418105,0.238503,0.100000,0.020000,1,0.177440
20.069399,23.405359,-0.099716,144.325531,-17.289345,-31.918785,11408.360352,-1395.832886,-2440.107910,-0.865740,-0.500486,0.002812,0.100000,0.020000,1,0.889791
19.627848,23.701971,0.637713,-81.010544,63.576256,-103.904846,-5454.526367,3068.079834,-6202.779297,-0.652060,0.114230,0.749513,0.100000,0.020000,1,0.192192
19.376467,23.646996,0.682192,10.575027,12.214762,-0.227518,-381.494720,533.377625,855.258362,-0.741600,-0.191058,0.643060,0.100000,0.020000,1,0.303941
19.283089,23.589951,0.274888,468.292297,-266.766968,-23.814861,28354.845703,-16693.615234,-1730.597534,-0.803510,-0.393531,0.446661,0.100000,0.020000,1,0.652697
19.695236,23.305090,0.242086,-680.920898,396.774658,-970.538818,-42333.511719,24316.929688,-60943.796875,-0.837795,-0.497304,0.225364,0.100000,0.020000,1,0.932907
19.436596,23.547604,-0.099667,411.807098,-578.219604,28.351303,25609.132812,-36185.636719,989.054871,-0.853052,-0.506722,0.124638,0.100000,0.020000,1,0.277018
19.543926,23.816746,0.621399,10.204198,21.683975,14.812469,44.833931,1152.597534,1242.901855,-0.676214,0.006179,0.736680,0.100000,0.020000,1,0.501639
19.515522,24.574896,-1.649941,-14.861719,278.762360,-388.470032,449.119019,12685.104492,-15900.958984,-0.781636,-0.384420,-0.491188,0.100000,0.020000,1,0.414410
20.040529,23.530182,-0.605947,133.121323,-225.737122,-348.206299,10499.530273,-14215.379883,-23566.005859,-0.843793,-0.440319,-0.306809,0.100000,0.020000,1,0.028162
19.355267,23.691502,0.145620,-48.534630,31.147541,-124.651245,-4203.840332,2210.897949,-5362.903809,-0.734578,-0.285347,-0.615607,0.100000,0.020000,1,0.194292
19.609163,23.509903,-0.047938,-40.203949,-53.857651,-227.064697,-2267.232910,-3191.593506,-13941.770508,-0.830865,-0.522359,-0.191843,0.100000,0.020000,1,0.168080
19.616573,24.326502,1.984117,52.462692,231.810242,487.080750,3486.917480,18228.980469,38007.617188,-0.791256,-0.512261,0.333920,0.100000,0.020000,1,0.040369
19.736374,23.766542,0.494399,-0.548723,66.504044,298.930969,463.004333,5114.277344,19275.929688,-0.741556,-0.400227,0.538436,0.100000,0.020000,1,0.721295
19.998821,23.156233,-0.237952,-31.866453,26.226542,-88.887100,-720.001038,537.106689,-5100.119141,-0.786696,-0.529591,-0.317244,0.100000,0.020000,1,0.334833
19.571600,23.395493,0.092693,-71.407913,-54.007561,-424.282776,-4507.636230,-3425.717773,-26784.650391,-0.789381,-0.600645,0.126897,0.100000,0.020000,1,0.589241
20.415714,22.877092,-0.010566,177.606750,-84.011879,-191.069229,728.351074,-5612.995117,-15256.306641,-0.680555,-0.104780,-0.725166,0.100000,0.020000,1,0.204826
19.501045,25.172827,0.209922,-147.763367,435.075317,-228.029724,-9308.637695,11860.171875,-10703.267578,-0.709833,-0.305816,0.634519,0.100000,0.020000,1,0.502653
19.689447,23.848818,0.107305,17.544659,95.711899,-59.506561,1448.369141,7637.773438,-4628.472656,-0.747108,-0.507981,0.428701,0.100000,0.020000,1,0.812545
19.755894,23.666243,0.030538,-257.933105,-288.019653,-668.648193,-15630.750000,-17324.304688,-40840.070312,-0.756687,-0.515739,-0.401792,0.100000,0.020000,1,0.244027
17.908180,24.420918,-3.110673,-468.340942,298.856323,-848.656250,-19148.183594,11897.597656,-49648.363281,-0.772484,-0.628993,-0.087388,0.100000,0.020000,1,0.127864
19.542074,23.397125,-0.385975,-38.780930,24.232662,157.156342,-2744.992188,1552.883789,9245.315430,-0.733509,-0.607603,-0.304602,0.100000,0.020000,1,0.417257
19.734880,23.278252,0.118155,-456.970734,265.288696,34.687973,-28258.781250,16329.295898,3247.092041,-0.756797,-0.627512,-0.182996,0.100000,0.020000,1,0.183882
18.451700,24.020832,0.216986,-272.415222,158.649994,21.214958,-22007.134766,12714.015625,1580.696289,-0.745303,-0.630801,0.215902,0.100000,0.020000,1,0.674495
18.705477,24.003405,0.119707,-151.273254,114.385468,-51.867294,-13654.135742,8246.957031,-5045.082031,-0.665886,-0.114235,0.737256,0.100000,0.020000,1,0.777774
20.574594,23.804943,-0.579002,190.559967,75.312889,-30.104107,11751.091797,186.432373,-60.085083,-0.672474,-0.192685,-0.714599,0.100000,0.020000,1,0.746848
19.298931,23.674299,-0.310612,-51.243561,35.761200,24.037643,-4707.862305,2792.412354,2059.419922,-0.695989,-0.398566,-0.597281,0.100000,0.020000,1,0.337484
19.737741,23.282928,0.806161,-525.526062,307.623962,-1114.526489,-32756.718750,19035.042969,-68037.625000,-0.698394,-0.628164,0.343010,0.100000,0.020000,1,0.310952
19.447123,23.436310,0.201054,86.034439,-49.628471,-270.809937,4760.175781,-2762.999756,-16288.258789,-0.740013,-0.672511,0.010494,0.100000,0.020000,1,0.096831
19.716854,23.566189,-0.229119,-139.823151,-51.392097,44.713989,-8476.296875,-2173.907227,1805.104248,-0.699760,-0.714114,0.019411,0.100000,0.020000,1,0.397950
19.779568,23.244371,0.344630,-203.495316,124.175133,-647.202637,-14032.145508,4738.630371,-39490.839844,-0.695387,-0.712484,-0.093825,0.100000,0.020000,1,0.733733
18.552286,23.993090,0.241311,-283.191620,175.666199,-105.802933,-22519.554688,13325.412109,-7308.265137,-0.672146,-0.515214,0.531765,0.100000,0.020000,1,0.900575
19.601521,23.347166,-1.807392,-141.949341,82.050728,-714.241516,-8543.582031,4345.708984,-29762.820312,-0.679645,-0.534362,-0.502534,0.100000,0.020000,1,0.050814
19.878319,23.198801,-0.234524,-29.596199,20.555214,-145.002090,432.387573,-246.570801,1901.291260,-0.675832,-0.621452,-0.396294,0.100000,0.020000,1,0.863775
18.304918,24.095760,0.500055,-382.428131,237.387253,128.023483,-14353.378906,4911.056641,15919.423828,-0.676778,-0.712401,-0.185623,0.100000,0.020000,1,0.919917
19.795565,23.235138,-0.166806,-583.032410,336.697540,-252.720154,-36232.910156,20896.125000,-17296.453125,-0.672899,-0.709418,0.209603,0.100000,0.020000,1,0.305347
19.282331,23.531450,-0.232034,402.801880,-232.230576,469.024323,23805.537109,-13823.709961,28282.066406,-0.672035,-0.730871,0.119146,0.100000,0.020000,1,0.757418
19.608435,23.528528,0.627554,40.765465,-20.186523,-153.081299,2258.931885,-1353.909668,-9031.741211,-0.653377,-0.393966,0.646444,0.100000,0.020000,1,0.235913
22.058798,23.520922,-0.251052,731.321899,54.699444,-185.809982,22660.662109,1334.220703,-2611.031250,-0.651224,-0.628747,0.424952,0.100000,0.020000,1,0.537477
20.213875,24.048357,1.253762,207.220505,199.976730,490.770966,-3903.414062,11850.456055,549.355469,-0.650507,-0.705597,-0.281022,0.100000,0.020000,1,0.685065
19.764107,23.256891,0.477690,2.154202,-0.577540,-173.168640,471.888184,-265.073853,-9902.018555,-0.632746,-0.707795,0.314102,0.100000,0.020000,1,0.060868
19.581554,23.611071,-0.366271,-68.241211,43.131981,-265.713623,-4812.681152,2657.846924,-16093.920898,-0.635189,-0.287355,-0.716911,0.100000,0.020000,1,0.804288
19.654493,23.316582,0.497405,52.879120,-30.371735,-248.087524,3084.525635,-2300.913818,-15187.762695,-0.609931,-0.599156,0.518648,0.100000,0.020000,1,0.938584
19.818739,23.501209,0.825616,148.929688,-67.057236,-223.240234,9869.649414,-5075.801758,-12947.542969,-0.636471,-0.185394,0.748688,0.100000,0.020000,1,0.837991
18.724712,23.853394,-2.259428,-109.426666,176.160950,-533.428162,-27410.050781,-7058.910156,-30630.279297,-0.603607,-0.514227,-0.609286,0.100000,0.020000,1,0.824290
19.794220,24.509171,0.378002,8.462044,363.172852,269.264557,1868.846191,10031.216797,2953.732422,-0.591748,-0.622705,-0.511931,0.100000,0.020000,1,0.678890
19.773863,23.247665,0.273867,-70.313835,41.204754,215.853409,-4389.801758,2050.467529,13500.937500,-0.580657,-0.695919,0.422534,0.100000,0.020000,1,0.625453
19.958717,23.154106,-0.042351,80.059158,-45.996178,138.212219,6034.008789,-3522.097656,9747.269531,-0.578288,-0.716819,-0.389555,0.100000,0.020000,1,0.649779
19.915121,23.166111,0.019041,144.884796,-82.905083,-197.141754,7593.613770,-4558.786621,-10803.354492,-0.572869,-0.816353,-0.073412,0.100000,0.020000,1,0.876925
19.251066,23.549501,-0.174662,-106.958862,85.014694,-197.330139,-9745.970703,912.719238,-11730.871094,-0.550890,-0.800474,0.236137,0.100000,0.020000,1,0.437436
20.241829,22.977484,-0.234194,122.717819,-70.102455,-62.713623,9692.936523,-5771.544922,-5286.599121,-0.550282,-0.828014,0.107620,0.100000,0.020000,1,0.806531
19.841772,23.379730,0.196343,9.589794,9.008358,87.681152,1009.060425,1218.842773,6925.395508,-0.543457,-0.818767,-0.185135,0.100000,0.020000,1,0.545218
20.468452,22.846643,-0.481053,192.964874,-105.372375,-229.182709,13238.087891,-8900.100586,-10686.300781,-0.583444,-0.500542,0.639570,0.100000,0.020000,1,0.013588
19.786039,23.703253,0.705057,20.003551,12.255665,38.514198,1514.346924,1167.408203,3110.097900,-0.602618,-0.308643,0.735928,0.100000,0.020000,1,0.152990
19.603159,23.429241,-0.805183,2.747283,9.118234,-53.695671,-383.313873,107.730751,-4570.876953,-0.582667,-0.397918,-0.708633,0.100000,0.020000,1,0.850626
19.744350,23.348501,-0.572993,119.782806,-97.381683,225.847443,7485.544434,-6026.227051,13382.463867,-0.528885,-0.690260,-0.493782,0.100000,0.020000,1,0.822083
19.278219,23.533825,0.201935,-172.939835,100.746140,122.681229,-13190.916992,7398.220703,8556.872070,-0.521959,-0.852761,0.018926,0.100000,0.020000,1,0.289136
18.214172,24.767128,-1.261573,-200.587875,159.384308,-427.684479,-657.232422,-1749.967773,-16412.708984,-0.529706,-0.602176,-0.597323,0.100000,0.020000,1,0.984138
19.712814,23.282909,-0.682432,43.647888,34.660072,-177.407669,-12625.195312,2305.595703,-18468.363281,-0.479481,-0.812835,0.330751,0.100000,0.020000,1,0.844095
19.804621,23.335678,0.384179,-103.071732,-281.656128,-400.688416,-6511.515625,-17099.025391,-24042.015625,-0.458187,-0.881325,0.115460,0.100000,0.020000,1,0.675509
17.704090,24.442650,-0.020230,-856.166870,495.986511,-210.557755,-35485.250000,19884.455078,-12648.943359,-0.457083,-0.889296,0.015119,0.100000,0.020000,1,0.883901
19.970053,23.841192,-0.242030,42.159065,124.725372,-95.540558,3398.327637,10060.642578,-8690.627930,-0.487109,-0.690211,0.535102,0.100000,0.020000,1,0.826994
18.882151,23.762497,1.088500,-187.176743,108.766464,357.290314,-15935.313477,9037.930664,27706.562500,-0.436803,-0.880310,-0.185085,0.100000,0.020000,1,0.331221
19.753178,23.259607,-0.062875,232.988678,-131.790634,-91.002365,13858.746094,-9152.735352,-5798.640137,-0.431964,-0.897943,-0.084299,0.100000,0.020000,1,0.222460
19.721775,23.518284,-0.592257,7.089465,-21.013622,32.193890,249.670059,-1161.583862,1706.417725,-0.533724,-0.477977,-0.697622,0.100000,0.020000,1,0.448166
19.937634,23.920853,-0.107741,25.181545,182.051819,34.603294,1317.758301,6916.604004,3226.025391,-0.439517,-0.799149,-0.410103,0.100000,0.020000,1,0.939794
19.005821,23.691093,-0.223184,-302.983246,175.544769,-127.978874,2760.199219,-1736.300537,-468.885498,-0.408264,-0.887178,0.215025,0.100000,0.020000,1,0.336950
19.525429,23.774399,-0.093687,114.790070,43.594448,-168.441742,8924.107422,-204.726318,-6482.641113,-0.490805,-0.594586,0.636850,0.100000,0.020000,1,0.004406
19.899549,23.175100,0.268153,-27.723732,21.325417,161.922501,-2854.766357,-1193.826050,10287.384766,-0.428114,-0.788754,0.441118,0.100000,0.020000,1,0.358713
20.126205,23.044239,-0.357476,-586.223694,344.106934,272.516174,-37560.855469,18890.228516,16721.244141,-0.388017,-0.875177,-0.288977,0.100000,0.020000,1,0.046401
20.252621,24.153271,0.548421,87.339539,268.336060,298.562164,7196.558594,20685.449219,22666.273438,-0.407193,-0.766749,-0.496276,0.100000,0.020000,1,0.452935
20.213242,22.993990,-0.296282,97.257812,-37.750809,-118.306931,8786.615234,-5119.235352,-6394.127441,-0.366440,-0.872706,0.322655,0.100000,0.020000,1,0.616218
19.884478,23.518810,0.392075,9.695477,-47.090935,-7.999813,1146.599243,-3125.690186,-1145.975586,-0.557093,-0.377151,0.739868,0.100000,0.020000,1,0.013641
20.275797,23.511803,0.742712,100.034729,54.168106,93.238220,8043.013672,4447.080566,7360.442871,-0.391548,-0.753176,0.528598,0.100000,0.020000,1,0.865003
17.808191,24.869019,2.061706,-610.926880,498.384674,523.025879,-20476.591797,16204.556641,13805.973633,-0.348602,-0.841714,0.412304,0.100000,0.020000,1,0.956254
20.711157,22.706518,-0.629484,200.291702,-114.919739,-137.644104,15839.903320,-9310.033203,-11678.793945,-0.314314,-0.942942,0.109846,0.100000,0.020000,1,0.311913
20.053596,23.621361,-0.336676,-791.390625,-176.213776,688.850891,-49365.230469,-9012.579102,42304.328125,-0.311031,-0.947451,-0.074813,0.100000,0.020000,1,0.423948
18.446503,24.014017,-0.190753,-363.223206,211.207550,-42.355232,-29521.226562,16494.267578,-3495.988770,-0.305523,-0.952170,0.005362,0.100000,0.020000,1,0.193348
21.032904,22.867147,-1.100907,289.343018,-127.785950,-155.488892,23243.365234,-9995.430664,-12543.350586,-0.424763,-0.671153,-0.607561,0.100000,0.020000,1,0.307465
20.052370,23.365793,0.045624,-126.619492,-46.233444,-49.127781,-7390.270020,-2168.897217,-1658.721191,-0.323237,-0.854684,-0.406242,0.100000,0.020000,1,0.393288
19.866261,23.468616,0.612345,-234.767761,154.936035,-73.072388,-14537.273438,9710.904297,-4311.442871,-0.494638,-0.467107,0.732901,0.100000,0.020000,1,0.763557
19.427704,23.495667,-1.370991,31.265835,-3.461467,-201.917450,287.050507,151.750610,-16341.129883,-0.444839,-0.568023,-0.692436,0.100000,0.020000,1,0.724302
20.020321,23.156363,-0.128515,-179.310577,102.974716,-16.345467,-11005.742188,6594.969727,-708.647888,-0.269121,-0.921754,-0.279185,0.100000,0.020000,1,0.680029
19.798491,23.233446,0.094158,-121.651009,70.590866,-44.062485,3386.524902,-2035.080078,2310.477539,-0.261803,-0.937699,0.228428,0.100000,0.020000,1,0.965027
20.744509,23.724726,-0.568223,164.127838,100.194946,-107.203186,13735.020508,8499.430664,-7659.839355,-0.286819,-0.828561,-0.480854,0.100000,0.020000,1,0.186195
19.675167,23.304649,-0.018815,-99.620674,57.911407,-183.908981,-3813.897461,2113.071289,-10681.343750,-0.244673,-0.949652,-0.195695,0.100000,0.020000,1,0.333142
19.339758,23.962671,-0.908322,-175.357117,208.252045,-119.302979,-13467.423828,16011.954102,-9488.242188,-0.323803,-0.734317,-0.596598,0.100000,0.020000,1,0.636344
19.984976,23.125780,-2.804015,116.917053,-67.401756,-802.924377,12066.055664,-6990.080566,-31615.589844,-0.368070,-0.862712,-0.346775,0.100000,0.020000,1,0.036151
20.128227,23.278339,0.430542,-621.175537,45.364864,-34.016155,-38477.652344,3090.913574,-1999.126221,-0.266780,-0.800993,0.535947,0.100000,0.020000,1,0.603815
18.829380,23.792963,-0.324391,-421.002319,247.246841,-183.793625,-11188.506836,5560.089355,-8614.044922,-0.206330,-0.883713,0.420094,0.100000,0.020000,1,0.825232
18.819014,23.798946,1.048034,-151.180542,88.523422,255.282089,-14950.832031,8086.464844,20535.095703,-0.151045,-0.988509,0.005883,0.100000,0.020000,1,0.380956
21.470612,22.268047,5.485511,508.707428,-284.014557,1629.286133,-11169.666016,4297.653809,39106.769531,-0.149775,-0.981445,0.119717,0.100000,0.020000,1,0.477314
20.530083,24.295124,-0.742699,161.560333,260.413361,-67.235687,12880.890625,20344.341797,-5223.227051,-0.365284,-0.625377,-0.689544,0.100000,0.020000,1,0.238867
20.217207,22.991699,0.126149,38.518978,-19.823448,-498.121399,3062.881348,-3588.279297,-33027.070312,-0.311553,-0.702538,0.639825,0.100000,0.020000,1,0.961361
20.032324,23.098444,-0.052406,44.019604,-24.571056,-359.645203,2536.204102,-1954.092896,-22097.093750,-0.139340,-0.948935,-0.283032,0.100000,0.020000,1,0.848205
20.024099,23.246607,0.243882,65.039764,-319.966248,-67.856140,3994.365967,-19561.964844,-3982.051270,-0.125971,-0.964265,0.233076,0.100000,0.020000,1,0.703838
20.244610,22.975878,-0.033485,-343.018341,202.471649,-358.916077,-22108.750000,10499.165039,-22401.531250,-0.126615,-0.974703,-0.184179,0.100000,0.020000,1,0.639813
19.369568,23.753477,1.294241,-100.365601,74.878464,159.290192,-8335.375000,6045.089844,13192.355469,-0.424986,-0.525531,0.737024,0.100000,0.020000,1,0.809894
19.471350,23.725363,-0.221597,27.758652,69.723846,557.332092,-517.994751,6904.507324,33220.824219,-0.176682,-0.925476,0.335078,0.100000,0.020000,1,0.044728
20.181297,23.286819,0.655339,2.836918,-27.050556,229.642365,641.108459,-992.700562,16182.883789,-0.101101,-0.934570,0.341112,0.100000,0.020000,1,0.786316
19.994751,23.510506,0.598771,23.733856,19.730091,16.786655,1937.677246,1924.781616,1478.675659,-0.362182,-0.641606,0.676141,0.100000,0.020000,1,0.034087
20.152557,23.069071,-0.558144,-264.065887,154.129059,147.797241,-16034.723633,8991.183594,8865.719727,-0.205092,-0.768044,-0.606668,0.100000,0.020000,1,0.383483
20.015974,23.109270,0.148617,-25.886368,14.276995,-546.551147,-1918.934692,1054.640137,-33543.011719,-0.079486,-0.990901,-0.108619,0.100000,0.020000,1,0.038144
20.074852,23.073889,0.062999,87.516991,-46.525673,-110.082687,4415.206055,-4696.334961,-6876.705566,-0.012409,-0.999908,0.005489,0.100000,0.020000,1,0.870538
20.142767,23.131657,0.238836,-61.951607,28.228218,370.329163,-3879.883789,2057.112305,24665.175781,-0.010690,-0.995452,-0.094659,0.100000,0.020000,1,0.912675
18.556934,23.994753,-0.814687,-322.147034,199.474915,-80.144318,-26170.923828,15394.429688,-6332.696289,-0.274883,-0.667984,-0.691546,0.100000,0.020000,1,0.974903
20.752733,25.543472,-0.166500,198.762848,644.456665,-180.034470,7493.562988,26100.847656,-6858.792969,-0.208210,-0.748263,0.629882,0.100000,0.020000,1,0.672413
19.903442,23.354279,-0.573355,-25.104797,63.319672,-108.566124,-6716.041016,5170.637695,-3690.581543,-0.134745,-0.850911,-0.507735,0.100000,0.020000,1,0.069053
19.488361,24.067743,0.695535,-65.267685,197.898346,62.602310,-6485.405762,16138.377930,5189.396484,-0.129638,-0.830564,0.541625,0.100000,0.020000,1,0.639048
20.118532,23.148359,0.344800,-12.408646,-5.455130,-0.645939,-673.988647,-294.922546,110.135689,-0.074109,-0.905095,0.418702,0.100000,0.020000,1,0.165215
20.083158,23.191847,-0.214111,-283.952759,63.761459,-489.425232,-17994.853516,4282.687988,-30545.589844,-0.063058,-0.912962,-0.403143,0.100000,0.020000,1,0.059373
21.920715,22.008179,0.523109,408.200531,-235.262650,-46.515732,5239.882812,-3386.144043,-1901.371582,0.008557,-0.993276,0.115451,0.100000,0.020000,1,0.509771
21.832922,22.058867,-0.688601,458.618866,-210.103912,-163.818420,32706.804688,-5784.049805,-3230.543457,0.009500,-0.980787,-0.194850,0.100000,0.020000,1,0.688926
19.647627,23.655899,0.347602,-91.585274,80.501953,140.307953,-4834.891113,16858.275391,7308.044434,0.022077,-0.958529,-0.284137,0.100000,0.020000,1,0.609225
20.265627,23.098995,0.169674,-650.609009,86.867470,146.681427,-40645.175781,5567.764160,9297.284180,0.027073,-0.975662,0.217601,0.100000,0.020000,1,0.597800
19.848406,23.340408,0.517888,-177.857300,-184.676575,-584.104004,-11485.453125,-11862.168945,-36977.343750,-0.338119,-0.584487,0.737598,0.100000,0.020000,1,0.429642
20.138222,23.200436,-0.432900,-8.958973,-24.769325,30.836807,-509.489594,-1385.717529,1631.812622,-0.032839,-0.873864,-0.485061,0.100000,0.020000,1,0.541979
20.230207,23.066673,0.193597,14.481791,-311.391968,-33.200230,1177.995850,-19803.011719,-2294.946777,0.028183,-0.944504,0.327289,0.100000,0.020000,1,0.137402
20.332447,22.979261,0.280568,52.263916,-28.562881,121.396027,4379.841797,-2516.521973,10213.196289,-0.100007,-0.888773,-0.447305,0.100000,0.020000,1,0.013036
20.068913,23.118021,0.562267,-62.966843,36.107681,-242.946533,-4234.473633,2059.145508,-14574.331055,-0.025569,-0.856346,0.515769,0.100000,0.020000,1,0.779465
20.305201,23.283342,-0.270337,68.689583,6.198051,-3.852047,-911.568115,2768.390137,-1661.294434,0.068109,-0.921444,-0.382495,0.100000,0.020000,1,0.504539
20.349659,22.915228,-0.587891,90.531342,-49.004593,281.264465,3484.336914,-4112.058594,22814.451172,0.140707,-0.971936,-0.188527,0.100000,0.020000,1,0.397202
20.064098,23.550770,-0.789822,-39.108635,80.552704,-205.737305,-3276.129639,7122.244141,-16329.765625,0.151621,-0.988341,0.013910,0.100000,0.020000,1,0.207744
20.321728,22.962299,-0.018502,-38.172459,21.598026,-71.652840,-2148.948975,929.844727,-4337.053711,0.154085,-0.984362,-0.085379,0.100000,0.020000,1,0.947908
19.957993,23.310122,0.534290,73.963165,-43.125122,-11.354082,4084.682129,-2409.779297,-423.857666,-0.075598,-0.773181,0.629663,0.100000,0.020000,1,0.718750
20.302031,23.297840,0.438510,-134.016968,-113.368469,-131.717468,-8073.845215,-6468.850098,-7806.700684,0.082301,-0.899023,0.430098,0.100000,0.020000,1,0.615933
21.025719,23.488720,0.451606,224.297073,138.254333,51.946289,8662.189453,3112.317627,5835.831055,0.161688,-0.960263,0.227489,0.100000,0.020000,1,0.793736
19.801342,23.231800,0.653346,36.489079,-20.598806,186.409531,2565.480469,-2595.162354,6693.183105,-0.235200,-0.641819,0.729897,0.100000,0.020000,1,0.301397
20.426353,23.104797,0.514887,25.676094,-25.136429,54.800552,2469.311768,-931.173218,4456.035156,0.161673,-0.929321,0.332002,0.100000,0.020000,1,0.106012
20.328192,23.297142,-0.459726,-146.179718,-233.276093,401.514648,-8993.144531,-13901.550781,24358.501953,0.168207,-0.937793,-0.303729,0.100000,0.020000,1,0.336932
24.026806,21.354464,0.981760,1227.994629,-546.213989,447.113647,45467.898438,-21548.974609,18306.078125,-0.147635,-0.693061,-0.705599,0.100000,0.020000,1,0.259366
20.267244,23.337049,-0.562880,-138.822021,84.824593,42.844742,-8091.158691,5804.774414,2267.920410,-0.063281,-0.780602,-0.621817,0.100000,0.020000,1,0.158382
19.348789,23.655870,-0.434905,-166.848145,111.657440,-102.655701,-14189.448242,9108.441406,-6748.033203,0.098757,-0.858738,-0.502808,0.100000,0.020000,1,0.269687
19.992403,23.665909,0.682695,4.153143,56.243500,29.640320,76.466690,5022.473633,2505.628418,-0.163359,-0.674485,0.719989,0.100000,0.020000,1,0.610844
20.226690,25.019163,0.152424,-5.291893,509.780334,205.826904,-2074.540039,17247.058594,-16848.279297,0.029891,-0.799405,-0.600049,0.100000,0.020000,1,0.841675
20.217182,23.248558,0.370854,84.486832,-65.045166,32.033367,5280.541504,-3787.191895,1959.240479,0.105384,-0.845555,0.523384,0.100000,0.020000,1,0.122223
19.994673,23.120182,-0.838219,-34.249825,27.589453,271.601746,-5413.606934,-1635.369507,15317.468750,0.191233,-0.897572,-0.397233,0.100000,0.020000,1,0.534221
20.317476,23.695524,-0.266485,28.436836,143.015076,-35.353813,1656.493042,11598.103516,-3066.322510,0.274152,-0.957417,-0.090512,0.100000,0.020000,1,0.412506
20.237598,23.525524,0.359849,12.233047,55.378067,64.673203,1013.475891,4756.092773,3666.219727,0.034613,-0.781359,0.623121,0.100000,0.020000,1,0.621040
20.356052,23.160658,0.362977,-121.768860,82.496689,-26.031288,-7443.240234,5281.591797,-1462.844116,0.198663,-0.878822,0.433827,0.100000,0.020000,1,0.928156
20.272762,23.014566,-0.218619,7.636716,-4.940103,354.652832,90.694283,-589.053467,21413.207031,0.295109,-0.955271,0.019199,0.100000,0.020000,1,0.051739
20.427393,23.441212,0.436661,3.561456,48.724197,76.000122,450.573944,4547.712402,6224.602051,0.303667,-0.944008,0.128976,0.100000,0.020000,1,0.455622
21.324747,24.794533,0.304713,282.148621,561.852356,200.223999,4265.327148,19446.279297,11905.831055,0.227778,-0.962730,0.145838,0.100000,0.020000,1,0.096208
21.533821,23.461246,0.065889,320.345184,62.217606,47.097359,11707.489258,4716.947266,2947.903320,0.305892,-0.929583,-0.205680,0.100000,0.020000,1,0.180429
20.486704,23.144356,0.171575,18.166161,-62.603256,-156.534729,1585.540527,-3775.539551,-9816.973633,0.313569,-0.925581,0.212074,0.100000,0.020000,1,0.119839
18.614832,23.960638,-2.664009,-516.252136,311.333191,-1109.351074,-15605.595703,9062.283203,-45658.960938,-0.051431,-0.710300,-0.702018,0.100000,0.020000,1,0.471958
19.985640,23.125397,-0.663384,95.320358,-51.494869,170.763397,4110.755859,-5223.666992,10057.849609,0.133181,-0.781966,-0.608927,0.100000,0.020000,1,0.594366
20.399172,23.140676,-0.345983,-60.290092,32.107166,19.820942,-3515.144775,1870.540527,1363.146973,0.237830,-0.829309,-0.505652,0.100000,0.020000,1,0.900539
21.023706,22.820206,-0.104929,98.970978,-262.151001,-58.478378,8884.636719,-17851.396484,-5158.418457,0.325423,-0.884652,0.333903,0.100000,0.020000,1,0.002751
19.893410,23.178644,0.537879,47.047127,-4.006235,281.850250,1082.096191,-4759.010254,17094.675781,-0.054782,-0.688204,0.723446,0.100000,0.020000,1,0.551997
20.232048,23.266129,0.552046,-14.707726,11.948944,-48.935707,-1057.083374,919.942566,-2693.755371,0.144757,-0.770691,0.620549,0.100000,0.020000,1,0.376508
20.328556,23.325769,0.478807,35.879974,-113.455795,-152.652313,2243.250244,-6592.927734,-9264.154297,0.242170,-0.813392,0.528911,0.100000,0.020000,1,0.193544
20.534395,23.340818,-0.230654,-265.120514,-275.404083,-161.204056,-16170.515625,-16616.746094,-9885.385742,0.332362,-0.850833,-0.406963,0.100000,0.020000,1,0.879755
20.377407,22.959463,-0.165502,-145.393036,102.201622,-112.666077,-9525.858398,5757.249512,-7201.578613,0.416774,-0.887789,-0.195269,0.100000,0.020000,1,0.789074
19.961065,23.139584,1.072675,-33.783653,81.254349,241.684677,-6905.981445,-115.021484,22998.781250,0.424512,-0.899879,-0.100032,0.100000,0.020000,1,0.253725
20.423285,23.409086,-0.460507,-3.641117,94.779556,-149.033203,-431.676208,7214.039551,-11396.475586,0.432065,-0.901596,0.021084,0.100000,0.020000,1,0.535769
20.329714,23.195383,-0.019956,22.985386,-136.357391,109.909607,840.722168,-8293.568359,6530.182129,0.437037,-0.893275,0.105163,0.100000,0.020000,1,0.626574
21.034687,22.519728,-0.836812,271.922607,-62.090881,-449.903992,-1666.791260,-22248.203125,-20498.632812,0.343197,-0.839732,0.420793,0.100000,0.020000,1,0.816566
20.272484,22.959785,0.115320,-60.052307,71.736069,-8.920815,-8391.211914,-2732.052734,-0.368652,0.431583,-0.870882,0.235159,0.100000,0.020000,1,0.387647
20.229153,22.984804,-1.141515,41.613655,-6.773588,-158.976471,124.240341,-4518.990723,-6683.984375,0.039325,-0.709592,-0.703515,0.100000,0.020000,1,0.232977
20.347130,23.007376,-1.009446,24.136936,8.578781,-161.338867,1296.228760,-216.635864,-12907.422852,0.332435,-0.808753,-0.485186,0.100000,0.020000,1,0.908013
19.923206,23.824892,1.383195,-148.013397,181.078476,508.633759,-4565.217773,5637.509277,15538.238281,0.365555,-0.876695,-0.312690,0.100000,0.020000,1,0.230895
20.107706,23.054920,-1.317058,12.327731,15.396788,-126.054825,-1319.015137,-4151.349121,-10116.693359,0.247307,-0.763056,-0.597147,0.100000,0.020000,1,0.222442
20.129999,23.042049,-0.429179,46.602173,80.717331,0.000000,-12189.416992,-16091.210938,-650.120850,0.459313,-0.834106,-0.305449,0.100000,0.020000,1,0.515358
20.177092,23.166767,0.331660,208.039398,-98.695374,218.257538,12423.492188,-6530.722656,13271.070312,0.254974,-0.747039,0.613939,0.100000,0.020000,1,0.976824
20.538111,23.248169,0.298575,-95.173309,31.882805,-125.030975,-5829.700684,2342.301025,-7646.835449,0.459215,-0.826583,0.325394,0.100000,0.020000,1,0.051864
20.580359,23.301079,-0.016217,-90.645279,51.253059,-115.072067,-5662.569336,3823.963379,-7358.914062,0.553949,-0.832502,0.008993,0.100000,0.020000,1,0.017022
19.760649,23.578438,0.095338,-116.891846,70.310410,-26.416779,-10448.795898,6003.246094,-2586.601807,0.455961,-0.780521,0.427654,0.100000,0.020000,1,0.746616
20.500853,23.231155,-0.387084,-63.127914,26.771130,686.375366,-3994.586182,1831.038330,42940.074219,0.466930,-0.788526,-0.400254,0.100000,0.020000,1,0.748734
20.674252,23.293985,0.112043,22.636215,-10.595783,-2.964215,1891.270752,-203.132889,-437.363312,0.548488,-0.802980,0.233204,0.100000,0.020000,1,0.877228
20.147467,23.031967,-1.176071,79.737915,10.486055,-154.769547,-1346.852539,-11660.422852,-3212.145020,0.555349,-0.810022,-0.188288,0.100000,0.020000,1,0.694140
20.351196,23.432062,0.459590,-86.757782,-62.818054,151.085907,-5816.303223,-3113.682617,9783.548828,0.370298,-0.753498,0.543249,0.100000,0.020000,1,0.198242
20.658670,23.870447,0.213123,-588.297485,-203.850876,-44.448101,-36850.675781,-9991.361328,-2309.083008,0.584867,-0.800979,0.127920,0.100000,0.020000,1,0.337626
20.249733,22.972921,0.603121,-804.907471,467.419495,-586.999329,-51425.687500,27033.455078,-36874.480469,0.066248,-0.676975,0.733019,0.100000,0.020000,1,0.717398
20.341213,23.447104,-0.627924,-79.315292,-292.116333,260.483307,-4744.167480,-17756.562500,15983.313477,0.160517,-0.692977,-0.702863,0.100000,0.020000,1,0.957909
21.390251,22.314442,0.641323,474.824280,-244.592590,261.013184,2830.681641,-8673.539062,21936.958984,0.368015,-0.710540,-0.599748,0.100000,0.020000,1,0.853295
20.470171,23.077377,-0.478347,-96.111404,55.150322,92.665237,-6223.890625,2780.756592,5405.265137,0.468885,-0.724815,-0.504767,0.100000,0.020000,1,0.073413
21.128428,22.465607,-1.263938,213.245026,-34.340698,-263.202667,1379.506348,-18471.371094,-8699.796875,0.570762,-0.759825,-0.311283,0.100000,0.020000,1,0.035475
20.241678,23.273172,-0.607360,8.964500,7.818104,-214.621521,-844.958069,714.245972,-17130.132812,0.566066,-0.751356,0.339165,0.100000,0.020000,1,0.137064
20.424143,23.458082,0.179692,-1.420922,12.076782,-58.666779,-140.059769,1547.265991,-4840.348633,0.371466,-0.697434,0.612861,0.100000,0.020000,1,0.405334
20.491579,23.419397,0.472719,3.370990,10.592682,18.927830,144.214920,1350.062134,1548.175659,0.468141,-0.709696,0.526475,0.100000,0.020000,1,0.779127
20.847593,23.022127,1.050270,90.805756,-114.103455,169.561188,6854.048828,-8139.715332,13825.700195,0.563468,-0.716669,0.410962,0.100000,0.020000,1,0.474324
20.616430,23.363342,0.041638,-11.214445,-132.585114,26.953083,-877.473755,-7776.567871,1853.647095,0.669336,-0.742927,0.007029,0.100000,0.020000,1,0.309814
20.464239,22.923702,0.002971,-256.701569,170.820480,113.897560,-17017.742188,9508.306641,6878.823730,0.671575,-0.733487,0.104804,0.100000,0.020000,1,0.106974
23.141848,23.749199,0.800778,765.767334,166.401184,170.590393,25511.291016,2756.748291,5823.582031,0.677470,-0.729270,-0.095913,0.100000,0.020000,1,0.091617
20.233423,23.308056,0.618538,-6.205919,2.231959,-31.176025,-593.155457,164.212463,-1619.967163,0.163122,-0.668000,0.726063,0.100000,0.020000,1,0.849486
21.384918,23.270210,-0.644247,219.763367,-44.149017,-92.170776,17501.375000,-5880.567383,-6219.547852,0.571109,-0.713896,-0.405201,0.100000,0.020000,1,0.196676
20.524979,23.147263,-0.247541,-5.879414,1.933523,83.571121,-805.239624,-124.036827,4583.218262,0.633237,-0.765928,-0.111202,0.100000,0.020000,1,0.014744
21.176119,23.513142,0.167424,103.801331,5.697418,6.696546,8696.652344,1460.607544,450.287964,0.674742,-0.705081,0.218136,0.100000,0.020000,1,0.067612
20.090223,23.065016,-0.181441,18.680786,29.402445,85.036064,-5811.946777,-4901.805664,1133.074219,0.252647,-0.668408,-0.699572,0.100000,0.020000,1,0.702272
20.866482,23.976822,1.234873,90.053818,127.129486,438.955383,-1469.750488,7882.625977,13055.431641,0.451735,-0.670564,-0.588456,0.100000,0.020000,1,0.852440
20.832897,23.277369,0.247897,35.332291,-34.344154,80.022949,2891.638184,-2073.856445,6688.320801,0.689851,-0.697150,-0.195158,0.100000,0.020000,1,0.122650
20.290936,22.949135,0.645035,11.322353,55.644932,74.189072,1565.795898,-2310.398438,-3647.750000,0.674527,-0.659205,0.332359,0.100000,0.020000,1,0.393768
20.957935,23.422092,-0.299963,73.008057,-20.915213,-6.458960,5806.013184,-722.983459,-733.761902,0.683372,-0.665118,-0.301033,0.100000,0.020000,1,0.081812
20.656330,23.416739,-0.152878,11.551509,-34.165443,235.051697,441.776733,-1595.234497,14171.150391,0.754581,-0.656150,0.008641,0.100000,0.020000,1,0.727220
20.699860,23.363441,0.439818,-878.452026,324.202972,369.226440,-53977.398438,20678.566406,22931.710938,0.250313,-0.649473,0.718003,0.100000,0.020000,1,0.225557
20.550800,23.149408,-0.191235,5.008029,-91.317528,42.679050,-301.792816,-2443.001953,1866.102173,0.578097,-0.640458,-0.505586,0.100000,0.020000,1,0.161389
20.801928,24.809694,-0.948148,69.393173,501.769043,-186.561035,4973.230957,37984.265625,-14557.836914,0.666568,-0.639473,-0.383095,0.100000,0.020000,1,0.954919
20.421761,23.587252,0.081902,-55.528122,21.834267,2.863573,-4806.766113,2586.202637,163.608505,0.764087,-0.634478,0.116655,0.100000,0.020000,1,0.834681
20.924301,23.019136,0.150333,82.836578,-37.924881,48.514801,6000.066406,-3575.303955,3962.781006,0.772339,-0.629033,-0.088369,0.100000,0.020000,1,0.398288
20.783936,23.532410,0.739859,46.544655,45.610176,133.352112,2024.458740,1074.854248,3998.421387,0.665926,-0.613773,0.424057,0.100000,0.020000,1,0.498453
20.588406,23.242620,-0.148090,-191.279160,194.057709,402.854523,-12677.057617,11934.020508,24121.197266,0.761725,-0.608150,0.223446,0.100000,0.020000,1,0.775888
20.682669,23.607948,-0.210543,-1.946939,-260.087463,413.504456,-374.111603,-15221.118164,25814.859375,0.774682,-0.602243,-0.192798,0.100000,0.020000,1,0.753503
21.199274,23.394318,-0.494264,232.449432,-16.450304,3.085537,17908.013672,-754.988831,280.292419,0.351698,-0.623584,-0.698178,0.100000,0.020000,1,0.432756
20.312008,23.440020,0.509905,19.175352,-81.118820,-1.096884,359.148132,-4658.339844,105.951553,0.472045,-0.611753,0.634769,0.100000,0.020000,1,0.640134
20.695204,23.723158,-0.182904,-12.783556,-239.577179,-6.180230,-943.896301,-13489.050781,-262.491364,0.754087,-0.589523,-0.289509,0.100000,0.020000,1,0.648817
20.374395,22.900948,-1.092027,41.413944,13.870879,-194.075256,-1519.894531,-6971.660645,-4815.845703,0.542545,-0.588862,-0.599071,0.100000,0.020000,1,0.865466
20.645611,23.337954,0.532053,-55.462677,31.848953,-86.257980,-3531.158936,1908.620972,-4810.421875,0.651594,-0.556206,0.515810,0.100000,0.020000,1,0.905112
20.749657,23.436199,0.804189,47.183517,-18.290995,66.405777,3686.284424,-849.267944,5660.775391,0.554930,-0.561378,0.613928,0.100000,0.020000,1,0.916269
20.228813,23.203825,0.279910,303.996674,-173.705383,-81.077805,17088.910156,-11729.564453,-5199.656250,0.753669,-0.516650,0.406271,0.100000,0.020000,1,0.824556
20.837030,23.583347,-0.169723,26.778530,-118.800293,105.614349,1849.093872,-6711.752930,6566.919434,0.843115,-0.499992,-0.197903,0.100000,0.020000,1,0.650241
20.847565,23.545889,0.100118,-45.547401,3.341129,-12.901001,-2719.152588,846.926453,-743.511658,0.858188,-0.500786,0.112817,0.100000,0.020000,1,0.465534
18.547602,23.955648,1.284484,-509.859863,307.401245,443.413910,-18114.457031,7267.572266,17886.980469,0.360314,-0.590711,0.721966,0.100000,0.020000,1,0.969920
20.498281,23.472937,-0.802730,10.318083,-8.240770,-55.865067,646.380127,-53.266785,-4760.622559,0.447686,-0.570969,-0.688165,0.100000,0.020000,1,0.492973
20.640760,23.184135,0.316487,-84.414856,65.166046,-111.648758,-5781.610840,3325.603027,-6738.042969,0.778837,-0.534085,0.328886,0.100000,0.020000,1,0.163115
20.656092,23.535906,-0.386824,141.604431,-3.099760,181.843384,8606.202148,405.449036,11111.113281,0.758936,-0.509439,-0.405572,0.100000,0.020000,1,0.281022
20.846992,23.433502,0.106964,-173.475098,18.497330,67.543640,-10776.289062,1245.339233,3995.298584,0.849935,-0.473008,0.232107,0.100000,0.020000,1,0.811121
20.989519,23.432413,0.196583,56.718300,-53.884972,99.982529,4276.236816,-3284.439941,7071.706543,0.874090,-0.485364,0.019726,0.100000,0.020000,1,0.792989
20.460655,23.503166,-0.347934,-388.984955,-251.226135,-26.366631,-25328.408203,-15436.880859,-1327.009888,0.639242,-0.503326,-0.581405,0.100000,0.020000,1,0.920131
20.288921,23.619783,-0.539323,146.974670,-43.381435,-24.233009,7519.139648,-1884.154907,-2252.048340,0.722434,-0.480661,-0.497045,0.100000,0.020000,1,0.630685
19.154478,23.899908,-0.841246,-416.332397,119.962677,-147.830063,-21611.642578,9233.822266,-7237.035156,0.844080,-0.446104,-0.297524,0.100000,0.020000,1,0.697930
20.767506,23.442911,0.260442,-326.413818,-57.931435,-10.777502,-20358.923828,-3593.025146,-1178.424805,0.720541,-0.464381,0.514947,0.100000,0.020000,1,0.760211
20.833488,23.523434,0.031666,-422.071442,21.734211,-183.098984,-26522.519531,1696.140503,-12382.630859,0.846676,-0.431891,0.310822,0.100000,0.020000,1,0.486442
18.986504,24.376801,0.651347,-337.193787,346.508942,103.641632,-5463.063477,6651.583496,-2269.281738,0.447782,-0.538520,0.713784,0.100000,0.020000,1,0.268263
20.781019,22.721149,-0.180826,-531.684998,323.625122,-42.903343,-33594.253906,17320.757812,-2253.135254,0.823914,-0.408367,-0.392940,0.100000,0.020000,1,0.562709
20.840731,23.659416,0.050969,0.855400,-17.329617,-5.781100,-50.977188,-345.847687,-206.979813,0.924557,-0.380624,0.017874,0.100000,0.020000,1,0.418289
20.744394,23.786114,-0.137941,214.680267,-120.682129,-30.418015,13043.811523,-6363.920898,-2233.361572,0.923874,-0.373047,-0.085394,0.100000,0.020000,1,0.435443
18.708885,23.862530,1.052584,-431.026947,277.938171,181.239578,-15624.576172,2994.533691,9385.208008,0.596247,-0.549519,0.585251,0.100000,0.020000,1,0.116333
20.664713,23.848824,0.505345,61.963982,-119.923836,-10.712779,4004.987793,-5826.842285,-476.696960,0.631476,-0.464737,0.620691,0.100000,0.020000,1,0.353107
20.997263,23.864849,0.521618,-654.447876,-123.551498,-410.134155,-40436.753906,-6182.460449,-24986.228516,0.821876,-0.390430,0.414831,0.100000,0.020000,1,0.563368
21.860693,22.517038,0.733529,433.119934,-187.778717,278.299500,12978.371094,-6834.950684,12671.816406,0.900759,-0.425405,-0.087543,0.100000,0.020000,1,0.101012
20.735950,23.025373,-0.171061,-92.693665,72.432556,-65.913666,-6298.493164,2587.990967,-4023.981201,0.892538,-0.356385,-0.276343,0.100000,0.020000,1,0.273263
20.832903,23.955441,0.188051,15.157606,51.519562,22.108196,800.004150,5147.697754,1821.745483,0.928769,-0.351802,0.116717,0.100000,0.020000,1,0.611502
20.518402,23.574177,-0.650291,1.322237,-4.118971,-22.160461,-133.029861,379.040955,-1988.671509,0.536554,-0.484975,-0.690586,0.100000,0.020000,1,0.364727
20.864040,23.402296,-0.365905,-450.231812,125.079086,-45.401375,-28030.361328,7517.477539,-2932.543457,0.797432,-0.372589,-0.474636,0.100000,0.020000,1,0.638158
20.967316,23.611652,0.105047,-362.425415,174.858948,171.079498,-22441.105469,11423.236328,10550.450195,0.917544,-0.329184,0.223050,0.100000,0.020000,1,0.854682
20.227755,23.910658,-0.561828,-104.183899,114.019318,-22.767960,-8436.985352,9292.133789,-2088.354492,0.674339,-0.491947,-0.550686,0.100000,0.020000,1,0.005384
20.717590,22.989882,0.098153,-41.422157,27.814053,-37.405655,-3127.764160,-498.795868,-2987.644287,0.886451,-0.317757,0.336505,0.100000,0.020000,1,0.549435
20.774965,23.669073,-0.163069,-79.787659,40.569107,590.723755,-5423.479492,3186.872803,37213.304688,0.923548,-0.328841,-0.197290,0.100000,0.020000,1,0.087079
20.707541,23.772688,0.288471,-149.788727,-88.011810,-98.788956,-9658.428711,-4487.366699,-6665.753906,0.775658,-0.341339,0.530888,0.100000,0.020000,1,0.673605
20.728563,23.640991,-0.300688,-273.782715,-243.746445,-422.189667,-17713.929688,-14972.717773,-26733.015625,0.874272,-0.301372,-0.380556,0.100000,0.020000,1,0.883260
19.404200,23.793510,1.263650,-369.878662,3.503494,420.443054,-12851.060547,3286.323730,22109.689453,0.964080,-0.255468,-0.072700,0.100000,0.020000,1,0.661914
20.652382,23.682470,-0.310571,86.341324,-87.999146,-292.238403,5218.410645,-4771.412598,-17918.949219,0.713092,-0.374878,-0.592424,0.100000,0.020000,1,0.404160
20.744549,23.814981,0.215072,6.115202,-197.412872,102.897995,15.555494,-11426.383789,6141.604492,0.873574,-0.267746,0.406425,0.100000,0.020000,1,0.762080
20.635069,23.534361,0.317001,-691.832458,92.290627,232.528137,-44743.996094,5596.285645,15368.226562,0.950300,-0.233674,0.205734,0.100000,0.020000,1,0.180785
22.672775,23.277327,-1.753914,474.314972,-116.191589,-613.992065,12469.192383,-2261.370850,-20080.082031,0.971880,-0.234195,0.024524,0.100000,0.020000,1,0.292820
20.708990,23.737478,-0.143099,38.264542,-33.106865,-146.226288,1641.370972,-1484.002808,-9209.681641,0.952500,-0.229079,-0.200666,0.100000,0.020000,1,0.834219
20.816469,23.907278,0.144919,-13.467087,-224.270996,-98.192993,-1224.447266,-12841.730469,-5909.186035,0.968272,-0.227765,0.102820,0.100000,0.020000,1,0.364193
22.420561,22.865360,1.843274,514.359497,-225.568710,414.792664,23603.707031,-9777.816406,14939.038086,0.683258,-0.360598,0.634923,0.100000,0.020000,1,0.402220
21.078863,23.949501,-0.541232,65.414017,-304.356140,13.647982,6074.485840,-17242.564453,754.093384,0.588913,-0.405219,-0.699270,0.100000,0.020000,1,0.236482
20.694122,23.569811,-0.473668,-222.305237,331.975098,76.286606,-14253.199219,21022.509766,4621.212402,0.760212,-0.293710,-0.579493,0.100000,0.020000,1,0.993373
21.451399,23.731314,-0.210359,186.862335,-29.493374,-116.308823,14186.468750,-1404.999512,-9188.881836,0.929884,-0.191147,0.314291,0.100000,0.020000,1,0.518045
20.835075,23.894520,-0.310877,-195.622620,-154.479370,62.540573,-12236.450195,-8517.276367,4177.313965,0.837859,-0.227486,-0.496228,0.100000,0.020000,1,0.698375
20.833704,23.785137,0.354941,-131.972427,-167.010559,-5.416253,-8212.693359,-9779.973633,-414.495819,0.833786,-0.223083,0.505009,0.100000,0.020000,1,0.819574
20.271904,24.058483,-0.687221,-166.629547,37.393265,-184.036072,-13283.151367,3875.533447,-14533.854492,0.995993,-0.088204,0.014769,0.100000,0.020000,1,0.768521
20.227160,24.195063,-0.760897,-172.788284,42.896484,-194.423523,-3548.375244,8411.860352,-4152.569824,0.993409,-0.084289,-0.077685,0.100000,0.020000,1,0.095976
20.857216,24.917379,-1.247168,14.223648,318.231201,-302.629486,-2580.712891,26573.210938,-15232.173828,0.945613,-0.137576,-0.294769,0.100000,0.020000,1,0.200537
20.588169,23.508474,0.522558,104.309479,155.588547,-443.082550,5469.721191,9145.366211,-27109.320312,0.893431,-0.129327,0.430181,0.100000,0.020000,1,0.664370
20.769548,23.473803,-0.289779,-96.225967,137.159592,196.568726,-6464.844727,7844.168945,12446.639648,0.904580,-0.130817,-0.405737,0.100000,0.020000,1,0.361738
20.937103,22.576069,1.122442,206.622849,1.711823,302.941742,-4753.200684,-23051.089844,11025.595703,0.977117,-0.072565,-0.199942,0.100000,0.020000,1,0.886108
20.831030,23.939367,0.189915,-2.530265,-18.682413,-62.818970,-530.978333,-219.931702,-3799.009521,0.976471,-0.070897,0.203664,0.100000,0.020000,1,0.905717
20.480589,23.876970,0.410820,-89.867889,2.912010,-119.501617,-7554.551758,869.499451,-6187.094238,0.990932,-0.065838,0.117126,0.100000,0.020000,1,0.288691
20.442192,23.259611,0.365917,-41.462547,-114.037323,-55.184181,-1037.959351,-4198.398926,-1585.806274,0.569852,-0.393651,0.721324,0.100000,0.020000,1,0.050636
20.586390,23.199469,-0.666426,45.194054,0.294949,-15.895443,2558.003174,-1396.269775,-1643.898926,0.641699,-0.322144,-0.696021,0.100000,0.020000,1,0.183188
20.224766,23.326483,1.074012,-109.458221,-123.465553,181.644241,-3236.818359,-3336.613525,5487.468262,0.729267,-0.256419,0.634365,0.100000,0.020000,1,0.340598
20.818974,24.054113,0.308742,-22.656006,-200.836487,-123.962540,-1759.971802,-11278.357422,-7511.821777,0.946441,-0.059999,0.317252,0.100000,0.020000,1,0.594918
20.746901,23.952715,-0.136437,105.248169,-111.624252,-127.198380,5992.976562,-6075.132812,-7677.982422,0.952489,-0.058268,-0.298948,0.100000,0.020000,1,0.329850
19.600069,24.107882,0.494391,-253.660767,93.260101,-5.664279,-20418.228516,8226.919922,-464.627075,0.637830,-0.309283,0.705348,0.100000,0.020000,1,0.681488
20.777651,23.561911,0.379606,9.115760,-80.577682,199.951843,338.789734,-5601.098145,15716.187500,0.864780,-0.111132,-0.489699,0.100000,0.020000,1,0.572906
19.757444,25.478703,0.262706,-237.511139,569.610901,-31.018066,-3716.313477,16664.453125,-14070.279297,0.510247,-0.453981,0.730445,0.100000,0.020000,1,0.134466
21.827963,25.070854,-2.409286,327.063416,293.978882,-637.179688,8142.428223,25106.492188,-23260.425781,0.923535,-0.026918,-0.382568,0.100000,0.020000,1,0.003694
19.617359,24.201822,-0.176423,-298.915955,11.650970,-76.008240,-10893.623047,2299.425537,-202.505371,0.995318,0.041659,-0.087211,0.100000,0.020000,1,0.837564
22.198767,24.605207,0.440509,440.857819,175.064209,103.442963,4846.332031,12861.992188,7868.548828,0.991477,0.049411,0.120549,0.100000,0.020000,1,0.731081
21.455196,24.348057,0.644801,272.976135,103.447418,240.501892,19373.691406,8806.978516,17806.664062,0.998232,0.055124,0.022258,0.100000,0.020000,1,0.673588
20.524693,23.804276,-0.619347,124.693726,-131.792862,228.414917,7321.803223,-7614.344727,14360.003906,0.697115,-0.228075,-0.679715,0.100000,0.020000,1,0.905343
20.573282,23.745838,0.333507,133.359100,-170.824417,-54.357250,6921.370117,-7459.666504,-1963.000000,0.764413,-0.152744,0.626372,0.100000,0.020000,1,0.888172
20.867077,23.881683,-0.233208,10.455648,2.327965,-135.816895,649.298035,662.802124,-10854.682617,0.905453,-0.010856,0.424307,0.100000,0.020000,1,0.968265
20.797541,24.070538,-0.082605,23.148695,-75.266281,-46.459518,911.138123,-3686.773193,-2698.649658,0.979606,0.070997,-0.187967,0.100000,0.020000,1,0.187227
20.934111,23.667030,-0.518704,63.773529,-37.032814,-22.010963,4696.770508,-2327.029541,-1703.388672,0.785712,-0.143844,-0.601636,0.100000,0.020000,1,0.192085
22.173267,22.742342,2.449298,505.762451,-166.379944,605.742981,18683.992188,-8106.828125,19261.720703,0.851192,-0.066566,0.520616,0.100000,0.020000,1,0.137349
20.922760,23.805855,-0.232163,-248.668030,291.391174,-307.245605,-15395.578125,18574.525391,-18901.212891,0.880112,-0.006992,-0.474715,0.100000,0.020000,1,0.904561
19.776062,24.863129,2.210355,-287.651184,230.597443,751.599365,-14086.458008,19745.287109,22026.728516,0.954012,0.077248,-0.289645,0.100000,0.020000,1,0.802776
20.851986,24.160305,-1.322886,33.693108,65.063354,-216.476257,2381.912598,5943.538574,-17372.416016,0.804044,-0.067487,-0.590728,0.100000,0.020000,1,0.631699
21.680498,23.634476,0.601020,230.251617,-72.238678,97.599594,17701.806641,-5419.813477,7973.024902,0.968467,0.102824,0.226932,0.100000,0.020000,1,0.251252
21.065296,23.124378,0.077427,263.426575,-202.977020,-89.770325,17571.679688,-15609.176758,-6900.184570,0.862174,0.033691,0.505490,0.100000,0.020000,1,0.324957
20.885675,23.716578,-0.454265,19.268887,-81.018616,-41.773621,1237.985840,-5625.376465,-3313.672119,0.912870,0.097422,-0.396457,0.100000,0.020000,1,0.997288
20.763578,24.099859,-0.070503,-428.806274,383.959473,99.359695,-27792.957031,25085.755859,5900.434082,0.983563,0.178845,0.024862,0.100000,0.020000,1,0.423503
20.948254,23.968695,0.074930,-176.587708,149.289124,-400.188629,-11091.588867,9722.907227,-24700.560547,0.980529,0.179336,-0.080014,0.100000,0.020000,1,0.878349
20.104895,23.689659,-0.915671,-61.873688,-74.648415,-194.935608,-6526.444336,-4693.919434,-14054.113281,0.728860,-0.119711,-0.674116,0.100000,0.020000,1,0.921145
21.255125,24.293533,-0.083077,141.746460,54.030945,39.115467,4623.952637,2638.789551,-1463.420410,0.962073,0.194813,-0.190952,0.100000,0.020000,1,0.480018
20.734568,23.861319,0.492622,-33.710007,152.178696,31.095940,-2296.920410,10064.752930,2096.377930,0.780254,-0.028096,0.624832,0.100000,0.020000,1,0.784910
18.658674,24.304424,-0.276372,-535.042236,46.198357,-199.048157,-16366.146484,2228.784180,-7699.529785,0.893442,0.135041,0.428399,0.100000,0.020000,1,0.947979
20.784256,24.055569,0.165479,-433.552185,513.395142,-269.560303,-27970.298828,32974.191406,-16702.837891,0.970164,0.208825,0.123184,0.100000,0.020000,1,0.023873
20.865736,24.134321,0.298049,-468.436096,171.456116,-586.786438,-29764.845703,11674.480469,-36496.554688,0.947947,0.221874,0.228403,0.100000,0.020000,1,0.990063
20.353024,24.416555,1.191933,-125.840797,72.032219,285.612000,-2282.714844,3699.846436,8938.192383,0.921069,0.222854,0.319325,0.100000,0.020000,1,0.064213
20.850986,23.608982,0.454480,59.964424,-19.688240,12.094265,3854.445312,-2364.361084,1092.752075,0.848217,0.144513,0.509552,0.100000,0.020000,1,0.637180
20.692759,24.134655,-0.015682,49.559196,18.048721,-21.104877,2191.373047,1715.296753,-1167.884521,0.947643,0.310498,-0.074590,0.100000,0.020000,1,0.788967
19.503433,24.037615,0.127780,-312.339478,-9.415375,119.547485,-19593.119141,5796.087891,17406.078125,0.792476,0.063315,-0.606608,0.100000,0.020000,1,0.076865
20.776449,23.184143,0.030848,133.271255,-374.932251,82.555359,5827.042480,-12534.221680,2367.411865,0.883484,0.236354,-0.404465,0.100000,0.020000,1,0.597604
20.466890,23.846312,-0.220283,68.543922,-18.684086,-17.396137,2545.570801,-1621.010254,-1083.813599,0.919794,0.248834,-0.303414,0.100000,0.020000,1,0.126103
20.709522,24.143656,0.036911,70.627800,157.540039,-339.260925,3658.551025,10510.619141,-20652.845703,0.925264,0.324083,-0.197120,0.100000,0.020000,1,0.418396
21.192261,23.894108,0.674162,96.900009,-80.116287,156.608032,7289.431641,-5599.914551,12680.803711,0.938127,0.346220,0.007041,0.100000,0.020000,1,0.417097
20.544125,23.710907,0.651227,-193.833893,-18.777828,82.023224,-12780.208008,-856.298584,5655.692871,0.657063,-0.195421,0.728065,0.100000,0.020000,1,0.118326
20.650309,24.243704,0.174281,209.331238,-539.196167,50.871017,12334.335938,-32829.218750,2671.502930,0.876334,0.250399,0.411508,0.100000,0.020000,1,0.185554
20.223421,23.712351,0.147049,50.326279,-12.322266,-29.412186,380.004547,-2099.694580,-1889.673584,0.912565,0.350762,0.210218,0.100000,0.020000,1,0.451885
20.907885,23.345194,0.691470,138.596985,-40.894348,110.009186,8772.934570,-5464.113770,9446.810547,0.924457,0.360040,0.125502,0.100000,0.020000,1,0.366631
21.764633,23.410711,1.286802,309.800781,-90.698013,206.171967,24030.566406,-6921.430664,16147.203125,0.676713,-0.107542,0.728350,0.100000,0.020000,1,0.303158
20.780582,24.018513,0.424529,-63.756607,-35.926075,22.713806,-3992.777588,-1520.391357,1260.964111,0.769917,0.089063,0.631899,0.100000,0.020000,1,0.825695
20.780430,24.252537,-0.352887,-113.999374,-368.924377,100.973175,-7404.054199,-21811.990234,6478.182129,0.840848,0.173741,-0.512630,0.100000,0.020000,1,0.094944
20.014143,23.542303,0.645980,-298.128540,228.731293,-467.569641,-22425.533203,12398.668945,-25939.562500,0.892143,0.351506,-0.283770,0.100000,0.020000,1,0.562941
20.670925,23.919884,-0.412878,-1.719879,-17.433111,8.653751,1503.497314,331.625427,1426.727173,0.717780,0.004110,-0.696258,0.100000,0.020000,1,0.560325
20.949312,24.253187,-0.910197,73.011597,38.922836,-99.700867,5279.525879,3950.340820,-8261.083008,0.785954,0.165045,-0.595850,0.100000,0.020000,1,0.987483
20.416853,23.764404,0.072683,128.075653,-21.873543,183.886902,7108.235352,-3615.678955,11033.568359,0.912233,0.207505,0.353232,0.100000,0.020000,1,0.070619
20.782509,24.146673,-0.296251,-145.512299,-246.757919,-172.277054,-9371.095703,-14839.070312,-10606.868164,0.830438,0.267623,-0.488622,0.100000,0.020000,1,0.944491
20.684740,24.249058,0.258057,354.929291,-137.961334,-324.616486,22247.968750,-6748.814941,-21589.992188,0.707144,0.005491,0.707048,0.100000,0.020000,1,0.202673
20.011173,24.304207,0.006325,-229.760574,83.139961,-28.281317,-3801.070312,2678.902832,622.834473,0.863972,0.378253,0.332381,0.100000,0.020000,1,0.271253
20.121416,25.180496,1.028918,-153.430695,251.983673,289.307861,-12805.452148,20405.292969,23144.376953,0.873557,0.448395,-0.189315,0.100000,0.020000,1,0.990953
20.803350,24.286501,0.078609,-41.478874,-231.051666,-47.508945,-2911.417969,-13858.643555,-3025.687744,0.879826,0.461086,0.115352,0.100000,0.020000,1,0.274474
20.621780,24.303638,0.090318,-33.595879,-9.389515,-222.127762,-3181.198486,194.522385,-13409.539062,0.882353,0.464425,-0.075918,0.100000,0.020000,1,0.513899
20.628576,24.139275,0.719085,27.138905,-103.368469,-347.779114,1105.905029,-5568.279297,-20849.771484,0.764883,0.183177,0.617576,0.100000,0.020000,1,0.614474
20.227961,23.848150,0.498069,135.182327,-32.510437,-66.844742,6126.820312,-2618.967773,-3775.699463,0.798191,0.283366,0.531596,0.100000,0.020000,1,0.982714
20.627848,24.315458,0.488172,103.512711,-223.510132,-297.310120,5689.231934,-12998.418945,-18018.716797,0.827352,0.373554,0.419459,0.100000,0.020000,1,0.907710
20.830040,24.311068,0.025560,24.132462,27.804695,61.086487,1500.860352,2793.713135,5165.950684,0.833507,0.390798,-0.390568,0.100000,0.020000,1,0.793540
20.690393,24.230392,0.161815,-3.155121,15.777775,-47.490059,-891.494568,1461.920898,-2999.999756,0.856095,0.467532,0.220261,0.100000,0.020000,1,0.783540
20.366665,24.045483,0.249172,-43.260727,120.213699,10.500992,-4840.497070,7238.277344,1666.749756,0.875780,0.482558,0.012124,0.100000,0.020000,1,0.161460
21.143497,23.697182,-0.374101,146.277740,-65.212097,34.447960,10931.321289,-4744.333984,2723.524414,0.721516,0.096309,-0.685667,0.100000,0.020000,1,0.157866
20.176460,23.954733,0.024716,129.526810,-28.892601,81.622818,5416.690430,-2509.831299,4313.541992,0.830349,0.465905,0.305699,0.100000,0.020000,1,0.134679
21.053484,24.834702,0.410257,178.630524,175.928314,186.557709,-8058.875977,5250.198242,5148.524902,0.822785,0.493924,-0.281184,0.100000,0.020000,1,0.479111
20.660297,24.056917,0.561746,-33.023224,25.959885,-141.103317,-2513.750977,1950.296021,-8430.322266,0.744231,0.277876,0.607376,0.100000,0.020000,1,0.918369
20.701332,23.629259,-0.090194,-139.540176,6.232368,-241.978271,-9095.678711,-1167.079102,-13851.302734,0.752003,0.305547,-0.584066,0.100000,0.020000,1,0.449305
21.067722,23.514809,-0.105010,120.551575,-211.799927,55.123299,8704.509766,-15945.873047,4229.250977,0.787954,0.479873,-0.385812,0.100000,0.020000,1,0.277570
21.257933,24.848688,-0.255445,149.028564,112.998108,-59.811615,11200.907227,9810.082031,-4896.988770,0.811844,0.583610,0.017575,0.100000,0.020000,1,0.504219
20.097464,23.134743,-2.549615,-128.776886,-356.772186,-687.045837,-2531.411621,-3979.614258,1097.781250,0.767281,0.401404,-0.500155,0.100000,0.020000,1,0.674975
20.579050,24.297045,0.388463,103.615662,-195.234802,167.809692,5725.221191,-11394.009766,10600.523438,0.750930,0.401607,0.524230,0.100000,0.020000,1,0.843365
21.725304,22.221550,0.527956,551.976013,-454.769470,-78.649887,16703.087891,-16864.777344,-4231.734375,0.775244,0.481619,0.408706,0.100000,0.020000,1,0.358428
20.681965,24.374037,-0.153553,-219.723557,-5.800086,-25.817604,-14406.494141,317.595093,-1678.367188,0.787625,0.585327,-0.192459,0.100000,0.020000,1,0.319832
20.728979,24.451893,-0.050381,77.536621,-127.913544,-80.364746,4527.931152,-7112.214355,-5018.634766,0.794701,0.600895,-0.085879,0.100000,0.020000,1,0.557460
20.528355,23.106565,-0.112864,-201.109344,205.354431,173.480774,-13887.729492,8301.116211,10127.545898,0.791160,0.600903,0.113940,0.100000,0.020000,1,0.265291
20.659847,24.176058,-0.061242,-182.578430,70.087906,136.573502,-12108.629883,4247.677734,7678.420410,0.772415,0.594776,0.222750,0.100000,0.020000,1,0.971148
20.325266,23.869152,0.723484,150.302246,-39.111259,-24.487486,7902.150391,-2369.289551,-768.566895,0.678381,0.090651,0.729097,0.100000,0.020000,1,0.174059
20.692814,23.519863,-0.935790,0.549481,52.216793,-40.762955,-342.716309,389.426422,-5565.063965,0.750713,0.589530,-0.298135,0.100000,0.020000,1,0.403609
20.511612,24.297539,0.253556,-35.780754,27.501686,-31.574112,-3364.878906,2096.968262,-1950.842285,0.742089,0.583304,0.330244,0.100000,0.020000,1,0.771084
20.710573,24.212896,-1.706250,57.710236,8.547077,-363.260193,2809.874756,-1631.961182,-10824.767578,0.683735,0.207491,-0.699610,0.100000,0.020000,1,0.650223
21.093349,23.835119,-1.058833,162.828094,-91.400566,-181.623657,4010.114014,966.904785,-13772.892578,0.711713,0.393922,-0.581626,0.100000,0.020000,1,0.052398
20.431728,24.075907,0.417088,84.486732,146.503891,-308.090454,4000.281982,8986.197266,-19260.828125,0.714161,0.484361,0.505340,0.100000,0.020000,1,0.050405
21.278103,24.424040,-0.001715,176.438995,7.489326,93.246887,13304.491211,1349.153687,7027.979492,0.719291,0.586051,-0.373049,0.100000,0.020000,1,0.969190
20.627478,24.485617,-0.005822,-16.709332,-17.405622,-22.397488,-1649.851440,-264.642303,-1201.291992,0.726984,0.682340,-0.076855,0.100000,0.020000,1,0.160553
20.067362,23.958422,-0.578620,-39.811813,0.613743,-71.404572,-5371.438965,-1340.133057,-6314.172363,0.702167,0.683840,-0.198303,0.100000,0.020000,1,0.321753
20.614685,24.092220,0.568075,26.309963,0.095192,8.016228,1281.138062,693.150818,684.867554,0.672489,0.200354,0.712473,0.100000,0.020000,1,0.511265
20.050041,24.512987,0.719438,-141.731903,102.427032,356.760010,-3158.798828,4204.081055,10203.668945,0.671032,0.305208,-0.675695,0.100000,0.020000,1,0.516426
20.200752,24.400187,0.103193,-108.948868,53.219322,-91.982765,-8598.984375,2316.190918,-6298.640137,0.679872,0.405682,0.610898,0.100000,0.020000,1,0.075441
20.281340,24.644320,0.412445,-61.201797,55.664902,22.971527,-5738.735352,5282.406250,1841.809326,0.679803,0.592471,0.432258,0.100000,0.020000,1,0.521052
20.789513,24.211136,-0.130199,-206.653900,19.967005,288.163635,-12853.019531,835.178772,17311.654297,0.689923,0.715751,0.108199,0.100000,0.020000,1,0.203669
20.563021,24.469524,-0.150273,-87.911072,138.908966,-5.665844,-6266.101074,9452.945312,-1619.472046,0.678371,0.705326,0.205737,0.100000,0.020000,1,0.557585
20.186127,24.357548,-0.375127,238.524643,221.424774,127.696945,12766.918945,14785.056641,8054.805176,0.689658,0.517006,-0.507027,0.100000,0.020000,1,0.053821
20.662777,24.396135,0.078811,-19.158237,-15.550974,11.405624,-1517.744507,-692.959045,1038.463257,0.679136,0.734004,0.003511,0.100000,0.020000,1,0.090656
22.047092,24.807852,0.782127,400.388489,82.978470,124.736389,30889.847656,7343.552246,10145.828125,0.636431,0.700306,0.323308,0.100000,0.020000,1,0.908724
20.506266,24.561411,-0.206900,20.518711,-92.977463,-73.541199,455.904022,-4838.244629,-4647.618164,0.640978,0.715132,-0.278805,0.100000,0.020000,1,0.984494
20.323277,24.204576,-0.679579,3.572411,20.789001,-78.589828,-1294.351807,1541.835938,-5949.102539,0.628558,0.493740,-0.600946,0.100000,0.020000,1,0.802313
20.665453,24.502649,0.401476,-208.142761,-265.844910,-11.177032,-13232.621094,-15589.915039,-625.361267,0.624098,0.584475,0.518547,0.100000,0.020000,1,0.340420
19.558718,23.871523,-0.101452,-35.387817,89.786415,37.652691,-6929.782715,3616.161377,2508.190430,0.604095,0.776248,-0.180299,0.100000,0.020000,1,0.370866
20.622864,24.485012,0.213763,-126.252213,-65.597786,-415.614807,-8224.625977,-3689.382812,-25422.080078,0.604861,0.795892,0.026442,0.100000,0.020000,1,0.394551
20.907078,24.929417,0.224282,146.475708,174.111755,-66.162476,10211.871094,14210.208984,-5110.918457,0.612996,0.505038,0.607596,0.100000,0.020000,1,0.825357
21.541437,24.961582,0.268752,292.859955,139.510529,149.106491,22121.847656,11557.860352,11773.721680,0.594377,0.696429,-0.402122,0.100000,0.020000,1,0.885360
20.473686,24.357622,0.074077,40.172001,139.947479,-60.226982,1713.674927,8729.403320,-3843.380859,0.586282,0.802039,0.114047,0.100000,0.020000,1,0.078200
20.595222,24.499748,-0.045528,-150.756668,-21.961788,-73.774689,-9827.648438,-908.114014,-4566.273926,0.585295,0.805686,-0.091108,0.100000,0.020000,1,0.345385
20.462917,24.064331,0.549016,126.960846,82.629120,-16.756271,7097.789062,5513.939941,-973.564514,0.635734,0.284961,0.717383,0.100000,0.020000,1,0.291716
20.399492,24.354404,0.270093,208.856781,75.636810,9.035391,12117.904297,4974.081543,378.345306,0.571633,0.699631,0.428663,0.100000,0.020000,1,0.750300
20.013124,24.432301,-0.338881,65.317673,33.159885,-86.189499,5228.709961,-1558.312012,-3147.074219,0.559186,0.778657,-0.284613,0.100000,0.020000,1,0.991967
20.414474,24.532711,0.289583,285.607666,-35.876324,-107.144424,17054.009766,-1641.981934,-6231.868652,0.555730,0.801621,0.220383,0.100000,0.020000,1,0.581714
20.492790,24.290075,-0.497097,-50.506271,-412.681824,-442.300049,-3909.689453,-25123.662109,-27852.533203,0.607025,0.384255,-0.695607,0.100000,0.020000,1,0.415940
20.252932,24.259914,-0.515857,35.771099,11.453764,121.101639,526.247559,787.613159,7073.935059,0.594181,0.618117,-0.514665,0.100000,0.020000,1,0.061295
20.602839,24.498142,0.050095,-256.857880,-74.936401,341.175659,-16335.374023,-4203.497070,20788.103516,0.536281,0.784868,0.310461,0.100000,0.020000,1,0.691951
19.210377,25.363720,-0.934121,-356.879578,291.170074,-142.135834,-11445.308594,9710.688477,-4846.867188,0.551472,0.584078,-0.595594,0.100000,0.020000,1,0.854202
20.460918,24.480337,-0.382113,-10.966446,-43.270157,-12.287706,-1407.570923,-1974.168945,-886.991272,0.542609,0.687833,-0.482143,0.100000,0.020000,1,0.210039
20.503019,24.448318,-0.011144,-13.808296,184.814148,-189.671341,-1289.678223,11718.331055,-11773.434570,0.492140,0.866867,-0.079630,0.100000,0.020000,1,0.510785
20.325584,24.442913,0.271973,295.176392,-89.981689,124.817535,17428.216797,-5042.713379,7397.344238,0.518739,0.674671,0.525099,0.100000,0.020000,1,0.411741
20.047119,24.618837,-0.289351,118.699684,187.933594,-427.483521,5185.304199,12882.801758,-27036.201172,0.492299,0.785393,-0.375232,0.100000,0.020000,1,0.782098
19.914871,24.004889,0.124303,104.456642,105.271683,9.450363,3414.026123,3556.277588,1190.928589,0.469901,0.873660,0.126141,0.100000,0.020000,1,0.238048
21.206001,25.115126,0.752035,211.023834,163.081909,181.473541,15911.277344,13077.227539,14508.291992,0.468173,0.883163,0.028940,0.100000,0.020000,1,0.144466
20.478556,24.226906,0.428935,13.962221,-42.302025,128.136353,170.776123,-1966.285522,7656.804199,0.585430,0.369194,0.721781,0.100000,0.020000,1,0.487652
20.668661,24.264505,-0.558241,-879.122925,-133.094101,111.443665,-55340.468750,-7869.136230,6804.689453,0.557424,0.472539,-0.682632,0.100000,0.020000,1,0.309903
19.841677,24.947277,1.326615,-88.598053,145.047272,189.097778,-8829.695312,12200.434570,15568.553711,0.528661,0.579371,0.620360,0.100000,0.020000,1,0.120924
20.942003,24.987501,0.251954,135.101776,148.310699,-10.878315,10006.846680,11988.495117,-969.360474,0.478856,0.763391,0.433510,0.100000,0.020000,1,0.932356
20.670656,24.966211,0.239842,90.736847,83.412491,84.644745,6119.481934,7459.287109,6890.020020,0.456777,0.871823,-0.176861,0.100000,0.020000,1,0.010047
19.961943,23.553829,0.527197,-120.279114,195.125275,-655.559265,-10124.587891,8612.449219,-39832.878906,0.445059,0.869771,0.213120,0.100000,0.020000,1,0.353837
20.620966,24.935183,-0.336855,73.316170,110.810577,-0.344650,4842.585449,9452.386719,67.797211,0.455291,0.746015,-0.485974,0.100000,0.020000,1,0.128985
20.348848,24.689571,0.303807,70.095398,-277.361877,-186.344177,3558.968750,-16399.384766,-11446.650391,0.430474,0.847820,0.309666,0.100000,0.020000,1,0.150997
20.739258,25.018200,-0.517224,124.830002,155.319168,-15.759991,2884.061768,7471.878906,-1325.027710,0.468151,0.658549,-0.589192,0.100000,0.020000,1,0.426759
20.912624,23.515747,0.900760,240.470825,-253.866516,401.875061,16752.587891,-19774.818359,30304.863281,0.404906,0.831174,-0.381051,0.100000,0.020000,1,0.091545
20.495857,24.481588,-0.017492,-345.010040,78.241592,256.121948,-21862.439453,4914.340820,16056.738281,0.372181,0.928083,0.011936,0.100000,0.020000,1,0.370938
20.037066,23.834791,0.213104,55.971752,0.915096,100.657623,1216.671875,-1450.442261,9319.393555,0.497401,0.546696,-0.673584,0.100000,0.020000,1,0.716205
20.196236,24.194649,0.641355,-17.047035,-51.726334,62.032028,-2519.916016,-3938.998535,5040.094238,0.417536,0.755464,0.504914,0.100000,0.020000,1,0.676772
20.445215,25.084032,-0.645045,35.205116,185.875946,-117.863037,3088.050781,2201.192383,-2917.250000,0.388315,0.869289,-0.305855,0.100000,0.020000,1,0.212887
20.013102,25.995823,0.068644,-44.203293,416.252441,33.633408,-4035.892578,13968.071289,1424.114624,0.345361,0.934739,-0.083600,0.100000,0.020000,1,0.407523
20.253904,24.886295,0.102496,-2.772404,54.419296,0.104594,-1182.538696,5083.401855,82.319382,0.343567,0.932128,0.114449,0.100000,0.020000,1,0.417328
22.441475,24.801371,-1.562496,611.314575,68.176285,-566.749817,35183.332031,9321.587891,-14168.158203,0.359556,0.837862,0.410738,0.100000,0.020000,1,0.795782
20.204426,24.536905,-0.277297,-5.866516,57.367653,87.441071,-664.546387,4581.839355,5909.161133,0.324743,0.925583,-0.194520,0.100000,0.020000,1,0.577052
20.084629,24.344444,0.071243,116.496040,169.639923,-400.177155,5716.191895,10123.016602,-25653.806641,0.319455,0.920594,0.224623,0.100000,0.020000,1,0.211712
20.486591,24.128550,0.623849,27.583801,-14.018049,13.576725,1272.344482,-913.369324,1244.178223,0.512507,0.467127,0.720506,0.100000,0.020000,1,0.306664
20.322948,24.286617,0.378406,15.510300,-2.433043,-9.239727,47.013557,-98.008873,-944.417786,0.430325,0.645976,0.630505,0.100000,0.020000,1,0.483115
20.373198,24.566181,-0.329872,-336.489105,-326.414520,-451.023956,-21699.417969,-19892.919922,-28335.791016,0.336272,0.803847,-0.490663,0.100000,0.020000,1,0.618567
20.431942,24.293558,-0.758378,49.289246,-67.445892,-136.132477,3003.217285,-5039.533203,-10905.597656,0.295023,0.914163,-0.277968,0.100000,0.020000,1,0.073537
18.414156,24.710180,2.164238,-528.559692,15.607910,606.032410,-19051.224609,2890.927002,19396.816406,0.278009,0.907845,0.313892,0.100000,0.020000,1,0.557300
20.778194,25.094898,-1.086874,306.294922,406.675934,-430.865234,7859.533691,11109.917969,-14754.668945,0.242035,0.970084,0.018852,0.100000,0.020000,1,0.943495
20.304138,24.667833,0.427397,24.877234,-387.987976,-156.765747,899.849121,-23338.244141,-9702.919922,0.311745,0.796992,0.517319,0.100000,0.020000,1,0.861604
20.422504,25.339170,2.748176,61.542309,203.945450,856.694397,-465.531250,8016.994141,34436.496094,0.223625,0.969709,-0.098269,0.100000,0.020000,1,0.993960
20.288860,24.192532,0.635355,4.109892,1.429023,14.353649,-877.612732,134.859100,1352.762695,0.458179,0.525635,0.716785,0.100000,0.020000,1,0.937516
20.188074,23.877237,-0.702484,46.169327,65.414032,601.328125,1504.543945,2583.691895,37120.703125,0.405261,0.609214,-0.681633,0.100000,0.020000,1,0.895485
20.036079,23.754097,0.579987,100.199677,-47.249619,-24.767105,4408.069824,-5322.605469,-1057.056030,0.358620,0.695737,0.622368,0.100000,0.020000,1,0.490588
19.342194,25.448017,0.825922,-189.907166,212.554993,184.072083,-16364.112305,17319.501953,14367.262695,0.201465,0.952549,0.228173,0.100000,0.020000,1,0.429856
20.987562,23.823563,0.579231,206.232727,-236.026764,135.953690,17925.753906,-9416.523438,7354.237305,0.194883,0.973143,0.122525,0.100000,0.020000,1,0.723999
21.061771,24.974773,-0.550064,226.482544,87.449753,-97.290024,17178.513672,7481.612305,-7538.414551,0.178743,0.939400,-0.292538,0.100000,0.020000,1,0.812349
21.489489,23.954113,-1.075752,372.551392,-159.361877,-189.551498,7589.046875,-1983.188965,-4495.641602,0.328769,0.718094,-0.613394,0.100000,0.020000,1,0.168347
20.295914,24.577120,-0.201166,-159.412720,-250.660522,76.906891,-10660.913086,-14940.283203,5819.814453,0.280237,0.760151,-0.586206,0.100000,0.020000,1,0.760335
20.293093,24.505281,0.414681,-64.269768,67.848938,-216.592743,-4319.586914,4297.766602,-12933.833008,0.157850,0.933128,0.323040,0.100000,0.020000,1,0.492901
19.809000,25.009460,0.273762,-40.242050,85.525848,110.392822,-4842.604980,7420.277832,8744.535156,0.161072,0.965360,-0.205270,0.100000,0.020000,1,0.177368
20.102690,24.555386,0.439238,268.516998,-25.490387,-181.278564,15727.862305,-1200.017822,-10928.125977,0.213431,0.877804,0.428844,0.100000,0.020000,1,0.088574
20.102594,23.940594,-0.469111,282.616547,47.885429,-236.465759,16687.978516,940.435974,-15383.656250,0.192608,0.851488,-0.487719,0.100000,0.020000,1,0.171692
19.433527,24.487463,0.108234,-155.781799,-35.516510,87.657516,-13652.211914,-2245.042236,7145.735840,0.147641,0.914515,-0.376648,0.100000,0.020000,1,0.585824
20.207733,24.194143,0.236243,-2.403442,-7.015833,-68.662201,-1360.996094,-639.014832,-5537.968750,0.368146,0.598864,0.711217,0.100000,0.020000,1,0.432649
20.317154,24.392477,0.390264,-138.612213,40.426071,116.537354,-9147.454102,2675.844971,7106.496094,0.244968,0.753333,0.610310,0.100000,0.020000,1,0.830571
19.824995,24.324123,0.250531,361.546509,-272.036530,260.507874,20552.867188,-17592.207031,15874.039062,0.180187,0.832038,0.524638,0.100000,0.020000,1,0.500785
20.032299,24.584925,0.462880,375.228394,11.347069,-678.828430,22423.103516,1174.986206,-42221.074219,0.131169,0.895967,0.424308,0.100000,0.020000,1,0.741634
20.740557,25.309984,0.292353,164.263000,172.805237,35.785984,12246.648438,14140.402344,2810.600342,0.068551,0.973660,0.217456,0.100000,0.020000,1,0.406793
20.136045,24.084553,-0.263591,72.512512,-2.648125,-48.078323,3966.936523,-2135.311523,-4193.774902,0.054839,0.998321,0.018665,0.100000,0.020000,1,0.532708
20.848557,24.221968,-1.093528,124.030304,-27.061821,-113.164520,9481.530273,-2031.764404,-9634.908203,0.304540,0.672593,-0.674443,0.100000,0.020000,1,0.554097
20.032955,25.172281,-0.848442,-7.448887,128.344299,-246.131683,-1001.906677,3027.268555,-8658.515625,0.047217,0.957357,-0.285023,0.100000,0.020000,1,0.853134
21.119532,24.865940,0.551642,311.089111,79.894241,150.191971,23525.962891,6899.529297,12047.446289,0.046134,0.995337,-0.084711,0.100000,0.020000,1,0.148256
20.088686,24.591913,-0.115332,1.426083,-111.628876,-11.321125,-664.689697,-6844.474121,-618.098999,0.038908,0.981445,-0.187756,0.100000,0.020000,1,0.971699
20.266426,22.963285,-2.043173,236.529541,-48.595291,-396.665497,-180.026489,-16998.564453,-16299.282227,0.160104,0.803546,-0.573307,0.100000,0.020000,1,0.961823
19.948837,24.972075,-0.713394,-42.421188,122.772774,-336.689575,-423.372803,5065.298340,-4691.449707,0.028157,0.944421,0.327532,0.100000,0.020000,1,0.799573
19.973093,24.500563,-0.035808,-401.149292,306.768738,186.143784,-26527.761719,19144.429688,11251.596680,0.028285,0.993187,0.113050,0.100000,0.020000,1,0.075086
19.576874,24.794147,-0.530609,-134.889923,32.477921,-83.022705,-1721.108398,5838.073242,-8663.135742,-0.051979,0.995633,-0.077548,0.100000,0.020000,1,0.360848
20.368717,24.389591,0.408198,-110.739609,-176.073364,193.053223,-7246.208496,-10677.473633,11713.699219,0.275122,0.651650,0.706866,0.100000,0.020000,1,0.861159
19.736311,24.131548,0.261781,-100.529480,-66.686905,-54.923645,-8862.962891,-5266.345215,-4264.759277,0.145078,0.775802,0.614071,0.100000,0.020000,1,0.840820
19.885021,24.573956,0.465183,-24.207748,12.424561,17.531223,-3216.820557,1328.518311,1444.958008,0.073998,0.850256,0.521142,0.100000,0.020000,1,0.638425
20.090218,24.679308,0.013535,21.709723,50.582214,76.224396,566.939270,4130.392578,6403.248047,0.064142,0.864606,-0.498339,0.100000,0.020000,1,0.375956
20.945852,24.415052,-0.362135,191.375458,32.521923,-9.368330,15063.138672,1674.301758,-954.079285,-0.007442,0.927617,-0.373459,0.100000,0.020000,1,0.668249
19.943539,24.546881,-0.327662,472.497467,5.816763,-194.770126,28811.804688,369.736664,-13055.078125,-0.072275,0.977651,-0.197421,0.100000,0.020000,1,0.688303
20.001471,24.411825,0.298677,-14.134583,0.776543,26.155624,-1830.266602,-297.353455,1640.093994,-0.014467,0.912576,0.408650,0.100000,0.020000,1,0.308639
19.834488,24.328955,0.022755,71.094055,-3.538216,54.224541,3103.955811,-1122.123047,2874.368164,-0.099046,0.972921,0.208839,0.100000,0.020000,1,0.913031
19.881102,24.585705,0.447264,-10.902386,206.717438,29.016754,-1865.489868,13173.915039,3350.203125,-0.103691,0.988084,0.113746,0.100000,0.020000,1,0.653195
20.334944,24.534883,-0.253480,255.032959,-342.270508,46.948517,15954.049805,-20745.603516,4008.178955,0.190597,0.705188,-0.682923,0.100000,0.020000,1,0.442507
20.329592,24.945057,-2.426849,105.844543,114.250214,-563.714294,7143.020996,9206.259766,-44239.820312,-0.021325,0.876108,-0.481642,0.100000,0.020000,1,0.145303
20.022551,24.460375,-0.167496,24.714424,127.556458,7.841234,970.234314,7777.169922,718.203796,-0.099994,0.948793,-0.299656,0.100000,0.020000,1,0.636361
19.567991,24.263165,0.509500,307.650391,-75.429672,-488.097351,16957.089844,-6001.733887,-28754.183594,-0.111635,0.993457,0.024112,0.100000,0.020000,1,0.011185
21.200495,26.470547,-0.050796,324.681152,586.179565,128.702301,22099.283203,18794.748047,-10255.176758,0.044353,0.807326,-0.588437,0.100000,0.020000,1,0.146655
20.211956,22.994732,-0.381169,234.026627,-45.151115,-87.267647,14064.925781,-22893.460938,5774.185547,-0.189940,0.981745,0.010014,0.100000,0.020000,1,0.461903
20.100525,24.554718,-0.946614,3.301144,63.833847,-111.292480,-667.120667,5076.978027,-8927.565430,0.115336,0.732759,-0.670643,0.100000,0.020000,1,0.743627
20.023138,24.467911,0.622927,61.568260,-9.848377,-145.963440,2935.820801,-373.070038,-8457.063477,0.025765,0.799984,0.599469,0.100000,0.020000,1,0.729231
19.974936,24.611095,0.427432,51.579346,-97.064133,-54.749359,2319.156738,-5471.200195,-3253.772705,-0.046718,0.856406,0.514185,0.100000,0.020000,1,0.706970
19.144777,26.527300,0.535250,-218.635376,552.012085,259.531036,-17954.548828,43321.089844,19829.228516,-0.130645,0.910231,-0.392952,0.100000,0.020000,1,0.808666
19.722467,24.342937,0.299853,130.296982,-77.191925,-204.156128,6508.534180,-5615.070312,-12600.839844,-0.140221,0.939010,0.314003,0.100000,0.020000,1,0.136779
19.982851,24.605869,-0.026487,49.930679,-70.973099,-25.195572,2716.313965,-4206.170898,-1126.710815,-0.203169,0.961234,-0.186418,0.100000,0.020000,1,0.452099
20.597076,23.747269,0.518230,223.948669,-227.235168,114.570953,16294.910156,-17685.583984,9023.148438,-0.212544,0.969569,0.121492,0.100000,0.020000,1,0.854682
20.047173,24.398785,-0.125268,-290.279938,74.629364,119.772369,-18450.445312,4080.949951,7301.733887,-0.216302,0.972527,-0.086045,0.100000,0.020000,1,0.268690
19.940033,24.395130,0.535187,66.247620,27.007912,33.654716,2384.131104,2079.229980,2163.118896,0.193732,0.673523,0.713326,0.100000,0.020000,1,0.309101
19.669556,24.071262,0.020128,59.059746,-123.012573,-458.502747,2087.905273,-9632.372070,-27980.662109,-0.234527,0.929573,-0.284413,0.100000,0.020000,1,0.660491
19.948841,24.482647,0.311767,-577.306519,-104.761833,61.190422,-37083.941406,-6636.973633,3895.026123,-0.177516,0.893594,0.412284,0.100000,0.020000,1,0.069658
20.904785,25.690275,0.457450,187.347672,263.520142,154.922485,1664.980225,4923.707031,6540.658203,-0.252082,0.943470,0.215219,0.100000,0.020000,1,0.205822
20.310400,25.850266,-0.239029,161.623459,368.381592,-123.157852,8874.760742,24940.712891,-2953.583496,-0.246999,0.914820,0.319525,0.100000,0.020000,1,0.734320
20.088238,24.541046,0.678337,-10.113245,55.879105,40.474167,-793.614380,1453.319336,1202.083862,0.097946,0.698748,0.708631,0.100000,0.020000,1,0.496709
20.346235,24.297256,-1.316207,181.412292,69.777580,-207.242706,11599.039062,3735.703369,-17096.134766,0.101593,0.870167,-0.482170,0.100000,0.020000,1,0.010491
19.544500,23.632879,-0.151356,66.676506,38.108215,-486.695129,1598.626099,-852.684814,-29515.460938,-0.082964,0.798354,-0.596446,0.100000,0.020000,1,0.456102
19.985775,24.608587,-0.144640,12.907828,19.144638,54.272491,315.219696,1844.147827,4349.231445,-0.171566,0.851239,-0.495940,0.100000,0.020000,1,0.152776
19.874166,24.462547,0.396269,6.138371,-5.821749,-52.868660,-523.054138,-302.736481,-3261.033203,-0.188386,0.837582,0.512803,0.100000,0.020000,1,0.431902
19.397751,24.016979,-0.091071,208.162415,-78.276962,181.891602,10451.501953,-6865.602539,9831.814453,-0.258990,0.873694,0.411805,0.100000,0.020000,1,0.938637
18.988901,23.700863,2.059500,-13.523769,66.135460,591.679199,-3977.088867,-8736.134766,22455.197266,-0.368226,0.925853,-0.084884,0.100000,0.020000,1,0.586465
19.766733,25.077410,-0.777806,33.809395,137.404617,-160.539703,1312.937256,11027.579102,-12864.088867,-0.365503,0.915398,-0.168684,0.100000,0.020000,1,0.334957
19.926596,25.219421,1.162657,35.520271,192.943085,130.125137,1407.537964,5166.378418,2228.786133,-0.104212,0.780666,0.616199,0.100000,0.020000,1,0.487474
20.286564,24.986141,-0.058869,145.807968,122.753510,94.921387,10320.252930,9862.112305,6941.078125,-0.287971,0.875490,-0.388058,0.100000,0.020000,1,0.264935
19.757912,24.616055,0.166601,-35.332634,-215.511200,-42.690372,-3053.141602,-13141.556641,-2632.737305,-0.375935,0.903485,0.205882,0.100000,0.020000,1,0.966841
17.813032,25.996176,1.526524,-387.279205,639.709473,412.420166,-21796.472656,22960.046875,15959.885742,-0.386032,0.922441,0.009098,0.100000,0.020000,1,0.353090
20.282265,24.669163,-1.137480,-131.235199,314.153229,-254.979553,-8778.111328,16212.332031,-10354.509766,-0.006580,0.721306,-0.692585,0.100000,0.020000,1,0.612605
19.773834,24.665728,0.162939,-90.737083,-440.636627,212.766815,-6465.754883,-27053.193359,13178.720703,-0.379781,0.874196,0.302569,0.100000,0.020000,1,0.888616
19.787989,24.232491,-0.368490,28.960140,-87.990860,-35.955906,1171.883057,-6608.965332,-2915.800049,-0.387230,0.875167,-0.290062,0.100000,0.020000,1,0.964386
19.829939,24.144522,0.488170,-84.664154,-42.958401,-22.870125,-925.370117,-186.962158,1909.364502,-0.008816,0.713559,0.700539,0.100000,0.020000,1,0.842244
20.726471,23.107162,-0.424695,319.289917,-135.079346,1.973654,22830.912109,-13956.022461,171.250748,-0.193099,0.783067,-0.591201,0.100000,0.020000,1,0.798861
19.582283,24.096344,-0.319750,-83.788010,161.398956,160.397644,-7074.527344,8753.787109,10293.361328,-0.297354,0.820310,-0.488542,0.100000,0.020000,1,0.600718
19.895920,25.228493,0.940149,14.999768,176.174591,115.180908,152.260666,14612.157227,9304.990234,-0.191661,0.765044,0.614796,0.100000,0.020000,1,0.669530
22.475483,25.173170,1.122743,769.668396,221.196609,169.901154,28410.562500,8618.908203,11875.147461,-0.304747,0.798610,0.518992,0.100000,0.020000,1,0.492119
19.990978,24.970490,0.382784,73.909531,104.195068,41.386566,4994.143066,8534.373047,3875.382080,-0.432232,0.895120,0.109253,0.100000,0.020000,1,0.020083
19.617085,24.465855,0.068190,122.317764,35.427811,-411.999481,6667.927246,2160.097656,-25424.431641,-0.488168,0.867434,-0.096179,0.100000,0.020000,1,0.433236
19.527922,24.482706,0.004455,398.191833,-10.795771,140.516479,23707.798828,-676.860107,8506.105469,-0.487669,0.864178,0.123994,0.100000,0.020000,1,0.360065
19.559095,24.465860,0.103255,275.638641,-3.024447,-122.888046,16122.785156,-273.613770,-7354.128418,-0.494497,0.869129,0.009360,0.100000,0.020000,1,0.540698
20.207413,24.469034,-0.418013,109.457855,16.627880,-23.060585,8081.979004,1127.108398,-2017.534058,-0.408509,0.827771,-0.384598,0.100000,0.020000,1,0.150570
19.370747,24.070633,0.674412,-94.081146,-143.741898,215.868774,-3697.393799,-4690.758789,5492.252441,-0.502501,0.846479,-0.175972,0.100000,0.020000,1,0.669388
19.276472,24.404381,-0.271428,-125.193054,80.196442,60.582344,-5606.225098,8503.230469,-471.870361,-0.386558,0.790452,-0.475142,0.100000,0.020000,1,0.056988
19.662624,24.703482,0.777726,-3.694668,56.096924,95.945496,-1336.467407,4643.827148,8026.881836,-0.407708,0.813232,0.415245,0.100000,0.020000,1,0.303603
20.046824,24.136332,-0.240517,310.653259,93.599838,-74.628616,4806.514648,4160.206543,-6871.640137,-0.487972,0.814943,0.312652,0.100000,0.020000,1,0.788131
19.775648,24.418861,-0.495194,29.366421,-72.337158,48.667046,899.233521,-4442.515137,2805.595215,-0.300415,0.753156,-0.585240,0.100000,0.020000,1,0.371418
19.538210,24.105715,-0.469512,20.271631,20.173779,197.771393,-24.555605,-136.852127,11403.400391,-0.509551,0.811422,-0.286273,0.100000,0.020000,1,0.395672
19.125938,23.778824,-0.031603,235.256668,-88.226120,173.412598,11866.396484,-8388.846680,10157.611328,-0.524392,0.824403,0.213006,0.100000,0.020000,1,0.118362
19.636209,24.424044,0.548094,-5.147179,13.715279,12.861588,-1829.370483,1058.910156,1252.220215,-0.309799,0.737181,0.600490,0.100000,0.020000,1,0.557940
19.386690,24.272032,0.980935,-29.011429,38.147316,116.261383,-4084.935547,1898.598511,9836.592773,-0.404586,0.752472,0.519708,0.100000,0.020000,1,0.915077
20.572870,24.402544,-1.952036,374.908905,208.765457,-428.372162,16798.023438,1231.506348,-27763.060547,-0.508296,0.769853,-0.385956,0.100000,0.020000,1,0.595736
19.396826,24.381792,-0.133455,95.168793,-165.178192,202.076996,4409.282227,-10657.055664,12138.224609,-0.603558,0.797087,0.019255,0.100000,0.020000,1,0.174326
18.947350,24.516794,-1.022349,-156.507263,18.038151,-221.897095,-13355.689453,1482.314941,-18037.058594,-0.603135,0.793776,-0.078413,0.100000,0.020000,1,0.216463
19.666193,24.137562,0.535217,-85.977142,186.406784,90.514786,-7438.667480,10951.041992,5744.040527,-0.104590,0.690216,0.716005,0.100000,0.020000,1,0.725102
19.789827,24.361803,-0.090392,-171.894958,97.053864,-75.122726,-10843.083008,5930.927246,-4273.604004,-0.589172,0.759925,-0.274574,0.100000,0.020000,1,0.910237
19.804037,26.201893,-0.623127,23.071289,536.544434,-301.001831,13244.816406,18358.363281,6446.562500,-0.603163,0.766259,0.221452,0.100000,0.020000,1,0.771422
20.303665,24.275574,-0.573455,-229.161438,-361.944794,-282.184937,-13810.021484,-23120.281250,-18037.044922,-0.106155,0.701523,-0.704696,0.100000,0.020000,1,0.091083
20.620266,23.874638,0.488502,169.314148,-114.312653,-14.421402,12969.240234,-9158.375000,-1000.093018,-0.202792,0.693080,0.691748,0.100000,0.020000,1,0.729800
19.593861,24.178547,-1.149555,-20.077003,32.774891,-129.237823,-3257.058105,1390.883545,-10839.327148,-0.208466,0.694319,-0.688813,0.100000,0.020000,1,0.253707
19.969793,24.521986,0.221560,-38.612217,62.941292,416.247498,-1533.476562,4425.819336,26852.011719,-0.635637,0.763694,0.112863,0.100000,0.020000,1,0.478274
19.414085,24.143837,0.000780,133.574936,-39.933754,118.768051,6945.039062,-3522.826416,6525.273926,-0.611464,0.725273,0.316371,0.100000,0.020000,1,0.538046
20.273615,22.959133,0.315821,232.194778,-70.011185,84.172600,-14638.829102,-12500.808594,17853.021484,-0.690297,0.723102,0.024768,0.100000,0.020000,1,0.882602
19.688614,24.062273,0.021751,-30.937485,2.658283,101.094971,-2635.291260,-1044.277466,4861.094238,-0.499462,0.690740,0.522892,0.100000,0.020000,1,0.127668
19.885118,24.392689,-0.557194,55.180923,26.896500,-85.487152,3958.801270,1825.500610,-6549.752930,-0.607566,0.696763,-0.381295,0.100000,0.020000,1,0.772240
20.226761,24.239096,-0.075371,152.988861,-28.739609,-3.083603,11671.288086,-2464.517578,95.635231,-0.645746,0.737849,-0.196450,0.100000,0.020000,1,0.516159
20.448843,24.366251,-0.140435,230.918640,-15.451084,-20.610905,17714.437500,-1000.123047,-1649.444092,-0.706185,0.703786,-0.077380,0.100000,0.020000,1,0.669957
19.757326,24.346666,0.458170,7.574728,-3.934028,-2.064365,-184.732330,-194.367020,-111.319092,-0.412725,0.671617,0.615295,0.100000,0.020000,1,0.471335
20.530724,24.258417,-0.291889,231.476669,-4.878798,24.670506,6565.906250,-162.004608,605.388550,-0.429623,0.686325,-0.586841,0.100000,0.020000,1,0.115781
19.949543,23.727854,-1.252266,123.658630,-44.785934,-244.025024,8314.673828,-5451.746582,-19139.365234,-0.532024,0.693481,-0.485834,0.100000,0.020000,1,0.114429
19.249434,24.581556,-0.174316,-64.753494,125.936615,-29.139557,-2491.819580,1206.325195,-7057.980469,-0.608887,0.677886,0.411979,0.100000,0.020000,1,0.928049
19.761175,24.175041,0.106715,-541.230469,75.598541,64.057076,-33846.433594,4013.466309,4112.845703,-0.721202,0.681864,0.122184,0.100000,0.020000,1,0.674210
19.910938,24.349571,-0.432956,-105.723969,-337.721741,-295.935425,-7060.229004,-21194.560547,-18363.998047,-0.295105,0.661215,-0.689715,0.100000,0.020000,1,0.410779
19.632795,24.394169,-0.686790,7.354141,9.414890,-57.426880,-1061.311035,1493.263062,-2960.982422,-0.495659,0.654774,-0.570608,0.100000,0.020000,1,0.865697
19.634459,24.418932,0.250781,8.852512,-50.613068,-60.642990,258.338593,-2834.175537,-3739.431396,-0.691342,0.651948,0.311465,0.100000,0.020000,1,0.695118
19.164635,26.663177,-0.854710,-122.104836,627.589417,-236.443329,-5069.521484,17158.580078,-8213.379883,-0.699952,0.653037,-0.289152,0.100000,0.020000,1,0.596305
17.432913,24.599213,1.048058,-422.464752,274.825836,281.862640,-21259.603516,5226.032715,6114.173828,-0.722065,0.655890,0.220069,0.100000,0.020000,1,0.496354
19.917887,24.278481,0.302439,44.220230,22.581581,-5.697206,3223.209473,1055.030518,-462.792267,-0.550505,0.707149,0.443716,0.100000,0.020000,1,0.022983
19.655045,24.379757,0.135990,33.138000,-0.198388,-48.671646,1559.651733,254.144028,-4039.348877,-0.588816,0.636333,0.498375,0.100000,0.020000,1,0.304173
19.871315,23.875732,0.617579,78.713074,-16.351135,208.811035,5352.314453,-2880.616699,17271.419922,-0.592865,0.638912,-0.490206,0.100000,0.020000,1,0.606787
19.903931,26.626661,-0.252131,13.382538,622.181885,-218.231537,3633.872314,32273.021484,-6747.151367,-0.308146,0.640706,0.703237,0.100000,0.020000,1,0.388412
19.257952,23.862917,-0.633674,30.904127,3.075390,-104.482437,210.788834,-1768.448120,-8626.314453,-0.733952,0.649028,-0.200193,0.100000,0.020000,1,0.011292
18.700426,25.186647,0.522284,-193.837936,368.218842,1.151112,-3447.456543,9065.477539,-1756.018311,-0.793892,0.598713,0.106199,0.100000,0.020000,1,0.462989
16.837439,25.371895,2.229677,-714.483643,426.293884,570.505127,-57661.722656,31409.554688,43458.621094,-0.505401,0.613397,0.606888,0.100000,0.020000,1,0.484360
19.384354,24.351217,0.136566,-23.866898,20.433132,-42.864731,-2819.994385,1550.308838,-3372.768066,-0.697758,0.593057,0.401768,0.100000,0.020000,1,0.508934
19.047071,24.240721,-0.149344,-165.461395,126.921143,-69.848267,-12874.073242,7820.479492,-4464.810059,-0.790764,0.583682,-0.184413,0.100000,0.020000,1,0.354051
19.412746,24.194981,-0.331437,95.375641,-94.747726,1.436798,5174.731934,-6377.716309,-1363.412476,-0.809038,0.587329,0.022412,0.100000,0.020000,1,0.477367
19.329165,24.289833,-0.306809,203.114288,-119.711411,399.964050,11625.812500,-7539.817383,24232.236328,-0.808622,0.581845,-0.087096,0.100000,0.020000,1,0.245290
20.028675,23.827393,-1.051958,103.780731,-31.560989,-110.975830,7001.837402,-3930.301514,-9313.379883,-0.402671,0.615421,-0.677579,0.100000,0.020000,1,0.501532
19.221884,24.264278,-0.172394,-22.475876,37.271858,23.269646,-3348.431152,2304.210449,1967.212891,-0.716581,0.574461,-0.395608,0.100000,0.020000,1,0.247942
19.446787,24.295424,0.220621,69.182877,-128.497314,70.714203,3561.440430,-7970.399902,4429.963379,-0.774058,0.551946,0.310145,0.100000,0.020000,1,0.184700
19.181749,24.288054,-0.778814,-82.310295,28.212812,-188.682739,-3243.039307,1004.616333,-5226.144531,-0.781870,0.557108,-0.279840,0.100000,0.020000,1,0.927960
20.125845,24.482096,-0.497598,-433.256622,-162.633133,-274.202667,-25578.818359,-9319.689453,-17933.740234,-0.689634,0.549375,-0.471796,0.100000,0.020000,1,0.423022
18.204483,24.462233,0.010266,-267.999878,190.564362,124.041901,-23480.402344,12895.461914,9671.681641,-0.592988,0.554388,-0.583968,0.100000,0.020000,1,0.607285
19.595316,24.204939,-0.118954,-69.519669,9.202264,-228.289185,-4582.608398,467.686432,-13725.958008,-0.768371,0.512527,-0.383303,0.100000,0.020000,1,0.720867
20.615711,24.672441,0.820166,253.997528,110.000046,87.187317,8657.993164,3980.099609,3137.373779,-0.405324,0.584156,0.703188,0.100000,0.020000,1,0.212975
19.567753,24.239931,0.499366,-16.101700,-27.140842,-95.163177,-1567.757324,-1670.739380,-5482.990234,-0.691251,0.514578,0.507329,0.100000,0.020000,1,0.746563
20.539846,24.245867,0.679797,285.834534,37.929142,150.161972,21807.927734,2508.218262,11084.649414,-0.771397,0.494357,0.400697,0.100000,0.020000,1,0.566375
20.948523,24.773647,-1.636982,446.641876,176.815903,-463.931580,12014.242188,8922.397461,-14240.625000,-0.867785,0.461668,-0.183883,0.100000,0.020000,1,0.646842
19.736814,23.929710,0.114097,-149.919006,-56.614517,-24.964401,-8690.557617,-4712.005371,-1118.838623,-0.885296,0.464984,0.006450,0.100000,0.020000,1,0.667750
19.478500,24.047516,-0.244736,-64.392357,58.832798,234.107239,-4378.544922,3083.323486,14048.490234,-0.882734,0.460067,-0.095493,0.100000,0.020000,1,0.554737
19.551224,24.231604,0.653754,169.136414,-197.850006,-311.076538,9737.571289,-12476.714844,-18806.714844,-0.589983,0.519874,0.617779,0.100000,0.020000,1,0.638656
19.624651,24.212057,0.425317,-5.692882,-405.310059,67.147095,-108.641563,-25475.773438,5325.444824,-0.867047,0.445003,0.224058,0.100000,0.020000,1,0.866017
19.164591,24.010681,-0.058304,-0.353851,21.179296,22.329941,-1722.163940,624.935181,1992.411255,-0.857694,0.438613,-0.268289,0.100000,0.020000,1,0.963193
19.268179,24.210491,0.221911,237.605927,-66.466667,40.659317,13826.490234,-4088.020508,3108.094971,-0.888430,0.441611,0.125191,0.100000,0.020000,1,0.445479
19.646082,24.347630,-0.448244,26.153692,-100.051590,-65.440323,791.104614,-5863.266113,-3896.641602,-0.489815,0.540648,-0.683946,0.100000,0.020000,1,0.545093
18.982128,24.176596,0.320594,-42.839462,53.640144,236.638000,-5886.798340,3254.997559,18092.882812,-0.671463,0.477928,-0.566325,0.100000,0.020000,1,0.667501
19.426256,24.222052,-0.325593,134.149948,-412.749329,-26.765663,7558.537109,-25872.066406,-1587.349243,-0.761154,0.441849,-0.474778,0.100000,0.020000,1,0.369728
19.774998,25.062281,0.051154,27.240326,375.473083,-109.220367,2508.899902,27253.664062,-7445.758789,-0.840790,0.480982,0.248451,0.100000,0.020000,1,0.074462
19.893213,24.331415,-0.107092,56.026978,77.313858,10.204548,5127.460449,5730.217285,106.607620,-0.931351,0.362950,0.029206,0.100000,0.020000,1,0.237532
19.628092,23.644896,0.869459,142.629181,-30.607346,131.056503,8020.651855,-4369.815430,9731.507812,-0.473795,0.526751,0.705728,0.100000,0.020000,1,0.259312
19.590654,24.175095,0.539033,-154.339081,-67.652519,-312.307739,-10263.773438,-4289.630371,-19295.308594,-0.665877,0.449384,0.595535,0.100000,0.020000,1,0.981415
19.871965,24.341452,-0.010067,149.678116,45.197632,124.773117,6184.446289,-5462.684570,5966.228516,-0.835108,0.383210,-0.394643,0.100000,0.020000,1,0.332288
19.412325,24.134724,-0.238330,-26.316933,88.551270,-42.061737,-2307.655518,5549.527832,-4665.264648,-0.860245,0.389340,0.329230,0.100000,0.020000,1,0.219933
19.692408,23.837141,0.126040,55.972626,-21.068359,39.522881,4311.466797,-2469.412598,3245.613037,-0.938237,0.338255,-0.072766,0.100000,0.020000,1,0.759001
20.724102,22.699047,-0.017008,310.995148,-161.311081,-25.595530,3535.875000,-7487.108887,1172.558105,-0.843383,0.359029,0.399754,0.100000,0.020000,1,0.989333
19.391338,24.341246,0.067425,225.571411,12.315258,134.163956,13667.782227,1807.107910,9582.187500,-0.908058,0.320191,-0.270014,0.100000,0.020000,1,0.056722
18.710087,23.861835,-0.364222,-68.056557,68.643509,-151.457901,-10471.630859,1140.536133,1863.354492,-0.936521,0.328496,0.122553,0.100000,0.020000,1,0.076331
20.101482,23.467022,-0.312103,308.941956,-156.295624,15.015132,21966.750000,-12502.365234,179.642181,-0.930265,0.322992,-0.174018,0.100000,0.020000,1,0.540804
19.706907,24.088554,-0.596911,-19.823296,50.734360,115.866699,-1599.748779,2772.467529,6899.023926,-0.567447,0.471448,-0.675086,0.100000,0.020000,1,0.402968
19.002449,24.203831,0.045371,-48.921829,42.486023,-25.203407,-5224.861328,3167.430420,-2066.310303,-0.926117,0.309370,0.215863,0.100000,0.020000,1,0.181016
19.503937,24.016775,-0.662878,-1.925062,37.538055,292.811646,-843.054993,1899.062622,17528.912109,-0.713247,0.378994,-0.589612,0.100000,0.020000,1,0.968621
19.369217,23.953526,0.463206,90.660599,-29.190094,-98.045990,4592.258301,-2604.158203,-5854.721191,-0.762882,0.384371,0.519875,0.100000,0.020000,1,0.080993
19.671776,23.988392,-0.657682,39.048843,-12.023468,-69.692352,2766.960449,-1189.332153,-5649.978027,-0.812517,0.321832,-0.486046,0.100000,0.020000,1,0.404961
19.818022,24.012695,2.052293,98.263794,55.949806,460.337952,7692.435059,2085.565186,36027.433594,-0.906576,0.271002,0.323540,0.100000,0.020000,1,0.798042
19.575632,23.994343,0.528870,-83.853439,-176.837524,-154.002319,-5692.081543,-11664.200195,-9343.796875,-0.719196,0.358782,0.595007,0.100000,0.020000,1,0.606715
19.305677,23.982225,0.477230,62.327408,-55.114044,-698.206909,2917.916504,-3762.279297,-43322.148438,-0.876230,0.262473,0.404140,0.100000,0.020000,1,0.456707
19.061842,23.688818,0.144840,-84.501450,-99.048065,132.213333,-3410.829590,-2563.049316,3638.976074,-0.890901,0.263520,-0.369937,0.100000,0.020000,1,0.796886
19.174511,24.177860,-0.117227,202.392426,-518.104004,-60.361847,11475.920898,-32038.761719,-3715.384277,-0.957888,0.215519,-0.189744,0.100000,0.020000,1,0.404231
19.317511,24.306993,0.125065,227.079666,-465.051270,87.607536,13663.572266,-28155.027344,5662.962891,-0.968099,0.216330,0.126433,0.100000,0.020000,1,0.950862
19.500402,24.001637,0.152551,-38.407707,-51.860458,-151.963013,-2302.377930,-3345.682373,-8955.071289,-0.976763,0.214324,0.000180,0.100000,0.020000,1,0.425139
19.671183,24.846458,0.289011,20.809484,156.174500,-48.773239,766.468201,12684.917969,-4050.583008,-0.549903,0.443911,0.707495,0.100000,0.020000,1,0.441368
20.350458,24.628532,0.500710,93.172882,156.134521,119.794373,9005.833008,12197.625977,8066.706055,-0.806144,0.291062,0.515184,0.100000,0.020000,1,0.371009
19.076038,23.931885,-0.051926,232.966553,-97.134514,-161.746948,13063.705078,-6415.082031,-10164.033203,-0.978327,0.188716,-0.085218,0.100000,0.020000,1,0.240254
18.685135,24.433084,-2.689228,-315.520874,81.187271,-661.934875,-5378.141602,4509.054688,-19716.541016,-0.628573,0.385225,-0.675646,0.100000,0.020000,1,0.435425
19.954332,23.942968,-0.042612,-147.087662,4.790481,-45.265469,-7669.888672,-44.966724,-1571.221436,-0.848670,0.232268,-0.475196,0.100000,0.020000,1,0.404106
19.527248,23.880484,0.326939,-158.181976,67.007919,-155.062927,-9800.019531,3767.261230,-9105.665039,-0.958569,0.178388,0.222088,0.100000,0.020000,1,0.185714
18.133278,24.720877,0.684016,-426.897705,10.257935,108.365067,-13799.801758,-4664.494629,5261.774414,-0.606566,0.388340,0.693736,0.100000,0.020000,1,0.365866
19.444386,24.170912,-0.648790,-5.396046,32.051888,-37.586937,-1114.756958,2523.635742,-3299.561523,-0.768905,0.270943,-0.579115,0.100000,0.020000,1,0.269740
19.346552,23.892626,0.218196,7.055076,-3.347216,-0.345036,-192.693985,-521.338257,-103.663651,-0.934996,0.147482,0.322538,0.100000,0.020000,1,0.855483
19.324469,23.927649,-0.169978,334.464966,-236.984344,-88.728104,20414.882812,-15122.083984,-5416.828125,-0.945653,0.146709,-0.290199,0.100000,0.020000,1,0.884061
19.496195,23.682201,0.324208,-224.025665,143.886597,-366.600830,-13948.174805,8083.615723,-21857.316406,-0.996316,0.082507,0.023381,0.100000,0.020000,1,0.895289
19.431221,23.939833,-0.255010,-89.288666,-203.754089,267.026917,-5729.082520,-12780.581055,16091.815430,-0.991783,0.081998,-0.098200,0.100000,0.020000,1,0.092577
19.452356,24.040142,-0.643767,3.426754,13.359850,-15.978306,-833.314880,688.960693,-1632.176514,-0.672904,0.311835,-0.670789,0.100000,0.020000,1,0.315507
19.894728,24.170523,0.400432,-1059.528198,-336.216217,-364.193420,-65529.980469,-20445.298828,-22896.351562,-0.839633,0.177467,0.513344,0.100000,0.020000,1,0.594704
19.057013,24.055019,-0.633292,-61.637634,46.421234,12.214920,-5797.951660,3403.898926,-676.462341,-0.913927,0.115247,-0.389173,0.100000,0.020000,1,0.832119
19.509335,24.055803,0.452716,-257.549469,-334.450867,-311.119629,-16296.496094,-20626.181641,-18998.935547,-0.906552,0.113308,0.406601,0.100000,0.020000,1,0.539132
19.245823,23.552530,0.352772,50.939259,-28.327000,-126.854927,2047.325073,-3751.970215,-7262.231445,-0.973748,0.065614,0.217966,0.100000,0.020000,1,0.509041
18.810131,24.040262,0.851540,-157.238068,102.393250,218.408997,-12637.640625,7025.234375,17878.908203,-0.982847,0.062806,-0.173401,0.100000,0.020000,1,0.317625
20.951555,23.368904,1.161075,304.719025,26.462219,312.121857,20941.726562,-6489.483398,24214.537109,-0.962211,0.034773,-0.270075,0.100000,0.020000,1,0.235147
19.717552,23.812414,0.550563,434.839478,-466.421448,-582.215881,27445.451172,-30518.470703,-36586.062500,-0.653040,0.304063,0.693603,0.100000,0.020000,1,0.653105
19.403847,23.745560,0.414797,-261.357056,-150.843201,-443.335052,-16837.580078,-10083.633789,-27244.898438,-0.945943,0.030975,0.322849,0.100000,0.020000,1,0.450248
21.285686,24.111111,1.430413,464.270020,-16.940819,577.301636,12303.371094,-2074.502930,17641.033203,-0.792821,0.149847,-0.590745,0.100000,0.020000,1,0.219221
18.875502,24.416965,0.775479,-125.918213,145.839172,105.283493,-10805.883789,11293.942383,8289.033203,-0.850715,0.086727,0.518422,0.100000,0.020000,1,0.427595
20.296907,24.294720,-2.750179,154.154358,315.296570,-582.345032,1781.156738,14753.903320,-13232.897461,-0.865440,0.086235,-0.493535,0.100000,0.020000,1,0.317501
19.412697,23.487158,-0.252718,-55.582642,41.475952,144.670181,-3878.145996,1034.000732,9255.384766,-0.923672,0.013847,-0.382933,0.100000,0.020000,1,0.712201
19.228020,23.859098,0.152096,271.878479,-203.243286,-20.004307,16240.268555,-12855.486328,-968.632202,-0.993802,0.008289,0.110857,0.100000,0.020000,1,0.022182
19.409391,23.640331,-0.160069,-22.428741,22.517036,44.476982,-1551.006592,708.837952,2114.980469,-0.997859,-0.064958,0.007635,0.100000,0.020000,1,0.986042
19.399963,25.330347,-1.211116,-183.670258,607.450073,-540.011841,-10467.578125,20624.935547,-18655.718750,-0.908177,0.003452,0.418572,0.100000,0.020000,1,0.372023
19.052843,23.663948,-0.070777,130.473343,-74.930893,73.561363,6482.408203,-5500.957031,4888.105957,-0.982444,-0.071891,-0.172148,0.100000,0.020000,1,0.771119
19.424599,23.707899,0.373568,8.802990,3.529166,20.846985,412.302826,-172.236267,2222.796631,-0.974342,-0.074637,0.212339,0.100000,0.020000,1,0.405779
19.248615,23.563324,0.075017,-107.519714,65.836105,91.057121,-7612.449707,3181.344238,5730.665527,-0.990707,-0.083658,0.107247,0.100000,0.020000,1,0.303870
20.151484,23.916288,-0.019844,248.920959,39.352417,18.691055,18661.949219,2998.599609,1400.102783,-0.991233,-0.088140,-0.098424,0.100000,0.020000,1,0.415904
19.087631,23.643862,-1.848022,36.220119,61.907047,-451.963989,-6691.636230,-13187.985352,-16020.546875,-0.955045,-0.092554,-0.281643,0.100000,0.020000,1,0.118006
19.824539,23.389591,-0.111987,190.721207,-58.239258,-57.991791,6291.953125,-2132.052734,-9532.979492,-0.775974,0.114011,0.620375,0.100000,0.020000,1,0.499823
20.047621,24.957056,-1.098796,159.718719,332.347412,-176.619019,7086.279297,12584.990234,-11908.478516,-0.875310,-0.027923,-0.482755,0.100000,0.020000,1,0.369390
18.869574,23.769756,-0.462342,-167.249634,125.383835,13.870693,-10016.261719,-296.071045,2563.690918,-0.946560,-0.101911,0.306002,0.100000,0.020000,1,0.776351
19.346035,24.108919,0.393609,207.275360,-107.055283,-203.158875,11820.853516,-6282.130859,-13161.003906,-0.739426,0.198140,0.643421,0.100000,0.020000,1,0.026898
19.107382,23.971001,-0.293242,-78.782669,26.999260,20.504414,-4593.316406,1978.666870,1266.367188,-0.812467,0.034923,-0.581960,0.100000,0.020000,1,0.619972
19.584726,23.920237,0.356857,-135.390350,-104.841965,-28.001205,-8357.036133,-6205.850098,-1796.199097,-0.868805,-0.042021,0.493367,0.100000,0.020000,1,0.343765
20.371344,23.012815,-0.241499,297.656586,-149.305389,42.966919,22436.791016,-12598.484375,2865.523193,-0.919371,-0.111149,-0.377363,0.100000,0.020000,1,0.320846
19.719242,23.469469,0.105987,-71.643105,46.414719,-49.996101,-3403.175049,1907.877319,-2417.898682,-0.976542,-0.192868,-0.095744,0.100000,0.020000,1,0.899934
19.957495,23.141645,-1.460872,171.977264,-64.909119,-461.309875,13085.621094,-10493.400391,-13476.097656,-0.980498,-0.194886,0.025355,0.100000,0.020000,1,0.400672
19.339128,23.573181,-0.415897,95.169693,-32.363876,-309.173737,4720.177246,-3548.832764,-19196.646484,-0.735468,0.116095,-0.667540,0.100000,0.020000,1,0.222495
19.232611,23.662848,-0.433053,-11.259785,37.619286,-69.810104,-1849.854370,1957.621338,-7440.312988,-0.909321,-0.123544,0.397331,0.100000,0.020000,1,0.146922
20.222128,22.988861,0.237470,304.866821,-103.970497,93.553375,3636.978516,-18989.576172,3559.967041,-0.962575,-0.212451,-0.168265,0.100000,0.020000,1,0.255148
21.127842,23.726042,1.026722,267.229004,154.073639,234.435577,3745.895508,6642.084961,2944.291504,-0.789789,0.009823,0.613299,0.100000,0.020000,1,0.385458
19.592539,23.755053,-0.257769,-240.574097,-168.726593,127.310623,-14723.783203,-10387.107422,7828.839844,-0.933887,-0.219310,-0.282416,0.100000,0.020000,1,0.175447
19.671604,23.420046,1.076289,-31.891800,30.933189,203.677368,-1164.244873,867.350464,16741.056641,-0.950929,-0.236963,0.198954,0.100000,0.020000,1,0.892585
19.659351,23.971107,0.113599,20.700718,2.490607,-75.519913,1174.068970,140.130707,-6483.833496,-0.680607,0.175280,0.711372,0.100000,0.020000,1,0.004192
19.560146,23.739477,-0.293561,80.216263,-46.732143,-450.619812,5361.437500,-2662.966797,-30577.876953,-0.923147,-0.247001,0.294602,0.100000,0.020000,1,0.512386
19.542622,23.856409,0.543271,32.677162,14.221872,-49.321342,1566.818970,669.169617,-2980.933594,-0.714686,0.087452,0.693957,0.100000,0.020000,1,0.017218
19.750076,23.716883,-0.409544,-122.500992,-42.746338,118.852310,-7037.530273,-3016.284668,7592.968262,-0.807426,-0.076309,-0.585014,0.100000,0.020000,1,0.256376
16.735117,25.977924,2.100056,-867.462524,740.839355,662.622437,-17296.441406,19143.271484,12462.451172,-0.943622,-0.329905,0.027202,0.100000,0.020000,1,0.984333
20.624878,24.438868,-2.242041,332.884399,169.261414,-800.471008,28260.371094,23990.363281,-13675.716797,-0.840233,-0.162220,0.517391,0.100000,0.020000,1,0.381774
19.607670,24.857409,-0.069752,123.343292,272.518494,-35.484009,8040.694336,21935.638672,-1000.700195,-0.850950,-0.170543,-0.496789,0.100000,0.020000,1,0.401847
19.963945,23.213558,-1.384062,132.856186,-53.784920,-313.003479,7510.216797,-3679.781250,-14217.087891,-0.883835,-0.257701,-0.390419,0.100000,0.020000,1,0.907283
18.527170,24.092512,0.619598,-245.459778,148.226471,46.347870,-19674.777344,11221.829102,4252.433105,-0.869269,-0.276575,0.409729,0.100000,0.020000,1,0.498008
19.227196,23.563284,0.236902,-14.407862,16.628977,13.260197,-3019.518066,-227.193054,-2616.935547,-0.806400,-0.174234,-0.565121,0.100000,0.020000,1,0.560271
21.536707,23.692842,2.750048,659.475586,50.004055,879.318359,19857.429688,1207.587891,30825.041016,-0.944447,-0.298819,0.136849,0.100000,0.020000,1,0.056561
19.482273,23.504948,-0.419031,-87.776688,43.810982,266.964172,-5648.971680,2436.384033,15959.473633,-0.889755,-0.361236,-0.279006,0.100000,0.020000,1,0.180144
19.313837,23.586067,-0.194723,200.608124,-110.468475,293.714447,11939.178711,-6904.137207,17365.822266,-0.916845,-0.381769,0.116822,0.100000,0.020000,1,0.266377
20.487902,25.406553,-0.212825,313.835815,493.461792,-59.213333,23937.585938,38813.152344,-5305.514648,-0.899585,-0.377149,0.220239,0.100000,0.020000,1,0.171496
19.080700,24.365705,-0.881238,-224.085419,197.688049,-90.946930,-16673.550781,14079.126953,-7261.436523,-0.688130,0.184699,-0.701686,0.100000,0.020000,1,0.065423
19.623491,23.334482,0.120715,30.305145,52.490051,0.000000,-7420.711914,-14837.822266,-2248.617188,-0.732864,-0.005548,-0.680352,0.100000,0.020000,1,0.119234
19.656103,23.687502,-0.348480,163.540573,-16.778122,-10.186226,6945.088867,-2072.263184,-1275.964233,-0.827024,-0.290061,-0.481557,0.100000,0.020000,1,0.979956
19.508198,23.505537,0.299900,-48.043159,34.981213,-146.615112,-3087.280518,1898.185425,-9004.560547,-0.872018,-0.365407,0.325672,0.100000,0.020000,1,0.013072
19.828506,23.752241,0.412238,-563.376526,-15.059849,248.853867,-34843.589844,-1292.419067,15273.360352,-0.713800,-0.015392,0.700180,0.100000,0.020000,1,0.058003
19.545910,23.954103,0.653775,-9.421391,-475.039001,-291.805054,-855.861938,-29190.251953,-17613.361328,-0.772193,-0.112784,0.625298,0.100000,0.020000,1,0.323836
19.443001,23.523243,0.487602,321.465759,-179.693665,-890.355103,19765.908203,-11830.444336,-55727.207031,-0.814242,-0.281043,0.507961,0.100000,0.020000,1,0.524967
19.373358,23.588026,-0.150997,185.555237,-105.574142,-34.037807,11003.651367,-6581.564941,-1597.177124,-0.842238,-0.378638,-0.383756,0.100000,0.020000,1,0.682182
19.640299,23.355448,0.336270,-153.036819,90.757706,-705.034668,-9111.836914,5124.643066,-43146.523438,-0.881223,-0.472428,0.016054,0.100000,0.020000,1,0.465587
19.431900,23.445097,0.217856,-440.351044,254.250046,-604.927856,-28142.384766,15810.663086,-37622.871094,-0.874780,-0.471078,0.113339,0.100000,0.020000,1,0.553616
19.546984,23.409550,0.129597,-432.014038,250.240540,-464.815216,-27133.457031,15431.898438,-28499.843750,-0.873794,-0.476576,-0.096744,0.100000,0.020000,1,0.546587
19.821020,23.755451,-0.654923,45.169884,0.331477,-26.991982,3605.379639,-71.945625,-2356.240967,-0.730657,-0.091769,-0.676549,0.100000,0.020000,1,0.459216
19.682365,23.511103,0.580119,50.979767,-17.030678,89.935013,3540.179688,-1873.033081,6233.723633,-0.771028,-0.195369,0.606092,0.100000,0.020000,1,0.159503
19.087330,23.685991,-0.114441,352.546936,-198.022888,-41.769447,20498.078125,-11885.300781,-2529.866211,-0.887134,-0.420656,-0.189844,0.100000,0.020000,1,0.262622
19.738373,23.268154,1.958900,75.143280,-15.480589,431.298157,4609.616211,-6586.669922,20320.019531,-0.822885,-0.393997,0.409422,0.100000,0.020000,1,0.649529
20.840275,25.057680,-3.085955,339.613708,390.702209,-792.677734,20842.853516,23075.693359,-27119.101562,-0.776010,-0.281529,-0.564403,0.100000,0.020000,1,0.315739
19.662756,23.942253,0.325765,13.322186,124.044128,14.428535,1310.260742,9694.582031,1332.969849,-0.825998,-0.474145,0.304818,0.100000,0.020000,1,0.303087
19.312899,23.602787,-0.151242,-110.782623,-61.969208,-205.513733,-7968.080566,-3452.809814,-12732.278320,-0.831237,-0.478486,-0.283010,0.100000,0.020000,1,0.780461
19.719532,23.675055,0.015149,65.858704,45.521622,47.008919,4940.405762,3665.786377,3634.604980,-0.849499,-0.489806,-0.196064,0.100000,0.020000,1,0.317287
19.498247,23.532249,-0.154309,196.810593,-310.554077,885.302856,12263.672852,-19405.685547,54560.535156,-0.843820,-0.489778,0.219283,0.100000,0.020000,1,0.364656
19.269663,23.674978,0.586261,156.310593,-85.840744,-18.515947,8283.817383,-5766.468262,-831.030762,-0.718548,-0.116870,0.685587,0.100000,0.020000,1,0.384106
19.800823,23.232100,-0.164911,-588.709717,341.626740,995.030029,-36586.765625,20034.660156,62141.664062,-0.822784,-0.568018,0.019555,0.100000,0.020000,1,0.246038
19.715126,23.558949,0.372092,-5.569154,-6.087748,-6.547754,126.427216,-379.668304,-445.539001,-0.764470,-0.387541,0.515167,0.100000,0.020000,1,0.455017
20.601074,22.770073,0.563393,354.034180,-186.939362,171.380417,12870.856445,-10656.067383,13725.986328,-0.805191,-0.583297,0.106918,0.100000,0.020000,1,0.023766
19.261602,23.616619,-0.253970,-89.169731,71.420502,-189.788269,-1853.936401,1634.027588,-14251.714844,-0.802051,-0.591306,-0.084097,0.100000,0.020000,1,0.706436
19.202465,23.952486,0.999094,-151.278137,19.143555,252.982864,-12415.766602,9490.256836,11347.130859,-0.715789,-0.215159,-0.664344,0.100000,0.020000,1,0.488898
19.810268,23.393642,0.659221,53.922760,-9.167622,77.070923,3788.377441,-1707.003906,5806.389648,-0.735770,-0.315425,0.599291,0.100000,0.020000,1,0.618548
19.463364,23.464455,0.437476,-199.526352,118.266022,-88.674530,-13144.188477,7430.273438,-5016.446289,-0.764781,-0.501175,0.404888,0.100000,0.020000,1,0.083591
19.855259,24.245138,-0.149718,88.667328,-42.550159,14.426325,10803.458984,966.457764,-559.449341,-0.777512,-0.596429,0.199367,0.100000,0.020000,1,0.253066
19.370356,23.480631,-0.202536,-227.910858,133.879456,314.197449,-16023.670898,7295.832520,20638.519531,-0.753282,-0.423830,-0.502926,0.100000,0.020000,1,0.314386
18.416882,24.031122,1.196492,-276.329651,231.884827,302.994171,-29089.863281,2137.103516,12788.597656,-0.774537,-0.599874,-0.200607,0.100000,0.020000,1,0.183490
19.716936,23.280531,0.380988,-120.745163,72.469933,-209.826416,-7901.992676,2890.370605,-12725.869141,-0.751477,-0.585102,0.304856,0.100000,0.020000,1,0.886748
18.805416,23.842937,-2.332926,-115.587265,77.685593,-573.758667,-8420.533203,5116.245117,-22351.062500,-0.724954,-0.500855,-0.472849,0.100000,0.020000,1,0.765104
19.488962,23.548250,-0.031393,2.357367,-93.231049,-239.788330,-313.814728,-5482.922852,-14080.461914,-0.756731,-0.528285,-0.385061,0.100000,0.020000,1,0.138452
20.767340,22.674082,-0.119605,158.730545,-91.354172,-114.618080,10440.111328,-6385.546875,-777.956543,-0.740064,-0.605549,-0.292601,0.100000,0.020000,1,0.990277
19.690697,23.542164,0.168841,-117.001648,24.893513,609.065552,-7221.789062,1551.287598,37307.902344,-0.695927,-0.397619,0.597985,0.100000,0.020000,1,0.232745
19.901472,23.533342,-0.530262,49.687454,57.527405,-73.847458,4275.973633,4184.387207,-5731.713867,-0.713605,-0.593737,-0.371813,0.100000,0.020000,1,0.597498
20.924356,22.583427,-0.734462,355.641754,-205.229065,-395.240417,9170.400391,-5322.441406,-8374.257812,-0.719704,-0.688009,-0.093106,0.100000,0.020000,1,0.614278
20.137592,24.982773,1.015647,134.312134,454.938202,525.218994,2845.219727,13138.052734,17134.822266,-0.681292,-0.302268,-0.666690,0.100000,0.020000,1,0.682057
19.000769,23.945210,-0.531741,-167.503494,125.966980,14.080891,-5584.207031,4008.324707,-1876.442993,-0.703930,-0.397101,-0.588892,0.100000,0.020000,1,0.062878
18.946365,23.725420,0.675759,-176.923645,102.405685,152.316544,-14087.317383,8064.800293,12393.720703,-0.708532,-0.705463,0.017411,0.100000,0.020000,1,0.106688
21.529606,22.233986,1.280732,429.818451,-247.185410,293.661102,24554.347656,-14689.341797,4083.358398,-0.690904,-0.689916,0.216029,0.100000,0.020000,1,0.703784
19.935373,23.154417,0.148022,179.446136,-103.570892,-309.421600,12562.317383,-7264.348633,-18332.531250,-0.694703,-0.694101,-0.188708,0.100000,0.020000,1,0.822670
18.586454,23.933218,1.536051,-255.533051,204.457153,455.382050,-18112.355469,-1052.755127,12783.451172,-0.699006,-0.704598,0.122198,0.100000,0.020000,1,0.912176
19.825243,23.712248,0.506596,-326.600708,38.790436,-59.899246,-20006.744141,2552.625244,-3856.509766,-0.670836,-0.208513,0.711689,0.100000,0.020000,1,0.707432
19.741737,23.489901,0.384808,-160.863434,-34.946754,-51.229851,-9765.263672,-2122.389160,-3224.886230,-0.692997,-0.500291,0.519100,0.100000,0.020000,1,0.035902
20.929995,22.724277,0.683198,377.099609,-225.717255,272.175049,20365.787109,-4806.704102,3396.753906,-0.843738,-0.527321,-0.100191,0.100000,0.020000,1,0.048678
21.920773,22.814650,0.663706,648.448792,-170.760880,307.443237,32460.589844,-4330.374023,11861.640625,-0.652695,-0.496292,-0.572436,0.100000,0.020000,1,0.787810
19.694347,23.508257,0.450109,8.345703,19.966076,14.275719,974.634644,1918.675293,1240.560425,-0.646230,-0.585402,0.489583,0.100000,0.020000,1,0.079463
19.750031,23.360048,0.229003,122.772415,-366.647766,229.254593,8114.615234,-23236.837891,14133.170898,-0.666919,-0.615360,0.420179,0.100000,0.020000,1,0.160464
18.828863,23.798220,1.604416,-233.702850,135.658249,342.517212,-18269.750000,10546.768555,27371.308594,-0.651014,-0.693125,0.309448,0.100000,0.020000,1,0.772382
19.645988,23.321495,0.191883,89.776123,-47.695251,-451.493011,4572.249512,-4786.885254,-27066.447266,-0.648317,-0.707447,-0.281432,0.100000,0.020000,1,0.823168
19.724331,23.474676,-0.256453,-25.736393,-61.041489,-121.046249,-1476.693726,-3503.772461,-7209.896973,-0.632688,-0.601604,-0.487625,0.100000,0.020000,1,0.753146
19.057522,25.040836,-1.915435,-184.504654,468.430542,-504.663208,-5037.056641,24217.394531,-21728.757812,-0.620725,-0.683460,-0.384165,0.100000,0.020000,1,0.923600
19.529644,23.388664,0.155450,595.910339,-343.411255,245.631607,36827.398438,-21413.810547,16115.032227,-0.623279,-0.781820,0.016755,0.100000,0.020000,1,0.695901
19.473536,23.421061,0.002842,195.680298,-112.536201,-195.106033,11333.152344,-6647.981445,-11777.781250,-0.613620,-0.769720,-0.176070,0.100000,0.020000,1,0.420211
19.239819,25.458921,1.361394,-180.362015,628.230286,472.353516,242.501343,41249.734375,25949.248047,-0.612746,-0.785351,-0.088130,0.100000,0.020000,1,0.760246
19.548492,23.692600,0.357200,99.815033,-86.811340,98.723007,5708.365234,-5182.410645,5569.840820,-0.651099,-0.295152,0.699253,0.100000,0.020000,1,0.304973
19.628885,23.535667,-0.380599,-443.198975,-144.228149,310.359619,-28263.962891,-9148.270508,20048.638672,-0.634122,-0.394437,-0.665064,0.100000,0.020000,1,0.869665
20.026579,23.405739,0.268443,166.679199,-4.117935,104.932831,8055.226074,-2320.762451,8167.189941,-0.603474,-0.684641,0.408762,0.100000,0.020000,1,0.749677
19.306072,23.517744,3.004310,-81.153587,98.202888,769.632751,-15325.662109,-1540.092773,36011.207031,-0.596100,-0.774982,0.209924,0.100000,0.020000,1,0.741793
19.625608,23.333261,-0.513598,381.112000,-219.410080,1335.492188,23556.941406,-13747.936523,81805.812500,-0.591675,-0.796686,0.123338,0.100000,0.020000,1,0.662092
20.040131,23.133526,-0.250672,-301.078644,177.717346,243.860504,-17647.056641,10060.707031,16065.317383,-0.599276,-0.573694,-0.558340,0.100000,0.020000,1,0.842475
19.422976,23.685341,0.880522,-34.359932,27.474823,71.356018,-3382.617188,2318.989990,6075.825195,-0.613551,-0.394295,0.684168,0.100000,0.020000,1,0.312447
17.779758,24.398964,-0.319041,-413.956360,276.634125,-79.916176,-16157.484375,1309.038086,-683.159180,-0.609702,-0.495673,0.618524,0.100000,0.020000,1,0.237442
19.631435,23.329897,0.409128,-37.369926,21.798153,-547.490417,-2870.107910,1573.845581,-33826.953125,-0.553017,-0.771968,0.313428,0.100000,0.020000,1,0.719088
18.075918,24.227972,-1.655908,-481.171265,305.457184,-403.222961,-13705.621094,5194.450684,-16333.554688,-0.543693,-0.787258,-0.290900,0.100000,0.020000,1,0.304421
20.164827,23.176485,-0.373314,87.311600,-46.452225,20.167294,7322.901367,-4200.702148,1730.229980,-0.584126,-0.479652,-0.654775,0.100000,0.020000,1,0.406135
19.879620,23.576408,1.608790,38.905701,71.727608,340.065186,2997.610840,5527.828613,26634.238281,-0.546883,-0.668217,0.504386,0.100000,0.020000,1,0.239311
19.702139,23.289078,-0.351922,59.510010,-26.531500,828.299683,1828.372070,-4141.760254,51485.601562,-0.500915,-0.862664,-0.069963,0.100000,0.020000,1,0.507386
19.752207,23.446325,0.524625,-9.686234,-88.217255,-5.521744,-601.783386,-5385.853516,2.829345,-0.552649,-0.580957,0.597552,0.100000,0.020000,1,0.884951
18.446266,24.328653,-1.045488,-393.496094,282.393127,-203.087067,-12491.096680,12849.640625,-3593.985352,-0.531724,-0.690135,-0.490901,0.100000,0.020000,1,0.107009
20.543581,24.632198,-0.188604,180.935791,336.526001,-34.644157,14587.185547,27248.527344,-2412.152588,-0.486757,-0.854225,-0.182665,0.100000,0.020000,1,0.718554
19.543526,23.380653,-0.389527,-206.211792,119.446594,-458.931488,-12479.574219,7114.229004,-27665.822266,-0.458576,-0.842671,-0.282158,0.100000,0.020000,1,0.641628
17.497189,24.562103,0.847286,-739.527222,427.773499,196.706528,-36272.214844,20752.810547,26529.396484,-0.471613,-0.872137,0.130222,0.100000,0.020000,1,0.542174
19.829868,23.484224,0.686276,192.274200,-527.299194,-422.841156,12450.640625,-33267.855469,-25926.572266,-0.553040,-0.477061,0.683051,0.100000,0.020000,1,0.234169
19.570225,23.365234,-0.308649,209.303528,-118.715897,233.101486,11834.266602,-8321.338867,15225.020508,-0.491285,-0.670036,-0.556499,0.100000,0.020000,1,0.597942
18.307825,24.094084,0.234574,-359.998596,214.517120,66.312569,-31937.525391,17081.773438,1824.886475,-0.442826,-0.843893,0.302901,0.100000,0.020000,1,0.164254
18.779001,23.822050,-0.676617,-323.454651,187.329681,-256.837250,-24922.220703,14252.306641,-19764.283203,-0.445094,-0.865702,0.229024,0.100000,0.020000,1,0.062344
20.122995,23.650345,-0.449100,77.478668,42.099022,18.441742,6328.460449,3604.993896,1309.111206,-0.515909,-0.550628,-0.656237,0.100000,0.020000,1,0.765549
20.118235,23.441849,1.638555,77.148590,33.537140,263.995422,6116.767578,2815.221680,21989.851562,-0.448580,-0.744985,0.493733,0.100000,0.020000,1,0.584846
23.179092,21.286512,0.662073,959.892395,-552.721680,217.935593,45530.281250,-26260.667969,-7046.183594,-0.460824,-0.781570,0.420463,0.100000,0.020000,1,0.042468
19.908756,23.169785,0.291579,17.000717,29.446106,0.000000,-967.535156,-7396.062012,9438.871094,-0.383200,-0.915149,0.125138,0.100000,0.020000,1,0.599615
19.404968,23.460646,2.232380,-273.866791,159.007996,454.056702,-11066.636719,6183.701172,8684.201172,-0.379143,-0.925225,0.014445,0.100000,0.020000,1,0.644529
19.813335,23.224878,0.255636,-296.933228,173.123978,449.248901,-19221.222656,9730.517578,27655.361328,-0.461576,-0.653405,0.600008,0.100000,0.020000,1,0.753929
19.901005,23.174261,-0.197938,-82.620193,47.765076,-17.297796,-5032.009277,2858.313721,-746.441284,-0.398968,-0.834151,-0.380812,0.100000,0.020000,1,0.850020
19.927296,23.159081,0.557059,-257.300110,148.964005,-456.087799,-16056.384766,9026.888672,-27690.896484,-0.394897,-0.830553,0.392732,0.100000,0.020000,1,0.961414
19.098398,23.637646,-0.961097,-24.599159,127.499565,-23.758194,-14818.749023,-14358.902344,-680.040283,-0.363849,-0.926523,-0.095757,0.100000,0.020000,1,0.152118
18.685690,23.875923,-1.343632,-311.023926,180.249908,-299.455902,-24812.810547,14168.971680,-24011.732422,-0.358973,-0.917319,-0.172235,0.100000,0.020000,1,0.753787
19.650398,23.625193,0.778060,89.960854,-329.718628,307.210571,4705.098145,-19134.826172,24084.873047,-0.359726,-0.807167,-0.468058,0.100000,0.020000,1,0.349282
20.070019,23.319841,-0.278559,-453.767609,-524.792969,120.757858,-27971.535156,-32397.710938,7290.736816,-0.318050,-0.908753,-0.270208,0.100000,0.020000,1,0.530038
20.722992,23.415339,-0.687447,98.853973,-25.614143,-123.666382,10049.299805,-1649.619263,-12804.168945,-0.472683,-0.548308,0.689876,0.100000,0.020000,1,0.671007
19.605074,23.345114,-0.649858,238.729187,-133.961761,519.123352,13103.374023,-9918.180664,31985.568359,-0.387194,-0.730522,-0.562511,0.100000,0.020000,1,0.353410
19.175352,23.593216,-2.298461,-255.218338,147.968430,-688.377686,-13035.799805,7384.623047,-40635.296875,-0.253598,-0.963881,-0.081370,0.100000,0.020000,1,0.843738
19.692837,23.502384,-0.524643,-183.555939,-213.302658,398.125366,-12233.725586,-12878.978516,24964.007812,-0.418991,-0.625944,-0.657754,0.100000,0.020000,1,0.490481
20.272385,22.978357,-0.132913,-239.950714,143.353760,-42.058350,-13417.764648,7868.752930,-1622.392212,-0.395435,-0.760283,-0.515365,0.100000,0.020000,1,0.128362
22.432867,26.397797,-0.451529,703.147339,937.686951,-9.635078,36632.886719,47609.726562,3235.785889,-0.277672,-0.879130,-0.387336,0.100000,0.020000,1,0.993212
20.082621,23.338276,0.299620,-165.415222,-164.070465,39.936928,-9856.108398,-9641.032227,2563.891846,-0.275914,-0.877422,0.392431,0.100000,0.020000,1,0.847048
19.897894,23.176058,0.844978,-53.937050,31.541267,247.264191,-3335.083984,1834.304443,19308.990234,-0.230961,-0.956533,-0.178048,0.100000,0.020000,1,0.390191
20.018829,23.238152,0.198136,-256.348694,-159.045502,-244.513855,-15979.326172,-9455.803711,-14948.642578,-0.232777,-0.966147,0.111246,0.100000,0.020000,1,0.055885
19.854500,23.381338,-0.385867,144.573883,-77.332062,-181.961197,8691.644531,-5340.857422,-6733.426758,-0.229971,-0.972809,0.027507,0.100000,0.020000,1,0.970631
19.845520,23.431822,0.153720,-210.983337,-52.012283,61.281448,-13505.578125,-2708.697754,2648.853271,-0.356226,-0.712726,0.604256,0.100000,0.020000,1,0.107792
20.934994,22.594536,0.986888,247.671646,-137.766769,130.670776,12202.117188,-6909.712402,9848.687500,-0.320961,-0.794872,0.514939,0.100000,0.020000,1,0.046667
19.943058,23.333923,0.249942,287.696045,-319.301208,244.053497,18165.750000,-19369.884766,15453.968750,-0.275479,-0.905392,0.323073,0.100000,0.020000,1,0.033232
20.985746,22.547985,-0.726376,262.632812,-151.181137,-217.790924,20179.298828,-11801.456055,-17039.972656,-0.214024,-0.954278,0.208679,0.100000,0.020000,1,0.977660
21.233393,22.405005,0.511680,528.371277,-299.122101,238.356415,20450.626953,-13327.843750,578.209961,-0.373922,-0.927069,0.026937,0.100000,0.020000,1,0.038660
19.971418,23.133713,-0.027115,-246.844421,142.401550,-781.556641,-15717.949219,9066.873047,-48586.671875,-0.189521,-0.941451,-0.278841,0.100000,0.020000,1,0.975204
18.931244,23.743736,-0.199868,-241.136414,139.474380,23.520973,-19091.666016,10949.981445,2036.632202,-0.394529,-0.801010,-0.450257,0.100000,0.020000,1,0.050137
19.844311,23.558594,-0.211027,-20.332764,60.559875,57.125107,-1683.690796,5105.111328,4499.993164,-0.286628,-0.765191,-0.576478,0.100000,0.020000,1,0.685065
20.135496,23.150824,0.090136,19.741711,-206.641541,-62.493652,1732.419678,-12911.716797,-4532.830078,-0.170036,-0.934351,0.313172,0.100000,0.020000,1,0.481174
19.822647,23.275568,-0.247973,296.173065,-292.551483,135.220245,17742.845703,-17637.052734,7790.647461,-0.124772,-0.987657,-0.094683,0.100000,0.020000,1,0.762684
19.766073,23.435236,0.465999,156.926971,-45.072250,26.296646,9462.741211,-2602.157959,1463.395996,-0.388091,-0.604304,0.695846,0.100000,0.020000,1,0.747879
19.607449,23.343744,-0.776915,-94.295746,54.725082,-230.991104,-7497.104004,4264.202637,-18595.937500,-0.250446,-0.936697,0.244696,0.100000,0.020000,1,0.136441
19.975233,23.247746,-0.421447,64.187141,-89.596252,333.049072,4010.042969,-5409.505859,20762.330078,-0.221241,-0.844764,-0.487264,0.100000,0.020000,1,0.060334
19.820143,23.220945,0.478224,78.365509,-40.465588,-30.783924,3279.753662,-4652.127441,-1603.967896,-0.217290,-0.833156,0.508563,0.100000,0.020000,1,0.896214
20.208715,23.312487,-0.036926,55.449238,10.300587,70.999016,2256.199463,-973.627075,2864.672363,-0.098089,-0.994793,0.027671,0.100000,0.020000,1,0.991985
19.894882,23.275400,0.330371,-78.490501,16.113770,64.813316,-10.899170,4768.731445,3195.263672,-0.093817,-0.990430,0.101221,0.100000,0.020000,1,0.365332
20.191265,23.739777,-1.569930,18.274891,-80.667305,-280.426270,2284.800781,-3345.137939,-22206.955078,-0.318700,-0.673639,-0.666814,0.100000,0.020000,1,0.403875
21.809044,22.662161,0.319571,579.455444,-161.265762,-11.649628,27331.578125,-10691.209961,-14215.822266,-0.258310,-0.756409,0.600934,0.100000,0.020000,1,0.239880
19.877836,23.679232,0.240658,-145.324066,131.844955,-24.906837,-10044.190430,9902.225586,-1691.402466,-0.141819,-0.901934,0.407924,0.100000,0.020000,1,0.308870
19.946274,23.220922,-0.268612,-34.863281,-62.978485,-156.876434,-2627.057129,-3610.962646,-9833.157227,-0.132462,-0.912626,-0.386739,0.100000,0.020000,1,0.909383
20.971725,22.572037,3.313346,265.733246,-151.993118,857.739624,20414.818359,-11729.687500,67333.585938,-0.058916,-0.975443,0.212225,0.100000,0.020000,1,0.461690
20.104771,23.198915,-0.124607,16.465759,-91.582993,-31.728664,1056.466553,-5286.253906,-1918.333984,-0.058233,-0.978791,-0.196411,0.100000,0.020000,1,0.544488
20.003191,23.469507,-0.249710,-193.265961,-265.949890,97.493927,-12625.968750,-15223.904297,5972.493164,-0.053320,-0.958569,-0.279827,0.100000,0.020000,1,0.871943
19.749826,23.261543,0.397146,407.546082,-231.671509,78.481514,23896.931641,-16160.108398,4841.290039,-0.185977,-0.788229,0.586607,0.100000,0.020000,1,0.319529
20.913681,23.504700,-0.649645,256.752441,-69.972023,-190.645660,20273.400391,-3170.545898,-9109.886719,-0.177785,-0.799330,-0.573990,0.100000,0.020000,1,0.570699
20.176376,23.066267,-0.401910,-305.618774,159.120819,177.011230,-18838.564453,9649.773438,10945.729492,-0.108443,-0.875252,-0.471353,0.100000,0.020000,1,0.397540
20.117685,23.179705,-0.267197,-0.656324,-4.042007,-0.020130,-1.382699,9.213640,-0.105757,-0.051465,-0.930444,-0.362802,0.100000,0.020000,1,0.484716
19.387226,23.470890,-0.804536,-194.879669,139.705994,-292.559448,-3109.351562,2334.981934,-9771.399414,-0.039336,-0.949303,0.311893,0.100000,0.020000,1,0.137010
19.181908,24.893196,0.930725,-187.836243,486.893066,249.707062,-17477.138672,21170.210938,19711.175781,-0.301310,-0.652043,0.695738,0.100000,0.020000,1,0.165286
20.165865,23.191639,0.381143,-222.034515,91.328812,-25.969246,-13636.640625,5843.194336,-1597.291992,-0.099950,-0.858266,0.503378,0.100000,0.020000,1,0.928672
21.833870,22.058321,-0.364597,530.490234,-284.439056,-194.014221,14400.368164,-12585.808594,-6068.400879,-0.035323,-0.914860,0.402224,0.100000,0.020000,1,0.632197
20.828825,23.984877,0.013556,160.650757,209.653931,19.138580,12874.281250,17085.476562,1524.097412,0.041616,-0.995580,-0.084198,0.100000,0.020000,1,0.360225
20.071186,23.361778,-0.668716,26.001556,7.077282,-49.998604,1968.428833,763.761841,-3905.657227,-0.219394,-0.715098,-0.663702,0.100000,0.020000,1,0.721650
19.832315,23.230453,-0.191183,-29.984566,22.323029,122.648514,-3367.770020,2047.665405,6283.959473,0.054566,-0.975348,0.213821,0.100000,0.020000,1,0.372308
20.403925,22.883898,0.122125,-653.906738,388.744141,415.669678,-43681.558594,19223.953125,26686.195312,0.063440,-0.990457,0.122352,0.100000,0.020000,1,0.940665
19.982260,23.332048,0.504313,-12.653702,31.665039,-16.153112,-846.580078,2142.237305,-1008.074524,-0.219319,-0.699345,0.680306,0.100000,0.020000,1,0.948513
19.810165,23.226707,-0.092282,44.504551,89.344727,8.988688,-11809.412109,-16307.237305,2949.722412,-0.083098,-0.823457,-0.561260,0.100000,0.020000,1,0.132152
20.182205,24.562557,-0.456287,8.208790,403.748779,-35.677067,1158.754028,12721.591797,-1222.217285,-0.006246,-0.888743,-0.458364,0.100000,0.020000,1,0.729195
20.970377,22.571709,2.822234,309.872986,-174.404297,754.424072,3121.013672,-1823.521484,29627.070312,0.063216,-0.952578,0.297656,0.100000,0.020000,1,0.989333
20.204548,23.249262,-0.284830,89.958855,-417.124939,391.326843,5651.645020,-25671.888672,24393.386719,0.087385,-0.954072,-0.286549,0.100000,0.020000,1,0.497243
20.127453,23.195080,-0.072033,535.946533,-288.925140,453.720978,33471.078125,-17675.472656,28282.339844,0.093115,-0.995490,0.018125,0.100000,0.020000,1,0.337519
20.231815,23.195200,-0.272693,-0.473975,-5.380701,-0.007698,-0.281720,-1.370831,-0.233283,0.103803,-0.923230,-0.369961,0.100000,0.020000,1,0.558812
20.119547,23.100115,-0.061852,-51.530376,-23.378395,1.583654,-1536.293335,-529.189575,47.989506,0.173605,-0.980601,-0.091013,0.100000,0.020000,1,0.564489
20.287722,23.160669,0.092244,-0.808372,-5.969784,0.002605,-0.233510,-1.408236,0.078928,0.175186,-0.976549,0.125146,0.100000,0.020000,1,0.419143
