posX,posY,posZ,velX,velY,velZ,forceX,forceY,forceZ,attachX,attachY,attachZ,mass,radius,state,wetness
29.532404,18.980536,0.133073,58.477982,-5.998375,82.745102,3007.497314,-1836.469482,4364.521484,-0.809278,0.431697,0.398381,0.100000,0.020000,1,0.439627
29.839247,19.822721,-0.175046,140.578033,67.227478,-1.751602,6521.465820,8707.407227,2028.641846,-0.851964,0.453893,-0.261034,0.100000,0.020000,1,0.853635
29.516953,19.462084,-0.070569,-62.813766,-25.868670,153.288727,-4768.961914,-1371.527222,9292.511719,-0.883462,0.467842,0.024864,0.100000,0.020000,1,0.736546
30.130802,18.528545,-1.384648,241.588943,-100.908646,-200.467560,4246.439941,2955.911621,-7566.119629,-0.723154,0.382698,-0.574970,0.100000,0.020000,1,0.158882
29.662127,19.181652,0.467148,68.482193,-27.615967,-5.585976,4291.999023,-1918.774170,-571.292664,-0.699437,0.370099,0.611403,0.100000,0.020000,1,0.103844
29.356880,19.357065,0.490136,236.105927,71.538391,-149.759430,13578.953125,4794.519043,-9170.291992,-0.772433,0.395064,0.497264,0.100000,0.020000,1,0.031616
29.337000,18.958145,-0.466490,-49.475800,-53.659058,50.670773,752.140381,-6404.281250,-1314.821777,-0.641844,0.328198,-0.693053,0.100000,0.020000,1,0.476657
29.691233,18.696669,-0.739603,-491.898071,402.730438,-90.752213,-30756.048828,23974.097656,-5914.749512,-0.512396,0.261467,-0.817976,0.100000,0.020000,1,0.959263
29.600191,19.506628,-0.872818,69.814827,26.747980,-136.202850,-2006.439941,-632.530396,-9689.613281,-0.817099,0.415058,-0.400096,0.100000,0.020000,1,0.246057
28.808681,19.054052,1.089661,-149.624664,-19.459267,91.193726,-12857.867188,-1330.165771,7514.395996,-0.550783,0.277113,0.787304,0.100000,0.020000,1,0.529578
29.297102,19.456087,0.042642,90.527084,-83.397308,62.785973,4071.807373,-5024.147461,3753.846436,-0.888311,0.446090,0.109121,0.100000,0.020000,1,0.098737
29.115015,19.142124,-0.351697,-651.956055,-296.275513,-131.330826,-43115.101562,-17968.681641,-6647.026855,-0.438690,0.197935,-0.876569,0.100000,0.020000,1,0.085302
29.416672,18.929886,0.848134,4.397909,9.053953,-33.384811,-365.111450,728.902588,-1827.154785,-0.359800,0.159375,0.919317,0.100000,0.020000,1,0.124343
29.278950,18.823252,0.236621,-16.289917,-65.245850,-101.562897,-2348.550293,-5134.744141,-8270.893555,-0.546705,0.239360,0.802384,0.100000,0.020000,1,0.900594
29.726507,19.520222,0.257461,-137.972336,-205.528656,-37.441143,-8309.259766,-12384.749023,-2273.395508,-0.884787,0.374217,0.277694,0.100000,0.020000,1,0.577214
28.926334,18.780167,-0.980486,219.707489,-84.133041,290.006622,11057.381836,-6903.116699,16722.919922,-0.651190,0.272551,-0.708285,0.100000,0.020000,1,0.995973
28.836792,18.239832,0.710672,469.444214,-202.958344,290.334564,26666.283203,-15008.324219,17853.400391,-0.225978,0.094219,0.969565,0.100000,0.020000,1,0.234580
29.231976,18.285454,-0.905443,-88.739578,95.246368,89.171158,-6909.090332,4005.906006,5287.711426,-0.226244,0.092528,-0.969666,0.100000,0.020000,1,0.556804
29.516806,18.530252,0.872279,27.849224,-7.162613,2.087772,1863.717041,-578.180725,228.171341,-0.013737,-0.029152,0.999481,0.100000,0.020000,1,0.984496
29.366232,18.575916,0.955849,14.114847,7.028275,15.314224,678.471252,871.884033,1451.235596,0.060730,-0.138446,0.988506,0.100000,0.020000,1,0.813988
29.353098,18.333191,0.913468,-286.066101,-91.712372,-401.227356,-18523.416016,-6482.346191,-25044.568359,0.046539,-0.077479,0.995907,0.100000,0.020000,1,0.929778
29.365370,18.559599,-0.852550,-11.457798,-46.843102,-79.862595,-1058.410156,-2596.409912,-5081.966309,0.069438,-0.106685,-0.991865,0.100000,0.020000,1,0.682842
29.391689,18.593039,-0.802069,13.137512,-5.553865,-44.089096,481.525177,23.756462,-2595.123291,0.044752,-0.064881,-0.996889,0.100000,0.020000,1,0.614245
28.876213,17.992420,0.320837,-29.024759,17.695562,-12.912155,-3176.253906,1138.584717,1056.621826,0.556044,-0.693016,0.458851,0.100000,0.020000,1,0.152547
28.896097,18.530064,0.046981,-418.678284,-281.165863,288.563354,-28342.705078,-16848.279297,21753.880859,0.218543,-0.256269,-0.941576,0.100000,0.020000,1,0.194685
28.257929,19.220230,0.059581,-535.023621,192.266037,43.211990,-23497.533203,3161.412109,-3688.141602,0.389727,-0.279131,-0.877610,0.100000,0.020000,1,0.305367
28.822203,18.110758,-0.878627,-114.028168,69.023438,-149.623352,-9093.935547,5242.577637,-11029.402344,0.658786,-0.469711,-0.587684,0.100000,0.020000,1,0.099751
29.351324,18.222696,0.597369,-136.024628,34.209892,88.131332,-8743.997070,2261.962891,4869.682617,0.359246,-0.252937,0.898313,0.100000,0.020000,1,0.482903
28.402956,18.423399,-1.044954,-221.119156,175.464371,-123.025406,-6795.912598,5317.769043,-3235.115234,0.325817,-0.226514,-0.917897,0.100000,0.020000,1,0.627270
31.105965,17.280155,0.064021,523.718811,-183.024902,-154.373428,15420.003906,-4872.944824,-5061.868652,0.600549,-0.416468,0.682565,0.100000,0.020000,1,0.829790
29.329016,18.317369,0.755754,4.506215,-2.853644,-4.160090,-69.029701,74.895798,-407.906586,0.301752,-0.208042,0.930411,0.100000,0.020000,1,0.124912
29.505693,17.628990,-0.038418,-343.451447,203.483032,-149.055420,-22086.359375,10286.125000,-9790.414062,0.824681,-0.564673,0.032340,0.100000,0.020000,1,0.029854
29.186464,17.916618,-0.598376,158.598984,-204.488907,-243.684143,9823.643555,-12360.803711,-15237.947266,0.624099,-0.403146,-0.669309,0.100000,0.020000,1,0.612038
29.047981,17.913500,0.151458,-21.676849,13.624580,-459.055115,-2360.986328,1244.411621,-29962.050781,0.747854,-0.482477,0.455994,0.100000,0.020000,1,0.305491
29.765589,17.491590,0.484547,-208.550598,124.240509,568.243591,-11137.634766,6528.967285,39373.253906,0.763881,-0.492594,-0.416938,0.100000,0.020000,1,0.993713
29.821390,18.551769,-0.308222,55.091934,-86.148247,-173.969574,5827.554688,-2029.182861,-12679.688477,0.835046,-0.537893,0.115629,0.100000,0.020000,1,0.641274
29.684469,18.095575,1.225139,96.013138,23.417206,194.905121,7521.591797,1987.223755,14904.535156,0.593017,-0.381437,0.709110,0.100000,0.020000,1,0.678839
30.050106,17.314672,-2.910802,304.839752,-117.439919,-644.222717,-5308.373047,-9559.892578,-27219.445312,0.516680,-0.331355,-0.789459,0.100000,0.020000,1,0.648623
28.030596,18.480637,-0.741194,-318.711609,253.728302,-138.059860,1880.048828,-11405.948242,-5663.675781,0.848654,-0.527309,0.041600,0.100000,0.020000,1,0.554669
29.379927,17.894426,-0.157808,-308.479736,-376.880524,182.832504,-19062.404297,-23238.636719,11921.859375,0.812334,-0.504170,-0.293131,0.100000,0.020000,1,0.588478
28.857904,19.655809,0.081985,-152.196930,425.252075,31.065289,-11356.700195,34460.839844,1039.125122,0.791561,-0.490095,0.365016,0.100000,0.020000,1,0.041527
28.563950,18.521795,0.067243,166.084534,9.895645,171.157410,6859.227051,-2978.634521,10122.691406,-0.950376,0.152957,0.270907,0.100000,0.020000,1,0.207603
29.103899,19.457232,-0.380662,-14.206192,-29.944057,197.242950,-2257.942383,-1625.419067,11661.842773,-0.961842,0.154207,-0.226010,0.100000,0.020000,1,0.372381
27.562136,19.647726,-0.174076,-453.791321,77.480057,43.481232,-25405.810547,5683.579102,6112.775391,-0.894202,0.132062,-0.427741,0.100000,0.020000,1,0.408967
32.017773,20.693659,0.671994,771.299500,365.363770,79.658203,46849.070312,20307.667969,-2188.562500,-0.887310,0.130531,0.442316,0.100000,0.020000,1,0.500751
29.253454,19.439177,-0.083843,-272.295349,278.694366,303.420898,-17860.972656,17699.246094,18603.871094,-0.988101,0.143352,0.055737,0.100000,0.020000,1,0.446531
29.299782,19.210756,0.582356,-82.003723,-99.611557,214.210236,-5534.980469,-6098.957031,13496.286133,-0.720618,0.036059,0.692394,0.100000,0.020000,1,0.175218
29.141230,19.437662,0.242038,8.445645,47.638718,159.293518,-416.707550,4083.209717,13445.422852,-0.741980,0.021338,-0.670083,0.100000,0.020000,1,0.527977
28.551220,18.332314,0.638879,255.958313,-101.638718,59.449856,12817.476562,-9039.083984,3360.808350,-0.502206,-0.065708,0.862248,0.100000,0.020000,1,0.173865
29.968649,19.523674,0.218879,242.856567,126.810074,-127.442474,18083.382812,10090.896484,-9987.976562,-0.586133,-0.091499,0.805032,0.100000,0.020000,1,0.044196
28.675579,19.013155,-2.790539,-11.564880,133.091675,-600.286987,2171.799561,1388.894287,-27851.916016,-0.489928,-0.098685,-0.866159,0.100000,0.020000,1,0.181535
29.174067,18.775217,0.770408,3.665291,3.176261,0.209575,-236.759003,108.381256,-40.094112,-0.340007,-0.186482,0.921748,0.100000,0.020000,1,0.868262
29.262646,19.083826,-1.030093,38.202110,57.304626,-51.433609,2405.307373,4886.835449,-4285.291992,-0.327404,-0.216232,-0.919810,0.100000,0.020000,1,0.202888
29.063618,18.622047,-0.881276,-250.442810,46.142899,696.323120,-16366.042969,2966.909424,43558.386719,-0.157066,-0.342655,-0.926239,0.100000,0.020000,1,0.506783
28.987217,18.984934,0.912532,-30.720787,97.302383,46.883583,-2908.929688,7793.574219,3444.628906,-0.128753,-0.323804,0.937323,0.100000,0.020000,1,0.078077
29.124477,18.683594,0.876026,-36.139664,-42.442017,15.613174,-2552.601807,-1672.388672,1395.916016,0.026066,-0.401582,0.915452,0.100000,0.020000,1,0.827993
29.194715,18.208729,-0.778050,178.696991,-235.589478,309.203003,11390.628906,-15696.541016,19453.363281,0.060143,-0.436349,-0.897765,0.100000,0.020000,1,0.832886
29.276445,20.069187,0.894752,-12.482162,531.411133,99.921661,-4215.447266,19560.349609,7462.678711,0.265063,-0.583314,0.767780,0.100000,0.020000,1,0.032754
28.747580,18.199608,0.852453,-595.480530,364.769775,509.664062,-39336.054688,22760.957031,32721.437500,0.219754,-0.482126,0.848093,0.100000,0.020000,1,0.275935
29.017820,18.078217,-0.849793,-21.417603,-53.056747,302.853699,-1921.029541,-3986.761963,18496.167969,0.251614,-0.505221,-0.825495,0.100000,0.020000,1,0.610561
29.314466,18.983944,1.233825,60.785599,238.285583,193.447800,4418.845703,13710.389648,8320.469727,0.417001,-0.621303,0.663395,0.100000,0.020000,1,0.971132
30.047840,17.483688,-0.712073,141.102936,-103.454407,-36.404274,4.713867,471.424316,944.715820,0.492328,-0.730268,-0.473626,0.100000,0.020000,1,0.774662
29.157524,17.898750,0.579266,5.873688,-2.063330,22.134415,831.962769,-561.122131,1894.057983,0.474589,-0.693686,0.541816,0.100000,0.020000,1,0.702968
29.135622,18.333611,-0.703664,219.838287,-200.526306,-125.473160,14045.868164,-11418.047852,-8611.503906,0.449853,-0.629622,-0.633410,0.100000,0.020000,1,0.850111
30.870176,18.394682,-2.763653,524.961914,145.659210,-832.389587,33169.886719,3189.926758,-21393.167969,0.625279,-0.758427,-0.183886,0.100000,0.020000,1,0.341169
28.973703,18.869427,0.356599,-42.965717,286.981384,55.885571,-2404.872559,13006.412109,-152.837646,0.611046,-0.737427,0.287791,0.100000,0.020000,1,0.525557
29.361525,17.712225,0.075858,102.145103,-54.759472,-234.740005,1869.001953,-1943.498657,-8940.585938,0.580536,-0.694104,0.425672,0.100000,0.020000,1,0.898904
29.396612,17.691967,0.492639,185.370605,-106.052872,337.549774,13031.076172,-7765.687988,23286.613281,0.643961,-0.764227,0.035665,0.100000,0.020000,1,0.836356
30.605164,17.159813,0.602456,435.925964,-452.419495,96.030884,35422.519531,-21647.189453,24832.917969,-0.985798,0.159311,0.053118,0.100000,0.020000,1,0.148188
29.320311,19.353659,-0.138842,-478.751770,23.241032,437.189423,-30666.638672,1274.416992,27702.283203,-0.969038,0.153469,-0.193421,0.100000,0.020000,1,0.888352
28.412502,19.716873,0.543693,-91.419655,252.327805,209.337433,-445.951660,10334.173828,5415.396484,-0.817850,0.060382,-0.572254,0.100000,0.020000,1,0.185218
29.220570,18.541485,-0.627254,-169.819763,118.586899,143.277405,-10903.750000,6494.415527,9690.906250,-0.325657,-0.215927,-0.920501,0.100000,0.020000,1,0.679942
28.914557,18.329979,-0.895154,37.850288,10.906187,142.686020,1099.983154,-550.675903,8589.639648,-0.168666,-0.308472,-0.936161,0.100000,0.020000,1,0.114004
29.094513,18.390013,-0.885158,-4.244167,7.439733,-27.925117,-632.646179,182.361282,-2215.703369,0.005886,-0.405245,-0.914189,0.100000,0.020000,1,0.321044
29.061340,17.886383,-0.822667,-621.467041,359.060059,2543.238037,-39096.539062,22484.917969,158501.078125,0.550339,-0.734784,-0.396510,0.100000,0.020000,1,0.829327
29.225252,19.048063,-0.484709,-71.623398,50.849472,-148.855042,-4973.691895,2948.661133,-8805.042969,-0.674929,-0.038669,-0.736869,0.100000,0.020000,1,0.016135
29.317148,18.401459,-0.464100,-1169.722168,-891.905823,-209.246063,-72917.429688,-55211.753906,-12551.289062,0.334141,-0.594832,-0.731112,0.100000,0.020000,1,0.307733
29.322716,17.734634,0.324711,-452.530579,261.490692,744.564392,-27700.433594,15436.012695,50332.390625,0.528161,-0.643467,-0.554073,0.100000,0.020000,1,0.198422
29.420080,17.678419,-0.035553,-109.092560,66.298996,-439.816650,-6373.070312,2250.195312,-28210.789062,0.706218,-0.707267,0.032078,0.100000,0.020000,1,0.721990
29.126629,18.134575,0.674079,1.474059,8.139508,-0.029490,21.953840,459.075470,88.119286,0.341217,-0.541964,0.768014,0.100000,0.020000,1,0.709997
29.315628,17.738726,-1.047919,59.515892,52.324997,-251.815247,2874.822266,-14862.208984,-8734.261719,0.701401,-0.700000,-0.134301,0.100000,0.020000,1,0.376403
29.656025,18.175337,0.543979,7.538185,11.769047,-420.362213,2654.773682,1602.705688,-26344.064453,0.537053,-0.605943,0.586862,0.100000,0.020000,1,0.502050
29.967184,17.362549,0.478567,-1.098003,1.588931,498.224304,-1915.964111,788.232422,26541.205078,0.710824,-0.669470,0.215729,0.100000,0.020000,1,0.679853
29.309750,17.767090,-0.403608,-208.426971,26.041119,57.319794,-12952.052734,1533.784668,3239.093994,0.771750,-0.518424,-0.368293,0.100000,0.020000,1,0.881216
29.008467,18.376762,-0.740722,-21.176987,24.591530,0.320730,-2239.407715,1778.306152,124.021698,0.170548,-0.398847,-0.901019,0.100000,0.020000,1,0.791194
29.542059,17.607994,0.150876,111.176392,-53.237804,18.464380,8046.936035,-6792.195801,3742.956543,0.768529,-0.488113,0.413654,0.100000,0.020000,1,0.917481
29.434072,17.991764,1.085414,126.967331,24.096579,78.725494,1726.402100,835.297729,-7642.588867,0.558047,-0.449363,-0.697608,0.100000,0.020000,1,0.669924
29.427782,17.675673,-0.399811,-10.765223,6.729780,5.220172,-317.495239,-284.979095,553.396484,0.737922,-0.413192,-0.533614,0.100000,0.020000,1,0.604724
29.513802,18.029501,1.079169,59.705574,0.445339,107.887161,4616.475098,78.667191,8673.094727,0.537105,-0.394868,0.745384,0.100000,0.020000,1,0.648375
29.295444,18.418053,0.217215,60.701454,-2.983429,-73.722916,3246.769043,2745.260010,-4538.252441,0.910794,-0.347322,0.223209,0.100000,0.020000,1,0.690102
29.830166,17.616289,-0.106990,69.261200,-207.429993,-124.977051,6004.757812,-13472.809570,-7714.593262,0.921962,-0.345517,-0.174941,0.100000,0.020000,1,0.683074
29.640287,17.679161,0.038849,-408.715149,13.321537,-132.613190,-25013.533203,782.588623,-8325.586914,0.941567,-0.335203,0.033034,0.100000,0.020000,1,0.075853
29.639582,17.961246,0.723292,208.627747,-161.418945,44.244446,14065.916016,-9701.903320,3826.932617,0.764167,-0.320060,0.560009,0.100000,0.020000,1,0.711865
29.449169,17.678589,-0.289343,-274.074951,163.378036,-73.339272,-17506.310547,10067.833008,-4686.416016,0.906419,-0.270455,-0.324436,0.100000,0.020000,1,0.622804
30.696226,16.941635,0.352687,562.125061,-251.893112,224.477448,22738.677734,-28183.226562,-1372.255859,0.888334,-0.220724,0.402671,0.100000,0.020000,1,0.814220
29.228544,18.266445,-0.838106,-113.898987,36.189285,47.563766,-7699.317871,2641.156738,2625.473633,0.366629,-0.301121,-0.880289,0.100000,0.020000,1,0.571645
28.757399,18.248730,-0.501165,-49.487839,33.286034,-108.473434,-6407.717285,3325.687012,-6383.809082,0.676264,-0.154498,-0.720276,0.100000,0.020000,1,0.131746
29.277788,17.760572,-0.705039,24.456329,-10.194744,295.873291,-914.607239,-2611.333740,17789.996094,0.851899,-0.091056,-0.515729,0.100000,0.020000,1,0.379623
29.226509,19.232075,0.461868,424.526306,-312.525269,-356.816620,26624.984375,-16020.496094,-23878.501953,0.158489,-0.344026,0.925488,0.100000,0.020000,1,0.344533
30.504812,17.891932,0.057459,242.550278,99.042816,-23.193218,7281.504395,2574.174316,243.700195,0.991013,0.026875,-0.131036,0.100000,0.020000,1,0.887338
30.032856,17.324633,0.261577,82.858360,131.315063,1.613083,-8439.971680,-32108.113281,1424.145752,0.998562,0.032896,0.042329,0.100000,0.020000,1,0.252357
30.415939,18.368698,1.044708,345.938446,120.450096,496.879150,6368.167969,5313.234375,34067.945312,0.656846,-0.111767,0.745695,0.100000,0.020000,1,0.683608
29.787058,18.250828,-0.059594,147.509735,-146.433701,-31.674942,9366.995117,-7127.920898,-2918.594482,0.981267,0.038541,0.188757,0.100000,0.020000,1,0.016205
29.134398,17.843359,0.682653,-54.562614,41.904537,401.523071,-1793.767090,-1690.460938,18160.890625,0.943230,0.090730,-0.319507,0.100000,0.020000,1,0.644157
31.119581,18.538134,2.475984,442.200226,168.573425,635.606262,14166.688477,4409.587891,19867.962891,0.804911,0.026629,0.592797,0.100000,0.020000,1,0.182015
29.267277,17.889118,0.925287,-81.686752,49.606361,126.823105,-7550.393555,3382.682861,10463.438477,0.907486,0.138273,0.396673,0.100000,0.020000,1,0.303801
29.370411,18.114172,-0.787658,34.466019,-82.216675,211.725281,1535.014038,-5250.271973,13161.376953,0.477415,-0.123935,-0.869894,0.100000,0.020000,1,0.698181
29.847019,18.040377,-0.610107,-56.718918,-2.303839,36.303062,-3319.454834,113.892616,2152.489014,0.724085,0.121527,-0.678920,0.100000,0.020000,1,0.682095
29.791365,18.414034,-0.140647,-108.379669,-146.889465,-277.047241,-7337.941406,-7232.893555,-16241.652344,0.820310,0.245828,-0.516392,0.100000,0.020000,1,0.714054
29.912815,18.776642,-1.315816,-18.548481,180.235779,-315.490845,-1770.665161,15074.605469,-24838.888672,0.902903,0.398305,-0.161615,0.100000,0.020000,1,0.349159
29.745424,18.009298,0.695267,-13.135277,11.792110,-50.408714,-1107.331787,599.074036,-2876.006348,0.659074,0.171939,0.732160,0.100000,0.020000,1,0.544259
29.813467,18.252468,0.439130,79.619461,-142.015564,23.710449,4554.812988,-7866.506348,1227.071899,0.754111,0.282782,0.592749,0.100000,0.020000,1,0.629957
29.383310,18.533579,0.215966,-507.556702,-4.818382,-179.376404,-24201.812500,-3056.562744,-10752.354492,0.883598,0.429406,0.186720,0.100000,0.020000,1,0.672041
30.026602,17.677023,-0.605318,63.291641,-9.480808,-10.252205,3618.093750,-1658.431274,-3315.404541,0.877772,0.477484,0.039061,0.100000,0.020000,1,0.977289
29.659864,18.235926,-0.802564,17.896751,-7.129183,-8.811947,1082.151733,-81.052597,-841.494690,0.500957,0.046328,-0.864231,0.100000,0.020000,1,0.157227
29.359400,18.081659,-2.632134,-189.496567,-17.453888,-640.537598,818.054688,14805.741211,-44151.085938,0.801481,0.498852,-0.329810,0.100000,0.020000,1,0.817885
30.208509,18.387873,0.296310,37.105484,60.890579,-182.223740,2733.281250,5340.725586,-11668.488281,0.766909,0.505319,0.395603,0.100000,0.020000,1,0.751743
30.065969,18.124821,-0.594094,-187.960739,-129.565109,150.372086,-11521.900391,-8088.040527,9358.956055,0.645170,0.381701,-0.661861,0.100000,0.020000,1,0.758968
29.416235,18.329458,0.788031,112.305206,-65.037491,5.942397,6556.163086,-3572.179688,429.108887,0.401835,-0.079463,0.912258,0.100000,0.020000,1,0.010618
29.891697,18.323318,0.621442,17.279858,-28.571011,-1.176441,811.086487,-1130.407349,-75.421654,0.571642,0.371203,0.731733,0.100000,0.020000,1,0.992200
29.473827,18.824289,-0.385997,-42.610275,43.508926,32.899109,-5441.357910,5597.604492,2306.469727,0.646837,0.558753,-0.519034,0.100000,0.020000,1,0.444538
30.277103,18.656858,-0.322393,35.070061,49.301514,-100.281616,2256.785889,5181.099609,-8441.106445,0.665544,0.714669,0.215171,0.100000,0.020000,1,0.987040
30.126871,18.320143,-0.133571,149.564545,-78.725060,323.827881,9474.818359,-4398.774414,17826.562500,0.596265,0.556174,0.578911,0.100000,0.020000,1,0.360441
30.092512,18.374846,-0.195136,-27.355293,18.589211,-43.747406,-2580.000244,2004.594116,-3596.554199,0.658752,0.752340,0.005555,0.100000,0.020000,1,0.006970
30.060863,18.186937,-0.561073,-552.917542,-306.573486,147.411270,-33924.996094,-19419.468750,9946.161133,0.486187,0.237325,-0.841011,0.100000,0.020000,1,0.630153
31.232443,18.189629,-0.983881,264.983215,-128.659348,-251.582886,11322.066406,-1786.068115,-8814.791016,0.638164,0.751250,-0.168438,0.100000,0.020000,1,0.616967
30.349710,18.580029,0.639682,40.095200,8.459747,64.446335,2855.774658,1757.509155,5380.228027,0.527142,0.758435,0.383271,0.100000,0.020000,1,0.050086
30.347200,18.477198,-0.433129,-96.985687,-43.868671,350.630432,-5902.710938,-1987.566772,21458.400391,0.530756,0.784774,-0.320043,0.100000,0.020000,1,0.265827
30.420624,18.093390,0.013158,216.200195,-78.402435,-186.973206,16906.013672,-5494.549316,-14988.394531,0.406587,0.035381,0.912927,0.100000,0.020000,1,0.749430
30.348314,17.760178,0.617969,80.294708,-146.540588,-6.954844,6130.966797,-11668.304688,-356.779114,0.415649,0.575667,0.704162,0.100000,0.020000,1,0.035762
29.937820,18.532778,-0.468248,44.579239,69.742508,-116.353424,2073.420410,5156.139160,-6865.454590,0.407018,0.603144,-0.685968,0.100000,0.020000,1,0.085070
30.243309,18.635048,-0.216943,-354.910339,-21.168015,279.132629,-22931.939453,-691.747681,17278.708984,0.340964,0.926451,-0.159475,0.100000,0.020000,1,0.829558
30.358488,18.471878,-2.114523,55.085808,-5.729622,-547.862549,3381.648193,-410.672760,-43473.175781,0.341292,0.939829,0.015552,0.100000,0.020000,1,0.349729
29.721508,18.461325,-0.747997,144.291687,-21.095013,24.446770,8277.875977,-786.469788,1425.424561,0.371956,0.379315,-0.847212,0.100000,0.020000,1,0.803881
29.788847,18.016079,-0.394742,-55.355171,-133.282715,259.352814,-5388.402832,-10199.318359,16616.433594,0.343820,0.772528,-0.533843,0.100000,0.020000,1,0.019871
30.082767,18.582190,0.282736,-2.385315,32.639198,-94.752708,-818.484497,2608.230713,-6699.159180,0.335600,0.775292,0.535066,0.100000,0.020000,1,0.160324
30.273611,18.767527,-0.184654,-207.504700,-1.067230,-318.811890,-13342.808594,897.829712,-19683.441406,0.267384,0.901119,-0.341306,0.100000,0.020000,1,0.420124
30.188990,18.732483,0.313259,90.793686,39.554459,-144.113312,5006.193848,3268.347412,-8582.212891,0.263955,0.938204,0.223835,0.100000,0.020000,1,0.127457
29.886106,18.832121,-0.267923,96.288483,15.798943,-109.020844,4296.146484,2053.658203,-9415.354492,0.213711,0.892009,0.398305,0.100000,0.020000,1,0.246022
29.729843,18.811213,-0.756784,123.626862,-83.022339,215.170746,5944.012207,-4086.655273,12734.470703,0.221330,0.725130,-0.652073,0.100000,0.020000,1,0.546892
30.080994,18.892746,0.573765,-21.407700,-116.995834,-51.214432,-1968.101318,-6460.842773,-2810.859863,0.085399,0.826455,0.556487,0.100000,0.020000,1,0.486426
31.109018,17.721994,1.204128,463.875061,-280.396820,326.474182,33422.742188,-21357.242188,23081.275391,0.134571,0.680348,0.720429,0.100000,0.020000,1,0.794005
30.219187,19.014727,0.108564,68.624237,2.304234,105.532257,3837.830322,1121.646729,6423.801758,-0.003773,0.980864,0.194656,0.100000,0.020000,1,0.885700
30.420961,18.932518,0.026633,45.345612,54.808578,45.926941,3183.896484,4059.511475,3493.365479,-0.010489,0.990644,-0.136067,0.100000,0.020000,1,0.989407
29.274382,18.954582,0.988658,-90.830963,-17.739677,51.335037,-5388.204590,3495.379883,3029.044678,0.346550,0.228962,0.909659,0.100000,0.020000,1,0.056101
29.874790,19.062513,1.409369,95.056213,360.358612,470.154938,5193.239746,7047.221680,25043.656250,0.039052,0.853046,-0.520371,0.100000,0.020000,1,0.539988
29.813644,18.483191,0.758104,-1.694650,76.038071,8.659731,-431.978882,5093.654785,563.620789,0.271918,0.372129,0.887457,0.100000,0.020000,1,0.673073
29.839014,18.589655,-0.756248,9.827790,-4.508945,18.777878,-67.022644,13.464497,963.001404,0.188198,0.529040,-0.827465,0.100000,0.020000,1,0.714499
29.991863,19.033676,0.542606,-24.151260,7.899483,112.893860,-2980.348633,1356.030518,9390.909180,-0.055722,0.998446,0.000719,0.100000,0.020000,1,0.623088
31.244621,17.409960,0.492088,397.991028,-549.080933,307.001465,1358.738281,-7678.836914,-10527.550781,-0.118848,0.945695,-0.302549,0.100000,0.020000,1,0.062080
30.365990,18.079643,-1.923299,118.041183,-250.261841,-352.565735,8387.407227,-18616.367188,-27965.464844,-0.033115,0.754801,-0.655118,0.100000,0.020000,1,0.548814
31.503155,21.804604,-0.498490,435.139343,739.429810,-228.374588,11231.738281,37526.238281,-9439.032227,-0.151959,0.924150,0.350507,0.100000,0.020000,1,0.558245
29.219019,18.822109,0.666954,8.045738,-166.897400,-107.502747,-2486.990723,-9281.503906,-7107.440918,0.163318,0.454594,0.875598,0.100000,0.020000,1,0.267838
29.780237,18.363661,-0.598026,-506.205811,-250.572021,-418.304230,-32958.789062,-16991.671875,-26034.335938,0.052376,0.587035,-0.807866,0.100000,0.020000,1,0.317592
30.033298,19.092630,-0.464508,-20.452274,-47.091766,81.095093,-1892.592407,-2264.189697,4920.803711,-0.210592,0.845355,-0.490944,0.100000,0.020000,1,0.569669
29.889528,19.205721,0.188020,110.620407,293.024506,-137.380585,5675.305176,19085.205078,-8505.445312,-0.360863,0.916147,0.174504,0.100000,0.020000,1,0.929261
29.803072,19.085144,-0.272788,-25.438042,-128.497635,38.704769,-3285.296387,-8058.649902,1733.234009,-0.368906,0.921539,-0.121139,0.100000,0.020000,1,0.628587
30.033642,19.107748,-0.277718,164.328522,-463.049805,-137.151917,9641.218750,-29098.089844,-9993.008789,-0.372265,0.926813,0.049373,0.100000,0.020000,1,0.982503
30.526054,17.778461,0.416523,109.806396,-289.349091,-15.001938,6195.939453,-10242.438477,-5228.675293,-0.121134,0.672697,0.729936,0.100000,0.020000,1,0.651880
32.111168,16.992628,-1.829216,695.343872,-346.002960,-671.568359,34730.492188,-19917.695312,-28847.195312,-0.253934,0.796874,0.548187,0.100000,0.020000,1,0.175271
29.646681,18.290007,-1.085638,-22.340839,-243.718811,-236.289413,-1168.020996,-6497.770020,-6952.264160,-0.369829,0.870765,-0.324029,0.100000,0.020000,1,0.518350
31.095898,18.194412,1.753507,327.359741,-302.899261,369.410400,24862.308594,-22955.320312,29274.253906,-0.447688,0.806524,0.386128,0.100000,0.020000,1,0.560167
29.873831,19.013708,0.701354,-89.287704,107.601837,-90.559814,-6169.837402,7021.903320,-5224.804688,-0.303390,0.660229,0.687061,0.100000,0.020000,1,0.000190
29.829582,19.113811,-0.633068,-43.804375,-549.573853,-287.695984,-3446.405273,-34133.992188,-18399.787109,-0.330859,0.656971,-0.677437,0.100000,0.020000,1,0.041171
29.771553,18.733341,0.843131,-12.368557,12.342215,-72.767593,-1404.968994,958.063354,-4165.041504,-0.028782,0.489102,0.871751,0.100000,0.020000,1,0.449894
29.777651,19.192568,-0.375533,42.417255,137.737183,-58.453873,1699.092407,8926.976562,-3575.942871,-0.498977,0.725492,-0.474007,0.100000,0.020000,1,0.006507
29.565527,18.930811,-0.728066,349.808167,45.261086,155.915314,20490.755859,3170.705566,9631.461914,-0.205466,0.566913,-0.797743,0.100000,0.020000,1,0.338945
29.948492,19.201025,-2.663729,70.588036,-44.570602,-658.064331,4154.096191,-3060.463379,-52791.199219,-0.633810,0.772724,0.034398,0.100000,0.020000,1,0.890345
30.047365,19.360130,0.081678,46.095116,35.170982,-79.522522,3194.642090,3220.551270,-6593.100098,-0.490865,0.684248,0.539311,0.100000,0.020000,1,0.498598
29.743389,19.464214,0.072501,91.546539,-78.313461,164.141937,4708.253418,-4073.478271,9984.976562,-0.635670,0.747916,0.191165,0.100000,0.020000,1,0.693057
29.464884,19.556694,0.629881,-48.796616,30.094727,201.628601,-5175.050293,3031.853271,15875.292969,-0.678823,0.719772,-0.145357,0.100000,0.020000,1,0.350743
29.845062,19.652666,2.903540,56.687851,75.287674,958.622986,2216.390869,-1435.684082,37855.894531,-0.664229,0.671355,-0.328760,0.100000,0.020000,1,0.982947
29.755795,18.967186,-0.812202,139.730713,310.773041,644.324646,8307.838867,18999.056641,39549.433594,-0.514879,0.570063,-0.640257,0.100000,0.020000,1,0.924030
29.764343,19.322508,0.167437,-388.323883,109.076393,371.218781,-24980.646484,7041.947754,22906.841797,-0.705029,0.619682,0.344858,0.100000,0.020000,1,0.465233
29.598606,19.315702,-0.443965,4.026045,68.161819,151.695358,-631.141724,4511.188965,9359.330078,-0.703665,0.540041,-0.461747,0.100000,0.020000,1,0.448897
30.468939,19.191227,0.934599,206.853210,19.096085,439.324341,15693.650391,2211.637939,34511.910156,-0.343743,0.475240,-0.809931,0.100000,0.020000,1,0.518225
29.751684,18.951666,1.056170,75.128601,76.508484,271.359497,4479.976562,4144.187012,19121.628906,-0.535039,0.499028,0.681692,0.100000,0.020000,1,0.614387
29.579641,19.206749,0.523338,29.594147,-25.140610,-20.525040,1093.721313,-1726.686890,-1031.972778,-0.688960,0.481548,0.541707,0.100000,0.020000,1,0.877444
28.613394,20.415333,-0.511149,-311.898132,242.524109,-121.841324,-24373.128906,19579.175781,-9929.592773,-0.868862,0.494207,0.028957,0.100000,0.020000,1,0.485110
29.114492,19.415258,0.353442,17.634426,110.469009,99.782562,-1408.573608,7091.259766,8329.964844,-0.866807,0.473550,-0.156197,0.100000,0.020000,1,0.654638
29.540651,19.510298,0.053128,-377.255219,-289.256927,125.346039,-24389.066406,-17757.562500,7467.321289,-0.882709,0.430783,0.187750,0.100000,0.020000,1,0.850129
30.030937,18.115578,1.081549,81.659775,-358.575439,-32.794815,6018.723145,-25604.255859,-681.534485,-0.209684,0.422296,0.881872,0.100000,0.020000,1,0.374392
28.948818,18.885418,-0.434429,-340.940613,117.802063,78.068176,-17361.017578,10973.083984,12314.277344,-0.843983,0.390692,0.367495,0.100000,0.020000,1,0.921503
29.144501,19.378893,-0.383248,211.946701,58.495728,99.475296,11290.949219,3721.356934,5738.803223,-0.872471,0.386565,-0.298936,0.100000,0.020000,1,0.303498
29.761269,19.043585,0.898938,65.661942,15.656309,20.330467,1644.169189,-440.725708,3086.856934,-0.330053,0.381389,0.863486,0.100000,0.020000,1,0.683839
31.259550,17.628016,0.129148,518.034302,-414.288879,209.171524,30546.636719,-25921.214844,7249.877930,-0.691209,0.300778,-0.657087,0.100000,0.020000,1,0.208493
29.275085,19.453688,-0.502849,58.758545,-187.443573,138.382568,2530.660889,-11249.865234,8333.018555,-0.834730,0.272219,-0.478667,0.100000,0.020000,1,0.799984
29.222622,19.320797,0.596411,472.423889,-188.740326,61.171341,28260.208984,-11227.295898,3818.323486,-0.646943,0.267671,0.714015,0.100000,0.020000,1,0.918282
29.957699,20.039577,1.519290,19.306126,321.550079,240.250366,-1381.938477,11676.371094,6297.052734,-0.835290,0.213444,0.506687,0.100000,0.020000,1,0.574616
29.271198,19.268789,0.302167,-193.064926,-69.882317,-15.676929,-12900.861328,-4998.703613,759.945374,-0.975357,0.172875,-0.137086,0.100000,0.020000,1,0.152547
29.192186,19.543301,0.095621,-48.062485,-144.253815,-165.772217,-4054.982422,-8575.004883,-10209.326172,-0.984812,0.168737,0.040910,0.100000,0.020000,1,0.223921
29.759033,19.338242,-0.674060,103.654587,30.381760,41.597290,6965.611816,3164.389160,2695.624756,-0.498047,0.301518,-0.813041,0.100000,0.020000,1,0.691953
28.438332,20.327980,0.655601,-261.601074,435.132751,411.166473,-7666.783203,19044.617188,19097.160156,-0.967506,0.133104,0.214978,0.100000,0.020000,1,0.300847
29.351835,19.248642,-0.223530,-56.111618,1.923825,-20.942284,-3510.216064,-323.714752,-1101.641479,-0.944491,0.047299,-0.325114,0.100000,0.020000,1,0.629601
28.966829,19.640381,0.232439,61.175827,-144.273880,1.493917,2332.839355,-7844.519531,-241.812347,-0.929276,0.029216,0.368230,0.100000,0.020000,1,0.134094
29.665613,19.349825,0.672805,25.238625,65.490829,-39.535995,1834.758301,5560.650879,-2687.761475,-0.478049,0.236147,0.845993,0.100000,0.020000,1,0.419875
29.385536,19.414946,0.343834,49.805122,40.198402,214.614502,3060.568848,3369.649414,17231.560547,-0.770557,0.073305,-0.633142,0.100000,0.020000,1,0.570683
29.319529,19.273266,0.580006,-162.454071,-73.795319,102.676834,-10662.045898,-4300.077637,6515.536133,-0.735610,0.077803,0.672922,0.100000,0.020000,1,0.657094
28.511921,19.152777,0.437807,-177.608261,-70.488792,210.738586,-9251.125977,-3470.244141,-1183.855469,-0.886210,-0.011103,-0.463150,0.100000,0.020000,1,0.804682
28.886723,19.266479,-0.119791,10.661312,59.391571,179.569580,-657.585510,3349.253906,10803.871094,-0.994354,-0.105777,0.008477,0.100000,0.020000,1,0.655207
29.417524,19.624794,0.495978,97.664703,100.719238,15.331196,6797.544922,7878.405762,1263.061035,-0.862992,-0.068449,0.500560,0.100000,0.020000,1,0.194364
28.834694,19.354437,-0.371364,-6.361305,1.454475,-50.409897,-1736.163086,190.393784,-4233.947754,-0.974957,-0.172160,-0.140783,0.100000,0.020000,1,0.581057
29.022434,19.073782,-0.460991,506.415100,-297.783691,-507.284546,30088.447266,-18730.925781,-31062.500000,-0.574751,0.099306,-0.812281,0.100000,0.020000,1,0.322806
29.159636,19.148451,0.055726,3.012793,0.591736,211.648880,791.755981,6495.652832,7636.745605,-0.958739,-0.213865,0.187301,0.100000,0.020000,1,0.491231
29.034964,19.452019,0.310543,-121.513794,-244.164185,57.113876,-8068.045410,-14602.042969,3578.711914,-0.901224,-0.220747,0.372917,0.100000,0.020000,1,0.149896
28.746902,19.246717,-0.558955,-9.407104,-23.928875,-99.320175,-2073.555664,-1622.485840,-7609.462891,-0.927117,-0.248674,-0.280383,0.100000,0.020000,1,0.396172
29.284464,19.423512,0.171519,71.861832,90.282791,62.713867,4799.167969,6846.949707,6954.713867,-0.751492,-0.152113,-0.641966,0.100000,0.020000,1,0.478526
29.575676,18.343475,0.414599,93.295868,-174.284027,106.311401,7907.438965,-14565.395508,10066.547852,-0.843671,-0.281333,-0.457242,0.100000,0.020000,1,0.294263
29.237408,18.642328,0.896846,-199.363068,-279.918579,-100.567429,-13584.505859,-19134.585938,-5658.609375,-0.500654,0.085512,0.861414,0.100000,0.020000,1,0.574171
29.251410,18.958834,0.619083,-348.548279,267.105591,-91.817291,-21816.517578,16288.657227,-5671.333984,-0.696434,-0.183977,0.693637,0.100000,0.020000,1,0.836374
28.734064,19.206387,0.137227,466.503723,-339.708923,-209.954056,28637.021484,-21364.025391,-12689.402344,-0.883729,-0.467990,0.002931,0.100000,0.020000,1,0.718200
28.703230,18.489902,-0.635499,94.496254,-5.826744,124.806946,3310.221680,-2608.914551,8108.495117,-0.579437,-0.058811,-0.812892,0.100000,0.020000,1,0.917570
29.450445,19.651474,2.707527,267.383789,155.768158,846.962952,-3968.109375,4557.915527,8057.283203,-0.861179,-0.473655,0.184449,0.100000,0.020000,1,0.914189
28.168278,20.286024,-1.540607,-121.747726,411.277588,-372.372223,-7967.878906,8213.289062,-26156.277344,-0.854494,-0.506521,-0.115221,0.100000,0.020000,1,0.203582
29.490723,21.321236,0.810307,85.084534,479.651672,361.469116,-2883.526367,10874.351562,16778.781250,-0.752292,-0.378618,0.539171,0.100000,0.020000,1,0.960936
29.040613,19.039749,0.321791,103.813904,-9.690460,267.441254,5440.761230,-486.650330,15331.731445,-0.570793,-0.099119,0.815089,0.100000,0.020000,1,0.786763
27.771759,20.018684,0.249473,-324.641357,311.979248,67.326004,-25182.523438,23544.718750,6345.039551,-0.792666,-0.532689,-0.296519,0.100000,0.020000,1,0.409198
28.595734,18.970755,0.290996,53.326607,-14.236893,3.734923,2101.895752,-1348.177856,217.724609,-0.770828,-0.533876,0.347564,0.100000,0.020000,1,0.866500
28.848898,18.336708,-0.663079,-121.667725,-494.557312,17.350281,-8369.820312,-23240.689453,2347.245605,-0.678439,-0.384377,-0.626079,0.100000,0.020000,1,0.217337
28.815121,19.414175,-0.850020,41.607300,130.702148,-132.517334,-534.040039,4950.770996,-3399.345703,-0.707350,-0.540932,-0.455025,0.100000,0.020000,1,0.481871
29.100458,18.622299,-0.539182,88.851700,-53.408783,-228.755920,6398.369629,-4890.904297,-18502.808594,-0.663837,-0.547135,0.509866,0.100000,0.020000,1,0.115232
28.469521,19.810379,-0.738072,-162.530121,192.945923,-27.217125,-13187.817383,15732.663086,-2007.797607,-0.556481,-0.266252,-0.787044,0.100000,0.020000,1,0.046883
28.806631,19.025875,0.623534,163.770401,-343.421814,-188.624176,9409.288086,-21425.345703,-11694.483398,-0.605683,-0.422505,0.674268,0.100000,0.020000,1,0.744216
28.621025,19.190582,-0.117953,157.288635,-486.613831,-361.488525,9299.806641,-29814.365234,-22819.406250,-0.693969,-0.706604,-0.138267,0.100000,0.020000,1,0.091992
28.842020,18.974369,-0.372229,-141.127411,-0.593711,30.955956,-8540.482422,21.179348,345.701263,-0.682902,-0.730359,0.014854,0.100000,0.020000,1,0.457012
28.854778,19.070311,0.009411,-494.413757,-484.997803,-342.604248,-30866.468750,-29977.523438,-20570.214844,-0.630091,-0.721889,-0.286113,0.100000,0.020000,1,0.253193
28.640985,18.917379,0.121096,-57.594879,-245.688599,499.312317,-4104.449707,-15509.664062,31294.544922,-0.635691,-0.744180,0.205165,0.100000,0.020000,1,0.270828
29.013456,18.512558,0.162235,-490.020325,-356.787292,-671.392578,-29901.804688,-23991.083984,-42922.695312,-0.571944,-0.744621,0.344122,0.100000,0.020000,1,0.658055
28.272120,18.341194,0.472668,85.884949,-49.033600,64.595993,2555.618408,-5482.372559,3768.463623,-0.508878,-0.566362,0.648288,0.100000,0.020000,1,0.596539
28.386585,18.642294,-0.639754,175.917358,-69.429092,125.048355,8875.504883,-5254.868164,7477.270020,-0.510872,-0.578556,-0.635832,0.100000,0.020000,1,0.928389
29.114796,18.950893,0.749521,-47.825394,-165.242859,-396.696472,-3334.270264,-10120.614258,-24916.292969,-0.457697,-0.269217,0.847370,0.100000,0.020000,1,0.184737
28.774797,18.765921,-0.062676,-417.738007,245.653992,206.776154,-26396.888672,15480.729492,14424.523438,-0.464452,-0.756540,-0.460359,0.100000,0.020000,1,0.353626
29.304861,17.959951,0.767705,215.614532,-60.674728,69.760117,15707.583008,-7175.834473,5803.475098,-0.445450,-0.736396,0.509210,0.100000,0.020000,1,0.433007
28.931602,18.815376,0.227370,-385.729919,27.625618,246.931488,-23302.728516,2191.581787,15893.521484,-0.423714,-0.887500,0.181133,0.100000,0.020000,1,0.159238
28.835234,18.455816,0.136705,-311.916382,160.007935,-24.735100,-19012.238281,9061.655273,-539.476685,-0.421753,-0.897788,-0.126888,0.100000,0.020000,1,0.299032
28.988947,17.988148,-1.161470,14.545074,-231.452240,-135.464264,1857.341309,-6542.966797,-4803.005859,-0.428107,-0.426842,-0.796574,0.100000,0.020000,1,0.528137
28.096668,18.735151,0.743590,48.046803,-17.513449,184.542419,665.591064,-884.701782,14659.573242,-0.400435,-0.915924,0.027121,0.100000,0.020000,1,0.362078
27.308985,18.897259,0.986808,-332.096069,227.457779,268.409546,1728.326172,738.411499,20322.183594,-0.355194,-0.880330,-0.314414,0.100000,0.020000,1,0.917357
28.919804,18.612926,0.788458,-25.384010,41.494850,-64.078148,-2357.318359,1850.965820,-3696.063721,-0.395635,-0.393588,0.829796,0.100000,0.020000,1,0.092579
28.648745,18.577671,0.280008,-132.100586,-94.783096,141.818176,-8628.380859,-6167.926758,8802.621094,-0.316478,-0.872815,0.371533,0.100000,0.020000,1,0.072685
28.854053,19.006498,0.618060,33.621147,154.128677,288.452942,336.462982,4780.355957,19905.433594,-0.356437,-0.543253,-0.760150,0.100000,0.020000,1,0.003838
28.849388,18.475851,-0.575882,-71.210495,64.218254,92.722855,-4415.257812,3311.255371,5559.254883,-0.317634,-0.738195,-0.595127,0.100000,0.020000,1,0.570345
28.724857,18.116447,-0.686985,-158.102661,102.384354,229.850952,-10097.970703,4529.407227,13289.401367,-0.258005,-0.846750,-0.465240,0.100000,0.020000,1,0.516250
28.577250,18.275892,-0.159616,375.501678,-212.382843,112.928764,23367.927734,-14242.052734,6421.162109,-0.172179,-0.985001,0.011255,0.100000,0.020000,1,0.405639
28.392513,18.592665,0.535444,252.081970,-175.433853,-392.172577,13879.008789,-11053.606445,-24903.025391,-0.229822,-0.703895,0.672097,0.100000,0.020000,1,0.083344
28.998247,21.320532,2.223435,84.473389,838.039062,503.154449,17835.894531,34136.226562,23192.101562,-0.176169,-0.832693,0.524964,0.100000,0.020000,1,0.759110
30.349018,18.122326,1.441267,426.772217,-69.501068,351.021729,33929.464844,-5702.204590,27537.250000,-0.123034,-0.975767,0.180944,0.100000,0.020000,1,0.211127
28.387037,18.464954,-0.272769,-62.694450,50.967945,96.714569,-5165.096191,3422.114502,5531.654785,-0.099442,-0.982153,-0.159644,0.100000,0.020000,1,0.433897
28.714308,18.263288,-0.848277,16.301754,2.408610,-119.132843,1036.411255,-400.173401,-9955.342773,-0.065569,-0.947677,-0.312424,0.100000,0.020000,1,0.370851
28.636339,19.139624,0.370893,-8.043859,86.015991,79.061844,-836.502014,8547.325195,5405.704102,-0.062686,-0.945487,0.319569,0.100000,0.020000,1,0.124574
30.606920,17.450958,2.413327,514.837524,-363.074493,510.296753,19140.742188,-7860.296875,16391.511719,-0.245525,-0.497044,0.832265,0.100000,0.020000,1,0.565505
28.500965,18.468235,-0.152071,1.520962,9.333134,114.279968,-1306.496826,719.917847,8707.166016,-0.074297,-0.796791,-0.599670,0.100000,0.020000,1,0.436548
28.870041,19.189686,-0.669015,20.429626,113.695068,-34.903931,-7775.628906,5390.299805,5392.065918,-0.151826,-0.641232,-0.752177,0.100000,0.020000,1,0.149807
28.334133,18.305391,1.387529,-10.934525,92.886040,56.286938,-10008.933594,-14586.070312,-8480.838867,0.005402,-0.898507,-0.438926,0.100000,0.020000,1,0.540379
26.386656,19.429768,0.322375,-525.647644,373.635651,-57.544174,-44713.664062,10761.699219,-19123.068359,-0.025682,-0.754778,0.655477,0.100000,0.020000,1,0.719748
28.984867,18.238176,-0.349837,73.559509,-96.779366,-261.611664,1510.828979,-6467.173340,-8792.482422,0.144597,-0.989402,0.013218,0.100000,0.020000,1,0.291273
29.355663,18.591759,-0.147765,338.282532,28.051254,-232.112335,23611.294922,3029.231689,-17026.285156,0.082422,-0.864958,0.495029,0.100000,0.020000,1,0.251467
28.657413,18.177940,0.484905,70.386124,-37.265755,-377.929077,4085.129395,-2438.650146,-22402.765625,0.163117,-0.973273,0.161657,0.100000,0.020000,1,0.792012
27.692451,18.715197,-0.739940,-577.752075,337.283752,-315.866150,-40888.343750,23553.273438,-22578.439453,0.193284,-0.972870,-0.127140,0.100000,0.020000,1,0.879063
28.855175,18.220795,0.393260,-172.521881,-124.298080,-36.861595,-10712.816406,-7592.665039,-1942.440186,0.227069,-0.907021,0.354615,0.100000,0.020000,1,0.594724
28.715492,18.116844,-0.514565,2.587078,3.903687,262.314789,-190.627243,146.694199,15414.943359,0.245002,-0.927047,-0.283827,0.100000,0.020000,1,0.957288
28.861223,18.560341,0.764523,-6.030785,35.084793,6.765236,-1072.427368,2451.605469,709.084717,-0.091085,-0.564539,0.820365,0.100000,0.020000,1,0.899936
29.683037,17.976032,-0.894745,229.109192,-62.076782,-43.170563,9907.687500,-3746.933105,-12726.582031,0.029393,-0.664304,-0.746885,0.100000,0.020000,1,0.509221
28.802942,18.168531,-0.425274,141.118973,-222.704132,15.818851,8456.364258,-14465.843750,1452.124146,0.138466,-0.765563,-0.628283,0.100000,0.020000,1,0.039641
29.463909,17.901556,-0.164527,21.681938,-187.563812,-209.967346,3535.866699,-13293.013672,-16284.245117,0.167664,-0.732326,0.659990,0.100000,0.020000,1,0.131603
28.772692,18.489712,-0.658341,-19.256920,81.400146,-58.340927,-1514.546631,6693.349609,-4487.375000,0.311795,-0.822762,-0.475234,0.100000,0.020000,1,0.013305
28.043669,18.473091,-1.129796,-192.517151,116.468506,-599.482971,-5372.631836,436.689209,-27432.720703,0.448142,-0.893251,0.035665,0.100000,0.020000,1,0.581289
31.923731,16.232935,-3.104078,804.134033,-448.387543,-843.153198,24346.386719,-17488.003906,-28392.783203,0.353088,-0.797731,0.488829,0.100000,0.020000,1,0.945863
29.612494,17.567329,-1.357474,221.433685,4.759697,-96.721565,-11748.675781,-20013.933594,265.797852,0.480040,-0.853478,0.202822,0.100000,0.020000,1,0.386777
29.577110,17.587757,-0.406231,236.782669,-136.398529,-58.837955,4221.990723,-2512.838135,-2959.765625,0.488316,-0.860447,-0.145530,0.100000,0.020000,1,0.094430
28.927958,18.359970,0.098161,-210.757416,-17.101490,-26.121960,-13486.553711,675.197876,-145.974045,0.520666,-0.796371,-0.307733,0.100000,0.020000,1,0.283390
23.186691,21.277267,1.039883,-1681.759277,971.540527,178.997177,-49979.804688,28723.716797,11648.604492,0.522774,-0.774052,0.357142,0.100000,0.020000,1,0.510894
28.541323,18.185770,-1.359863,-149.147141,135.667892,-198.971848,-6336.172852,-7291.354004,-18637.855469,0.252028,-0.613623,-0.748297,0.100000,0.020000,1,0.103986
29.666632,18.276249,0.282668,193.063141,31.498787,159.967010,14777.015625,2878.647461,13463.208984,0.406075,-0.675654,-0.615301,0.100000,0.020000,1,0.216145
28.715368,19.343309,0.993876,-241.606842,337.977966,466.399902,-7128.355469,12370.195312,2469.706055,0.532001,-0.729802,-0.429377,0.100000,0.020000,1,0.513990
27.662933,18.902405,2.391654,-270.184753,13.366150,555.769592,-3843.595703,-4492.262695,18308.593750,0.114507,-0.545762,0.830080,0.100000,0.020000,1,0.045904
24.723194,20.390165,-0.214679,-1385.053101,800.628845,-63.522278,-17321.726562,9774.666016,10760.377930,0.674814,-0.737586,0.024347,0.100000,0.020000,1,0.785553
31.815229,20.025299,0.170745,798.635071,553.715088,-145.906555,40137.972656,31209.162109,841.929199,0.402638,-0.622886,0.670743,0.100000,0.020000,1,0.488241
30.134134,17.266161,1.118971,285.080902,-128.361404,110.953308,6125.198242,-9434.573242,2642.414062,0.555130,-0.654929,0.512737,0.100000,0.020000,1,0.964441
30.411448,19.426373,0.449897,366.491150,474.084137,171.284531,19455.023438,13009.378906,7650.480957,0.704000,-0.695587,-0.143327,0.100000,0.020000,1,0.381670
28.642035,18.127625,0.350155,685.659424,-392.761017,-138.241470,40678.675781,-24885.710938,-7979.125488,0.711834,-0.675324,0.192952,0.100000,0.020000,1,0.721207
29.160923,18.165800,0.559589,-127.319702,52.692459,-127.780945,-7916.198730,3121.015137,-8579.362305,0.262816,-0.534459,0.803294,0.100000,0.020000,1,0.984282
29.197500,17.806925,-0.497390,-22.055548,20.724537,620.075439,-3236.919434,-2155.048340,38585.269531,0.719189,-0.627958,-0.297380,0.100000,0.020000,1,0.459894
29.281628,17.758354,0.069532,-136.190338,82.292000,83.649269,-9309.339844,3518.329834,4522.774414,0.740141,-0.589653,0.323266,0.100000,0.020000,1,0.645758
26.654278,19.275257,0.216205,-725.665100,420.678955,-35.943672,-30657.308594,17328.316406,-9890.799805,0.557175,-0.541709,0.629371,0.100000,0.020000,1,0.966719
28.802254,18.080767,-0.808120,458.028198,-262.034363,1377.587524,27276.714844,-16021.413086,85765.265625,0.569179,-0.544341,-0.616220,0.100000,0.020000,1,0.675191
28.969841,17.952021,-0.395751,-412.759949,238.966553,-617.059937,-27132.583984,15579.559570,-39052.429688,0.717208,-0.543031,-0.436727,0.100000,0.020000,1,0.948052
29.389368,20.251665,0.629740,139.604309,587.438782,364.046631,5634.485352,17666.917969,10691.022461,0.394051,-0.498519,-0.772141,0.100000,0.020000,1,0.873333
31.475256,16.500834,-0.392422,545.113281,-312.003296,-265.937225,13890.746094,-8128.593262,-8610.260742,0.713242,-0.502107,0.489054,0.100000,0.020000,1,0.883387
27.703560,18.669455,-1.047218,-445.809326,286.402191,-463.990845,-19728.335938,4360.960938,-13302.533203,0.427609,-0.464825,0.775299,0.100000,0.020000,1,0.440552
30.365999,17.417978,-2.072178,600.767090,-262.390289,-582.968018,32347.285156,-16180.149414,-20435.304688,0.857882,-0.435261,-0.273105,0.100000,0.020000,1,0.514559
29.593975,17.578022,0.425146,-24.157034,15.049664,156.238892,-818.555359,-122.452621,11014.932617,0.880297,-0.433138,0.193567,0.100000,0.020000,1,0.606842
30.161161,17.250555,-4.575702,253.259674,-68.613266,-1424.712524,4855.897461,-18427.191406,-49259.269531,0.894065,-0.433768,-0.111770,0.100000,0.020000,1,0.159345
29.129482,17.846197,0.611848,-111.110855,64.665657,44.490040,-4241.172363,2219.755371,-1570.577148,0.899966,-0.435686,0.015439,0.100000,0.020000,1,0.219615
29.213057,18.104086,-0.350933,49.567307,-68.144333,-73.134666,2597.115723,-3349.927246,-4007.490479,0.703193,-0.404824,-0.584498,0.100000,0.020000,1,0.292163
27.808664,18.608770,1.652818,-389.386353,225.819794,560.107788,-10314.581055,5174.233398,22376.816406,0.867336,-0.367236,0.335954,0.100000,0.020000,1,0.711527
29.473480,17.781372,0.500700,235.456024,-140.129425,345.264404,15124.895508,-9359.282227,21589.277344,0.693267,-0.317913,0.646771,0.100000,0.020000,1,0.422989
30.275827,19.502329,1.140485,305.124908,497.597870,324.607727,3809.630859,17967.347656,11823.410156,0.557500,-0.338659,-0.757960,0.100000,0.020000,1,0.747864
29.507242,19.067621,0.282071,-47.618156,333.002319,143.849182,-2970.115967,26385.968750,11860.435547,0.854869,-0.256283,-0.451131,0.100000,0.020000,1,0.398770
29.100231,17.863373,0.380829,741.805237,-428.193695,-136.725296,45047.519531,-26786.728516,-8811.269531,0.838068,-0.220068,0.499212,0.100000,0.020000,1,0.517015
30.094810,18.902628,1.802995,153.222229,292.589508,541.120239,-10638.769531,20213.429688,20235.988281,0.983884,-0.174129,0.040629,0.100000,0.020000,1,0.872675
30.859459,16.847395,-0.691433,366.387024,-176.837296,-95.329742,-3008.064453,-5606.485352,2210.834473,0.979238,-0.170795,-0.109184,0.100000,0.020000,1,0.878725
27.424486,18.830576,1.038621,-525.296021,356.943024,303.601166,-27183.714844,6307.873047,16592.298828,0.974580,-0.148117,0.168095,0.100000,0.020000,1,0.063112
29.503080,17.738199,0.343054,93.808281,-44.298225,-351.171204,6418.883301,-4097.228516,-23559.460938,0.523386,-0.303651,0.796155,0.100000,0.020000,1,0.589296
29.566486,17.815134,-0.217180,127.365326,-222.237198,-452.885132,7810.377930,-13681.431641,-28482.806641,0.949018,-0.135108,-0.284798,0.100000,0.020000,1,0.522033
30.222601,17.468163,-0.880004,147.208069,-357.572998,-136.309509,11744.490234,-23719.146484,-13407.246094,0.941311,-0.115757,0.317070,0.100000,0.020000,1,0.026526
29.795444,18.345455,-0.228839,-1.150843,-91.760460,116.380417,845.402710,-3891.455322,4128.683105,0.758599,-0.137921,0.636793,0.100000,0.020000,1,0.294743
29.593056,18.430288,-0.741133,-19.158131,74.514664,46.226265,-1220.363159,7027.169434,1987.467285,0.782969,-0.120655,-0.610247,0.100000,0.020000,1,0.723449
29.439600,17.667149,0.534863,486.420471,-246.999908,87.742966,23765.048828,-22990.566406,761.665527,0.648696,-0.181823,-0.739008,0.100000,0.020000,1,0.641826
31.192902,17.822903,-0.563325,464.030945,-85.605286,-65.876648,11926.614258,6241.769531,-4006.060547,0.906987,-0.007382,-0.421095,0.100000,0.020000,1,0.578050
29.649406,17.627119,0.872021,25.843016,9.655889,218.660217,972.790466,140.215591,17437.037109,0.997247,0.074103,0.002558,0.100000,0.020000,1,0.414696
29.871300,17.564653,0.361988,-163.004944,105.373932,-10.106400,-9705.281250,5521.369141,-888.185730,0.867814,0.019033,0.496525,0.100000,0.020000,1,0.236395
29.327429,18.095959,0.446140,-93.610214,-22.992104,-46.320580,-6774.347168,-1102.297241,-3823.190430,0.610330,-0.146992,0.778390,0.100000,0.020000,1,0.200717
29.697651,17.544996,0.027476,-51.357117,37.782448,-134.481598,-3855.728516,1474.863403,-7880.192383,0.982609,0.123114,-0.139007,0.100000,0.020000,1,0.376634
29.486427,17.640114,0.023270,174.237381,-94.654114,-353.083710,8179.011719,-9170.230469,-23182.074219,0.973371,0.122303,0.193883,0.100000,0.020000,1,0.945970
30.884281,17.913851,-1.299044,487.033875,-80.249466,-176.789307,18285.574219,-2566.346191,-3852.583740,0.808179,0.068350,-0.584957,0.100000,0.020000,1,0.944369
29.858006,17.726507,-0.247570,-4.717826,0.978870,0.855779,-423.804688,-287.985809,0.481530,0.942888,0.186068,-0.276299,0.100000,0.020000,1,0.568370
29.773571,17.845579,-0.090693,-2.759716,6.681011,-58.199188,-672.439758,478.897156,-5252.858398,0.920108,0.197806,0.338044,0.100000,0.020000,1,0.310990
31.122869,20.361206,0.832117,450.644775,678.033264,428.135071,18470.609375,22276.949219,25070.406250,0.661855,-0.026999,-0.749145,0.100000,0.020000,1,0.253247
29.881084,18.038149,0.587283,-103.828476,-2.738762,-54.793686,-6071.008301,279.908386,-3238.885498,0.772423,0.085579,0.629316,0.100000,0.020000,1,0.346632
30.080530,17.956949,-0.278732,43.837471,-32.349243,9.578463,3437.259521,-1730.596191,947.237671,0.872013,0.243615,-0.424553,0.100000,0.020000,1,0.178367
31.304655,17.499729,-1.314278,348.375183,-175.863037,-399.081543,18787.230469,-4334.717285,-14774.380859,0.936131,0.351636,0.003323,0.100000,0.020000,1,0.502673
29.869352,17.923342,0.113675,-29.335846,22.216000,65.787712,-2130.031982,1451.470459,2984.348389,0.844325,0.270050,0.462804,0.100000,0.020000,1,0.141461
29.689575,18.065643,0.747190,-55.884064,29.807159,-143.468658,-3545.404541,2025.587769,-8665.350586,0.637704,0.036312,0.769425,0.100000,0.020000,1,0.931201
29.552666,17.888514,0.386436,-54.766647,59.466919,-68.360825,-5609.295410,3695.192627,-3300.172363,0.894345,0.414228,0.169005,0.100000,0.020000,1,0.136354
30.108852,18.106314,-0.231534,-74.697403,-44.864189,163.524841,-4557.750977,-1966.299194,9825.706055,0.899087,0.417146,-0.132781,0.100000,0.020000,1,0.824576
29.780985,17.588104,-0.505382,28.086819,19.558022,456.689636,567.322083,-224.717438,27750.271484,0.856063,0.426709,-0.291677,0.100000,0.020000,1,0.007984
30.115818,18.022818,0.257451,-25.661530,38.698769,-16.135199,-1409.324463,2823.889893,-1050.435669,0.849459,0.427778,0.308911,0.100000,0.020000,1,0.642644
29.790337,18.228456,-0.577765,13.309935,-47.930267,48.658012,204.964188,-2135.301758,2820.339844,0.730411,0.308609,-0.609311,0.100000,0.020000,1,0.838331
30.922541,17.654337,-0.305770,284.944061,-191.056290,43.526428,1576.358398,-881.018066,-13627.881836,0.794877,0.430279,-0.427820,0.100000,0.020000,1,0.340991
29.769138,18.174484,-0.748438,-44.933929,20.418129,136.103912,-3113.024902,1781.209106,8058.066895,0.652097,0.201804,-0.730784,0.100000,0.020000,1,0.825804
29.930643,18.085312,0.737478,54.190247,-125.965271,24.461800,3361.537598,-7719.563965,2411.147949,0.715020,0.315696,0.623765,0.100000,0.020000,1,0.811230
30.214848,17.501150,0.913819,-20.082973,-202.945999,266.437592,-1301.135620,-5399.573730,8000.399902,0.803425,0.595269,0.012769,0.100000,0.020000,1,0.377203
29.456820,18.217918,-0.807220,30.797630,-32.998764,49.426857,1455.446167,-1690.369507,2816.047607,0.497811,-0.069565,-0.864491,0.100000,0.020000,1,0.105000
29.846876,18.449135,0.309327,133.322906,24.254990,-65.073212,7363.351074,3190.565674,-4452.972168,0.736980,0.493962,0.461369,0.100000,0.020000,1,0.594955
28.805864,18.200617,0.689973,-364.801849,-38.885239,125.903748,-17874.455078,1374.354980,10398.658203,0.779042,0.597336,0.190483,0.100000,0.020000,1,0.426369
31.508091,17.734224,1.680108,431.131348,-154.772156,283.443817,34235.550781,-11295.231445,22173.666016,0.602158,0.206197,0.771290,0.100000,0.020000,1,0.841819
30.274954,18.119354,0.342781,24.004700,-40.773361,121.696777,1708.858276,-2399.149414,9648.607422,0.747791,0.646640,-0.150551,0.100000,0.020000,1,0.873689
29.038137,18.328911,-0.582361,-131.281372,-79.820251,156.061859,-12599.650391,-4119.866211,9451.191406,0.664684,0.479587,-0.572880,0.100000,0.020000,1,0.383129
31.561798,17.925068,0.701604,411.088501,-54.867035,61.751167,31658.101562,-4202.239258,5629.536621,0.710650,0.617023,0.338023,0.100000,0.020000,1,0.550487
30.292645,18.265089,-0.204838,-120.160782,-8.405905,-16.452116,-7250.409180,119.081032,-817.251099,0.707251,0.638555,-0.303387,0.100000,0.020000,1,0.045993
29.855953,18.146839,-0.621441,-29.597038,62.060616,24.947704,-2249.842773,3807.447754,1634.372070,0.556101,0.361858,-0.748204,0.100000,0.020000,1,0.312609
30.399208,18.384272,0.731453,61.554474,-15.924412,72.670059,4750.639648,-214.589676,5972.657227,0.605739,0.641555,0.470625,0.100000,0.020000,1,0.198048
30.068979,18.380089,0.540484,-117.477753,3.852962,-56.445557,-7431.862305,1001.878662,-3605.576904,0.565807,0.509676,0.648146,0.100000,0.020000,1,0.954423
29.846954,18.062826,-0.087828,107.591492,-37.074013,-191.944855,5230.631348,-2985.124512,-10934.086914,0.589676,0.679742,-0.436156,0.100000,0.020000,1,0.811141
31.043962,17.308277,-0.122018,268.388367,-126.786926,-18.682278,19988.066406,-11857.961914,-1274.717529,0.603073,0.789101,-0.116718,0.100000,0.020000,1,0.881162
30.680273,18.434338,0.484585,132.075272,-21.559830,113.417007,4812.707520,4150.514648,4609.343262,0.579866,0.799618,0.156101,0.100000,0.020000,1,0.461603
32.191448,17.539598,0.619193,593.189514,-269.464447,210.836670,21925.863281,-2263.077148,1069.728027,0.582240,0.812812,0.018255,0.100000,0.020000,1,0.257286
30.162304,18.561470,0.394836,59.209854,-85.322021,37.906235,760.640259,-5950.827637,4227.775391,0.509723,0.341249,0.789767,0.100000,0.020000,1,0.428256
29.810535,17.883245,-0.946127,67.408768,-24.801689,-33.038170,4803.609375,-2712.549072,-2955.213867,0.492128,0.058303,-0.868568,0.100000,0.020000,1,0.143009
32.729107,18.359156,-2.834341,757.727539,-86.073593,-761.652405,33351.351562,-2149.529297,-39716.984375,0.512183,0.804627,-0.300408,0.100000,0.020000,1,0.942732
29.587370,17.675211,-0.185467,5.653900,25.032082,-231.775330,-2089.609375,-1003.904114,-13341.903320,0.490110,0.649781,-0.581014,0.100000,0.020000,1,0.451673
29.758848,20.694525,1.087999,-115.736313,614.497986,224.383026,-6214.788086,20714.533203,12215.071289,0.486188,0.815401,0.314232,0.100000,0.020000,1,0.735318
30.161064,18.459518,0.822609,18.898869,-18.789818,57.229767,1199.650269,-614.459900,4861.410645,0.453500,0.643735,0.616395,0.100000,0.020000,1,0.984104
29.772232,18.020395,-0.603822,-213.540466,86.919029,5.561630,-13513.883789,4740.362305,879.591797,0.476894,0.183825,-0.859523,0.100000,0.020000,1,0.455232
29.947668,18.523655,-0.740773,-0.543921,104.047104,121.772629,-459.451263,7456.290039,7210.742676,0.433303,0.517456,-0.737894,0.100000,0.020000,1,0.760551
29.900427,18.041691,-0.930536,22.864832,23.579628,-115.412903,-132.698166,-13.692832,-9586.125000,0.401847,0.799141,-0.447093,0.100000,0.020000,1,0.453097
30.310617,18.554331,0.140059,-61.167686,380.462830,-257.337830,-4147.379883,24398.896484,-15741.830078,0.364185,0.931028,0.023592,0.100000,0.020000,1,0.871482
29.166134,19.436836,0.721977,-236.658936,168.027557,171.185303,-19988.882812,14670.361328,14195.780273,0.360882,0.926665,-0.105146,0.100000,0.020000,1,0.619974
30.230764,18.551701,0.635619,-339.418335,176.122208,104.581184,-20538.833984,12088.371094,6526.003906,0.414840,0.485917,0.769280,0.100000,0.020000,1,0.773790
29.878099,19.110054,-0.284144,-60.040070,75.183762,-181.913879,-5416.110840,7573.499023,-14381.857422,0.362791,0.797451,0.482135,0.100000,0.020000,1,0.665421
29.999866,18.394522,0.436587,-46.080536,-117.396477,54.020081,-3266.260254,-1303.969849,6977.613770,0.335666,0.927748,0.163132,0.100000,0.020000,1,0.272589
30.235764,18.687201,-0.001947,2.868157,238.236572,-499.863434,-293.823151,15733.593750,-30570.349609,0.290301,0.915454,-0.278693,0.100000,0.020000,1,0.570808
30.443731,19.602213,0.775066,27.830769,337.271179,323.054932,-1430.065674,10423.791016,7792.735840,0.349706,0.612271,-0.709105,0.100000,0.020000,1,0.371972
30.432911,18.386673,1.007703,56.907623,-90.029404,146.566376,3987.882324,-6289.069336,12321.757812,0.274533,0.906317,0.321279,0.100000,0.020000,1,0.183260
31.400713,18.511011,0.664503,377.623596,-103.547607,348.033722,7877.244141,-13474.042969,-1749.836914,0.229788,0.879608,-0.416519,0.100000,0.020000,1,0.435587
30.209648,18.715040,-0.423068,-274.106720,130.653229,-126.099350,-17299.650391,9069.527344,-7590.611328,0.250598,0.758298,-0.601819,0.100000,0.020000,1,0.051990
30.075253,18.840094,0.424634,37.994781,26.995262,-30.945404,1873.596924,3037.713135,-2360.934814,0.245024,0.749838,0.614578,0.100000,0.020000,1,0.016561
29.400017,17.812782,-0.874749,156.768875,-53.304810,205.658936,7869.886230,-5411.272949,12371.791992,0.392867,0.331255,-0.857861,0.100000,0.020000,1,0.648392
30.283962,18.752800,-0.097962,-242.397766,582.089111,380.536194,-15624.819336,36958.492188,23062.828125,0.092952,0.983657,0.154205,0.100000,0.020000,1,0.540397
30.991693,18.631531,-1.279422,331.535828,44.507614,-363.659119,18866.167969,5342.790039,-18234.277344,0.089227,0.986164,-0.139713,0.100000,0.020000,1,0.394873
30.210463,19.033287,0.349622,-57.637238,-294.146393,129.040466,-3908.838623,-16973.337891,7925.871582,0.121420,0.872527,0.473238,0.100000,0.020000,1,0.526072
30.306429,19.007000,-0.026000,-59.860458,-62.398537,52.962730,-4007.551758,-2875.166992,3120.919678,0.035367,0.998863,0.031958,0.100000,0.020000,1,0.313872
30.280453,18.883238,-0.407189,-178.104553,82.165237,157.793152,-11444.234375,5733.131348,9215.233398,0.025688,0.962663,-0.269480,0.100000,0.020000,1,0.611593
29.652317,18.705261,0.563547,-55.684738,21.426018,-11.401573,-5172.718750,2260.436279,-1157.646729,0.235827,0.570634,0.786615,0.100000,0.020000,1,0.797920
30.088520,18.733706,-0.390606,-137.206924,-72.359879,-717.466736,-9163.533203,-4355.926758,-44840.429688,0.066641,0.807927,-0.585502,0.100000,0.020000,1,0.516588
30.115261,18.998419,0.200918,-255.797577,436.097534,-50.019554,-16939.179688,28419.298828,-3467.368896,-0.017706,0.945958,0.323804,0.100000,0.020000,1,0.797457
30.093410,18.699795,-0.405805,-197.260681,-482.624329,-412.307861,-14158.104492,-29427.140625,-25985.033203,0.133979,0.679242,-0.721582,0.100000,0.020000,1,0.958408
29.942356,19.324076,-1.446811,-45.503761,105.719086,-302.010529,-4229.747559,8863.510742,-23633.234375,-0.045956,0.908337,-0.415707,0.100000,0.020000,1,0.221590
29.969297,18.785597,0.742037,266.324615,-323.410767,-201.256256,15922.903320,-20143.587891,-11782.803711,0.016266,0.789099,0.614051,0.100000,0.020000,1,0.520022
30.419529,18.769657,0.979051,97.130234,-51.520355,177.185883,7609.056152,-4889.064941,13176.558594,-0.082747,0.880537,0.466699,0.100000,0.020000,1,0.719232
30.099129,20.798229,0.057333,15.092575,439.061279,52.814266,2153.737305,21710.234375,-126.262695,-0.211235,0.966352,-0.146779,0.100000,0.020000,1,0.859471
30.413877,18.130875,0.521612,93.600433,-288.477783,79.853653,6490.542480,-21640.728516,6626.638184,-0.213428,0.962550,0.167172,0.100000,0.020000,1,0.007771
29.929220,19.317327,-0.814272,-30.565086,50.989853,-212.793518,-3427.308105,5245.789062,-16471.410156,-0.220642,0.974892,0.030050,0.100000,0.020000,1,0.105427
29.886629,18.683912,0.789062,6.722023,-24.570339,21.045914,-283.080017,-1276.166382,1853.081177,0.092734,0.617703,0.780924,0.100000,0.020000,1,0.653018
29.453970,18.109835,0.256124,-3.654617,138.771393,253.466492,-3267.625000,5729.131836,19049.919922,-0.111215,0.822482,-0.557812,0.100000,0.020000,1,0.967306
30.052320,19.178429,0.275074,14.581280,-2.480640,1.817139,160.229813,767.372192,133.189438,-0.231474,0.919213,0.318540,0.100000,0.020000,1,0.558476
31.110327,18.882904,1.482728,391.761536,-95.961761,456.505188,-5077.195312,11091.367188,35961.429688,-0.268096,0.921830,-0.279919,0.100000,0.020000,1,0.317093
29.257759,19.342516,-2.518999,-198.734650,79.246918,-568.871460,-15928.282227,7436.898438,-43819.148438,-0.061768,0.673575,-0.736533,0.100000,0.020000,1,0.007522
29.884678,19.035355,-0.615170,711.820496,25.118626,872.970398,43757.722656,1758.152710,54060.968750,-0.293255,0.853533,-0.430676,0.100000,0.020000,1,0.968729
29.533518,18.839966,0.676405,31.630194,-55.150200,-155.483276,-193.490982,-3170.340088,-9629.825195,-0.071150,0.664201,0.744161,0.100000,0.020000,1,0.724339
29.996622,18.559801,0.228634,55.137733,-193.226807,-67.701080,2998.783203,-13622.565430,-5481.613770,-0.205728,0.765719,0.609385,0.100000,0.020000,1,0.516392
30.588833,20.056978,0.022480,211.892334,217.841919,-101.573181,15273.038086,18104.886719,-7953.180664,-0.325887,0.825569,0.460689,0.100000,0.020000,1,0.751689
30.876661,17.722755,-0.215863,259.821716,-403.304626,-120.559006,7471.531738,-4377.256836,-7043.782227,-0.447825,0.873416,0.191303,0.100000,0.020000,1,0.624743
30.909384,18.868587,0.261176,285.598572,-161.842987,102.472260,21204.507812,-11333.327148,8062.462891,-0.456525,0.878365,-0.141635,0.100000,0.020000,1,0.177246
30.057575,19.081026,-0.168246,58.916157,460.847229,249.697281,3318.343994,28825.572266,15006.662109,-0.464160,0.885633,0.014456,0.100000,0.020000,1,0.816479
29.293770,19.193233,-0.856048,-156.007599,-18.538101,-187.432800,-13263.157227,-951.960693,-14441.344727,-0.473556,0.837606,-0.272323,0.100000,0.020000,1,0.363430
29.882240,19.147364,-0.621867,10.374633,-9.692230,108.711639,-106.629463,-60.811573,6272.606445,-0.347749,0.747532,-0.565921,0.100000,0.020000,1,0.697789
30.417900,19.892721,-0.440384,147.621704,229.506241,18.937744,18464.304688,9611.761719,2076.518555,-0.232284,0.668292,-0.706704,0.100000,0.020000,1,0.186802
29.631304,18.990713,-0.850498,-13.322098,16.044022,-41.548965,-2279.539062,2380.318848,-3193.166016,0.017921,0.541827,-0.840299,0.100000,0.020000,1,0.305295
30.019403,19.717442,-0.442537,82.170013,95.243835,-193.940460,5526.913086,9163.703125,-14068.341797,-0.524811,0.789047,0.319339,0.100000,0.020000,1,0.111602
29.722158,19.407251,0.378978,166.643768,-317.465576,-447.568298,9317.597656,-18907.117188,-28362.931641,-0.499241,0.722947,0.477605,0.100000,0.020000,1,0.072240
29.484335,18.589371,-0.286459,-213.133347,-211.885788,106.452484,-10478.764648,-5395.927246,5581.566406,-0.527731,0.740553,-0.416030,0.100000,0.020000,1,0.535735
29.620573,19.275414,0.589094,195.259338,-300.823608,-213.074524,10792.457031,-17998.337891,-13221.295898,-0.396782,0.668445,0.629082,0.100000,0.020000,1,0.831391
29.225685,19.384356,0.036674,-81.326904,126.275482,-230.182953,-8374.032227,8470.399414,-13898.291016,-0.644829,0.752389,-0.134559,0.100000,0.020000,1,0.755355
29.503149,18.854145,0.072089,-64.349915,-44.567787,-127.124969,-6002.432129,-3038.761963,-10392.804688,-0.257347,0.606941,0.751927,0.100000,0.020000,1,0.895291
29.919750,19.470732,0.324406,-194.879303,-67.764618,-256.791046,-12563.674805,-3459.432617,-15379.201172,-0.661867,0.734836,0.148151,0.100000,0.020000,1,0.078237
28.948410,18.252850,0.118162,250.126740,-52.861816,-105.019363,11469.815430,-7655.685059,-6247.438477,-0.674793,0.737328,0.031636,0.100000,0.020000,1,0.012415
29.562248,19.334312,-0.560733,38.852787,-190.027924,-43.286522,859.606079,-11175.669922,-3111.160889,-0.521327,0.649720,-0.553246,0.100000,0.020000,1,0.076636
29.911154,19.746405,-0.193007,142.410461,-37.040714,-9.641799,8875.804688,-375.847626,-471.155060,-0.677369,0.685920,-0.265868,0.100000,0.020000,1,0.681205
29.834833,19.651033,-2.753205,45.934837,91.317482,-858.302368,62.840820,-847.467896,-28915.289062,-0.700250,0.644891,0.306213,0.100000,0.020000,1,0.711918
29.621202,19.026489,-0.538285,-10.224907,-31.777958,24.567698,-755.083679,-1191.398193,558.246521,-0.418184,0.578836,-0.700050,0.100000,0.020000,1,0.634744
29.679396,19.478855,1.045127,-135.851532,-37.905807,279.655273,-9473.403320,-998.294067,19925.947266,-0.543836,0.597127,0.589646,0.100000,0.020000,1,0.309869
30.303062,18.507088,0.124384,164.561462,-201.843689,9.376869,12153.429688,-15873.101562,2572.434326,-0.672393,0.615331,-0.411407,0.100000,0.020000,1,0.994780
29.890572,17.834267,0.140746,65.941719,-44.386276,-44.073776,4120.609375,-6687.250977,-5941.806152,-0.393625,0.534713,0.747757,0.100000,0.020000,1,0.088451
29.228838,19.149420,-0.487377,-7.595161,-489.164490,340.903259,-2875.491211,-31787.255859,19886.638672,-0.819483,0.561621,-0.114145,0.100000,0.020000,1,0.347344
29.719332,18.851904,-0.736172,15.998985,-7.063414,7.208972,180.233170,-127.033264,397.515533,-0.124615,0.511438,-0.850237,0.100000,0.020000,1,0.052435
29.184450,18.979870,0.665464,-632.526855,-398.722992,-180.251770,-42535.324219,-26355.626953,-10252.297852,-0.702322,0.537890,0.466281,0.100000,0.020000,1,0.714196
31.288731,17.952740,0.019763,637.471313,-359.000031,-46.970024,22048.443359,-8730.781250,-2803.358398,-0.822957,0.537871,0.182858,0.100000,0.020000,1,0.944440
28.441502,19.126656,-1.087005,-255.903351,-66.348030,-175.628723,-21752.371094,-5246.719238,-15711.194336,-0.839861,0.542300,0.023334,0.100000,0.020000,1,0.446477
29.521698,19.305653,0.246616,-6.932373,99.455704,19.835194,-1282.723389,6081.447266,1183.915527,-0.826721,0.469877,0.309432,0.100000,0.020000,1,0.362202
29.575108,19.431797,-0.253578,-220.165894,56.950500,-126.774551,-14512.716797,3902.693115,-8027.576660,-0.833298,0.469866,-0.291274,0.100000,0.020000,1,0.106939
29.326332,18.761070,-0.478945,249.281799,-233.492920,-280.504547,13809.003906,-16216.492188,-17230.824219,-0.542401,0.468403,-0.697423,0.100000,0.020000,1,0.791816
28.683825,19.588860,-0.784631,-233.815063,70.734093,-62.306213,-19104.824219,5908.492188,-5227.407227,-0.704944,0.436721,-0.558864,0.100000,0.020000,1,0.244812
30.075281,19.137871,-0.403619,168.677734,-21.991211,-261.703400,12212.875000,-1722.930542,-20365.714844,-0.683673,0.403089,0.608368,0.100000,0.020000,1,0.333998
29.514183,19.251945,0.481978,268.763855,80.922066,88.511467,16427.976562,4828.955078,6004.783691,-0.813512,0.368893,0.449574,0.100000,0.020000,1,0.034747
29.401182,19.303301,-0.413376,-55.168121,112.607620,80.089722,-4442.225586,6970.445312,4790.637695,-0.836564,0.361159,-0.411976,0.100000,0.020000,1,0.077205
29.665958,19.359119,0.527038,-404.258667,-472.836914,251.445679,-25775.619141,-28663.191406,15369.853516,-0.517235,0.390501,0.761562,0.100000,0.020000,1,0.378466
29.192764,19.493643,-0.154192,116.567032,-87.443695,99.718948,5899.465820,-5180.206543,6140.026855,-0.948592,0.284823,-0.138017,0.100000,0.020000,1,0.537728
30.384258,19.514605,-0.894189,385.510986,37.895943,-178.446594,11563.726562,1742.463867,376.434570,-0.959974,0.280084,0.001722,0.100000,0.020000,1,0.600774
29.360941,19.487860,0.089911,35.630699,-5.312786,37.321304,1611.152710,-7.435888,2151.462646,-0.953707,0.252505,0.163355,0.100000,0.020000,1,0.561412
29.526428,19.370512,-0.363057,-61.202782,-34.394611,25.514725,-4065.724121,-1780.691650,2040.536255,-0.787641,0.280831,-0.548412,0.100000,0.020000,1,0.822921
29.143421,19.321724,0.207080,479.244507,125.013504,-542.117737,28800.919922,7678.963379,-34520.484375,-0.919579,0.215297,0.328666,0.100000,0.020000,1,0.084358
29.317699,19.502993,-0.397314,34.712379,-158.633179,501.690613,1515.096802,-9536.384766,30951.046875,-0.941222,0.208257,-0.265953,0.100000,0.020000,1,0.859631
29.625435,18.579241,-0.819780,70.576538,-158.343216,-31.016144,4931.556152,-5869.746582,-5115.018555,-0.643846,0.284210,-0.710413,0.100000,0.020000,1,0.403236
29.349888,19.313982,0.262998,315.681274,-237.575562,404.037415,19119.132812,-14687.908203,24432.718750,-0.756224,0.234083,0.611007,0.100000,0.020000,1,0.344247
29.199718,19.228407,-0.280722,13.336972,-52.167992,76.529831,-257.601501,-3788.460938,5075.857910,-0.899500,0.176999,-0.399464,0.100000,0.020000,1,0.087454
29.822985,18.846544,-0.729673,-308.792725,64.470772,-339.570923,-19563.265625,4014.526367,-21431.498047,-0.241865,0.450321,-0.859484,0.100000,0.020000,1,0.101548
28.767473,19.635815,1.652817,-228.642868,162.395554,296.488068,-7058.679199,7422.752441,9690.337891,-0.625501,0.260602,0.735415,0.100000,0.020000,1,0.870824
29.125271,19.398117,0.068481,101.146042,129.645645,-29.323532,5414.333008,8152.061523,-1645.424927,-0.996756,0.077208,0.022722,0.100000,0.020000,1,0.957412
29.596722,18.967907,0.362468,128.477020,-95.981415,-19.567238,8865.541016,-7497.005371,-1391.765747,-0.874875,0.114056,0.470729,0.100000,0.020000,1,0.604528
29.307779,19.450390,-0.245287,75.421600,40.647270,-52.530289,4614.320312,2805.151611,-4868.890625,-0.987226,0.057133,0.148732,0.100000,0.020000,1,0.172833
29.143488,19.526705,-0.028301,-38.939400,-397.522919,33.108604,-3196.408691,-24518.744141,2457.518066,-0.990109,0.030874,-0.136861,0.100000,0.020000,1,0.459450
28.961393,19.410162,0.295527,108.054306,-33.361595,-88.164719,5427.662109,-1862.235229,-5373.049805,-0.955839,-0.008994,0.293753,0.100000,0.020000,1,0.391029
28.240362,18.359529,-0.907439,-175.143417,176.161819,-88.500038,-10820.771484,-13525.485352,-6091.551758,-0.716203,0.132771,-0.685146,0.100000,0.020000,1,0.186463
28.496294,19.020317,1.128859,-28.524857,56.916275,337.601379,-5020.690430,2226.839600,27022.835938,-0.958975,-0.041448,-0.280444,0.100000,0.020000,1,0.340884
29.381472,19.265005,0.575237,-415.068176,-36.626831,-138.428131,-26190.753906,-2182.365479,-8462.740234,-0.798759,0.049786,0.599589,0.100000,0.020000,1,0.548511
29.105206,19.205202,-0.611651,144.388977,-41.003040,164.572220,8011.912598,-2759.343750,9881.500000,-0.815496,0.041777,-0.577253,0.100000,0.020000,1,0.018857
29.655428,19.205145,-0.686439,12.372187,24.657951,4.916380,321.593323,2731.039795,491.270416,-0.336320,0.386318,-0.858864,0.100000,0.020000,1,0.862567
29.109547,19.282654,0.407418,-379.408081,-238.398926,104.932953,-24588.119141,-15026.466797,6674.217285,-0.882639,-0.067280,0.465211,0.100000,0.020000,1,0.199293
29.551531,19.752298,0.033751,150.251617,128.413879,92.599594,10761.675781,10039.091797,7496.674316,-0.901220,-0.082364,-0.425463,0.100000,0.020000,1,0.956433
27.569355,18.746937,2.259242,-292.695557,238.319580,425.323273,-9422.207031,-6069.917969,23127.972656,-0.673412,0.091398,0.733596,0.100000,0.020000,1,0.058432
29.352274,18.926924,0.226256,135.592209,-114.847260,59.382553,9419.103516,-8961.787109,4674.355469,-0.983842,-0.178952,0.005471,0.100000,0.020000,1,0.272411
29.032143,20.088303,-0.596270,85.173767,249.213684,-136.086975,4980.181641,18934.486328,-10703.034180,-0.972887,-0.205227,-0.106643,0.100000,0.020000,1,0.436387
29.112595,19.151905,-0.303637,-313.857544,-212.450470,-203.142334,-20281.197266,-13690.657227,-12156.244141,-0.828794,-0.126760,-0.545007,0.100000,0.020000,1,0.635829
28.912109,19.328827,0.182577,107.591759,-54.901344,11.613823,6032.704590,-3321.906494,885.545227,-0.952711,-0.250555,0.171941,0.100000,0.020000,1,0.925524
29.404499,19.765728,-0.918355,2.609001,185.105652,-55.343842,-1270.969482,8390.306641,-2048.897461,-0.443111,0.276102,-0.852889,0.100000,0.020000,1,0.310509
28.525211,19.869322,0.482428,-53.570335,225.663727,250.604858,-3522.627197,5664.100586,7733.240723,-0.925582,-0.260502,-0.274657,0.100000,0.020000,1,0.121335
28.567118,18.342768,0.808479,-96.087921,107.564552,-333.024567,-8228.429688,2972.060547,-18724.134766,-0.912780,-0.271989,0.304720,0.100000,0.020000,1,0.165928
29.293104,19.235428,-0.686872,17.657574,-11.261399,-47.178719,1037.873291,-269.535248,-3332.004639,-0.703163,-0.057512,-0.708698,0.100000,0.020000,1,0.060994
27.960796,18.963631,-1.210875,-335.217285,58.226341,-178.140900,-25755.455078,2690.370361,-14856.369141,-0.856569,-0.316125,-0.407866,0.100000,0.020000,1,0.282536
29.627981,18.996876,-0.656162,-497.898499,132.943649,-189.799393,-31085.746094,8308.005859,-11720.149414,-0.506144,0.169983,-0.845532,0.100000,0.020000,1,0.320759
28.903645,18.909845,0.704770,-291.087097,-115.557220,-281.513733,-19987.576172,-8087.150879,-17420.638672,-0.676028,-0.090745,0.731267,0.100000,0.020000,1,0.376207
28.915054,19.095932,0.408805,126.207138,-103.357971,79.914993,6901.799316,-6733.922852,4588.283691,-0.764259,-0.210545,0.609572,0.100000,0.020000,1,0.292875
29.634457,18.378368,0.675564,212.658020,18.890869,101.126114,15830.474609,-2138.120361,7602.590332,-0.830528,-0.325917,0.451665,0.100000,0.020000,1,0.237302
27.162195,20.727028,-0.044578,-602.863831,473.489502,-66.768616,-20951.873047,16540.082031,-5672.206055,-0.869614,-0.469420,0.153022,0.100000,0.020000,1,0.974637
28.591139,19.360083,-0.308594,47.016235,-20.639427,9.943176,3047.635254,-2433.672607,1726.800659,-0.872104,-0.471510,-0.130813,0.100000,0.020000,1,0.662859
28.748783,19.101189,-1.265859,-91.748520,135.927338,-267.518433,-5567.861816,14103.750977,-14263.105469,-0.702024,-0.216353,-0.678494,0.100000,0.020000,1,0.074019
28.268970,19.687298,-0.294517,-135.991150,140.812805,24.466370,-11379.477539,11126.725586,1286.088867,-0.840546,-0.467399,-0.273899,0.100000,0.020000,1,0.976434
28.715256,19.183462,0.032849,139.143463,121.403503,51.973236,7145.095703,7939.245117,5524.311523,-0.818207,-0.480070,0.316338,0.100000,0.020000,1,0.794005
28.237068,19.287308,-0.725525,-109.683563,91.973221,-227.622955,-9665.459961,6367.076660,-17511.351562,-0.855496,-0.516852,0.031457,0.100000,0.020000,1,0.055638
28.795820,19.149605,-0.568910,65.030777,-59.477882,76.549316,3099.541016,-3530.687012,4396.055176,-0.748828,-0.374461,-0.546841,0.100000,0.020000,1,0.058787
28.827446,19.239519,-0.142780,-179.547577,-181.998734,-386.782227,-11792.074219,-10878.669922,-23583.214844,-0.776195,-0.485696,-0.402021,0.100000,0.020000,1,0.198706
27.701639,19.264118,1.715519,-361.833801,49.125114,341.681152,-11287.631836,1418.112915,9956.633789,-0.714854,-0.392307,0.578860,0.100000,0.020000,1,0.051118
29.917940,18.703218,1.611299,274.637207,-143.441940,273.427368,11702.166992,3935.343750,14606.144531,-0.627235,-0.248041,0.738276,0.100000,0.020000,1,0.084483
28.297958,18.400608,0.391573,136.400421,-56.226227,139.068619,6038.681641,-6197.156250,8810.102539,-0.717195,-0.530528,0.451853,0.100000,0.020000,1,0.820963
28.677265,19.055162,0.094329,-30.346924,157.367310,-198.259705,-2675.227051,4627.223633,-9405.343750,-0.761812,-0.647795,0.001883,0.100000,0.020000,1,0.154415
28.894966,18.620115,0.077510,-367.428833,182.027710,-253.504242,-22786.726562,9821.115234,-15192.226562,-0.735503,-0.663595,-0.136662,0.100000,0.020000,1,0.263176
29.230507,18.646597,-0.477419,143.927124,-29.195351,52.186928,10296.356445,-3320.018555,3209.870117,-0.670757,-0.510338,-0.538181,0.100000,0.020000,1,0.542817
28.526316,19.147232,0.172926,-18.526093,42.865051,8.440874,-2276.588135,3311.631104,674.921631,-0.718358,-0.676189,0.163497,0.100000,0.020000,1,0.979335
30.533234,19.775888,-0.896455,406.139709,213.626465,-52.800667,9470.020508,6015.047363,3650.323730,-0.526125,0.024839,-0.850045,0.100000,0.020000,1,0.630206
28.540600,18.584244,-0.279639,-162.095245,130.198227,180.272797,-11308.873047,6569.219727,11134.086914,-0.690116,-0.675321,-0.260157,0.100000,0.020000,1,0.313641
29.103222,19.094095,-0.970201,10.312881,16.201458,-48.713745,-88.844681,1458.949219,-4217.879883,-0.556347,-0.134731,-0.819955,0.100000,0.020000,1,0.538048
29.107452,18.931839,0.169065,-186.305939,-1.989502,208.234161,-10481.666992,-238.298004,12750.549805,-0.666812,-0.677798,0.309761,0.100000,0.020000,1,0.524489
28.875225,18.981489,-0.719920,20.215418,-32.004555,90.481293,556.266907,-1895.483887,5197.745117,-0.584410,-0.405827,-0.702687,0.100000,0.020000,1,0.300491
29.825296,17.444469,0.377581,290.821472,-5.552170,115.768188,-12779.169922,-39363.445312,8741.400391,-0.600223,-0.523677,0.604561,0.100000,0.020000,1,0.626451
28.398190,19.202003,-0.478823,-150.592102,99.139725,-53.545776,-11227.408203,7424.963867,-4007.863281,-0.623933,-0.679108,-0.386678,0.100000,0.020000,1,0.499825
28.564871,18.720676,0.470596,268.227600,-211.426117,59.288471,13371.931641,-14490.907227,2678.536621,-0.520803,0.018712,0.853472,0.100000,0.020000,1,0.825056
28.617781,18.984013,0.356762,103.335037,-62.915695,-94.462936,5658.426758,-3639.193115,-6034.475098,-0.599350,-0.668622,0.440141,0.100000,0.020000,1,0.562551
28.332163,18.547676,-0.041318,83.091721,-41.271378,124.550949,3664.455811,-3923.906982,7595.242676,-0.587903,-0.808500,0.026429,0.100000,0.020000,1,0.671756
28.298794,18.749029,0.063054,-41.915131,49.705727,115.016205,-4932.424316,2702.757812,9393.056641,-0.535447,-0.660324,-0.526564,0.100000,0.020000,1,0.849488
28.475323,18.862900,-0.211755,196.777802,-410.080872,166.583618,11469.707031,-25702.783203,10107.223633,-0.541226,-0.830065,-0.134412,0.100000,0.020000,1,0.680582
28.407187,18.354753,0.393761,-146.943481,-164.707138,79.815819,-10651.965820,-7335.714844,918.332031,-0.538206,-0.828776,0.153185,0.100000,0.020000,1,0.047880
28.159897,18.768970,0.331394,679.565186,-374.756714,-761.988159,40527.183594,-23803.109375,-45715.636719,-0.517428,-0.808372,-0.280719,0.100000,0.020000,1,0.368306
28.288414,19.272987,0.988585,-117.292084,77.410095,77.805344,-10636.435547,6451.674805,6374.907227,-0.520584,-0.405713,0.751258,0.100000,0.020000,1,0.006205
28.623016,18.539248,0.277172,205.247406,-90.175568,-62.440582,11994.995117,-6803.861816,-4805.208008,-0.480156,-0.667150,0.569527,0.100000,0.020000,1,0.833491
28.875237,18.770157,-0.688890,-322.976379,-353.810028,268.179230,-20804.472656,-22602.195312,16563.039062,-0.475779,-0.521766,-0.708092,0.100000,0.020000,1,0.136158
28.512886,18.708147,0.311512,31.286428,37.041359,-0.162807,1140.274170,2193.147705,255.420914,-0.452924,-0.842444,0.291803,0.100000,0.020000,1,0.246644
29.111811,18.935926,-0.689244,-332.746094,139.472565,545.978760,-21387.482422,8912.387695,34552.488281,-0.490523,-0.244165,-0.836523,0.100000,0.020000,1,0.858599
27.620089,19.594341,0.008625,-336.066772,319.261292,22.024826,-25880.816406,23880.748047,2825.645996,-0.400052,-0.827423,-0.394118,0.100000,0.020000,1,0.105694
28.001606,19.258482,1.610868,-189.627075,165.335144,317.052124,246.945312,17481.025391,20711.087891,-0.378857,-0.813298,0.441604,0.100000,0.020000,1,0.343002
28.275959,18.867296,0.357109,-7.880623,90.114716,99.297729,-2145.588623,6608.291016,7171.591797,-0.358967,-0.918516,0.165741,0.100000,0.020000,1,0.348999
28.833809,18.699942,1.137866,13.274491,2.652758,98.737854,199.008545,-205.487549,8356.790039,-0.421633,-0.522770,0.740903,0.100000,0.020000,1,0.745016
28.450560,19.947420,0.481927,-22.432287,354.225586,123.979492,-142.670532,24102.447266,11641.408203,-0.330310,-0.943303,0.032771,0.100000,0.020000,1,0.249865
28.656052,18.593943,-0.558937,-251.099121,-65.163651,40.286209,-16855.466797,-4663.573730,2574.584229,-0.378017,-0.642284,-0.666764,0.100000,0.020000,1,0.168615
28.910671,18.110020,-0.127481,-288.048492,-101.120346,9.228043,-12185.292969,-7354.408203,-1392.875244,-0.344045,-0.776102,-0.528487,0.100000,0.020000,1,0.048200
29.674618,18.505136,-0.142654,-85.533691,222.186005,-375.677826,-9049.833008,13902.341797,-24121.380859,-0.313655,-0.915500,-0.251953,0.100000,0.020000,1,0.079358
28.470146,18.728336,-0.114535,-56.103043,-87.603973,245.938507,-4334.578613,-4973.272461,15448.667969,-0.304237,-0.945794,-0.113636,0.100000,0.020000,1,0.605080
28.543566,18.558285,0.207195,93.448059,-71.697891,39.960037,5270.490234,-4557.669434,2317.012451,-0.261368,-0.916885,0.301676,0.100000,0.020000,1,0.708466
27.491409,19.322613,0.686884,-268.006134,226.805786,63.039749,-14017.484375,9941.349609,1033.766846,-0.296395,-0.754800,0.585173,0.100000,0.020000,1,0.827084
29.066843,19.618973,-0.279107,36.588467,248.438065,124.757256,851.849060,7485.135742,3878.264893,-0.419413,-0.370362,-0.828809,0.100000,0.020000,1,0.176374
28.968630,18.728651,0.615038,-136.151443,-326.831726,-103.951736,-8407.831055,-20439.212891,-6516.779785,-0.322220,-0.624716,0.711270,0.100000,0.020000,1,0.472724
28.569147,18.305046,-0.454407,-27.891617,20.651108,284.777893,-2460.175781,453.244385,17582.326172,-0.184385,-0.886641,-0.424111,0.100000,0.020000,1,0.271094
29.429459,18.672314,-0.118877,220.957458,39.714172,-120.874924,8344.141602,16316.967773,6751.054688,-0.176088,-0.888732,0.423259,0.100000,0.020000,1,0.558370
28.234945,18.506907,-0.644782,-117.526154,77.710510,-96.749542,-9216.344727,5288.917969,-8887.734375,-0.101799,-0.994508,0.024313,0.100000,0.020000,1,0.418041
27.883854,19.254162,-0.188365,-206.277954,247.875305,-69.330345,-18182.591797,14553.072266,1803.175781,-0.080835,-0.988818,-0.125315,0.100000,0.020000,1,0.945063
28.741116,18.219236,0.059523,83.947266,-355.477600,110.457504,4071.254395,-21290.755859,4720.640625,-0.078816,-0.983603,0.162212,0.100000,0.020000,1,0.542159
29.116291,18.782190,0.969323,34.423714,-17.045757,58.749557,2158.806641,-1149.555298,4772.469238,-0.393231,-0.371292,0.841137,0.100000,0.020000,1,0.795037
28.757708,18.538990,-0.542930,-14.969769,-67.386276,50.149910,-1096.569580,-3927.955811,2797.088623,-0.114128,-0.836953,-0.535242,0.100000,0.020000,1,0.210824
28.650221,18.762896,0.023242,-102.000587,-555.470276,305.986450,-6718.777344,-33445.261719,18293.269531,-0.042554,-0.948184,0.314858,0.100000,0.020000,1,0.774235
29.082056,17.873577,0.588953,142.362732,-15.024181,6.975498,824.416504,-10175.775391,5067.309570,-0.104997,-0.812368,0.573615,0.100000,0.020000,1,0.327770
28.459297,18.477264,-0.655411,-10.763687,28.472191,-54.356583,-1741.028076,2331.042969,-5185.323730,-0.014127,-0.960677,-0.277308,0.100000,0.020000,1,0.374925
28.804049,18.517130,0.691715,17.017439,-5.897655,-48.547615,633.759888,-485.672638,-2694.120361,-0.171927,-0.683060,0.709839,0.100000,0.020000,1,0.098024
28.468765,18.596945,1.026233,-106.215149,84.996460,356.363464,-8486.791016,5660.770020,29241.433594,-0.156037,-0.704310,-0.692532,0.100000,0.020000,1,0.635989
29.261581,20.103355,-0.310636,133.061157,460.089355,26.330795,10552.458008,36373.003906,1720.145752,-0.003463,-0.924167,-0.381973,0.100000,0.020000,1,0.605525
28.919495,18.223009,0.947730,89.807083,-21.022682,152.443634,6302.670898,-1851.633911,12037.064453,0.003422,-0.900252,0.435356,0.100000,0.020000,1,0.391261
28.927786,18.690042,-0.777931,6.051199,12.397310,-32.893631,-211.806076,668.596985,-2365.325195,-0.316306,-0.451777,-0.834175,0.100000,0.020000,1,0.646523
28.933546,18.629921,-0.881573,-105.086044,-210.111877,197.478210,-6903.643066,-13173.642578,11608.851562,-0.216849,-0.564487,-0.796449,0.100000,0.020000,1,0.543262
30.253191,18.598089,0.209184,450.381195,152.202438,-28.998962,19962.710938,876.691284,13984.858398,0.122099,-0.983103,-0.136379,0.100000,0.020000,1,0.118791
29.003679,18.069635,-0.126522,68.861115,-14.201233,-57.536270,5486.508301,-1433.113647,-4224.224609,0.160061,-0.986944,0.017959,0.100000,0.020000,1,0.616753
28.692085,18.098726,-1.510588,34.741905,14.298813,-239.919540,-3306.228516,-5326.470215,-16006.935547,-0.015202,-0.735712,-0.677124,0.100000,0.020000,1,0.571591
28.725586,18.243847,-0.246013,-246.757080,-178.418579,-386.935852,-15757.068359,-10983.770508,-24595.013672,0.194779,-0.950705,-0.241291,0.100000,0.020000,1,0.011329
27.885397,20.485153,-0.101185,-205.582489,637.924438,-85.296310,-16622.029297,49951.980469,-6372.072754,0.202380,-0.966280,0.159199,0.100000,0.020000,1,0.136923
28.816107,18.027124,0.806218,106.775925,-54.231415,379.940369,1377.673950,-2440.902100,10184.092773,0.114675,-0.842685,-0.526053,0.100000,0.020000,1,0.825021
27.615185,19.494484,2.604508,-300.948975,398.444183,666.609985,-10750.512695,12947.527344,24370.652344,0.228546,-0.919005,0.321241,0.100000,0.020000,1,0.618230
28.785147,18.220062,0.873843,-12.645809,14.683500,89.133072,-1166.069214,771.255737,7255.221680,0.137096,-0.810367,0.569658,0.100000,0.020000,1,0.916983
29.387848,18.270578,-2.106218,149.356628,22.965500,-564.671326,14134.511719,-3981.003174,-20064.927734,0.255753,-0.882508,-0.394678,0.100000,0.020000,1,0.347112
28.681723,18.471539,0.178643,-69.154434,47.904793,71.259895,-5513.395508,3386.761719,2638.432861,0.020275,-0.678877,0.733972,0.100000,0.020000,1,0.543190
29.225569,18.308897,0.148932,22.414001,-17.899189,31.730000,2939.746826,-460.553650,1035.143677,0.254340,-0.857186,0.447820,0.100000,0.020000,1,0.728467
28.799202,18.156811,0.008697,348.135437,-276.103394,-320.311768,21874.041016,-16944.455078,-20269.052734,0.363012,-0.931462,0.024524,0.100000,0.020000,1,0.361117
32.211960,16.066526,-3.452022,1010.120850,-540.215820,-931.261169,24444.654297,-22869.414062,-54892.945312,0.362374,-0.901267,-0.237495,0.100000,0.020000,1,0.797332
28.188086,18.389713,-0.293161,-105.994965,69.964142,-72.321686,-8900.219727,4149.759277,-6264.708008,0.402540,-0.905258,-0.135904,0.100000,0.020000,1,0.973890
29.038725,18.398577,-0.579475,-248.759216,-135.925262,41.086365,-15324.053711,-7948.002441,2523.139648,0.170857,-0.729567,-0.662224,0.100000,0.020000,1,0.404482
28.111362,18.960207,-1.815342,-273.311523,274.750183,-390.443115,-3188.976562,9479.159180,-16230.773438,0.270709,-0.788895,-0.551690,0.100000,0.020000,1,0.261859
30.237591,18.913589,-0.905547,292.290955,103.972748,-72.679703,23188.314453,7681.846191,-4357.468750,-0.052256,-0.574900,-0.816554,0.100000,0.020000,1,0.567391
28.565006,18.172098,0.908609,-100.417488,63.116875,233.396011,-10670.801758,5075.630371,4051.576660,0.437434,-0.843304,0.312234,0.100000,0.020000,1,0.822494
29.455017,17.875605,0.199699,-383.321594,90.808975,-104.754883,-22122.726562,4725.818359,-7798.489258,0.320223,-0.757325,0.569137,0.100000,0.020000,1,0.240310
29.001444,18.178087,0.287680,25.935326,29.981529,31.127594,2047.796753,2792.643799,2611.143555,0.474687,-0.866121,0.156548,0.100000,0.020000,1,0.039214
28.900923,17.993147,-0.283321,379.786072,-217.231033,145.054001,23736.292969,-13718.257812,9388.229492,0.455410,-0.795923,-0.398883,0.100000,0.020000,1,0.947429
28.680502,18.161413,0.321714,186.719757,-151.617538,-217.826965,10559.351562,-8861.223633,-13908.045898,0.463710,-0.778314,0.423321,0.100000,0.020000,1,0.616878
28.959755,17.944187,0.778297,402.448944,-231.615280,-12.880160,25255.000000,-14754.990234,2358.035645,0.567345,-0.823170,0.022591,0.100000,0.020000,1,0.986417
28.940781,18.235016,0.695936,9.975472,-2.983683,-29.270336,302.666382,-188.636612,-1522.397461,0.206006,-0.654449,0.727501,0.100000,0.020000,1,0.304210
28.031681,18.480013,-0.437358,-242.251465,140.930756,-157.234589,-23576.009766,13219.473633,-14252.083008,0.575407,-0.798365,0.177539,0.100000,0.020000,1,0.046687
31.491961,16.482220,-0.421181,708.439392,-407.515381,-181.535126,12084.024414,-7304.778320,14679.693359,0.585328,-0.801833,-0.120231,0.100000,0.020000,1,0.039658
29.116510,18.195232,-0.454276,-496.102600,-109.575623,-200.457153,-30917.933594,-6657.673340,-12218.185547,0.320304,-0.682347,-0.657121,0.100000,0.020000,1,0.486906
30.034067,17.354128,-0.095738,328.928802,-180.757736,174.907425,20716.253906,-11717.806641,-4252.061523,0.454275,-0.711055,-0.536689,0.100000,0.020000,1,0.155821
29.168652,17.823582,-0.435932,-384.491699,222.721680,496.330872,-23878.787109,13542.697266,30374.636719,0.610083,-0.756594,-0.235296,0.100000,0.020000,1,0.350458
28.760319,18.218801,-0.113975,-286.559998,172.024811,-24.786022,-19314.968750,10250.678711,849.163086,0.072600,-0.576415,-0.813926,0.100000,0.020000,1,0.724463
27.936213,20.269371,-0.358752,-287.781006,484.238739,-322.003967,-7956.879883,10043.251953,-11520.185547,0.467572,-0.674214,0.571675,0.100000,0.020000,1,0.818419
28.810028,18.030632,-0.229930,-98.393677,57.262718,321.169617,-7392.554688,4091.316406,18230.525391,0.626052,-0.714835,0.311561,0.100000,0.020000,1,0.406155
29.157795,18.034323,0.771151,36.817566,-16.540203,31.543388,2622.528320,-1445.232300,2681.008789,0.343201,-0.611098,0.713283,0.100000,0.020000,1,0.040245
28.694889,18.306997,1.173274,-77.641449,56.181519,489.080200,-8343.057617,7643.256348,11857.433594,0.644461,-0.652149,-0.399214,0.100000,0.020000,1,0.567178
29.199389,17.817410,0.408893,601.460876,-346.879395,-409.937622,38220.476562,-22150.214844,-25731.986328,0.639791,-0.629570,0.440806,0.100000,0.020000,1,0.510840
29.359165,17.974045,0.250143,-1019.300781,-273.274658,82.498138,-63475.417969,-16465.638672,5625.665039,0.746601,-0.641407,0.176590,0.100000,0.020000,1,0.536269
29.274828,18.174835,0.903508,155.277130,28.178236,12.851898,4952.198730,496.838593,-4129.555664,0.767230,-0.640685,0.029665,0.100000,0.020000,1,0.262553
29.172291,17.821480,2.619821,148.090546,-24.845455,666.928711,-2220.603027,-11033.718750,11390.381836,0.777576,-0.619518,-0.107576,0.100000,0.020000,1,0.809006
29.080860,18.220444,0.782957,31.059662,80.152451,445.551086,-6821.223633,6703.935059,26485.177734,0.613142,-0.580361,-0.535946,0.100000,0.020000,1,0.620419
29.364315,17.710613,0.664157,-59.175087,34.460903,189.207809,2600.915771,-1568.514160,19369.236328,0.759030,-0.591994,-0.270956,0.100000,0.020000,1,0.130909
29.219490,17.871374,0.176637,8.336935,-47.124046,47.845505,522.662415,-2589.209229,2777.628906,0.775324,-0.567984,0.276166,0.100000,0.020000,1,0.181054
28.839661,18.013523,-0.807563,64.865707,-37.278866,350.886017,2859.306396,-3404.236572,21681.427734,0.224816,-0.532185,-0.816233,0.100000,0.020000,1,0.053342
29.178534,17.924065,-0.751094,-58.041931,34.997906,113.102829,-3719.139404,1841.350464,6415.826660,0.507001,-0.529301,-0.680287,0.100000,0.020000,1,0.250702
29.232637,18.025517,0.405439,-50.487999,-25.558872,6.999516,-3123.921875,-1202.888672,30.027483,0.609309,-0.526222,0.593155,0.100000,0.020000,1,0.867532
29.060843,18.021921,-0.047827,-43.824646,-18.148388,-169.760254,-3347.404785,-1209.219116,-13439.361328,0.481471,-0.512671,0.710883,0.100000,0.020000,1,0.925880
30.469986,17.998692,0.159336,539.320007,-206.877014,-155.999603,22451.884766,-12849.055664,-13292.271484,0.766228,-0.500360,-0.403155,0.100000,0.020000,1,0.303213
29.087978,18.206167,1.373735,-10.763033,-20.530293,185.615997,-861.036499,-1535.850098,14516.686523,0.208262,-0.520463,0.828097,0.100000,0.020000,1,0.234313
28.967497,20.624580,-3.270351,-172.776779,836.886292,-927.912109,1881.952148,27314.726562,-31643.652344,0.876859,-0.469827,-0.101883,0.100000,0.020000,1,0.788719
29.187441,17.994820,0.384376,-57.078049,-54.070450,23.622345,-4103.222656,-2657.351562,1485.744995,0.762777,-0.460605,0.453888,0.100000,0.020000,1,0.972662
29.664560,17.824829,0.269632,-945.082764,-328.896332,-481.442505,-58346.808594,-20266.056641,-29336.187500,0.896023,-0.443519,0.020828,0.100000,0.020000,1,0.898957
29.266014,19.215296,-0.984596,70.293427,324.519653,-83.823624,4770.921387,24930.082031,-6578.423340,0.349958,-0.493500,-0.796233,0.100000,0.020000,1,0.515164
29.518112,17.782970,0.204229,-40.017159,-12.297886,-11.584063,-2006.702881,-477.728088,-472.782074,0.903278,-0.394972,0.167588,0.100000,0.020000,1,0.704445
30.024309,17.809315,1.156081,231.166473,-264.584229,214.249496,3019.424316,-13820.868164,-6332.615234,0.629077,-0.424648,-0.651104,0.100000,0.020000,1,0.695868
28.827877,18.273203,-1.522728,-103.303413,136.271439,-208.134399,-3178.511963,4032.052002,-16790.392578,0.747819,-0.382427,-0.542693,0.100000,0.020000,1,0.683412
29.498774,17.632984,0.328182,-325.786285,192.233475,-28.817688,-21480.783203,10058.120117,-1463.699463,0.890036,-0.358999,0.280991,0.100000,0.020000,1,0.338126
29.010685,18.236551,0.960928,-303.572327,119.218002,-1071.847778,-19976.222656,7760.687012,-66569.843750,0.323708,-0.463039,0.825111,0.100000,0.020000,1,0.255666
29.229839,18.421064,-0.163114,-89.807854,194.795654,-115.978210,-6394.061523,14645.480469,-10054.285156,0.741999,-0.339767,0.577924,0.100000,0.020000,1,0.805909
29.465139,17.680134,-1.735327,36.261658,-12.532207,-331.356873,2319.465088,-1125.322632,-26790.617188,0.868454,-0.308954,-0.387731,0.100000,0.020000,1,0.463061
30.434544,18.608835,1.182622,304.519470,207.652771,134.833038,23755.431641,15792.586914,10947.047852,0.605871,-0.367232,0.705734,0.100000,0.020000,1,0.686899
29.779821,18.567217,-0.121149,47.869858,91.691986,30.026527,4336.270508,9309.726562,2354.247314,0.910529,-0.311509,-0.271844,0.100000,0.020000,1,0.024871
30.445555,19.998558,0.794258,421.648529,625.299133,170.376831,11624.839844,19197.257812,3831.755127,0.859518,-0.251473,0.444960,0.100000,0.020000,1,0.151942
28.578506,18.164301,0.455740,-311.462067,277.875916,160.199371,-30572.945312,-9738.514648,7405.109375,0.973515,-0.194569,-0.120049,0.100000,0.020000,1,0.973551
29.673452,17.626558,0.235390,-115.284729,64.157021,-199.498566,-6891.703125,3773.650391,-11698.215820,0.981127,-0.191718,0.025178,0.100000,0.020000,1,0.346899
29.482441,17.718561,-0.394620,-41.919891,26.900642,-543.413452,-2440.730225,873.465149,-33584.054688,0.687379,-0.289126,-0.666271,0.100000,0.020000,1,0.152138
29.101862,17.862143,-0.561028,-51.461098,60.997566,18.938416,-7834.123047,-3542.388184,19.712769,0.809451,-0.235578,-0.537859,0.100000,0.020000,1,0.408343
29.571400,17.747011,0.565538,-221.488922,-260.872192,-404.866760,-14008.452148,-16391.263672,-24216.908203,0.939546,-0.184272,0.288613,0.100000,0.020000,1,0.971754
29.783915,17.679554,-0.168704,35.487099,-20.019215,13.079842,3078.046631,-1428.094971,990.149048,0.952422,-0.181435,-0.244897,0.100000,0.020000,1,0.331542
29.536486,17.796295,0.199232,-251.580963,-75.315636,-21.241436,-16133.660156,-4372.218262,-1079.385986,0.972182,-0.170248,0.160868,0.100000,0.020000,1,0.002788
28.663589,18.362011,0.624771,-150.292755,79.591995,348.151184,-12137.679688,6097.766602,27479.435547,0.435465,-0.382766,-0.814776,0.100000,0.020000,1,0.810731
30.110058,17.705421,0.937646,281.904724,-106.196533,124.682465,20529.798828,-7708.847656,9281.029297,0.660386,-0.255356,0.706175,0.100000,0.020000,1,0.270560
29.476646,18.071779,0.572481,29.081554,-229.967377,-65.325256,1535.057617,-13580.878906,-3772.614258,0.797859,-0.181124,0.574992,0.100000,0.020000,1,0.264955
30.243343,18.180140,-0.009339,126.906769,52.512085,-93.476639,10572.744141,4961.978027,-7498.044434,0.891865,-0.108926,0.438990,0.100000,0.020000,1,0.635971
29.571440,17.914570,-0.300322,111.563721,-15.108634,-363.660034,6724.589355,-338.736511,-22840.255859,0.917710,-0.095358,-0.385636,0.100000,0.020000,1,0.118897
30.013906,18.380396,-0.968223,41.637299,86.725464,-308.094604,6608.661133,12589.425781,-10903.598633,0.999807,-0.015165,0.012460,0.100000,0.020000,1,0.922232
29.726662,18.100626,0.245046,7.133962,-36.431736,-111.970673,356.147675,-750.571533,-6536.152344,0.990310,0.006814,0.138710,0.100000,0.020000,1,0.193172
29.761148,17.655149,-1.830774,179.059357,-84.884094,-267.847412,12748.310547,-6954.640137,-21746.013672,0.546546,-0.272657,-0.791799,0.100000,0.020000,1,0.865396
30.291386,18.436792,-0.449753,120.836700,133.441681,-55.736675,8504.853516,8446.271484,-2342.201660,0.990447,0.022496,-0.136049,0.100000,0.020000,1,0.017113
29.772539,18.250088,-0.734226,39.399620,113.345993,-22.685957,586.532593,3754.030518,-139.586548,0.757786,-0.106278,-0.643789,0.100000,0.020000,1,0.904829
29.319708,17.736370,-0.338909,327.694977,-185.855804,13.804293,18018.804688,-13408.128906,399.255707,0.961700,0.074088,-0.263901,0.100000,0.020000,1,0.219953
29.651718,18.042225,0.351093,10.083417,-52.530647,107.987213,454.832520,-2575.796143,6268.026367,0.823200,-0.012479,0.567614,0.100000,0.020000,1,0.834736
29.687300,18.170109,-0.407275,-221.292877,-743.888916,61.140152,-14095.062500,-45618.582031,4047.307861,0.846507,0.008108,-0.532316,0.100000,0.020000,1,0.850733
29.281334,18.229029,0.780025,-7.812319,-23.662926,-33.984131,-584.826965,-1119.156006,-1870.351074,0.398734,-0.366453,0.840668,0.100000,0.020000,1,0.174612
29.577000,18.035076,0.507297,42.233650,-24.840393,136.727478,2482.735596,-1147.024048,8313.581055,0.723522,-0.074463,0.686274,0.100000,0.020000,1,0.455392
30.068094,17.414305,0.898017,130.279785,-57.621048,159.427399,9335.708984,-5333.805176,12345.825195,0.905500,0.092959,0.414039,0.100000,0.020000,1,0.624013
29.858849,18.012951,0.204137,-3.560745,-59.375565,4.767118,-162.501556,-2837.853760,105.799637,0.946239,0.132230,0.295208,0.100000,0.020000,1,0.295081
29.583723,17.628654,-0.167631,-390.244873,238.857849,116.089111,-25685.943359,14288.612305,7947.660645,0.919143,0.129822,-0.371917,0.100000,0.020000,1,0.721990
29.391413,18.230328,0.705645,1.028955,24.144997,-1.792264,-83.665520,2186.009033,-84.574142,0.511441,-0.248955,0.822465,0.100000,0.020000,1,0.323357
30.318426,17.858793,-0.963378,124.612823,-20.236706,-303.005798,9546.084961,-1019.337097,-23667.908203,0.966078,0.213471,0.145342,0.100000,0.020000,1,0.635562
29.904537,18.962572,-0.308805,90.222397,102.324005,127.504059,5081.771484,-1502.266602,8944.370117,0.971217,0.216534,-0.099250,0.100000,0.020000,1,0.351543
30.153313,17.949850,0.176048,-1.961391,171.473602,-189.339569,744.230225,11438.959961,-11244.647461,0.968775,0.247808,0.008191,0.100000,0.020000,1,0.251111
29.426462,17.962585,-0.460370,-33.834129,15.321581,205.026428,-2498.597900,648.232910,13866.027344,0.574415,-0.162677,-0.802236,0.100000,0.020000,1,0.476817
29.408981,18.106726,0.599182,-338.756195,-53.024017,88.008331,-14258.957031,-2364.953369,-1874.348145,0.933747,0.249812,-0.256341,0.100000,0.020000,1,0.834149
29.567526,17.833288,-1.046632,11.734561,11.180821,-106.680878,-35.096813,269.934937,-8814.980469,0.760000,0.074101,-0.645685,0.100000,0.020000,1,0.203172
29.976833,17.682800,0.226335,-180.324371,-0.819860,53.761131,-11275.550781,-727.530640,3363.921387,0.923754,0.266870,0.274698,0.100000,0.020000,1,0.302555
29.626844,18.275642,-0.579377,-106.690521,173.252991,-285.209961,-6795.521484,12006.862305,-17682.421875,0.634994,-0.025687,-0.772090,0.100000,0.020000,1,0.218404
29.876268,18.049501,-0.436279,-93.020721,49.545952,-86.576111,-5846.993652,3643.611816,-5324.056152,0.808427,0.201304,-0.553102,0.100000,0.020000,1,0.024462
30.041754,18.103060,-0.450598,-182.630402,-32.721123,111.895981,-11266.717773,-1208.613037,6508.082031,0.872535,0.314268,-0.374057,0.100000,0.020000,1,0.446922
29.435678,17.669413,1.651374,25.518715,73.513954,182.294983,-7461.824707,-13461.172852,11322.947266,0.702480,0.097719,0.704962,0.100000,0.020000,1,0.770391
29.613766,17.987173,0.488465,185.195496,-153.365417,-44.845535,10583.795898,-9533.279297,-2863.060303,0.781897,0.218087,0.584016,0.100000,0.020000,1,0.321542
30.896591,18.100595,-0.647007,227.263092,-25.231726,-222.072083,18184.099609,-854.361633,-18253.115234,0.843252,0.320580,0.431457,0.100000,0.020000,1,0.080283
29.270727,18.357973,1.008752,-59.657578,8.306911,68.572357,-4860.764160,1732.766113,5608.508301,0.546955,-0.131911,0.826704,0.100000,0.020000,1,0.801834
30.253736,17.984905,-0.484884,40.264168,-34.920364,-84.140762,3160.039551,-1960.290039,-6946.518555,0.879032,0.463884,-0.110067,0.100000,0.020000,1,0.791157
29.975418,18.053885,-0.623340,-115.143677,1.554253,111.223846,-6831.130371,327.849121,6719.378418,0.727243,0.223935,-0.648823,0.100000,0.020000,1,0.230078
30.115248,18.097559,-0.104599,-105.827942,-12.113792,-57.825142,-6604.658203,-159.623337,-3157.899902,0.847196,0.462360,-0.261692,0.100000,0.020000,1,0.866606
29.852190,17.706589,0.147980,27.325388,-23.212521,-29.277767,614.844604,-2473.246094,-1825.138306,0.858966,0.483786,0.167717,0.100000,0.020000,1,0.986648
29.774546,18.282806,-0.384903,109.527542,37.161224,50.428642,6033.519043,3567.171631,3465.551514,0.771198,0.348756,-0.532562,0.100000,0.020000,1,0.935080
29.760538,17.481855,0.385903,184.709213,-46.319515,-41.870373,4314.269531,-9552.154297,-4390.565918,0.693052,0.227439,0.684069,0.100000,0.020000,1,0.825056
30.191629,18.266504,0.081651,-77.478653,-170.755402,-86.683212,-4674.567383,-9469.638672,-5243.977539,0.859474,0.510176,0.032017,0.100000,0.020000,1,0.003802
30.967024,18.509298,0.090979,321.282043,149.172302,-88.155479,9899.963867,3635.079102,-4045.601074,0.722580,0.384729,0.574335,0.100000,0.020000,1,0.187744
30.008942,18.155397,0.283428,0.399162,-6.352023,2.806752,-542.711182,200.979446,347.043335,0.796291,0.533175,0.285736,0.100000,0.020000,1,0.348892
30.072634,17.797831,3.410004,140.014252,31.073212,974.002686,-7840.268066,6752.893555,46756.031250,0.747777,0.504299,0.431870,0.100000,0.020000,1,0.173811
30.088152,17.432047,-0.398581,-953.027344,592.455017,382.137329,-60295.437500,34869.765625,23855.992188,0.761087,0.514871,-0.394531,0.100000,0.020000,1,0.027807
30.076899,18.551683,0.075014,96.977097,-32.182411,401.134308,5495.606934,2.123072,25992.853516,0.761151,0.640625,-0.101243,0.100000,0.020000,1,0.133916
30.327141,18.166233,0.034063,29.003860,-47.093468,9.320330,2226.031250,-2626.487793,197.343582,0.742495,0.652795,0.150200,0.100000,0.020000,1,0.437366
30.114872,18.180593,-0.076486,56.620453,-5.378365,114.826813,3028.020752,54.316910,6797.750000,0.743137,0.668129,0.036775,0.100000,0.020000,1,0.914420
29.799925,18.322067,-0.786360,-266.656982,-256.122772,125.519608,-16666.732422,-15230.207031,7483.008301,0.583350,0.130809,-0.801618,0.100000,0.020000,1,0.993304
30.167322,18.326481,0.231986,46.533745,-104.631958,43.632153,2693.307129,-5776.347168,2661.469727,0.690350,0.658744,0.299121,0.100000,0.020000,1,0.497636
29.941973,17.620314,-0.818309,-937.358521,544.051392,442.885315,-59401.507812,32235.929688,26903.722656,0.626249,0.403710,-0.666956,0.100000,0.020000,1,0.384374
29.617838,18.514978,3.263052,144.923767,122.174927,870.600708,-25079.183594,20501.078125,33381.175781,0.646309,0.514409,0.563620,0.100000,0.020000,1,0.929332
30.081812,17.748980,-0.202204,116.160889,-28.722389,7.949020,7156.646973,-3425.586426,1519.705688,0.652205,0.547120,-0.524679,0.100000,0.020000,1,0.679443
29.967592,18.008539,-0.497433,49.835434,-15.997650,-81.192917,2145.017822,-1580.956299,-5860.497559,0.665861,0.643056,-0.378297,0.100000,0.020000,1,0.506284
29.913263,18.022766,0.830445,31.080292,-81.139435,-31.455956,1702.957886,-5599.064453,-996.104126,0.604814,0.382064,0.698733,0.100000,0.020000,1,0.682931
29.907316,18.321585,-0.651438,-402.939636,-257.678101,-200.801270,-25217.892578,-15496.451172,-12611.256836,0.567849,0.248950,-0.784584,0.100000,0.020000,1,0.856730
30.015846,18.376955,0.671555,103.285675,44.954391,-0.148986,7560.128906,3886.997803,-112.470543,0.554216,0.146314,0.819413,0.100000,0.020000,1,0.282233
30.080610,17.706535,-0.203418,106.160645,-153.536285,137.729858,3435.098877,-6072.066406,11808.580078,0.627697,0.728161,-0.275280,0.100000,0.020000,1,0.012575
29.947992,18.308178,0.278996,349.428345,-107.787338,-13.813984,20910.000000,-6442.688477,-1257.412476,0.585066,0.683223,0.436925,0.100000,0.020000,1,0.715833
30.295998,18.478436,0.079514,-84.220245,-54.753746,-53.516350,-5448.204102,-2496.397217,-3173.897705,0.586880,0.808868,0.036103,0.100000,0.020000,1,0.503633
30.175274,18.534254,-0.038398,133.479080,78.952393,-123.922546,7770.983887,5667.202637,-9420.837891,0.572606,0.813596,-0.100916,0.100000,0.020000,1,0.019550
30.183804,18.423323,-0.233299,150.422333,42.028221,-333.947815,9468.350586,3369.028320,-20190.212891,0.541731,0.656506,-0.524906,0.100000,0.020000,1,0.008322
30.260803,18.519056,0.390483,12.737736,-4.363449,34.602516,633.318848,707.843384,2789.926270,0.540012,0.790497,0.288965,0.100000,0.020000,1,0.269759
30.242458,18.442713,0.114061,-58.366302,41.472748,-16.076431,-4051.196045,3259.105225,-1115.893066,0.542568,0.824099,0.162727,0.100000,0.020000,1,0.904740
29.611162,17.678698,0.802198,-18.994522,44.481628,-128.403046,-3087.370605,499.738556,-7171.487793,0.526636,0.508465,0.681262,0.100000,0.020000,1,0.997930
30.283060,18.525743,-0.226054,-44.501419,-38.701862,0.958676,-2953.635498,-1510.091064,5.691546,0.523942,0.814050,-0.250615,0.100000,0.020000,1,0.355333
29.744194,18.886423,-0.595324,-27.026340,199.823364,-298.891296,-208.205688,8172.199219,-6391.983398,0.530685,0.245341,0.811284,0.100000,0.020000,1,0.444858
27.515659,18.777939,0.542162,-504.671600,364.367798,-0.002860,-34419.539062,6334.743652,9263.893555,0.504840,0.643316,0.575571,0.100000,0.020000,1,0.823294
29.741816,18.085569,-0.539458,271.258972,-90.554703,-49.462166,15673.247070,-6452.869629,-2989.833008,0.499841,0.546221,-0.672162,0.100000,0.020000,1,0.051314
30.182314,18.804087,-0.394880,30.500603,106.801346,-152.918564,208.303955,4281.395996,-6831.363281,0.474797,0.783940,-0.400009,0.100000,0.020000,1,0.264528
30.196362,18.460123,0.322122,187.853470,140.284866,-58.581581,11529.566406,9317.975586,-3859.829346,0.458807,0.780423,0.424778,0.100000,0.020000,1,0.061368
30.103741,18.153162,0.040769,44.716698,-7.730957,-21.591480,1737.299805,-1687.554932,-1808.929199,0.384265,0.906752,0.173610,0.100000,0.020000,1,0.939973
31.487284,18.904684,-0.619180,353.996521,34.906570,-175.355988,23739.457031,6046.212402,7303.303711,0.382162,0.915169,-0.128131,0.100000,0.020000,1,0.722274
29.935368,18.307125,-0.731422,-48.690521,44.713318,67.757477,-3159.317627,3073.600098,4011.521973,0.476350,0.393866,-0.786105,0.100000,0.020000,1,0.013803
30.239313,18.550791,0.067612,-312.898987,34.504288,67.233322,-19812.029297,2789.934570,6294.703613,0.391153,0.773928,-0.498031,0.100000,0.020000,1,0.885629
30.875023,18.029348,-1.113813,226.462296,-213.022842,-262.615997,-6356.850586,-9797.992188,-19532.640625,0.365202,0.891886,-0.266771,0.100000,0.020000,1,0.941770
30.024586,18.523066,-0.612492,11.446738,-19.483248,47.030701,270.070496,-529.389832,2773.339600,0.408967,0.623984,-0.665875,0.100000,0.020000,1,0.634975
30.094965,18.619080,0.038747,-143.671341,296.231171,526.558594,-10119.484375,19192.673828,32382.794922,0.311572,0.906123,0.286117,0.100000,0.020000,1,0.728805
29.829710,18.421057,0.703590,11.599214,-21.674126,-4.699341,336.267975,-662.612122,-235.805542,0.460975,0.360342,0.810960,0.100000,0.020000,1,0.632466
30.061630,18.700920,-0.268286,318.483582,61.526535,-94.147217,19035.818359,4708.399902,-5706.370117,0.299577,0.874127,-0.382302,0.100000,0.020000,1,0.690262
30.089931,18.357237,0.461491,209.394028,102.331985,-272.336426,12637.047852,5987.831055,-17262.681641,0.310219,0.765585,0.563598,0.100000,0.020000,1,0.459699
29.736528,17.714415,-0.848817,269.487244,-89.316452,-106.850006,9524.525391,-6371.353516,-3603.910889,0.300350,0.953778,0.009897,0.100000,0.020000,1,0.137261
32.084114,17.560635,1.270163,600.951721,-359.400818,166.874298,23154.814453,-2852.271240,11050.251953,0.345394,0.624815,0.700221,0.100000,0.020000,1,0.916876
29.183002,18.951839,0.070524,-243.707581,30.086838,-56.092545,-16082.640625,5652.442383,-7715.725586,0.251865,0.873324,0.416976,0.100000,0.020000,1,0.520413
30.099583,18.589413,-0.391826,-26.506153,-350.532288,142.974518,-1300.815308,-21068.884766,10167.993164,0.393086,0.481805,-0.783165,0.100000,0.020000,1,0.472848
29.846361,18.810862,-0.056055,213.962555,122.507446,42.060093,11303.712891,8527.850586,1918.028564,0.186086,0.972284,0.141547,0.100000,0.020000,1,0.814504
30.653194,18.831408,-0.010225,71.031136,91.780861,209.364868,761.487305,6464.955566,12176.987305,0.159932,0.978627,-0.129270,0.100000,0.020000,1,0.211856
30.230343,19.478840,0.437962,-52.633881,-29.971939,266.687531,-3943.581299,1563.778564,18638.767578,0.152909,0.988215,0.007031,0.100000,0.020000,1,0.862193
30.054647,18.626410,-0.560300,4.869907,335.648773,128.170502,-195.163040,21622.001953,8060.958496,0.235804,0.721340,-0.651203,0.100000,0.020000,1,0.775391
29.590994,17.759531,-0.072308,32.106064,35.945366,322.366852,-1097.703247,-1541.277344,19009.689453,0.119089,0.949028,0.291826,0.100000,0.020000,1,0.775142
30.235655,18.809929,0.044731,26.520916,115.288345,120.298431,1214.343140,7815.585938,8696.186523,0.110311,0.959837,-0.257961,0.100000,0.020000,1,0.852388
30.058249,18.476397,0.721854,-204.741013,118.089172,-228.937225,-13691.331055,6920.022949,-13375.183594,0.164711,0.820981,0.546682,0.100000,0.020000,1,0.478276
30.046766,18.780029,-0.457156,-10.121185,-163.489258,-60.169044,-1495.988892,-9606.651367,-3832.983887,0.161801,0.833579,-0.528172,0.100000,0.020000,1,0.222835
31.350000,20.491472,-0.052664,338.559937,425.674438,91.670181,17977.513672,30160.914062,6959.748535,0.099357,0.924801,-0.367248,0.100000,0.020000,1,0.063556
29.726618,18.329613,1.045946,-59.383636,-69.871582,114.777832,-5492.456055,-5221.310059,9163.311523,0.224768,0.687307,0.690716,0.100000,0.020000,1,0.788630
29.157198,20.274565,-0.725700,-315.884033,427.093292,-345.316681,-13749.434570,17872.500000,-9235.852539,0.054891,0.915123,0.399421,0.100000,0.020000,1,0.131834
29.864141,18.492260,0.727078,174.927673,-149.687256,-20.138908,10554.852539,-8918.870117,-1133.156616,0.351626,0.457274,0.816860,0.100000,0.020000,1,0.969672
30.065987,19.405046,0.819612,-3.743225,120.934059,269.856354,-5147.436523,1988.636475,6685.666992,-0.029591,0.999510,0.010241,0.100000,0.020000,1,0.512477
29.697569,18.602076,-0.438974,24.547329,67.275169,146.377716,87.969902,4841.093262,10189.692383,0.266739,0.560156,-0.784268,0.100000,0.020000,1,0.707648
29.970249,19.292307,0.338895,69.068634,-19.404570,-65.996582,2849.476807,726.787964,-3265.678711,-0.054755,0.987861,0.145366,0.100000,0.020000,1,0.960472
29.393543,18.661890,-1.890411,-203.320465,-146.341675,-457.922699,-5201.702148,-3226.421875,-16901.009766,-0.068166,0.969571,-0.235127,0.100000,0.020000,1,0.870966
30.136639,19.293945,-0.289219,0.998819,23.218216,-35.587051,-740.392395,3329.471191,-3098.510742,-0.080809,0.991663,-0.100376,0.100000,0.020000,1,0.953444
30.035540,18.449717,-0.578838,-221.749939,-75.424286,-85.618942,-14527.084961,-5609.527344,-5482.367188,0.086348,0.746920,-0.659284,0.100000,0.020000,1,0.417347
30.678707,16.951752,-0.325519,337.070374,-110.800323,-20.988691,2187.905273,-17259.804688,1676.454956,0.000204,0.849337,-0.527851,0.100000,0.020000,1,0.224757
30.087839,19.215170,0.392865,-26.318977,-282.511414,-388.281250,-2480.029541,-16375.125977,-23932.189453,-0.115155,0.946951,0.300040,0.100000,0.020000,1,0.242516
30.145081,18.616030,0.263135,-42.170830,-251.600464,61.906349,-2940.061279,-16566.294922,3088.023682,-0.040532,0.840359,0.540513,0.100000,0.020000,1,0.771067
28.296333,18.327215,1.061826,-223.432236,186.755707,457.944397,-14317.163086,-3625.922607,17680.726562,-0.115977,0.922388,-0.368442,0.100000,0.020000,1,0.782936
29.985970,18.908079,0.395167,28.877857,-9.065988,-14.661835,756.509949,-386.506226,-767.942261,-0.124901,0.898549,0.420726,0.100000,0.020000,1,0.286130
29.889767,18.827869,0.367523,6.508564,9.619900,-27.635483,-567.311096,1263.033447,-2703.484375,0.054461,0.709421,0.702678,0.100000,0.020000,1,0.095302
28.621668,19.751219,-0.834209,-233.452576,247.953857,-178.872711,-21629.912109,18906.988281,-14380.392578,-0.236664,0.965159,-0.111611,0.100000,0.020000,1,0.997005
30.816420,19.034039,-0.029221,281.145477,89.008392,208.051941,8333.777344,2835.606934,5213.124023,0.141952,0.606831,-0.782052,0.100000,0.020000,1,0.729001
29.890408,18.811592,0.730198,169.497147,-455.309998,-107.198647,10186.301758,-27403.669922,-6618.453613,0.220522,0.531696,0.817722,0.100000,0.020000,1,0.547781
29.246325,18.932720,-2.386167,-236.087448,-18.065323,-590.388611,-7316.518555,-5064.626953,-22661.330078,-0.174472,0.852582,-0.492608,0.100000,0.020000,1,0.257214
30.098993,19.227125,0.070389,-182.052475,73.637459,229.759903,-12111.845703,5566.560059,14308.413086,-0.283208,0.949145,0.137540,0.100000,0.020000,1,0.330991
30.317022,17.380966,1.537982,24.532784,-372.593567,553.271729,-92.356262,-7577.249023,16533.091797,-0.080200,0.760582,-0.644269,0.100000,0.020000,1,0.009336
29.513342,18.986101,0.711696,-52.199707,49.623779,51.483368,-6043.417969,3529.150391,4338.452637,-0.176781,0.828736,0.530986,0.100000,0.020000,1,0.667805
30.094200,18.832869,0.095194,-148.566620,73.057678,-33.161804,-9911.570312,3895.197510,-2643.990479,-0.287515,0.919760,0.267163,0.100000,0.020000,1,0.388485
29.533663,18.752714,-0.220192,203.944641,-310.487457,221.756241,9901.390625,-20738.748047,12934.013672,-0.304445,0.951675,0.040340,0.100000,0.020000,1,0.051723
30.130011,19.260929,-0.120472,-197.301666,-526.941467,-289.865051,-12793.418945,-32308.857422,-17962.398438,-0.322906,0.916564,-0.235885,0.100000,0.020000,1,0.028038
29.979301,18.997805,0.557625,-74.149307,-210.862183,-56.454758,-5202.815918,-12453.232422,-3660.551514,-0.087374,0.724571,0.683639,0.100000,0.020000,1,0.429732
30.620745,19.263180,-1.000294,177.919525,-6.573624,-166.119263,11522.223633,4588.110840,-13835.984375,-0.302017,0.870358,-0.388925,0.100000,0.020000,1,0.812617
29.967131,18.661497,0.686337,-138.907761,353.786682,70.442406,-9046.147461,22597.021484,4465.462402,0.108606,0.586810,0.802408,0.100000,0.020000,1,0.862780
29.882824,19.187222,0.453141,69.843391,5.906996,-94.326660,3369.476807,952.301514,-5544.069824,-0.364306,0.832261,0.417880,0.100000,0.020000,1,0.307484
29.965414,19.212479,-0.044784,-8.521778,73.454941,30.022591,-1321.459473,4919.751465,1684.631104,-0.465021,0.885276,0.006554,0.100000,0.020000,1,0.128595
29.847824,19.079351,-0.680923,-0.295225,30.789215,-1.474735,-811.445007,3537.635010,-156.584534,-0.001693,0.621355,-0.783527,0.100000,0.020000,1,0.725371
30.030409,19.030931,-0.012630,30.229126,-87.366257,84.345871,4262.460938,-515.204590,-5755.726562,-0.456577,0.851837,-0.256730,0.100000,0.020000,1,0.656115
30.499714,19.497656,0.636524,183.284241,186.152222,204.151398,13186.403320,13249.535156,14572.781250,-0.470660,0.838643,0.274148,0.100000,0.020000,1,0.830875
30.054564,18.784435,0.228984,71.417297,-268.524109,-15.676447,4226.514160,-18520.429688,-608.409973,-0.491872,0.855431,0.162170,0.100000,0.020000,1,0.380104
30.378756,20.262648,-0.810785,146.881424,242.447083,-157.211670,5560.886719,16043.852539,-12562.095703,-0.504734,0.854913,-0.119860,0.100000,0.020000,1,0.431067
29.959051,19.035839,-0.482656,-126.038513,34.123283,-98.325714,-8389.164062,2538.536377,-5966.800293,-0.268275,0.723960,-0.635539,0.100000,0.020000,1,0.587445
30.167353,18.986181,0.865591,115.205338,-36.520020,119.692688,2068.943359,-4217.151367,3497.256104,-0.370768,0.744629,0.555031,0.100000,0.020000,1,0.581200
30.471869,19.148758,1.217437,145.863281,19.463829,141.219452,11039.856445,2189.334717,11565.629883,-0.249398,0.683498,0.686026,0.100000,0.020000,1,0.617340
27.855682,21.457689,-2.876156,-635.217468,684.985168,-720.537659,-21490.451172,20148.412109,-22618.228516,-0.408990,0.750036,-0.519781,0.100000,0.020000,1,0.311879
30.125553,19.148733,-0.406515,88.490524,-7.192646,-3.101608,5880.373047,-495.877441,-611.354858,-0.510321,0.780358,-0.361405,0.100000,0.020000,1,0.252232
29.539841,19.291737,0.608132,219.458237,-183.933624,-278.042328,11944.553711,-11110.960938,-16547.892578,-0.543195,0.719075,0.433441,0.100000,0.020000,1,0.935560
30.757959,20.894926,0.556343,461.741394,242.698944,6.010666,17126.796875,2436.650391,-4973.669434,-0.655091,0.748997,-0.099292,0.100000,0.020000,1,0.219846
29.812672,18.807791,0.726043,75.486488,49.721741,9.059120,4009.241699,3570.334473,700.015564,-0.022374,0.574199,0.818410,0.100000,0.020000,1,0.947981
29.593332,17.792938,-0.664491,-4.704216,-261.611755,20.759119,-1406.238525,-7975.305664,-533.319336,-0.156767,0.606550,-0.779437,0.100000,0.020000,1,0.641541
28.338924,20.159025,0.887405,-422.421265,292.197479,311.883057,-10808.310547,5242.726562,13470.644531,-0.394835,0.658997,-0.640178,0.100000,0.020000,1,0.761173
29.732052,19.234684,-0.353924,353.643768,-169.761261,-18.011240,21290.169922,-10352.218750,-843.404846,-0.521071,0.692301,-0.499204,0.100000,0.020000,1,0.878884
31.585697,19.894358,-0.366161,535.665710,161.689102,-103.458313,27494.683594,1871.855469,-12921.043945,-0.669288,0.726442,0.156000,0.100000,0.020000,1,0.240754
29.832930,19.443419,-0.077982,-80.356003,-125.613052,109.615067,-5678.340332,-7283.823242,6525.895996,-0.678961,0.733930,0.018927,0.100000,0.020000,1,0.429715
29.490189,19.593988,0.003546,-22.899780,24.260574,39.530632,-3393.460938,2878.010742,3378.552979,-0.666180,0.704535,-0.244612,0.100000,0.020000,1,0.087401
29.740124,19.408854,0.097655,-14.088470,-84.513451,590.593445,-1776.732300,-4746.012695,36737.992188,-0.663199,0.699115,0.267218,0.100000,0.020000,1,0.060122
29.407602,19.307392,0.610398,-107.756409,229.345642,-2.510904,-9089.937500,15634.059570,23.886858,-0.397410,0.630175,0.667042,0.100000,0.020000,1,0.228761
29.975998,18.113632,0.923263,137.037994,-33.258087,139.855988,8677.007812,-5049.711426,9854.793945,-0.158088,0.582380,0.797397,0.100000,0.020000,1,0.936023
29.727051,19.223568,0.415824,14.139850,50.106209,64.545189,54.361076,3501.960205,3811.861816,-0.530648,0.633355,0.563272,0.100000,0.020000,1,0.018038
29.817753,19.384926,-0.532855,-156.081924,-526.440430,492.554016,-10158.383789,-32717.322266,30230.037109,-0.675537,0.628927,-0.384838,0.100000,0.020000,1,0.323552
29.618143,19.465315,0.563459,129.004166,-170.086273,-351.695312,7078.122559,-9852.285156,-21358.283203,-0.671488,0.606107,0.426308,0.100000,0.020000,1,0.294974
29.094412,20.305212,-0.290756,-174.101685,198.333710,-342.401062,-14071.475586,16483.171875,-22429.482422,-0.798468,0.591501,-0.112143,0.100000,0.020000,1,0.665012
29.629848,19.474262,-0.073144,23.290054,-23.023506,-57.427238,1015.901428,-405.418610,-3190.445312,-0.806360,0.591093,0.019816,0.100000,0.020000,1,0.149094
30.188555,19.081747,-0.508975,74.581390,17.834366,-38.302582,8618.967773,-3018.128906,4272.500000,-0.283132,0.552320,-0.784078,0.100000,0.020000,1,0.277945
29.030697,19.476048,-0.203784,-132.052216,50.672241,85.204605,-11766.536133,4599.860352,6758.110840,-0.551714,0.548288,-0.628484,0.100000,0.020000,1,0.962661
30.594036,19.205971,-1.773659,298.495667,-24.098022,-432.942596,6609.821289,-7984.050293,-2706.191406,-0.675492,0.544045,-0.497720,0.100000,0.020000,1,0.374018
28.961546,19.295328,-0.213827,69.056786,-202.520020,-224.521118,877.238647,-13004.447266,-14198.880859,-0.800449,0.547457,-0.244076,0.100000,0.020000,1,0.576982
29.667997,18.110216,-0.747503,188.853729,-39.999908,-206.725800,11405.791992,-7680.632324,-17119.851562,-0.796726,0.542248,0.266823,0.100000,0.020000,1,0.513616
29.766661,19.388096,0.152363,-211.284515,135.571838,-282.878357,-13430.014648,8653.993164,-17812.214844,-0.820794,0.546228,0.167135,0.100000,0.020000,1,0.109733
29.871252,19.097612,-0.375961,-842.699463,-95.286407,-245.931503,-53204.984375,-5592.950684,-14410.333984,-0.384327,0.529920,-0.755962,0.100000,0.020000,1,0.285419
29.488283,19.208755,0.580004,165.590912,97.403641,-49.860329,9177.566406,6052.206543,-2632.647705,-0.670915,0.510626,0.537711,0.100000,0.020000,1,0.887016
29.523071,19.312946,-0.379090,-210.187073,86.490494,50.947098,-14242.902344,5428.760742,2978.682617,-0.780766,0.496460,-0.379382,0.100000,0.020000,1,0.937749
29.703491,19.350077,0.327616,-163.861633,22.488346,-268.795929,-10504.415039,1554.375000,-17008.220703,-0.782394,0.479588,0.397309,0.100000,0.020000,1,0.836996
30.789331,19.747889,0.479498,441.619476,225.029449,65.801254,15624.929688,8319.613281,5507.765137,-0.528432,0.491391,0.692311,0.100000,0.020000,1,0.840181
28.946537,19.732676,-0.437963,-62.894165,165.880463,114.412888,-7040.087891,11837.365234,5339.380859,-0.898723,0.438270,0.014709,0.100000,0.020000,1,0.779947
29.844652,18.640696,0.886319,50.183762,-125.476463,52.994946,1113.203247,-3193.844238,2051.000000,-0.250666,0.521074,0.815873,0.100000,0.020000,1,0.126406
28.813591,19.596846,-1.167179,-213.191528,174.812958,-173.907288,-8103.406250,5525.438477,-5272.817383,-0.762968,0.416309,-0.494538,0.100000,0.020000,1,0.821960
28.813320,18.973932,-0.377174,9.222481,41.555820,-23.271408,-2872.382324,898.424255,-2187.139404,-0.890056,0.386540,-0.241633,0.100000,0.020000,1,0.634423
29.928352,19.713209,0.269426,196.667816,113.622803,82.815170,13718.908203,8432.131836,6689.541992,-0.925209,0.367448,-0.094708,0.100000,0.020000,1,0.121282
29.935946,19.083540,0.924464,126.826202,74.119141,150.713959,8447.516602,5100.684570,10564.131836,-0.381866,0.476259,0.792058,0.100000,0.020000,1,0.582676
29.609707,19.330845,-0.676156,-50.830414,-340.360779,49.509232,-3903.742432,-20414.740234,2936.228271,-0.501391,0.443988,-0.742618,0.100000,0.020000,1,0.456371
28.839890,18.709745,-0.343607,358.954834,-151.185638,-337.075256,18964.279297,-11551.772461,-20450.154297,-0.645972,0.420471,-0.637121,0.100000,0.020000,1,0.144717
29.318142,19.401199,0.141928,38.005577,-15.764095,154.733887,1186.461060,-1016.977051,9824.277344,-0.921756,0.357209,0.150888,0.100000,0.020000,1,0.034231
29.046068,19.537134,0.150735,-40.830765,156.799652,-58.556000,-5090.677734,11035.736328,-5032.041016,-0.751838,0.358050,0.553660,0.100000,0.020000,1,0.805962
29.345041,19.462904,0.340261,10.903193,9.893501,7.006670,-290.942871,970.446655,814.208801,-0.901153,0.316977,0.295717,0.100000,0.020000,1,0.521089
28.910690,18.979029,1.326972,-157.731567,139.485291,113.404785,-13221.922852,8021.987793,10290.061523,-0.628533,0.378048,0.679725,0.100000,0.020000,1,0.872639
29.339930,19.289717,-0.346677,-96.511490,326.567017,273.706177,-7053.053711,20317.951172,17116.980469,-0.881971,0.300496,-0.363084,0.100000,0.020000,1,0.659905
28.912310,19.445555,1.504050,-81.243591,7.180904,316.266113,-3141.321289,1272.788818,21669.117188,-0.866427,0.255671,0.428879,0.100000,0.020000,1,0.634103
29.252600,19.589508,-0.330034,77.722321,-330.017090,-78.695099,3728.427002,-19670.703125,-4621.456055,-0.838674,0.246152,-0.485834,0.100000,0.020000,1,0.862745
29.310303,18.736481,0.003852,121.338409,-72.035248,179.344635,7011.949219,-7292.222656,12198.415039,-0.950563,0.193643,-0.242758,0.100000,0.020000,1,0.957750
27.561974,20.194578,-0.378212,-367.069214,230.525085,-64.237427,-31046.603516,17797.623047,-5739.278320,-0.983114,0.180630,0.029301,0.100000,0.020000,1,0.543742
29.363825,19.166590,0.770116,172.212982,-28.082897,-123.764313,9337.561523,-1291.405762,-7371.338867,-0.488875,0.386111,0.782253,0.100000,0.020000,1,0.781388
29.433552,18.747629,-0.435686,-80.725113,79.029182,87.428543,-5722.047363,2997.589355,5937.573730,-0.725834,0.274348,-0.630791,0.100000,0.020000,1,0.886305
27.125959,19.248072,-0.170336,-593.825928,-74.755455,6.943802,-17228.484375,-1730.904541,-4465.741211,-0.980407,0.164073,-0.109004,0.100000,0.020000,1,0.134307
29.216261,19.329662,0.179882,11.272378,0.439499,-2.634857,-191.618118,-285.047028,-6.749795,-0.972848,0.160476,0.166772,0.100000,0.020000,1,0.318694
29.037323,19.619398,-1.351212,-83.257202,86.180176,-174.411804,-7826.075195,7546.274902,-14003.608398,-0.583739,0.318388,-0.746912,0.100000,0.020000,1,0.754714
29.162424,19.246191,0.335135,45.416485,91.924347,158.027771,1505.650757,5644.105957,9462.509766,-0.821654,0.186171,0.538726,0.100000,0.020000,1,0.151497
29.393005,19.214508,0.081181,-414.908020,-306.714661,44.694321,-26250.271484,-19896.175781,1757.681763,-0.911536,0.114159,0.395056,0.100000,0.020000,1,0.780071
29.361128,19.441057,-0.300579,-496.895569,-228.742767,234.576019,-31531.257812,-14062.373047,14862.759766,-0.922741,0.109368,-0.369578,0.100000,0.020000,1,0.828081
29.086512,19.828947,0.623115,-19.040405,115.701012,167.261841,-14171.027344,1336.896240,3809.920654,-0.948147,0.107328,0.299162,0.100000,0.020000,1,0.146390
29.444044,19.125807,0.387127,-936.319092,120.325012,897.365234,-59516.476562,7305.886719,55869.460938,-0.705601,0.220877,0.673306,0.100000,0.020000,1,0.145998
30.146309,18.917686,-0.994717,260.967743,-87.162636,-139.566666,9220.962891,-4060.621826,-4560.000488,-0.770899,0.154657,-0.617896,0.100000,0.020000,1,0.187424
28.984501,19.426773,0.160547,103.756248,-33.834946,36.256725,5249.336914,-1953.240967,2468.995117,-0.990412,0.001422,0.138135,0.100000,0.020000,1,0.786068
28.965565,19.612595,-0.173728,41.270451,9.002945,-31.949356,1327.658447,1542.076050,-2360.079346,-0.993818,-0.026762,-0.107751,0.100000,0.020000,1,0.358003
28.767525,19.438568,-0.086817,9.208366,10.235899,-74.590103,-1511.584595,875.921387,-5174.441895,-0.999161,-0.028788,0.029138,0.100000,0.020000,1,0.299209
29.555834,20.631207,-0.967728,2.578176,380.525085,-384.985168,-157.265366,30508.427734,-31135.833984,-0.548571,0.284780,0.786111,0.100000,0.020000,1,0.359497
29.168497,19.278963,-0.403433,17.530960,-102.125702,45.736813,294.036377,-6463.264648,3014.918945,-0.858416,0.046268,-0.510863,0.100000,0.020000,1,0.601556
29.174816,20.496433,1.121789,53.727585,296.721313,229.365112,2969.760986,23536.748047,18119.296875,-0.955063,-0.031940,0.294675,0.100000,0.020000,1,0.458613
29.085648,19.286064,0.544151,62.176769,57.309326,-282.391754,2806.278076,3681.011719,-17430.683594,-0.847747,0.031800,0.529447,0.100000,0.020000,1,0.721278
29.157988,19.485569,-0.187072,-50.008636,-159.733887,62.205231,-4776.023438,-9211.322266,3451.647217,-0.963806,-0.061578,-0.259395,0.100000,0.020000,1,0.940240
29.392475,19.180498,0.695969,-256.154907,95.765717,-89.526978,-16322.793945,6027.701660,-5153.485352,-0.728538,0.090525,0.678997,0.100000,0.020000,1,0.915345
29.037010,19.189701,-0.458401,418.287842,-615.886108,-176.320831,25569.630859,-39343.480469,-11669.884766,-0.917617,-0.089217,-0.387323,0.100000,0.020000,1,0.190271
29.279888,19.171055,-0.684652,23.768404,-0.320555,22.881496,528.735718,170.412292,1255.336548,-0.637441,0.165194,-0.752582,0.100000,0.020000,1,0.385566
29.871351,17.417879,-1.240297,482.536499,-211.380661,-442.871368,6364.041016,-17958.828125,-14807.540039,-0.911376,-0.107035,0.397413,0.100000,0.020000,1,0.962127
29.110037,19.059332,0.329903,33.389244,-9.490803,19.369003,1976.032593,-1747.907837,2537.426758,-0.982550,-0.185132,0.017969,0.100000,0.020000,1,0.572569
29.006136,19.327383,-0.065053,-365.354889,133.330307,-37.922363,-23567.496094,8444.671875,-2245.695801,-0.971547,-0.205220,-0.118244,0.100000,0.020000,1,0.531731
29.020584,19.291029,-0.425413,2.462606,-6.299280,33.491814,-685.561096,-215.593842,2086.606445,-0.861476,-0.121835,-0.492966,0.100000,0.020000,1,0.797492
30.024275,18.538475,0.018543,242.035461,-171.706360,123.246490,18264.197266,-13559.440430,10115.687500,-0.770439,-0.041516,-0.636160,0.100000,0.020000,1,0.377808
28.575270,19.658281,0.436112,75.283264,-6.940292,92.323853,5786.594238,-3450.823975,2791.708008,-0.952668,-0.254773,0.165874,0.100000,0.020000,1,0.995884
30.615076,20.592159,1.124839,491.529907,504.892822,400.377747,31605.384766,17773.919922,10822.050781,-0.935461,-0.273253,-0.224156,0.100000,0.020000,1,0.836978
29.264555,21.071455,2.744311,160.720367,562.740051,713.870056,4685.384766,16710.771484,20859.521484,-0.912713,-0.282745,0.294975,0.100000,0.020000,1,0.615685
29.152889,19.429150,0.873120,42.989819,143.982697,75.453293,1225.814697,10565.478516,5573.693359,-0.582998,0.146252,0.799202,0.100000,0.020000,1,0.419714
29.159040,19.014856,0.770321,28.275459,-33.968460,42.436569,1232.558716,-2728.039307,3511.429443,-0.736909,-0.072625,0.672080,0.100000,0.020000,1,0.379943
29.913736,19.182760,0.204080,279.359222,-16.568878,-47.569580,20735.181641,-1099.082886,-4068.783691,-0.818767,-0.193706,0.540462,0.100000,0.020000,1,0.750959
28.871212,19.269360,-0.250460,7.096005,-240.209076,-73.141266,-423.071259,-14994.578125,-4351.904297,-0.884209,-0.285912,-0.369364,0.100000,0.020000,1,0.746172
28.936020,19.011580,-0.004124,18.579128,4.392076,-105.973236,1162.282471,398.126038,-7227.940918,-0.859568,-0.283939,0.424877,0.100000,0.020000,1,0.567996
30.437273,19.434107,-1.266473,325.842896,74.308258,-198.309265,20659.501953,6542.117188,-2170.965332,-0.654874,0.023919,-0.755359,0.100000,0.020000,1,0.104946
28.379303,18.808266,0.001255,174.800201,-7.369324,139.896606,8616.289062,-2114.585449,8333.832031,-0.891798,-0.429795,0.141324,0.100000,0.020000,1,0.291451
28.583927,19.179235,-0.182391,224.969116,-82.743591,29.055546,12671.881836,-5315.684570,1433.670410,-0.892558,-0.439265,-0.101914,0.100000,0.020000,1,0.093184
29.155369,19.023176,-0.700865,27.497105,-15.187065,-20.358528,1657.119995,-1412.196167,-1973.539795,-0.746830,-0.210037,-0.630975,0.100000,0.020000,1,0.695583
28.428419,19.070408,-0.766305,-24.332970,-12.058254,-123.019958,-3743.197998,-1209.247925,-10089.019531,-0.863900,-0.438714,-0.247400,0.100000,0.020000,1,0.470606
29.387466,18.202692,0.867071,212.844635,-293.628113,217.328125,10877.823242,-5172.520508,30960.265625,-0.888483,-0.458909,0.000180,0.100000,0.020000,1,0.225629
28.597261,19.144846,0.468955,270.426910,-376.820251,26.236195,15121.396484,-23756.550781,1770.371216,-0.787351,-0.331590,0.519738,0.100000,0.020000,1,0.805624
28.871967,19.288155,-0.335260,36.237320,42.180428,25.010502,-1283.743652,2306.960205,1889.819824,-0.794578,-0.338866,-0.503802,0.100000,0.020000,1,0.669247
28.404703,18.882553,-1.895878,-44.289703,-49.449337,-589.079224,-9569.693359,1536.876953,-8969.952148,-0.846331,-0.454640,0.277534,0.100000,0.020000,1,0.628711
29.087173,18.937145,0.681932,-378.885925,-51.887299,-256.156769,-24292.296875,-3969.437500,-15684.156250,-0.714166,-0.215113,0.666103,0.100000,0.020000,1,0.437384
29.085939,20.447165,0.201878,85.559784,421.107483,-114.533020,4097.075684,32363.417969,-9217.772461,-0.602898,0.018722,0.797598,0.100000,0.020000,1,0.607322
28.577354,18.164967,-0.370447,103.849091,-17.464197,0.026152,-5611.092285,9899.949219,8417.338867,-0.801740,-0.454684,-0.387911,0.100000,0.020000,1,0.232978
28.257244,18.527349,-0.394443,285.386780,-110.959854,619.808289,15522.240234,-9432.141602,37379.187500,-0.817940,-0.574679,0.026818,0.100000,0.020000,1,0.800962
29.606907,19.053249,-0.516420,412.961761,-63.850288,-617.213684,27503.601562,-4072.019775,-38440.003906,-0.643579,-0.131695,-0.753965,0.100000,0.020000,1,0.278674
28.745358,19.175844,0.417009,-30.966667,-580.976013,-257.187195,-2757.916748,-36286.281250,-15982.898438,-0.764830,-0.488398,0.420122,0.100000,0.020000,1,0.459182
28.952425,18.912529,-0.475816,40.993668,-42.476189,-90.195068,3045.442139,-3423.439453,-7359.601562,-0.800787,-0.592044,-0.090683,0.100000,0.020000,1,0.128417
29.397480,18.772907,-0.545691,134.744537,-6.517750,-203.295776,9891.884766,-1624.485840,-12919.035156,-0.703271,-0.351777,-0.617789,0.100000,0.020000,1,0.991150
28.856386,18.931108,0.366063,-234.007477,23.820274,55.420708,-14673.895508,921.419373,4546.748535,-0.781684,-0.608772,0.135525,0.100000,0.020000,1,0.855680
27.991745,18.503071,1.520226,-84.516586,107.593063,335.985504,-16297.535156,-7315.177734,25758.906250,-0.751511,-0.597083,0.280575,0.100000,0.020000,1,0.846854
28.341249,18.696640,1.201529,-67.721146,83.165443,115.968414,-8272.548828,3816.407715,9540.721680,-0.606604,-0.099912,0.788701,0.100000,0.020000,1,0.343358
31.405062,18.722759,0.432706,646.028625,43.320869,-97.049545,20400.333984,-522.366333,-2560.500488,-0.702341,-0.484505,0.521510,0.100000,0.020000,1,0.394837
28.693455,18.959816,-0.251059,-43.861794,127.270477,-64.760452,-3810.020020,7719.233398,-3362.347168,-0.709062,-0.497446,-0.499778,0.100000,0.020000,1,0.313979
28.757065,18.368942,-2.009443,114.054138,-21.182175,-406.109314,6895.448730,-4099.801270,-33123.941406,-0.737738,-0.624855,-0.255535,0.100000,0.020000,1,0.768950
29.052938,19.100403,-0.820290,-23.946022,-103.346802,238.282745,-2069.986572,-6220.949219,14256.617188,-0.627471,-0.227566,-0.744643,0.100000,0.020000,1,0.787687
29.209623,18.914206,0.207860,102.703270,-53.794258,-85.921135,3595.656006,688.747803,-1861.538452,-0.657790,-0.372542,0.654618,0.100000,0.020000,1,0.746831
27.941626,19.007843,0.582170,-163.217438,17.693108,58.840591,-14093.098633,1208.573364,4757.624512,-0.682734,-0.617070,0.391277,0.100000,0.020000,1,0.092811
28.182978,18.392660,-0.446220,18.015665,34.114281,-3.135515,-6254.949219,-5987.389160,-961.986938,-0.686367,-0.624287,-0.373049,0.100000,0.020000,1,0.268211
28.826271,18.961092,-0.608308,-89.595749,-262.415710,430.215271,-6202.372070,-16518.521484,26775.314453,-0.610162,-0.506931,-0.608870,0.100000,0.020000,1,0.641434
28.631792,18.354261,0.221194,-217.689728,192.569534,-330.572968,-14183.949219,9835.809570,-20424.294922,-0.630866,-0.763892,0.135931,0.100000,0.020000,1,0.641683
29.083467,17.872763,-0.688855,240.367279,-117.765236,-141.676941,3571.623291,-7205.265625,-6663.980469,-0.630206,-0.767781,-0.115551,0.100000,0.020000,1,0.762045
28.718088,18.376034,0.191686,-14.327305,24.492760,-258.284088,-952.921875,-683.221191,-15625.638672,-0.633566,-0.772905,0.034809,0.100000,0.020000,1,0.675493
28.687510,18.857033,0.683039,-102.040070,73.343552,-156.327911,-8461.799805,4104.698730,-9752.013672,-0.581495,-0.258567,0.771367,0.100000,0.020000,1,0.924243
29.441801,21.315805,1.369856,276.780792,864.771057,327.734955,8739.956055,24520.310547,2241.824219,-0.602696,-0.619784,-0.502618,0.100000,0.020000,1,0.315901
28.839594,19.029015,0.389801,-98.868149,-143.806396,21.266891,-6360.342773,-8533.961914,1101.780273,-0.579978,-0.621597,0.526538,0.100000,0.020000,1,0.831675
28.762356,18.895439,0.193469,-292.126740,42.914734,193.531525,-18376.615234,2814.397705,12064.462891,-0.584393,-0.765115,0.270340,0.100000,0.020000,1,0.150749
27.109812,20.561455,-1.093053,-218.997360,326.715363,-413.596436,533.168945,2726.376953,-17352.839844,-0.586137,-0.770169,-0.251562,0.100000,0.020000,1,0.820839
28.795492,18.483957,-0.194010,-232.892944,153.416687,-3.244458,-14591.190430,8126.672852,259.424225,-0.562561,-0.744705,-0.359081,0.100000,0.020000,1,0.865752
28.286570,18.702900,1.303606,-68.972458,83.159698,209.640625,-6367.667969,4775.753418,17271.005859,-0.517770,-0.757866,0.396929,0.100000,0.020000,1,0.374498
28.821159,18.405769,-0.886196,-125.785629,-272.356262,-55.888165,-7479.250488,-12136.142578,-1843.694702,-0.532443,-0.379239,-0.756757,0.100000,0.020000,1,0.670546
28.506279,18.879160,0.656729,-4.880394,27.982506,15.399857,-2267.339844,1769.678223,1292.419800,-0.524559,-0.508672,0.682708,0.100000,0.020000,1,0.358252
28.409079,18.334917,-0.495255,227.961838,-109.554337,189.913498,13267.563477,-8680.609375,9855.226562,-0.479786,-0.877208,0.017634,0.100000,0.020000,1,0.860325
28.489302,19.008348,-2.405645,-28.302994,81.257889,-518.286560,-3422.466553,5918.869141,-40627.226562,-0.487338,-0.631737,-0.602835,0.100000,0.020000,1,0.657235
28.438826,18.786657,-0.859006,-20.915230,39.697998,-133.581940,-2414.525879,2690.258301,-11155.345703,-0.456168,-0.855804,-0.243948,0.100000,0.020000,1,0.966807
28.343916,18.299742,0.737629,-149.658279,86.801659,-159.188675,-10981.552734,3466.477783,-7517.460938,-0.461097,-0.874410,0.150990,0.100000,0.020000,1,0.239224
28.918322,18.770082,0.394866,83.034592,-20.232361,263.191711,4526.363281,-1823.843506,15525.462891,-0.515143,-0.374438,0.770989,0.100000,0.020000,1,0.377736
28.559647,18.679050,-0.276579,103.731247,16.116177,-103.897736,5535.293457,647.821655,-5925.742188,-0.453356,-0.735418,-0.503615,0.100000,0.020000,1,0.514612
28.958433,18.619549,-0.494739,139.064651,19.691875,-138.778015,4745.257324,851.413452,-1730.416992,-0.431627,-0.856879,0.281881,0.100000,0.020000,1,0.748290
28.500412,18.368582,0.679652,-83.293427,-35.366898,-28.684677,-6758.175781,1297.433594,-4015.469238,-0.460101,-0.600026,0.654428,0.100000,0.020000,1,0.412917
26.766003,19.210752,-9.563445,-536.535767,332.034637,-2787.211182,-14680.220703,3677.992188,-73747.031250,-0.390514,-0.839214,-0.378443,0.100000,0.020000,1,0.025600
29.291687,18.833179,0.258338,164.105865,36.926384,71.520844,12961.463867,2963.024170,6011.656250,-0.398237,-0.909711,-0.117621,0.100000,0.020000,1,0.079820
29.905228,19.184580,-0.485601,431.087738,251.740021,-300.852509,12028.502930,6993.719238,-8790.276367,-0.396085,-0.743295,0.539100,0.100000,0.020000,1,0.767277
28.576864,18.864281,-0.313480,-7.163269,19.549217,28.595734,-2286.251953,1389.274292,3160.399902,-0.455134,-0.478877,-0.750687,0.100000,0.020000,1,0.112936
29.199406,18.339190,0.176674,-1.944393,-19.886833,-115.458130,1819.789307,-2468.808105,-8019.175781,-0.319994,-0.852218,0.413919,0.100000,0.020000,1,0.262908
29.303614,17.778175,-2.384019,38.403687,-62.885315,-768.870605,10584.443359,-8317.883789,-41336.910156,-0.283419,-0.951055,-0.123163,0.100000,0.020000,1,0.253548
28.333504,19.047493,-0.847072,-75.307205,50.658951,-58.177490,-6948.459961,4666.475098,-4989.532715,-0.356464,-0.693628,-0.625950,0.100000,0.020000,1,0.681365
29.077391,18.560770,-0.165084,150.268265,-1.813255,-40.221375,7970.996094,-2619.243164,-5427.200684,-0.264866,-0.964108,0.018497,0.100000,0.020000,1,0.047932
28.642189,18.525511,0.355492,-712.308167,-282.859131,-80.875992,-45055.632812,-17978.986328,-4190.491211,-0.258364,-0.952563,0.160848,0.100000,0.020000,1,0.540343
28.364386,18.392286,0.392702,196.544846,-81.850639,-180.904037,11079.146484,-5784.334473,-10678.365234,-0.236198,-0.938013,0.253656,0.100000,0.020000,1,0.085497
29.124102,17.849302,-1.392796,157.060043,-32.408733,-286.412415,7657.267578,-17137.474609,-12396.034180,-0.235378,-0.940069,-0.246715,0.100000,0.020000,1,0.461940
28.045662,18.633244,-0.176239,-77.323853,91.090897,-153.821350,-7936.476562,5915.948730,-12266.571289,-0.266913,-0.815965,0.512795,0.100000,0.020000,1,0.796958
28.670702,18.565186,-0.369265,-0.350122,-8.716789,-44.086449,-421.257721,-640.140991,-2578.143066,-0.262600,-0.829907,-0.492236,0.100000,0.020000,1,0.414127
29.234760,18.767418,-0.729608,717.547729,-404.835480,-43.347519,46456.097656,-25369.089844,-3176.599609,-0.357376,-0.576681,-0.734657,0.100000,0.020000,1,0.283888
28.919117,21.301538,0.592138,39.642555,759.683655,-40.378925,2795.164551,25935.347656,1167.167725,-0.309666,-0.675258,0.669427,0.100000,0.020000,1,0.270791
28.619316,18.666641,-0.349714,206.143219,-983.783813,-313.283325,12602.596680,-61361.015625,-19925.007812,-0.170126,-0.913623,-0.369256,0.100000,0.020000,1,0.936218
28.484142,18.383335,0.643984,8.787801,9.119542,-243.977631,-474.667664,128.935425,-14148.224609,-0.165847,-0.898981,0.405374,0.100000,0.020000,1,0.040583
28.932693,18.783895,0.718960,-41.790924,-12.345619,-22.357792,-3102.052490,-761.787231,-1228.329590,-0.393796,-0.461988,0.794664,0.100000,0.020000,1,0.025245
30.185863,17.236294,-0.359819,393.172241,-177.970383,-101.515076,7450.649414,-15812.260742,-3393.882324,-0.072910,-0.996968,0.027168,0.100000,0.020000,1,0.520858
29.020229,18.753967,0.944706,32.685593,13.765503,47.768600,2222.287842,1096.963379,4241.079102,-0.322888,-0.555021,0.766613,0.100000,0.020000,1,0.018838
29.068123,18.149019,-1.905913,111.466095,-38.306061,-315.322876,7961.415527,-4106.621094,-25632.136719,-0.200808,-0.750407,-0.629735,0.100000,0.020000,1,0.749910
29.066996,17.963236,-0.061249,-8.527393,19.805882,-497.316833,1076.054810,-462.752686,-32116.974609,-0.050339,-0.989921,0.132374,0.100000,0.020000,1,0.279155
28.778997,18.623865,0.064575,52.000153,68.162003,35.878983,3700.846924,5356.911133,2932.713135,-0.049122,-0.992478,-0.112134,0.100000,0.020000,1,0.554668
30.214386,17.760464,-2.346378,487.304993,-240.786987,-593.011536,15247.377930,-9002.060547,-18136.359375,-0.109115,-0.862633,-0.493922,0.100000,0.020000,1,0.404944
27.767885,18.982847,-0.183495,-208.989319,177.553162,-34.036758,-17132.136719,13747.167969,-3948.705078,-0.043371,-0.955720,0.291063,0.100000,0.020000,1,0.810429
28.623247,18.358717,-0.067145,110.441162,-25.865223,-17.775396,6651.241699,-1632.558105,-589.307190,-0.028469,-0.972998,-0.229052,0.100000,0.020000,1,0.486070
29.250151,19.794653,0.892291,227.837219,354.700439,78.425201,16039.218750,27714.072266,6413.821777,-0.162249,-0.752762,0.637985,0.100000,0.020000,1,0.884988
28.729853,18.366209,0.350919,173.463058,-111.494263,607.398987,10677.609375,-7354.986816,37917.667969,-0.092762,-0.841767,0.531811,0.100000,0.020000,1,0.377843
28.903229,18.060949,-0.925907,69.722054,-27.492889,-92.594940,-2884.392090,1666.220947,-8578.152344,-0.009488,-0.925998,-0.377409,0.100000,0.020000,1,0.134930
28.197758,18.384127,-0.111511,-62.628761,85.201378,148.301620,-6766.114258,-1323.364746,3031.397217,-0.208318,-0.630933,-0.747347,0.100000,0.020000,1,0.629423
28.902254,18.319359,0.424063,-288.850281,-51.418556,-57.269630,-17650.841797,-3215.088135,-3254.645508,0.042692,-0.916548,0.397638,0.100000,0.020000,1,0.197656
31.100113,17.129639,-1.009404,812.522339,-362.336578,-162.078125,26176.220703,-11389.120117,-816.078125,0.106513,-0.994006,0.024637,0.100000,0.020000,1,0.813649
28.813299,18.293621,-0.053471,12.138638,-311.926270,384.958740,1110.247192,-19401.425781,23513.564453,0.130276,-0.978768,0.158242,0.100000,0.020000,1,0.655225
30.171566,17.244549,2.402483,296.762207,-127.769684,581.820007,3417.608398,-10941.183594,19840.269531,0.132732,-0.986172,-0.099233,0.100000,0.020000,1,0.454182
28.891651,18.484364,-0.540587,15.409855,18.034897,-12.903122,1083.200317,1569.721313,-859.442322,-0.003421,-0.781758,-0.623573,0.100000,0.020000,1,0.469289
29.567745,18.690340,-0.724144,177.369812,230.073181,-249.359650,4918.760742,6874.035645,-15446.029297,0.077557,-0.857239,0.509045,0.100000,0.020000,1,0.438060
28.428337,18.341476,0.493514,-7.539497,10.087460,306.713196,-3714.422119,1661.287842,25255.248047,0.083140,-0.865387,-0.494159,0.100000,0.020000,1,0.035797
28.779171,18.048449,-0.105615,44.156845,-7.467042,-3.603658,548.656250,-4555.024902,1788.374023,0.164187,-0.948854,0.269664,0.100000,0.020000,1,0.604760
28.737972,18.420118,0.280934,1.003422,-87.176605,-9.128418,-528.678162,-5344.776367,-1687.639771,-0.000385,-0.765303,0.643670,0.100000,0.020000,1,0.889685
28.898502,18.201401,-0.484940,-1974.362549,271.119019,2221.979248,-124083.851562,17181.728516,139143.687500,0.186288,-0.947926,-0.258329,0.100000,0.020000,1,0.083610
28.433155,18.297680,0.384561,440.279480,-247.050201,-265.130920,26216.570312,-15157.262695,-16518.994141,0.189425,-0.900383,0.391699,0.100000,0.020000,1,0.490447
28.850466,18.079269,-0.617093,189.602020,-143.744781,1606.216187,12176.981445,-9474.058594,100024.351562,0.206636,-0.916356,-0.342919,0.100000,0.020000,1,0.834878
29.904301,19.446461,0.603330,282.119690,174.751312,11.203457,21587.843750,14493.775391,872.826050,-0.190091,-0.578877,0.792948,0.100000,0.020000,1,0.754874
28.891445,18.081371,-0.934708,-64.166145,66.665077,92.259636,-4291.421387,2479.745605,4578.473633,-0.104875,-0.653695,-0.749456,0.100000,0.020000,1,0.213084
29.212902,18.799807,-0.789929,123.525703,221.744385,-230.127777,627.468079,12038.629883,-2894.109375,0.323720,-0.918734,-0.226127,0.100000,0.020000,1,0.725567
28.972549,18.123903,-0.019878,-91.773666,85.643982,52.418434,-5155.352051,5669.086426,2708.556396,0.339959,-0.929097,0.145625,0.100000,0.020000,1,0.964672
27.933662,18.543804,0.041285,-227.019653,132.363541,296.677338,-18018.757812,10415.436523,18790.339844,0.350259,-0.936152,0.030609,0.100000,0.020000,1,0.458382
29.088741,17.877054,-0.122118,-704.847412,409.167328,-257.922943,-43366.378906,25092.394531,-16436.597656,0.348910,-0.931837,-0.099705,0.100000,0.020000,1,0.179114
26.957798,19.941364,-0.675127,-817.457581,703.809937,-226.680969,-39096.398438,28898.019531,-5229.616699,0.150185,-0.779237,-0.608468,0.100000,0.020000,1,0.629138
29.849478,17.510904,1.163268,327.561829,-164.755310,383.036377,5238.811523,-2721.881836,11469.208008,0.336652,-0.902574,0.268376,0.100000,0.020000,1,0.459858
28.958200,18.321274,0.493561,-123.285217,-37.748299,112.631546,-7644.083008,-2191.215332,6858.087402,0.132604,-0.746820,0.651672,0.100000,0.020000,1,0.659033
29.160276,18.133358,-0.267031,-351.872742,-126.789154,-259.079987,-21069.779297,-8095.852539,-15680.437500,0.254802,-0.825390,-0.503793,0.100000,0.020000,1,0.771832
29.039280,18.463745,0.716983,-18.307545,25.733315,-8.297508,-951.884644,1527.134766,-325.496857,-0.083512,-0.609962,0.788018,0.100000,0.020000,1,0.948034
28.799177,18.117802,0.681132,-12.864799,11.444477,-124.540756,-1239.934326,614.829407,-6840.898438,0.272534,-0.813137,0.514328,0.100000,0.020000,1,0.489949
29.117491,18.345943,-0.215373,-58.405800,30.526955,-40.808327,-2774.704834,3177.873291,-2140.072021,0.379945,-0.845047,-0.376215,0.100000,0.020000,1,0.147101
28.813341,18.178265,0.381573,-80.830048,-245.487549,-63.284370,-5522.894531,-14921.801758,-3811.661133,0.390632,-0.830263,0.397581,0.100000,0.020000,1,0.110195
28.627161,18.136211,0.220864,501.817902,-289.117401,-25.363914,30404.828125,-17746.835938,-796.168213,0.489728,-0.871257,0.032839,0.100000,0.020000,1,0.776156
29.519114,18.598537,0.580675,152.006699,21.037973,188.803452,3815.401611,-704.133423,2670.463379,0.067779,-0.660122,-0.748094,0.100000,0.020000,1,0.079286
29.091619,18.764467,-0.995869,40.278381,131.860077,-101.669678,3113.063477,10912.185547,-8477.356445,0.287195,-0.753075,-0.591943,0.100000,0.020000,1,0.694907
29.035028,17.900728,0.080518,-295.051788,170.574768,471.060913,-18319.761719,10516.854492,30909.416016,0.515444,-0.824547,-0.233322,0.100000,0.020000,1,0.696953
24.082600,20.760015,0.950331,-1540.572021,889.932861,236.620972,-50317.992188,28934.367188,-7490.383301,0.532039,-0.834880,0.141106,0.100000,0.020000,1,0.393182
29.664604,17.537243,1.353833,44.888851,-24.595213,467.218048,5534.623047,-3717.983887,35604.695312,0.536147,-0.837353,-0.106705,0.100000,0.020000,1,0.779430
29.103138,18.027420,-0.567667,44.631889,-192.787506,177.821869,3375.091797,-12156.234375,10519.375000,0.425998,-0.773308,-0.469596,0.100000,0.020000,1,0.402685
29.110575,18.007509,0.493629,-59.378761,-124.339951,9.354494,-3253.014404,-8028.741699,744.024719,0.403515,-0.740287,0.537727,0.100000,0.020000,1,0.461335
24.399580,20.577007,0.698823,-1490.122559,866.996704,176.124603,-28137.464844,14722.666016,3433.875977,0.549494,-0.789462,0.273507,0.100000,0.020000,1,0.334389
29.368862,19.321005,0.544254,359.472809,264.479095,183.911362,18148.857422,3317.192383,8736.924805,0.314704,-0.700331,0.640701,0.100000,0.020000,1,0.109751
28.950027,17.949806,-0.584610,-34.646347,21.048306,-75.824471,223.420288,-339.961060,-2973.768311,0.540303,-0.763668,-0.353388,0.100000,0.020000,1,0.664442
29.091742,17.889925,0.454245,122.144348,-129.812347,-76.383057,9480.777344,-7588.359375,-9661.148438,0.075602,-0.618750,0.781942,0.100000,0.020000,1,0.152298
28.486689,20.466850,-0.133699,-152.682556,604.000366,114.634796,-11867.261719,47340.742188,9316.642578,0.176872,-0.645047,-0.743391,0.100000,0.020000,1,0.261342
29.107000,17.913523,0.460718,-251.936584,82.037750,-177.159363,-15554.478516,5084.402832,-10678.055664,0.540951,-0.739744,0.400190,0.100000,0.020000,1,0.452954
29.552486,17.601974,-1.685968,100.378525,-42.532845,-302.265533,8408.574219,-7981.402344,-17873.503906,0.418793,-0.687528,-0.593227,0.100000,0.020000,1,0.888066
30.071934,18.367567,-0.683711,370.123413,54.243233,-293.004028,27680.201172,3893.329346,-24036.537109,0.189511,-0.626393,0.756120,0.100000,0.020000,1,0.447865
29.230919,17.787632,-0.061701,-173.414047,101.786026,-5.897562,-10777.712891,5528.898438,173.840805,0.660529,-0.715590,-0.227228,0.100000,0.020000,1,0.909544
29.142286,17.838802,0.374086,-123.592384,72.206055,-504.469604,-7703.950684,4236.861816,-30847.044922,0.672478,-0.725491,0.146410,0.100000,0.020000,1,0.273265
29.350491,18.248489,-0.523163,59.206970,103.901718,-89.793640,4932.794434,8350.925781,-7963.236816,0.683108,-0.729670,0.030735,0.100000,0.020000,1,0.334834
29.034542,17.901011,-0.384328,-218.468292,128.487122,959.425110,-14565.826172,7442.276367,59520.925781,0.683088,-0.720043,-0.122180,0.100000,0.020000,1,0.864631
28.924128,17.964760,0.358684,610.547424,-348.388580,-1016.801941,36988.781250,-23786.546875,-64677.660156,0.538156,-0.674006,0.506067,0.100000,0.020000,1,0.069980
29.056362,18.071346,-0.568309,-95.116089,19.184044,155.318329,-6107.509277,1765.277344,9154.355469,0.555326,-0.674876,-0.485959,0.100000,0.020000,1,0.964138
29.257603,17.772226,0.375122,9.752682,19.276764,45.119228,886.535889,-4403.224121,1291.827393,0.683297,-0.678111,0.270685,0.100000,0.020000,1,0.829522
28.882294,18.270645,-0.662767,-274.948120,-50.378948,184.810715,-18185.109375,-2643.524170,11445.979492,0.328241,-0.613496,-0.718248,0.100000,0.020000,1,0.482262
28.901258,18.221476,0.601546,62.164726,-18.001720,402.278442,3106.520264,-389.244232,25629.548828,0.444077,-0.625909,0.641119,0.100000,0.020000,1,0.416422
28.859970,18.187429,-0.268546,114.333466,-462.308350,-277.273804,6091.596191,-27786.769531,-17296.935547,0.664599,-0.647012,-0.373743,0.100000,0.020000,1,0.527869
30.884876,17.951916,-1.229967,522.860535,2.226624,-195.183411,19092.732422,5839.126953,-10798.857422,0.556540,-0.583799,-0.591136,0.100000,0.020000,1,0.471727
30.147131,17.687792,1.087758,207.249146,-37.371021,238.292984,20397.050781,-93.119019,11419.056641,0.692684,-0.591145,0.413204,0.100000,0.020000,1,0.623906
28.761604,18.058590,0.354727,-166.676285,106.640686,-260.411530,-15297.208984,3715.028076,-15540.424805,0.805294,-0.592221,0.027863,0.100000,0.020000,1,0.262108
29.202204,17.978802,-0.187973,290.104187,-458.479797,-123.799774,18195.210938,-28047.679688,-7767.065918,0.793655,-0.561337,-0.234547,0.100000,0.020000,1,0.775747
29.431921,17.671583,0.203208,-424.864441,246.321487,-341.519958,-26288.787109,14821.458008,-20305.519531,0.817166,-0.563131,-0.122978,0.100000,0.020000,1,0.885984
28.857628,18.003151,0.369555,74.751396,-37.658558,273.049530,2331.746094,-5492.926758,16364.476562,0.310178,-0.561642,0.767038,0.100000,0.020000,1,0.341827
29.828379,17.455816,-1.056719,123.223030,-67.164726,-353.752411,6410.617188,-3654.049316,-8285.939453,0.695176,-0.540148,-0.474310,0.100000,0.020000,1,0.999371
28.639416,18.129137,0.311466,77.414955,42.181675,75.478043,-2000.809570,-20932.914062,7726.846680,0.801304,-0.540665,0.256113,0.100000,0.020000,1,0.676293
29.123758,17.849501,-0.184479,-39.595398,25.633045,269.577026,-3022.367920,448.662201,17061.533203,0.830627,-0.540101,0.135457,0.100000,0.020000,1,0.081475
28.767784,18.490385,0.283255,-139.939972,107.512688,-65.820068,-3829.833984,4552.955078,-2767.912109,0.547412,-0.517382,0.657766,0.100000,0.020000,1,0.637341
28.563784,18.542194,2.172442,-219.594116,180.187744,490.022949,-1526.699707,25363.048828,32181.880859,0.693748,-0.504782,0.513720,0.100000,0.020000,1,0.714712
29.234444,19.259586,0.314306,10.354307,327.437988,273.821716,877.142700,25669.523438,21165.822266,0.447163,-0.526068,-0.723394,0.100000,0.020000,1,0.165554
29.396603,18.068462,0.266717,-123.947144,-695.160400,142.840118,-7457.071777,-42686.332031,8781.491211,0.797805,-0.468083,0.380008,0.100000,0.020000,1,0.628604
29.750957,18.654816,0.568372,113.207321,220.805786,262.485779,7663.018555,16659.802734,20975.453125,0.808534,-0.469257,-0.355065,0.100000,0.020000,1,0.978587
30.657564,18.063374,0.813808,360.309265,67.794266,187.522339,28136.832031,5781.326172,15132.912109,0.903580,-0.427408,0.029428,0.100000,0.020000,1,0.413628
29.506954,17.850746,0.050891,-73.154503,-79.970589,-307.653931,-4124.300293,-4436.077148,-18848.654297,0.909778,-0.402663,-0.100832,0.100000,0.020000,1,0.768843
29.355637,17.888126,-0.424908,-167.590485,36.299286,17.723370,-10383.857422,2240.999268,1496.200439,0.667292,-0.432422,-0.606409,0.100000,0.020000,1,0.626024
30.347488,17.277372,-1.080969,268.431763,-158.026352,-177.338440,20775.250000,-12001.391602,-13453.235352,0.781285,-0.407611,-0.472703,0.100000,0.020000,1,0.613568
30.152651,18.079494,-1.222434,50.523994,214.114700,-376.833435,-2471.082031,8741.293945,-9775.678711,0.912673,-0.383881,0.140227,0.100000,0.020000,1,0.263531
33.266342,16.467485,0.398291,1190.860352,-381.571777,193.883209,39997.093750,-13891.714844,4390.936523,0.900179,-0.374471,-0.222373,0.100000,0.020000,1,0.545094
29.990009,18.327312,1.679022,376.962585,22.255974,352.082764,11228.518555,478.961487,10797.658203,0.428770,-0.479949,0.765379,0.100000,0.020000,1,0.559971
28.604977,18.149019,-2.863117,-123.457245,143.898392,-597.160339,-765.606934,-11991.956055,-28444.425781,0.525013,-0.459510,-0.716388,0.100000,0.020000,1,0.217443
29.018469,18.530283,1.294599,156.780823,-177.378784,228.283813,12845.681641,-16081.800781,7022.241211,0.662223,-0.415804,0.623352,0.100000,0.020000,1,0.085283
29.339163,17.775511,0.187886,-113.697235,59.292061,-107.466843,-7562.567871,3965.731445,-6885.459473,0.902885,-0.349799,0.249879,0.100000,0.020000,1,0.171427
29.167120,17.824467,-1.229704,-84.477768,87.885460,-384.347443,-926.619629,1819.009766,-21651.476562,0.764975,-0.367494,0.528924,0.100000,0.020000,1,0.467403
27.494539,18.790131,-1.572601,-519.809509,320.228485,-236.429413,-16989.886719,5682.106445,-7171.939453,0.877021,-0.333041,-0.346293,0.100000,0.020000,1,0.290810
33.458538,16.465288,2.366000,1230.591187,-470.769867,855.509277,30937.138672,-5574.357422,22730.425781,0.736250,-0.317528,-0.597588,0.100000,0.020000,1,0.672361
29.332642,18.079866,0.426108,-27.304337,73.588669,-5.220606,-2396.696289,5953.003906,-7.295535,0.871820,-0.266855,0.410753,0.100000,0.020000,1,0.863403
31.246481,16.623947,0.375020,471.219696,-242.393570,83.328964,11846.950195,-12349.921875,787.286621,0.979882,-0.199559,0.002782,0.100000,0.020000,1,0.182975
30.080330,17.869293,0.075842,83.495346,25.561241,-21.528217,7373.411133,2324.602783,-1494.810303,0.972584,-0.194454,0.127546,0.100000,0.020000,1,0.969031
29.387358,17.730459,0.141185,-226.471375,135.439392,0.246321,-15094.895508,8694.666992,922.442566,0.977007,-0.193627,-0.089248,0.100000,0.020000,1,0.538190
31.067245,16.727428,1.799397,484.943787,-216.910294,556.956360,10567.345703,-19721.009766,24409.517578,0.848246,-0.226316,-0.478810,0.100000,0.020000,1,0.355155
27.906078,19.392977,0.447033,-513.048157,536.289978,238.571976,-14891.821289,15895.048828,6487.650879,0.961398,-0.174216,-0.212984,0.100000,0.020000,1,0.716046
29.341038,17.933437,0.664298,-119.412933,72.711029,53.725433,-7366.950684,4076.020020,3409.089111,0.490466,-0.394993,0.776803,0.100000,0.020000,1,0.658748
31.541868,17.941921,-0.986571,625.183960,30.995354,-285.370453,17818.843750,1533.385376,-11907.946289,0.612641,-0.328750,-0.718745,0.100000,0.020000,1,0.427259
29.676775,17.978365,0.844651,40.271645,6.999517,73.001602,3433.539795,843.317993,5918.182617,0.733934,-0.265715,0.625089,0.100000,0.020000,1,0.668944
29.266195,18.351254,0.899487,-72.518593,185.952576,115.626709,-2434.886475,5787.507812,8620.745117,0.950207,-0.151282,0.272433,0.100000,0.020000,1,0.652680
29.476381,18.162201,-0.610215,-67.712982,63.898956,-40.899727,-4815.633789,5738.734863,-3839.773926,0.920012,-0.145574,-0.363849,0.100000,0.020000,1,0.907782
29.662115,17.766447,0.395286,-84.907120,99.315620,47.410866,-6072.024902,4462.295898,2822.050537,0.830468,-0.173841,0.529247,0.100000,0.020000,1,0.192335
29.432392,17.786318,0.650784,109.283371,-61.193581,-271.548889,6100.754883,-3771.417480,-15796.333008,0.913635,-0.123237,0.387407,0.100000,0.020000,1,0.258602
29.761595,17.972435,0.178091,0.424346,-159.647675,-259.084351,135.296417,-9027.746094,-15287.102539,0.995813,-0.010918,-0.090762,0.100000,0.020000,1,0.429376
29.433340,18.014753,-0.287570,92.699043,-111.468956,-557.204102,5216.732422,-6434.026367,-34218.980469,0.783708,-0.133469,-0.606619,0.100000,0.020000,1,0.846089
29.397615,17.956169,0.194457,39.643349,-616.154297,815.845337,1440.122925,-38320.738281,50523.328125,0.861038,-0.074702,0.503024,0.100000,0.020000,1,0.518438
29.701832,17.924109,0.313110,-18.000954,-48.827118,-199.886932,-1365.789673,-2290.739746,-11870.935547,0.987235,0.016713,0.158391,0.100000,0.020000,1,0.735603
29.684290,17.685106,-0.506964,-46.138664,10.691149,77.614136,-2885.797119,157.745667,4452.943359,0.880771,-0.048746,-0.471026,0.100000,0.020000,1,0.082863
29.669430,17.872545,-0.205146,-106.028549,-51.400017,-104.516510,-7098.836914,-2633.407471,-7494.367676,0.999620,0.025175,0.011242,0.100000,0.020000,1,0.323392
29.783129,17.838058,0.279970,-115.120689,-136.741943,558.434814,-7167.342285,-8289.134766,35481.046875,0.964139,0.026140,0.264107,0.100000,0.020000,1,0.690689
29.834497,17.439156,-0.361828,32.670490,-6.048776,-13.953233,838.272827,-3103.615967,-1167.824341,0.970066,0.031721,-0.240759,0.100000,0.020000,1,0.720744
29.356379,17.885702,-0.950951,93.219818,-34.458824,33.367382,5235.567383,-2463.875000,688.011780,0.667639,-0.190079,-0.719811,0.100000,0.020000,1,0.855769
29.089973,18.541948,1.332806,-199.107758,147.806793,227.674866,8243.957031,7106.109863,8332.717773,0.757242,-0.094490,0.646264,0.100000,0.020000,1,0.848224
29.425951,18.135656,0.615002,-10.387007,-47.804764,9.169628,-611.826721,-2536.675537,390.152039,0.565184,-0.277324,0.776955,0.100000,0.020000,1,0.004282
29.851183,17.887079,-0.283841,-28.506531,13.185188,-2.284827,-1613.199219,1209.843506,-96.476021,0.933241,0.091084,-0.347513,0.100000,0.020000,1,0.801745
29.627108,17.672844,0.235284,341.905762,-189.855927,-710.683655,20503.115234,-12426.662109,-44317.953125,0.976981,0.173177,0.124570,0.100000,0.020000,1,0.917659
29.979481,17.806627,-0.113837,-77.259888,12.151016,-115.893921,-4497.890625,891.268005,-7475.716797,0.980245,0.176731,-0.088804,0.100000,0.020000,1,0.414642
29.724384,17.893814,-0.615032,-126.490784,80.631607,67.652893,-7877.210449,5077.487793,3881.073730,0.789119,0.001083,-0.614239,0.100000,0.020000,1,0.742827
29.683233,17.899971,-0.555155,72.231491,-30.114738,265.950745,4060.051514,-1689.280518,16157.521484,0.873381,0.102625,-0.476102,0.100000,0.020000,1,0.433949
29.846209,17.807457,-0.067166,-184.855072,41.155052,-22.385586,-11865.375977,2633.154053,-910.584717,0.956987,0.188506,-0.220549,0.100000,0.020000,1,0.775409
30.067011,17.870201,-0.094598,63.877243,-68.205406,46.908463,4658.973145,-3959.493896,2458.377930,0.976950,0.211320,0.030191,0.100000,0.020000,1,0.544311
29.440304,18.192942,1.730984,9.363531,27.828522,269.596191,216.834061,2581.771729,21544.242188,0.627835,-0.157388,0.762268,0.100000,0.020000,1,0.186338
29.771660,17.801434,0.251656,18.596088,4.386380,24.694035,922.969788,142.665359,1131.448242,0.899762,0.130158,0.416518,0.100000,0.020000,1,0.011293
30.043602,18.233498,0.930253,30.768654,102.113426,221.733154,2585.218994,3039.930176,6167.393066,0.937668,0.230654,0.259956,0.100000,0.020000,1,0.421173
30.640728,18.893278,0.748847,287.785034,262.207397,61.594299,21933.304688,20601.802734,4764.272949,0.770997,0.054202,0.634528,0.100000,0.020000,1,0.595364
30.897635,16.825352,-0.364957,382.706390,-137.973770,-134.558914,8773.158203,-22969.531250,-13539.864258,0.847827,0.156682,0.506596,0.100000,0.020000,1,0.971932
30.897079,16.825672,-2.144307,728.573730,-405.794525,-589.804810,28661.740234,-22064.878906,-20162.632812,0.895751,0.257458,-0.362416,0.100000,0.020000,1,0.518349
29.193422,18.018017,-1.564402,-110.618881,-24.551468,-245.468872,-8875.144531,-1362.539429,-19457.517578,0.687906,-0.034205,-0.724993,0.100000,0.020000,1,0.026721
30.001543,17.401033,0.618526,-85.783028,67.200684,-208.823883,-5176.997559,2207.947510,-12028.107422,0.873566,0.272541,0.403241,0.100000,0.020000,1,0.198901
29.794411,18.119516,0.448634,23.584225,-114.326202,214.646545,1369.840088,-6486.699219,13237.881836,0.772907,0.154015,0.615544,0.100000,0.020000,1,0.472670
29.563211,17.763311,-0.221928,29.669186,-15.256327,92.507751,-681.545715,-130.319153,6218.728516,0.788751,0.175918,-0.589004,0.100000,0.020000,1,0.927659
30.556913,17.022070,0.380315,262.104492,-111.963829,66.558357,2561.376709,-11436.296875,2813.936035,0.912126,0.378249,0.157968,0.100000,0.020000,1,0.044195
31.065956,18.860062,-0.512056,281.231415,239.341370,-129.919678,21982.794922,19224.458984,-10364.734375,0.920816,0.389937,0.006832,0.100000,0.020000,1,0.308107
31.555696,17.522449,0.794647,467.932983,-85.246216,35.804787,36339.410156,-7093.996582,3775.578613,0.818605,0.267197,0.508421,0.100000,0.020000,1,0.746831
29.230278,19.450932,0.426523,-32.235992,1.043060,86.451889,-5411.081055,6532.998047,6285.443359,0.884429,0.381593,0.268648,0.100000,0.020000,1,0.752828
29.928745,18.107014,-0.513632,190.773102,-298.952911,49.500381,11890.956055,-18161.027344,2659.768555,0.824347,0.310040,-0.473632,0.100000,0.020000,1,0.480286
29.662102,17.559130,0.344207,13.282318,-1.474247,-215.767624,-897.149353,-1518.657837,-11819.458984,0.899751,0.424358,-0.101822,0.100000,0.020000,1,0.056598
28.847963,18.249832,1.440817,-124.484589,99.184464,171.337158,-11196.199219,7239.240234,14111.041992,0.640766,-0.020779,0.767455,0.100000,0.020000,1,0.254883
30.777754,17.783901,-1.359094,347.675598,-48.865372,-476.557251,10513.608398,-637.590698,-16299.110352,0.859710,0.449693,-0.242230,0.100000,0.020000,1,0.126495
30.178568,18.021658,0.233917,-218.201263,67.266632,53.825211,-13327.786133,4418.531738,3000.230957,0.808821,0.442597,0.387191,0.100000,0.020000,1,0.544436
29.396177,17.859102,-0.725254,29.563225,-8.599159,-330.266846,395.872101,-1247.714478,-26530.068359,0.657833,0.095631,0.747068,0.100000,0.020000,1,0.121086
29.236509,17.784403,0.587591,-195.344238,129.512985,154.360916,-9567.066406,-550.293274,4693.694336,0.830602,0.540506,0.133989,0.100000,0.020000,1,0.677824
29.821768,17.446505,-0.453486,-78.633949,47.780731,323.230164,-7021.552246,-250.983673,19032.521484,0.829637,0.547353,-0.110035,0.100000,0.020000,1,0.964441
30.755814,18.731251,-1.112892,143.947021,160.367828,-335.300415,11628.863281,3651.649170,-13332.150391,0.830445,0.556272,0.030368,0.100000,0.020000,1,0.587018
30.477503,17.837442,0.103923,87.408142,-92.771927,79.043121,7124.844727,-6518.833496,6763.770996,0.797565,0.470549,-0.377457,0.100000,0.020000,1,0.185289
29.862459,17.966463,-0.347134,4.220089,-90.058174,-32.391392,126.178162,-3053.456055,-221.231598,0.715878,0.344394,-0.607381,0.100000,0.020000,1,0.649815
32.278976,18.269182,-0.073235,688.134705,110.006584,107.017654,23033.570312,1917.364380,610.560059,0.752349,0.459000,-0.472536,0.100000,0.020000,1,0.767526
30.760216,17.787731,-2.156521,188.451569,-120.397202,-508.000488,14347.453125,-8602.342773,-40235.695312,0.786728,0.569973,-0.237042,0.100000,0.020000,1,0.549454
29.768631,18.157654,-0.597363,-92.415436,51.695992,-14.576302,-5767.114746,3801.200195,-767.207275,0.658062,0.101317,-0.746116,0.100000,0.020000,1,0.064730
29.880989,18.226925,0.676260,4.410038,-8.996330,-136.788635,-0.472827,173.090897,-8089.529297,0.693953,0.324952,0.642522,0.100000,0.020000,1,0.782117
29.708019,18.148977,0.577075,-83.493057,-28.194160,207.776794,-7159.584961,-1376.908936,16722.244141,0.754935,0.562741,-0.336743,0.100000,0.020000,1,0.359017
30.259895,18.543348,1.049408,43.663162,22.796265,155.395538,3095.511719,3495.126709,13192.930664,0.761986,0.582987,0.281966,0.100000,0.020000,1,0.350368
29.506260,18.296982,-0.779685,-259.898926,-69.785645,-18.863968,-12877.400391,-3299.774414,-387.033875,0.648527,0.200397,-0.734339,0.100000,0.020000,1,0.119395
29.217655,17.946564,0.496236,-289.625916,-5.071457,54.379913,-4006.411621,-5703.457520,-4080.254883,0.717853,0.461336,0.521397,0.100000,0.020000,1,0.324940
30.224108,18.355436,0.002032,-145.633316,-316.563690,-233.260040,-9313.872070,-18903.138672,-14730.758789,0.733213,0.679984,0.004423,0.100000,0.020000,1,0.622251
29.594425,17.776741,1.172995,28.647442,2.653309,122.814178,739.779480,-1091.075806,10023.141602,0.632864,0.224675,0.740949,0.100000,0.020000,1,0.455517
30.180552,17.496128,1.117560,118.942734,-1.261482,197.467560,7549.962891,-2631.348145,15694.791016,0.697684,0.590612,0.405481,0.100000,0.020000,1,0.105889
30.226553,18.206211,0.467128,19.716755,-212.836914,-138.774475,1117.149292,-13062.210938,-7258.021484,0.712302,0.690306,0.126899,0.100000,0.020000,1,0.710281
30.127537,18.256075,-0.100102,71.747330,1.702374,7.220761,3976.567627,689.729370,400.124268,0.713546,0.693123,-0.102141,0.100000,0.020000,1,0.838971
29.961056,18.049477,-0.576760,-69.747818,16.799679,337.199951,-4847.269531,785.097656,20943.232422,0.656909,0.478398,-0.582757,0.100000,0.020000,1,0.865183
30.653517,17.234255,-0.525730,264.608093,-121.058807,5.496439,18766.318359,-11373.348633,-233.753250,0.671467,0.584735,-0.455211,0.100000,0.020000,1,0.797207
30.042078,18.448425,-0.507399,-156.622681,-222.159485,-42.292587,-9452.328125,-12607.988281,-2279.114258,0.623934,0.332652,-0.707141,0.100000,0.020000,1,0.694728
29.668894,18.640455,0.362233,-527.269226,-98.984009,122.723938,-35726.828125,-4240.434570,8321.943359,0.663525,0.699937,0.264242,0.100000,0.020000,1,0.936805
30.228073,18.553574,0.341787,-140.499451,-80.776672,162.754974,-8574.770508,-3452.063232,9941.313477,0.634978,0.592489,0.495742,0.100000,0.020000,1,0.651043
28.588316,18.158638,1.025861,-179.429443,188.224487,270.598389,-17468.568359,-7819.953125,18033.580078,0.646321,0.728481,-0.227123,0.100000,0.020000,1,0.620774
28.443449,18.495342,2.558628,-296.531128,222.416290,498.024414,-25435.785156,15465.419922,39863.910156,0.608848,0.471904,0.637660,0.100000,0.020000,1,0.845110
30.175528,18.312332,-0.172853,109.351280,172.392502,-496.875549,6594.985840,11356.873047,-30864.822266,0.619074,0.706086,-0.343789,0.100000,0.020000,1,0.657360
28.866194,19.194126,0.213020,-298.231323,239.864410,-115.188446,-23243.994141,19554.148438,-9010.025391,0.588210,0.324953,0.740550,0.100000,0.020000,1,0.335599
30.417852,18.202726,-0.144596,625.882690,-436.969055,-73.251556,37030.628906,-23132.521484,-2305.072266,0.590627,0.712286,0.379222,0.100000,0.020000,1,0.431992
30.828096,18.904875,-0.798633,172.749512,133.956528,-209.287216,6247.454102,1583.294434,-7485.568848,0.547782,0.831712,-0.090502,0.100000,0.020000,1,0.405976
30.322538,18.499140,0.188961,-220.393158,-114.735168,157.440903,-13953.459961,-6374.287109,10188.576172,0.540803,0.827344,0.151766,0.100000,0.020000,1,0.618123
30.256313,18.417625,0.192428,111.465012,92.341965,-191.274475,6676.946289,6364.682617,-11359.271484,0.546033,0.837379,0.025356,0.100000,0.020000,1,0.072969
29.309444,17.742294,-1.903065,29.474514,27.646397,-356.854675,-8904.701172,-6457.476562,-13261.535156,0.554872,0.574976,-0.601265,0.100000,0.020000,1,0.163526
30.245115,18.443670,-0.511496,-80.729294,-3.056189,86.074265,-5020.052734,531.054993,4969.006836,0.532288,0.703236,-0.471306,0.100000,0.020000,1,0.846320
31.810734,17.969152,-0.213241,462.301697,-195.265747,34.421688,16247.497070,-4219.267090,-1714.806396,0.519625,0.819260,-0.242492,0.100000,0.020000,1,0.941325
31.004782,18.433943,-0.819113,289.512787,15.094440,-50.490356,22356.248047,1871.061279,-4103.077637,0.534736,0.464278,-0.706048,0.100000,0.020000,1,0.455748
30.016882,18.399958,0.374716,-90.802200,366.366821,525.590820,-6559.323242,23600.777344,32943.820312,0.511071,0.694581,0.506324,0.100000,0.020000,1,0.680724
29.791893,18.604298,0.128942,19.661741,55.078445,-57.564255,-153.104034,4895.941895,-5328.572754,0.507999,0.588303,0.629156,0.100000,0.020000,1,0.345795
30.286377,18.604240,0.169992,-700.539185,-139.982056,46.172691,-44377.859375,-7771.161133,2639.688477,0.473647,0.835869,0.277456,0.100000,0.020000,1,0.836320
30.669800,18.676775,1.135581,147.958130,-48.915852,360.397766,10859.031250,-1787.093262,28747.291016,0.450147,0.820242,-0.352946,0.100000,0.020000,1,0.664833
29.876444,17.898926,-0.476046,-97.437927,-261.196686,-234.346512,0.182617,-1231.240234,-9869.064453,0.410469,0.816207,0.406599,0.100000,0.020000,1,0.215219
30.324749,18.565861,0.019736,55.928322,287.561249,-663.987610,3330.613037,18655.935547,-41456.406250,0.381622,0.918345,-0.104913,0.100000,0.020000,1,0.720975
30.308458,18.604683,0.010182,-13.910660,5.828732,3.463049,-1168.182495,1012.439148,200.477051,0.377225,0.925964,0.017085,0.100000,0.020000,1,0.443487
30.102098,18.433592,-0.744638,-198.777985,33.723114,321.924438,-12462.312500,2677.602051,19697.138672,0.452883,0.550971,-0.700948,0.100000,0.020000,1,0.538172
30.297491,18.387182,2.066969,69.210945,-11.316048,694.228394,2581.988281,-2950.556641,41696.785156,0.383985,0.802735,-0.456259,0.100000,0.020000,1,0.147439
30.267895,18.804077,-0.181588,-19.195717,-135.620056,-15.998688,-1572.359009,-7113.779297,-929.520020,0.361752,0.901819,-0.236343,0.100000,0.020000,1,0.915487
29.943947,18.580914,0.186000,-213.616852,-194.919891,-49.775635,-15277.699219,-11844.471680,-2815.246826,0.352825,0.927041,0.126922,0.100000,0.020000,1,0.752988
30.702202,18.488529,-0.369532,148.330627,-13.676935,54.470596,11508.527344,-386.260834,4016.276855,0.404790,0.692008,-0.597721,0.100000,0.020000,1,0.029728
30.440596,18.594391,-0.101376,-501.640137,-285.184143,569.032227,-31267.662109,-17501.615234,34498.593750,0.340264,0.897560,0.280370,0.100000,0.020000,1,0.154095
30.511969,17.769915,0.352543,143.922852,-79.232346,-34.549294,11458.997070,-7312.513184,-2251.286865,0.392902,0.664872,0.635275,0.100000,0.020000,1,0.621931
30.156681,18.648386,0.658740,283.084656,-72.878410,-335.552734,17468.330078,-3739.131104,-20253.992188,0.348281,0.783636,0.514408,0.100000,0.020000,1,0.283817
30.163162,18.921892,-0.180500,278.092529,-440.490601,80.593628,16865.988281,-26189.466797,5594.835938,0.267161,0.895709,-0.355428,0.100000,0.020000,1,0.320669
30.200510,18.748964,0.218918,-227.950134,180.452209,108.463806,-14901.210938,12276.968750,6452.062500,0.264410,0.891153,0.368692,0.100000,0.020000,1,0.798880
30.152237,18.646223,-0.196834,142.474213,187.125015,104.429306,8745.008789,12552.215820,7868.138672,0.306238,0.746147,-0.591170,0.100000,0.020000,1,0.081617
30.179289,18.689571,-0.035201,379.835297,146.223724,101.717422,23147.955078,9561.824219,6668.367676,0.199022,0.973660,-0.111244,0.100000,0.020000,1,0.789520
30.860609,19.020939,-0.187232,153.807343,54.061127,-53.286972,11705.813477,5126.056152,-4157.782227,0.199794,0.979832,0.003334,0.100000,0.020000,1,0.556144
29.742649,18.806892,0.353847,-25.256363,164.822296,84.325165,-4230.493164,11225.250000,6285.982910,0.197653,0.969466,0.145153,0.100000,0.020000,1,0.505679
29.680525,18.628721,0.800485,-162.488876,-68.728409,300.699493,-1537.482910,-7258.156738,13155.779297,0.182600,0.953069,-0.241488,0.100000,0.020000,1,0.984032
29.447340,18.339556,-0.658246,-306.324158,19.318130,-132.967850,-22160.451172,838.788574,-8654.662109,0.322277,0.636149,-0.701036,0.100000,0.020000,1,0.096849
30.246958,18.661102,-0.551752,-55.137299,-33.294350,16.193169,-3641.268555,-1758.519775,362.156525,0.205893,0.861839,-0.463511,0.100000,0.020000,1,0.914011
30.798342,17.270025,-0.397355,468.988953,-241.196136,-143.378235,33008.597656,-19461.865234,-13491.958984,0.443389,0.435681,0.783319,0.100000,0.020000,1,0.071635
30.149954,18.740200,0.571233,-70.816849,-86.324860,-25.299721,-4607.284180,-4456.087891,-1477.491455,0.259986,0.724228,0.638671,0.100000,0.020000,1,0.230576
30.119480,18.277611,-0.173079,222.512711,-25.939072,-123.764160,13184.546875,-3188.958008,-7305.130371,0.140040,0.927544,-0.346483,0.100000,0.020000,1,0.502725
29.847490,18.639801,0.707469,-97.132324,-26.956938,57.033295,-9180.197266,-791.016846,-6181.211914,0.130273,0.956084,0.262549,0.100000,0.020000,1,0.338927
29.837118,18.758553,0.534814,107.503403,-228.991608,-274.631653,5930.287109,-12825.763672,-17823.833984,0.366426,0.526531,0.767136,0.100000,0.020000,1,0.259243
30.332035,18.124151,0.747610,274.856049,-136.755280,15.300972,18339.021484,-9960.595703,1481.939697,0.300998,0.608159,0.734536,0.100000,0.020000,1,0.571466
29.919960,18.647341,0.459661,216.695374,-158.084442,-79.935318,12245.725586,-9830.704102,-4925.624512,0.162218,0.846416,0.507214,0.100000,0.020000,1,0.042060
30.156471,18.948212,0.419011,-0.908386,-118.023132,-110.748459,-667.358276,-6321.350098,-6661.432617,0.100430,0.910790,0.400469,0.100000,0.020000,1,0.559899
30.674622,18.807829,0.711576,116.729706,-33.212791,142.681183,8698.154297,-1951.127808,11887.085938,0.010969,0.999599,0.026105,0.100000,0.020000,1,0.303284
30.127804,18.710175,-0.616457,-107.663467,81.779663,285.630127,-7161.241211,5504.554199,17540.613281,0.129788,0.798427,-0.587936,0.100000,0.020000,1,0.972804
29.941549,18.966785,-0.215077,-131.807816,-289.888885,557.200012,-9948.310547,-17539.287109,35055.546875,-0.010197,0.975299,-0.220653,0.100000,0.020000,1,0.872442
30.288380,20.469156,-1.123510,8.331642,528.749268,-303.804840,-2079.224121,20614.896484,-11242.617188,-0.017436,0.992549,-0.120596,0.100000,0.020000,1,0.495020
29.778906,18.863735,-0.374774,-14.481400,42.678040,-68.168900,-2424.517090,4017.653564,-3397.840332,0.197700,0.690308,-0.695981,0.100000,0.020000,1,0.439608
31.968874,19.308842,0.281553,580.291626,120.855827,72.913437,25899.435547,-3808.924805,2126.363037,0.122291,0.782070,0.611074,0.100000,0.020000,1,0.833668
30.046776,18.732578,0.461186,58.156361,-216.280334,166.735352,2898.470947,-12072.939453,9668.619141,0.055695,0.862857,0.502371,0.100000,0.020000,1,0.379267
29.380039,18.635942,-0.609182,-158.875488,-106.726395,-103.902771,-13705.080078,-7078.756836,-7394.053223,0.043375,0.875301,-0.481630,0.100000,0.020000,1,0.943692
30.226374,18.941965,0.238562,-66.205185,-167.433533,14.852283,-4571.596680,-9946.693359,1013.814148,-0.022344,0.965544,0.259278,0.100000,0.020000,1,0.631718
28.488602,18.272919,1.676542,-513.512756,-227.207275,471.629303,-13554.240234,-8400.327148,14098.760742,-0.059751,0.985173,0.160822,0.100000,0.020000,1,0.405193
29.630379,18.875320,0.714102,-182.378052,-479.631348,209.061035,-13504.774414,-28924.095703,13576.218750,0.181925,0.655000,0.733402,0.100000,0.020000,1,0.326933
30.894613,18.588617,1.137630,257.178040,-120.138733,465.128540,7275.815918,-4490.606445,12585.390625,-0.071570,0.927913,-0.365861,0.100000,0.020000,1,0.213777
29.743650,18.504118,0.505713,-56.872757,74.892181,-49.162880,-5736.083008,3288.136230,-2400.123779,-0.103142,0.911924,0.397186,0.100000,0.020000,1,0.284831
30.162012,18.851746,0.285078,-153.660294,-102.411575,-240.844879,-10256.353516,-6745.381836,-14498.964844,-0.170235,0.975772,0.137434,0.100000,0.020000,1,0.997182
28.210068,18.377020,-0.666746,-212.627533,233.579941,-127.406944,-24147.929688,-12200.283203,-11957.898438,-0.176982,0.984150,0.011166,0.100000,0.020000,1,0.352397
30.259752,19.327032,-0.040110,-178.152344,-219.661652,-25.946583,-11398.160156,-12200.554688,-1503.412964,-0.180719,0.979851,-0.085047,0.100000,0.020000,1,0.120320
31.136705,18.102047,-1.167345,401.031860,54.344517,-205.782532,13861.100586,-1091.462891,-25122.169922,-0.021658,0.809257,-0.587056,0.100000,0.020000,1,0.728271
30.158314,19.366142,-0.630375,19.579386,81.874496,-52.051498,939.710693,7373.799805,-4255.068359,-0.100270,0.877563,-0.468860,0.100000,0.020000,1,0.843206
29.858366,18.936325,-0.888277,-12.257133,13.431892,-49.950485,-1839.513916,2040.616577,-4314.253418,0.073652,0.691743,-0.718378,0.100000,0.020000,1,0.740727
29.913996,19.018009,0.592090,100.301041,-72.637329,-100.599670,5288.322266,-3553.816650,-6073.580566,-0.045403,0.784054,0.619030,0.100000,0.020000,1,0.702647
29.986441,18.991819,0.057281,-266.573273,-96.703148,-478.100037,-17918.058594,-5986.624023,-30868.421875,-0.234537,0.936175,0.261856,0.100000,0.020000,1,0.980028
30.111570,18.772898,-0.263182,92.089615,-26.444267,-6.201441,5232.429199,-2502.760254,-668.454285,-0.243332,0.941854,-0.231734,0.100000,0.020000,1,0.478311
29.669050,19.069738,-0.347394,662.576904,-9.052871,147.274277,39514.441406,-125.167358,9073.336914,-0.241645,0.906530,-0.346136,0.100000,0.020000,1,0.983125
29.880249,18.658518,0.613321,37.639671,-22.793530,-93.709625,1513.206055,-1463.032227,-5994.546387,0.050578,0.665990,0.744244,0.100000,0.020000,1,0.752667
30.247879,19.215851,0.443880,-461.082458,-173.437317,-254.335938,-28870.634766,-9989.005859,-15561.126953,-0.276747,0.881037,0.383646,0.100000,0.020000,1,0.766084
29.903255,18.863489,-0.116097,-20.769928,200.924072,238.309875,-2621.458252,11833.618164,14440.369141,-0.358596,0.932913,0.032886,0.100000,0.020000,1,0.401510
29.921700,19.121939,-0.288804,124.136154,-113.921097,-281.786560,6922.713379,-6214.744629,-16932.412109,-0.183065,0.793434,-0.580473,0.100000,0.020000,1,0.744073
30.636583,20.027683,-0.509906,188.890961,199.837585,-63.490982,9006.138672,15353.035156,-7120.703613,-0.364539,0.904426,-0.221640,0.100000,0.020000,1,0.483009
30.742544,20.706387,-0.582317,246.598801,441.476379,-159.555847,7461.178223,12445.479492,-2296.500732,-0.382641,0.917770,-0.106228,0.100000,0.020000,1,0.446423
32.067047,17.711344,-1.750289,632.778320,-368.335388,-408.064148,32562.533203,-26324.931641,-30904.228516,-0.059885,0.709207,-0.702452,0.100000,0.020000,1,0.800944
30.213652,19.236603,0.602154,68.543617,55.882072,2.538990,4720.466797,5085.038086,454.133698,-0.161997,0.762861,0.625939,0.100000,0.020000,1,0.607713
27.695005,21.693802,0.160744,-713.227844,728.134766,-91.794098,827.117188,47266.546875,1410.467285,-0.183094,0.816122,0.548106,0.100000,0.020000,1,0.101423
29.616869,19.228945,-0.475354,-62.058838,18.500214,-4.976257,-6148.762207,2206.198730,-613.128906,-0.282483,0.833271,-0.475250,0.100000,0.020000,1,0.307804
30.086214,19.305975,0.175543,-107.388580,-144.002411,-94.642792,-7172.852539,-8230.905273,-5730.908691,-0.407359,0.902757,0.138162,0.100000,0.020000,1,0.450676
29.845118,19.216364,0.053061,76.259789,84.801361,61.126022,3486.885986,5911.346680,3101.421387,-0.392940,0.877286,0.275622,0.100000,0.020000,1,0.015262
31.430336,20.111963,0.420054,490.497742,371.613770,-75.860809,9157.478516,7954.525879,-471.566895,-0.064808,0.682698,0.727821,0.100000,0.020000,1,0.369640
29.797035,19.288429,0.329571,21.320145,-51.101601,264.044098,-39.609413,-1983.900269,16267.174805,-0.301344,0.811661,0.500398,0.100000,0.020000,1,0.142208
30.173857,19.068800,-0.332372,-104.844101,-78.028168,612.263306,-6445.666992,-5005.175293,38481.285156,-0.407855,0.845501,-0.344647,0.100000,0.020000,1,0.702505
29.688297,19.752739,0.030035,-24.067192,95.717102,-64.234634,-3827.189697,7928.444824,-6388.476562,-0.415954,0.832061,0.366955,0.100000,0.020000,1,0.086635
30.127541,19.527555,0.507274,119.733810,52.221916,122.661736,-1124.634277,3665.351074,5188.980469,-0.547884,0.825815,0.133614,0.100000,0.020000,1,0.679923
28.657732,21.077076,-1.077693,-388.440704,484.239136,-256.031067,-10649.333008,31315.490234,-21640.626953,-0.552284,0.827083,-0.104483,0.100000,0.020000,1,0.800286
29.914871,18.971424,0.353624,-139.448669,-145.609436,-82.911018,-9507.968750,-10191.028320,-3868.363525,-0.559572,0.828174,0.031749,0.100000,0.020000,1,0.724837
29.769604,19.084019,-0.394271,45.748085,-80.682785,-31.767143,2936.227783,-4325.306152,-3081.646973,-0.550697,0.799725,-0.239110,0.100000,0.020000,1,0.839647
29.476248,18.375772,-0.679707,318.822998,-109.316376,291.106232,17783.431641,-8990.750977,18058.554688,-0.200716,0.674042,-0.710901,0.100000,0.020000,1,0.944137
29.861792,19.137310,-0.356482,-296.467896,141.201950,-149.410370,-19463.093750,9464.756836,-8772.829102,-0.343302,0.718501,-0.604896,0.100000,0.020000,1,0.372149
30.102642,19.684259,0.140594,113.621597,167.627182,124.843491,5000.765137,862.316895,-1242.955566,-0.459672,0.758853,-0.461350,0.100000,0.020000,1,0.196214
32.271408,19.403860,-0.661355,746.603394,-32.873875,-254.066925,21904.740234,-1547.687988,-7291.093750,-0.558291,0.782253,0.276388,0.100000,0.020000,1,0.729089
30.028528,18.855795,0.280594,93.863525,122.616760,64.181480,5946.781738,7140.393066,2984.575439,-0.342022,0.696643,0.630642,0.100000,0.020000,1,0.216358
29.219877,20.265028,0.079602,-117.492798,250.195801,-63.713730,-10786.636719,20619.607422,-5449.769531,-0.464550,0.733674,0.495897,0.100000,0.020000,1,0.188545
29.803389,18.850620,-0.854398,80.982834,-113.447266,-178.751343,4206.920898,-8570.569336,-16138.786133,-0.553514,0.750044,0.362015,0.100000,0.020000,1,0.540129
30.024572,18.888998,0.979204,43.625694,-16.237637,61.610382,2771.662598,-936.785950,5385.739258,-0.196526,0.653573,0.730903,0.100000,0.020000,1,0.593335
29.862514,18.297806,-0.344230,2.177179,89.437637,5.230114,-478.213257,1884.944824,161.310684,-0.567379,0.741760,-0.357595,0.100000,0.020000,1,0.172654
29.114944,17.854589,0.375057,78.581596,66.059708,165.486191,-6560.087402,-18264.683594,4010.438965,-0.465405,0.670995,-0.577203,0.100000,0.020000,1,0.651060
29.667198,19.404888,0.097639,143.893402,-132.756805,-320.592529,7882.562500,-7956.095215,-19831.910156,-0.702213,0.711966,0.001097,0.100000,0.020000,1,0.203314
29.879314,19.481691,0.182814,-22.092911,-62.137527,-246.723602,-1695.993530,-3168.997314,-14502.137695,-0.700801,0.708087,-0.086540,0.100000,0.020000,1,0.622073
29.734865,19.417101,0.111698,-183.379028,114.333511,-109.925621,-12468.121094,7708.176270,-6901.690430,-0.699507,0.704294,0.121072,0.100000,0.020000,1,0.989370
29.876190,18.928366,-0.552700,197.520996,164.732269,-26.618786,12042.807617,10200.283203,-1521.750854,-0.329545,0.638907,-0.695124,0.100000,0.020000,1,0.270239
28.665825,19.345284,-0.037532,-263.666962,-20.762787,88.130928,-7738.035156,-5526.461914,985.523193,-0.572013,0.670770,-0.472089,0.100000,0.020000,1,0.214792
29.605305,19.619675,-0.119690,18.399382,219.442719,38.499290,-205.935791,15254.356445,1036.111572,-0.687015,0.681646,0.251732,0.100000,0.020000,1,0.925025
29.528847,19.100113,0.633159,203.151825,141.301544,-146.727982,11056.185547,9040.428711,-8847.872070,-0.443837,0.638569,0.628680,0.100000,0.020000,1,0.415069
29.881378,19.455366,-0.157809,-249.218140,-59.059731,-55.844276,-15860.121094,-3072.729980,-3341.529053,-0.709446,0.663577,-0.237387,0.100000,0.020000,1,0.589563
29.266199,19.101076,-0.235060,-90.575165,-50.215370,-133.797119,-8416.653320,-3537.683838,-11229.911133,-0.587458,0.630284,0.507577,0.100000,0.020000,1,0.916253
29.872728,19.078032,0.119492,509.552734,88.326584,-400.212830,32081.453125,4739.190430,-23548.308594,-0.692646,0.635079,-0.341931,0.100000,0.020000,1,0.609492
29.588736,19.354298,0.398337,73.169830,11.916290,-129.066254,3433.885742,1085.449951,-7826.028320,-0.694774,0.611582,0.378492,0.100000,0.020000,1,0.298373
29.577028,18.112368,-0.299198,-86.559525,36.079407,-209.340607,7443.654297,6400.761230,-20225.617188,-0.346211,0.592167,0.727651,0.100000,0.020000,1,0.844487
30.088936,17.292255,-1.689294,347.908600,-112.665054,-334.626678,3688.686035,-22332.363281,-12588.883789,-0.572653,0.591757,-0.567355,0.100000,0.020000,1,0.586662
29.152487,21.963737,-0.071063,-160.484299,644.703186,42.962814,-6932.206055,17005.580078,3878.395752,-0.810472,0.570215,0.134131,0.100000,0.020000,1,0.290490
29.395897,18.826735,-0.586000,-59.670105,130.191788,-86.874359,-5468.185547,5949.340820,-7623.223633,-0.821650,0.563301,-0.087086,0.100000,0.020000,1,0.845768
28.972790,19.079485,0.005062,-127.942093,-145.978424,3.840309,-5825.548828,-480.298340,3395.599121,-0.827520,0.560860,0.025432,0.100000,0.020000,1,0.246875
30.513950,20.482454,0.777253,246.975372,378.722321,420.059662,8343.081055,12526.146484,12615.631836,-0.441528,0.563324,-0.698369,0.100000,0.020000,1,0.906644
29.528584,19.265366,0.554263,130.505463,180.159180,-308.860565,6878.650879,11826.103516,-19333.119141,-0.568896,0.555329,0.606603,0.100000,0.020000,1,0.569366
30.638706,19.027098,0.104271,336.810303,-119.139023,128.966705,19642.517578,-4550.333496,14690.728516,-0.702393,0.545977,-0.456677,0.100000,0.020000,1,0.682165
29.177513,19.718300,-0.026745,-31.860184,76.091064,33.934826,-4550.086426,6308.201660,2788.322754,-0.814313,0.539730,-0.213509,0.100000,0.020000,1,0.436334
29.649109,19.352079,0.595814,-61.365723,-0.524405,-140.953033,-4514.753906,415.401978,-8212.371094,-0.682641,0.524903,0.508407,0.100000,0.020000,1,0.660616
29.810831,19.432264,-0.365251,263.796204,85.844574,-23.555676,11565.599609,4770.297852,115.713501,-0.800546,0.489654,-0.345493,0.100000,0.020000,1,0.376064
30.134174,20.933256,0.333537,193.900757,415.959534,1.521017,13871.081055,32841.945312,519.593323,-0.825849,0.493258,0.273257,0.100000,0.020000,1,0.375743
29.642630,19.656120,0.044916,-152.685516,-324.798462,196.582825,-9926.941406,-19125.650391,11193.505859,-0.801676,0.448621,0.395039,0.100000,0.020000,1,0.358590
29.646719,21.186718,-0.538019,4.915354,500.246582,-280.359314,-498.728058,40519.242188,-22554.470703,-0.450291,0.507004,0.734973,0.100000,0.020000,1,0.885272
29.616913,19.924297,-1.407398,60.171040,150.529343,-267.549103,-17.239990,8445.044922,-12005.875977,-0.688574,0.451092,-0.567787,0.100000,0.020000,1,0.311594
29.033930,18.958551,0.015166,189.374847,-328.020020,-211.696136,9376.328125,-22516.654297,-12566.331055,-0.892942,0.400087,-0.206358,0.100000,0.020000,1,0.180697
30.663134,18.279964,-1.397305,358.855652,-380.161682,-394.128235,27799.443359,-4458.606445,-4537.453125,-0.911427,0.398690,-0.101725,0.100000,0.020000,1,0.894881
29.435049,19.555658,-0.050055,3.716145,-118.199188,114.016190,-874.208374,-6640.584473,6542.846191,-0.918033,0.394948,0.035090,0.100000,0.020000,1,0.783345
29.311676,19.208296,0.696847,238.444214,94.003433,-211.424500,13265.067383,5981.855957,-12640.626953,-0.648349,0.439471,0.621698,0.100000,0.020000,1,0.056171
29.427204,19.146658,-0.549180,-1032.561401,38.753349,507.755371,-66216.734375,1751.102173,31347.115234,-0.796957,0.404690,-0.448426,0.100000,0.020000,1,0.686863
29.680113,18.565876,0.605289,101.474411,-209.202911,48.090099,2384.486816,-4565.281250,165.593994,-0.890132,0.379780,0.251857,0.100000,0.020000,1,0.868101
28.954405,19.458864,0.486568,-117.926239,-25.231850,68.459976,-10292.815430,-1362.863647,5841.279785,-0.910434,0.387571,0.144566,0.100000,0.020000,1,0.029301
29.654068,18.678902,-0.404771,-26.021992,-105.351196,86.891998,-1190.969482,-3000.904541,2665.199951,-0.219127,0.555313,-0.802254,0.100000,0.020000,1,0.019586
29.492256,19.185055,0.365366,38.145069,-104.453796,-98.572479,1699.200317,-7057.087891,-6437.108887,-0.782464,0.383475,0.490609,0.100000,0.020000,1,0.814912
29.424408,19.510721,1.026413,-6.697186,62.149628,100.534912,-1828.184814,5629.488770,8067.848633,-0.536519,0.435135,0.723052,0.100000,0.020000,1,0.923281
29.524651,19.393692,-0.660144,17.720570,-146.147430,41.576279,152.183441,-8046.367188,2406.702393,-0.548369,0.432568,-0.715664,0.100000,0.020000,1,0.925221
28.883551,17.988184,-0.545083,86.489731,43.324089,-237.359451,-15291.858398,-18747.644531,-6148.486816,-0.872331,0.308941,0.378938,0.100000,0.020000,1,0.637501
29.627851,19.119093,-0.460791,88.076111,-33.422928,-19.345497,5772.792480,-3128.519531,-1889.522705,-0.882725,0.308913,-0.354075,0.100000,0.020000,1,0.876749
28.409525,19.423578,-0.736179,-253.952881,-24.457367,-302.260620,-7286.096680,1913.163696,-2175.944336,-0.957443,0.248182,0.147338,0.100000,0.020000,1,0.637946
29.346811,19.359045,0.004339,-155.190643,133.167435,98.825806,-10467.135742,8148.608887,6146.821777,-0.967997,0.249066,0.030775,0.100000,0.020000,1,0.680083
29.476929,19.147024,-0.671846,-300.727722,207.362930,625.222656,-19535.564453,12632.375000,38707.695312,-0.753971,0.312943,-0.577576,0.100000,0.020000,1,0.360707
29.239887,19.328951,-0.485355,-18.807259,-43.178703,58.748283,-2510.128418,-2682.682129,3347.622803,-0.839608,0.272879,-0.469676,0.100000,0.020000,1,0.758184
29.745193,20.121382,0.542145,58.965683,208.270813,243.623779,3981.234863,17190.513672,20119.941406,-0.617148,0.364146,-0.697513,0.100000,0.020000,1,0.381491
29.185633,19.430925,0.022955,-123.184891,-115.336601,-11.627649,-8967.582031,-7208.133789,-220.894150,-0.971433,0.206197,-0.117477,0.100000,0.020000,1,0.007538
29.138071,19.335407,0.269309,-18.643692,17.151342,-21.331749,-2775.931885,1189.672241,-1962.498047,-0.840477,0.230326,0.490458,0.100000,0.020000,1,0.304494
29.206543,19.507132,-0.274448,-47.561264,-128.117355,-82.123138,-4072.227539,-7523.465332,-5179.012695,-0.927789,0.184451,-0.324324,0.100000,0.020000,1,0.280275
29.085108,19.250477,0.410687,-199.640594,163.335388,-136.445129,-14126.847656,9736.856445,-7832.120605,-0.948608,0.175143,0.263567,0.100000,0.020000,1,0.299387
28.342415,19.081745,-0.703591,-201.092896,-97.846809,-175.219116,-7620.449219,-3381.918701,-13507.918945,-0.958755,0.173774,-0.224925,0.100000,0.020000,1,0.667503
28.447489,18.245529,1.037275,163.425522,-92.661713,-300.648254,5513.148438,-9923.791016,-16892.021484,-0.718077,0.288018,0.633570,0.100000,0.020000,1,0.207692
29.701241,18.980669,0.595418,529.488281,-177.953064,-155.337830,33636.515625,-11901.421875,-9877.175781,-0.612885,0.323106,0.721093,0.100000,0.020000,1,0.277144
30.311010,20.419708,-0.291086,327.687042,282.887482,-200.062943,15031.359375,17050.025391,-7660.238281,-0.909179,0.141004,0.391804,0.100000,0.020000,1,0.099323
29.689756,19.077068,-0.544945,154.121704,-59.352173,-70.041641,5698.265137,-2930.961426,270.992432,-0.881269,0.111967,-0.459160,0.100000,0.020000,1,0.954120
29.138279,18.862759,0.233921,-69.243210,95.316277,-145.243317,-5128.754883,3824.255371,-8732.849609,-0.987814,0.029615,0.152796,0.100000,0.020000,1,0.648195
29.125669,19.304522,0.045751,-19.277290,60.505959,-32.579239,-1996.330688,3437.901855,-1944.148315,-0.999469,0.023832,0.022224,0.100000,0.020000,1,0.884347
29.446760,19.796515,-0.415049,60.446247,133.571762,81.050339,1835.779785,3798.561768,3106.552246,-0.694558,0.225761,-0.683096,0.100000,0.020000,1,0.713146
29.301205,19.188429,-0.844285,-366.701721,41.148209,-427.849731,-15028.736328,-2397.625000,-16845.873047,-0.771199,0.170128,0.613440,0.100000,0.020000,1,0.220717
28.877768,19.424696,-0.244775,654.964966,-150.368851,-52.177773,39539.730469,-9278.395508,-3542.569580,-0.975868,0.013595,-0.217939,0.100000,0.020000,1,0.880094
29.259480,18.919312,-0.079419,44.462547,-152.472046,-37.761505,2619.539551,4041.853516,11801.039062,-0.993841,0.004514,-0.110721,0.100000,0.020000,1,0.787989
29.008451,19.281948,0.389800,-102.129791,27.628357,288.453278,-4111.789062,1400.943604,9006.803711,-0.784501,0.159881,-0.599163,0.100000,0.020000,1,0.221358
29.120972,19.785044,0.011538,43.086960,108.741364,-54.323242,1989.199219,8647.777344,-4343.569824,-0.962511,-0.005880,0.271178,0.100000,0.020000,1,0.606058
28.852415,19.246817,0.415659,-26.810318,2.957535,-12.315964,-3890.109863,31.812744,-869.744690,-0.854688,0.063706,0.515219,0.100000,0.020000,1,0.057185
28.364044,18.532633,-0.633104,284.824036,-90.348068,338.259583,14136.678711,-9065.202148,19884.015625,-0.942948,-0.026091,-0.331917,0.100000,0.020000,1,0.354372
29.242830,19.247007,0.651001,91.970352,-199.699890,-4.183485,4534.622070,-12198.233398,-123.145981,-0.653965,0.210995,0.726506,0.100000,0.020000,1,0.287393
29.359865,19.202993,-0.566810,16.789894,-99.008720,-64.158249,2372.951416,-4014.721191,-1403.319824,-0.824591,0.051037,-0.563423,0.100000,0.020000,1,0.583548
28.932829,19.402765,0.091274,-18.795593,25.631626,113.910416,-2270.239014,1844.671875,7094.289551,-0.983098,-0.124308,0.134411,0.100000,0.020000,1,0.572693
28.611984,19.306240,-0.283885,-71.494537,-30.777205,-36.023026,-3201.537109,-692.126648,-1233.583984,-0.985856,-0.129288,-0.106644,0.100000,0.020000,1,0.537905
28.709522,19.607542,-0.228144,-160.999542,118.196777,84.442299,-3205.684570,6484.669922,610.363281,-0.715576,0.115398,-0.688938,0.100000,0.020000,1,0.454733
29.327089,19.632504,0.095537,-5.548608,46.440369,-52.051407,-23.132568,4286.440430,-4244.195801,-0.921064,-0.073352,0.382440,0.100000,0.020000,1,0.023821
28.852623,19.409662,-0.260798,132.451782,-146.425964,133.999786,7006.856445,-8908.386719,8107.930176,-0.966885,-0.147452,-0.208306,0.100000,0.020000,1,0.286397
29.291340,19.185097,0.665054,-174.194763,-101.718033,-105.011963,-11243.062500,-6565.649414,-6018.011230,-0.791659,0.013411,0.610816,0.100000,0.020000,1,0.704747
29.016830,19.244787,-0.181481,245.300644,-182.532349,-170.778046,14539.628906,-11647.039062,-9920.661133,-0.885639,-0.090281,-0.455515,0.100000,0.020000,1,0.241359
28.267641,19.897463,0.603594,-127.932220,194.254395,69.425018,-11828.368164,14690.109375,6028.666992,-0.955202,-0.163520,0.246680,0.100000,0.020000,1,0.973800
28.842604,19.397825,0.045385,113.283844,-64.822380,-45.870750,5892.351074,-3830.984863,-2707.412842,-0.983236,-0.182338,0.000473,0.100000,0.020000,1,0.080283
29.074638,19.317781,0.401287,-38.210335,-93.570343,244.534790,-3118.294189,-5641.889648,15348.906250,-0.862726,-0.095333,0.496603,0.100000,0.020000,1,0.798773
29.530266,19.243534,0.874774,73.111816,13.711132,49.373840,4997.833984,1246.303955,4222.020996,-0.689834,0.091123,0.718210,0.100000,0.020000,1,0.887710
28.079012,18.494320,-0.048953,268.528534,-142.418427,-197.324997,12497.051758,-12257.397461,-11433.299805,-0.917025,-0.199324,-0.345450,0.100000,0.020000,1,0.669371
28.875702,19.362667,0.153528,98.944405,-232.887390,-95.630737,5152.710938,-14268.242188,-6742.947266,-0.900336,-0.212626,0.379717,0.100000,0.020000,1,0.596378
30.110720,17.433723,0.957573,682.827576,-612.193726,203.380188,26384.052734,-21386.314453,4341.932617,-0.949706,-0.312541,0.019418,0.100000,0.020000,1,0.766351
28.765474,18.682306,-0.556268,72.000504,17.227724,48.990685,2173.266357,-897.463013,3203.089111,-0.727265,-0.025231,-0.685892,0.100000,0.020000,1,0.038394
30.604591,18.573750,-1.086207,517.624084,-196.108917,-240.410736,13630.986328,-5259.188477,-4106.491699,-0.855774,-0.224671,-0.466019,0.100000,0.020000,1,0.019034
28.696793,19.548170,-1.086956,9.436874,89.006744,-288.416992,-4961.312012,6369.822754,-4888.971191,-0.932886,-0.340723,-0.116751,0.100000,0.020000,1,0.711633
28.344753,19.377195,-0.059320,-93.810822,32.785690,-27.172394,-8756.822266,2576.958984,-2432.084717,-0.930825,-0.340756,0.132102,0.100000,0.020000,1,0.197994
28.655249,18.549513,-0.038131,-12.882782,54.586227,416.128418,-3197.454346,759.373657,28189.535156,-0.798750,-0.134120,-0.586524,0.100000,0.020000,1,0.183865
28.658377,19.061495,0.458018,181.320007,-24.037979,-31.455696,9469.934570,-2101.653564,-1819.490845,-0.837515,-0.237073,0.492307,0.100000,0.020000,1,0.424073
29.284336,19.037670,-0.029899,-221.959045,-94.071579,237.373901,-12933.295898,-6770.106934,15704.686523,-0.908691,-0.342717,-0.238383,0.100000,0.020000,1,0.061296
29.128681,18.818792,1.118300,27.113087,-37.393311,120.250336,878.604065,-3681.803467,9745.294922,-0.703958,-0.037532,0.709249,0.100000,0.020000,1,0.920167
28.115019,19.089024,-0.363947,-55.555542,80.618439,-134.584320,-7257.303711,4546.949219,-10959.389648,-0.892714,-0.363956,0.265701,0.100000,0.020000,1,0.826123
28.957371,19.289207,0.344641,169.396347,-482.476807,531.859863,9627.750977,-29927.759766,32818.828125,-0.770448,-0.158149,0.617575,0.100000,0.020000,1,0.169344
28.858755,19.195251,-0.130416,36.811443,-5.296348,38.385727,1642.811401,-329.139374,3136.658691,-0.862462,-0.361227,-0.354504,0.100000,0.020000,1,0.671293
28.816555,19.359488,0.035239,-140.049225,-103.783707,236.989166,-9685.985352,-5846.914062,13839.819336,-0.859938,-0.365104,0.356659,0.100000,0.020000,1,0.792314
29.521717,19.274408,-0.894028,84.823257,76.623672,-50.366409,5347.290527,5648.252441,-4091.312500,-0.583647,0.163730,-0.795329,0.100000,0.020000,1,0.026721
28.704939,19.142616,-0.069077,-228.272552,-41.064842,48.093456,-15299.790039,-2710.319092,3145.900146,-0.868040,-0.483619,-0.112338,0.100000,0.020000,1,0.591716
28.190535,19.146818,0.241962,-60.483673,59.135887,48.972183,-6810.591797,3647.866943,4042.922363,-0.867273,-0.497552,0.016725,0.100000,0.020000,1,0.959511
28.791710,19.192608,-0.499708,459.140442,-220.226135,12.761751,27674.457031,-13626.016602,772.089722,-0.762508,-0.289266,-0.578712,0.100000,0.020000,1,0.753646
28.221518,19.215101,0.089022,-52.632462,52.590271,-7.212730,-6172.919922,3577.665039,-554.089355,-0.852817,-0.505093,0.132604,0.100000,0.020000,1,0.787207
29.305319,19.017855,-0.216897,144.369751,0.322891,-127.304352,4495.353516,-3062.511230,-4079.642822,-0.779601,-0.383060,0.495467,0.100000,0.020000,1,0.279172
28.769339,18.423603,0.927657,291.921570,-118.213593,-139.237030,17435.867188,-10409.252930,-3283.762695,-0.794527,-0.398002,-0.458608,0.100000,0.020000,1,0.345137
27.406271,20.013374,-0.363897,-384.665771,243.850769,-164.417786,-11846.880859,11368.917969,-5507.557617,-0.822648,-0.511100,0.249052,0.100000,0.020000,1,0.875236
28.661125,19.115917,-0.413321,147.637314,57.887585,622.113525,8341.141602,3612.609375,38305.460938,-0.824708,-0.522977,-0.215294,0.100000,0.020000,1,0.512014
28.597853,18.653374,-0.524626,-61.867569,26.062946,13.063652,-6514.901367,-185.422180,1140.972778,-0.687298,-0.168492,-0.706564,0.100000,0.020000,1,0.666471
28.318289,19.102571,0.776826,-62.108429,68.640915,38.402802,-7174.537109,4353.673340,3510.064697,-0.732085,-0.306414,0.608410,0.100000,0.020000,1,0.783541
29.357777,18.839201,-0.263053,206.408401,8.647369,-29.939251,3991.214355,-4324.724121,-1337.186768,-0.791196,-0.500028,-0.352108,0.100000,0.020000,1,0.728734
28.810936,18.877455,0.613526,-445.826263,-479.758911,-180.280365,-28501.906250,-31085.763672,-10102.414062,-0.761388,-0.537523,0.362432,0.100000,0.020000,1,0.808115
29.016386,17.911491,1.604660,161.275620,-9.040592,222.062088,-3456.966309,-14623.559570,10619.768555,-0.655615,-0.182958,0.732595,0.100000,0.020000,1,0.265702
29.355263,19.124454,-0.824381,167.623077,24.077732,-74.364990,5248.552734,872.718384,-5034.615723,-0.709849,-0.423961,-0.562469,0.100000,0.020000,1,0.381722
28.453611,19.008955,-0.176263,143.831299,-33.254761,219.004181,7605.941895,-2254.491699,13036.622070,-0.762855,-0.646413,0.014221,0.100000,0.020000,1,0.886785
28.666891,19.163549,-0.402965,199.111465,-141.449219,763.499023,11983.282227,-8419.057617,46816.718750,-0.757626,-0.646897,-0.086760,0.100000,0.020000,1,0.067417
29.601894,19.357962,-0.715821,220.534546,92.899063,-74.915192,16847.544922,7249.051758,-6152.820312,-0.712065,-0.546013,-0.441399,0.100000,0.020000,1,0.355386
28.708960,18.837030,-0.182779,-149.296234,-11.190655,-54.255875,-9828.003906,-1514.953369,-4686.937500,-0.745533,-0.651516,0.140381,0.100000,0.020000,1,0.229597
28.689140,18.965286,-0.066023,-137.352325,-121.203918,-120.224701,-9174.221680,-7877.419922,-7143.241699,-0.732091,-0.650208,-0.203156,0.100000,0.020000,1,0.411528
28.781433,20.026709,0.811245,-19.230827,273.261475,85.768684,1270.900635,16912.240234,1578.144653,-0.670228,-0.404981,0.621920,0.100000,0.020000,1,0.807670
28.412165,19.121937,0.009578,-23.604385,50.498611,-33.563507,-3172.789307,3678.633301,-3012.761719,-0.713649,-0.649211,0.263116,0.100000,0.020000,1,0.206891
28.982103,18.969727,0.527543,-181.101913,263.119812,360.380859,-12052.049805,16377.357422,22430.070312,-0.641001,-0.290859,0.710295,0.100000,0.020000,1,0.827155
28.752878,18.870169,-0.452414,-30.727516,8.232185,130.950226,-3479.309082,-115.529167,8881.469727,-0.640657,-0.302104,-0.705898,0.100000,0.020000,1,0.563209
28.115564,18.810743,0.972123,-224.726822,-60.396347,171.594284,-7248.759277,1355.497803,7923.292480,-0.676533,-0.546255,0.493871,0.100000,0.020000,1,0.436244
28.611650,18.994070,-0.096853,45.338440,-80.802963,-172.401337,1996.372314,-5033.965820,-10125.309570,-0.683228,-0.652828,-0.327132,0.100000,0.020000,1,0.204435
28.388094,18.491924,0.065866,70.430649,25.302326,565.098755,2653.953125,-271.268372,34589.875000,-0.640128,-0.666812,0.381572,0.100000,0.020000,1,0.987395
28.548447,18.592533,-0.130573,114.903717,-186.081207,336.690247,6473.381836,-13122.334961,20654.789062,-0.645920,-0.763266,0.014560,0.100000,0.020000,1,0.174024
31.238667,18.283234,-1.321963,669.612793,-268.953369,-228.591248,15893.671875,-5271.659668,-2848.978516,-0.603184,-0.068123,-0.794687,0.100000,0.020000,1,0.678927
28.717428,19.009037,-0.510947,276.656189,34.273323,-6.599003,16558.566406,2408.520996,-497.294464,-0.617384,-0.532958,-0.578613,0.100000,0.020000,1,0.400300
28.392673,18.896105,-0.021695,294.749695,-167.387604,131.815948,17190.205078,-10599.511719,8571.291992,-0.627248,-0.772853,-0.096217,0.100000,0.020000,1,0.105426
28.961636,19.479414,0.809184,35.415894,41.306900,244.607910,3149.859863,5108.948730,19651.328125,-0.597604,-0.766962,-0.233749,0.100000,0.020000,1,0.890006
28.716429,18.843102,0.012265,-21.412144,-156.827362,456.095032,-1386.809082,-10049.797852,28358.890625,-0.601240,-0.787481,0.135588,0.100000,0.020000,1,0.990616
28.868200,18.800018,0.574030,-135.682465,111.294144,-4.035109,-9062.988281,6540.199707,-690.993164,-0.580059,-0.539567,0.610244,0.100000,0.020000,1,0.715512
28.004795,19.801294,0.793423,-201.584915,433.227905,425.376465,-12243.991211,16043.316406,18932.712891,-0.585534,-0.664829,-0.463845,0.100000,0.020000,1,0.071990
28.322268,18.505615,0.604594,174.420319,-42.103409,-297.600616,8879.055664,-4238.989258,-17946.660156,-0.574205,-0.666453,0.475530,0.100000,0.020000,1,0.515893
27.556702,18.754242,0.484291,-188.273773,152.566986,-2.812640,-15216.524414,-395.377441,-235.116882,-0.575106,-0.771705,0.271523,0.100000,0.020000,1,0.643729
28.388901,18.797213,-0.063513,20.328789,20.310457,-143.518524,-1457.003662,731.284729,-11868.659180,-0.560006,-0.415860,0.716557,0.100000,0.020000,1,0.596502
29.753523,19.276279,0.261927,262.707458,107.285217,246.642059,19586.177734,8219.512695,19173.261719,-0.563985,-0.426635,-0.707039,0.100000,0.020000,1,0.313124
28.588173,18.849365,0.110833,-227.980530,-71.325172,-780.686584,-15140.029297,-4402.181152,-50185.265625,-0.528412,-0.756113,0.386101,0.100000,0.020000,1,0.435337
28.464746,18.699322,-0.167721,149.032791,-62.347427,-67.522278,8218.054688,-4421.326660,-3738.779053,-0.522963,-0.779513,-0.344774,0.100000,0.020000,1,0.826960
29.617214,17.764725,-0.023953,260.265747,-111.114380,-27.608978,20343.068359,-11210.000000,-1923.102173,-0.491739,-0.870449,0.022617,0.100000,0.020000,1,0.480695
28.426853,18.692890,-0.437526,224.017792,-26.374817,-503.617371,12313.046875,-2213.919922,-31574.103516,-0.497901,-0.648865,-0.575385,0.100000,0.020000,1,0.161319
28.657272,18.685461,-0.111760,-445.473083,389.820801,-541.173035,-28210.611328,24351.091797,-34268.160156,-0.466994,-0.878490,-0.100862,0.100000,0.020000,1,0.570024
27.692421,18.940962,0.237831,-233.860855,37.996025,40.089142,-11692.392578,1048.707031,3391.652344,-0.463653,-0.873782,0.146736,0.100000,0.020000,1,0.056385
28.973772,18.160852,-0.520898,-429.605652,266.760956,600.848572,-26330.599609,14273.120117,37406.750000,-0.466311,-0.751418,-0.466825,0.100000,0.020000,1,0.542140
28.653593,18.712959,0.241657,-11.516163,22.151501,4.886576,-1316.897705,669.527100,118.314476,-0.442029,-0.857708,0.262580,0.100000,0.020000,1,0.379765
28.104815,18.751463,-3.281522,-139.263428,91.242874,-781.015137,-11237.307617,5863.645020,-62263.324219,-0.441449,-0.872191,-0.210727,0.100000,0.020000,1,0.501426
28.693382,18.954435,0.476082,83.536957,-189.650055,-14.868458,4460.738281,-11343.620117,-1153.451538,-0.468496,-0.628526,0.620860,0.100000,0.020000,1,0.479308
28.631632,18.864561,-1.273606,-35.696823,-14.692095,-181.166107,-3691.907471,-841.799622,-14259.093750,-0.486119,-0.518175,-0.703692,0.100000,0.020000,1,0.866250
30.121553,18.077724,0.486952,224.815765,0.665558,-24.209753,3602.044434,2480.972656,12.630699,-0.433311,-0.755439,0.491481,0.100000,0.020000,1,0.094002
28.913246,18.929747,-0.931015,-39.471771,-6.452683,-62.031174,-3472.786133,-473.746765,-4925.592285,-0.543275,-0.284100,-0.790025,0.100000,0.020000,1,0.585915
28.175655,18.696220,1.091317,-103.031281,72.387589,196.504578,-8795.981445,4638.412598,15652.970703,-0.378943,-0.848560,0.369254,0.100000,0.020000,1,0.027326
28.675508,18.108297,-1.054756,72.859116,-11.217396,-272.460510,-1466.750488,-4962.426270,-8011.091797,-0.367612,-0.867189,-0.335925,0.100000,0.020000,1,0.795570
28.577665,18.374735,-0.764559,36.749123,-61.737167,-76.275848,-786.040283,-335.480713,-4395.988770,-0.384308,-0.733884,-0.560108,0.100000,0.020000,1,0.321167
28.478384,18.930588,0.836556,62.352386,-282.429413,-193.914993,1786.349121,-17386.005859,-11337.299805,-0.459773,-0.505197,0.730332,0.100000,0.020000,1,0.205147
28.701292,18.663572,-0.342206,-268.137421,-110.551300,656.270630,-16749.802734,-6637.936523,40393.425781,-0.289900,-0.950431,-0.112427,0.100000,0.020000,1,0.447331
31.826166,19.032146,1.486971,929.019470,244.327301,439.464172,43310.296875,-2166.937500,32076.753906,-0.285619,-0.949600,0.129158,0.100000,0.020000,1,0.476567
28.728622,18.448927,-0.301992,-147.646530,48.191986,-378.574463,-9007.657227,2521.235840,-25257.160156,-0.281879,-0.959043,0.027952,0.100000,0.020000,1,0.859541
28.416727,18.464083,-0.622675,229.913086,-118.637100,265.250031,13107.493164,-8151.016602,15769.930664,-0.306695,-0.833895,-0.458865,0.100000,0.020000,1,0.890450
28.989464,18.361168,-0.212880,-1.516460,-339.782257,-232.861176,1232.991577,-22266.042969,-14866.668945,-0.258245,-0.944479,-0.203150,0.100000,0.020000,1,0.813649
29.950615,17.741964,2.291454,377.189453,-246.423035,589.844360,8174.070312,-7174.683594,18549.009766,-0.294685,-0.819570,0.491392,0.100000,0.020000,1,0.566928
28.767092,18.577263,0.145131,45.550377,15.343674,-21.846138,3115.692383,1039.312988,-2029.582153,-0.250337,-0.901097,0.354056,0.100000,0.020000,1,0.231590
27.806551,18.742868,0.340636,-135.021698,109.641846,-31.051201,-12186.584961,7736.166992,-1460.345703,-0.244234,-0.934156,0.260196,0.100000,0.020000,1,0.874898
28.820395,18.743517,0.675416,154.098923,-122.468048,-168.057861,9211.419922,-7732.788086,-10323.137695,-0.384389,-0.584314,0.714718,0.100000,0.020000,1,0.941183
28.639069,18.754429,-0.625751,-14.853073,10.520153,-3.489597,-2164.710938,728.399902,-333.891479,-0.382046,-0.598127,-0.704475,0.100000,0.020000,1,0.089945
28.709167,18.652725,0.578945,-3.227091,7.731591,10.746078,-785.969543,417.096100,901.618896,-0.330234,-0.713030,0.618493,0.100000,0.020000,1,0.054641
28.189005,18.664721,-0.492105,-103.472229,59.731812,-56.118988,-8690.219727,4291.956543,-4386.253418,-0.228743,-0.911628,-0.341485,0.100000,0.020000,1,0.160536
28.381603,18.550814,-0.236273,-17.895805,33.357391,36.232826,-2288.734863,2488.776611,1239.469849,-0.152787,-0.988114,0.016956,0.100000,0.020000,1,0.434874
28.890568,18.912323,-0.104116,-46.719933,61.957596,265.194580,-2569.868896,5307.553223,18277.876953,-0.242815,-0.795018,-0.555867,0.100000,0.020000,1,0.627838
28.947437,18.046736,-0.716345,220.220474,-109.481750,-48.668411,11838.192383,-6640.690430,-6286.241211,-0.135617,-0.980752,0.140479,0.100000,0.020000,1,0.777686
28.972092,18.002562,-0.587695,-112.577232,84.843956,286.779510,-6811.674316,2651.858643,18104.597656,-0.291627,-0.659854,-0.692492,0.100000,0.020000,1,0.255345
28.649529,18.482798,0.515430,31.827843,-21.820484,-62.396248,1542.570435,-1374.832153,-3473.150879,-0.147609,-0.867202,0.475575,0.100000,0.020000,1,0.444234
28.958382,17.944983,0.823399,158.411743,-66.331413,155.048080,5596.235352,-8129.019531,17161.296875,-0.084260,-0.960502,0.265211,0.100000,0.020000,1,0.447455
28.590469,18.288857,-0.794453,36.018837,-5.402258,-129.952057,141.558838,-356.003326,-11758.085938,-0.082256,-0.973737,-0.212299,0.100000,0.020000,1,0.815571
28.598160,18.152954,0.224689,-348.894623,204.548569,-381.086548,-23229.511719,10619.459961,-22854.964844,-0.077350,-0.991064,-0.108668,0.100000,0.020000,1,0.327413
28.825375,18.542303,0.565431,-341.380188,-170.343628,-42.960876,-21589.494141,-10775.858398,-2525.790039,-0.198497,-0.764648,0.613117,0.100000,0.020000,1,0.638302
28.466644,18.379921,-0.493189,71.718201,-30.518593,394.102722,3300.709473,-2285.839600,24482.193359,-0.129806,-0.873322,-0.469532,0.100000,0.020000,1,0.188794
28.732746,18.265278,0.243253,-38.363342,-73.153313,-458.852844,-2257.427734,-4744.361328,-27989.187500,0.039939,-0.999130,0.011996,0.100000,0.020000,1,0.899472
28.875803,18.422171,-0.631032,14.547590,11.062592,38.591843,920.937073,235.232605,2170.190430,-0.169711,-0.724694,-0.667845,0.100000,0.020000,1,0.841782
28.891176,18.485996,-0.389504,38.838272,11.604424,29.162262,2760.719482,907.042908,2240.341553,-0.088298,-0.816210,-0.570968,0.100000,0.020000,1,0.255915
28.768021,18.074087,0.225631,-444.035980,262.182983,350.765839,-27913.150391,15335.390625,21743.410156,-0.022640,-0.925765,0.377421,0.100000,0.020000,1,0.100568
28.853655,18.170927,-0.177144,-90.322006,57.525665,-58.753593,-5195.615723,2855.935059,-3210.059814,-0.015963,-0.937028,-0.348889,0.100000,0.020000,1,0.212425
28.747847,18.299906,0.076894,282.119446,-343.548065,34.304192,17986.962891,-21614.542969,2034.098389,0.057443,-0.990180,0.127453,0.100000,0.020000,1,0.857335
28.608706,18.195349,-0.596330,-236.211151,151.068512,231.886261,-15325.347656,9217.084961,12732.595703,0.067954,-0.993324,-0.093219,0.100000,0.020000,1,0.091208
29.083162,18.409365,0.886232,43.530159,-67.637794,73.016815,3349.922363,-5148.265625,5689.783203,-0.247060,-0.627212,0.738625,0.100000,0.020000,1,0.120463
28.672804,18.829567,0.449438,6.310983,116.248169,1.033009,154.223389,10618.819336,1937.761230,-0.007796,-0.880804,0.473417,0.100000,0.020000,1,0.903280
28.882082,19.177788,-2.401034,56.389282,189.072937,-545.715393,3993.069336,15379.492188,-42840.664062,0.001204,-0.887073,-0.461628,0.100000,0.020000,1,0.778006
28.851822,18.226084,-0.151023,-178.426163,-344.782654,287.109467,-10717.086914,-21949.832031,18222.951172,0.076059,-0.975587,-0.206019,0.100000,0.020000,1,0.559934
28.697760,18.953039,-1.084127,-27.799454,55.275864,-84.637970,-3004.192871,4559.129395,-7101.426270,-0.315770,-0.539465,-0.780556,0.100000,0.020000,1,0.810677
28.367878,18.555035,-0.018299,-84.172699,69.615791,-124.604248,-3749.319824,2969.643799,-7594.841797,-0.061460,-0.795044,0.603430,0.100000,0.020000,1,0.670759
28.860399,18.431028,0.094691,-553.284973,-138.346420,573.076294,-34411.925781,-7973.525879,35695.257812,0.104947,-0.963572,0.245999,0.100000,0.020000,1,0.371953
28.502743,18.259356,-0.034759,-53.547142,46.464108,297.390106,-4459.535156,2999.838623,19766.281250,0.118737,-0.939579,-0.321082,0.100000,0.020000,1,0.743343
28.974606,18.511133,0.611376,-151.340942,-88.802979,45.922729,-9348.496094,-5618.467773,2873.710205,-0.133559,-0.673966,0.726589,0.100000,0.020000,1,0.887034
28.789337,18.855442,-0.662465,3.388828,-18.676142,-53.071648,-1858.804199,546.607666,-3558.131592,-0.049557,-0.743613,-0.666771,0.100000,0.020000,1,0.732969
29.191246,17.855894,0.432818,150.039322,-72.880722,292.810791,11150.242188,-6141.787109,18947.453125,0.147974,-0.913722,0.378438,0.100000,0.020000,1,0.265968
28.893831,17.982248,0.081620,-166.058151,96.022827,-43.432178,-11625.076172,5271.481445,242.219482,0.046632,-0.807074,0.588606,0.100000,0.020000,1,0.429002
28.727337,18.521524,-0.429191,231.103668,-565.682739,-78.834869,14062.360352,-34866.007812,-4717.277832,0.060566,-0.813762,-0.578034,0.100000,0.020000,1,0.424091
28.629740,18.313076,-0.120239,16.154686,-100.063492,170.854065,436.280334,-5524.881836,10173.073242,0.254577,-0.966566,0.030668,0.100000,0.020000,1,0.485909
28.795380,18.318083,0.530171,98.850967,-306.466797,-104.617157,6091.141602,-18941.675781,-6050.320801,0.163971,-0.868284,0.468184,0.100000,0.020000,1,0.800018
29.256374,17.932688,-0.206736,-115.452431,-298.266510,-31.929110,-5488.028320,-19986.253906,-1294.288208,0.175329,-0.877485,-0.446407,0.100000,0.020000,1,0.968390
30.280088,19.309698,-0.444107,753.222595,198.852539,-192.365829,29056.662109,2337.532471,-4956.987793,0.248687,-0.939023,0.237466,0.100000,0.020000,1,0.249260
29.113207,18.128473,0.084150,-583.023071,-176.921402,-192.395935,-35399.722656,-11122.113281,-11421.672852,0.263987,-0.958855,-0.104444,0.100000,0.020000,1,0.129218
28.532562,18.190830,-0.164611,-90.079384,53.977055,673.969727,-7236.349121,2884.702148,41520.589844,0.268951,-0.954884,0.125942,0.100000,0.020000,1,0.150126
29.459913,17.657988,-1.101712,196.062622,-112.419083,-288.337494,15159.510742,-9021.932617,-22065.195312,0.267410,-0.940845,-0.208093,0.100000,0.020000,1,0.357041
28.916340,18.053427,0.503682,-191.386536,-81.345306,-35.506397,-11815.759766,-5362.939453,-1467.802734,0.297374,-0.878037,0.374992,0.100000,0.020000,1,0.323409
28.957125,18.083652,-0.257620,91.781479,-25.787010,282.618225,3183.887207,-1153.581177,18227.201172,0.305185,-0.885040,-0.351519,0.100000,0.020000,1,0.784128
28.749987,18.205902,-0.028657,-80.554840,64.025772,-23.973633,-5905.646484,3180.164551,-4229.875000,-0.013215,-0.681841,0.731381,0.100000,0.020000,1,0.797652
26.346247,20.440948,0.455292,-716.979980,689.440430,52.187454,-55702.804688,53668.210938,5076.217285,0.402342,-0.914860,0.033947,0.100000,0.020000,1,0.402079
28.325954,18.310112,-0.705610,-96.546539,135.485611,-59.155113,-7480.616699,-4159.561523,2804.781250,0.323961,-0.839673,-0.435888,0.100000,0.020000,1,0.009176
28.892424,17.983063,-0.370278,49.248753,-27.271353,32.278812,-5358.646484,2851.322266,-5668.245605,0.430642,-0.897253,-0.097393,0.100000,0.020000,1,0.275186
28.549717,18.180922,1.355090,-10.973870,6.387616,310.430176,-2042.032227,1162.154785,24813.267578,0.429608,-0.894189,0.125948,0.100000,0.020000,1,0.467901
28.710283,18.317747,-0.502554,112.775513,-84.938812,157.630859,6275.805176,-4893.751953,9934.637695,0.206198,-0.782726,-0.587216,0.100000,0.020000,1,0.002200
29.484873,17.737997,0.137254,-166.919037,-92.513535,-330.069000,-8137.304688,-7401.365723,-22012.367188,0.310807,-0.812402,0.493358,0.100000,0.020000,1,0.838028
28.635798,18.131224,0.118990,-149.720688,86.518539,-37.113167,-5218.805176,2924.278320,18824.218750,0.428850,-0.874795,-0.225437,0.100000,0.020000,1,0.339531
31.211802,16.731426,-0.611689,641.866577,-344.586670,-284.157959,23928.406250,-13042.711914,-15105.208984,0.432853,-0.865156,0.253266,0.100000,0.020000,1,0.398004
28.646137,18.271721,-0.651630,128.656708,-60.700111,35.605789,6835.104492,-3926.556396,1991.112183,0.120039,-0.709177,-0.694737,0.100000,0.020000,1,0.045192
28.845921,18.249615,0.631935,-164.973511,80.227104,-616.712463,-10799.333984,5265.806641,-38482.207031,0.219224,-0.754679,0.618385,0.100000,0.020000,1,0.721793
28.659788,18.117373,-1.423087,9.043505,63.306870,-468.404968,-33186.339844,5293.835938,-11458.666016,0.421245,-0.836812,0.349711,0.100000,0.020000,1,0.790783
28.848246,18.008789,-0.183931,88.492805,-51.024605,-479.122559,5296.104004,-3220.316895,-29791.945312,0.427732,-0.836138,-0.343392,0.100000,0.020000,1,0.132438
29.746468,18.077480,1.974604,281.394104,-116.381363,479.822205,13307.065430,6846.183594,6072.812500,0.110928,-0.683828,0.721161,0.100000,0.020000,1,0.242818
38.305183,12.655652,-2.726991,2723.514648,-1539.982666,-862.808044,73497.507812,-41895.390625,-22879.681641,0.544619,-0.832310,-0.103204,0.100000,0.020000,1,0.509985
31.275484,16.607203,-1.241915,614.558472,-347.016235,-279.469604,28772.833984,-18237.919922,-8160.885254,0.554637,-0.831945,0.015661,0.100000,0.020000,1,0.124235
28.404726,18.264633,1.303458,-168.783844,172.880585,176.749374,-17252.179688,-5303.069336,16568.878906,0.569488,-0.813659,0.116803,0.100000,0.020000,1,0.240024
30.103243,19.526466,-0.199314,346.869995,311.435516,116.078110,9990.691406,9363.624023,2847.729492,-0.115721,-0.597984,-0.793110,0.100000,0.020000,1,0.052950
29.273706,18.263683,-0.379176,-15.189304,-433.958252,-398.734222,245.238785,-26312.234375,-25102.351562,0.452054,-0.761276,-0.464872,0.100000,0.020000,1,0.612268
29.170977,18.173862,1.433619,28.432343,65.059731,332.578369,2552.234375,5241.330078,26140.314453,0.568174,-0.787890,0.237502,0.100000,0.020000,1,0.884809
28.660208,18.265970,-0.380847,-74.139648,46.364510,-46.913185,-6100.752441,3159.868652,-2088.819092,0.228139,-0.682944,-0.693931,0.100000,0.020000,1,0.695476
29.126165,17.877342,-0.697332,-53.750118,39.889954,266.029602,-2851.662598,1661.684204,15938.407227,0.369696,-0.725637,-0.580324,0.100000,0.020000,1,0.059641
28.887217,18.168699,0.249439,256.751526,-420.146606,367.025757,15716.649414,-25780.390625,22535.861328,0.472946,-0.744437,0.471313,0.100000,0.020000,1,0.305401
31.953026,16.216024,0.663544,837.431885,-482.946869,7.440973,43120.324219,-25023.716797,4824.028320,0.597292,-0.775451,-0.204742,0.100000,0.020000,1,0.358109
28.912539,18.109732,0.696191,28.613003,-59.704514,-138.549896,1389.907349,-3657.860596,-7964.233887,0.373245,-0.708117,0.599382,0.100000,0.020000,1,0.189167
29.338499,17.725634,-0.233975,35.311798,-20.353039,71.287018,3528.058350,-2040.423950,4727.460449,0.575034,-0.744351,-0.339525,0.100000,0.020000,1,0.741083
29.156223,17.835045,0.292390,233.849487,-134.100754,-310.969971,15191.270508,-8754.749023,-19756.597656,0.584992,-0.716423,0.380161,0.100000,0.020000,1,0.515715
29.873568,20.316532,1.109297,233.149048,693.131592,283.470306,3298.698242,25480.220703,9681.141602,0.465306,-0.671422,-0.576786,0.100000,0.020000,1,0.111530
29.228910,17.817471,0.400863,49.124100,-114.416840,36.186836,3623.870117,-7264.553223,3071.970947,0.685987,-0.683349,0.249912,0.100000,0.020000,1,0.446263
29.305851,17.957239,-0.043640,-402.503448,-23.382288,-536.451538,-24563.255859,-911.542786,-33231.941406,0.692174,-0.684574,-0.228591,0.100000,0.020000,1,0.731403
29.314682,17.739271,0.320261,-363.114868,213.377243,-446.044159,-23088.787109,11655.001953,-27422.007812,0.709953,-0.692933,0.125743,0.100000,0.020000,1,0.812581
29.124542,17.849047,-0.428132,-80.416039,47.322544,253.419891,-5018.576660,2690.270508,15523.670898,0.719731,-0.687737,-0.094897,0.100000,0.020000,1,0.816656
29.168201,17.911188,0.899137,131.200989,-49.280357,-184.193970,8791.853516,-4308.229980,-10455.391602,0.255807,-0.635585,0.728419,0.100000,0.020000,1,0.289155
29.075212,18.109352,-0.459137,58.195587,-32.252487,-94.526306,3704.450684,-2095.958252,-5427.035156,0.344915,-0.633804,-0.692334,0.100000,0.020000,1,0.259705
28.788361,18.316044,0.376896,29.777330,-4.678112,30.207771,645.200134,930.206665,1327.195190,0.462324,-0.646561,0.606808,0.100000,0.020000,1,0.681525
29.197809,19.354267,0.266635,69.187408,345.880188,131.199707,4733.441406,27892.072266,11024.593750,0.602588,-0.653010,-0.458765,0.100000,0.020000,1,0.669709
28.737879,18.072289,0.413344,187.035812,-101.449219,479.778137,8758.357422,-8137.593750,32356.144531,0.726145,-0.687539,0.001615,0.100000,0.020000,1,0.173348
29.914879,17.734293,0.210037,163.313141,-106.536713,34.312462,3621.711914,-4058.246582,2399.661133,0.598837,-0.637793,0.484370,0.100000,0.020000,1,0.897390
29.325474,17.819738,-0.173787,-151.411896,17.139851,-836.368347,-8796.252930,1061.046143,-52403.277344,0.701235,-0.640023,-0.314071,0.100000,0.020000,1,0.618389
29.153580,18.144823,0.124529,78.216537,-214.951385,-240.622253,4893.974609,-12282.719727,-16010.374023,0.693437,-0.613337,0.378103,0.100000,0.020000,1,0.406901
28.895868,18.634247,-0.515359,-332.500244,-4.659191,185.333344,-21589.138672,1025.915771,12336.919922,0.119425,-0.606078,-0.786389,0.100000,0.020000,1,0.688500
29.148926,18.423359,0.114600,-185.466248,-100.485199,-112.517006,-10290.996094,-6994.653320,-2312.089111,0.357673,-0.592214,0.722047,0.100000,0.020000,1,0.878368
29.034582,18.329853,-0.549009,23.862591,-609.309082,-275.086365,1095.343750,-37250.921875,-17284.263672,0.457444,-0.586373,-0.668515,0.100000,0.020000,1,0.896109
29.641983,17.550303,-2.025080,199.357864,-42.671165,-386.843628,-3276.098877,-9922.822266,-16215.332031,0.599507,-0.578171,-0.553452,0.100000,0.020000,1,0.105124
30.003540,17.341558,0.646163,182.597519,-104.769409,178.624161,14620.019531,-8589.447266,14322.175781,0.818112,-0.567855,-0.090746,0.100000,0.020000,1,0.962625
29.727625,17.835302,0.019756,131.662170,11.601994,-27.223137,10356.396484,1141.246826,-1756.887573,0.827221,-0.560841,0.034107,0.100000,0.020000,1,0.632394
28.351582,18.521957,-0.564948,-255.139618,89.849380,-87.289963,-7772.290527,287.545898,-1890.094482,0.714572,-0.550279,-0.431948,0.100000,0.020000,1,0.270026
29.251614,17.775684,0.009127,-2.915833,2.214360,312.337555,-386.532379,92.384232,18021.160156,0.830652,-0.540216,0.134851,0.100000,0.020000,1,0.581929
29.169632,18.123251,-0.849270,30.958366,-16.368183,-28.987450,2308.196777,-1456.690552,-2623.244385,0.237649,-0.584174,-0.776057,0.100000,0.020000,1,0.593566
29.040422,18.366117,0.511557,-144.120636,104.061813,-83.769661,-9765.538086,8360.846680,-5262.656250,0.593072,-0.542386,0.595050,0.100000,0.020000,1,0.453648
29.044004,17.895546,0.410914,71.577972,14.418112,9.058433,847.387695,-164.293945,4805.602051,0.704619,-0.527673,0.474419,0.100000,0.020000,1,0.663961
29.771763,17.475376,-1.290315,214.419342,-120.406021,-259.188599,12633.395508,-6688.326172,-32127.623047,0.824543,-0.519167,-0.224933,0.100000,0.020000,1,0.309512
29.592022,17.579147,0.758758,-142.294769,82.626877,123.599625,-7796.662598,4281.810059,10061.722656,0.817516,-0.513264,0.261205,0.100000,0.020000,1,0.512031
28.986126,18.252550,0.381213,-75.082397,-304.476379,776.113525,-5504.387695,-18332.748047,48115.300781,0.468420,-0.545875,0.694696,0.100000,0.020000,1,0.581092
29.023109,17.907612,-0.414983,98.531342,-54.841572,-151.389282,4787.446289,-4283.001953,-9416.595703,0.669814,-0.493584,-0.554729,0.100000,0.020000,1,0.569721
29.960310,17.377239,0.558987,133.350052,-77.584579,83.582382,11134.750977,-6563.171387,6330.523438,0.806119,-0.469004,0.360844,0.100000,0.020000,1,0.029426
32.667118,16.456467,-0.358366,1012.963379,-389.407776,119.856049,32501.171875,-12914.309570,-4990.948242,0.816905,-0.472017,-0.331460,0.100000,0.020000,1,0.204826
29.795696,17.887300,-0.572508,106.067474,41.657616,-124.961456,8504.534180,3393.359863,-10356.899414,0.901683,-0.431857,0.021620,0.100000,0.020000,1,0.545788
29.657108,17.830574,-0.208251,66.400909,20.285816,-190.314606,5738.679199,1006.084290,-14976.817383,0.664926,-0.458424,0.589679,0.100000,0.020000,1,0.314299
29.510691,17.720093,-0.304143,-162.160416,-69.123650,-159.822083,-9726.092773,-4311.353027,-11831.209961,0.906003,-0.401843,0.132969,0.100000,0.020000,1,0.040974
28.446678,18.240414,0.743492,-206.506210,127.931183,211.527695,-19433.126953,9492.015625,16562.472656,0.913904,-0.393753,-0.098681,0.100000,0.020000,1,0.568494
28.639954,18.141312,-0.566245,-69.275711,43.779686,-12.709625,-2535.985352,1538.739990,-8287.360352,0.785947,-0.422145,-0.451753,0.100000,0.020000,1,0.147332
29.958721,19.614153,-0.351604,112.238190,386.520691,160.186279,10018.211914,31207.087891,11083.873047,0.557221,-0.465232,-0.687796,0.100000,0.020000,1,0.086493
29.273617,17.796913,0.625398,56.059990,-28.744396,-156.220718,3144.048096,-1907.314697,-9007.002930,0.775450,-0.391216,0.495609,0.100000,0.020000,1,0.380565
29.430132,17.816004,-0.451766,-223.794937,-103.870392,639.414185,-14112.284180,-6132.431641,39220.863281,0.909889,-0.357307,-0.210795,0.100000,0.020000,1,0.167387
29.349791,17.746082,0.497458,-47.834625,30.007851,-67.111305,-3358.258789,2006.343750,-2996.572021,0.905908,-0.351362,0.236380,0.100000,0.020000,1,0.719071
29.336349,17.991320,0.641251,-154.048950,65.161232,-46.229134,-9466.537109,4148.615234,-2704.610352,0.564755,-0.445601,0.694615,0.100000,0.020000,1,0.367095
30.670086,16.962872,-0.050055,613.963379,-352.609741,-42.032162,25606.539062,-14973.626953,33.887939,0.871411,-0.339418,0.354172,0.100000,0.020000,1,0.469040
27.958845,21.696039,-0.887786,-453.901001,1145.416382,-159.366882,-17159.587891,35657.621094,-9153.552734,0.888525,-0.323990,-0.324892,0.100000,0.020000,1,0.256715
29.355217,18.066874,0.260371,217.716583,-525.000977,-331.193298,13029.793945,-31591.759766,-20256.548828,0.959678,-0.252387,0.123766,0.100000,0.020000,1,0.380957
29.795738,17.703133,-0.054044,43.377647,-16.506325,-11.873550,3815.116699,-988.312744,-1000.904480,0.970577,-0.240685,0.007207,0.100000,0.020000,1,0.694532
29.465111,17.792627,-0.565430,85.680527,-119.607162,338.413788,5335.476074,-7516.181641,20604.660156,0.848634,-0.274000,-0.452487,0.100000,0.020000,1,0.888920
29.793299,18.305220,0.349826,-3.123188,-197.978577,-321.480774,795.623108,-9953.034180,-18423.248047,0.968968,-0.219008,-0.114614,0.100000,0.020000,1,0.919580
28.603838,18.271744,1.007928,-137.698029,93.336792,77.583603,-11823.522461,7214.674316,6643.996582,0.619391,-0.366480,0.694296,0.100000,0.020000,1,0.684870
29.464998,18.160400,0.303805,-55.388298,-265.095703,-162.573639,-3342.525391,-15532.176758,-11143.564453,0.733594,-0.307758,0.605909,0.100000,0.020000,1,0.770568
29.872330,17.778252,1.126102,129.391418,17.715149,231.317474,8454.414062,-2163.189453,15597.763672,0.947078,-0.211799,0.241213,0.100000,0.020000,1,0.036846
29.365835,17.720469,-0.046097,277.422516,-156.918976,-309.758179,16655.527344,-9879.878906,-18934.595703,0.953471,-0.197039,-0.228185,0.100000,0.020000,1,0.529577
29.603739,17.728407,-0.374171,51.269470,-26.635933,21.643009,4293.712891,-2447.618652,1320.972656,0.743367,-0.313542,-0.590844,0.100000,0.020000,1,0.050975
28.618513,18.230339,3.153833,-185.996643,116.791718,723.574829,-15469.286133,9183.326172,57143.812500,0.843512,-0.238685,0.481162,0.100000,0.020000,1,0.138809
28.519062,18.216831,-0.739849,-119.023743,74.235687,-41.122124,-11904.681641,6680.150879,-4522.343750,0.925310,-0.190074,-0.328136,0.100000,0.020000,1,0.142350
29.349712,18.211802,-1.230180,-73.428139,182.462448,-121.605728,-5268.304199,7751.074219,-2430.178711,0.629879,-0.345288,-0.695721,0.100000,0.020000,1,0.082863
29.670988,18.019958,-0.448224,-458.372437,-359.842407,138.635712,-28353.949219,-21943.121094,8847.512695,0.806889,-0.202860,-0.554778,0.100000,0.020000,1,0.986577
29.152424,17.832951,-0.704797,-12.844849,33.519897,-77.090515,-2548.043945,2089.088379,-1799.554688,0.918507,-0.134477,0.371834,0.100000,0.020000,1,0.784039
29.672085,17.862188,-0.049360,0.373470,-1.908611,2.761897,31.101822,528.399841,284.732391,0.992107,-0.088147,-0.089187,0.100000,0.020000,1,0.192940
29.233927,17.785894,1.630641,-67.512901,126.424484,429.103058,-13731.888672,-9837.381836,48.500000,0.996261,-0.082537,0.025524,0.100000,0.020000,1,0.181338
28.540001,20.411667,-0.865478,-327.403778,692.752258,-157.974213,-1617.587891,43156.589844,-13002.244141,0.883711,-0.129402,-0.449789,0.100000,0.020000,1,0.644387
29.495777,17.835073,0.346618,50.918182,29.299763,-89.370956,2402.764893,2343.980713,-4714.716797,0.987104,-0.063302,0.147029,0.100000,0.020000,1,0.690404
29.465311,17.652306,0.400229,-13.104393,53.936722,-40.922577,-7231.328125,-6050.947754,-3743.868652,0.881344,-0.105346,0.460581,0.100000,0.020000,1,0.318089
29.452126,18.743122,1.019850,-60.560150,243.645416,253.206161,9447.780273,16487.292969,765.073242,0.967853,-0.045438,0.247376,0.100000,0.020000,1,0.171711
29.330248,17.897095,-0.808260,61.196762,-29.468796,-16.910225,4225.200195,-2709.487793,-1644.535034,0.424210,-0.444912,-0.788733,0.100000,0.020000,1,0.201357
29.325491,17.765432,-0.227211,19.885582,-116.660828,133.995728,1854.376099,-4334.074707,4655.982422,0.700323,-0.227958,-0.676448,0.100000,0.020000,1,0.550236
29.528681,18.170216,0.434499,66.465942,2.605331,66.345383,4052.613037,1449.689331,3883.548828,0.785913,-0.160801,0.597063,0.100000,0.020000,1,0.548244
29.728540,17.786514,-0.392953,-105.356857,-13.853411,184.099945,-6598.136230,-653.506592,10742.097656,0.976165,-0.028990,-0.215086,0.100000,0.020000,1,0.116014
29.684793,17.856853,-0.150804,-19.724712,68.884644,-125.027466,-1354.878784,4757.124512,-7379.369629,0.946420,-0.026903,-0.321816,0.100000,0.020000,1,0.194239
30.052132,18.374294,1.077424,148.161926,77.158646,193.295319,10727.748047,7395.424316,15469.859375,0.937653,-0.010316,0.347421,0.100000,0.020000,1,0.121245
29.716045,17.663031,0.661276,66.629517,-21.560776,1.912646,5117.688477,-2526.517578,381.635956,0.677817,-0.209314,0.704806,0.100000,0.020000,1,0.880806
29.373106,17.909401,-1.115743,-58.571228,-36.713406,-134.528839,-4535.605957,-2299.354004,-10822.801758,0.741911,-0.135779,-0.656606,0.100000,0.020000,1,0.136673
29.415237,17.937847,-0.521807,-282.559021,-545.809082,-182.770142,-18842.505859,-34105.417969,-11710.135742,0.822800,-0.058985,-0.565262,0.100000,0.020000,1,0.254384
31.454803,16.503672,1.553365,549.579712,-291.427826,403.744934,9512.578125,-14135.738281,24414.187500,0.985821,0.101904,0.133315,0.100000,0.020000,1,0.703430
29.394472,17.759871,-0.316535,217.223251,-105.211632,111.884491,11880.361328,-6595.609863,5691.872070,0.994319,0.105594,0.013401,0.100000,0.020000,1,0.626504
29.719316,18.034399,0.379176,-80.838562,-219.922607,268.032715,-4851.331543,-13214.793945,16387.185547,0.801529,-0.049688,0.595887,0.100000,0.020000,1,0.694212
29.809338,17.728809,0.437516,-126.345306,76.327942,-20.435680,-7727.317871,4417.938477,-1108.772461,0.885130,0.036415,0.463917,0.100000,0.020000,1,0.098540
30.312763,18.139847,-0.572542,119.142517,44.330505,-54.812302,9804.348633,4156.476562,-4321.739746,0.900836,0.051489,-0.431095,0.100000,0.020000,1,0.131193
30.180117,18.094843,-0.105969,75.884163,53.368790,-6.846893,3722.189453,3254.034180,4772.777344,0.985515,0.134081,-0.103842,0.100000,0.020000,1,0.809912
29.076826,18.179279,0.005876,-96.696587,30.847633,-27.731426,-484.595703,162.776855,-933.702515,0.963110,0.143713,-0.227519,0.100000,0.020000,1,0.738538
29.640869,17.850685,-0.076139,173.992035,-44.527542,186.173859,8722.550781,-4398.889648,12052.468750,0.956026,0.144794,0.255045,0.100000,0.020000,1,0.675172
29.757280,17.694157,-0.365675,-339.228638,201.704498,-137.598206,-21821.558594,12252.956055,-9065.984375,0.934560,0.148868,-0.323166,0.100000,0.020000,1,0.381847
30.234735,18.230812,0.102956,98.856422,90.477173,-66.738174,4359.017578,1823.901123,-2005.724609,0.913661,0.157280,0.374815,0.100000,0.020000,1,0.591395
29.733284,17.737478,-0.534201,19.199696,7.625189,-58.839706,284.792145,161.783691,-5561.777832,0.959001,0.261881,-0.108325,0.100000,0.020000,1,0.274510
29.465172,18.397387,-0.557939,50.417351,10.186348,-1.849307,3398.161621,2176.542480,340.693756,0.553664,-0.276508,-0.785493,0.100000,0.020000,1,0.978177
29.970707,18.012838,0.001239,-55.166603,-50.094284,369.813416,-3432.583496,-2436.097412,22504.501953,0.932026,0.273646,0.237583,0.100000,0.020000,1,0.829468
29.940361,18.069197,0.266249,68.229843,-153.186371,-205.056793,4158.819336,-8673.204102,-12336.116211,0.946385,0.289989,0.142344,0.100000,0.020000,1,0.040636
29.757477,18.275898,0.679653,48.914589,60.984413,27.117279,3739.982910,5182.705566,2010.297241,0.692555,-0.089359,0.715809,0.100000,0.020000,1,0.018446
29.742876,17.741831,0.467583,-193.565155,-34.053917,66.647415,-12441.464844,-2848.356934,4092.665039,0.804867,0.113627,0.582476,0.100000,0.020000,1,0.712789
29.462585,18.159201,-0.589371,-125.486511,-143.344101,-8.446598,-9346.263672,-7988.006836,-963.519226,0.810999,0.120746,-0.572452,0.100000,0.020000,1,0.292393
29.788687,18.691856,0.156863,-747.496338,-29.688557,198.436523,-47573.859375,1520.934448,11540.415039,0.863885,0.200538,0.462047,0.100000,0.020000,1,0.396883
29.562559,17.846388,-0.776717,-28.626610,30.667225,-78.630203,-3167.213867,1830.718018,-6647.439941,0.874492,0.204525,-0.439809,0.100000,0.020000,1,0.122011
29.392323,17.694445,-0.822735,-151.119614,134.657578,-373.085938,-12913.486328,-2726.172607,-19937.576172,0.927121,0.296804,-0.228811,0.100000,0.020000,1,0.629725
29.361145,19.126171,1.302398,-65.328674,264.377686,176.632782,-5467.456543,21565.687500,14109.115234,0.714896,0.002006,0.699228,0.100000,0.020000,1,0.330669
30.518944,18.256371,-1.696021,213.018188,53.281883,-241.329285,16826.003906,4636.718262,-19901.083984,0.731295,0.030323,-0.681387,0.100000,0.020000,1,0.219098
30.022894,17.995955,0.144320,66.314857,-27.767979,-391.617981,4239.450195,-1113.446655,-24152.970703,0.943250,0.331920,0.010380,0.100000,0.020000,1,0.221269
30.457176,18.554945,-2.054445,122.405365,99.236908,-494.676331,7964.615723,9174.399414,-16683.484375,0.883792,0.320938,-0.340456,0.100000,0.020000,1,0.405976
29.896093,18.086105,0.423463,85.969482,79.240997,-228.481262,5014.340332,5747.510742,-13968.358398,0.866490,0.334378,0.370656,0.100000,0.020000,1,0.618300
29.450762,18.099529,-0.917870,-21.471867,34.863174,-34.686577,-1579.866943,2536.287354,-3239.176025,0.593704,-0.178477,-0.784641,0.100000,0.020000,1,0.769732
29.518351,18.337368,-0.365051,-138.806091,-63.427284,-154.035187,-10387.609375,-2366.180664,-9298.039062,0.797816,0.248559,-0.549280,0.100000,0.020000,1,0.341506
29.836535,17.788824,-0.301725,-64.559189,-44.570484,-12.535969,-870.017334,-1959.383545,-1843.476196,0.879200,0.429738,-0.205748,0.100000,0.020000,1,0.246697
29.963842,18.100231,-0.451946,-16.245689,54.442444,-99.214600,-1565.610962,4222.692871,-7851.470703,0.891327,0.445434,-0.084403,0.100000,0.020000,1,0.484326
30.079685,18.193594,0.088249,76.795258,-14.587034,22.031246,4758.566895,243.203323,1716.847290,0.890373,0.455073,0.011989,0.100000,0.020000,1,0.539044
29.993341,18.009245,-0.293478,-70.578018,-178.764221,-350.453949,-4517.140137,-11028.811523,-21807.800781,0.825313,0.361739,-0.433593,0.100000,0.020000,1,0.617144
30.088961,17.898012,0.112030,25.141521,-7.089659,-11.701511,1585.380859,-618.415344,-1125.594971,0.860276,0.449356,0.240843,0.100000,0.020000,1,0.975437
30.106941,18.101673,0.109211,-18.416119,-3.000013,-7.434202,-1164.247681,531.378967,-432.817810,0.876561,0.466531,0.118274,0.100000,0.020000,1,0.909615
29.095417,18.509502,-0.060597,-143.963104,14.290779,49.119354,-12004.076172,3077.890869,5283.053223,0.715034,0.134530,-0.686024,0.100000,0.020000,1,0.345635
30.221041,17.736992,0.442970,75.258926,-112.885529,16.469891,6052.254395,-8134.219727,785.253784,0.761812,0.260793,0.592984,0.100000,0.020000,1,0.471033
30.061871,18.165802,0.694823,55.015305,-42.611374,29.639511,4611.668457,-1998.670898,2286.378662,0.700823,0.133422,0.700747,0.100000,0.020000,1,0.950418
30.051252,18.047331,0.319249,-88.028748,-248.871552,96.214050,-6225.915527,-12697.134766,5788.426270,0.787123,0.375574,0.489267,0.100000,0.020000,1,0.590043
30.043444,18.305069,0.442485,-111.721268,-389.665222,-321.908386,-7223.288086,-23218.902344,-19720.015625,0.817945,0.454997,0.352057,0.100000,0.020000,1,0.672965
30.355206,17.448990,-0.071580,79.503418,-165.621643,22.764366,6131.043945,-12650.861328,2345.810547,0.820303,0.459725,-0.340229,0.100000,0.020000,1,0.995189
30.165007,18.257172,-0.167323,24.433048,5.749500,423.612000,1484.456299,1455.726929,25993.867188,0.824078,0.566330,0.012844,0.100000,0.020000,1,0.892906
29.662035,18.497570,0.523504,-71.181046,75.853882,53.891350,-5850.447754,6723.577148,3503.600098,0.722796,0.363996,0.587428,0.100000,0.020000,1,0.101885
30.344423,17.615107,1.344277,101.792511,-152.416595,443.487061,7826.573242,-11352.312500,35587.183594,0.734984,0.387291,-0.556601,0.100000,0.020000,1,0.941823
28.579456,20.242180,-1.929810,-415.760681,587.234558,-440.870911,-13989.670898,22938.566406,-19072.726562,0.752945,0.481295,-0.448808,0.100000,0.020000,1,0.937695
30.090527,18.624424,1.334777,1.848635,94.151154,439.541870,-287.104767,8399.056641,34070.890625,0.780872,0.588023,-0.210871,0.100000,0.020000,1,0.711295
30.153971,18.135357,0.091449,-85.107788,203.960571,49.956169,-5552.943848,13303.821289,3026.376221,0.788544,0.598033,0.143369,0.100000,0.020000,1,0.249598
29.970915,18.164593,-0.040351,6.096392,-1.785342,-24.407356,-595.933167,435.271484,-1419.906250,0.790034,0.607624,-0.081485,0.100000,0.020000,1,0.500127
29.960758,18.254135,-0.449945,-216.060730,-229.668762,-115.142166,-13320.519531,-13606.027344,-6719.708496,0.684563,0.252186,-0.683942,0.100000,0.020000,1,0.366988
30.109486,18.311195,0.455369,155.211075,32.801819,-385.104797,9862.391602,3160.578369,-24062.968750,0.737389,0.488116,0.466905,0.100000,0.020000,1,0.057417
30.101469,18.477678,0.337701,92.594131,97.108459,-51.475952,6762.672363,7917.640625,-4304.985352,0.673795,0.251486,0.694806,0.100000,0.020000,1,0.852708
30.334093,19.232267,0.962234,162.857025,265.503113,116.806442,6794.255859,8478.148438,-4809.729492,0.734396,0.592527,-0.331020,0.100000,0.020000,1,0.035974
30.133698,18.366247,0.379865,-24.444550,-389.912598,-130.318039,-1756.038208,-23494.255859,-7917.914062,0.710766,0.604104,0.360376,0.100000,0.020000,1,0.406225
29.923384,18.354069,-0.549616,55.270081,-5.575348,98.415169,2836.846924,698.516968,5882.309570,0.674616,0.487823,-0.554005,0.100000,0.020000,1,0.702842
29.752527,18.273870,0.061611,-14.380836,46.374557,-244.632355,-3115.592773,3435.248047,-14868.311523,0.680313,0.727512,-0.088883,0.100000,0.020000,1,0.970277
29.844955,18.616947,0.031468,2.559019,73.689667,152.081207,-440.780457,6747.733398,12102.604492,0.633249,0.390965,-0.667939,0.100000,0.020000,1,0.698643
29.365095,18.120790,0.575915,174.799469,-57.522835,-179.493530,8051.640137,-3678.379639,-11000.930664,0.641553,0.495923,0.585209,0.100000,0.020000,1,0.264509
29.551954,18.386885,1.087150,-170.721237,94.572845,189.730011,-2646.723145,1271.251221,6448.435547,0.648225,0.597333,0.472226,0.100000,0.020000,1,0.067666
30.233007,18.356731,-0.385043,-259.033875,-90.305969,343.651245,-16154.137695,-4845.925293,21625.273438,0.651592,0.621790,-0.434517,0.100000,0.020000,1,0.357877
29.392788,18.128319,-0.116084,-26.100815,52.407188,526.950317,-5357.926758,3164.884766,32284.572266,0.668811,0.730415,0.138515,0.100000,0.020000,1,0.251519
30.274620,18.367575,-0.156241,-64.225540,-4.487900,-17.977875,-4063.192139,503.884216,-1042.176758,0.649082,0.731168,-0.209967,0.100000,0.020000,1,0.400139
30.761576,18.512722,1.278926,136.741806,215.316513,216.283630,936.025391,7830.735840,7883.367188,0.621107,0.387365,0.681303,0.100000,0.020000,1,0.890717
31.326153,17.823973,0.514512,366.711792,-205.987167,110.604347,9836.139648,-2869.053711,2119.154785,0.694338,0.665395,0.274123,0.100000,0.020000,1,0.151941
30.331774,18.456787,-0.142520,37.233604,-201.619675,363.627014,2586.050537,-11635.734375,21462.812500,0.630136,0.734528,0.251788,0.100000,0.020000,1,0.500251
29.591465,17.579472,-0.281573,-204.359375,118.579269,-253.863983,-13874.171875,5154.858398,-14470.840820,0.612193,0.151730,-0.776014,0.100000,0.020000,1,0.260381
30.400373,17.112446,-1.884867,195.386215,-52.610992,-421.705322,6119.989258,-14680.988281,-18240.126953,0.604400,0.733538,-0.310844,0.100000,0.020000,1,0.220806
30.723236,18.013733,-0.405557,121.377838,-131.393250,-88.179108,9394.776367,-9076.399414,-7283.673340,0.634314,0.773048,0.006462,0.100000,0.020000,1,0.061082
30.325804,18.566538,0.256315,-117.939575,-145.457794,10.528479,-7191.204102,-7796.554199,508.486206,0.583188,0.735142,0.345627,0.100000,0.020000,1,0.258548
29.689898,18.354477,-0.705123,-145.359863,-20.289610,-157.094635,-11861.940430,-892.140991,-12919.269531,0.574276,0.818506,0.015962,0.100000,0.020000,1,0.930061
29.494156,18.043983,-0.891059,-126.780617,-215.289154,-58.752754,453.085449,-8210.890625,3632.761230,0.566962,0.608263,-0.555491,0.100000,0.020000,1,0.297607
30.261707,18.555347,-0.116629,-72.288574,-90.401215,-8.437401,-4881.491699,-4586.456543,-692.244568,0.546945,0.832065,-0.092297,0.100000,0.020000,1,0.700760
29.998730,18.263680,-0.646480,-51.363197,-32.890739,12.661124,-3534.980713,-1810.118652,419.381866,0.562892,0.505526,-0.653908,0.100000,0.020000,1,0.456886
29.992792,18.671936,0.299842,181.122131,-67.677536,338.987671,10450.067383,-2565.841309,21002.767578,0.540065,0.702181,0.463974,0.100000,0.020000,1,0.100123
30.503874,18.820431,-1.105876,46.735870,210.208038,-196.478302,4045.831299,15591.405273,-15476.897461,0.543255,0.717777,-0.435511,0.100000,0.020000,1,0.983178
31.388411,18.359608,-0.176929,358.470581,-30.848564,89.345078,27054.074219,-1727.595947,5623.426758,0.522319,0.828063,-0.203702,0.100000,0.020000,1,0.310757
29.857393,18.806894,-0.224279,-106.667076,81.321045,-92.916885,-3717.069336,2454.270264,-3257.837158,0.521704,0.842527,0.134065,0.100000,0.020000,1,0.006987
30.153248,18.487324,0.491036,24.973028,65.368973,76.932861,1658.197876,5175.028320,4779.195801,0.542048,0.588811,0.599572,0.100000,0.020000,1,0.164024
30.238775,18.520840,-0.389364,-9.832199,-32.263420,80.533783,-902.980469,-1195.923218,4567.858887,0.501365,0.806607,-0.313079,0.100000,0.020000,1,0.117544
29.889433,18.301117,-0.789291,5.445541,-22.340839,176.478668,410.020233,-699.994568,10572.237305,0.580569,0.266962,-0.769202,0.100000,0.020000,1,0.129360
29.525982,18.126770,0.351211,177.870056,-80.246857,218.793915,9262.615234,-4028.367920,10458.118164,0.527384,0.491964,0.692703,0.100000,0.020000,1,0.327555
29.816031,18.300043,0.196372,-258.202393,-93.408447,-123.952301,-18357.591797,-6164.846680,-8223.579102,0.452321,0.822981,0.343667,0.100000,0.020000,1,0.446156
30.077999,18.410522,-0.527367,-22.102104,-18.560852,7.222506,-1535.144775,-615.885742,575.066101,0.489383,0.576597,-0.654248,0.100000,0.020000,1,0.353624
28.715000,18.602644,-1.219470,-395.611694,-0.004501,-349.821899,-33031.691406,6174.288086,-13917.238281,0.412433,0.907319,-0.081682,0.100000,0.020000,1,0.699906
30.325336,18.192436,0.014228,48.868294,-11.317032,-1.608669,2885.650879,-1655.246582,-150.275360,0.412370,0.910506,0.030471,0.100000,0.020000,1,0.824023
29.937515,18.331581,-0.314193,30.806030,-9.350525,-81.430344,815.776611,-650.489624,-4481.702148,0.442141,0.704480,-0.555174,0.100000,0.020000,1,0.349496
29.797443,18.976641,-0.076369,-394.486389,-561.542664,23.062187,-26941.197266,-33024.871094,2649.290283,0.408381,0.807287,-0.426042,0.100000,0.020000,1,0.899348
30.341919,18.538536,0.368372,38.912483,-18.252277,127.928040,2393.699951,-740.258118,10365.952148,0.382533,0.899365,-0.211689,0.100000,0.020000,1,0.348766
30.235243,18.482277,0.252769,-72.610809,-41.897896,-4.161345,-4981.511719,-2231.405518,-217.188400,0.437665,0.852879,0.284687,0.100000,0.020000,1,0.103344
29.996176,18.673098,0.386544,-15.540665,1.024315,0.158843,-2117.245850,1204.714722,-34.622349,0.399921,0.788347,0.467517,0.100000,0.020000,1,0.985758
30.356277,19.152691,-0.269777,105.631119,107.906082,-113.737488,6603.084473,9682.922852,-8787.636719,0.358590,0.923611,0.135485,0.100000,0.020000,1,0.762454
32.001148,19.045284,1.224099,593.338745,146.890076,202.720123,16775.328125,5292.038574,6765.669922,0.422408,0.685999,0.592433,0.100000,0.020000,1,0.207585
30.305540,18.665400,0.260319,19.059074,-14.698196,7.954231,1006.777344,-147.222839,688.203918,0.338127,0.906186,0.253962,0.100000,0.020000,1,0.407239
30.071987,18.495316,0.536818,-26.077602,89.957809,29.354549,-1768.537598,6421.766602,1658.102051,0.441873,0.577269,0.686664,0.100000,0.020000,1,0.265933
29.169632,18.707209,0.750169,-180.522736,-54.428131,17.068985,-2898.882324,-2892.462646,-3754.190430,0.312376,0.886307,0.341879,0.100000,0.020000,1,0.503597
30.381678,19.028578,-1.383565,97.099579,185.726074,-335.681396,8180.394531,16040.009766,-13480.304688,0.309153,0.898279,-0.312281,0.100000,0.020000,1,0.102810
29.585583,18.077621,-0.903671,-6.875038,23.591818,-35.699181,-2203.397949,676.264404,-3344.022217,0.464386,0.460654,-0.756402,0.100000,0.020000,1,0.825981
28.933235,19.118570,2.260910,-329.941803,-44.368919,754.276062,-14452.690430,-2768.662109,28333.472656,0.280735,0.850542,-0.444710,0.100000,0.020000,1,0.355618
30.264906,18.827976,0.205576,-154.765732,135.192993,-319.149292,-10237.746094,9552.225586,-19731.701172,0.227848,0.965566,0.125568,0.100000,0.020000,1,0.634209
30.283297,18.756836,0.067452,-21.432545,42.890480,-30.284771,-1771.573242,3402.552490,-1708.828003,0.222804,0.974608,0.022280,0.100000,0.020000,1,0.127918
30.430704,17.534918,-1.262531,172.119568,-78.686676,-126.835724,12932.949219,-7798.494141,-10506.461914,0.508650,0.360863,-0.781699,0.100000,0.020000,1,0.887603
30.251387,18.641335,-0.314911,-101.543655,-79.421524,75.232857,-6262.622559,-4292.448730,1359.801514,0.307746,0.751293,0.583824,0.100000,0.020000,1,0.755158
30.101341,18.718388,-0.669046,-143.061966,-316.506317,616.901855,-9579.543945,-18955.810547,38122.683594,0.307318,0.771242,-0.557442,0.100000,0.020000,1,0.032789
30.802378,18.584301,1.112315,183.170685,26.042278,198.697815,13410.452148,1569.577637,16375.168945,0.202757,0.951941,0.229559,0.100000,0.020000,1,0.603175
31.103048,18.244692,-1.167879,256.986603,-182.128357,-285.704468,7702.475098,-10063.765625,-12572.039062,0.199461,0.975879,-0.088748,0.100000,0.020000,1,0.602196
30.769402,17.779951,-0.874097,176.636963,-200.675873,-59.291702,13758.604492,-15328.480469,-5010.870117,0.344177,0.656167,-0.671556,0.100000,0.020000,1,0.106316
30.157747,18.693308,0.412309,-169.484772,160.031921,31.833633,-11188.603516,10731.152344,2006.195679,0.243373,0.839297,0.486158,0.100000,0.020000,1,0.899152
30.325783,18.862291,-0.292936,-250.996796,-195.224472,142.379929,-15984.776367,-11304.875977,8564.952148,0.184074,0.956608,-0.225870,0.100000,0.020000,1,0.126442
30.065380,18.701738,0.709977,-205.391724,-85.574539,39.487183,-13194.414062,-4226.594238,2967.049072,0.332584,0.629812,0.701943,0.100000,0.020000,1,0.414678
28.086363,18.468382,0.782434,-552.856079,-99.661148,422.110443,-27936.421875,4064.084473,8864.343750,0.273872,0.713201,-0.645243,0.100000,0.020000,1,0.149877
30.304695,17.853306,-0.183923,34.719070,-249.323303,-190.548187,3799.457520,-16654.445312,-14668.515625,0.143996,0.925442,0.350461,0.100000,0.020000,1,0.580469
30.186501,18.985909,-0.461554,1.026863,-172.275574,343.241394,-538.113647,-9480.933594,20901.349609,0.137648,0.934607,-0.327969,0.100000,0.020000,1,0.620151
29.563007,17.800144,0.018100,75.484406,18.311386,277.628937,1970.505493,-2066.289795,15586.265625,0.198325,0.799427,0.567084,0.100000,0.020000,1,0.976078
30.300837,18.925877,-0.032149,-73.973221,-203.093536,110.024109,-4944.898926,-11994.121094,6737.159180,0.063950,0.997740,0.020643,0.100000,0.020000,1,0.753219
29.401100,18.108234,-0.530873,156.709061,-61.243362,-53.460220,7200.983398,-4914.069336,-2890.955322,0.378301,0.527065,-0.760980,0.100000,0.020000,1,0.260043
29.938282,18.527298,-0.421618,51.734177,-20.101349,62.853653,2019.753418,-1562.517578,4183.897949,0.170329,0.812718,-0.557205,0.100000,0.020000,1,0.799360
30.257988,18.759001,-0.367749,-49.092285,-88.822632,-2.172852,-3233.672607,-5204.833008,-124.865089,0.113838,0.892580,-0.436282,0.100000,0.020000,1,0.922623
30.252678,19.112165,-0.194906,36.310696,6.996887,-8.717808,1848.918945,1966.227905,-1019.455872,0.040362,0.994441,-0.097255,0.100000,0.020000,1,0.374319
30.240625,18.989670,0.073659,-47.551506,-137.524063,-72.447205,-3473.047119,-7676.404785,-4768.483398,0.036522,0.989226,0.141770,0.100000,0.020000,1,0.256733
32.238464,19.902252,-1.648196,613.552429,263.648438,-528.158691,20155.121094,13161.346680,-19036.712891,0.020495,0.965842,0.258320,0.100000,0.020000,1,0.333659
30.225708,19.040201,-0.131051,-22.017658,-81.214203,-50.645317,-1857.842896,-3957.105225,-2958.575439,0.019428,0.975007,-0.221324,0.100000,0.020000,1,0.710102
29.060505,17.886019,2.132760,-36.017273,97.787369,391.598175,-10419.009766,-9444.515625,14490.153320,0.230411,0.684457,0.691686,0.100000,0.020000,1,0.280880
30.062901,19.476509,0.520815,5.900028,117.598480,23.338940,-479.006348,10692.583008,1954.113037,0.071874,0.875676,0.477521,0.100000,0.020000,1,0.468933
29.007330,18.084831,0.335936,526.893066,-253.258698,-41.908348,27885.378906,-18873.238281,-2548.310303,-0.011233,0.929731,0.368067,0.100000,0.020000,1,0.557407
29.862803,19.087999,-0.185154,84.410805,69.861359,-97.847122,3488.497070,5695.160645,-5762.713867,-0.013353,0.942348,-0.334366,0.100000,0.020000,1,0.622073
29.998947,18.853643,-0.385061,62.158211,0.061987,-124.969849,2971.257812,657.693115,-7538.769531,0.056350,0.832198,-0.551607,0.100000,0.020000,1,0.449644
29.822523,18.839844,-0.238352,-109.659615,-66.719971,35.231186,-1072.170166,330.985107,2651.694580,-0.016348,0.904454,-0.426259,0.100000,0.020000,1,0.135214
30.295700,18.984657,0.067022,-621.475769,-49.365746,-325.108948,-39337.886719,-2585.863281,-20705.464844,-0.093916,0.986951,0.130800,0.100000,0.020000,1,0.566180
30.183342,19.071619,-0.013320,-62.455399,-78.899063,26.889198,-4549.669922,-4098.371094,1571.965820,-0.095019,0.995282,0.019613,0.100000,0.020000,1,0.910291
29.624063,17.641382,-0.719872,-25.223007,39.027119,35.317825,-3489.152100,-962.727051,1903.637695,0.274415,0.594862,-0.755537,0.100000,0.020000,1,0.707985
30.854504,19.277456,-1.043657,207.783722,57.106194,-211.995544,15374.338867,5233.293457,-17407.951172,-0.129705,0.987060,-0.094277,0.100000,0.020000,1,0.426208
29.288935,21.867296,0.082292,-220.940704,969.081787,96.794304,-10879.375977,42945.519531,1262.312500,0.126019,0.724188,0.677990,0.100000,0.020000,1,0.199826
29.756132,18.097776,0.854007,25.460289,32.160934,-546.889587,-249.346420,-557.901367,-33037.625000,0.026203,0.808724,0.587605,0.100000,0.020000,1,0.883920
30.045752,19.030111,0.257684,29.852262,-85.975922,-37.955399,855.502258,-4822.680176,-2166.130371,-0.133939,0.961835,0.238605,0.100000,0.020000,1,0.931200
31.322462,18.804245,0.069344,324.624420,-70.167511,34.623932,16211.916992,-4122.334473,8857.202148,-0.144554,0.965143,-0.218179,0.100000,0.020000,1,0.595737
29.864700,18.797230,-0.542767,0.187378,7.020988,-7.267567,-1192.189697,1098.461060,-334.570435,0.097259,0.732505,-0.673778,0.100000,0.020000,1,0.592267
31.436903,18.463278,0.775919,397.220581,-180.696503,83.587479,30131.617188,-12902.085938,6787.981934,-0.082229,0.869291,0.487413,0.100000,0.020000,1,0.681525
28.457699,20.139103,-0.744005,-455.398743,273.656403,-148.923874,-30401.810547,15442.894531,-4802.360352,-0.173252,0.934071,-0.312243,0.100000,0.020000,1,0.801353
30.155672,18.821047,-0.237671,-128.552551,159.322754,-66.615944,-8290.405273,10101.556641,-3259.380615,-0.078528,0.834093,-0.546006,0.100000,0.020000,1,0.855946
30.113785,19.133902,0.333492,-9.405758,1.491619,22.132587,-1111.028564,1009.904602,1470.309937,-0.182993,0.910072,0.371863,0.100000,0.020000,1,0.443042
30.100443,19.082832,-0.011469,7.591333,-59.007271,-103.698151,-207.687668,-3355.779785,-6596.086914,-0.263747,0.964592,0.000748,0.100000,0.020000,1,0.402648
30.089130,19.087147,-0.365895,-19.002636,-19.163639,-5.904420,-1707.716309,-450.997253,-323.941895,-0.180906,0.877388,-0.444369,0.100000,0.020000,1,0.727203
29.872692,18.355206,1.898180,23.976959,-286.722778,577.968140,-10766.080078,1911.834961,21163.287109,-0.278890,0.951056,0.133087,0.100000,0.020000,1,0.618069
30.047119,18.760534,-0.722633,15.646370,-33.661758,-30.389172,1156.962036,-2020.749146,-1904.996582,-0.009418,0.751553,-0.659605,0.100000,0.020000,1,0.610844
30.396669,19.112432,0.727112,93.501877,10.934498,42.542511,6860.015625,1873.720947,3657.633789,-0.108850,0.805920,0.581931,0.100000,0.020000,1,0.750122
32.536198,17.625204,0.637716,751.469788,-507.480377,233.295670,23323.966797,-9062.188477,1664.162598,-0.300787,0.948759,-0.096863,0.100000,0.020000,1,0.115053
30.197384,19.105923,-0.558977,134.285675,-53.300591,-14.363281,9653.394531,2766.953369,-6693.596680,-0.303583,0.930823,-0.203484,0.100000,0.020000,1,0.489699
30.711235,18.979868,0.260832,195.513840,-63.374931,-45.134338,8787.932617,26.816895,-1345.590210,-0.223063,0.858127,0.462452,0.100000,0.020000,1,0.137794
30.204895,21.433327,-1.194178,73.830139,630.023010,-265.010193,-2665.590820,31472.632812,-10994.295898,-0.303295,0.903320,-0.303357,0.100000,0.020000,1,0.811602
30.561428,19.043240,0.054358,376.383179,151.404266,21.866234,25218.435547,9632.280273,704.920044,-0.313885,0.914810,0.254164,0.100000,0.020000,1,0.121583
29.549767,17.853840,-0.750161,-403.094482,308.573944,32.022583,-27635.419922,16511.398438,1609.640381,0.159143,0.621642,-0.766964,0.100000,0.020000,1,0.887265
29.930540,18.772861,0.651508,-79.667236,2.720224,-38.206665,-5812.299805,276.867676,-2127.142334,-0.032881,0.726228,0.686667,0.100000,0.020000,1,0.193420
28.909866,18.201767,0.585384,-341.770508,-343.456024,96.612122,-5411.005859,-3845.111328,-986.268555,-0.336943,0.875820,0.345556,0.100000,0.020000,1,0.952055
30.001413,18.964598,-0.702374,-93.946869,34.039108,200.968506,-6388.365723,2724.519043,12088.341797,-0.123169,0.742401,-0.658536,0.100000,0.020000,1,0.117082
29.985260,19.368450,0.052485,7.359079,3.574108,-7.659058,-305.361603,1276.445068,-687.224243,-0.429097,0.895364,0.119163,0.100000,0.020000,1,0.500928
29.975368,19.118732,-0.132853,-58.294403,-50.459091,11.744858,-4476.147461,-3213.073975,493.600403,-0.439591,0.894015,-0.086586,0.100000,0.020000,1,0.587978
30.115221,19.469727,0.193492,-11.167463,11.092537,-19.963032,-912.327393,2114.806396,-540.245911,-0.446357,0.894506,0.024997,0.100000,0.020000,1,0.576377
29.307613,19.878593,1.099281,-107.628052,234.227844,123.172668,-8348.263672,13010.699219,12420.538086,-0.235686,0.781920,0.577108,0.100000,0.020000,1,0.788132
29.499908,19.600204,-0.275805,-139.501312,145.384872,74.279419,-11449.875977,11585.041016,5140.548828,-0.336458,0.826184,-0.451902,0.100000,0.020000,1,0.291432
29.309246,18.599491,-0.152395,-389.444458,17.355026,125.763077,-21861.244141,5548.733398,4874.260742,-0.450534,0.867878,-0.209301,0.100000,0.020000,1,0.657875
29.958130,18.906118,0.708251,-2.779060,60.036087,-108.790939,-727.238037,4083.903564,-6314.385742,-0.139425,0.721767,0.677948,0.100000,0.020000,1,0.799289
30.999723,16.766411,0.137699,533.147156,-279.966187,-11.163120,11440.447266,-15706.687500,-3271.216553,-0.259673,0.781730,-0.566981,0.100000,0.020000,1,0.342752
29.422310,19.031044,-0.058984,278.875885,-129.232574,199.233978,14666.988281,-8584.308594,11428.499023,-0.460727,0.850509,0.253702,0.100000,0.020000,1,0.575077
29.845545,18.203436,0.326613,146.434891,92.065842,167.274323,3658.483887,1514.659424,2634.456787,-0.373290,0.795439,0.477421,0.100000,0.020000,1,0.729783
32.594620,19.594917,-0.663812,765.492798,301.856781,-175.792450,20819.408203,15324.201172,-6768.143555,-0.476616,0.820105,-0.316646,0.100000,0.020000,1,0.146033
29.623028,19.014034,-0.655916,466.718231,-139.970566,74.600418,27637.246094,-8447.067383,4301.497070,-0.244187,0.713011,-0.657258,0.100000,0.020000,1,0.872549
29.792944,19.274359,-0.581142,52.337372,-237.199585,21.722540,2164.461914,-13917.096680,922.213135,-0.354511,0.750648,-0.557538,0.100000,0.020000,1,0.092667
29.881681,19.149494,0.140590,406.030457,-255.424744,-22.236961,24866.083984,-16415.720703,-1240.659790,-0.575421,0.809069,0.119573,0.100000,0.020000,1,0.552817
29.711153,19.988085,0.452990,-15.794510,141.575714,95.910187,-2471.639160,12115.806641,7835.594727,-0.583980,0.811162,0.031359,0.100000,0.020000,1,0.018767
29.953733,19.015642,-0.661103,-41.473976,-187.266205,71.375252,-3030.263428,-10647.392578,4439.858887,-0.038541,0.649171,-0.759665,0.100000,0.020000,1,0.522815
29.964592,19.347095,-0.436273,-359.491577,-593.134460,-165.480621,-23017.750000,-36539.746094,-10719.301758,-0.484094,0.758488,-0.436291,0.100000,0.020000,1,0.492920
29.843233,19.291420,0.075173,82.892548,-108.280144,-195.503113,4348.584473,-6574.304688,-11651.004883,-0.588867,0.801294,-0.105658,0.100000,0.020000,1,0.110871
30.509144,19.007925,0.345323,179.791779,-96.827515,36.536201,13352.503906,-7009.733398,2897.959717,-0.589417,0.771429,0.239762,0.100000,0.020000,1,0.629742
29.118393,18.313017,-0.538042,-383.293152,360.815491,422.544098,-27974.654297,18934.144531,25213.220703,-0.601759,0.767032,-0.222597,0.100000,0.020000,1,0.103041
29.486477,18.864834,-0.722513,-112.755142,17.303547,-27.951384,-4018.559082,932.361145,55.721436,0.066272,0.620848,-0.781124,0.100000,0.020000,1,0.207816
29.381107,18.691938,0.757316,538.086243,-278.740051,-597.576599,31276.703125,-18636.468750,-36963.992188,-0.277190,0.680250,0.678547,0.100000,0.020000,1,0.449573
29.792915,18.989584,-0.036738,291.257660,26.530062,345.153931,17444.775391,1453.310669,19528.605469,-0.392009,0.703643,0.592634,0.100000,0.020000,1,0.972964
29.933502,19.432823,0.683858,56.034569,17.932625,65.112259,3093.674072,2252.913330,5625.215820,-0.521489,0.764909,0.378105,0.100000,0.020000,1,0.111903
31.150463,18.625496,0.926153,501.343750,-219.983337,204.538498,16908.753906,-6844.613770,7128.954102,-0.509260,0.712695,0.482411,0.100000,0.020000,1,0.183277
29.847466,19.648600,-0.239232,40.621941,63.914032,-5.543918,1992.953613,5804.841309,-156.395035,-0.605557,0.721357,-0.336072,0.100000,0.020000,1,0.051099
29.806065,19.372227,-0.379709,20.991486,23.890915,15.183723,601.903625,2597.287109,1331.245117,-0.480689,0.681426,-0.551903,0.100000,0.020000,1,0.410442
29.642181,19.401455,-0.032672,110.341568,43.174339,-82.521439,5693.761719,3128.081543,-5065.746582,-0.706347,0.703472,-0.078747,0.100000,0.020000,1,0.384231
29.829300,18.944965,-0.652371,11.505957,-7.902032,-0.278761,-53.276810,13.729254,-50.544575,-0.147041,0.634835,-0.758527,0.100000,0.020000,1,0.012396
29.603327,19.350937,0.386766,149.726410,-62.247040,-74.301895,8001.681152,-3436.814697,-4396.946777,-0.625028,0.685898,0.372671,0.100000,0.020000,1,0.246768
29.653593,19.345455,-0.088412,418.360168,-506.016602,-225.498764,25265.830078,-31737.025391,-13854.973633,-0.703146,0.679109,-0.210707,0.100000,0.020000,1,0.304529
28.772907,18.641327,1.249157,-45.720810,95.784370,351.059082,-7726.665527,3255.265869,26945.878906,-0.715464,0.687905,0.122057,0.100000,0.020000,1,0.438451
28.596579,19.346285,2.386637,-276.701172,-36.754627,611.249146,-25343.224609,-934.072815,50962.167969,-0.730640,0.682411,0.021948,0.100000,0.020000,1,0.192495
29.338982,19.351141,-0.756807,-190.578613,-58.157928,-169.443298,-14662.423828,-2330.445312,-11533.566406,-0.393183,0.645623,-0.654660,0.100000,0.020000,1,0.012966
29.494959,19.284369,-0.134628,6.374592,11.952206,98.897736,-1411.217407,1040.541992,7241.518555,-0.612216,0.657083,-0.439812,0.100000,0.020000,1,0.946414
29.779430,19.300852,0.563712,-27.013931,-64.846222,-56.405411,-2348.369385,-3340.459717,-3288.000488,-0.504765,0.633191,0.586755,0.100000,0.020000,1,0.875254
31.303295,18.025309,1.955595,514.268860,-398.132935,469.726624,6682.142578,-15447.529297,29107.039062,-0.615620,0.632725,0.469758,0.100000,0.020000,1,0.783594
29.687107,19.344032,0.091393,-19.608002,284.883667,94.530579,-2076.889404,18132.789062,5461.442383,-0.727286,0.639221,0.249905,0.100000,0.020000,1,0.795143
29.109423,17.857777,0.639261,34.679550,60.066742,0.000000,-6404.350098,-7468.059082,849.123779,-0.046393,0.620855,0.782551,0.100000,0.020000,1,0.902052
29.866949,19.288918,0.777333,34.262974,19.084068,31.748711,1818.332520,2374.701416,2796.870605,-0.375232,0.617186,0.691579,0.100000,0.020000,1,0.614973
29.504135,19.390509,-0.430686,116.017242,-50.954308,131.668442,5812.457031,-2816.728516,7687.658203,-0.719468,0.610395,-0.331335,0.100000,0.020000,1,0.900646
29.697721,19.336987,-0.503663,-65.496765,-70.500504,71.668594,-4908.129395,-3808.508789,4353.282227,-0.589981,0.595945,-0.544768,0.100000,0.020000,1,0.717113
29.205040,18.984257,-0.159461,-328.022339,114.523643,151.975281,-23388.736328,5909.908691,7714.423340,-0.730570,0.591399,0.341343,0.100000,0.020000,1,0.755781
30.114119,19.284916,0.054134,176.134216,-81.799614,12.041721,5646.677246,-326.565430,-1640.386230,-0.813492,0.581567,0.003378,0.100000,0.020000,1,0.684852
29.868145,18.551849,-0.759353,104.148087,-31.886627,-58.988617,6471.785645,-4322.460449,-4619.739746,-0.499068,0.582834,-0.641276,0.100000,0.020000,1,0.751777
28.221584,18.931084,0.067866,-251.719421,-74.549881,195.527771,-4119.578125,-1938.362793,6329.478027,-0.700021,0.570693,-0.429279,0.100000,0.020000,1,0.449875
29.625660,19.195059,0.504615,53.819565,20.187038,-380.339569,2453.637695,1340.376343,-23947.931641,-0.594781,0.559552,0.577180,0.100000,0.020000,1,0.445035
29.098864,18.936794,0.106454,248.160034,-15.164753,-27.617813,15487.143555,-709.136719,-2575.477295,-0.708099,0.542722,0.451718,0.100000,0.020000,1,0.436654
29.546232,19.061726,0.903325,-15.748573,-118.527588,253.515533,-2019.281982,-8785.809570,20071.726562,-0.829901,0.551703,-0.082997,0.100000,0.020000,1,0.275417
27.946566,20.134590,1.974394,-396.011963,187.619370,503.783661,-16969.093750,7728.322754,14278.140625,-0.823204,0.510156,0.249149,0.100000,0.020000,1,0.982750
30.862968,20.180361,0.150774,535.162170,292.277710,65.131042,30147.912109,15854.446289,-215.439941,-0.830366,0.513500,-0.216356,0.100000,0.020000,1,0.065548
30.746939,20.362392,-0.070185,229.389343,125.326935,78.006973,18683.861328,12153.265625,5740.320801,-0.815550,0.487022,-0.312551,0.100000,0.020000,1,0.683873
29.506437,19.390076,0.131768,-197.211731,459.629822,179.496124,-13444.133789,29034.160156,11462.557617,-0.856315,0.502856,0.117731,0.100000,0.020000,1,0.008232
28.790464,18.776384,1.101979,-121.686554,-208.629196,212.825607,-2778.387939,-9171.679688,8007.640625,-0.490653,0.530023,0.691618,0.100000,0.020000,1,0.054587
29.577740,19.272562,-0.623466,-101.872360,39.629925,93.377991,-7395.943848,3046.854736,5613.182129,-0.566229,0.500787,-0.654673,0.100000,0.020000,1,0.399285
29.532343,19.328163,0.627012,27.726303,-11.149738,-140.930756,817.051636,-300.672791,-8267.834961,-0.682300,0.468598,0.561143,0.100000,0.020000,1,0.458060
29.514587,19.223547,-0.507028,56.088974,-27.121731,30.169933,2562.738525,-1829.164062,1673.867676,-0.706629,0.466720,-0.531834,0.100000,0.020000,1,0.215023
29.355343,20.082964,-0.301255,-5.233639,128.568146,9.761215,-1818.663330,11343.643555,903.852783,-0.783459,0.443227,-0.435594,0.100000,0.020000,1,0.858954
28.834736,19.812906,0.273218,-137.873596,125.660645,68.722855,-12172.882812,9633.163086,5763.968750,-0.903795,0.420404,-0.080089,0.100000,0.020000,1,0.629280
29.277332,19.674973,-0.053990,-9.019936,40.832420,-36.860092,-2182.658203,3719.942139,-3010.206055,-0.899625,0.417180,0.128976,0.100000,0.020000,1,0.932730
29.606197,18.784985,0.872308,-345.650208,339.441284,-417.454834,-23242.847656,20993.537109,-25471.523438,-0.241513,0.578336,0.779230,0.100000,0.020000,1,0.814592
29.938997,19.370407,-1.061246,55.813717,91.869141,-100.961052,1914.698364,3317.666748,-4072.688965,-0.263568,0.571832,-0.776878,0.100000,0.020000,1,0.911911
29.339750,19.473820,0.217766,-362.146484,211.978012,79.950073,-24123.802734,13732.447266,5153.750000,-0.892557,0.390156,0.226096,0.100000,0.020000,1,0.012432
29.546492,19.075354,-0.695486,79.508606,-269.958435,-56.353882,3578.097168,-16660.134766,-3784.214600,-0.365562,0.544943,-0.754587,0.100000,0.020000,1,0.235237
29.367483,19.561478,-0.236356,3.702919,-247.572998,94.151932,-812.870728,-14948.718750,5636.388184,-0.910722,0.365763,-0.191842,0.100000,0.020000,1,0.374996
29.847183,19.127321,-0.483786,-327.834015,152.581375,365.226562,-19738.224609,8428.714844,20949.251953,-0.928182,0.371402,0.023210,0.100000,0.020000,1,0.301825
30.614704,19.652369,0.906116,452.571991,48.983643,159.982941,8227.220703,4375.030273,8755.853516,-0.866607,0.350747,0.354921,0.100000,0.020000,1,0.931431
29.636728,19.260412,0.629492,-43.173027,-32.049011,-33.089325,-3263.316650,-1472.406982,-1918.833252,-0.564414,0.448447,0.693060,0.100000,0.020000,1,0.084268
29.272308,19.128666,-0.720073,169.259186,-32.450027,-18.858788,8833.518555,-2319.810303,-1939.651733,-0.652140,0.411856,-0.636466,0.100000,0.020000,1,0.955187
29.336781,19.447962,-0.189636,91.555099,75.455368,-513.925354,4726.499023,5076.442383,-32099.888672,-0.890302,0.325160,-0.318799,0.100000,0.020000,1,0.148471
28.966669,19.251566,0.964505,-79.125305,-52.749546,162.319092,-8553.349609,440.523926,2898.843262,-0.746450,0.351963,0.564743,0.100000,0.020000,1,0.368678
28.990793,20.205286,-0.735932,-91.434700,231.879120,-81.148758,-4210.587402,10275.239258,-2454.109619,-0.770033,0.346030,-0.536015,0.100000,0.020000,1,0.649085
29.491512,18.984953,0.365517,8.891209,-100.392609,-3.192420,-62.164654,-7822.696777,-83.801247,-0.838418,0.373379,0.397044,0.100000,0.020000,1,0.054124
29.331017,18.504969,0.079968,73.991371,-191.500824,-1.789268,1435.340454,-6419.990234,-102.114151,-0.958366,0.260539,0.116856,0.100000,0.020000,1,0.810037
28.889175,18.660925,-0.987257,87.269821,35.831623,-171.723389,-4770.850586,1772.297852,-14249.891602,-0.960699,0.258214,-0.101895,0.100000,0.020000,1,0.930399
29.640747,19.131332,-0.671255,84.829758,-18.635584,78.558319,4641.007324,-805.836609,4831.752930,-0.454618,0.473676,-0.754291,0.100000,0.020000,1,0.378430
29.302397,19.324944,0.377818,29.549334,114.550797,-271.021332,766.986572,7213.919922,-17110.863281,-0.848351,0.285685,0.445741,0.100000,0.020000,1,0.022236
29.965025,19.493250,0.740454,194.318024,56.383453,349.252197,13951.582031,4229.402344,26691.326172,-0.853797,0.282815,-0.437088,0.100000,0.020000,1,0.619973
29.230364,19.510843,-0.191990,127.535233,-162.850708,-9.861360,6985.615723,-9811.766602,-640.413269,-0.950715,0.217584,-0.220905,0.100000,0.020000,1,0.421333
29.319555,19.440977,0.020259,-52.821121,-52.002998,46.843391,-4002.543945,-3195.190674,3005.546387,-0.975953,0.217746,0.010112,0.100000,0.020000,1,0.148596
29.206234,19.555012,-0.504313,46.387589,36.426224,-211.101868,1784.622803,2960.279297,-16250.653320,-0.949915,0.211079,0.230451,0.100000,0.020000,1,0.158400
30.087875,18.607903,-0.029455,124.462433,-107.184174,-173.036469,8728.537109,-8235.205078,-13815.888672,-0.341485,0.523934,0.780308,0.100000,0.020000,1,0.830393
29.433535,19.101240,0.555657,8.249863,6.696331,13.944571,-470.183380,121.773247,794.310120,-0.642836,0.356164,0.678166,0.100000,0.020000,1,0.997662
29.193464,19.508074,0.318803,495.346497,-182.218155,-98.943451,29505.578125,-10628.811523,-6686.570312,-0.800154,0.332091,0.499469,0.100000,0.020000,1,0.009211
29.747801,18.928164,-0.383712,166.186890,-132.173431,-36.463257,11667.669922,-10223.267578,-2822.632080,-0.933266,0.189929,-0.304863,0.100000,0.020000,1,0.887283
29.521194,19.236435,0.524712,0.029846,-43.768181,-10.599342,268.235870,-3301.114746,295.547272,-0.921510,0.176567,0.345895,0.100000,0.020000,1,0.839273
29.913563,19.281752,-0.687277,-455.771362,-112.407013,298.947266,-28012.984375,-6291.393555,18651.214844,-0.530551,0.400009,-0.747334,0.100000,0.020000,1,0.252960
29.146788,19.302698,-0.695044,-24.056854,0.521486,-25.376259,-3388.665039,409.974976,-2215.366211,-0.709687,0.282910,-0.645219,0.100000,0.020000,1,0.566607
29.267416,19.440620,-0.687462,9.465135,22.523849,-41.840477,-462.282928,2108.467285,-3548.069092,-0.803036,0.220485,-0.553642,0.100000,0.020000,1,0.548599
29.428638,19.094793,0.639764,54.009415,-71.691681,41.320381,3079.036865,-5249.874512,3267.414795,-0.798068,0.203118,0.567301,0.100000,0.020000,1,0.550734
29.541735,18.759192,-0.194056,275.084167,-72.347069,-377.118011,11103.271484,827.293945,-17238.253906,-0.874535,0.148782,0.461575,0.100000,0.020000,1,0.509042
28.570517,19.048756,-1.042049,-354.732697,-148.468079,-281.960510,-14963.773438,-5810.190430,-10508.578125,-0.885557,0.146460,-0.440838,0.100000,0.020000,1,0.813133
29.142267,19.422962,0.245893,8.277359,-65.037476,-33.955421,-436.533447,-3927.271240,-2005.625854,-0.964293,0.085572,0.250632,0.100000,0.020000,1,0.503935
29.154665,19.563913,-0.037245,-193.109344,-620.738403,66.663895,-13040.204102,-38520.042969,3950.861816,-0.996527,0.078220,0.028549,0.100000,0.020000,1,0.067542
29.033468,19.472595,-0.068338,2.792446,-31.742851,63.134720,-1163.129395,-1705.880737,4029.870850,-0.993049,0.072099,-0.093037,0.100000,0.020000,1,0.533492
29.359165,19.520872,0.341519,-35.938751,107.642731,10.396812,-5380.504395,5138.145020,-1113.731445,-0.987818,0.068746,0.139603,0.100000,0.020000,1,0.451993
29.149767,19.237509,-0.440669,-17.828941,-24.568298,-73.178444,-1940.165771,-2159.887939,-5708.606445,-0.975690,0.056327,-0.211792,0.100000,0.020000,1,0.894258
29.023272,19.710363,-0.343948,-5.822838,57.782379,-21.858429,-1679.270020,5108.827148,-1748.170288,-0.952729,0.041017,-0.301039,0.100000,0.020000,1,0.631646
29.327662,19.155890,0.576889,12.807481,1.962890,-1.376590,-144.881592,47.127800,-154.327850,-0.678744,0.228377,0.697962,0.100000,0.020000,1,0.744802
29.611038,19.299816,-0.524780,100.913872,-50.483078,-13.711456,3018.985840,5160.968750,-4983.377441,-0.838085,0.081302,-0.539448,0.100000,0.020000,1,0.572728
29.180391,19.305592,0.196116,-209.511230,247.353668,174.665833,-13799.489258,15459.067383,10617.618164,-0.938289,0.014135,0.345563,0.100000,0.020000,1,0.143168
30.682802,17.849754,0.705592,515.921143,-401.672913,16.097261,20776.943359,-10386.458008,-649.125488,-0.987970,-0.059510,0.142739,0.100000,0.020000,1,0.733680
28.308687,19.619184,0.842046,-90.757950,179.193359,-73.710144,-2940.641113,4601.558594,-10227.751953,-0.997476,-0.067478,0.022085,0.100000,0.020000,1,0.667858
29.379425,19.228100,-0.607908,265.099457,137.168137,117.506836,15625.283203,9152.076172,7554.276367,-0.580110,0.307893,-0.754105,0.100000,0.020000,1,0.025084
28.864761,19.302090,0.449616,-81.128235,7.658777,257.541565,-7625.652832,848.719360,20425.255859,-0.751553,0.138429,-0.644985,0.100000,0.020000,1,0.025653
29.176516,19.252203,0.638073,3.403805,275.700043,-542.278503,-667.695557,17360.283203,-33540.191406,-0.827772,0.067606,0.556977,0.100000,0.020000,1,0.995900
28.468235,19.750538,-0.643544,-112.730652,95.596497,-106.751221,-10268.613281,7649.393066,-9067.359375,-0.991156,-0.085559,-0.101443,0.100000,0.020000,1,0.571501
28.910042,19.441010,0.185503,60.360680,-68.373444,-100.416176,2531.385742,-3894.691406,-6399.414551,-0.966684,-0.100243,0.235528,0.100000,0.020000,1,0.392345
29.142189,18.650898,0.846707,-6.255939,-174.989319,172.745483,-998.853577,-13676.647461,12752.928711,-0.878694,-0.039477,0.475751,0.100000,0.020000,1,0.372469
29.009857,19.213926,-0.373035,3.165689,12.511687,2.847965,-943.234619,440.992615,173.684708,-0.898494,-0.038092,-0.437331,0.100000,0.020000,1,0.017397
28.881468,19.353275,-0.236354,154.680695,-126.254303,-81.944809,8461.943359,-7764.091797,-4982.900879,-0.933453,-0.136889,-0.331552,0.100000,0.020000,1,0.683535
29.220867,19.348595,0.647222,34.082603,-983.193115,-352.589752,1160.876831,-61335.097656,-22017.392578,-0.709384,0.119476,0.694622,0.100000,0.020000,1,0.480837
29.344103,18.936913,0.169778,84.210602,-44.583603,-32.595810,5946.681152,-4313.571289,-2612.550049,-0.923983,-0.139325,0.356150,0.100000,0.020000,1,0.073218
29.074253,19.351858,0.129510,38.484337,6.620173,107.426971,2001.544312,529.474060,8138.122070,-0.961792,-0.148781,-0.229827,0.100000,0.020000,1,0.162066
28.696692,19.345650,0.073052,254.252197,81.354691,-213.871429,14319.674805,5248.430176,-13201.891602,-0.974458,-0.224561,0.002099,0.100000,0.020000,1,0.229311
28.794840,19.270075,0.068426,-3.701241,16.021679,18.611610,-1547.049561,827.042053,1768.336670,-0.969961,-0.227308,-0.086634,0.100000,0.020000,1,0.033323
29.225639,19.191925,-0.542100,-32.552681,-86.745880,79.941162,-2591.447754,-5499.628418,5062.943848,-0.765953,0.010552,-0.642811,0.100000,0.020000,1,0.947375
28.715960,18.920219,-0.456725,41.955589,12.018353,7.188575,721.692688,-636.617615,102.826561,-0.882433,-0.169845,-0.438709,0.100000,0.020000,1,0.016542
27.839300,18.886963,0.572809,-296.122192,-155.851624,163.364075,-10735.634766,3277.943359,3248.954590,-0.956300,-0.262370,0.129043,0.100000,0.020000,1,0.455836
29.064266,18.886595,0.172827,75.255661,-114.125153,99.238205,4645.190918,-8860.842773,7755.371582,-0.941351,-0.258714,-0.216622,0.100000,0.020000,1,0.047700
29.403597,19.390066,-0.832008,31.160072,58.427277,-42.180649,1403.386719,4833.140625,-3435.008545,-0.619069,0.191401,-0.761655,0.100000,0.020000,1,0.802759
29.213398,19.427902,0.729280,17.521170,111.170647,49.894184,-852.004395,5863.740234,-506.254150,-0.737085,0.011609,0.675700,0.100000,0.020000,1,0.264064
27.852392,19.546913,-0.542215,-272.003174,108.304840,-84.011246,-22346.458984,8053.540039,-6437.045410,-0.910080,-0.264892,-0.318727,0.100000,0.020000,1,0.848935
28.861935,19.504410,0.067879,15.826296,55.952011,-51.226028,133.609604,4518.238770,-3755.254883,-0.931012,-0.285924,0.226857,0.100000,0.020000,1,0.566073
29.384220,19.181248,0.306176,57.511658,-11.162279,-52.755966,4186.882812,-807.607300,-4119.385254,-0.806292,-0.101892,0.582676,0.100000,0.020000,1,0.056117
28.898302,18.980492,0.309684,-11.578465,38.168060,71.267792,-1861.899902,1342.957520,4130.956543,-0.864286,-0.184377,0.467990,0.100000,0.020000,1,0.105728
29.016212,19.329544,0.305289,-196.906677,-249.030060,-58.786011,-12701.362305,-15327.252930,-3698.508545,-0.890979,-0.281945,0.355899,0.100000,0.020000,1,0.374337
29.447021,20.090082,-0.328941,244.383759,379.153992,-305.141998,17331.050781,27480.152344,-20716.101562,-0.924272,-0.381058,0.022723,0.100000,0.020000,1,0.976451
28.738968,19.460434,-0.261671,26.135475,92.469833,-26.678150,-86.928528,6996.688965,-841.252563,-0.809812,-0.216435,-0.545308,0.100000,0.020000,1,0.236038
26.442331,19.397623,-1.165544,-425.649017,338.376465,-199.607025,-31701.226562,1864.495117,-8603.355469,-0.857498,-0.312112,-0.409002,0.100000,0.020000,1,0.758130
28.471691,19.386856,0.368971,520.134277,-245.759583,-457.802612,30712.099609,-14830.798828,-27782.318359,-0.908565,-0.400025,0.120368,0.100000,0.020000,1,0.790267
28.729216,19.201683,-0.096808,261.644836,132.147491,-116.398376,15491.317383,8256.154297,-7381.722168,-0.908080,-0.405626,-0.104202,0.100000,0.020000,1,0.489592
28.961031,19.196867,-0.695531,-19.204460,39.395744,-2.171765,-3265.737549,2816.643311,-358.494537,-0.647195,0.096078,-0.756246,0.100000,0.020000,1,0.511035
29.068951,19.197828,0.571323,50.089653,-88.104721,-21.929924,2349.003418,-5356.193848,-1360.115356,-0.738815,-0.105340,0.665624,0.100000,0.020000,1,0.864381
29.827642,19.568495,-1.358771,224.846100,57.630249,-241.931824,13193.110352,7802.432617,-15292.325195,-0.805231,-0.119564,-0.580782,0.100000,0.020000,1,0.026222
29.129557,19.131254,-0.526467,-52.542801,15.709072,-30.698109,-3804.347412,908.009888,-1817.512817,-0.746777,-0.123696,-0.653470,0.100000,0.020000,1,0.392541
28.895088,19.187504,0.695983,78.125954,-18.669628,-263.990784,3858.120850,-1114.621826,-15739.591797,-0.798745,-0.222579,0.558986,0.100000,0.020000,1,0.969511
28.674681,19.371622,-1.419447,-6.542740,43.855896,-335.719910,-1645.624878,3472.973877,-26434.050781,-0.888204,-0.416509,-0.193942,0.100000,0.020000,1,0.393235
28.984440,18.839266,0.277240,-197.665802,42.146244,-374.571167,-12427.785156,1159.464111,-23278.287109,-0.882183,-0.414476,0.223521,0.100000,0.020000,1,0.155286
29.409874,19.134127,0.808961,-275.567932,-93.107498,-264.743408,-17961.650391,-5730.633301,-16091.116211,-0.597987,0.194380,0.777578,0.100000,0.020000,1,0.810624
29.152683,19.081068,-0.674851,-322.499451,322.793884,15.371534,-19549.130859,20051.468750,-744.772766,-0.841662,-0.441284,-0.311246,0.100000,0.020000,1,0.291325
28.502438,18.426105,0.144938,-124.062088,137.653305,330.391144,-9739.219727,5714.898926,20184.583984,-0.818655,-0.448029,0.359267,0.100000,0.020000,1,0.988534
29.426186,18.656183,0.134658,191.411896,-122.751068,153.035660,13602.703125,-9688.148438,12153.120117,-0.768094,-0.338183,-0.543750,0.100000,0.020000,1,0.512173
28.272884,20.668804,0.020041,-104.192261,388.622742,103.781097,-9525.155273,30989.533203,8140.716309,-0.796481,-0.430887,-0.424210,0.100000,0.020000,1,0.837778
28.975092,18.808245,0.030956,-238.790466,-134.489288,-151.259613,-14645.160156,-9816.745117,-9095.151367,-0.831635,-0.547817,-0.090999,0.100000,0.020000,1,0.951414
28.953367,19.205585,-0.449542,141.793091,30.193451,391.731384,9306.757812,2240.510254,22754.378906,-0.832575,-0.553287,0.026303,0.100000,0.020000,1,0.324762
28.872902,18.205086,0.602590,-163.572296,158.303436,-30.802958,-11113.532227,6233.712891,-1430.125122,-0.750524,-0.343747,0.564404,0.100000,0.020000,1,0.411901
29.320868,19.600306,0.390135,160.239899,148.027252,-5.574140,11564.177734,11412.659180,-310.149414,-0.777856,-0.441305,0.447426,0.100000,0.020000,1,0.794022
29.200668,19.533262,0.065829,111.484650,130.878143,-44.506470,8470.396484,10053.266602,-2955.027344,-0.812197,-0.571217,0.118525,0.100000,0.020000,1,0.681453
29.362085,18.891672,-0.636259,83.610870,-31.470726,-6.735586,6165.071289,-2814.125977,-736.676025,-0.707413,-0.250005,-0.661108,0.100000,0.020000,1,0.726972
28.744963,19.941803,-0.039471,-153.349060,-24.324829,203.652313,-10316.009766,-8909.841797,11582.387695,-0.803785,-0.562022,-0.195092,0.100000,0.020000,1,0.007431
27.870668,18.714094,1.368866,-429.459595,-81.245071,333.828003,-14936.253906,1845.389160,24181.070312,-0.795923,-0.561672,0.225902,0.100000,0.020000,1,0.082560
27.990307,18.503899,-0.420128,-108.796707,133.700073,63.082001,-10573.463867,-8159.919434,-1257.566406,-0.645455,-0.022680,-0.763461,0.100000,0.020000,1,0.820482
28.176504,18.771416,0.576074,9.697777,68.699295,-3.555914,-3465.185059,3059.846436,-218.962036,-0.692334,-0.251140,0.676463,0.100000,0.020000,1,0.727808
28.767099,19.580439,0.646329,60.765282,292.253387,182.163727,1239.684570,7918.939453,7822.198242,-0.761218,-0.575354,-0.299191,0.100000,0.020000,1,0.221375
29.023413,18.730717,0.184874,128.308502,-96.168945,-51.335896,2187.701416,-2114.874512,249.152100,-0.740868,-0.581825,0.335550,0.100000,0.020000,1,0.029319
28.111223,19.502432,-0.366217,-180.786804,162.386414,73.538208,-15410.721680,12160.426758,5381.203125,-0.682496,-0.354313,-0.639266,0.100000,0.020000,1,0.609830
28.614294,18.891275,-0.414248,81.274498,-75.176605,-64.881027,3659.773926,-5338.710449,-3923.191650,-0.700062,-0.471787,-0.536031,0.100000,0.020000,1,0.428344
27.595182,19.659369,0.584342,-209.708252,364.726501,230.271194,-9660.955078,11828.952148,13093.226562,-0.711435,-0.573653,-0.405933,0.100000,0.020000,1,0.399232
28.566088,19.016478,0.184177,74.511742,-39.264282,-41.906982,3748.211426,-2465.859375,-2373.268311,-0.729885,-0.669042,0.140181,0.100000,0.020000,1,0.292874
28.519320,18.878496,-0.332326,114.674934,57.407028,892.611267,6147.204102,3087.266846,54945.062500,-0.726769,-0.686878,0.002384,0.100000,0.020000,1,0.927854
29.262474,18.724430,0.529787,54.076538,-14.257782,26.780117,4142.576660,-2207.442871,1543.173950,-0.667646,-0.334720,0.664990,0.100000,0.020000,1,0.641202
29.251568,18.690327,0.519202,96.677704,-6.031727,20.820004,7201.413086,-1775.663086,1440.011108,-0.683046,-0.449549,0.575634,0.100000,0.020000,1,0.541214
28.542324,18.961706,0.574808,-311.116760,-223.583435,581.551758,-21122.488281,-14307.931641,37479.968750,-0.693068,-0.555775,0.459098,0.100000,0.020000,1,0.787615
29.147429,19.189894,0.721911,161.386414,77.307129,259.407227,11668.838867,5693.443848,20083.414062,-0.710018,-0.676626,-0.195068,0.100000,0.020000,1,0.472029
28.434332,18.900709,0.041869,241.063110,-204.802414,-37.566177,13692.905273,-13301.562500,-3032.018555,-0.702738,-0.671381,0.235388,0.100000,0.020000,1,0.674549
28.660133,19.038645,0.065618,-49.347458,-287.256439,-774.033325,-3605.972900,-17938.785156,-48201.125000,-0.711567,-0.694323,-0.107650,0.100000,0.020000,1,0.105711
29.505898,18.612890,-0.469517,114.714218,-111.264343,-34.856659,8270.819336,-8865.729492,-1461.324341,-0.634164,-0.138534,-0.760687,0.100000,0.020000,1,0.606485
28.630817,19.170979,0.008019,28.426033,63.882889,62.366684,1082.982422,4928.479004,5077.587891,-0.664450,-0.679136,-0.311898,0.100000,0.020000,1,0.228849
28.401434,18.683933,0.430014,155.457382,-78.187958,187.071503,8142.219727,-6008.072754,12405.316406,-0.646698,-0.683814,0.337904,0.100000,0.020000,1,0.155855
28.942057,19.014435,-0.154375,185.488800,-0.510689,-108.424332,9797.942383,-1229.534058,-7859.010742,-0.632581,-0.774398,0.012182,0.100000,0.020000,1,0.062719
29.087553,19.594234,-1.575029,71.327805,253.716492,-248.940125,4665.666016,5819.295898,-12387.125000,-0.617521,-0.470642,-0.630209,0.100000,0.020000,1,0.744695
29.379223,18.192291,0.453616,151.867035,-65.942642,-20.556915,11545.580078,-7282.304199,-1371.609009,-0.614306,-0.562025,0.553855,0.100000,0.020000,1,0.299457
26.838854,19.370852,-1.821299,-557.805908,383.310547,-437.214050,-20669.294922,12932.666992,-8809.257812,-0.610626,-0.670564,-0.421283,0.100000,0.020000,1,0.417809
28.309536,18.924307,-0.301698,-13.633034,24.802521,-14.114777,-2648.006836,1717.692749,-1470.231812,-0.607219,-0.771004,-0.191931,0.100000,0.020000,1,0.759268
28.701153,19.245375,-0.004557,429.074860,-72.176865,-11.009754,26967.113281,-3070.434814,-1186.443726,-0.611970,-0.779607,0.133061,0.100000,0.020000,1,0.929278
28.732826,19.009312,-0.527868,33.353241,53.770462,-113.212372,4277.332520,3048.477295,-9448.642578,-0.614299,-0.784554,-0.084329,0.100000,0.020000,1,0.581412
29.320194,18.891855,0.378064,174.080078,8.306054,217.501221,12769.068359,388.531006,17243.951172,-0.600403,-0.585202,-0.545028,0.100000,0.020000,1,0.496888
28.663086,19.167208,0.400838,128.639648,-91.306122,103.793747,6672.543457,-5310.364746,6232.932129,-0.715420,-0.415806,0.561498,0.100000,0.020000,1,0.013570
28.685398,18.853405,0.386058,-137.736328,91.892654,-80.618759,-9263.708984,5700.158203,-5113.199219,-0.569917,-0.680021,0.461266,0.100000,0.020000,1,0.568066
28.605875,18.883648,-0.313201,11.929247,-90.766037,141.712341,151.029770,-5515.834473,8803.123047,-0.541710,-0.773646,-0.328667,0.100000,0.020000,1,0.388697
28.340975,19.177950,-0.619286,-6.992058,73.568939,-72.993149,-2535.169922,6032.315430,-5330.320312,-0.528416,-0.666992,-0.525261,0.100000,0.020000,1,0.324227
28.794010,19.530354,-0.866848,29.553673,239.808777,-245.311462,2050.459473,18159.720703,-20365.576172,-0.513246,-0.781591,0.354534,0.100000,0.020000,1,0.329584
28.758486,18.933876,0.591200,415.384583,-198.270462,-263.754822,25173.824219,-12438.606445,-16636.115234,-0.555942,-0.459976,0.692351,0.100000,0.020000,1,0.111352
28.663631,18.305635,0.920375,83.938660,9.258617,-328.884155,4494.902832,-1642.724854,-18877.701172,-0.516316,-0.653687,0.553273,0.100000,0.020000,1,0.091012
28.502590,18.726372,-0.085824,36.674164,-24.901173,84.439682,1592.012817,-1668.483887,4918.348145,-0.471583,-0.881696,0.014898,0.100000,0.020000,1,0.713003
28.853020,19.025599,-0.635299,124.332397,60.185249,100.522499,6774.760742,4098.912598,6358.631348,-0.567935,-0.335623,-0.751537,0.100000,0.020000,1,0.236483
28.931345,18.720169,-0.527603,-30.362400,-46.823730,-643.001526,-1932.539673,-3548.166504,-40491.257812,-0.518400,-0.558164,-0.647854,0.100000,0.020000,1,0.206517
28.822828,18.685480,0.440434,22.431499,-31.948723,152.423553,1663.812622,-2396.590088,12938.510742,-0.474951,-0.775508,-0.415944,0.100000,0.020000,1,0.755016
28.493851,18.656685,-0.291102,-93.323616,182.026779,323.915161,-6696.504883,11187.335938,19894.751953,-0.445380,-0.875505,-0.187424,0.100000,0.020000,1,0.805606
29.164890,19.150778,0.424101,37.133522,37.860306,-60.361740,2179.157715,3008.468506,-4790.158203,-0.593870,-0.215463,0.775173,0.100000,0.020000,1,0.660687
26.515518,19.355368,-0.138446,-502.425903,360.474792,-233.339325,-24495.253906,745.075928,-10622.707031,-0.455920,-0.760844,0.461794,0.100000,0.020000,1,0.193367
28.602345,18.640310,0.356113,158.745026,-71.343170,-144.035797,9646.666016,-4795.698730,-8432.070312,-0.422968,-0.875579,0.233365,0.100000,0.020000,1,0.889062
28.213810,19.489220,-0.328634,-54.490601,218.995056,-136.982117,-5371.552246,17077.724609,-10518.284180,-0.427811,-0.892897,0.140405,0.100000,0.020000,1,0.105782
28.395151,18.987587,-0.098710,-44.822464,77.853882,46.200966,-4138.062988,6130.532227,3605.514893,-0.402575,-0.861188,-0.310303,0.100000,0.020000,1,0.277107
28.950722,18.584208,0.176828,75.014999,-3.402620,34.855522,5909.444824,-687.008728,3300.246582,-0.415047,-0.904096,-0.101724,0.100000,0.020000,1,0.032130
30.073048,18.329733,-0.125274,328.607910,-217.133728,137.562073,12423.062500,-7013.305664,5884.013672,-0.604913,-0.224367,-0.764028,0.100000,0.020000,1,0.037771
29.753935,19.088404,0.360400,348.510590,115.753365,-64.181458,9959.804688,3686.104004,-524.173828,-0.486409,-0.538053,0.688408,0.100000,0.020000,1,0.268424
28.641195,18.467665,0.168117,6.450835,39.640434,-9.219566,-274.852386,1374.239380,1979.746094,-0.419259,-0.741660,-0.523605,0.100000,0.020000,1,0.068591
27.229107,19.433395,-0.629742,-640.198914,354.241974,-298.817108,-27445.265625,13477.048828,-8396.551758,-0.380350,-0.859440,0.341609,0.100000,0.020000,1,0.846925
27.929192,18.985521,-1.862616,-175.491241,51.147156,-336.314270,-15078.736328,4114.565430,-26757.990234,-0.434376,-0.638959,-0.634861,0.100000,0.020000,1,0.438540
28.704714,18.510668,0.146548,-202.995667,95.646622,47.959099,-12659.274414,5824.607910,3531.715332,-0.323225,-0.946079,0.021465,0.100000,0.020000,1,0.321647
28.612837,18.461378,-0.878727,28.071535,28.270611,-24.587254,33.585323,-233.737122,-2632.232422,-0.513328,-0.424367,-0.745927,0.100000,0.020000,1,0.000278
27.324207,19.101643,0.490307,-513.747925,310.262207,169.279541,-38380.027344,21451.708984,11168.662109,-0.343800,-0.829121,0.440863,0.100000,0.020000,1,0.619101
27.894114,18.948473,-1.826838,-195.413757,127.969940,-326.924683,-15874.953125,9329.401367,-26759.281250,-0.339515,-0.838872,-0.425468,0.100000,0.020000,1,0.236269
28.578119,18.490208,0.256246,160.094788,-58.077347,102.098022,9688.127930,-4127.908691,6697.526367,-0.305005,-0.924078,0.230328,0.100000,0.020000,1,0.749713
28.442776,18.615181,-0.184515,114.022766,-3.203147,-162.126709,6230.298828,-140.738693,-10255.272461,-0.305830,-0.928400,-0.211049,0.100000,0.020000,1,0.538865
30.065044,17.306051,-0.863833,361.592834,-189.798904,-77.336273,26103.824219,-19056.382812,-15552.775391,-0.299209,-0.949099,-0.098411,0.100000,0.020000,1,0.053483
28.717152,18.779501,0.429730,1.416980,-211.476837,112.577789,-349.562988,-12987.388672,6872.406250,-0.364260,-0.735281,0.571557,0.100000,0.020000,1,0.807616
28.874292,19.531704,-0.496777,-162.020630,179.337250,-37.900276,-10880.038086,7946.588379,3098.051758,-0.281338,-0.910251,-0.303797,0.100000,0.020000,1,0.323445
27.900938,18.555494,0.202567,-107.253105,81.655060,51.361835,-7761.568359,785.507935,1076.753906,-0.277322,-0.952061,0.129119,0.100000,0.020000,1,0.082720
28.679655,19.421995,0.256651,3.859777,188.949371,-103.601486,-315.250397,14801.490234,-6107.227539,-0.387849,-0.614549,0.686952,0.100000,0.020000,1,0.586199
28.476906,18.723907,0.427572,107.812027,-148.260345,-384.131042,5853.095215,-9230.817383,-23522.701172,-0.400187,-0.866167,0.299342,0.100000,0.020000,1,0.011756
28.310259,19.448933,-0.265961,-194.971344,331.255371,8.446075,-19285.171875,29302.136719,-12667.569336,-0.274592,-0.790718,-0.547142,0.100000,0.020000,1,0.577604
28.272507,18.409657,0.641282,454.361328,-241.511993,140.680496,26481.851562,-16054.990234,9602.514648,-0.271717,-0.788871,0.551228,0.100000,0.020000,1,0.294422
29.419075,18.525723,-0.279865,213.929413,-48.110245,-78.916641,16358.195312,-3110.675781,-4638.966797,-0.223495,-0.876784,-0.425794,0.100000,0.020000,1,0.263175
28.035879,18.763853,-0.416997,-158.504913,58.249023,-132.179657,-7831.122559,17018.246094,-9022.417969,-0.169437,-0.978760,0.115415,0.100000,0.020000,1,0.162369
28.866932,18.822233,0.704953,-147.329987,-8.571178,42.978455,-10363.725586,-987.350342,2901.628906,-0.536749,-0.330023,0.776521,0.100000,0.020000,1,0.607392
26.729551,20.655912,-1.315444,-591.754333,632.418884,-493.960449,-17790.992188,22516.035156,-23875.445312,-0.436285,-0.495110,-0.751347,0.100000,0.020000,1,0.581163
28.791536,18.536083,-0.713627,-7.678324,16.657646,101.500488,-819.030396,528.186707,5740.821289,-0.313889,-0.689874,-0.652341,0.100000,0.020000,1,0.900362
28.671869,18.516283,-0.004800,-101.132782,-143.765228,-96.630600,-6414.392578,-8821.423828,-5363.058105,-0.142858,-0.966545,-0.213030,0.100000,0.020000,1,0.169718
28.633999,18.226593,-0.295145,330.775604,-162.388824,-474.320374,20752.466797,-11157.773438,-30854.205078,-0.134120,-0.986893,-0.089743,0.100000,0.020000,1,0.426778
30.004250,18.313963,0.929715,300.323730,-76.191071,98.278488,23642.076172,-6261.567871,7719.532227,-0.310634,-0.676987,0.667230,0.100000,0.020000,1,0.751599
28.923998,18.674292,0.637334,-257.860962,-424.587585,-345.902344,-15558.629883,-26113.486328,-20806.890625,-0.181236,-0.868726,0.460944,0.100000,0.020000,1,0.662662
29.043743,19.063101,0.512001,173.276764,16.470192,-147.254333,10824.407227,1848.744751,-9906.179688,-0.485718,-0.404706,0.774785,0.100000,0.020000,1,0.598210
28.731277,18.541647,0.396719,123.416870,-440.871338,-299.879761,7841.093262,-27619.517578,-18601.529297,-0.170964,-0.911209,0.374793,0.100000,0.020000,1,0.136940
29.775990,19.481646,-1.863719,281.384308,318.235229,-862.374084,5757.951660,10402.202148,-38159.539062,-0.100375,-0.948372,-0.300856,0.100000,0.020000,1,0.671755
28.382015,20.106401,0.129880,-72.219658,481.083923,109.656662,-5837.626953,37419.171875,6643.758789,-0.098915,-0.967885,0.231116,0.100000,0.020000,1,0.109127
28.410378,18.467344,0.118732,-107.582985,-99.367706,193.838867,-314.502441,-2783.205811,7611.807617,-0.347049,-0.585732,-0.732445,0.100000,0.020000,1,0.333855
28.915850,18.273203,-0.163432,64.710220,-18.152893,58.380341,4623.356445,-2071.840088,4879.840820,-0.153847,-0.834648,-0.528861,0.100000,0.020000,1,0.169593
28.493980,18.601816,-0.683501,-136.300125,7.715214,575.153381,-10058.873047,702.147522,35661.468750,-0.199016,-0.756109,-0.623452,0.100000,0.020000,1,0.193153
28.837547,18.276157,0.397544,17.179470,5.439465,-6.994608,1251.349731,-526.493591,-720.277893,-0.138921,-0.825922,0.546402,0.100000,0.020000,1,0.592765
28.327101,18.480742,-0.569459,-112.737244,73.035233,70.663681,-8873.008789,4884.319336,3583.803223,-0.076916,-0.902692,-0.423356,0.100000,0.020000,1,0.414695
28.598026,18.305470,-0.099018,9.744434,-4.214667,54.393463,251.457672,-387.742096,3304.896484,-0.006056,-0.996747,-0.080360,0.100000,0.020000,1,0.295756
28.606195,18.148315,-0.699975,-68.856232,116.902130,-468.934265,-20858.068359,-5175.018555,-25010.937500,-0.049367,-0.939027,0.340282,0.100000,0.020000,1,0.177725
30.081522,17.296535,0.967707,254.317566,-69.657562,256.379852,-12421.496094,-8714.167969,29508.058594,0.030121,-0.999545,0.001483,0.100000,0.020000,1,0.638568
28.739759,18.688435,-0.111549,65.386963,-194.378922,-39.004883,4397.070312,-10918.157227,-3050.030029,-0.043054,-0.998483,0.034319,0.100000,0.020000,1,0.024372
28.474621,18.342516,0.101244,-72.380341,49.348526,-50.398186,-5577.045410,3272.433105,-3592.152832,0.036487,-0.971333,0.234907,0.100000,0.020000,1,0.817403
26.390972,19.427277,-2.649987,-574.854675,350.638916,-641.964539,-30085.962891,13426.127930,-38871.074219,0.044495,-0.975374,-0.216024,0.100000,0.020000,1,0.196623
28.684986,19.443935,0.543513,-14.805515,232.043884,8.713815,-1762.246582,18391.326172,412.882843,-0.183945,-0.711378,0.678311,0.100000,0.020000,1,0.811816
28.590534,18.164492,1.526753,-79.849319,-72.118172,363.773804,-3347.933105,-2834.931152,11410.567383,-0.014990,-0.887540,0.460487,0.100000,0.020000,1,0.257427
28.754309,18.121052,-0.226324,-257.123260,154.726593,539.640381,-16024.150391,9097.039062,32677.511719,0.059508,-0.990534,0.123694,0.100000,0.020000,1,0.208706
28.777588,18.218563,0.095604,-126.749802,-41.200531,-232.433136,-7829.799805,-2886.757812,-13225.109375,0.062620,-0.953506,-0.294796,0.100000,0.020000,1,0.385583
28.835814,18.527470,-0.690147,45.571297,-19.233295,38.925526,1484.563110,-1025.686890,1912.587158,-0.253130,-0.631141,-0.733203,0.100000,0.020000,1,0.923067
28.656210,18.973204,-0.564919,-53.683792,139.661957,-36.012192,-4189.040039,10982.618164,-2430.751953,-0.090653,-0.778962,-0.620484,0.100000,0.020000,1,0.350225
28.622034,18.295242,0.514581,109.513397,-59.869553,-280.187134,6358.193359,-3705.639404,-16750.591797,0.078489,-0.936308,0.342296,0.100000,0.020000,1,0.899881
28.783541,18.297649,-0.467230,-65.051270,34.712784,18.157478,-4219.886230,1943.986206,1064.814575,0.007265,-0.849829,-0.527008,0.100000,0.020000,1,0.049676
24.331427,21.063114,0.746124,-1506.393799,1004.406372,295.820923,-28605.847656,20576.111328,7842.564453,0.155565,-0.987782,0.009295,0.100000,0.020000,1,0.111494
30.218124,18.755333,0.043561,420.701172,65.206512,-186.976715,31706.837891,4343.928711,-14351.273438,-0.323460,-0.551080,0.769210,0.100000,0.020000,1,0.948442
28.731764,18.868240,0.197637,-9.227165,105.382904,-56.753418,-1000.901672,8760.960938,-4766.907227,0.006126,-0.824221,0.566235,0.100000,0.020000,1,0.641878
28.672106,19.082092,1.106184,-34.408020,182.040100,163.813049,-2699.871826,14827.229492,13342.243164,0.085107,-0.885707,0.456376,0.100000,0.020000,1,0.309316
28.633621,18.231289,0.527143,95.053375,-99.141022,-340.297485,5520.235352,-6025.927734,-19708.746094,0.190199,-0.974184,0.121615,0.100000,0.020000,1,0.224507
29.281031,17.758699,1.219892,181.310257,-75.043045,150.934769,5601.285156,-7761.989258,5988.111328,-0.056722,-0.752915,0.655669,0.100000,0.020000,1,0.941129
28.148037,18.570066,-0.175496,-155.205719,-241.039520,334.082001,-12510.198242,-13885.265625,21868.240234,0.120085,-0.896512,-0.426434,0.100000,0.020000,1,0.170162
28.999788,18.272648,-0.170157,-571.272217,2.592436,109.999603,-35060.882812,538.239258,7006.816895,0.185942,-0.958034,-0.218166,0.100000,0.020000,1,0.248512
29.126562,18.116415,0.205796,26.974510,-23.990349,40.662361,3268.676270,-1712.043945,3771.269043,0.204678,-0.974005,-0.097058,0.100000,0.020000,1,0.048448
29.457079,17.701445,0.144996,-78.754860,58.919903,17.541710,-4394.025391,-648.703003,2639.909180,0.226073,-0.943295,0.243075,0.100000,0.020000,1,0.270897
28.931646,18.594868,-0.273759,-195.657684,89.131271,119.575333,-11810.980469,7442.057617,7562.231934,0.223893,-0.918369,-0.326297,0.100000,0.020000,1,0.129947
28.833010,18.243853,0.373452,-80.321716,-164.690125,-143.424652,-4970.954590,-10055.395508,-8729.980469,0.223462,-0.910266,0.348540,0.100000,0.020000,1,0.378359
28.396902,18.874222,-0.723513,-69.813354,148.096924,-18.604378,-6456.792969,11516.147461,-1912.706909,0.032040,-0.764708,-0.643580,0.100000,0.020000,1,0.551713
29.026993,18.470394,-0.731684,14.110950,-31.862911,-144.494308,1612.332764,-1064.142944,-10297.770508,0.146467,-0.835497,-0.529616,0.100000,0.020000,1,0.348019
29.179062,17.847466,-0.279239,96.862564,-46.864769,-196.451172,7576.638672,-4311.676758,-12113.570312,0.219562,-0.885560,-0.409360,0.100000,0.020000,1,0.460178
30.972351,16.782217,1.523434,697.789551,-314.131287,507.119690,4069.373535,-20382.550781,29017.750000,0.321327,-0.943427,-0.081821,0.100000,0.020000,1,0.344015
28.871485,18.423702,0.678162,73.857819,-146.773468,439.172424,4241.228516,-10113.362305,27818.134766,-0.245013,-0.588112,0.770774,0.100000,0.020000,1,0.864612
30.534725,18.402878,-1.163541,532.452759,-74.276718,-251.192825,16260.985352,960.615967,-1790.797852,-0.132229,-0.653277,-0.745483,0.100000,0.020000,1,0.379337
30.066437,18.835690,0.333092,282.092804,186.734863,3.413290,22791.939453,14193.089844,-422.352234,0.134240,-0.809434,0.571661,0.100000,0.020000,1,0.818382
29.612452,17.615557,-0.939716,272.303162,-153.550659,-399.501404,20386.408203,-11990.699219,-30709.117188,0.231475,-0.867224,0.440843,0.100000,0.020000,1,0.901305
29.209106,17.801758,0.716633,126.298126,-72.454071,124.984863,-7472.269043,4248.365723,15116.887695,0.348454,-0.937208,0.014907,0.100000,0.020000,1,0.022112
28.931309,17.971315,0.025081,-193.026611,113.011780,91.750000,-11728.813477,6781.763672,5414.722656,0.346780,-0.928095,0.135586,0.100000,0.020000,1,0.816496
27.483356,18.807587,-0.662301,-346.942383,201.632660,-80.516113,-27568.156250,15895.787109,-7119.324707,0.358880,-0.910419,-0.205772,0.100000,0.020000,1,0.821069
28.897360,18.454414,0.562179,-68.033127,-28.130322,-22.652519,-4388.917969,-1295.527954,-1485.540649,0.059566,-0.733253,0.677342,0.100000,0.020000,1,0.546997
31.422279,19.562973,-0.658423,785.400146,458.686340,-225.034164,27600.273438,12739.041992,450.105957,0.349036,-0.878678,-0.325729,0.100000,0.020000,1,0.791335
29.015846,18.082592,0.342606,67.858185,-585.290222,-449.876099,4843.656738,-36798.566406,-28162.412109,0.373287,-0.864226,0.337298,0.100000,0.020000,1,0.255665
28.880863,17.989737,-0.420816,28.672796,38.016102,6.433650,12888.133789,230.297852,-1148.055420,0.282667,-0.800612,-0.528318,0.100000,0.020000,1,0.003855
28.817221,18.026480,0.245553,643.914673,-368.196777,-727.778870,39674.175781,-24850.906250,-45912.449219,0.394196,-0.886990,0.240535,0.100000,0.020000,1,0.037468
28.047838,18.470684,-0.249679,-104.896065,60.888924,-89.649704,-10250.515625,5835.726074,-6404.968262,0.472604,-0.876979,-0.086911,0.100000,0.020000,1,0.110586
28.771706,18.052759,0.689249,107.973763,-61.958168,227.679321,6221.362793,-3684.372314,17171.871094,0.476987,-0.878465,0.027976,0.100000,0.020000,1,0.749820
28.661001,18.560501,-0.649382,-173.047272,110.986862,14.838043,3833.504639,2259.362061,-4928.198242,0.176384,-0.752547,-0.634477,0.100000,0.020000,1,0.138150
28.836996,18.100597,-0.500137,-1.897934,-51.645195,33.395542,-430.465759,-3083.806152,1512.770630,0.370356,-0.828002,-0.421009,0.100000,0.020000,1,0.096582
28.415201,18.258587,-0.694189,-461.683258,266.612915,155.829697,-26086.494141,15043.026367,13908.243164,0.469605,-0.855462,-0.218301,0.100000,0.020000,1,0.734463
30.764898,16.913845,3.359216,424.753906,-241.639191,778.206299,34454.992188,-19981.654297,61576.820312,0.392153,-0.804782,0.445580,0.100000,0.020000,1,0.479414
28.930506,18.103849,0.331301,184.815460,-221.689545,-74.313599,11649.740234,-13354.021484,-4143.579102,0.497260,-0.834936,0.235825,0.100000,0.020000,1,0.374675
30.058615,17.999491,0.051539,-334.314758,117.505219,-111.081268,-16510.128906,6388.633301,-9189.299805,0.176368,-0.717368,0.674001,0.100000,0.020000,1,0.449288
29.440390,17.961357,0.561894,71.754211,-56.173813,14.140282,1383.818237,-2077.780762,3827.972412,0.288092,-0.759975,0.582616,0.100000,0.020000,1,0.266324
30.747652,16.911945,2.287075,517.298279,-269.860626,492.380829,34272.148438,-14824.349609,34475.203125,0.479848,-0.804098,0.350959,0.100000,0.020000,1,0.446049
28.683702,18.106159,-0.212734,362.297272,-208.560974,-471.195923,21724.937500,-12529.626953,-29529.863281,0.500510,-0.808253,-0.310190,0.100000,0.020000,1,0.186533
28.833279,18.184034,-0.511316,55.963127,-131.606079,48.719940,2954.839844,-7810.178711,2813.288818,0.381132,-0.758904,-0.528018,0.100000,0.020000,1,0.321630
29.650642,17.695534,-0.243912,57.808746,-18.778572,116.985962,6485.202637,-4239.068848,9064.924805,-0.021442,-0.649082,-0.760416,0.100000,0.020000,1,0.126477
28.312235,21.171299,-1.623783,-313.925201,467.418579,-507.160797,-21007.494141,19161.580078,-11052.068359,0.297026,-0.721646,-0.625303,0.100000,0.020000,1,0.455925
29.024055,18.074364,-0.257238,-55.950317,-165.244965,-31.956444,-3400.259766,-9983.366211,-1635.238525,0.496509,-0.764936,-0.410307,0.100000,0.020000,1,0.846497
29.092733,17.867413,0.713762,531.018738,-305.807709,-394.092102,33764.863281,-19676.125000,-21559.763672,0.603768,-0.790776,-0.100683,0.100000,0.020000,1,0.259331
28.442568,19.392773,-0.131321,-111.971756,291.494446,-233.493332,-7319.494141,10260.794922,-10637.839844,-0.028719,-0.640284,0.767602,0.100000,0.020000,1,0.345012
28.544773,18.459412,-0.873412,-16.072487,18.313454,-37.669418,-2851.793457,1688.725586,-3390.081299,0.087554,-0.663718,-0.742841,0.100000,0.020000,1,0.452580
28.794403,18.118498,0.466993,328.448120,-197.014709,186.444031,19860.216797,-12223.727539,11689.724609,0.387723,-0.722984,0.571808,0.100000,0.020000,1,0.157510
29.073309,17.878628,1.371452,6.050578,-2.918826,332.608215,447.952271,-395.037781,20704.181641,0.557447,-0.817248,0.146144,0.100000,0.020000,1,0.009656
29.760807,17.791012,1.023104,162.444275,-49.941376,294.081299,16676.333984,2521.169922,18851.349609,0.602067,-0.768217,-0.217618,0.100000,0.020000,1,0.187957
28.812695,18.029095,0.597893,-207.780396,162.551407,118.321884,-16952.835938,-273.489258,6147.968750,0.618035,-0.777671,0.115160,0.100000,0.020000,1,0.039337
27.610630,18.723104,0.747210,-391.485260,240.376495,192.361145,-2117.044922,-1708.205322,12848.000000,0.630710,-0.775470,0.029167,0.100000,0.020000,1,0.103682
29.188129,17.831211,0.439988,-245.974121,143.811188,-734.376587,-14849.168945,8508.813477,-46157.500000,0.506778,-0.727579,0.462390,0.100000,0.020000,1,0.664246
29.242468,17.780964,0.050385,-635.606079,372.359680,622.684204,-40823.867188,20956.484375,38920.378906,0.627994,-0.744997,0.224950,0.100000,0.020000,1,0.085727
29.037754,19.376001,-1.250501,16.587069,430.334106,-219.981079,4.135193,14566.306641,4532.541016,0.311322,-0.681035,0.662774,0.100000,0.020000,1,0.523384
30.272919,17.186031,-0.544260,262.239716,-150.769241,-34.554897,21499.638672,-12694.799805,-3326.346436,0.617945,-0.718500,-0.319221,0.100000,0.020000,1,0.224542
29.111637,17.963818,-0.802261,-181.994843,109.482300,223.996521,-11079.713867,5678.540039,13400.131836,0.178224,-0.652904,-0.736174,0.100000,0.020000,1,0.066776
28.804970,18.703779,-0.673417,15.937634,-262.748413,349.342102,-75.120712,-13511.445312,21057.193359,0.516987,-0.685422,-0.512758,0.100000,0.020000,1,0.185056
29.089165,18.036957,0.198298,100.526871,-60.951477,165.649933,6400.414551,-3167.469971,10062.791016,0.625578,-0.700169,0.344115,0.100000,0.020000,1,0.619777
29.044847,18.442837,0.382772,-182.545715,50.302910,50.036232,-12633.012695,3725.301514,3411.549072,0.508766,-0.665441,0.546210,0.100000,0.020000,1,0.458630
30.341797,17.146265,0.591263,375.367554,-216.023376,165.182693,17828.248047,-10454.188477,9608.513672,0.711616,-0.676723,-0.188810,0.100000,0.020000,1,0.256502
29.782873,18.256865,-0.203496,215.862671,74.973038,-14.841125,16411.939453,6672.372559,-1506.314087,0.728760,-0.680185,-0.079102,0.100000,0.020000,1,0.604865
31.172215,19.062140,0.548445,414.431671,-28.054016,214.431610,16077.454102,9261.799805,14767.812500,0.732302,-0.680629,0.021856,0.100000,0.020000,1,0.839718
29.080713,17.908745,-0.996591,-0.431606,-6.556282,-89.297684,1554.028687,-1152.502563,-7434.673828,0.405537,-0.649435,-0.643252,0.100000,0.020000,1,0.917747
28.972404,17.936884,-0.277356,188.640839,-103.772774,81.776169,10261.246094,-8679.262695,5611.452148,0.630247,-0.651096,-0.422922,0.100000,0.020000,1,0.599189
30.165495,17.248053,1.325065,312.128571,-176.856430,394.491638,8305.620117,-5111.402344,12493.346680,0.743883,-0.656475,0.125213,0.100000,0.020000,1,0.902764
33.101112,16.105217,-0.061881,1188.340698,-518.802856,-137.196320,42748.656250,-19778.089844,-12666.268555,0.628050,-0.631132,0.455220,0.100000,0.020000,1,0.727238
29.870758,17.684538,-1.298064,182.700104,-35.145050,-359.435547,14538.271484,-2691.514404,-28929.937500,0.733738,-0.639226,0.230257,0.100000,0.020000,1,0.168152
29.035448,18.219419,-0.704250,-6.244476,-9.852800,71.385834,-500.878174,-458.977692,4153.073242,0.279657,-0.624210,-0.729489,0.100000,0.020000,1,0.675421
27.009415,19.110298,0.182998,-373.965454,228.054565,-6.082935,-32307.662109,18726.468750,-1992.369873,0.407931,-0.621993,0.668369,0.100000,0.020000,1,0.231660
30.737782,16.917645,3.563018,525.671875,-303.308929,1109.077637,37036.558594,-21427.013672,69909.257812,0.727341,-0.612586,-0.309377,0.100000,0.020000,1,0.456566
29.325590,17.732975,0.289272,43.784359,-25.246214,277.700409,-1102.857422,630.042236,16494.261719,0.736621,-0.589335,0.331773,0.100000,0.020000,1,0.267285
29.925955,17.455488,-0.045774,266.753876,-174.900970,137.893494,2660.868164,-2094.523438,-3259.175781,0.498835,-0.585240,-0.639263,0.100000,0.020000,1,0.975188
26.693499,19.713411,-1.812859,-764.148438,578.943542,-667.821960,1817.994141,3068.195312,-20005.787109,0.613460,-0.574742,0.541608,0.100000,0.020000,1,0.491087
29.188473,17.812138,-0.366402,24.407112,-13.886592,-641.144958,1535.277710,-1367.048950,-40116.683594,0.618432,-0.576531,-0.533997,0.100000,0.020000,1,0.380992
30.034092,19.416325,0.401606,321.468475,386.163208,92.072266,21468.978516,31271.509766,9782.984375,0.711944,-0.569591,-0.410734,0.100000,0.020000,1,0.587231
27.335232,18.882107,1.993253,-600.668640,347.405304,523.741028,-21338.431641,12181.693359,11174.308594,0.824082,-0.557496,-0.100435,0.100000,0.020000,1,0.202406
29.077194,17.876385,-0.073591,25.519138,-10.857533,290.011597,-35.609367,-1779.420044,18142.154297,0.831804,-0.554583,0.023223,0.100000,0.020000,1,0.824984
28.490021,18.220154,0.805097,-458.913177,-207.555084,224.959961,-21239.769531,-12911.524414,10522.209961,0.080853,-0.629695,0.772623,0.100000,0.020000,1,0.948104
29.067600,17.881922,0.167569,312.516052,-177.242599,-325.187012,18253.029297,-12026.083008,-20367.068359,0.834605,-0.538262,0.117087,0.100000,0.020000,1,0.378465
29.559591,17.597872,-0.082576,-519.805420,300.403229,-277.075592,-31670.765625,18220.615234,-17119.576172,0.825332,-0.526770,-0.203323,0.100000,0.020000,1,0.540965
28.883211,18.468687,0.808531,-19.751804,47.457672,24.831940,-1916.277710,3804.833008,2211.797852,0.168853,-0.615152,0.770114,0.100000,0.020000,1,0.975010
29.183172,18.049162,0.736935,-477.147644,-441.146790,-450.197510,-30028.638672,-27708.177734,-27696.455078,0.493195,-0.561476,0.664457,0.100000,0.020000,1,0.424820
28.688166,18.292065,0.653103,208.802307,-1047.394287,-246.167908,10899.790039,-64219.863281,-14421.936523,0.712442,-0.534861,0.454257,0.100000,0.020000,1,0.000598
31.975979,16.202772,-2.829074,808.558899,-466.692535,-923.222839,61145.308594,-35338.417969,-34606.304688,0.831246,-0.502499,0.237750,0.100000,0.020000,1,0.901411
29.380650,17.878340,-0.479338,-142.636871,14.436264,-15.378971,-8543.543945,989.503357,-1125.221802,0.700856,-0.487573,-0.520646,0.100000,0.020000,1,0.410673
31.371000,17.614950,1.163848,569.091431,-32.515617,288.522583,25020.878906,-2038.254272,5315.249512,0.811347,-0.463099,0.356728,0.100000,0.020000,1,0.269207
28.891375,17.983669,-0.905961,-22.031597,87.104355,-105.443687,-818.125977,-4618.526367,3390.759766,0.598236,-0.491842,-0.632618,0.100000,0.020000,1,0.121156
29.477091,17.788944,-0.366833,-359.475525,114.652252,110.073669,-22065.199219,7233.713379,6870.565918,0.796010,-0.445316,-0.409954,0.100000,0.020000,1,0.243067
29.223873,17.791698,0.132763,238.868866,-133.489090,-507.318634,13435.947266,-10036.457031,-31366.644531,0.905488,-0.414117,-0.092725,0.100000,0.020000,1,0.409446
28.940647,18.579569,0.399728,-579.574768,-193.298935,-40.450562,-38413.980469,-8532.249023,-937.721741,0.909766,-0.414834,0.015460,0.100000,0.020000,1,0.763361
29.363333,17.900429,0.374280,-254.892761,111.781326,87.841721,-15814.534180,7175.057129,5129.871582,0.695362,-0.453723,0.557322,0.100000,0.020000,1,0.385049
29.501549,17.821781,0.018025,-609.138550,-38.118065,-199.736633,-38031.835938,-1959.443115,-11838.198242,0.901870,-0.385262,-0.195457,0.100000,0.020000,1,0.279777
29.312225,17.868906,-0.053913,-35.911507,17.279163,-40.721428,-2664.546143,1784.109497,-3199.945801,0.916929,-0.382461,0.113860,0.100000,0.020000,1,0.269652
29.339018,17.912239,0.515135,82.395027,-230.239594,-31.508999,5564.291992,-14747.830078,-2183.906738,0.579195,-0.476787,0.661216,0.100000,0.020000,1,0.025137
28.979895,17.932562,0.516704,139.269409,-47.208466,42.988495,-3327.028320,-4786.153320,357.611084,0.899077,-0.366621,0.239270,0.100000,0.020000,1,0.756510
29.062557,17.884834,0.583976,-96.011375,57.154255,137.149887,-4843.542969,1400.824219,-1806.486816,0.766120,-0.383534,-0.515715,0.100000,0.020000,1,0.697913
29.871805,17.417616,1.951955,222.980911,-99.731354,480.123291,5281.600586,-10476.735352,17149.958984,0.791610,-0.391398,0.469214,0.100000,0.020000,1,0.227069
29.518431,18.406805,0.203215,14.119507,127.086426,-9.472284,1267.449829,10785.686523,-941.448669,0.875953,-0.346204,0.335931,0.100000,0.020000,1,0.996915
28.687370,18.284239,-1.212911,-89.603912,62.560257,-126.253754,-7573.876465,4623.791992,-10370.056641,0.369837,-0.546502,-0.751370,0.100000,0.020000,1,0.120587
30.239349,17.205414,1.157829,271.970642,-84.654800,139.756516,11725.529297,-14820.322266,6116.562500,0.755730,-0.367328,0.542164,0.100000,0.020000,1,0.725032
29.485283,17.903296,-1.082751,30.754669,-12.176098,-164.418671,3028.808838,-1373.712402,-12291.608398,0.476872,-0.481342,-0.735461,0.100000,0.020000,1,0.166924
29.436495,17.685551,0.483879,32.275406,-13.601192,161.906799,654.504089,-306.198242,15176.490234,0.896500,-0.320605,-0.305778,0.100000,0.020000,1,0.069908
29.230246,17.837872,-0.302132,79.865013,-64.578064,188.097046,3834.992188,-3475.837646,10956.594727,0.960444,-0.260829,-0.097549,0.100000,0.020000,1,0.707789
29.697889,18.640032,-0.396028,-223.044861,187.499695,391.380798,-13350.934570,15770.905273,22563.851562,0.957439,-0.254204,0.136713,0.100000,0.020000,1,0.875520
27.302391,18.917534,0.811704,-709.322937,414.516876,95.042381,-24292.384766,14107.401367,-2182.202637,0.966894,-0.255109,0.005956,0.100000,0.020000,1,0.770835
28.464769,18.625751,-1.483457,-340.725891,204.421860,-318.285095,-8197.124023,3340.671875,-9034.662109,0.667743,-0.374596,-0.643271,0.100000,0.020000,1,0.998463
29.575722,17.628502,-0.595682,-402.677582,232.545319,705.535889,-25015.728516,14079.636719,43542.039062,0.862049,-0.281105,-0.421725,0.100000,0.020000,1,0.693785
29.619658,17.916744,-0.269915,-579.292236,-1230.973267,583.547974,-36227.648438,-76855.507812,34869.562500,0.943669,-0.232362,0.235579,0.100000,0.020000,1,0.678232
29.228645,17.788944,0.278930,-244.956787,143.732758,124.759392,-12407.635742,5562.749512,2615.604492,0.952239,-0.230545,-0.200226,0.100000,0.020000,1,0.780462
29.450190,18.106415,0.561755,-398.542358,-167.748596,3.000293,-23925.835938,-10723.417969,-194.856384,0.354853,-0.531174,0.769373,0.100000,0.020000,1,0.881997
29.223326,17.836533,0.665329,60.381310,-34.989861,-464.925659,2711.550781,-1982.100464,-28155.689453,0.852369,-0.270254,0.447693,0.100000,0.020000,1,0.251199
29.683651,17.714462,0.390488,-190.692505,128.883240,-187.058716,-11512.000977,8023.044922,-11368.095703,0.919804,-0.202824,0.335891,0.100000,0.020000,1,0.788470
29.669113,17.886545,-0.162172,-181.578796,-438.948700,53.047966,-11045.315430,-27054.005859,3720.780029,0.935491,-0.193382,-0.295737,0.100000,0.020000,1,0.362699
29.043173,18.085926,-0.922642,-29.696320,47.913773,-67.854630,-4529.613770,3463.197754,-5645.369629,0.560473,-0.399442,-0.725476,0.100000,0.020000,1,0.770016
29.451693,17.660170,0.270397,-277.527863,165.386841,-302.290588,-18852.205078,7903.079102,-16816.335938,0.855710,-0.353665,-0.377733,0.100000,0.020000,1,0.037451
30.041182,18.951294,-1.096142,183.247726,273.360413,-186.280289,5304.167480,10682.285156,-4143.077148,0.722162,-0.297674,-0.624397,0.100000,0.020000,1,0.776138
29.861181,18.379873,-0.178686,190.850601,160.582001,-106.672028,8601.363281,3182.823730,-5132.129395,0.829311,-0.231615,-0.508524,0.100000,0.020000,1,0.863313
29.695013,18.965313,-0.346720,34.779449,385.630432,-152.021591,3534.248047,11366.494141,4561.620117,0.992544,-0.121826,0.003763,0.100000,0.020000,1,0.963995
29.114124,17.944036,-0.253691,-92.430145,80.325905,-177.811798,-2110.167969,1995.556152,-19602.419922,0.800862,-0.227627,0.553901,0.100000,0.020000,1,0.729729
29.701960,17.565088,1.786787,31.115765,-2.991331,418.092224,2114.699463,-792.594055,33412.277344,0.987824,-0.092221,0.125297,0.100000,0.020000,1,0.486941
29.672407,17.634121,-0.294589,-73.246613,40.743797,215.607361,-4606.554199,2263.525879,12749.115234,0.990451,-0.089975,-0.104457,0.100000,0.020000,1,0.313658
29.319633,18.206264,0.766981,21.193073,14.759277,21.460987,1707.620605,1464.897827,1842.277954,0.444650,-0.465312,0.765357,0.100000,0.020000,1,0.080709
29.849804,18.443581,0.116945,-93.997879,102.969849,-87.685257,-5888.967285,1949.058838,-2914.699707,0.880725,-0.148992,0.449582,0.100000,0.020000,1,0.959475
29.635040,17.618540,-0.267241,-320.547760,186.270752,-114.115097,-20108.240234,11092.556641,-6804.003418,0.893489,-0.139372,-0.426910,0.100000,0.020000,1,0.559987
30.316048,17.547749,-0.533614,192.800354,-89.018372,-195.629211,273.984131,481.539062,-21551.613281,0.967692,-0.088000,0.236279,0.100000,0.020000,1,0.705137
29.804274,17.786110,-0.304999,-122.457214,83.254440,219.651306,-7209.637207,5528.997070,13250.837891,0.979785,-0.073349,-0.186122,0.100000,0.020000,1,0.638337
29.686464,17.944857,-0.203588,-7.128092,7.923279,9.833448,-406.949036,1308.827148,912.487061,0.944356,-0.068125,-0.321792,0.100000,0.020000,1,0.278869
29.464739,18.087622,0.447463,14.829403,6.267151,-19.630032,1260.209473,990.262207,-1828.266724,0.640565,-0.331670,0.692583,0.100000,0.020000,1,0.060370
29.217304,18.254927,1.052312,-63.938293,-64.155830,163.298737,-5114.241699,-2595.145020,12361.295898,0.710113,-0.244961,0.660101,0.100000,0.020000,1,0.103931
30.001593,20.458843,0.237317,118.752716,682.736328,153.350311,9089.792969,54142.351562,12462.951172,0.856158,-0.111263,-0.504592,0.100000,0.020000,1,0.920754
30.326027,18.405699,0.493214,159.950317,153.133301,69.937302,12727.103516,12377.391602,5318.087891,0.944352,-0.043843,0.326001,0.100000,0.020000,1,0.759856
29.498583,17.661013,-0.619883,-46.975025,35.580681,223.647522,-3164.515625,1315.984253,13760.958984,0.757635,-0.172929,-0.629353,0.100000,0.020000,1,0.653444
30.212473,17.220930,1.394693,168.850632,11.620872,333.471344,-7095.697266,-18274.953125,16891.916016,0.999094,0.042098,0.006239,0.100000,0.020000,1,0.813542
29.392944,18.150488,0.742958,-31.937065,-94.756165,-79.381027,-1727.147705,-5474.824219,-4608.791504,0.527705,-0.376839,0.761262,0.100000,0.020000,1,0.805641
29.945366,18.123508,-0.135249,250.039734,-6.643607,103.623688,18056.234375,172.622894,8589.924805,0.604113,-0.304831,-0.736292,0.100000,0.020000,1,0.918761
29.493876,17.725622,0.785792,328.013062,-188.178207,-781.743469,20086.699219,-12349.011719,-47982.949219,0.836897,-0.080238,0.541448,0.100000,0.020000,1,0.803826
29.676737,17.619280,-0.479011,-26.614605,14.956058,187.124451,-1858.547119,230.547684,11247.230469,0.914338,-0.008136,-0.404870,0.100000,0.020000,1,0.307127
29.193758,18.404308,0.746861,-143.995056,116.211914,152.745758,-11527.905273,9084.608398,13427.716797,0.990275,0.069575,0.120476,0.100000,0.020000,1,0.785284
29.995728,17.912533,-0.160465,-684.208618,305.542389,637.396484,-42392.292969,19991.414062,39928.667969,0.991934,0.073642,-0.103166,0.100000,0.020000,1,0.933406
29.691498,17.663450,0.421949,-38.976013,13.864760,-199.373077,-2600.225342,282.472290,-12376.308594,0.898993,0.002649,0.437955,0.100000,0.020000,1,0.737150
31.025126,20.037428,-0.308028,338.908875,646.336182,-83.207397,24256.476562,21796.750000,4778.181641,0.975043,0.081342,-0.206579,0.100000,0.020000,1,0.402132
29.590937,17.956184,0.539708,-29.264221,9.887722,6.444236,-1782.709595,830.031677,322.964539,0.740409,-0.133283,0.658810,0.100000,0.020000,1,0.108629
29.695761,17.585442,0.240445,12.141732,13.047111,5.583336,319.413879,-40.670135,154.993454,0.937052,0.085360,0.338595,0.100000,0.020000,1,0.980775
29.651361,18.032236,-0.528866,-490.718933,165.615738,-152.811859,-30278.601562,10757.179688,-9284.581055,0.654162,-0.218440,-0.724124,0.100000,0.020000,1,0.948442
30.190260,17.443996,0.002090,18.511238,18.709053,67.197472,-2726.354736,1609.407593,2199.816406,0.944827,0.118047,-0.305560,0.100000,0.020000,1,0.197815
29.725075,17.971369,-0.671167,-65.094482,129.930145,198.141144,-3795.636475,8521.660156,11930.743164,0.776609,-0.053769,-0.627684,0.100000,0.020000,1,0.564062
30.073936,17.400520,0.631019,77.753326,-14.707245,150.784241,5851.839355,-2520.576660,11317.460938,0.962711,0.132658,0.235772,0.100000,0.020000,1,0.045120
30.027431,18.016060,-0.083760,-264.304016,-149.871429,208.098999,-16196.364258,-8502.613281,13064.609375,0.975709,0.204463,-0.078654,0.100000,0.020000,1,0.336933
29.776569,17.834024,-0.317015,-120.671204,-135.369003,-26.369511,-7543.245605,-8665.189453,-1101.850464,0.845035,0.057941,-0.531563,0.100000,0.020000,1,0.257961
29.909107,17.762257,0.122041,14.669592,-5.948364,-0.575076,849.852661,-528.229309,71.325928,0.967447,0.226283,0.113325,0.100000,0.020000,1,0.723662
30.211918,17.602547,0.233929,65.375946,-85.530609,46.793404,5290.034180,-6208.201172,3828.149414,0.972185,0.232409,0.029025,0.100000,0.020000,1,0.455498
30.541489,17.788628,2.293041,375.363892,9.454666,521.334045,4223.304688,4311.699219,15953.297852,0.761277,-0.029316,0.647764,0.100000,0.020000,1,0.595434
29.729517,18.034716,0.352150,44.645607,-86.108383,169.348236,2661.934326,-4780.134277,10200.188477,0.830628,0.071340,0.552240,0.100000,0.020000,1,0.672805
29.212126,18.216591,0.439743,29.720755,-47.496742,323.370300,-762.215637,-1471.370117,20672.173828,0.883561,0.148632,0.444104,0.100000,0.020000,1,0.475962
31.163591,17.583168,-0.071833,344.928894,-100.159424,77.053650,27244.101562,-7421.660645,6062.976074,0.892379,0.159102,-0.422311,0.100000,0.020000,1,0.497511
29.981422,18.013474,0.214101,-252.131714,-66.587967,-62.341232,-15701.070312,-3405.189941,-3886.404785,0.941887,0.236783,0.238293,0.100000,0.020000,1,0.204968
28.995325,17.936930,0.643427,181.714478,-100.888901,-542.515137,9353.666016,-6577.968262,-34231.691406,0.628627,-0.191253,0.753823,0.100000,0.020000,1,0.025706
29.355326,17.715805,-0.580976,13.217552,22.893471,0.000000,-1466.747314,-2620.369385,4187.276855,0.688034,-0.097004,-0.719166,0.100000,0.020000,1,0.562639
29.838827,18.061529,-0.446690,99.076408,-114.741310,44.653488,6234.659180,-6503.748047,2757.823486,0.846231,0.158724,-0.508625,0.100000,0.020000,1,0.999548
30.399565,18.576735,-0.854551,156.944977,207.914276,-104.732208,11777.020508,16131.450195,-9069.160156,0.910026,0.271369,-0.313387,0.100000,0.020000,1,0.304920
28.932751,17.959778,-0.738123,24.576336,128.660553,-16.912666,-17033.621094,-20430.699219,-139.612305,0.775974,0.083987,-0.625148,0.100000,0.020000,1,0.590968
29.976017,18.131781,0.283013,-564.450439,-298.379913,-44.087963,-35514.667969,-17722.591797,-2821.217041,0.899206,0.270493,0.343893,0.100000,0.020000,1,0.143399
29.718506,17.506123,0.105818,-172.743317,100.139626,-118.404907,-12313.400391,4675.532715,-6695.440430,0.929150,0.356450,-0.098099,0.100000,0.020000,1,0.798754
29.854622,18.110624,-0.120567,-46.727631,23.892899,-21.558418,-3700.958496,2552.926514,-1942.307861,0.930967,0.364447,0.021879,0.100000,0.020000,1,0.191533
29.515371,18.242912,0.640141,-63.061005,28.464317,82.421204,-5411.871582,3172.017822,5943.263672,0.818212,0.183688,0.544782,0.100000,0.020000,1,0.544559
29.911055,17.748676,-0.531507,28.622940,1.949609,-53.497498,1480.730469,-295.584076,-4903.890137,0.930334,0.310276,-0.195470,0.100000,0.020000,1,0.143720
30.046692,18.205328,-0.316417,-340.663055,-164.010254,88.580536,-21135.675781,-9058.190430,5690.395996,0.869039,0.290709,-0.400325,0.100000,0.020000,1,0.978764
29.664328,17.586946,0.411876,262.729950,-136.673965,-601.168823,15070.458008,-9851.916992,-36994.910156,0.906844,0.361412,0.216829,0.100000,0.020000,1,0.672342
30.024246,18.263290,-0.108966,51.271255,-38.619789,100.856018,3214.292236,-835.278625,6642.059082,0.908036,0.364759,-0.205966,0.100000,0.020000,1,0.746812
29.785728,18.049047,-0.465212,11.241468,-13.105893,-245.503052,9.572448,-281.540436,-19053.255859,0.841877,0.291402,0.454233,0.100000,0.020000,1,0.234205
30.280483,17.574011,0.173939,68.584274,-80.828430,59.480354,5257.550781,-6407.712891,4061.643799,0.909353,0.398881,0.118198,0.100000,0.020000,1,0.271235
29.633440,18.169481,0.565042,-16.289047,-59.842567,113.193085,-1595.230103,-2911.761963,7133.098145,0.737193,0.099408,0.668330,0.100000,0.020000,1,0.591804
29.974386,18.030321,-0.408072,-9.601271,-27.946957,-35.339115,-417.504791,-1438.607056,-1617.730713,0.868572,0.383299,-0.314109,0.100000,0.020000,1,0.392897
29.999018,17.437704,0.422773,-34.591621,48.315094,-507.908447,-2336.294189,1033.306274,-31442.005859,0.864852,0.383769,0.323655,0.100000,0.020000,1,0.458398
28.850174,18.249462,-1.296755,-123.829681,96.168488,-156.296539,-11310.137695,7164.182617,-12694.543945,0.683864,0.014653,-0.729462,0.100000,0.020000,1,0.345866
29.767672,17.816753,-0.738062,-36.378838,30.468201,239.097534,-2735.678955,1280.005371,14185.205078,0.759327,0.217541,-0.613269,0.100000,0.020000,1,0.781352
30.057236,17.970804,-0.552792,-199.852936,143.441589,176.117981,-12214.240234,9083.542969,10655.467773,0.793819,0.314189,-0.520708,0.100000,0.020000,1,0.752240
29.834259,18.328009,0.350309,-50.847427,29.097847,87.023087,-4468.722168,3407.957031,7233.310059,0.859669,0.504884,-0.077853,0.100000,0.020000,1,0.712148
31.529337,17.666948,-0.094304,527.312317,-114.621429,-199.605515,17307.703125,-3659.674805,-5972.130859,0.737957,0.196682,0.645551,0.100000,0.020000,1,0.206000
30.184755,18.019218,0.336197,-461.644135,81.080093,-137.229980,-28908.253906,5315.730957,-8031.379395,0.835678,0.504075,0.218063,0.100000,0.020000,1,0.557977
30.068085,18.087580,-0.042668,4.975543,-8.951028,-147.618988,17.726452,-96.940796,-8807.110352,0.834423,0.515831,-0.194054,0.100000,0.020000,1,0.480072
30.120008,17.559708,-0.168316,-174.701904,118.606918,51.128998,-11174.947266,5774.612793,2438.318115,0.846293,0.532171,0.024108,0.100000,0.020000,1,0.409677
30.007645,18.184967,-0.517691,30.961800,161.370850,434.097961,1726.687378,10993.618164,26750.388672,0.793203,0.434977,-0.426174,0.100000,0.020000,1,0.717576
28.032995,18.479254,2.328177,-207.872711,130.125916,451.266693,-19357.425781,9001.370117,46465.132812,0.662730,0.010493,0.748785,0.100000,0.020000,1,0.647376
30.525728,20.159800,-0.250548,364.153198,653.899414,80.060577,7225.909180,21137.406250,6367.094727,0.689613,0.123874,-0.713505,0.100000,0.020000,1,0.901767
30.028004,17.998026,0.364392,-83.605667,48.232384,23.169212,-5406.621094,2997.166748,1348.918701,0.772541,0.436806,0.460848,0.100000,0.020000,1,0.551980
30.062693,18.019920,-0.105048,33.583324,-153.930450,-22.573608,1385.118408,-6160.666504,-2489.876465,0.790359,0.525588,-0.314787,0.100000,0.020000,1,0.721776
31.040451,18.442488,-0.912639,262.390442,43.356232,-88.233948,20720.421875,4460.035645,-7568.117188,0.745304,0.428000,-0.511213,0.100000,0.020000,1,0.360884
30.900055,18.963968,1.252917,257.756256,223.095673,493.005127,15351.247070,619.526367,16762.193359,0.708053,0.309894,-0.634529,0.100000,0.020000,1,0.916216
29.891558,18.660709,0.035001,24.401115,-89.645538,-126.865997,137.899704,-3141.608643,-7943.195312,0.768713,0.639181,0.022978,0.100000,0.020000,1,0.666381
29.989805,18.163515,0.334948,-191.154648,148.629608,491.864441,-12251.645508,9824.017578,30455.355469,0.711204,0.423898,0.560803,0.100000,0.020000,1,0.349140
29.853996,18.132309,-0.292350,-2.711430,-51.360397,64.990738,-1329.509033,-2933.134521,4342.956055,0.739681,0.532200,-0.411868,0.100000,0.020000,1,0.162742
30.139662,18.167978,0.361324,-150.918884,272.244385,51.205238,-9450.825195,17606.394531,3168.704346,0.727266,0.524148,0.443118,0.100000,0.020000,1,0.576109
29.422762,19.558212,0.546911,-164.839737,387.426178,265.967041,-11598.645508,23783.964844,15002.881836,0.754795,0.649354,-0.092866,0.100000,0.020000,1,0.495376
29.897152,17.818321,0.775666,-118.843323,-49.267303,279.994965,-8919.734375,-4213.872559,20497.515625,0.744698,0.656966,0.117566,0.100000,0.020000,1,0.812706
29.770063,18.037436,0.747584,-45.201424,90.808990,-147.060974,-2782.939209,5752.406250,-8819.126953,0.654137,0.102954,0.749336,0.100000,0.020000,1,0.693713
30.188068,17.901073,0.489910,116.158936,-15.606842,-19.804325,4182.444824,-1276.472168,1810.958740,0.738498,0.337042,0.583972,0.100000,0.020000,1,0.003605
29.933332,18.300692,0.666128,-43.683449,-92.627762,-87.456589,-2758.569336,-4827.847656,-5087.649902,0.681597,0.311442,0.662140,0.100000,0.020000,1,0.723342
30.101788,18.305704,0.164695,48.303268,-181.401123,-104.464813,2644.924805,-10308.537109,-6386.291992,0.788936,0.599380,0.135368,0.100000,0.020000,1,0.015599
30.004328,18.017790,0.213886,1.360519,-24.614651,72.105530,-809.069336,-1868.686523,4566.355957,0.727367,0.640060,0.247507,0.100000,0.020000,1,0.158293
29.150412,18.158749,-0.331254,-84.372894,92.087364,65.668350,-8370.928711,4480.683105,4630.485352,0.711377,0.632851,-0.305685,0.100000,0.020000,1,0.862192
30.469986,18.537207,-0.724091,64.683685,50.028641,-124.340240,5060.430664,4987.564453,-10204.295898,0.725776,0.661538,-0.188722,0.100000,0.020000,1,0.119252
29.918751,18.227972,0.335345,51.766357,-333.220581,153.986542,2210.178711,-20392.501953,9879.335938,0.733844,0.582372,0.349737,0.100000,0.020000,1,0.036507
30.479404,18.183023,-0.405526,-541.327332,264.742432,-266.511200,-32624.175781,16973.355469,-16634.978516,0.664321,0.526981,-0.530064,0.100000,0.020000,1,0.490197
29.575893,18.083002,0.684287,-163.705139,-68.406998,98.149170,-13026.499023,-4569.562500,7844.723145,0.672125,0.657338,0.340815,0.100000,0.020000,1,0.830838
30.546322,18.310818,-0.474301,85.297119,-23.906147,-87.123688,6471.419434,-885.073181,-7184.544434,0.671619,0.736164,-0.083602,0.100000,0.020000,1,0.635792
29.963112,18.367496,-0.722538,-23.944912,-33.948246,-140.338226,-1794.591675,-1089.725342,-9655.791016,0.645675,0.437621,-0.625773,0.100000,0.020000,1,0.660580
30.435751,17.871681,0.720956,81.640121,-105.808899,65.540619,6479.635254,-7786.723633,5250.038086,0.648375,0.541605,0.535046,0.100000,0.020000,1,0.420461
30.123932,18.363400,0.402586,407.241180,-455.763367,-1397.544312,25426.410156,-27912.728516,-88068.421875,0.645869,0.628906,0.432816,0.100000,0.020000,1,0.608566
30.097086,18.322695,-0.563338,-10.923405,40.002937,23.805941,-1114.990479,3215.011230,618.086426,0.649611,0.637729,-0.413893,0.100000,0.020000,1,0.242391
29.783236,17.941267,-0.271853,-172.577087,145.707001,60.328430,-13017.666992,8199.979492,2243.534668,0.652810,0.747853,0.120649,0.100000,0.020000,1,0.994762
28.865643,18.877249,0.069641,-332.309265,-194.888184,109.278625,-26920.056641,-9477.896484,7923.982910,0.627560,0.750529,-0.207063,0.100000,0.020000,1,0.982679
30.481987,18.415615,0.049306,-735.694580,125.869278,90.921661,-45706.320312,8854.678711,5900.098633,0.637349,0.770471,0.012671,0.100000,0.020000,1,0.709942
29.462004,18.245468,-0.807691,-201.165192,199.626556,170.590240,-14249.945312,13336.678711,10031.268555,0.637394,0.203503,-0.743180,0.100000,0.020000,1,0.108807
29.899063,18.353001,0.331814,-225.814178,249.197449,359.146606,-14754.986328,16632.250000,21721.962891,0.618132,0.430945,0.657419,0.100000,0.020000,1,0.412186
30.671295,17.414028,-1.414171,132.793320,-305.512878,-484.339935,5621.122559,-8896.540039,-15408.386719,0.612990,0.759440,0.217933,0.100000,0.020000,1,0.340349
29.543354,17.829807,-0.591780,-635.494934,434.345764,-246.461639,-42394.117188,25976.906250,-15865.166992,0.597845,0.520480,-0.609658,0.100000,0.020000,1,0.283104
29.586573,18.114691,-0.030372,-63.095001,-102.432823,84.799118,-6445.325684,-6834.979004,7029.031250,0.591918,0.625838,-0.507898,0.100000,0.020000,1,0.694461
30.455732,18.611370,-0.347575,53.296860,21.801865,-15.127720,4090.492676,2929.179932,-1344.061279,0.583132,0.755166,-0.299467,0.100000,0.020000,1,0.163311
29.509794,18.158554,-0.556023,-40.676758,29.000725,44.318687,-4248.955566,2002.948242,3076.196045,0.607720,0.305781,-0.732922,0.100000,0.020000,1,0.994441
29.755894,18.021421,-0.229673,-38.147018,40.075470,-174.815338,-1011.545532,7121.023438,-13645.704102,0.555510,0.723365,-0.410062,0.100000,0.020000,1,0.795516
30.054684,18.429480,0.258727,76.005775,-26.569092,39.913521,3867.745117,-976.853943,2384.215820,0.556957,0.756599,0.342573,0.100000,0.020000,1,0.982359
30.102831,18.491692,-0.067946,-172.461716,-21.017359,375.511108,-11867.889648,-482.330627,23780.824219,0.544392,0.832604,-0.102017,0.100000,0.020000,1,0.795640
29.674076,19.271938,2.383623,-155.596741,278.292419,592.801941,-1774.135986,6265.108398,16539.390625,0.548687,0.628898,0.550844,0.100000,0.020000,1,0.699372
29.325714,18.252829,0.265290,132.597534,-29.511513,-99.716263,4162.167480,-2088.123291,-4534.348633,0.523736,0.831905,-0.183398,0.100000,0.020000,1,0.588548
30.085707,18.329550,0.118994,-414.708344,32.646610,-429.302155,-27285.009766,2109.933350,-26673.562500,0.517018,0.855728,0.020547,0.100000,0.020000,1,0.615008
30.275293,18.532148,-0.082983,26.215965,-141.778305,-174.620667,1483.883789,-8093.490723,-10352.441406,0.495764,0.819911,-0.286293,0.100000,0.020000,1,0.932658
30.259768,18.588659,0.068228,-344.166840,-197.328674,-42.291531,-22080.291016,-11348.392578,-2850.622559,0.508579,0.850942,0.131319,0.100000,0.020000,1,0.265345
30.463146,18.636435,0.301955,-509.791260,-188.243835,-111.214783,-31630.232422,-10599.303711,-6546.379395,0.498226,0.838143,0.222007,0.100000,0.020000,1,0.647020
29.643871,19.030972,0.363652,424.019501,-84.348022,-197.867004,24956.873047,-1932.939209,-13309.841797,0.543506,0.519877,0.659036,0.100000,0.020000,1,0.433539
30.464958,18.341885,0.010444,118.223137,-72.456429,-136.709381,3738.054688,-1990.465332,-4622.441406,0.494308,0.744644,0.448515,0.100000,0.020000,1,0.336274
30.340071,17.215862,-0.570969,55.762207,-409.298798,-45.746689,2682.040527,-12785.159180,-1553.179443,0.475533,0.719526,-0.506113,0.100000,0.020000,1,0.721366
30.406059,18.764778,0.489541,57.605042,32.760559,48.651955,3556.876465,4665.214355,3622.310547,0.453963,0.819002,0.350931,0.100000,0.020000,1,0.319565
29.685623,18.344639,0.459272,-27.898216,10.987572,-53.736572,-2373.902832,1753.639282,-4178.472656,0.612914,0.208771,0.762070,0.100000,0.020000,1,0.030920
29.629875,17.557293,-0.717655,78.801727,3.582905,-336.071625,-2226.472656,-7866.998047,-12344.670898,0.581096,0.299595,0.756684,0.100000,0.020000,1,0.886019
30.223949,18.552952,-0.006036,-202.535767,-83.773567,397.429596,-13398.936523,-4827.072266,24646.015625,0.383810,0.915992,0.116828,0.100000,0.020000,1,0.314458
30.331171,17.152399,1.061401,215.384354,-50.922554,295.326965,2343.550537,-17207.701172,14696.166992,0.371237,0.924153,-0.090137,0.100000,0.020000,1,0.559436
30.786579,17.518599,0.997756,304.123047,-30.138977,394.255676,21099.292969,-9143.840820,30618.400391,0.464037,0.622058,-0.630646,0.100000,0.020000,1,0.202050
30.075264,18.627535,0.500867,-21.323524,-70.564415,-38.691177,-1917.245239,-3352.945312,-2325.521240,0.423352,0.714799,0.556629,0.100000,0.020000,1,0.183402
29.972897,18.312847,0.479764,188.483292,-74.361328,-272.957153,10625.099609,-5096.996094,-16826.742188,0.392614,0.801367,0.451293,0.100000,0.020000,1,0.518330
30.394651,18.513010,-0.103928,26.644402,46.524086,-12.984650,2091.673340,3330.619629,200.147202,0.387978,0.825692,-0.409518,0.100000,0.020000,1,0.138274
31.468033,17.982256,2.862263,378.362671,-258.989655,732.610962,17584.746094,-2775.531250,40358.414062,0.352989,0.905657,0.234914,0.100000,0.020000,1,0.707237
31.039619,19.462852,0.514121,214.097321,159.878021,126.646606,14382.469727,12468.403320,7720.985352,0.355638,0.934622,0.002012,0.100000,0.020000,1,0.508970
29.217043,18.453638,-0.063248,-94.461090,142.611511,139.044373,-9131.608398,10069.617188,11148.517578,0.536769,0.400780,-0.742465,0.100000,0.020000,1,0.157065
30.112663,18.760454,0.205521,34.787674,14.230629,159.424072,-3695.149170,3562.000488,9965.985352,0.486951,0.503831,-0.713466,0.100000,0.020000,1,0.934741
28.677464,19.488022,0.891616,-337.191711,303.315735,55.459213,-27296.203125,24059.548828,4858.984375,0.452258,0.592294,0.666821,0.100000,0.020000,1,0.665563
30.084457,18.509813,-0.561052,2.138320,130.684540,29.666641,-258.477051,8793.779297,1709.940918,0.396093,0.682255,-0.614523,0.100000,0.020000,1,0.780159
30.570906,18.359892,-0.713461,17.786247,-39.679749,-65.282318,2094.985352,-3092.906982,-5980.219238,0.309226,0.896957,-0.315987,0.100000,0.020000,1,0.411136
30.316204,18.737066,-0.044568,186.113831,-107.629807,437.916595,11678.031250,-5815.482422,26267.613281,0.305009,0.891665,0.334519,0.100000,0.020000,1,0.770283
29.432796,18.958879,1.253649,-203.547546,64.922836,380.640259,-16824.523438,5816.050781,29229.675781,0.270679,0.962618,0.010010,0.100000,0.020000,1,0.414037
28.677633,18.875399,0.662946,-427.415192,18.487228,342.696381,-14778.688477,3677.982666,10035.002930,0.330262,0.787019,-0.521083,0.100000,0.020000,1,0.078004
30.321718,18.531853,-0.255788,-69.262802,56.912292,82.754578,-4292.912598,3705.878174,5645.201172,0.294022,0.858669,-0.419808,0.100000,0.020000,1,0.896518
30.130667,18.767609,-0.090768,-3.208492,-22.353781,10.467461,-1245.119995,-583.742371,628.663391,0.244994,0.964579,-0.097802,0.100000,0.020000,1,0.431190
29.733570,19.291641,0.501756,7.345322,485.600800,32.864502,2686.660400,23915.492188,1143.563232,0.319414,0.766270,0.557499,0.100000,0.020000,1,0.625792
29.986551,18.629318,-0.360312,13.631189,-35.911850,-43.537323,-721.377502,-1810.543091,-3521.439209,0.295633,0.932767,-0.206269,0.100000,0.020000,1,0.028162
30.132433,18.572561,0.184422,178.307892,17.218006,-311.868225,10293.430664,1033.706299,-19698.998047,0.222240,0.949638,0.220899,0.100000,0.020000,1,0.720263
30.291885,18.673656,-0.494975,24.129688,-48.341675,-139.556488,1163.393311,-2718.580322,-11280.622070,0.217153,0.969508,0.113568,0.100000,0.020000,1,0.939759
30.178448,18.119888,-1.295903,68.025253,-139.450562,-194.363052,2471.478027,-2329.600586,-9959.951172,0.418097,0.565621,-0.710822,0.100000,0.020000,1,0.814823
30.087191,18.971365,0.693812,20.392841,63.236206,31.741081,984.863586,6321.707031,2587.337646,0.352037,0.671388,0.652156,0.100000,0.020000,1,0.268655
30.047846,18.792191,0.247287,113.995590,-63.075378,79.321152,5988.207031,-3229.443604,4901.512207,0.184341,0.929069,0.320701,0.100000,0.020000,1,0.788861
30.278875,18.780216,-0.264248,-78.472488,59.293968,-30.266155,-5213.660645,4397.654297,-1942.196045,0.173170,0.937429,-0.302057,0.100000,0.020000,1,0.280115
30.017147,19.226370,1.303468,63.445602,194.147278,153.602325,4264.891602,16504.275391,12423.690430,0.517881,0.381349,0.765750,0.100000,0.020000,1,0.248209
29.688374,18.305557,0.777076,25.307854,-11.558857,-17.410782,234.573975,-611.965637,-529.620911,0.460174,0.468385,0.754225,0.100000,0.020000,1,0.995349
31.319420,18.543062,-0.640375,363.652466,-57.242882,-22.096260,27634.478516,-3365.494385,-1896.617920,0.286026,0.737042,-0.612339,0.100000,0.020000,1,0.388804
31.654636,19.170401,-0.190986,351.964966,304.966736,2.020386,7484.375488,14664.050781,4881.528809,0.221224,0.867046,0.446420,0.100000,0.020000,1,0.005136
29.971960,19.066460,-0.084881,-64.902512,111.482788,105.291580,-5778.642578,8625.712891,6253.018066,0.113239,0.993509,0.010801,0.100000,0.020000,1,0.867530
29.877775,19.619623,0.446405,-77.185318,167.391754,82.197586,-6909.576660,14362.918945,6676.448242,0.082888,0.990874,0.106297,0.100000,0.020000,1,0.941680
29.965979,19.540642,-1.947621,-59.089394,209.993576,-448.272614,1833.549072,8619.762695,-13872.786133,0.196329,0.824115,-0.531309,0.100000,0.020000,1,0.198989
30.228096,18.358738,0.234891,141.453293,-408.653870,9.583502,8654.345703,-27035.861328,58.613792,0.122792,0.894288,0.430315,0.100000,0.020000,1,0.760603
30.323338,19.100260,0.013808,-149.387238,-332.957092,-114.739426,-9604.637695,-19438.000000,-6897.246094,0.070015,0.994255,-0.080968,0.100000,0.020000,1,0.214417
31.242796,18.208616,-0.668747,337.684021,-190.959808,-233.533691,25058.294922,-14206.405273,-18303.527344,0.063087,0.974284,0.216313,0.100000,0.020000,1,0.184861
31.932281,19.397242,-1.411372,553.560852,122.929291,-387.198364,17494.757812,3733.307373,-17338.853516,0.059883,0.978093,-0.199367,0.100000,0.020000,1,0.993445
30.004740,18.502846,0.636876,-9.154572,19.806896,93.650085,-1550.220581,906.260071,6596.866699,0.184499,0.810119,0.556478,0.100000,0.020000,1,0.372931
29.841846,18.348989,1.922066,-39.621170,-90.025757,335.195068,-3901.320312,-6415.483887,26887.062500,0.233951,0.724297,0.648584,0.100000,0.020000,1,0.129306
30.048023,19.113701,-0.367882,-2.834620,-1074.785278,-571.135254,-837.158936,-65629.164062,-35429.382812,0.175731,0.774319,-0.607905,0.100000,0.020000,1,0.878385
29.737812,19.367849,-0.444219,-120.820251,118.910950,-59.461685,-10204.819336,10361.276367,-4856.751953,0.109229,0.971138,-0.212039,0.100000,0.020000,1,0.116138
29.793980,18.411016,0.726908,46.712826,-14.773638,-50.276215,1865.534180,-724.905457,-2813.323242,0.378285,0.536873,0.754101,0.100000,0.020000,1,0.615097
29.734423,19.826982,-1.983926,-36.877132,319.087036,-373.566406,-2485.125244,24543.263672,-27796.632812,0.308733,0.609561,-0.730150,0.100000,0.020000,1,0.553635
30.187244,19.034840,-0.323106,-86.466522,-335.443726,-158.524506,-5879.707520,-19682.859375,-9809.006836,0.096177,0.894884,-0.435812,0.100000,0.020000,1,0.067470
28.237492,19.394108,-0.638348,-592.665039,289.112183,-167.765594,-16084.804688,12641.109375,-6098.806641,0.016866,0.947097,-0.320504,0.100000,0.020000,1,0.489930
29.931698,17.864960,0.627590,210.085205,-71.515244,53.086090,11669.510742,-8145.958984,4920.587891,0.007444,0.939392,0.342764,0.100000,0.020000,1,0.998676
30.601961,18.821461,0.205593,123.669968,-76.642090,53.654205,7057.221680,-8387.429688,-1844.021484,-0.052041,0.998467,0.018844,0.100000,0.020000,1,0.772597
30.118757,19.093538,0.113078,-72.002319,-115.538940,-84.749329,-5431.960449,-6210.893066,-5320.048340,-0.065331,0.990027,0.124810,0.100000,0.020000,1,0.528117
29.966972,18.844143,0.024972,-107.307922,-23.647715,66.153610,-8287.085938,-1518.556885,4587.998535,-0.083417,0.992733,-0.086738,0.100000,0.020000,1,0.086172
28.871651,18.257259,-0.841432,413.667664,-159.375977,18.160131,20852.107422,-11150.797852,139.492279,0.226553,0.670184,-0.706772,0.100000,0.020000,1,0.455925
30.228706,18.932287,0.637285,46.807472,16.243362,15.917183,3149.308350,2346.488037,1399.919189,0.133207,0.757800,0.638744,0.100000,0.020000,1,0.884773
29.802294,19.068094,0.238327,100.729385,-162.575592,230.758209,4572.898438,-8727.076172,13623.917969,0.053121,0.836282,0.545719,0.100000,0.020000,1,0.665722
30.105616,19.052658,0.490730,-155.457001,-136.385773,-429.423981,-10498.411133,-7452.253418,-26572.244141,-0.018423,0.903894,0.427360,0.100000,0.020000,1,0.928779
31.166447,19.487192,-0.752946,307.350769,83.852020,-147.561676,22968.839844,7939.924805,-11745.224609,-0.092275,0.975130,-0.201510,0.100000,0.020000,1,0.582658
29.815262,18.867262,0.687965,-24.428463,44.356644,8.444927,-1909.356934,4646.317871,1633.760986,0.286475,0.604011,0.743709,0.100000,0.020000,1,0.622571
30.167234,18.840555,-0.460333,-529.735718,558.153809,56.913498,-33700.152344,35501.246094,3478.985840,-0.030411,0.859732,-0.509840,0.100000,0.020000,1,0.286111
32.040672,20.300659,2.361619,616.453003,315.575104,662.401123,15045.402344,15802.064453,18455.441406,-0.129321,0.961424,0.242776,0.100000,0.020000,1,0.098255
29.927092,18.968437,0.320188,62.371681,-38.627914,-12.395897,2497.969482,-2046.181885,-612.033875,-0.127983,0.935669,0.328852,0.100000,0.020000,1,0.709728
30.379942,19.028595,-0.676770,87.879578,-7.849928,-25.030510,6356.550781,832.948486,-2238.383057,0.029002,0.791036,-0.611082,0.100000,0.020000,1,0.603317
31.551208,21.266275,2.729595,443.415405,638.705383,930.277771,14052.137695,20811.494141,26207.789062,-0.132748,0.937748,-0.320947,0.100000,0.020000,1,0.209310
30.159071,20.739540,-0.597745,20.004856,473.612610,-202.271286,1311.102783,12886.164062,5433.484375,-0.217322,0.976094,0.003519,0.100000,0.020000,1,0.192779
30.387018,19.015532,-0.509771,70.603226,-8.217276,-24.637444,4986.285645,347.944183,-2174.112061,-0.057248,0.903077,-0.425646,0.100000,0.020000,1,0.080495
30.071154,19.058519,0.593566,-38.829468,-96.410614,-128.649902,-3004.525391,-5021.010254,-7558.321777,-0.069526,0.838614,0.540271,0.100000,0.020000,1,0.889418
30.143934,17.771767,0.015121,-85.773376,128.960739,-301.301971,-5801.457031,3469.166260,-17519.595703,-0.155106,0.901368,-0.404325,0.100000,0.020000,1,0.531213
30.100370,19.219042,2.353552,6.615662,8.264671,677.888794,4300.434570,-3242.099854,37405.671875,-0.236213,0.964878,0.114953,0.100000,0.020000,1,0.868100
28.484488,18.218584,-2.237175,-33.255432,87.814445,-668.368164,-8738.710938,-12531.772461,-22474.357422,-0.238809,0.968106,-0.075768,0.100000,0.020000,1,0.584081
29.824112,18.830238,0.753185,-21.091843,-171.776855,-155.830780,-2730.164062,-10343.067383,-8993.046875,0.020739,0.760499,0.649008,0.100000,0.020000,1,0.482314
30.061312,18.505129,0.352579,9.685122,-16.350258,84.245323,464.998383,-1165.377686,4147.097168,0.195442,0.638220,0.744633,0.100000,0.020000,1,0.211784
28.570621,18.839108,-0.085656,20.509094,37.412903,-154.123718,13452.805664,5347.096680,-7234.838867,-0.166082,0.876704,0.451450,0.100000,0.020000,1,0.113611
29.925701,19.158567,0.428416,348.041504,-186.146637,-397.334351,20707.394531,-10953.206055,-24427.357422,-0.245365,0.914953,0.320402,0.100000,0.020000,1,0.055263
29.724613,18.037363,0.714031,-49.339035,-336.721619,315.783600,-4325.725586,-19044.431641,15224.204102,-0.250132,0.916608,-0.311872,0.100000,0.020000,1,0.928690
26.520290,20.282389,1.895285,-1006.766296,332.464355,586.835815,-40344.421875,11935.985352,25197.298828,-0.266927,0.939404,-0.215104,0.100000,0.020000,1,0.194078
30.707083,18.879021,0.043840,188.146301,57.532593,175.961609,14353.907227,4699.254883,13852.719727,0.104399,0.684234,-0.721751,0.100000,0.020000,1,0.178081
30.063408,19.082582,0.105213,41.443161,16.088326,176.836975,2215.082031,2207.843018,13774.698242,-0.075658,0.787245,-0.611982,0.100000,0.020000,1,0.364336
30.206408,18.582241,0.800953,137.279114,-55.106354,105.913177,7860.245605,-1717.994751,552.633545,0.107585,0.670965,0.733642,0.100000,0.020000,1,0.249793
31.135736,19.676046,1.116526,311.419373,157.838318,419.093445,23685.775391,13167.924805,32944.890625,-0.196617,0.834871,-0.514133,0.100000,0.020000,1,0.720174
29.972176,19.073195,0.186772,107.658096,-22.452629,-16.270298,5730.773926,-1149.251465,-1088.282104,-0.291364,0.926768,0.237082,0.100000,0.020000,1,0.210911
31.246235,16.624090,-3.935038,756.506531,-348.889587,-1184.075684,14333.396484,-29182.982422,-37938.984375,-0.374634,0.927000,0.017898,0.100000,0.020000,1,0.951022
29.161415,19.095442,0.738756,-222.478485,-12.778743,76.074875,-18210.535156,-14.830465,5978.065918,-0.197073,0.819437,0.538225,0.100000,0.020000,1,0.359568
30.496437,19.097980,0.569700,164.480591,171.617432,240.859802,11728.230469,11301.480469,19088.169922,-0.281332,0.861038,-0.423634,0.100000,0.020000,1,0.153738
29.878672,19.189466,0.268884,709.500732,119.660309,-381.302521,43561.332031,8407.927734,-24474.783203,-0.281259,0.857399,0.430999,0.100000,0.020000,1,0.860751
30.882763,20.880180,-2.503198,377.609070,442.110413,-626.432373,20955.460938,19792.011719,-33116.031250,-0.377214,0.907998,-0.182343,0.100000,0.020000,1,0.387238
30.167192,19.538895,1.141829,56.421440,58.828453,344.824341,3444.136230,5584.233398,26820.449219,-0.392532,0.916272,-0.079772,0.100000,0.020000,1,0.580451
30.187288,19.348410,0.078141,-46.304188,-119.141479,142.013672,-2935.941895,-6445.276855,8855.196289,-0.393957,0.910914,0.122614,0.100000,0.020000,1,0.939421
29.360575,19.644091,0.362360,-124.358978,159.920502,-59.983673,-11033.701172,13620.405273,-4610.211914,-0.090202,0.747113,0.658548,0.100000,0.020000,1,0.813969
31.235756,17.683470,1.336732,393.024048,-492.393005,499.169586,14905.355469,-21196.625000,13269.871094,-0.380460,0.878034,-0.290355,0.100000,0.020000,1,0.675830
29.501968,18.594730,-0.325470,32.179684,21.078314,-109.737732,-772.325562,-736.315918,-9071.527344,-0.397213,0.890720,0.220995,0.100000,0.020000,1,0.409623
29.615288,18.904242,0.105974,107.397186,-28.558464,112.292374,4539.167480,-2524.165039,6389.347168,-0.389912,0.862910,0.321487,0.100000,0.020000,1,0.675011
29.163467,19.458218,-0.697640,-195.277527,145.677063,-55.323959,-16295.711914,11491.172852,-4272.202637,-0.213951,0.769787,-0.601376,0.100000,0.020000,1,0.795623
29.539780,20.549818,0.069560,-117.027710,390.847015,-132.427948,-1633.177734,23138.820312,176.325195,-0.295879,0.797514,0.525763,0.100000,0.020000,1,0.497208
30.110222,19.103125,-0.380689,-298.175293,81.351318,-273.721130,-18871.203125,5581.369141,-17076.117188,-0.308830,0.806125,-0.504763,0.100000,0.020000,1,0.619688
31.494778,18.860302,-2.047037,441.548859,-121.652252,-539.262207,21546.367188,-6058.094238,-10869.422852,-0.390097,0.829464,-0.399767,0.100000,0.020000,1,0.770710
30.017115,19.724457,0.439020,54.865528,77.648041,138.842789,-1020.047607,8093.812988,5126.004395,-0.494851,0.868972,0.003314,0.100000,0.020000,1,0.703714
30.169758,18.910572,-0.726431,-393.593994,-139.932892,373.645996,-24521.640625,-8044.900879,23118.373047,-0.011994,0.690111,-0.723604,0.100000,0.020000,1,0.229970
32.028099,19.351152,-0.808391,619.028442,-33.825363,-173.483459,27253.410156,5733.139160,-12254.958008,-0.496508,0.843570,-0.204621,0.100000,0.020000,1,0.527654
30.380182,18.320124,-0.899958,84.810425,-236.532684,-285.920349,6540.813477,-3440.505371,-6815.118164,-0.502870,0.854221,0.132018,0.100000,0.020000,1,0.376259
29.367456,19.351847,-1.324530,-119.193695,9.717510,-312.935486,-10655.017578,1344.718384,-24979.861328,-0.511788,0.854721,-0.086743,0.100000,0.020000,1,0.884346
29.759678,19.234095,0.469696,-25.342941,36.957970,-20.932751,-2976.780029,3703.918213,-1609.380005,-0.218128,0.741980,0.633944,0.100000,0.020000,1,0.694051
29.426622,19.429016,0.674089,-80.956909,26.899315,80.539169,-7881.787109,3154.034912,6325.403809,-0.412589,0.795576,0.443654,0.100000,0.020000,1,0.416652
29.958273,19.294504,0.337052,33.737236,-9.480730,21.455502,1569.610352,-81.365685,1923.344116,-0.512450,0.825529,0.236424,0.100000,0.020000,1,0.594455
29.971466,19.000711,-0.702399,-189.345642,-167.357437,238.224304,-12384.950195,-9721.334961,14631.754883,-0.103224,0.693953,-0.712583,0.100000,0.020000,1,0.276307
29.387348,18.573139,0.746741,-67.571854,207.182022,9.051994,-7039.086426,10586.508789,2466.344482,-0.523169,0.779196,0.345178,0.100000,0.020000,1,0.571750
29.749485,19.381414,-0.285716,153.234314,-84.683472,-19.878380,8405.299805,-4518.412598,-1364.709229,-0.538681,0.785248,-0.305301,0.100000,0.020000,1,0.896749
29.759394,19.098618,-0.362715,251.027512,31.551418,-573.784485,14663.265625,2093.727295,-35870.050781,-0.419886,0.740453,-0.524809,0.100000,0.020000,1,0.987430
29.575712,18.806055,0.267776,-219.093140,-151.710068,538.831421,-15761.141602,-10692.948242,33243.468750,-0.420216,0.735513,0.531450,0.100000,0.020000,1,0.668160
29.626535,19.494034,-0.473599,-67.644760,20.222733,-55.939865,-1114.362671,6495.576172,-4334.569824,-0.522014,0.741063,-0.422288,0.100000,0.020000,1,0.930559
31.181787,19.127417,-0.631419,435.361633,-62.608635,-93.235626,32876.132812,2176.735352,-6844.748047,-0.637435,0.760749,0.122221,0.100000,0.020000,1,0.951592
30.505520,19.595995,0.816856,220.621078,12.654283,271.313019,5643.156738,83.544800,8483.783203,-0.650152,0.759802,0.001743,0.100000,0.020000,1,0.428645
29.784273,19.870138,0.024165,10.664717,146.256577,100.304901,-737.396118,5054.497070,4594.353027,-0.650389,0.755642,-0.077459,0.100000,0.020000,1,0.121921
30.119169,19.025518,-0.526697,-156.690979,-114.417480,72.100372,-10108.844727,-6021.932129,4558.927246,-0.006269,0.782897,-0.622119,0.100000,0.020000,1,0.126263
29.915779,18.878386,0.759687,-35.656418,-72.957916,-133.427155,-2889.675781,-3909.606201,-7913.566406,-0.007959,0.660353,0.750913,0.100000,0.020000,1,0.118771
29.863132,18.897655,0.809438,-43.955299,-127.903145,-966.008423,-3555.639893,-7636.049805,-60221.355469,-0.103999,0.664114,0.740362,0.100000,0.020000,1,0.478186
29.154659,18.862846,0.166107,-166.621490,-121.158890,-58.717857,-14041.893555,-8909.596680,-4591.846191,-0.534330,0.718718,0.444898,0.100000,0.020000,1,0.338374
30.441525,17.088688,0.624393,187.416168,-66.809357,285.157318,-2876.669922,-8768.812500,8427.880859,-0.221209,0.666636,-0.711803,0.100000,0.020000,1,0.834984
29.727314,19.297306,-0.502851,102.073563,-205.098145,-10.632898,5470.388672,-11915.825195,-197.053131,-0.342060,0.692486,-0.635184,0.100000,0.020000,1,0.304636
29.349348,21.295168,2.077611,-74.137299,560.174866,417.987366,-7441.928711,45040.796875,32713.207031,-0.322599,0.675934,0.662603,0.100000,0.020000,1,0.034034
30.572704,19.112341,-1.073719,178.981506,72.980911,-132.259094,13191.188477,4801.582520,-11383.047852,-0.430782,0.670871,-0.603621,0.100000,0.020000,1,0.453380
29.588701,19.159573,-0.342046,-18.131088,-31.942825,35.448174,-2718.216309,-1984.363281,2615.773926,-0.529886,0.678259,-0.509102,0.100000,0.020000,1,0.579419
31.043737,18.905085,-0.188894,427.134949,-159.188477,-98.671967,31555.164062,-11492.824219,-8211.430664,-0.646449,0.684879,0.336221,0.100000,0.020000,1,0.147083
30.292305,19.531162,-0.698063,170.959503,34.819641,-103.678497,12250.753906,3328.683594,-8359.184570,-0.657747,0.686294,-0.310434,0.100000,0.020000,1,0.663320
30.457325,18.705589,0.879595,202.742340,-163.897186,174.263092,14927.286133,-12740.965820,13833.373047,-0.676759,0.696965,0.237144,0.100000,0.020000,1,0.205876
29.787271,19.303047,0.252921,-558.217896,-282.891022,16.631470,-35737.410156,-17964.386719,2088.404053,-0.744730,0.667345,0.005162,0.100000,0.020000,1,0.776956
30.449196,19.640350,-0.248669,221.788757,42.922722,-57.649536,16274.787109,4024.677246,-4328.213379,-0.741853,0.663284,-0.098528,0.100000,0.020000,1,0.855181
27.873852,20.074965,-0.137154,-467.421021,215.208923,81.544876,-38014.476562,17046.654297,5986.633789,-0.651844,0.645614,-0.397847,0.100000,0.020000,1,0.968568
29.601263,19.500198,0.038084,279.381805,-170.554993,207.542786,16446.021484,-10063.047852,12819.213867,-0.754853,0.644071,0.123975,0.100000,0.020000,1,0.435621
28.690310,19.423508,0.033761,-83.602112,120.393860,28.212318,-10251.753906,8011.077148,2585.098633,-0.748441,0.636353,-0.186791,0.100000,0.020000,1,0.202068
28.777288,18.417250,0.336873,393.652100,-115.846191,-46.005966,19967.341797,-9977.818359,-3809.239746,-0.428006,0.626436,0.651451,0.100000,0.020000,1,0.518064
29.601412,19.694693,-0.187319,-32.685921,58.239822,-7.841696,-3447.926025,5364.308105,-485.207794,-0.694479,0.684013,-0.223215,0.100000,0.020000,1,0.111315
29.787649,19.352432,0.372301,-64.378540,-59.461319,40.466423,-4494.053223,-3275.289795,2547.501709,-0.648513,0.621092,0.440085,0.100000,0.020000,1,0.969226
29.662561,19.498186,0.298463,23.470167,6.813484,17.985420,638.345337,1157.363647,1571.959595,-0.752480,0.617787,0.228282,0.100000,0.020000,1,0.789537
28.238466,19.663401,0.622000,-482.109863,45.953239,137.070480,-2629.263672,4711.804688,-2362.080566,-0.740274,0.593346,0.316124,0.100000,0.020000,1,0.910878
29.274075,19.929651,-0.374262,60.887314,224.164429,-139.590149,3908.771729,7253.636719,-9389.961914,-0.746543,0.592222,-0.303226,0.100000,0.020000,1,0.371596
29.741779,18.795681,0.695875,-110.628784,-102.540512,-53.597954,-8019.474609,-6863.262207,-3121.229492,-0.229497,0.626053,0.745244,0.100000,0.020000,1,0.352716
28.427086,18.739687,-1.169345,-277.333313,206.442871,-133.501022,-23898.400391,12124.451172,-10730.190430,-0.314591,0.609730,-0.727504,0.100000,0.020000,1,0.186071
29.745848,19.112232,-0.615923,-70.505203,252.537872,47.768089,-5007.191406,15857.013672,2638.472412,-0.533947,0.576161,-0.618820,0.100000,0.020000,1,0.909650
30.566166,17.796217,0.286604,322.782166,-403.899231,160.257202,12248.662109,-14401.324219,3576.278076,-0.825276,0.532066,-0.189276,0.100000,0.020000,1,0.963087
28.491875,19.194485,-0.723254,-110.700623,115.857208,-157.821930,-12351.649414,6560.313965,-13441.222656,-0.835623,0.534014,0.128694,0.100000,0.020000,1,0.612125
29.377676,19.688656,0.631564,-121.120850,-6.939972,14.337486,-9297.164062,840.921143,3451.275635,-0.845312,0.533632,0.026188,0.100000,0.020000,1,0.554631
29.699448,19.257399,0.557987,-135.324738,-112.712479,-89.237228,-9375.938477,-6679.598145,-5340.811523,-0.551489,0.604813,0.574509,0.100000,0.020000,1,0.010919
29.816137,20.018988,0.275536,-155.672913,240.723572,127.442841,-11259.049805,8389.330078,8110.312012,-0.643046,0.545093,0.537926,0.100000,0.020000,1,0.636219
29.887100,20.196207,-1.017752,81.561340,203.912354,-183.501984,5549.827148,16625.011719,-14391.581055,-0.745420,0.528092,-0.406777,0.100000,0.020000,1,0.579988
29.595196,19.571636,-0.027985,-83.375458,-113.282394,-46.279083,-5940.325195,-6369.977539,-2764.210205,-0.852569,0.516889,-0.077143,0.100000,0.020000,1,0.128541
29.230915,20.548866,2.169177,-129.648361,386.092102,462.972412,-1263.166016,16668.113281,22047.816406,-0.536101,0.549541,0.640781,0.100000,0.020000,1,0.068413
29.979380,17.904280,-0.026427,242.007996,-84.907471,101.399170,15881.960938,-10886.509766,8119.668945,-0.653107,0.554887,-0.515317,0.100000,0.020000,1,0.035689
29.490942,19.307131,0.536926,147.115692,144.756470,-461.938782,8055.488770,9253.878906,-28526.142578,-0.726239,0.516196,0.454002,0.100000,0.020000,1,0.436600
29.569530,19.526999,0.247910,-1.413593,-16.869740,26.208544,-1202.140625,-985.768066,1087.904175,-0.838179,0.497700,0.223049,0.100000,0.020000,1,0.129519
29.416103,18.931620,-0.785219,-750.309570,-109.913879,-143.667328,-49013.753906,-7981.440430,-10211.475586,-0.609140,0.516017,-0.602225,0.100000,0.020000,1,0.230201
29.248142,19.250240,-0.692927,372.941162,-304.244904,-131.231567,21377.921875,-19253.072266,-9394.496094,-0.712999,0.488879,-0.502623,0.100000,0.020000,1,0.616574
28.291609,19.404146,-0.205405,-258.096863,35.745365,21.053253,-4788.451660,-234.154846,-3554.916016,-0.826553,0.468354,-0.312176,0.100000,0.020000,1,0.841746
29.659187,19.165848,0.437442,25.430927,-234.389709,295.074677,433.897736,-13859.271484,17785.501953,-0.303565,0.585905,0.751374,0.100000,0.020000,1,0.387950
29.794819,19.190111,-0.604113,-64.891037,-181.801666,12.434547,-4487.493164,-10795.035156,822.167603,-0.414138,0.554897,-0.721512,0.100000,0.020000,1,0.935986
29.127651,19.482914,0.055672,-177.973206,120.042725,-66.862000,-13685.103516,8159.549316,-5218.264160,-0.819555,0.456314,0.346565,0.100000,0.020000,1,0.214773
29.244207,19.447201,0.029221,243.194092,106.855804,-0.876121,13940.372070,6958.870605,-371.491486,-0.909881,0.414409,0.019561,0.100000,0.020000,1,0.556553
29.074583,19.090899,-0.972135,-82.807159,53.935913,-166.115417,-7617.316895,2134.884033,-13854.259766,-0.897060,0.396393,-0.195334,0.100000,0.020000,1,0.361062
29.245766,19.374012,-0.156408,161.327698,-30.238869,-15.282196,8538.940430,-2055.584473,-1301.853271,-0.915418,0.392517,-0.089107,0.100000,0.020000,1,0.177654
29.301640,19.602592,-0.069484,60.402138,-138.048676,131.530090,2427.733887,-7894.799316,7567.814941,-0.914458,0.384867,0.125074,0.100000,0.020000,1,0.373145
30.111786,19.417721,-0.045178,169.239273,90.363815,-207.304337,1713.985840,1089.100098,-4573.835938,-0.419161,0.537030,0.732054,0.100000,0.020000,1,0.683517
29.137024,19.362234,0.484445,274.090912,-67.069321,-186.870148,14841.477539,-3753.296631,-11729.078125,-0.708836,0.439782,0.551492,0.100000,0.020000,1,0.463558
28.346640,19.684055,-0.371304,-279.090149,68.637741,-30.375130,-22045.865234,4897.438477,-2820.208984,-0.804988,0.416284,-0.422731,0.100000,0.020000,1,0.155321
30.848902,20.364737,0.518611,385.844604,266.500488,84.224899,29276.173828,21204.605469,5906.968750,-0.801764,0.400010,0.444035,0.100000,0.020000,1,0.729391
29.457218,19.181946,0.438525,-14.390892,76.007050,6.597116,-2195.694092,4855.296875,-46.648167,-0.608507,0.460119,0.646537,0.100000,0.020000,1,0.979031
29.162516,19.503429,0.543483,-126.536285,34.201729,175.050385,-9757.080078,2615.089600,12488.391602,-0.914879,0.328750,0.234352,0.100000,0.020000,1,0.763148
29.244373,19.430250,-0.113780,85.915176,104.648651,412.816650,4176.337891,6647.091309,25472.429688,-0.957052,0.288275,0.030807,0.100000,0.020000,1,0.154094
29.818138,18.574739,-0.996139,26.372314,-155.353790,-112.590668,1721.726074,-11939.910156,-8718.018555,-0.504329,0.478779,-0.718625,0.100000,0.020000,1,0.383928
29.117722,19.819077,-1.683607,13.431202,263.691711,-305.823669,-1578.003662,19132.179688,-24271.230469,-0.694810,0.390813,-0.603742,0.100000,0.020000,1,0.085300
29.613831,20.854485,1.879906,69.757881,452.651978,403.737244,2859.935791,15165.347656,13633.507812,-0.765238,0.353435,0.538047,0.100000,0.020000,1,0.803541
29.365622,19.308779,-0.305411,-3.221962,-12.895708,-9.672249,-1113.822632,-967.518799,-460.664185,-0.861322,0.311117,-0.401658,0.100000,0.020000,1,0.517512
29.253223,19.470434,0.293583,579.155396,-58.777435,-89.759010,35192.210938,-3297.559326,-5593.554199,-0.891674,0.314874,0.325225,0.100000,0.020000,1,0.250006
29.905792,20.002073,0.342102,179.923096,142.009186,147.665833,12761.950195,11570.123047,11831.633789,-0.902173,0.305538,-0.304517,0.100000,0.020000,1,0.007146
29.014269,19.032101,-0.566791,-150.925171,-52.657593,-11.068840,-11643.500000,-4932.596680,-2728.442383,-0.960081,0.262941,-0.095423,0.100000,0.020000,1,0.647803
29.618275,19.181465,0.693273,-23.582024,-49.629395,-25.819336,-2281.589844,-2660.842529,-1334.676147,-0.484518,0.477680,0.732846,0.100000,0.020000,1,0.333801
29.511065,19.135687,-0.281188,-222.171906,210.310455,3.355059,-14488.469727,12653.319336,903.692627,-0.781468,0.335897,-0.525814,0.100000,0.020000,1,0.275186
28.788853,20.954229,1.243091,-86.260834,446.131836,402.820251,-8451.449219,34635.960938,31308.353516,-0.949960,0.245182,-0.193552,0.100000,0.020000,1,0.678837
29.122986,19.587122,-0.022306,446.244965,-392.012604,146.915009,26615.597656,-24016.644531,8709.386719,-0.963610,0.232111,0.132590,0.100000,0.020000,1,0.846070
29.557537,18.721437,-0.583846,234.640427,-78.759888,-301.349792,546.716797,-2374.933350,-8538.210938,-0.946845,0.219777,0.234909,0.100000,0.020000,1,0.773397
29.501385,19.272917,0.533064,7.874538,65.827698,1.686797,-812.818481,4173.611328,422.328461,-0.663231,0.359415,0.656464,0.100000,0.020000,1,0.706739
28.989578,18.958426,-0.693765,320.592926,62.125023,188.415466,17659.445312,2720.438721,11105.658203,-0.743272,0.306202,-0.594800,0.100000,0.020000,1,0.433610
29.289637,19.732204,0.588307,33.718384,93.997711,-62.222027,1094.323608,7616.821289,-3057.945801,-0.857316,0.254454,0.447507,0.100000,0.020000,1,0.027734
28.633787,18.459080,0.049240,169.762039,0.985542,-467.305450,7235.181152,-3794.990479,-28259.880859,-0.937481,0.191863,-0.290374,0.100000,0.020000,1,0.313817
29.426100,19.451635,-0.397665,120.160416,-74.306374,208.063629,7141.432129,-4039.315918,13309.796875,-0.821494,0.238840,-0.517788,0.100000,0.020000,1,0.396170
29.203672,19.376141,0.386631,34.523167,-87.387573,-239.551544,1132.232666,-5500.275879,-14648.160156,-0.930423,0.175074,0.321966,0.100000,0.020000,1,0.130089
29.079540,19.347658,0.370508,306.151520,1.948126,81.185028,18080.751953,-134.778732,6656.185059,-0.994939,0.100374,0.004677,0.100000,0.020000,1,0.898457
28.696913,19.571377,0.041577,-72.721741,27.528564,25.947723,-7426.960449,2433.116455,2156.702148,-0.990484,0.097436,-0.097197,0.100000,0.020000,1,0.674709
29.464945,19.620012,-0.834863,17.629770,81.813507,-51.547714,-13.103647,7317.402832,-4144.537598,-0.547164,0.406470,-0.731705,0.100000,0.020000,1,0.261234
31.248568,19.609304,1.601958,565.451599,90.827911,635.395508,21074.287109,4780.942383,37977.285156,-0.624513,0.342394,-0.701961,0.100000,0.020000,1,0.897639
30.025841,19.008085,-0.597478,213.837036,-116.780273,-55.573029,22040.871094,-5723.945801,-5712.444336,-0.903999,0.146092,-0.401800,0.100000,0.020000,1,0.131708
29.157656,19.338217,-0.099919,-22.938644,60.183144,-48.820564,-2343.582275,3584.213867,-2766.606934,-0.974466,0.088612,-0.206311,0.100000,0.020000,1,0.628318
29.289650,18.857265,-0.184485,14.119066,66.906868,42.838650,549.717224,2021.492310,1104.917725,-0.968585,0.086275,0.233235,0.100000,0.020000,1,0.794751
29.221300,19.296890,-0.042802,-456.430176,-301.112030,-72.583405,-29388.939453,-19439.113281,-5168.710449,-0.990275,0.078299,0.115000,0.100000,0.020000,1,0.307892
29.213293,19.394657,0.427884,-0.299404,-48.293961,-52.680244,-899.433411,-2760.972412,-3108.046875,-0.887715,0.127336,0.442435,0.100000,0.020000,1,0.683571
27.761030,18.807962,-4.072873,-246.998734,-100.724075,-1214.391724,765.896484,-1405.659180,-36595.367188,-0.955977,0.066381,-0.285834,0.100000,0.020000,1,0.626040
29.350252,19.308235,-0.631806,24.258671,-24.882656,89.451370,953.627136,-1339.969482,5104.415039,-0.786971,0.177171,-0.591006,0.100000,0.020000,1,0.615666
28.625309,19.109602,-0.596759,-142.784698,-66.687820,-38.053070,-12361.264648,-5011.184570,-3135.285889,-0.859694,0.122852,-0.495816,0.100000,0.020000,1,0.564347
29.220871,19.404566,0.425370,-142.919098,-447.080383,442.329529,-9799.009766,-27665.593750,27758.712891,-0.832642,0.092038,0.546109,0.100000,0.020000,1,0.860128
29.042046,19.372025,0.119538,-7.485020,7.855164,-54.472153,-1689.044434,727.693848,-4448.641113,-0.904786,0.023219,0.425233,0.100000,0.020000,1,0.968034
29.471834,19.575584,-0.876348,131.136978,61.100296,-149.055359,9566.382812,6319.864746,-13885.215820,-0.914452,0.019137,-0.404241,0.100000,0.020000,1,0.565770
29.393560,19.482883,0.333451,-159.492371,-146.398041,-57.894356,-9751.163086,-8645.744141,-3508.634033,-0.936121,0.013467,0.351420,0.100000,0.020000,1,0.334352
28.921173,19.414095,0.289421,69.904671,-72.978378,-45.989830,2997.765137,-4366.149414,-2515.834229,-0.971691,-0.046582,0.231618,0.100000,0.020000,1,0.383963
30.879091,19.845533,0.680053,574.796692,193.921967,174.950516,26585.984375,2539.058105,7968.947266,-0.991101,-0.057129,0.120227,0.100000,0.020000,1,0.750282
28.222469,20.381350,-0.199836,-193.295410,239.773499,-12.289608,-16472.230469,19352.656250,-1263.272217,-0.993460,-0.058783,-0.097886,0.100000,0.020000,1,0.696062
29.809332,18.276844,-0.520265,221.443726,-108.818481,-141.627289,16351.407227,-11458.428711,-11179.315430,-0.997939,-0.061464,0.018458,0.100000,0.020000,1,0.224560
31.608372,19.158077,0.607543,662.758911,0.713425,-22.209991,16191.808594,-4414.468750,12142.037109,-0.603154,0.309728,0.735034,0.100000,0.020000,1,0.506675
29.206537,19.660746,1.298837,-10.001083,69.587433,143.715973,-2052.419434,6321.642090,12127.710938,-0.709207,0.225666,0.667907,0.100000,0.020000,1,0.071705
27.922461,19.288948,0.248297,-291.842560,-34.286652,-81.612961,-22103.798828,-3824.909912,-5105.623047,-0.747061,0.156922,0.645968,0.100000,0.020000,1,0.364496
29.046793,19.357809,-0.304437,-235.885162,110.333183,197.784241,-15664.497070,6972.699707,11879.930664,-0.979099,-0.077362,-0.188097,0.100000,0.020000,1,0.178668
29.559975,19.168007,0.599511,-72.676422,-12.506557,131.700409,-5246.446777,-453.593262,8139.303711,-0.533149,0.382688,0.754521,0.100000,0.020000,1,0.080940
29.630468,19.160805,-0.089760,-9.598335,-68.712891,144.011444,1032.483154,-5042.097168,9811.253906,-0.947900,-0.078508,-0.308744,0.100000,0.020000,1,0.993783
28.905107,18.765903,0.736986,65.408211,-1.020790,99.928894,2736.367920,-2409.548828,8263.669922,-0.945267,-0.079413,0.316486,0.100000,0.020000,1,0.948549
29.539780,19.218182,-0.272352,-344.872498,119.636482,366.947601,-20803.525391,7315.107422,23801.064453,-0.865563,-0.016557,-0.500526,0.100000,0.020000,1,0.330918
29.463095,19.104773,-0.884927,-252.086304,196.806610,606.447510,-16319.885742,12238.116211,37160.531250,-0.648984,0.226221,-0.726390,0.100000,0.020000,1,0.672538
29.398287,18.668049,0.101281,38.278915,-140.504517,-88.974228,2122.930176,-11315.825195,-7281.577637,-0.793672,0.155037,0.588259,0.100000,0.020000,1,0.137972
29.474449,20.518763,1.731146,91.447311,555.400085,427.948212,3114.483887,24168.863281,15564.397461,-0.773427,0.061740,0.630872,0.100000,0.020000,1,0.815214
29.967525,19.792040,-0.878430,191.831573,189.244186,-123.869072,19811.460938,8370.689453,-2770.120361,-0.796004,0.044660,-0.603642,0.100000,0.020000,1,0.252071
28.929102,19.249077,-0.152529,14.051102,13.411863,8.200644,-21.538542,552.958801,554.021790,-0.964416,-0.184092,-0.189768,0.100000,0.020000,1,0.809520
29.127247,19.184544,0.100707,-258.581726,166.317932,63.952469,-16371.490234,9902.183594,4059.010254,-0.975356,-0.189946,0.112251,0.100000,0.020000,1,0.788291
28.810612,19.154243,0.510989,-267.920471,17.509533,27.796700,-12071.601562,939.001343,3166.138672,-0.652309,0.206564,0.729263,0.100000,0.020000,1,0.101439
29.131735,18.967108,0.145374,-90.506203,-19.611294,-125.155075,-5475.395020,-2187.890869,-9285.069336,-0.888975,-0.115364,0.443187,0.100000,0.020000,1,0.283033
27.940203,19.097506,-1.021338,-26.049973,54.869553,-517.603638,-6561.800293,2544.519043,-36595.070312,-0.971194,-0.217635,-0.097045,0.100000,0.020000,1,0.315810
28.609213,18.906204,0.046878,-32.316498,93.096756,-258.651031,-4140.998047,4150.014648,-16180.164062,-0.974820,-0.222550,0.014032,0.100000,0.020000,1,0.689158
29.205683,18.396181,-0.275067,-239.600861,186.080688,-155.498688,-15073.145508,8085.457031,-9486.298828,-0.897410,-0.145922,-0.416368,0.100000,0.020000,1,0.307358
28.474169,18.953300,-0.738410,-13.949989,56.818710,-107.173218,-3615.670898,2198.660645,-8812.034180,-0.931957,-0.214234,-0.292506,0.100000,0.020000,1,0.585772
29.031467,19.173868,0.070353,-71.989151,17.938869,21.762440,-4873.180176,628.179077,889.606934,-0.947704,-0.232034,0.219131,0.100000,0.020000,1,0.302909
29.070007,19.171211,0.315217,-29.265488,-5.894505,-166.364471,-2749.383057,-640.733337,-11161.573242,-0.828738,-0.054040,0.557022,0.100000,0.020000,1,0.028304
28.361685,20.320068,0.078361,-137.843201,279.637177,-65.924133,-6091.317871,12487.382812,-1374.888916,-0.917873,-0.235649,0.319342,0.100000,0.020000,1,0.360403
28.177763,18.602150,-1.186511,71.070831,21.536621,-752.512573,8400.451172,-6026.611328,-36188.804688,-0.782330,-0.073528,-0.618509,0.100000,0.020000,1,0.245664
29.653255,19.291594,0.590091,-11.935165,170.550568,78.584763,1177.618042,11085.185547,5561.068359,-0.834592,-0.165829,0.525315,0.100000,0.020000,1,0.254775
29.700630,19.044052,-0.600539,179.262390,-54.338181,-55.753189,13473.621094,-4153.344238,-4197.714844,-0.839108,-0.173055,-0.515703,0.100000,0.020000,1,0.651469
29.022861,18.322495,-0.006564,650.915466,-295.334167,351.844330,40741.968750,-22453.785156,23582.554688,-0.882531,-0.255697,-0.394662,0.100000,0.020000,1,0.492190
29.068415,19.338749,0.029619,139.365570,40.971218,63.178154,5249.194824,142.436279,2274.352295,-0.923698,-0.336499,-0.183167,0.100000,0.020000,1,0.548332
28.514421,20.138311,-0.026080,-42.299347,188.292175,-11.143187,-4746.685059,15570.260742,-859.480286,-0.935232,-0.353787,0.013273,0.100000,0.020000,1,0.012485
28.519093,19.341625,-0.097855,-33.644058,23.106148,-8.599192,-4189.012695,1828.392944,-612.624878,-0.930877,-0.352628,-0.095501,0.100000,0.020000,1,0.503418
29.310617,19.172518,-0.663635,32.452423,-6.366633,-20.868317,1485.721802,-317.038239,-1536.308960,-0.687620,0.098475,-0.719361,0.100000,0.020000,1,0.364158
27.977322,18.700003,0.313969,-131.023651,132.800766,173.224823,-12926.456055,6227.022461,10764.415039,-0.865604,-0.276736,0.417310,0.100000,0.020000,1,0.891677
29.039347,19.067074,0.795255,-6.927792,35.071117,-39.304657,-1446.061890,1789.104370,-1465.237671,-0.755786,-0.079999,0.649914,0.100000,0.020000,1,0.703625
28.882952,19.142807,-0.395941,321.190430,-120.987122,-351.580994,19315.335938,-7843.253906,-22114.017578,-0.833014,-0.260697,-0.487980,0.100000,0.020000,1,0.393056
28.117388,21.821238,0.448578,-177.118683,681.293579,102.902771,-14817.432617,53828.242188,7943.999023,-0.913932,-0.387741,0.119944,0.100000,0.020000,1,0.532655
29.001444,19.222729,-0.629126,174.949432,-51.532387,23.934475,9538.643555,-2935.252686,1393.047119,-0.706910,0.003318,-0.707296,0.100000,0.020000,1,0.274776
29.129608,18.998974,0.395185,115.274734,6.123009,13.221031,7576.420410,-1587.836670,1900.807007,-0.861239,-0.380053,0.337382,0.100000,0.020000,1,0.705938
29.001255,19.139494,-0.418404,-499.422180,-428.049225,-243.712952,-32282.101562,-27092.984375,-14984.544922,-0.772722,-0.192796,-0.604757,0.100000,0.020000,1,0.305881
30.920202,20.942284,0.603438,669.173584,528.095215,303.278351,18549.546875,26969.875000,13717.556641,-0.839986,-0.384835,-0.382525,0.100000,0.020000,1,0.397256
28.305944,18.934208,0.923777,-23.344879,53.995491,219.136353,-4061.024658,2379.597412,18011.511719,-0.876462,-0.473012,-0.089858,0.100000,0.020000,1,0.779554
28.872461,19.138361,0.446263,32.478279,-0.278328,11.360994,1086.201660,-61.679344,640.099792,-0.787522,-0.284057,0.546919,0.100000,0.020000,1,0.990811
27.863031,20.074671,0.065818,-197.906464,454.940063,66.088394,-7348.390625,13058.297852,5262.289551,-0.876530,-0.418105,0.238503,0.100000,0.020000,1,0.177440
28.638309,19.163292,-0.012126,191.535614,-160.966492,-133.094849,10977.067383,-10168.182617,-8461.704102,-0.865740,-0.500486,0.002812,0.100000,0.020000,1,0.889791
29.205475,19.078777,0.668300,134.107758,-49.964798,-14.753845,7374.205566,-3351.522217,-799.752563,-0.652060,0.114230,0.749513,0.100000,0.020000,1,0.192192
28.690220,19.315981,0.168375,20.764488,9.799793,-76.977371,-782.885254,1388.880981,-6438.524902,-0.741600,-0.191058,0.643060,0.100000,0.020000,1,0.303941
28.788532,19.364111,0.466486,-48.330688,-275.881836,-216.231201,-3967.996338,-16466.654297,-13285.197266,-0.803510,-0.393531,0.446661,0.100000,0.020000,1,0.652697
30.986736,20.104717,0.624661,598.841675,243.753601,94.215332,46462.871094,19406.744141,7757.171387,-0.837795,-0.497304,0.225364,0.100000,0.020000,1,0.932907
28.553387,19.171371,-0.096247,-42.537529,-39.975098,-71.592812,-4142.956055,-2447.159424,-5363.747559,-0.853052,-0.506722,0.124638,0.100000,0.020000,1,0.277018
29.261389,20.443012,-1.257595,13.901493,312.094940,-521.587158,-1144.145020,13045.984375,-9643.013672,-0.676214,0.006179,0.736680,0.100000,0.020000,1,0.501639
29.034193,18.964754,-0.132154,45.293304,-21.329735,52.721237,2915.697021,-2000.308350,4519.580078,-0.781636,-0.384420,-0.491188,0.100000,0.020000,1,0.414410
28.401932,18.777449,-0.225266,169.823639,-52.630966,-25.346230,8387.975586,-4922.794434,-1451.873901,-0.843793,-0.440319,-0.306809,0.100000,0.020000,1,0.028162
28.741699,18.608843,-0.729565,14.369654,41.506870,147.569153,-648.948242,549.020935,8451.679688,-0.734578,-0.285347,-0.615607,0.100000,0.020000,1,0.194292
29.282286,17.861231,-2.265327,201.065125,-311.197113,-589.309814,6521.413574,-10288.927734,-20624.824219,-0.830865,-0.522359,-0.191843,0.100000,0.020000,1,0.168080
28.532280,18.937910,0.390874,97.492004,-38.675392,-43.129051,4568.391113,-3119.797119,-2274.535645,-0.791256,-0.512261,0.333920,0.100000,0.020000,1,0.040369
28.689440,18.845062,1.879327,38.369629,-18.224762,416.552460,-15657.935547,7181.675293,24350.039062,-0.741556,-0.400227,0.538436,0.100000,0.020000,1,0.721295
28.807991,18.660265,-0.378646,31.059566,100.977730,-247.094452,1583.469116,4567.288086,-16052.698242,-0.786696,-0.529591,-0.317244,0.100000,0.020000,1,0.334833
27.823429,18.929855,0.626939,-179.955658,-29.742905,190.841858,-13081.422852,4680.770020,6301.019531,-0.789381,-0.600645,0.126897,0.100000,0.020000,1,0.589241
27.708055,18.689014,-1.320594,-364.333466,216.355255,-560.870117,-12727.056641,14726.427734,-26436.791016,-0.680555,-0.104780,-0.725166,0.100000,0.020000,1,0.204826
28.813168,19.050070,0.488443,111.285858,-9.544724,277.663574,5815.140137,-723.757202,17314.544922,-0.709833,-0.305816,0.634519,0.100000,0.020000,1,0.502653
29.843184,20.489540,1.342406,308.749939,376.378784,287.730865,23324.556641,29712.951172,22249.447266,-0.747108,-0.507981,0.428701,0.100000,0.020000,1,0.812545
28.492420,18.561634,0.075820,-50.975773,-118.403717,135.106949,-2212.712891,-4669.792969,3369.734131,-0.756687,-0.515739,-0.401792,0.100000,0.020000,1,0.244027
28.811493,19.079189,-0.023315,202.806610,-280.964111,445.139221,12772.394531,-17646.699219,28310.373047,-0.772484,-0.628993,-0.087388,0.100000,0.020000,1,0.127864
28.443041,18.382635,-0.529817,-114.312546,108.459686,391.864624,-8895.731445,4138.927734,23602.248047,-0.733509,-0.607603,-0.304602,0.100000,0.020000,1,0.417257
28.591122,19.042555,-0.104783,43.157867,17.719673,85.443222,1754.292847,1106.695312,5605.115234,-0.756797,-0.627512,-0.182996,0.100000,0.020000,1,0.183882
29.681908,19.459192,2.287963,335.355011,122.573799,667.708862,9875.369141,2537.798828,19615.941406,-0.745303,-0.630801,0.215902,0.100000,0.020000,1,0.674495
28.882307,19.013605,0.794919,146.138046,-221.255661,-255.631210,7593.612305,-14267.648438,-15431.454102,-0.665886,-0.114235,0.737256,0.100000,0.020000,1,0.777774
28.891624,18.936115,-0.701153,-19.446884,-131.306015,-210.895966,-2539.218750,-8862.437500,-13704.690430,-0.672474,-0.192685,-0.714599,0.100000,0.020000,1,0.746848
28.877363,18.659851,-0.531814,-144.308411,-44.122986,-88.530754,-9739.274414,-4400.856934,-5689.807129,-0.695989,-0.398566,-0.597281,0.100000,0.020000,1,0.337484
28.364244,19.306477,0.956728,2.791275,75.304993,113.862061,-1794.843506,6048.907715,9967.257812,-0.698394,-0.628164,0.343010,0.100000,0.020000,1,0.310952
28.552437,18.949934,-0.072210,29.678299,1.285300,-32.886070,882.952087,-216.485077,-2414.814697,-0.740013,-0.672511,0.010494,0.100000,0.020000,1,0.096831
28.238703,18.985619,0.710308,230.292480,-235.183167,135.252716,12341.859375,-14813.508789,11436.666016,-0.699760,-0.714114,0.019411,0.100000,0.020000,1,0.397950
30.346470,19.644108,-0.543792,454.381531,159.488281,-98.792053,35284.933594,12863.958984,-8175.165039,-0.695387,-0.712484,-0.093825,0.100000,0.020000,1,0.733733
28.747158,18.960114,0.510865,9.750766,-21.569988,-44.759300,-174.502151,-1528.763672,-2578.482422,-0.672146,-0.515214,0.531765,0.100000,0.020000,1,0.900575
28.615967,18.827633,-0.584233,51.033363,-13.096577,75.354675,1956.989868,-1555.567627,4099.294922,-0.679645,-0.534362,-0.502534,0.100000,0.020000,1,0.050814
28.533405,18.936035,-0.362786,133.488190,-69.895889,134.672028,7116.944336,-4591.940918,8391.645508,-0.675832,-0.621452,-0.396294,0.100000,0.020000,1,0.863775
28.692503,19.025423,-0.152693,-138.353180,-112.165375,197.994476,-9058.672852,-6803.590332,12518.548828,-0.676778,-0.712401,-0.185623,0.100000,0.020000,1,0.919917
28.619286,18.951164,0.215981,135.131104,-95.159668,34.077225,7883.798828,-6029.785156,2309.323486,-0.672899,-0.709418,0.209603,0.100000,0.020000,1,0.305347
28.279617,19.851484,0.793091,-54.372543,247.351257,193.330353,-5423.202637,19375.482422,15094.388672,-0.672035,-0.730871,0.119146,0.100000,0.020000,1,0.757418
28.937134,18.949909,0.603421,36.443218,0.842444,-19.498661,1863.245361,-206.094666,-1004.412231,-0.653377,-0.393966,0.646444,0.100000,0.020000,1,0.235913
28.799854,18.886984,0.447542,18.220524,-12.073677,20.923046,1172.258911,127.034851,1069.312622,-0.651224,-0.628747,0.424952,0.100000,0.020000,1,0.537477
28.718439,18.883730,-0.281642,-193.410904,-1.144935,273.435822,-12474.221680,-302.778503,17080.322266,-0.650507,-0.705597,-0.281022,0.100000,0.020000,1,0.685065
28.512156,18.698587,-0.038172,81.487518,-25.811897,13.246796,4736.547852,-2622.566406,-3668.295166,-0.632746,-0.707795,0.314102,0.100000,0.020000,1,0.060868
28.570808,19.172577,-0.448260,-67.642456,20.604275,32.990059,-6626.923340,1934.262451,2754.610596,-0.635189,-0.287355,-0.716911,0.100000,0.020000,1,0.804288
28.629038,19.037027,0.424712,248.142853,-606.563477,-217.887436,14613.411133,-37835.863281,-13819.914062,-0.609931,-0.599156,0.518648,0.100000,0.020000,1,0.938584
29.146618,18.873539,0.240759,1.913578,-49.160435,-83.263702,1154.161499,-1604.930054,-2603.837891,-0.636471,-0.185394,0.748688,0.100000,0.020000,1,0.837991
28.784330,19.030325,-0.525257,145.015762,-375.812958,282.110687,8450.474609,-23357.136719,17775.386719,-0.603607,-0.514227,-0.609286,0.100000,0.020000,1,0.824290
28.440214,18.660992,-0.199994,54.924053,12.408503,-254.930939,1693.172485,-251.540787,-15109.498047,-0.591748,-0.622705,-0.511931,0.100000,0.020000,1,0.678890
28.754730,18.841389,0.351770,-64.378876,0.729681,31.045555,-4277.939941,-126.754028,1929.371582,-0.580657,-0.695919,0.422534,0.100000,0.020000,1,0.625453
28.890003,19.036480,-0.521675,-163.761566,-292.997681,81.078476,-9915.039062,-17823.703125,4320.861328,-0.578288,-0.716819,-0.389555,0.100000,0.020000,1,0.649779
30.046028,19.337101,0.042667,397.310852,316.192505,134.361389,17827.103516,5113.513672,-14386.658203,-0.572869,-0.816353,-0.073412,0.100000,0.020000,1,0.876925
30.128826,19.576790,0.616431,454.096466,291.051086,-25.325836,-2133.039062,19074.765625,-7649.600586,-0.550890,-0.800474,0.236137,0.100000,0.020000,1,0.437436
28.332308,18.565245,0.050210,75.429871,-28.718781,109.323654,3213.908203,-2908.353760,6728.291992,-0.550282,-0.828014,0.107620,0.100000,0.020000,1,0.806531
27.896273,18.925289,0.298713,-199.832397,136.237427,27.214119,-16021.763672,9023.465820,3623.430908,-0.543457,-0.818767,-0.185135,0.100000,0.020000,1,0.545218
29.112957,19.242014,-1.198646,145.588623,245.702209,-403.097321,-23455.898438,23018.357422,-13346.070312,-0.583444,-0.500542,0.639570,0.100000,0.020000,1,0.013588
28.983934,18.976910,0.687774,11.879815,4.414037,13.666656,162.452255,228.496628,1123.785278,-0.602618,-0.308643,0.735928,0.100000,0.020000,1,0.152990
28.753525,18.900066,-0.701583,-3.737656,15.378948,-16.885822,-1493.503296,753.726746,-1481.607788,-0.582667,-0.397918,-0.708633,0.100000,0.020000,1,0.850626
28.825235,18.662415,0.892804,70.051407,-15.946880,383.184814,4433.238770,-1751.963867,29671.130859,-0.528885,-0.690260,-0.493782,0.100000,0.020000,1,0.822083
28.337963,18.524975,0.085503,19.163137,-3.461391,-8.213854,-254.522278,-1360.061401,-228.349121,-0.521959,-0.852761,0.018926,0.100000,0.020000,1,0.289136
28.600109,18.905794,-0.578445,189.407318,-225.963593,82.376022,10719.603516,-14077.646484,4903.240234,-0.529706,-0.602176,-0.597323,0.100000,0.020000,1,0.984138
28.547205,18.775806,0.337542,35.153877,-130.313858,-120.989182,1449.630127,-8208.440430,-7400.741211,-0.479481,-0.812835,0.330751,0.100000,0.020000,1,0.844095
28.484121,18.707712,0.070055,-28.112732,-105.351562,-40.230247,-2588.551025,-6778.140137,-2656.567871,-0.458187,-0.881325,0.115460,0.100000,0.020000,1,0.675509
28.430269,18.715948,0.070444,3.172808,9.622404,7.359081,-812.048889,524.929443,705.210205,-0.457083,-0.889296,0.015119,0.100000,0.020000,1,0.883901
28.814177,19.066242,1.130173,26.328476,80.696350,186.399445,1587.430298,6181.561035,14588.630859,-0.487109,-0.690211,0.535102,0.100000,0.020000,1,0.826994
28.840645,19.124613,0.632192,-118.752899,182.531372,173.933167,-6843.744629,13209.118164,14277.858398,-0.436803,-0.880310,-0.185085,0.100000,0.020000,1,0.331221
29.275345,19.340662,2.327026,203.161072,275.217224,511.695801,15349.251953,19995.982422,42322.429688,-0.431964,-0.897943,-0.084299,0.100000,0.020000,1,0.222460
28.889778,18.875477,-0.622015,-16.126297,0.582866,21.066624,-1473.027710,-36.270031,1207.396484,-0.533724,-0.477977,-0.697622,0.100000,0.020000,1,0.448166
28.284344,18.434757,-0.374730,514.155334,-266.357483,399.837494,30500.441406,-18094.330078,25128.207031,-0.439517,-0.799149,-0.410103,0.100000,0.020000,1,0.939794
28.610107,18.768265,0.247112,-17.968361,-219.567657,-123.604492,-1448.617188,-13554.702148,-7532.820801,-0.408264,-0.887178,0.215025,0.100000,0.020000,1,0.336950
28.324560,18.691076,0.090647,-383.281921,259.106750,-167.181183,-26643.830078,15771.646484,-12435.031250,-0.490805,-0.594586,0.636850,0.100000,0.020000,1,0.004406
28.448057,18.570198,4.629500,-72.845673,81.395416,1274.701172,-9455.106445,6413.301758,95750.929688,-0.428114,-0.788754,0.441118,0.100000,0.020000,1,0.358713
28.475180,18.590620,-0.441161,313.334045,-224.187759,5.181595,18838.501953,-14529.390625,-490.459076,-0.388017,-0.875177,-0.288977,0.100000,0.020000,1,0.046401
28.212063,18.700624,-0.432873,-70.356812,23.534916,43.335373,-6840.189941,1397.069824,2688.517334,-0.407193,-0.766749,-0.496276,0.100000,0.020000,1,0.452935
28.390202,18.554865,0.333531,-33.592857,41.557205,-15.856178,-3443.964355,2168.183350,-752.683472,-0.366440,-0.872706,0.322655,0.100000,0.020000,1,0.616218
29.093752,18.840921,0.575471,-314.643066,158.448853,58.952980,-19793.015625,9606.830078,3498.993896,-0.557093,-0.377151,0.739868,0.100000,0.020000,1,0.013641
28.733120,18.607145,0.773770,-592.873047,49.188507,-397.306335,-37706.531250,2667.439209,-23721.601562,-0.391548,-0.753176,0.528598,0.100000,0.020000,1,0.865003
28.567301,18.574160,0.599960,-5.486176,10.742431,3.286530,-1054.844727,336.647675,1250.694702,-0.348602,-0.841714,0.412304,0.100000,0.020000,1,0.956254
28.193909,18.417286,-0.034026,416.294556,-230.973206,132.601730,24328.724609,-15360.584961,7837.701172,-0.314314,-0.942942,0.109846,0.100000,0.020000,1,0.311913
29.046333,18.310020,0.240568,105.269394,-39.913368,88.291397,7678.344727,-1367.891357,5977.481445,-0.311031,-0.947451,-0.074813,0.100000,0.020000,1,0.423948
28.366207,18.488190,-0.039873,105.241516,-131.816940,-101.942642,5438.724121,-8766.034180,-6620.362793,-0.305523,-0.952170,0.005362,0.100000,0.020000,1,0.193348
28.645473,18.774618,-0.548901,128.792191,-115.808304,69.753113,7224.415527,-7241.076660,4266.286621,-0.424763,-0.671153,-0.607561,0.100000,0.020000,1,0.307465
28.803749,18.747210,-0.384011,37.880142,3.032383,-42.677109,2691.811768,673.985474,-2856.144531,-0.323237,-0.854684,-0.406242,0.100000,0.020000,1,0.393288
28.699930,18.471006,0.916696,77.959038,-16.003487,-300.149200,3597.371826,-2647.356201,-17717.107422,-0.494638,-0.467107,0.732901,0.100000,0.020000,1,0.763557
29.024004,18.893665,-0.728957,-154.795807,8.886023,-51.390175,-9434.949219,959.408875,-3831.448730,-0.444839,-0.568023,-0.692436,0.100000,0.020000,1,0.724302
27.268452,18.920662,0.402118,-238.361832,218.696320,133.214813,-20788.835938,-4643.027832,3455.668213,-0.269121,-0.921754,-0.279185,0.100000,0.020000,1,0.680029
28.544979,19.217691,-0.723976,-135.766296,211.504211,-193.288239,-1098.742676,19165.886719,-1707.236328,-0.261803,-0.937699,0.228428,0.100000,0.020000,1,0.965027
28.561111,18.352459,0.109625,-182.207642,123.126640,-1107.048828,-12339.956055,6707.137207,-67712.273438,-0.286819,-0.828561,-0.480854,0.100000,0.020000,1,0.186195
29.040909,18.599388,-0.293321,203.475708,-290.900543,-2.957355,14392.417969,-18132.808594,-717.594116,-0.244673,-0.949652,-0.195695,0.100000,0.020000,1,0.333142
27.881874,18.754930,0.011383,-118.349091,125.428268,96.846725,-11441.555664,8315.925781,8278.923828,-0.323803,-0.734317,-0.596598,0.100000,0.020000,1,0.636344
28.587421,18.584429,-0.177346,-42.349930,42.152672,-13.650814,-3205.889648,2314.153809,-371.488831,-0.368070,-0.862712,-0.346775,0.100000,0.020000,1,0.036151
29.321711,18.885969,0.658648,140.308350,82.928955,35.383804,11080.773438,6443.153809,3082.939697,-0.266780,-0.800993,0.535947,0.100000,0.020000,1,0.603815
28.912537,18.529610,0.759233,97.137741,15.383881,97.751831,6877.343262,979.847900,7851.346680,-0.206330,-0.883713,0.420094,0.100000,0.020000,1,0.825232
28.995461,18.222330,0.023691,240.357422,-166.895844,381.996765,16577.406250,-11517.619141,24190.031250,-0.151045,-0.988509,0.005883,0.100000,0.020000,1,0.380956
28.291866,18.806774,-0.070152,288.623993,-442.229401,49.210838,16657.900391,-26456.791016,2387.991455,-0.149775,-0.981445,0.119717,0.100000,0.020000,1,0.477314
29.119785,18.142946,-1.259697,151.559204,-171.129486,-191.448303,10427.474609,-13208.480469,-14900.219727,-0.365284,-0.625377,-0.689544,0.100000,0.020000,1,0.238867
27.708197,18.869125,1.198898,-217.717468,139.946350,135.367065,-18562.087891,9722.175781,11282.797852,-0.311553,-0.702538,0.639825,0.100000,0.020000,1,0.961361
29.118216,17.852701,-1.963892,20.008787,82.113708,-307.341461,-13328.504883,-11313.606445,-9082.201172,-0.139340,-0.948935,-0.283032,0.100000,0.020000,1,0.848205
28.413237,18.593609,-0.180384,-1.336967,72.656670,-134.258301,-3223.451660,3847.614258,-9672.607422,-0.125971,-0.964265,0.233076,0.100000,0.020000,1,0.703838
28.614687,18.143414,-0.554330,193.088379,-107.146873,89.084854,11054.952148,-9992.994141,4055.665527,-0.126615,-0.974703,-0.184179,0.100000,0.020000,1,0.639813
29.295210,17.750513,1.052229,211.369354,-14.558159,65.254326,-1795.951172,-19612.042969,5340.215332,-0.424986,-0.525531,0.737024,0.100000,0.020000,1,0.809894
28.629087,20.390055,0.380907,9.568645,537.120483,29.481823,1210.800537,33749.214844,-1619.970703,-0.176682,-0.925476,0.335078,0.100000,0.020000,1,0.044728
28.689659,18.336765,0.427159,-288.422424,157.570984,-383.366028,-18313.087891,9564.407227,-23624.451172,-0.101101,-0.934570,0.341112,0.100000,0.020000,1,0.786316
28.726656,18.446869,0.427490,75.725937,-19.035492,292.155304,4051.661377,-2311.918213,17826.773438,-0.362182,-0.641606,0.676141,0.100000,0.020000,1,0.034087
28.787756,18.530869,-0.519552,98.308861,-201.890961,173.703583,6024.913574,-12834.735352,10947.190430,-0.205092,-0.768044,-0.606668,0.100000,0.020000,1,0.383483
30.666538,17.393459,0.615990,530.288330,-240.511169,248.090515,29795.164062,-15129.370117,-3652.791016,-0.079486,-0.990901,-0.108619,0.100000,0.020000,1,0.038144
29.003929,17.918684,-0.151955,211.806396,-104.226372,-175.936676,5684.702148,-7750.596680,-8255.273438,-0.012409,-0.999908,0.005489,0.100000,0.020000,1,0.870538
28.462646,18.304075,-0.417814,384.907288,-217.323334,152.278442,23366.142578,-13862.550781,8202.008789,-0.010690,-0.995452,-0.094659,0.100000,0.020000,1,0.912675
28.888241,18.570961,-0.743190,-197.427063,55.726791,196.592010,-12505.354492,3255.410400,11758.736328,-0.274883,-0.667984,-0.691546,0.100000,0.020000,1,0.974903
28.876251,18.648590,0.513599,37.358894,-180.353302,-41.574043,2481.423828,-11012.936523,-2714.380127,-0.208210,-0.748263,0.629882,0.100000,0.020000,1,0.672413
28.642738,18.137531,-0.488540,37.131645,-18.312065,209.592102,1779.918579,-2566.757324,12990.821289,-0.134745,-0.850911,-0.507735,0.100000,0.020000,1,0.069053
28.351116,19.295944,1.159366,-92.913574,246.547791,202.258453,-7933.208008,17662.236328,14013.173828,-0.129638,-0.830564,0.541625,0.100000,0.020000,1,0.639048
29.640022,19.155714,-0.892996,235.897614,225.876678,-354.377899,16165.571289,14801.781250,-11290.757812,-0.074109,-0.905095,0.418702,0.100000,0.020000,1,0.165215
28.536650,18.394865,-0.679687,-43.395737,32.648262,-128.656403,-3597.716064,2034.290894,-9529.840820,-0.063058,-0.912962,-0.403143,0.100000,0.020000,1,0.059373
28.481617,18.439121,0.474269,-331.811829,83.011192,-242.773529,-21820.269531,5724.258301,-13752.030273,0.008557,-0.993276,0.115451,0.100000,0.020000,1,0.509771
27.798460,18.614664,-2.174060,-233.726608,151.553192,-513.165466,-7172.725098,3008.737305,-24580.693359,0.009500,-0.980787,-0.194850,0.100000,0.020000,1,0.688926
27.977734,18.620869,-0.126999,-133.119934,89.794983,50.531090,-11518.465820,6926.229492,3667.713623,0.022077,-0.958529,-0.284137,0.100000,0.020000,1,0.609225
28.929037,17.961924,0.713334,69.325104,-0.075151,42.319023,-3572.183105,-8855.317383,-1045.311523,0.027073,-0.975662,0.217601,0.100000,0.020000,1,0.597800
30.789776,17.880465,0.947516,574.983276,-131.813828,165.556793,16574.082031,-4540.932129,-2704.886719,-0.338119,-0.584487,0.737598,0.100000,0.020000,1,0.429642
28.816742,18.274427,-0.451618,109.217407,-211.509033,23.494991,7040.718750,-13811.973633,1318.021973,-0.032839,-0.873864,-0.485061,0.100000,0.020000,1,0.541979
28.769005,18.301052,0.331847,-112.608658,-37.443977,-148.615692,-6971.849121,-2433.652100,-9156.057617,0.028183,-0.944504,0.327289,0.100000,0.020000,1,0.137402
28.553591,18.460815,-0.486931,10.707276,-53.704933,50.666107,-161.308945,-3292.673096,2751.452148,-0.100007,-0.888773,-0.447305,0.100000,0.020000,1,0.013036
28.639574,18.303179,0.398490,23.794481,-8.178808,9.469131,840.356140,-848.685974,431.644836,-0.025569,-0.856346,0.515769,0.100000,0.020000,1,0.779465
26.605793,19.303247,0.677531,-441.149078,382.210175,240.087921,-29253.513672,-10171.898438,6250.078125,0.068109,-0.921444,-0.382495,0.100000,0.020000,1,0.504539
28.280409,18.381435,-0.428311,526.063843,-300.306213,600.634888,31288.937500,-18271.056641,36792.027344,0.140707,-0.971936,-0.188527,0.100000,0.020000,1,0.397202
28.791269,18.387293,-0.126882,33.791161,26.373871,-260.619110,929.989197,-109.551636,-13068.449219,0.151621,-0.988341,0.013910,0.100000,0.020000,1,0.207744
28.376036,18.349438,-0.155996,520.800293,-302.880676,260.675720,31387.019531,-18508.798828,16105.303711,0.154085,-0.984362,-0.085379,0.100000,0.020000,1,0.947908
28.815996,18.449970,0.468354,-177.807510,-290.951782,-428.107605,-11390.524414,-18337.527344,-27300.964844,-0.075598,-0.773181,0.629663,0.100000,0.020000,1,0.718750
28.603483,18.337999,0.234700,113.282486,-177.963501,-249.825623,6384.827148,-11003.160156,-16315.514648,0.082301,-0.899023,0.430098,0.100000,0.020000,1,0.615933
28.075615,19.779192,-0.495434,-174.885193,399.626404,-172.309402,-12627.765625,25287.728516,-6017.773438,0.161688,-0.960263,0.227489,0.100000,0.020000,1,0.793736
29.021616,18.661261,0.527950,12.600220,-1.196218,-6.164310,1180.155151,153.472794,-774.437988,-0.235200,-0.641819,0.729897,0.100000,0.020000,1,0.301397
28.720573,18.082281,-0.034478,279.228302,-148.341446,159.252014,14753.856445,-15792.437500,9069.073242,0.161673,-0.929321,0.332002,0.100000,0.020000,1,0.106012
28.271748,18.341410,-0.065911,861.112915,-494.818634,-79.226891,51790.058594,-31733.898438,-4208.801270,0.168207,-0.937793,-0.303729,0.100000,0.020000,1,0.336932
29.107656,18.600838,0.208380,-51.847900,-298.837280,-50.273804,-5149.279297,-17872.437500,-10277.933594,-0.147635,-0.693061,-0.705599,0.100000,0.020000,1,0.259366
28.990932,18.481232,-0.815899,109.357697,99.303925,36.009239,7480.839355,6476.365234,1071.195435,-0.063281,-0.780602,-0.621817,0.100000,0.020000,1,0.158382
29.134176,18.062601,1.951127,65.367416,-26.048927,555.569824,7710.546875,-2820.551758,44172.269531,0.098757,-0.858738,-0.502808,0.100000,0.020000,1,0.269687
28.686707,18.736130,0.618291,136.009659,-258.906281,41.471413,7616.221191,-15518.795898,2645.071533,-0.163359,-0.674485,0.719989,0.100000,0.020000,1,0.610844
28.730030,18.448616,-0.551766,323.096588,-190.800598,-199.761505,19859.236328,-11628.521484,-12784.325195,0.029891,-0.799405,-0.600049,0.100000,0.020000,1,0.841675
28.909985,18.191057,0.679340,-69.288422,-139.119247,-436.886353,-4066.829590,-9135.440430,-26596.035156,0.105384,-0.845555,0.523384,0.100000,0.020000,1,0.122223
28.516119,18.249231,-0.534692,305.279724,-165.002930,-285.455597,18030.462891,-10177.190430,-18842.177734,0.191233,-0.897572,-0.397233,0.100000,0.020000,1,0.534221
30.611614,16.990488,-0.608635,561.470886,-279.793701,-73.365501,21531.277344,-21421.617188,-25410.093750,0.274152,-0.957417,-0.090512,0.100000,0.020000,1,0.412506
28.543591,18.393860,0.261888,397.189423,-169.511612,163.600983,23689.451172,-10514.181641,9208.537109,0.034613,-0.781359,0.623121,0.100000,0.020000,1,0.621040
28.749140,18.233046,0.055547,35.945980,-52.308167,963.798218,1931.200684,-3123.286865,59527.417969,0.198663,-0.878822,0.433827,0.100000,0.020000,1,0.928156
28.663986,18.114950,1.410344,-14.574175,12.512703,150.646210,-12224.328125,5814.755371,-1751.934448,0.295109,-0.955271,0.019199,0.100000,0.020000,1,0.051739
29.679266,17.528780,-0.231994,261.394867,-129.359329,-58.186653,15298.374023,3633.151367,-18671.486328,0.303667,-0.944008,0.128976,0.100000,0.020000,1,0.455622
28.654087,18.318108,0.191912,106.596878,-235.662476,-228.408630,6258.808105,-14160.133789,-14133.151367,0.227778,-0.962730,0.145838,0.100000,0.020000,1,0.096208
28.751005,18.076521,0.804261,-43.201519,28.520956,216.370422,-2981.277344,1746.981934,17748.720703,0.305892,-0.929583,-0.205680,0.100000,0.020000,1,0.180429
29.662981,19.726614,0.028187,271.444855,439.507080,-57.141876,20669.279297,34607.382812,-4242.051758,0.313569,-0.925581,0.212074,0.100000,0.020000,1,0.119839
26.589987,21.004913,-1.062628,-613.862915,749.825012,-164.379410,-34418.042969,39635.070312,6350.975586,-0.051431,-0.710300,-0.702018,0.100000,0.020000,1,0.471958
28.232397,18.364128,-1.530298,-105.919655,62.335316,-103.561409,-6692.447266,3393.176758,-11031.093750,0.133181,-0.781966,-0.608927,0.100000,0.020000,1,0.594366
29.266642,17.939089,-0.409026,-652.807617,-70.834717,221.190552,-39590.765625,-5431.324219,14047.815430,0.237830,-0.829309,-0.505652,0.100000,0.020000,1,0.900539
29.054901,18.023760,0.005661,-234.601013,-391.548096,248.909027,-13967.932617,-24962.982422,14549.402344,0.325423,-0.884652,0.333903,0.100000,0.020000,1,0.002751
28.811762,18.382740,0.748453,-1.154320,-32.823006,-102.760468,-574.076050,-2333.066406,-5927.286621,-0.054782,-0.688204,0.723446,0.100000,0.020000,1,0.551997
28.948870,18.266508,0.591094,33.188599,23.443390,55.841217,2265.472656,1507.428711,3791.531006,0.144757,-0.770691,0.620549,0.100000,0.020000,1,0.376508
27.313812,18.894474,-0.594173,-361.008911,246.351318,-306.284271,-24328.042969,5546.864258,-9248.249023,0.242170,-0.813392,0.528911,0.100000,0.020000,1,0.193544
28.839109,18.136858,-0.100065,-20.413219,-96.037338,-108.932159,-1474.640259,-5845.324219,-5849.056152,0.332362,-0.850833,-0.406963,0.100000,0.020000,1,0.879755
26.966291,20.048044,-1.426628,-578.863403,622.973450,-339.965820,-138.550781,8828.720703,-45790.023438,0.416774,-0.887789,-0.195269,0.100000,0.020000,1,0.789074
28.512890,18.202187,-0.125304,367.912079,-212.282578,5.975326,21731.244141,-12602.359375,208.818039,0.424512,-0.899879,-0.100032,0.100000,0.020000,1,0.253725
29.079195,17.875229,0.045270,-317.451813,183.440842,48.744118,-19185.873047,11033.899414,3192.324463,0.432065,-0.901596,0.021084,0.100000,0.020000,1,0.535769
29.434177,17.670280,-0.298650,-98.811020,57.168350,-148.292633,-3921.050293,2231.320801,-10987.350586,0.437037,-0.893275,0.105163,0.100000,0.020000,1,0.626574
29.414276,18.168936,-0.093047,87.377991,-94.273392,-11.871506,7683.798828,-5572.630371,-2632.267090,0.343197,-0.839732,0.420793,0.100000,0.020000,1,0.816566
29.548096,17.604509,1.452614,168.536346,-68.986938,388.506592,20139.685547,-15638.528320,24721.328125,0.431583,-0.870882,0.235159,0.100000,0.020000,1,0.387647
28.741573,18.579996,-0.688516,-9.219765,53.593460,-18.956158,-1391.005981,4294.662598,-1575.851074,0.039325,-0.709592,-0.703515,0.100000,0.020000,1,0.232977
28.793016,18.040457,-0.054111,150.861267,-74.739067,-489.252289,6118.548828,-10399.769531,-30071.287109,0.332435,-0.808753,-0.485186,0.100000,0.020000,1,0.908013
28.857880,18.092781,-0.234507,-12.544859,-62.232269,-28.347904,-840.731140,-3755.345703,-1659.074829,0.365555,-0.876695,-0.312690,0.100000,0.020000,1,0.230895
28.563505,19.699711,0.527383,-150.974060,480.596252,257.951111,-9912.566406,37693.441406,20688.634766,0.247307,-0.763056,-0.597147,0.100000,0.020000,1,0.222442
29.262300,18.452591,-0.023426,157.726715,-200.110046,-206.972198,11359.491211,-10667.774414,-12077.590820,0.459313,-0.834106,-0.305449,0.100000,0.020000,1,0.515358
29.088650,18.246887,0.513090,-568.114990,7.839912,-272.887787,-35292.125000,802.826599,-17260.591797,0.254974,-0.747039,0.613939,0.100000,0.020000,1,0.976824
29.492666,17.645887,0.201599,-295.293915,171.630981,-259.928589,-16298.990234,9418.166016,-16719.783203,0.459215,-0.826583,0.325394,0.100000,0.020000,1,0.051864
28.904243,17.976236,0.524305,-20.709909,12.652429,243.503067,510.032227,-458.834961,-7499.113770,0.553949,-0.832502,0.008993,0.100000,0.020000,1,0.017022
28.844769,18.278099,0.197132,41.089508,-39.040230,71.060455,2661.657227,-3657.972656,4657.232422,0.455961,-0.780521,0.427654,0.100000,0.020000,1,0.746616
28.667534,18.403143,-1.711385,-107.833344,85.049454,-346.079224,-8054.661133,7108.465332,-27575.388672,0.466930,-0.788526,-0.400254,0.100000,0.020000,1,0.748734
30.409773,17.107021,0.149894,145.778000,-83.837387,149.352570,15138.105469,-8818.521484,9238.380859,0.548488,-0.802980,0.233204,0.100000,0.020000,1,0.877228
29.168940,17.823416,-0.817151,-58.226784,42.347370,863.117065,-5050.457520,-1429.918335,52244.789062,0.555349,-0.810022,-0.188288,0.100000,0.020000,1,0.694140
29.101763,18.177380,0.386785,17.347652,54.564117,-20.579468,1630.777832,3870.273682,-1611.531372,0.370298,-0.753498,0.543249,0.100000,0.020000,1,0.198242
29.196384,17.807570,-1.346858,70.020905,34.795036,-403.811340,-22219.417969,-2406.982666,-17684.566406,0.584867,-0.800979,0.127920,0.100000,0.020000,1,0.337626
29.565090,17.653757,1.294940,269.079193,-195.361664,363.369812,9039.250977,-7104.979004,15462.473633,0.066248,-0.676975,0.733019,0.100000,0.020000,1,0.717398
28.392271,18.431143,-1.117399,-116.941223,85.936249,-115.612549,-9823.011719,6121.387207,-9471.464844,0.160517,-0.692977,-0.702863,0.100000,0.020000,1,0.957909
29.087852,17.931572,-0.479541,-179.013367,108.423553,5.047004,-10922.648438,6050.193848,485.238159,0.368015,-0.710540,-0.599748,0.100000,0.020000,1,0.853295
28.817381,20.660151,-1.042184,8.041000,765.316895,-170.557617,-4337.274902,28850.828125,-1993.475098,0.468885,-0.724815,-0.504767,0.100000,0.020000,1,0.073413
30.558455,17.021179,-2.410951,464.623413,-268.145050,-580.054138,21397.089844,-12379.732422,-43124.960938,0.570762,-0.759825,-0.311283,0.100000,0.020000,1,0.035475
28.228191,18.366558,1.064252,-176.443314,102.169914,147.665955,-14532.291992,8224.468750,12574.305664,0.566066,-0.751356,0.339165,0.100000,0.020000,1,0.137064
29.159958,18.343409,0.439849,-138.752136,-268.267151,75.458359,-8175.956055,-15862.292969,4425.030273,0.371466,-0.697434,0.612861,0.100000,0.020000,1,0.405334
29.276815,18.836300,0.254127,86.023499,181.151031,-42.912628,6451.570312,14914.125000,-3516.028320,0.468141,-0.709696,0.526475,0.100000,0.020000,1,0.779127
31.137451,17.707190,-0.340870,632.543701,-66.660553,-238.129944,13121.407227,2934.167969,-3484.108398,0.563468,-0.716669,0.410962,0.100000,0.020000,1,0.474324
29.828115,17.442839,1.595505,163.920929,-93.683495,402.940735,20037.302734,-11791.019531,17202.150391,0.669336,-0.742927,0.007029,0.100000,0.020000,1,0.309814
28.664633,18.114578,0.288073,620.904236,-357.562958,-108.437653,37363.203125,-21795.617188,-6020.994141,0.671575,-0.733487,0.104804,0.100000,0.020000,1,0.106974
29.397259,17.691595,-0.113343,502.032043,-288.953766,-468.037750,32895.929688,-19200.464844,-29708.978516,0.677470,-0.729270,-0.095913,0.100000,0.020000,1,0.091617
28.919510,17.967422,0.134506,-31.857742,94.223335,-376.469482,-14180.460938,-12470.173828,-17329.328125,0.163122,-0.668000,0.726063,0.100000,0.020000,1,0.849486
28.934124,17.958986,-1.824665,-97.731018,65.256538,-317.950623,6529.122070,-5817.333008,-28026.482422,0.571109,-0.713896,-0.405201,0.100000,0.020000,1,0.196676
29.151571,17.833443,-1.559745,8.910316,-4.324445,-387.468750,1528.936035,-1074.284790,-20311.001953,0.633237,-0.765928,-0.111202,0.100000,0.020000,1,0.014744
28.928305,17.962347,0.155303,231.691406,-133.140457,124.277344,13850.570312,-8146.935547,7734.459473,0.674742,-0.705081,0.218136,0.100000,0.020000,1,0.067612
29.112700,18.210819,-0.629078,-450.101746,-30.917850,152.833267,-28014.792969,-1876.955688,9502.011719,0.252647,-0.668408,-0.699572,0.100000,0.020000,1,0.702272
30.311314,18.405252,-0.519490,343.436798,51.487213,-71.902985,14934.713867,13093.009766,-9066.979492,0.451735,-0.670564,-0.588456,0.100000,0.020000,1,0.852440
28.980265,18.326466,0.276131,-136.816895,129.505310,-115.350052,-9107.420898,10285.621094,-5434.107910,0.689851,-0.697150,-0.195158,0.100000,0.020000,1,0.122650
32.648518,15.814478,0.871363,1194.179321,-689.354675,125.164444,8717.085938,-5280.969238,15305.570312,0.674527,-0.659205,0.332359,0.100000,0.020000,1,0.393768
28.915659,17.969646,-0.181506,267.802094,-154.298141,-14.277718,15993.738281,-9318.777344,-591.717407,0.683372,-0.665118,-0.301033,0.100000,0.020000,1,0.081812
28.934490,17.958775,0.972546,-317.200684,184.088074,293.711548,-21164.316406,11992.022461,22607.744141,0.754581,-0.656150,0.008641,0.100000,0.020000,1,0.727220
28.444614,18.241604,0.107846,-160.346344,99.355461,-212.996964,-2672.205078,158.095215,-3508.933105,0.250313,-0.649473,0.718003,0.100000,0.020000,1,0.225557
29.163574,18.014791,-0.569670,-518.018677,-359.604828,333.445801,-32495.109375,-22333.636719,20461.886719,0.578097,-0.640458,-0.505586,0.100000,0.020000,1,0.161389
29.318741,18.445473,0.136880,83.259346,-57.087067,163.723953,3997.771484,-6619.931641,6762.924805,0.666568,-0.639473,-0.383095,0.100000,0.020000,1,0.954919
29.311089,17.741346,0.362281,-162.198090,94.478348,-83.740219,-9862.551758,5491.692871,-4205.913086,0.764087,-0.634478,0.116655,0.100000,0.020000,1,0.834681
29.319845,17.736290,-0.258418,-29.713562,17.979082,186.998093,-1456.920410,651.614380,11084.847656,0.772339,-0.629033,-0.088369,0.100000,0.020000,1,0.398288
29.134926,18.138903,0.080491,-183.313965,-40.922203,147.751373,-11664.386719,-1418.215942,8156.864258,0.665926,-0.613773,0.424057,0.100000,0.020000,1,0.498453
28.739557,18.071321,1.745631,-182.996246,128.073730,387.317352,-18267.167969,5799.569824,17151.812500,0.761725,-0.608150,0.223446,0.100000,0.020000,1,0.775888
28.084923,20.265388,0.599844,-348.208160,747.089783,196.792389,-8737.897461,22858.400391,9536.416016,0.774682,-0.602243,-0.192798,0.100000,0.020000,1,0.753503
28.993435,18.025673,-0.693763,-25.936893,23.577095,97.734375,-1989.901001,1092.346924,5748.860840,0.351698,-0.623584,-0.698178,0.100000,0.020000,1,0.432756
30.850964,18.571527,0.458592,479.834290,228.581711,-35.329418,19922.894531,3663.412598,-269.723022,0.472045,-0.611753,0.634769,0.100000,0.020000,1,0.640134
30.938103,17.890827,-2.460327,507.207123,4.511787,-672.486816,21054.582031,3502.606445,-10250.442383,0.754087,-0.589523,-0.289509,0.100000,0.020000,1,0.648817
29.215954,18.268723,-0.249027,-42.382355,24.872971,-130.545151,-2214.259277,3125.431396,-7117.336426,0.542545,-0.588862,-0.599071,0.100000,0.020000,1,0.865466
28.727652,18.078194,-1.452178,-114.347458,100.236496,-557.529907,-5753.048828,-2324.997803,-17167.716797,0.651594,-0.556206,0.515810,0.100000,0.020000,1,0.905112
29.303972,17.790369,0.393874,-365.334656,213.822174,145.190247,-22524.931641,12767.858398,8630.645508,0.554930,-0.561378,0.613928,0.100000,0.020000,1,0.916269
29.066687,18.364182,-0.161691,-27.769989,116.198288,-86.568909,-8759.721680,8334.558594,-16696.871094,0.753669,-0.516650,0.406271,0.100000,0.020000,1,0.824556
28.858940,18.002394,-3.289435,-47.289642,55.418236,-925.887268,-6291.071777,-1486.939209,-47742.218750,0.843115,-0.499992,-0.197903,0.100000,0.020000,1,0.650241
30.507185,17.050779,0.171856,310.488190,-178.897263,45.896893,24590.539062,-14277.927734,3217.355713,0.858188,-0.500786,0.112817,0.100000,0.020000,1,0.465534
28.027945,18.482170,1.861918,-243.299881,191.455780,326.149323,-12078.167969,5545.331543,16264.671875,0.360314,-0.590711,0.721966,0.100000,0.020000,1,0.969920
29.131170,18.171932,-0.419665,55.308105,-69.610901,-128.793289,3439.322998,-3893.356201,-7439.843750,0.447686,-0.570969,-0.688165,0.100000,0.020000,1,0.492973
29.179457,17.863253,0.884877,-45.733032,16.884724,149.539948,-3179.225586,1397.265991,11969.161133,0.778837,-0.534085,0.328886,0.100000,0.020000,1,0.163115
28.466734,20.289225,-1.268507,-243.226074,697.486206,-224.886795,9368.314453,39157.128906,-8474.824219,0.758936,-0.509439,-0.405572,0.100000,0.020000,1,0.281022
29.292385,17.972490,0.126277,161.102676,-390.964844,372.219513,10067.763672,-23699.718750,23198.341797,0.849935,-0.473008,0.232107,0.100000,0.020000,1,0.811121
29.424208,17.729923,0.013823,8.999020,-3.892206,5.408685,1037.974976,-185.055771,329.124084,0.874090,-0.485364,0.019726,0.100000,0.020000,1,0.792989
30.777748,18.776356,-1.435531,439.926758,256.898682,-265.830139,15540.993164,7216.745117,-9658.199219,0.639242,-0.503326,-0.581405,0.100000,0.020000,1,0.920131
29.395374,17.740412,-0.510034,-235.346924,135.470993,161.291046,-14378.509766,8121.683594,9814.249023,0.722434,-0.480661,-0.497045,0.100000,0.020000,1,0.630685
29.199993,17.805487,-0.483965,-55.868771,35.796959,76.374023,-5103.031250,1032.671509,4011.644531,0.844080,-0.446104,-0.297524,0.100000,0.020000,1,0.697930
27.788261,19.769520,-0.234311,-377.189240,545.150024,-210.742859,-23240.335938,25010.136719,-22614.898438,0.720541,-0.464381,0.514947,0.100000,0.020000,1,0.760211
29.620131,17.584728,0.608470,-182.825867,86.339096,-312.003265,-10412.065430,4757.284180,-18254.744141,0.846676,-0.431891,0.310822,0.100000,0.020000,1,0.486442
28.919962,19.988338,-1.281986,-58.092255,552.906372,-555.630005,-2719.739258,19898.244141,-25621.968750,0.447782,-0.538520,0.713784,0.100000,0.020000,1,0.268263
29.474977,18.513103,-0.616204,298.208008,-392.874390,-110.022812,19284.025391,-21713.138672,-8124.607910,0.823914,-0.408367,-0.392940,0.100000,0.020000,1,0.562709
29.476469,17.645863,0.627029,19.299026,-3.306587,260.647766,-614.728088,-791.531616,20847.669922,0.924557,-0.380624,0.017874,0.100000,0.020000,1,0.418289
29.464275,17.984371,-0.003361,-26.758541,-307.678833,-33.767570,-1490.836060,-18229.630859,-1842.272583,0.923874,-0.373047,-0.085394,0.100000,0.020000,1,0.435443
29.404697,17.859972,0.481735,-414.897278,80.448898,64.374420,-25312.984375,4773.078125,3998.476318,0.596247,-0.549519,0.585251,0.100000,0.020000,1,0.116333
29.743166,18.372437,0.964422,-2.562199,55.027710,156.524139,1799.042847,5352.664062,11706.319336,0.631476,-0.464737,0.620691,0.100000,0.020000,1,0.353107
29.409241,17.684677,0.289521,-292.703735,170.420044,-53.182201,-18777.751953,9781.229492,-3632.923584,0.821876,-0.390430,0.414831,0.100000,0.020000,1,0.563368
29.254227,17.774176,-0.425288,34.592690,-13.477060,23.569717,366.684448,-3534.380859,227.266068,0.900759,-0.425405,-0.087543,0.100000,0.020000,1,0.101012
27.676609,18.685013,-0.264172,-400.594513,259.069733,-119.207520,-41035.140625,17975.316406,-3546.781494,0.892538,-0.356385,-0.276343,0.100000,0.020000,1,0.273263
29.616327,18.403343,-0.118655,76.647522,149.135605,-74.017624,-31.813232,7444.490234,-1958.804199,0.928769,-0.351802,0.116717,0.100000,0.020000,1,0.611502
29.294519,18.232895,-0.661164,12.326107,29.973633,-6.222178,1024.523804,2875.946777,-703.679626,0.536554,-0.484975,-0.690586,0.100000,0.020000,1,0.364727
29.509813,17.867390,-0.386379,-18.301826,-210.056274,-36.142357,-648.521973,-12998.257812,-2210.714111,0.797432,-0.372589,-0.474636,0.100000,0.020000,1,0.638158
29.725819,18.072006,0.123926,72.662422,72.918991,-39.661880,2447.364258,3182.375000,3923.123047,0.917544,-0.329184,0.223050,0.100000,0.020000,1,0.854682
30.148331,20.284206,-0.632864,416.783325,662.328369,67.093597,15647.551758,18239.048828,4961.013184,0.674339,-0.491947,-0.550686,0.100000,0.020000,1,0.005384
29.679678,18.057171,0.251167,17.443424,-386.739868,-172.425751,255.098572,-27564.357422,-10497.643555,0.886451,-0.317757,0.336505,0.100000,0.020000,1,0.549435
29.593895,17.714676,-0.112457,-216.088135,-71.489838,-43.970757,-13053.779297,-4491.280273,-2544.909912,0.923548,-0.328841,-0.197290,0.100000,0.020000,1,0.087079
30.609625,17.547596,-1.282813,500.891846,-229.115601,-205.509476,18218.158203,-9436.323242,1488.689453,0.775658,-0.341339,0.530888,0.100000,0.020000,1,0.673605
29.510733,17.827385,-0.305389,-9.698351,-34.878941,5.471771,-423.007568,-1907.390503,420.404846,0.874272,-0.301372,-0.380556,0.100000,0.020000,1,0.883260
29.290348,17.975683,-0.209957,287.722382,-315.603638,442.505432,17184.101562,-18737.242188,27312.007812,0.964080,-0.255468,-0.072700,0.100000,0.020000,1,0.661914
29.394962,17.881380,-0.485265,-221.296417,-295.804657,269.335449,-13853.733398,-18644.507812,17076.257812,0.713092,-0.374878,-0.592424,0.100000,0.020000,1,0.404160
28.426495,18.319040,-0.981670,-236.259369,143.063385,-201.023499,-19371.390625,11344.755859,-18234.166016,0.873574,-0.267746,0.406425,0.100000,0.020000,1,0.762080
30.449955,17.446838,0.246617,216.798340,-85.333252,8.114470,17490.238281,-6481.174316,812.298096,0.950300,-0.233674,0.205734,0.100000,0.020000,1,0.180785
29.299543,17.749094,-0.662632,-497.147949,287.357025,183.928436,-32400.712891,18382.242188,8753.526367,0.971880,-0.234195,0.024524,0.100000,0.020000,1,0.292820
29.454029,18.236395,-0.095138,-130.890305,-135.365860,-493.185852,-8636.157227,-6336.437500,-30815.335938,0.952500,-0.229079,-0.200666,0.100000,0.020000,1,0.834219
29.237814,17.811388,-0.179945,-105.571503,64.383339,-26.050209,-7961.102051,4549.618652,-2761.365234,0.968272,-0.227765,0.102820,0.100000,0.020000,1,0.364193
29.381737,17.954573,0.594237,-6.677199,-60.125359,-107.583954,-383.645447,-3580.053223,-6561.895020,0.683258,-0.360598,0.634923,0.100000,0.020000,1,0.402220
29.264000,18.126942,-0.632913,35.000130,-106.607666,42.659500,2000.193481,-6080.759766,2530.661133,0.588913,-0.405219,-0.699270,0.100000,0.020000,1,0.236482
29.481892,17.971998,-0.501236,168.578339,-158.576538,272.561035,10790.760742,-9516.328125,17167.205078,0.760212,-0.293710,-0.579493,0.100000,0.020000,1,0.993373
29.618080,17.608715,0.518304,-376.111755,218.988708,192.450287,-23540.132812,13292.777344,13197.623047,0.929884,-0.191147,0.314291,0.100000,0.020000,1,0.518045
29.525471,17.758223,-0.459722,-241.489960,136.106522,-388.248230,-15215.671875,8399.197266,-24665.732422,0.837859,-0.227486,-0.496228,0.100000,0.020000,1,0.698375
27.698723,18.672247,-0.185365,-499.478668,300.344574,13.788323,-23236.947266,10286.088867,-6559.232422,0.833786,-0.223083,0.505009,0.100000,0.020000,1,0.819574
29.655199,17.740078,0.019655,-31.206223,15.250748,-14.894848,-2036.288574,1114.840088,-910.474670,0.995993,-0.088204,0.014769,0.100000,0.020000,1,0.768521
30.438848,17.590515,0.435122,72.181915,-144.249908,117.408508,7753.260742,-9590.705078,9505.092773,0.993409,-0.084289,-0.077685,0.100000,0.020000,1,0.095976
29.826550,17.795414,-0.226826,32.590309,-5.416327,3.390087,2926.739014,-87.497803,312.715912,0.945613,-0.137576,-0.294769,0.100000,0.020000,1,0.200537
30.872725,18.461206,2.657979,302.795227,72.709106,758.653442,18939.916016,9440.500000,28235.773438,0.893431,-0.129327,0.430181,0.100000,0.020000,1,0.664370
30.000687,17.764036,-1.288458,169.325012,-31.134857,-172.453995,5491.405273,-1276.979980,-3056.665527,0.904580,-0.130817,-0.405737,0.100000,0.020000,1,0.361738
29.235622,17.888432,-1.070799,-71.466888,52.071663,-180.537201,-6367.653809,3978.255371,-15160.522461,0.977117,-0.072565,-0.199942,0.100000,0.020000,1,0.886108
29.764561,18.125025,0.007653,-98.031845,-443.591736,239.712280,-5839.257324,-26323.521484,14439.662109,0.976471,-0.070897,0.203664,0.100000,0.020000,1,0.905717
29.734726,18.946680,-0.216374,152.877167,302.156128,-87.666443,8017.752441,22340.251953,-10173.918945,0.990932,-0.065838,0.117126,0.100000,0.020000,1,0.288691
29.082952,18.390581,-0.599795,-113.276367,180.407364,-566.154053,-6149.582031,6952.015137,-21448.476562,0.569852,-0.393651,0.721324,0.100000,0.020000,1,0.050636
29.478565,17.781025,-0.695478,-201.495941,119.597153,204.296234,-12370.960938,6857.424316,12460.303711,0.641699,-0.322144,-0.696021,0.100000,0.020000,1,0.183188
29.149620,18.508083,0.531938,259.951599,-157.750427,53.805122,15068.926758,-7367.262695,3366.743896,0.729267,-0.256419,0.634365,0.100000,0.020000,1,0.340598
30.360649,18.146585,0.549933,154.360840,65.499359,80.128937,12573.397461,5785.652344,6229.479980,0.946441,-0.059999,0.317252,0.100000,0.020000,1,0.594918
29.525059,18.428379,-0.371096,-15.587063,127.196533,-19.653889,-1657.500366,10877.092773,-1729.895264,0.952489,-0.058268,-0.298948,0.100000,0.020000,1,0.329850
29.332952,17.869856,0.520919,-44.575531,32.961662,-111.667007,-3115.755371,1734.449707,-7376.066895,0.637830,-0.309283,0.705348,0.100000,0.020000,1,0.681488
29.673512,17.905542,-0.439962,-163.135315,-89.907822,74.718338,-10082.848633,-5267.644043,4616.455566,0.864780,-0.111132,-0.489699,0.100000,0.020000,1,0.572906
28.888002,17.985613,0.042665,-12.677916,8.844068,121.998962,-2725.645264,-265.142426,5374.142578,0.510247,-0.453981,0.730445,0.100000,0.020000,1,0.134466
29.006266,17.992168,0.750453,-128.397110,96.806335,380.070190,-11028.153320,7005.168457,28484.777344,0.923535,-0.026918,-0.382568,0.100000,0.020000,1,0.003694
29.778925,18.056406,0.098894,325.314545,-436.707825,-609.086975,20531.976562,-26216.617188,-37723.093750,0.995318,0.041659,-0.087211,0.100000,0.020000,1,0.837564
30.901867,16.973879,0.744200,322.291138,-178.582794,149.628357,25010.427734,-14468.144531,12126.590820,0.991477,0.049411,0.120549,0.100000,0.020000,1,0.731081
29.757568,17.574503,0.195814,60.674889,-57.549446,-536.620728,3688.713867,-4300.298828,-33132.640625,0.998232,0.055124,0.022258,0.100000,0.020000,1,0.673588
29.531725,18.245920,-0.738963,-69.813339,-666.883667,390.354187,-4217.750000,-40738.789062,23964.802734,0.697115,-0.228075,-0.679715,0.100000,0.020000,1,0.905343
29.175499,17.972334,0.499211,146.758423,-418.313995,-248.958527,7637.065430,-26028.669922,-15852.307617,0.764413,-0.152744,0.626372,0.100000,0.020000,1,0.888172
29.670115,17.570208,0.483164,-127.667542,84.662270,-160.812485,-8246.847656,4396.953613,-9638.062500,0.905453,-0.010856,0.424307,0.100000,0.020000,1,0.968265
30.114964,20.104342,-0.778916,81.313919,566.566956,-159.702209,2016.809448,15800.549805,-4307.644531,0.979606,0.070997,-0.187967,0.100000,0.020000,1,0.187227
29.510815,17.642607,-0.714108,-393.512146,232.216736,340.931000,-25115.205078,13721.317383,20671.804688,0.785712,-0.143844,-0.601636,0.100000,0.020000,1,0.192085
29.784260,18.076473,0.419214,-151.567047,-307.264679,23.221527,-9032.522461,-18362.718750,1369.102051,0.851192,-0.066566,0.520616,0.100000,0.020000,1,0.137349
30.568867,17.015167,-0.422807,308.677307,-101.244209,-60.580662,10074.443359,-21616.445312,-2323.615723,0.880112,-0.006992,-0.474715,0.100000,0.020000,1,0.904561
29.831657,17.845831,-0.447514,50.214691,-12.335119,-48.745850,3302.759521,-487.775177,-3918.575684,0.954012,0.077248,-0.289645,0.100000,0.020000,1,0.802776
29.809645,18.322470,-0.136338,-24.578962,201.877655,104.091492,-862.965027,14639.025391,8098.056152,0.804044,-0.067487,-0.590728,0.100000,0.020000,1,0.631699
29.686426,17.995274,0.015239,148.275146,-71.715088,12.949109,8782.521484,-3585.156250,75.279953,0.968467,0.102824,0.226932,0.100000,0.020000,1,0.251252
29.735394,17.532797,0.243348,-256.893555,159.355728,367.658234,-16245.369141,8762.041992,22428.972656,0.862174,0.033691,0.505490,0.100000,0.020000,1,0.324957
29.817978,17.750439,-0.550911,-94.245346,59.511162,128.283783,-5904.262695,3485.847900,7202.826172,0.912870,0.097422,-0.396457,0.100000,0.020000,1,0.997288
30.149994,18.290024,0.007681,-535.549377,-873.303955,-531.520386,-32723.425781,-52969.644531,-33606.136719,0.983563,0.178845,0.024862,0.100000,0.020000,1,0.423503
28.215202,18.384220,0.560177,-155.561798,92.893250,418.420715,-3191.457520,1279.867920,14836.951172,0.980529,0.179336,-0.080014,0.100000,0.020000,1,0.878349
29.553495,18.008224,-0.605104,65.491272,-208.158493,92.064270,4005.430664,-12768.912109,5676.029297,0.728860,-0.119711,-0.674116,0.100000,0.020000,1,0.921145
29.611364,19.253086,0.357667,-82.389343,376.254791,147.429626,-1785.187500,11601.440430,3729.130371,0.962073,0.194813,-0.190952,0.100000,0.020000,1,0.480018
29.908518,18.089281,0.261059,84.197159,-312.488892,646.562500,6301.302246,-18923.017578,39683.890625,0.780254,-0.028096,0.624832,0.100000,0.020000,1,0.784910
29.933418,18.045824,0.312277,-97.436462,-193.533997,232.081421,-5736.166016,-11355.611328,14433.043945,0.893442,0.135041,0.428399,0.100000,0.020000,1,0.947979
29.868002,18.386057,-0.166773,-366.773804,13.619766,-196.747406,-23340.554688,3339.780762,-13553.157227,0.970164,0.208825,0.123184,0.100000,0.020000,1,0.023873
28.592438,18.156260,-0.882519,-224.687317,159.246475,-302.214020,-8488.106445,-1152.175415,-8364.262695,0.947947,0.221874,0.228403,0.100000,0.020000,1,0.990063
28.849546,18.007816,-1.534244,-153.163162,152.105682,-445.061157,-5277.930664,-9387.473633,-17847.761719,0.921069,0.222854,0.319325,0.100000,0.020000,1,0.064213
29.727276,17.906584,0.544966,13.442173,-5.740671,-97.616714,410.908539,-250.660797,-5693.504395,0.848217,0.144513,0.509552,0.100000,0.020000,1,0.637180
29.191076,17.835718,0.267571,-423.570312,252.149994,-94.592278,-30087.968750,15921.201172,-4587.727051,0.947643,0.310498,-0.074590,0.100000,0.020000,1,0.788967
30.034956,17.711210,-0.394737,131.791382,-153.733765,-9.556673,9503.219727,-10526.173828,-98.948616,0.792476,0.063315,-0.606608,0.100000,0.020000,1,0.076865
30.721684,18.032518,-1.572036,210.093262,-2.695105,-370.160278,16625.259766,503.918762,-28498.119141,0.883484,0.236354,-0.404465,0.100000,0.020000,1,0.597604
30.062752,17.764153,-0.677365,30.192688,-45.561432,-132.399063,2438.191406,-3208.415283,-10110.476562,0.919794,0.248834,-0.303414,0.100000,0.020000,1,0.126103
30.668934,18.675734,1.762791,415.308685,194.560669,729.195801,17518.183594,2077.921875,26373.707031,0.925264,0.324083,-0.197120,0.100000,0.020000,1,0.418396
29.839922,17.982916,-0.046124,-150.126526,56.559982,-5.350403,-10232.175781,4123.477051,-555.471130,0.938127,0.346220,0.007041,0.100000,0.020000,1,0.417097
29.228935,18.488739,1.575707,-6.860355,124.025208,270.352661,-1585.485474,10027.960938,21064.539062,0.657063,-0.195421,0.728065,0.100000,0.020000,1,0.118326
29.847206,17.734512,0.374671,-95.467987,61.931229,-19.113331,-6358.628906,3299.570557,-1101.843384,0.876334,0.250399,0.411508,0.100000,0.020000,1,0.185554
30.079205,17.297873,1.027678,30.634293,-2.519889,277.745667,-4234.505859,-1749.779297,9918.560547,0.912565,0.350762,0.210218,0.100000,0.020000,1,0.451885
30.111692,17.915281,0.126250,-133.304077,113.677078,-9.349821,-8069.893555,7385.301758,-508.193024,0.924457,0.360040,0.125502,0.100000,0.020000,1,0.366631
29.889336,19.353981,0.463790,380.625061,270.709595,73.334679,25307.304688,22887.900391,3980.967041,0.676713,-0.107542,0.728350,0.100000,0.020000,1,0.303158
28.837898,18.014542,-1.621410,-142.720108,145.619019,-540.933289,-9418.750000,-6882.067383,-18155.953125,0.769917,0.089063,0.631899,0.100000,0.020000,1,0.825695
29.879749,17.935272,-0.482715,-9.232248,-36.076530,34.242241,-478.179291,-2099.018311,1964.333252,0.840848,0.173741,-0.512630,0.100000,0.020000,1,0.094944
30.963755,17.835657,-1.034130,260.570404,-35.835190,-232.437988,16201.968750,-3885.968506,-17463.808594,0.892143,0.351506,-0.283770,0.100000,0.020000,1,0.562941
30.336086,17.373722,-0.968193,184.668365,-81.247192,-78.103043,14376.689453,-7565.720215,-6503.768555,0.717780,0.004110,-0.696258,0.100000,0.020000,1,0.560325
29.967793,17.537516,-0.750754,43.833630,-102.805183,-15.730186,645.032837,-2925.677734,1356.298096,0.785954,0.165045,-0.595850,0.100000,0.020000,1,0.987483
27.648489,18.701248,0.552461,-350.926544,252.578339,87.855545,-18142.628906,342.657959,3109.446045,0.912233,0.207505,0.353232,0.100000,0.020000,1,0.070619
30.565231,18.290081,1.372187,183.259552,77.453743,547.956970,6718.191406,2068.214111,16286.024414,0.830438,0.267623,-0.488622,0.100000,0.020000,1,0.944491
29.668432,17.959438,0.644899,-24.388901,13.870010,-23.217113,-1603.993286,847.387695,-1280.971069,0.707144,0.005491,0.707048,0.100000,0.020000,1,0.202673
29.638144,18.064878,0.046109,-35.027504,66.867691,6.059433,-3851.794922,4827.434082,-605.005127,0.863972,0.378253,0.332381,0.100000,0.020000,1,0.271253
30.016212,18.215939,-0.052486,30.464325,-139.151154,-125.265228,1608.114990,-7578.372559,-7453.979492,0.873557,0.448395,-0.189315,0.100000,0.020000,1,0.990953
30.371996,17.579058,-0.576001,141.936829,-43.315857,-156.591217,10080.898438,-4180.804688,-12700.800781,0.879826,0.461086,0.115352,0.100000,0.020000,1,0.274474
30.190483,18.180626,-0.080581,25.371582,-0.018925,-26.073841,1950.642212,1071.700439,-1712.987671,0.882353,0.464425,-0.075918,0.100000,0.020000,1,0.513899
28.979464,19.170649,0.762518,-172.261261,290.890991,141.568405,-14491.871094,23427.886719,9929.615234,0.764883,0.183177,0.617576,0.100000,0.020000,1,0.614474
29.955820,18.107901,0.345939,-21.436253,-2.376461,176.411011,-1719.018311,644.917236,9490.422852,0.798191,0.283366,0.531596,0.100000,0.020000,1,0.982714
31.098902,18.512896,2.023593,358.923553,125.281006,575.364807,12257.968750,5388.894531,21326.906250,0.827352,0.373554,0.419459,0.100000,0.020000,1,0.907710
29.545822,18.288296,-0.821260,-113.803223,33.679176,-115.294586,-9224.899414,3547.968750,-9322.704102,0.833507,0.390798,-0.390568,0.100000,0.020000,1,0.793540
29.680347,18.184576,0.393400,4.179642,17.302849,-19.059834,-1504.799683,2086.968750,-341.149597,0.856095,0.467532,0.220261,0.100000,0.020000,1,0.783540
30.572073,17.707880,-0.139898,101.869629,-100.037476,-40.529297,8316.826172,-7257.243652,-3185.914062,0.875780,0.482558,0.012124,0.100000,0.020000,1,0.161460
30.133059,17.961218,-1.006162,197.316040,-147.395996,-96.663330,14001.227539,-9360.302734,-7871.583008,0.721516,0.096309,-0.685667,0.100000,0.020000,1,0.157866
30.423363,17.669781,0.064511,94.917877,-45.821838,-33.033318,7357.753906,-4137.119629,-2900.933350,0.830349,0.465905,0.305699,0.100000,0.020000,1,0.134679
30.291237,17.895967,-0.041022,-15.527259,-110.836349,57.945503,-256.407623,-7348.620117,4484.523438,0.822785,0.493924,-0.281184,0.100000,0.020000,1,0.479111
29.914003,18.248867,0.540621,5.067603,-588.231018,8.600824,295.665710,-36076.835938,645.528503,0.744231,0.277876,0.607376,0.100000,0.020000,1,0.918369
29.409782,17.684364,-2.050089,-56.620773,68.302505,-443.533478,-6339.678711,-5777.674805,-10772.584961,0.752003,0.305547,-0.584066,0.100000,0.020000,1,0.449305
30.187773,18.257097,-0.392221,-164.695404,-127.566269,53.147095,-10022.319336,-7003.743164,3085.504395,0.787954,0.479873,-0.385812,0.100000,0.020000,1,0.277570
31.023336,16.752779,-1.012255,370.524872,-122.201462,-219.154449,3610.152344,-21111.574219,-11031.962891,0.811844,0.583610,0.017575,0.100000,0.020000,1,0.504219
29.364361,17.710590,-0.933739,-25.714573,33.721344,-67.651741,-6374.691895,-1077.133789,-9429.807617,0.767281,0.401404,-0.500155,0.100000,0.020000,1,0.674975
29.549803,18.180779,0.355376,-46.955795,-8.341251,13.415636,-3946.793945,1872.564087,546.660645,0.750930,0.401607,0.524230,0.100000,0.020000,1,0.843365
30.234583,18.464283,0.106355,-23.232096,86.885727,1.482901,-891.487183,7352.425293,-913.123291,0.775244,0.481619,0.408706,0.100000,0.020000,1,0.358428
30.099695,18.150103,-0.184955,176.637314,147.768921,109.824738,10787.013672,9827.417969,6842.659180,0.787625,0.585327,-0.192459,0.100000,0.020000,1,0.319832
30.143961,18.143135,0.067465,-327.501038,-36.517471,-333.877319,-20910.642578,-1824.045288,-20487.726562,0.794701,0.600895,-0.085879,0.100000,0.020000,1,0.557460
30.220144,18.130909,0.030850,-550.942200,-214.992096,625.278748,-34692.714844,-13152.962891,39192.417969,0.791160,0.600903,0.113940,0.100000,0.020000,1,0.265291
30.063423,18.961548,0.509503,194.784897,-195.282166,152.314529,6056.291016,-18461.667969,7730.136719,0.772415,0.594776,0.222750,0.100000,0.020000,1,0.971148
29.640842,18.122198,0.829619,24.752499,-86.834000,-276.559631,1112.562500,-5010.060547,-16578.490234,0.678381,0.090651,0.729097,0.100000,0.020000,1,0.174059
30.277481,18.321041,-0.127704,-140.657166,-167.023834,117.933197,-8477.591797,-9461.023438,7968.937500,0.750713,0.589530,-0.298135,0.100000,0.020000,1,0.403609
30.142576,18.261845,0.314797,-56.607025,-113.083527,-55.312889,-3706.137207,-6327.851074,-3348.455811,0.742089,0.583304,0.330244,0.100000,0.020000,1,0.771084
29.511801,18.321005,-0.109677,-76.078659,39.866432,139.670013,-6204.118652,3726.140625,10841.814453,0.683735,0.207491,-0.699610,0.100000,0.020000,1,0.650223
29.802797,17.965904,-0.893274,94.471359,-54.411926,-138.622955,5099.932617,-3787.733643,-10417.763672,0.711713,0.393922,-0.581626,0.100000,0.020000,1,0.052398
30.227654,17.675089,-1.188464,62.456482,-184.635345,-491.715942,9278.965820,-12464.527344,-17722.476562,0.714161,0.484361,0.505340,0.100000,0.020000,1,0.050405
30.152540,18.336576,-0.446792,-435.938202,-380.978088,100.994110,-27596.142578,-23007.435547,5832.275391,0.719291,0.586051,-0.373049,0.100000,0.020000,1,0.969190
30.090332,18.383505,-0.085163,77.447357,-83.229401,6.247703,4205.783691,-4081.595459,311.356628,0.726984,0.682340,-0.076855,0.100000,0.020000,1,0.160553
31.144272,17.965717,0.332963,237.361267,-100.315506,124.220306,18722.294922,-6994.031250,9936.415039,0.702167,0.683840,-0.198303,0.100000,0.020000,1,0.321753
29.586700,17.984425,0.403358,50.131554,-100.896439,480.097717,2110.927490,-6597.958496,29459.984375,0.672489,0.200354,0.712473,0.100000,0.020000,1,0.511265
30.279341,18.087757,-0.719723,-62.765625,58.212341,230.439194,-2485.328857,3772.481201,13936.975586,0.671032,0.305208,-0.675695,0.100000,0.020000,1,0.516426
29.663755,18.529369,0.630751,-55.295975,56.244064,27.533302,-4945.414062,5429.359375,2204.704590,0.679872,0.405682,0.610898,0.100000,0.020000,1,0.075441
30.369450,18.916464,-1.132457,54.095703,167.818024,-457.689209,5174.084961,3832.483398,-13710.248047,0.679803,0.592471,0.432258,0.100000,0.020000,1,0.521052
30.217018,18.163090,0.010899,-25.498974,46.396416,7.405844,-1844.353149,3018.365479,128.831390,0.689923,0.715751,0.108199,0.100000,0.020000,1,0.203669
30.082844,18.455725,0.180708,237.858521,6.782528,-106.004242,14477.801758,1703.371094,-5998.039062,0.678371,0.705326,0.205737,0.100000,0.020000,1,0.557585
29.726706,18.173824,-0.316519,-23.775787,22.289097,13.724255,-3090.606445,1728.962769,1343.851929,0.689658,0.517006,-0.507027,0.100000,0.020000,1,0.053821
29.863771,18.783447,0.368378,-32.527191,82.628906,27.394279,-3817.660156,7842.880371,3256.113037,0.679136,0.734004,0.003511,0.100000,0.020000,1,0.090656
30.661644,17.100529,-0.421436,211.327393,-112.399048,-200.005035,16197.739258,-10045.009766,-15590.317383,0.636431,0.700306,0.323308,0.100000,0.020000,1,0.908724
30.247343,18.530115,-0.064252,112.181442,-375.859070,-326.013336,7021.404297,-22271.189453,-19856.767578,0.640978,0.715132,-0.278805,0.100000,0.020000,1,0.984494
29.975470,18.616770,-0.097731,-680.940369,-319.935547,-152.126282,-43392.652344,-18212.691406,-7876.982422,0.628558,0.493740,-0.600946,0.100000,0.020000,1,0.802313
29.886793,17.978569,0.633123,3.133997,19.699650,-140.143463,-896.413513,456.787689,-8041.360352,0.624098,0.584475,0.518547,0.100000,0.020000,1,0.340420
30.391024,18.342911,-0.110064,-241.464081,357.560272,-274.537781,-14878.903320,23053.814453,-17148.804688,0.604095,0.776248,-0.180299,0.100000,0.020000,1,0.370866
30.397259,18.827225,0.517561,37.241829,65.331055,110.217194,2669.991455,6616.068359,9025.963867,0.604861,0.795892,0.026442,0.100000,0.020000,1,0.394551
30.222462,18.033316,0.477242,81.909729,-377.585144,261.285492,5766.491699,-24354.824219,16329.538086,0.612996,0.505038,0.607596,0.100000,0.020000,1,0.825357
30.201920,18.317362,-0.296128,-87.134964,-1.004204,-294.560486,-5639.968750,355.906464,-18402.582031,0.594377,0.696429,-0.402122,0.100000,0.020000,1,0.885360
30.285433,18.372044,0.104482,-43.151001,30.910599,-36.491661,-2875.628662,2470.578613,-2271.699951,0.586282,0.802039,0.114047,0.100000,0.020000,1,0.078200
30.187094,18.470829,-0.245988,210.980164,-54.041985,337.518921,12742.577148,-2485.773682,20599.972656,0.585295,0.805686,-0.091108,0.100000,0.020000,1,0.345385
29.816965,18.034754,0.620649,-13.853649,10.058370,-3.657718,-1226.089355,407.456177,-184.406952,0.635734,0.284961,0.717383,0.100000,0.020000,1,0.291716
30.313011,18.717550,1.088274,26.986290,65.041260,172.734497,2038.070923,6114.689941,13928.924805,0.571633,0.699631,0.428663,0.100000,0.020000,1,0.750300
29.652353,18.361189,-0.276048,-124.127853,-16.824207,-22.911522,-10525.258789,-660.268494,-1589.216797,0.559186,0.778657,-0.284613,0.100000,0.020000,1,0.991967
31.128376,18.084688,0.402157,6.728119,-133.626892,-123.401886,-6912.668945,-3884.417725,-7221.623535,0.555730,0.801621,0.220383,0.100000,0.020000,1,0.581714
29.298340,18.844177,-0.832363,-16.950607,103.261719,17.105972,-3908.254883,9478.749023,71.206429,0.607025,0.384255,-0.695607,0.100000,0.020000,1,0.415940
30.720234,17.173670,-3.758919,459.687683,-190.887695,-1088.342163,15187.708984,-7024.064941,-36091.195312,0.594181,0.618117,-0.514665,0.100000,0.020000,1,0.061295
29.948488,18.632927,0.381069,-95.484055,60.805237,-38.756279,-7479.685547,5289.505859,-1956.201294,0.536281,0.784868,0.310461,0.100000,0.020000,1,0.691951
30.321243,17.709023,-1.313482,81.800842,-185.744385,-248.572266,5954.837402,-13890.535156,-19064.281250,0.551472,0.584078,-0.595594,0.100000,0.020000,1,0.854202
30.162186,18.619829,-0.698562,12.121496,24.500145,-45.655136,538.186646,3057.207275,-4089.110840,0.542609,0.687833,-0.482143,0.100000,0.020000,1,0.210039
30.117872,18.714981,-0.135247,-228.842529,-57.685947,218.269455,-15433.910156,-2078.615723,13494.875977,0.492140,0.866867,-0.079630,0.100000,0.020000,1,0.510785
30.721704,18.923828,0.254535,151.098755,60.950951,-53.973328,10026.291016,4165.527344,-3579.593994,0.518739,0.674671,0.525099,0.100000,0.020000,1,0.411741
29.935547,18.385056,-0.300684,53.558853,-47.887108,-179.267548,1913.777466,-2761.086182,-11239.717773,0.492299,0.785393,-0.375232,0.100000,0.020000,1,0.782098
30.861979,18.252089,-0.262278,165.462097,-64.186035,-95.464249,12561.829102,-4507.367676,-7569.705078,0.469901,0.873660,0.126141,0.100000,0.020000,1,0.238048
30.309578,18.006582,-0.028297,-3.928898,-352.795898,34.049492,911.335266,-13605.767578,1103.655273,0.468173,0.883163,0.028940,0.100000,0.020000,1,0.144466
29.633511,17.947857,0.744234,-58.589691,-1.162468,61.938248,-993.231323,-1104.750122,1369.700928,0.585430,0.369194,0.721781,0.100000,0.020000,1,0.487652
29.885174,18.413095,-0.490083,-9.883507,-3.005487,-2.748966,-1270.974121,712.828186,202.246948,0.557424,0.472539,-0.682632,0.100000,0.020000,1,0.309903
29.714531,18.104725,0.438448,153.983398,-68.050827,74.522797,8013.690430,-4883.175293,4333.495605,0.528661,0.579371,0.620360,0.100000,0.020000,1,0.120924
30.256508,18.532724,0.436185,-123.632385,-71.079178,-76.617905,-7839.852051,-3633.955078,-4552.633301,0.478856,0.763391,0.433510,0.100000,0.020000,1,0.932356
30.264986,18.445911,-0.150650,-100.382385,135.727600,-42.977280,-6694.416016,8877.239258,-2714.341309,0.456777,0.871823,-0.176861,0.100000,0.020000,1,0.010047
30.053310,18.683317,0.154722,224.276123,-74.021667,-8.387215,12931.953125,-3409.141846,-639.550110,0.445059,0.869771,0.213120,0.100000,0.020000,1,0.353837
29.935417,18.159817,0.691767,37.601002,-89.009338,274.572205,1078.483398,-6389.864258,21947.587891,0.455291,0.746015,-0.485974,0.100000,0.020000,1,0.128985
30.088736,18.725557,-0.077435,-62.243927,-213.250824,-140.584076,-4914.927246,-12050.980469,-10296.887695,0.430474,0.847820,0.309666,0.100000,0.020000,1,0.150997
29.557627,19.165951,-0.357856,-88.093109,136.645966,143.916748,-8141.086426,12186.006836,9680.697266,0.468151,0.658549,-0.589192,0.100000,0.020000,1,0.426759
30.016315,18.573013,-0.048332,553.688965,50.390198,186.637299,33742.910156,3879.288330,12931.691406,0.404906,0.831174,-0.381051,0.100000,0.020000,1,0.091545
29.873472,18.932753,0.222573,-137.377289,90.105530,103.304329,-1444.314941,1334.814941,-3170.439453,0.372181,0.928083,0.011936,0.100000,0.020000,1,0.370938
30.023491,18.386911,-0.759418,14.053925,-19.729603,-34.684204,616.033081,-732.012573,-2971.189941,0.497401,0.546696,-0.673584,0.100000,0.020000,1,0.716205
29.924183,18.251553,0.424568,-180.915802,92.020660,9.138876,-12758.616211,5279.496582,558.320740,0.417536,0.755464,0.504914,0.100000,0.020000,1,0.676772
29.971109,19.330688,-0.833216,-72.051590,195.795166,-156.138412,-1918.571289,7261.430664,-7367.371582,0.388315,0.869289,-0.305855,0.100000,0.020000,1,0.212887
30.814936,18.888065,0.150515,4.716415,91.563416,-44.698677,2123.674561,7488.790527,-1895.585571,0.345361,0.934739,-0.083600,0.100000,0.020000,1,0.407523
30.850874,18.140930,0.648203,208.991089,-195.021362,225.772888,7829.724609,-13055.399414,21918.328125,0.343567,0.932128,0.114449,0.100000,0.020000,1,0.417328
30.450069,18.876720,0.387298,53.537857,29.585533,5.797483,4005.252930,3670.630859,526.046204,0.359556,0.837862,0.410738,0.100000,0.020000,1,0.795782
30.335377,18.725220,-0.157993,-39.391975,-34.148613,2.498836,-2613.028076,-1190.068481,188.158020,0.324743,0.925583,-0.194520,0.100000,0.020000,1,0.577052
30.170212,18.954912,0.324769,7.561900,26.452347,28.531399,-317.054199,3581.251221,2360.551025,0.319455,0.920594,0.224623,0.100000,0.020000,1,0.211712
30.139103,18.467415,0.641051,-359.077454,-237.958679,-171.303833,-22189.748047,-14042.249023,-10692.182617,0.512507,0.467127,0.720506,0.100000,0.020000,1,0.306664
30.022505,18.183706,-0.174336,60.263672,79.936737,-198.398529,3245.739502,4381.616211,-15490.311523,0.430325,0.645976,0.630505,0.100000,0.020000,1,0.483115
30.586952,19.885946,-0.205682,131.694855,384.674805,63.297913,10958.485352,12581.988281,2954.656250,0.336272,0.803847,-0.490663,0.100000,0.020000,1,0.618567
30.243309,18.499632,0.053654,-79.899574,-165.807281,531.608643,-5486.623535,-10536.089844,34766.726562,0.295023,0.914163,-0.277968,0.100000,0.020000,1,0.073537
29.102713,19.194796,-1.795631,84.681030,225.040817,-668.881531,7860.823242,1831.261230,-20933.582031,0.278009,0.907845,0.313892,0.100000,0.020000,1,0.557300
30.624792,18.502222,0.119610,83.068970,-61.982407,15.523052,6249.286133,-4209.704102,1412.734741,0.242035,0.970084,0.018852,0.100000,0.020000,1,0.943495
29.322847,17.925997,0.338775,348.472412,-143.178299,286.394409,18099.107422,-11335.517578,17656.330078,0.311745,0.796992,0.517319,0.100000,0.020000,1,0.861604
30.466402,18.664297,0.393752,63.038208,-51.442451,105.231476,4341.780762,-2931.016357,8636.674805,0.223625,0.969709,-0.098269,0.100000,0.020000,1,0.993960
30.231779,18.799034,1.017435,43.677368,54.168243,108.679138,3466.995361,5537.771973,8566.651367,0.458179,0.525635,0.716785,0.100000,0.020000,1,0.937516
29.914450,19.236197,-1.334076,-33.595741,201.766357,-208.493622,-2978.227295,16417.240234,-16315.053711,0.405261,0.609214,-0.681633,0.100000,0.020000,1,0.895485
30.126179,18.702377,0.642495,23.587318,-420.767609,-405.020813,1258.205566,-25353.160156,-25090.083984,0.358620,0.695737,0.622368,0.100000,0.020000,1,0.490588
30.063316,18.725426,0.203555,22.255632,-63.662422,-241.743500,163.982666,-3507.981201,-15218.548828,0.201465,0.952549,0.228173,0.100000,0.020000,1,0.429856
30.218258,18.944170,0.034233,-99.365082,-189.377014,152.741425,-6930.958496,-10571.555664,9349.164062,0.194883,0.973143,0.122525,0.100000,0.020000,1,0.723999
29.898716,18.835978,-0.184800,91.314163,-18.550425,-157.048645,3902.586914,-265.339844,-9646.592773,0.178743,0.939400,-0.292538,0.100000,0.020000,1,0.812349
30.137693,18.479078,-0.495004,45.669510,186.815033,671.589661,2650.416016,11939.391602,42500.585938,0.328769,0.718094,-0.613394,0.100000,0.020000,1,0.168347
28.935595,20.588726,-1.034475,-266.119293,374.990265,-160.841370,-6592.196289,7676.743164,-5747.988281,0.280237,0.760151,-0.586206,0.100000,0.020000,1,0.760335
30.149237,18.863132,0.172970,-78.689941,1.658764,156.114655,-5739.607422,1056.773071,9429.902344,0.157850,0.933128,0.323040,0.100000,0.020000,1,0.492901
30.143639,17.718029,-0.145254,351.514771,-131.749573,-32.311047,21276.291016,-12168.667969,-1917.662109,0.161072,0.965360,-0.205270,0.100000,0.020000,1,0.177368
29.534445,19.618599,0.320581,-79.005127,286.356079,-17.240192,-8188.243164,22430.556641,-1271.205566,0.213431,0.877804,0.428844,0.100000,0.020000,1,0.088574
30.075024,18.716995,-0.341318,64.926094,174.958038,-282.950317,3267.436523,11583.535156,-17554.658203,0.192608,0.851488,-0.487719,0.100000,0.020000,1,0.171692
29.638968,18.662518,-0.449238,-21.802307,-511.585571,-53.395134,-4206.558105,-32195.945312,-3910.329834,0.147641,0.914515,-0.376648,0.100000,0.020000,1,0.585824
30.145025,18.467510,0.719085,44.276352,-29.156071,-6.759041,2971.971191,-1490.794434,53.087170,0.368146,0.598864,0.711217,0.100000,0.020000,1,0.432649
30.070765,18.797703,0.529762,9.535856,-116.537201,-0.251665,46.356693,-6202.810547,30.954880,0.244968,0.753333,0.610310,0.100000,0.020000,1,0.830571
30.124626,19.237209,-0.425536,-13.493439,158.092712,-275.970123,2276.582275,-670.929688,-5824.477539,0.180187,0.832038,0.524638,0.100000,0.020000,1,0.500785
30.453823,18.963783,0.320483,99.760590,22.711334,-17.547651,6242.497070,4156.878418,-833.062866,0.131169,0.895967,0.424308,0.100000,0.020000,1,0.741634
30.278950,18.841949,0.246191,-114.420746,29.620186,-13.499001,-7509.754883,2383.098633,-595.360413,0.068551,0.973660,0.217456,0.100000,0.020000,1,0.406793
29.947338,19.020056,0.177630,792.405029,-508.336975,-354.053589,48270.886719,-30900.103516,-21672.097656,0.054839,0.998321,0.018665,0.100000,0.020000,1,0.532708
30.581995,18.341660,-0.498790,138.583527,-87.168732,18.284081,10553.711914,-5970.391602,1464.406860,0.304540,0.672593,-0.674443,0.100000,0.020000,1,0.554097
30.348675,18.803814,-0.395765,-202.308044,-15.305523,301.470184,-12688.764648,-671.030518,18387.162109,0.047217,0.957357,-0.285023,0.100000,0.020000,1,0.853134
30.026833,18.999546,-0.153539,762.197144,-289.080383,444.711395,46715.019531,-17173.720703,27729.669922,0.046134,0.995337,-0.084711,0.100000,0.020000,1,0.148256
30.381403,18.582756,0.113335,47.701103,-95.961426,57.101089,3152.566895,-6737.703125,4744.539062,0.038908,0.981445,-0.187756,0.100000,0.020000,1,0.971699
30.077242,18.782742,-0.412445,23.332546,-381.292572,-144.375946,849.433289,-23320.687500,-8801.083008,0.160104,0.803546,-0.573307,0.100000,0.020000,1,0.961823
30.105152,19.003290,0.210251,-18.383293,-118.719894,133.305328,-2033.744751,-6419.297363,8130.007324,0.028157,0.944421,0.327532,0.100000,0.020000,1,0.799573
30.203581,19.003908,0.091071,18.901611,-102.043289,-15.689442,560.694214,-5409.839844,-1011.153381,0.028285,0.993187,0.113050,0.100000,0.020000,1,0.075086
29.899918,19.594328,0.460911,-38.968399,121.327972,161.745544,-4274.744141,10336.551758,11941.193359,-0.051979,0.995633,-0.077548,0.100000,0.020000,1,0.360848
30.290277,18.281088,-0.199241,-613.391418,535.514404,2291.849609,-38029.605469,32997.878906,141320.796875,0.275122,0.651650,0.706866,0.100000,0.020000,1,0.861159
30.154570,18.824181,0.392674,117.993958,-84.674286,104.231491,5593.847656,-4150.640625,6926.905273,0.145078,0.775802,0.614071,0.100000,0.020000,1,0.840820
30.185526,18.940468,0.500241,22.471844,2.281624,9.764353,1166.171509,1205.110718,856.413025,0.073998,0.850256,0.521142,0.100000,0.020000,1,0.638425
29.651983,18.526999,-0.524527,-5.592583,107.838165,91.199036,-2875.666260,6092.062988,5334.016602,0.064142,0.864606,-0.498339,0.100000,0.020000,1,0.375956
29.393782,19.138702,-0.369990,341.230042,-211.564087,712.517944,17784.931641,-11822.139648,44754.519531,-0.007442,0.927617,-0.373459,0.100000,0.020000,1,0.668249
30.200891,18.829351,0.584743,16.394936,-72.416595,178.690613,3451.386719,-4231.213379,16493.689453,-0.072275,0.977651,-0.197421,0.100000,0.020000,1,0.688303
30.184931,18.800215,0.420092,-14.690853,-128.923111,-275.333435,-1315.747437,-8030.568848,-17074.683594,-0.014467,0.912576,0.408650,0.100000,0.020000,1,0.308639
30.881697,17.140987,-1.474811,307.665283,-84.771736,-279.733032,3811.977539,-2136.166992,-5399.316406,-0.099046,0.972921,0.208839,0.100000,0.020000,1,0.913031
30.322174,18.555946,-0.330159,519.750488,-401.839081,169.024536,32813.117188,-26660.998047,8885.367188,-0.103691,0.988084,0.113746,0.100000,0.020000,1,0.653195
29.892139,18.748949,-0.673208,205.353821,-15.126211,251.123108,11879.636719,-149.567490,15462.608398,0.190597,0.705188,-0.682923,0.100000,0.020000,1,0.442507
30.141420,18.902578,-0.908927,41.875885,-16.493513,-117.216522,2206.748047,-495.540283,-9487.000977,-0.021325,0.876108,-0.481642,0.100000,0.020000,1,0.145303
31.381411,19.288862,-0.974968,513.145630,204.915863,-105.218536,14909.672852,7208.745605,10190.564453,-0.099994,0.948793,-0.299656,0.100000,0.020000,1,0.636361
30.196701,19.106152,-0.045826,-42.047081,-69.442291,59.054184,-3183.536133,-3413.405518,3450.424561,-0.111635,0.993457,0.024112,0.100000,0.020000,1,0.011185
29.162907,18.858034,-0.339213,-231.699219,-22.183456,19.860390,-3364.229980,-2080.064697,2252.120361,0.044353,0.807326,-0.588437,0.100000,0.020000,1,0.146655
29.132704,19.446766,-0.091093,-243.116028,85.875061,4.572017,-20206.451172,7551.524414,-127.641182,-0.189940,0.981745,0.010014,0.100000,0.020000,1,0.461903
29.984766,18.754595,-0.526529,96.884239,121.383789,-187.179443,5395.120117,8201.814453,-11634.015625,0.115336,0.732759,-0.670643,0.100000,0.020000,1,0.743627
30.066059,19.000771,0.382553,-124.535675,-174.943542,89.792816,-8391.125977,-9850.175781,5137.949707,0.025765,0.799984,0.599469,0.100000,0.020000,1,0.729231
30.329340,18.473194,0.507722,68.951538,-120.597321,13.136913,4793.914062,-8930.976562,1125.257202,-0.046718,0.856406,0.514185,0.100000,0.020000,1,0.706970
29.698812,18.695293,0.059935,-79.511917,-89.364075,121.720047,-2004.905762,-2108.072021,4203.322754,-0.130645,0.910231,-0.392952,0.100000,0.020000,1,0.808666
29.866379,18.473793,-0.035637,-135.531921,92.909988,330.799255,-10247.632812,4143.624023,19616.455078,-0.140221,0.939010,0.314003,0.100000,0.020000,1,0.136779
29.891949,19.347643,0.791573,-4.060104,43.948547,229.365845,-5701.332520,1813.942017,19252.689453,-0.203169,0.961234,-0.186418,0.100000,0.020000,1,0.452099
30.178328,18.939278,0.321307,-100.608505,47.255005,-9.146481,-6777.753906,2925.680420,334.013000,-0.212544,0.969569,0.121492,0.100000,0.020000,1,0.854682
29.779686,19.429867,1.037345,-66.709167,63.180786,279.847717,-5152.451172,6041.801758,13697.355469,-0.216302,0.972527,-0.086045,0.100000,0.020000,1,0.268690
29.503843,19.789684,0.691969,-171.323883,306.260498,-5.653076,4199.666992,6580.150391,4911.517578,0.193732,0.673523,0.713326,0.100000,0.020000,1,0.309101
30.035492,19.211470,-0.256731,-76.824753,-95.312744,33.758797,-5712.976562,-4974.665039,2067.870117,-0.234527,0.929573,-0.284413,0.100000,0.020000,1,0.660491
30.098753,19.056871,0.176847,-17.152039,-22.057722,42.592384,-1610.461792,-763.713928,1963.619019,-0.177516,0.893594,0.412284,0.100000,0.020000,1,0.069658
30.064875,18.774311,0.294170,32.323135,-126.423401,68.082268,260.191650,-4030.035645,-283.099731,-0.252082,0.943470,0.215219,0.100000,0.020000,1,0.205822
31.060040,18.025698,2.892473,289.602661,-339.815430,743.431946,14924.105469,-14606.173828,45062.511719,-0.246999,0.914820,0.319525,0.100000,0.020000,1,0.734320
29.575911,18.801235,0.038411,22.836388,-115.686646,-87.816452,2288.213867,-4418.537109,-5197.141602,0.097946,0.698748,0.708631,0.100000,0.020000,1,0.496709
30.585714,17.653585,-2.525329,140.100922,-352.195923,-614.214844,5168.636719,-11861.021484,-24095.220703,0.101593,0.870167,-0.482170,0.100000,0.020000,1,0.010491
29.598751,19.961634,0.016344,-94.847961,263.383362,176.424744,-8361.343750,21454.763672,13322.135742,-0.082964,0.798354,-0.596446,0.100000,0.020000,1,0.456102
27.978279,19.028238,1.170749,-380.942383,373.052734,433.007568,-4855.508301,22217.126953,11399.616211,-0.171566,0.851239,-0.495940,0.100000,0.020000,1,0.152776
29.913536,19.048429,0.412427,105.533707,-7.980522,33.480949,5565.348633,104.703392,2016.061279,-0.188386,0.837582,0.512803,0.100000,0.020000,1,0.431902
30.123018,18.911209,0.712386,44.590729,-51.558006,71.881775,2534.843262,-3500.038330,6052.071289,-0.258990,0.873694,0.411805,0.100000,0.020000,1,0.938637
29.802649,18.909657,-0.499334,110.709732,273.985046,-57.666077,6797.856445,3219.867676,-7928.176758,-0.368226,0.925853,-0.084884,0.100000,0.020000,1,0.586465
30.477976,17.067642,-2.286006,381.595306,-114.623734,-539.483459,900.912842,-28583.847656,-30463.390625,-0.365503,0.915398,-0.168684,0.100000,0.020000,1,0.334957
30.010015,18.353094,0.750962,266.403473,-97.333160,16.607563,16241.648438,-8093.331055,1998.594849,-0.104212,0.780666,0.616199,0.100000,0.020000,1,0.487474
29.799511,17.960594,-1.354847,12.778091,-366.237671,-361.570831,-3857.552734,-10390.317383,-8467.666992,-0.287971,0.875490,-0.388058,0.100000,0.020000,1,0.264935
29.477766,19.628822,1.101456,-62.472427,9.280838,201.970886,-6912.691406,2902.600342,16620.453125,-0.375935,0.903485,0.205882,0.100000,0.020000,1,0.966841
29.773853,18.831455,-0.941357,21.193279,-34.390556,-287.761108,-450.921875,-3239.324219,-22129.871094,-0.386032,0.922441,0.009098,0.100000,0.020000,1,0.353090
29.708614,18.986805,-0.487410,438.226135,-116.646591,-126.885651,25942.361328,-6267.141602,-7586.842773,-0.006580,0.721306,-0.692585,0.100000,0.020000,1,0.612605
29.822157,19.226549,0.167477,6.156651,-0.493782,-1.294142,-1035.710938,618.870728,-456.131409,-0.379781,0.874196,0.302569,0.100000,0.020000,1,0.888616
26.882248,19.318792,-1.069057,-950.844360,10.349899,-280.136902,-24171.335938,3363.844727,-1045.315918,-0.387230,0.875167,-0.290062,0.100000,0.020000,1,0.964386
29.688099,18.757629,0.079221,-42.065872,20.978802,-95.571655,-4430.610840,1461.711426,-8188.864746,-0.008816,0.713559,0.700539,0.100000,0.020000,1,0.842244
29.052961,19.093985,-1.751154,-286.185181,-107.757919,-524.927307,-9674.347656,-5278.135742,-18882.173828,-0.193099,0.783067,-0.591201,0.100000,0.020000,1,0.798861
29.885477,19.174656,-0.263775,117.786758,-89.623444,-326.586182,6385.055664,-4885.141602,-19982.017578,-0.297354,0.820310,-0.488542,0.100000,0.020000,1,0.600718
29.886356,19.210449,0.521314,32.890205,-170.513580,-83.680984,1122.746094,-9420.130859,-5286.396973,-0.191661,0.765044,0.614796,0.100000,0.020000,1,0.669530
29.867674,18.866913,1.141039,-30.632223,-112.944397,183.003448,-382.898438,-1213.849243,7963.126953,-0.304747,0.798610,0.518992,0.100000,0.020000,1,0.492119
29.638838,19.140804,0.321923,551.899536,-179.979797,69.406204,32622.580078,-11271.647461,5338.350098,-0.432232,0.895120,0.109253,0.100000,0.020000,1,0.020083
28.746986,20.274117,-0.084600,-302.580322,275.644287,-12.749657,-11617.669922,8692.970703,1225.506104,-0.488168,0.867434,-0.096179,0.100000,0.020000,1,0.433236
29.876909,19.381479,-0.079427,-37.282463,-144.360901,269.187286,-3411.610352,-8181.767090,16219.120117,-0.487669,0.864178,0.123994,0.100000,0.020000,1,0.360065
29.884495,19.345242,0.015198,36.451965,-38.707138,5.430364,1263.451782,-1692.780273,373.043243,-0.494497,0.869129,0.009360,0.100000,0.020000,1,0.540698
29.731846,18.640394,-0.225802,146.566528,-27.011810,-57.491402,7638.933594,-3560.747803,-3206.935791,-0.408509,0.827771,-0.384598,0.100000,0.020000,1,0.150570
30.011160,19.351997,-0.129999,-233.506287,-123.233154,-110.155960,-15160.540039,-7006.369629,-6871.569336,-0.502501,0.846479,-0.175972,0.100000,0.020000,1,0.669388
28.384418,20.045820,-1.494174,-563.077393,427.618866,-351.142761,-24920.041016,16396.423828,-12607.950195,-0.386558,0.790452,-0.475142,0.100000,0.020000,1,0.056988
29.823633,19.156570,0.295554,23.741035,-115.905441,43.089188,319.648956,-6998.138672,2480.529297,-0.407708,0.813232,0.415245,0.100000,0.020000,1,0.303603
30.238169,18.405119,0.080861,200.926361,-447.342651,715.329285,13306.131836,-31340.751953,44379.914062,-0.487972,0.814943,0.312652,0.100000,0.020000,1,0.788131
30.141254,19.654146,-0.724744,145.203415,222.540344,-6.717598,9421.789062,16875.582031,-1374.694702,-0.300415,0.753156,-0.585240,0.100000,0.020000,1,0.371418
29.919086,19.497818,-0.212632,18.591717,0.855569,-27.368401,410.023438,-18.119202,-600.272339,-0.509551,0.811422,-0.286273,0.100000,0.020000,1,0.395672
30.021067,19.442778,0.284051,60.810249,10.108082,21.810257,3556.133545,1734.106323,1807.398438,-0.524392,0.824403,0.213006,0.100000,0.020000,1,0.118362
31.055565,18.906288,0.092133,345.330536,-82.903137,-172.589111,13478.017578,-4398.177734,4218.644531,-0.309799,0.737181,0.600490,0.100000,0.020000,1,0.557940
29.777220,19.017826,0.265754,8.066238,11.975233,101.857025,-654.587646,562.451599,5694.559570,-0.404586,0.752472,0.519708,0.100000,0.020000,1,0.915077
29.809847,19.277023,-0.321995,3.337269,-57.566467,95.129425,-779.127747,-3122.364502,6029.440918,-0.508296,0.769853,-0.385956,0.100000,0.020000,1,0.595736
28.985443,18.402458,0.206419,511.332825,-151.854340,212.377197,27836.000000,-13086.952148,14199.655273,-0.603558,0.797087,0.019255,0.100000,0.020000,1,0.174326
29.487669,19.320312,0.396311,-167.685333,218.580963,-32.119598,-8304.111328,11679.243164,-5648.467773,-0.603135,0.793776,-0.078413,0.100000,0.020000,1,0.216463
30.083815,17.758202,0.314445,61.229507,-360.095032,-113.756180,8395.998047,-15376.720703,5009.062500,-0.104590,0.690216,0.716005,0.100000,0.020000,1,0.725102
29.747046,18.835062,0.011111,-70.377548,68.818748,-138.171875,-5583.212402,2735.349609,-7700.160645,-0.589172,0.759925,-0.274574,0.100000,0.020000,1,0.910237
29.913492,19.762903,0.614731,58.495575,127.329834,94.987488,3238.069824,10251.166992,7778.305664,-0.603163,0.766259,0.221452,0.100000,0.020000,1,0.771422
29.941975,19.073364,-0.708585,-4.551378,-169.523834,124.744446,-867.477783,-9571.873047,7414.962402,-0.106155,0.701523,-0.704696,0.100000,0.020000,1,0.091083
29.911892,19.029428,0.665547,-88.334763,10.774799,-110.411774,-6160.625488,1295.796631,-6644.152832,-0.202792,0.693080,0.691748,0.100000,0.020000,1,0.729800
29.615370,18.950668,-1.587420,-56.021011,-27.276081,-238.375000,-5359.049316,-1456.114136,-19234.402344,-0.208466,0.694319,-0.688813,0.100000,0.020000,1,0.253707
29.799866,19.769524,0.137733,16.069292,68.372849,16.807156,124.982452,6446.513184,1235.719849,-0.635637,0.763694,0.112863,0.100000,0.020000,1,0.478274
30.594961,18.997274,0.500957,222.056885,-78.908783,46.433609,16560.923828,-5956.416992,3901.069092,-0.611464,0.725273,0.316371,0.100000,0.020000,1,0.538046
28.824541,19.387386,2.612710,-256.415833,14.459106,756.549377,-9525.160156,10426.294922,24929.207031,-0.690297,0.723102,0.024768,0.100000,0.020000,1,0.882602
30.203291,19.522423,-0.004190,122.649872,52.810867,-135.012451,8663.914062,4976.044434,-10396.208984,-0.499462,0.690740,0.522892,0.100000,0.020000,1,0.127668
29.948427,19.119001,-0.088370,-39.479301,74.122681,-10.578373,-2553.437744,4252.355957,316.836914,-0.607566,0.696763,-0.381295,0.100000,0.020000,1,0.772240
29.590191,19.292402,0.118884,-177.646118,304.593506,-388.536377,-12878.908203,19352.275391,-23330.375000,-0.645746,0.737849,-0.196450,0.100000,0.020000,1,0.516159
29.646362,20.412971,-0.158445,38.206047,229.793945,-21.036747,1156.744019,19134.980469,-1715.237549,-0.706185,0.703786,-0.077380,0.100000,0.020000,1,0.669957
30.114229,19.217587,0.288020,-854.960938,-473.441620,398.136993,-53431.238281,-29194.417969,24149.617188,-0.412725,0.671617,0.615295,0.100000,0.020000,1,0.471335
29.703384,19.224283,-0.422708,-7.045406,22.262131,23.038433,-1662.385742,2049.835449,1771.403809,-0.429623,0.686325,-0.586841,0.100000,0.020000,1,0.115781
28.158039,19.072222,-1.341533,-358.602814,-70.250671,-249.928467,-8996.672852,-1937.850830,-8340.557617,-0.532024,0.693481,-0.485834,0.100000,0.020000,1,0.114429
30.599346,17.555737,1.317010,337.860596,-96.991180,207.681305,24051.826172,-13068.000000,17149.908203,-0.608887,0.677886,0.411979,0.100000,0.020000,1,0.928049
28.122982,21.317286,1.931389,-119.197418,939.001526,244.478470,4632.067383,38105.390625,-214.471680,-0.721202,0.681864,0.122184,0.100000,0.020000,1,0.674210
30.362936,18.498444,-0.755323,103.996460,-147.198029,-40.678024,8063.052246,-11186.537109,-3275.134277,-0.295105,0.661215,-0.689715,0.100000,0.020000,1,0.410779
29.789793,19.052410,-0.444863,43.817032,247.052399,39.189453,2081.885498,15319.919922,2640.645752,-0.495659,0.654774,-0.570608,0.100000,0.020000,1,0.865697
29.556000,19.370380,0.282564,194.571228,-6.828506,20.359215,10815.878906,-56.792732,1360.003174,-0.691342,0.651948,0.311465,0.100000,0.020000,1,0.695118
29.702843,19.100643,-0.380475,19.868492,-47.061317,-47.912491,406.527222,-3754.622070,-3587.573730,-0.699952,0.653037,-0.289152,0.100000,0.020000,1,0.596305
30.577032,19.887581,-1.049699,266.716278,115.125122,-346.998291,19651.929688,9691.384766,-27070.804688,-0.722065,0.655890,0.220069,0.100000,0.020000,1,0.496354
29.437492,19.505053,0.525927,-83.727219,118.841766,136.312317,-5906.972656,8577.395508,8339.342773,-0.550505,0.707149,0.443716,0.100000,0.020000,1,0.022983
28.518318,19.776783,0.341590,-358.596436,168.532913,30.124466,-12496.846680,6095.158203,1312.195068,-0.588816,0.636333,0.498375,0.100000,0.020000,1,0.304173
30.688936,21.629435,-2.450484,290.155090,701.650635,-575.902893,19215.154297,23778.691406,-19955.828125,-0.592865,0.638912,-0.490206,0.100000,0.020000,1,0.606787
29.679926,19.007055,0.986485,-16.481850,-21.932804,79.272049,-2311.943115,-1180.333130,6629.219238,-0.308146,0.640706,0.703237,0.100000,0.020000,1,0.388412
29.942358,19.105825,0.126338,-394.464294,42.031754,-387.987671,-24699.335938,1775.781494,-23251.296875,-0.733952,0.649028,-0.200193,0.100000,0.020000,1,0.011292
29.637701,19.502125,0.554836,56.995789,-1.927839,101.385300,2756.438965,495.588593,8341.066406,-0.793892,0.598713,0.106199,0.100000,0.020000,1,0.462989
29.611992,18.362137,1.015377,-54.651566,111.077415,-180.199768,-4722.903320,3857.666992,-9285.995117,-0.505401,0.613397,0.606888,0.100000,0.020000,1,0.484360
29.582378,19.453354,0.330992,-137.469345,-512.603760,448.587585,-9820.888672,-31601.552734,28271.841797,-0.697758,0.593057,0.401768,0.100000,0.020000,1,0.508934
31.194542,20.229021,-3.394568,429.848389,204.958252,-866.735352,32846.617188,16617.208984,-68239.890625,-0.790764,0.583682,-0.184413,0.100000,0.020000,1,0.354051
29.655073,19.554249,0.035556,44.635529,-28.165016,68.366791,2102.930908,-984.771667,4384.373047,-0.809038,0.587329,0.022412,0.100000,0.020000,1,0.477367
31.130386,19.056555,0.539038,484.523621,-152.325409,44.500473,13340.573242,-5357.525391,-2459.997559,-0.808622,0.581845,-0.087096,0.100000,0.020000,1,0.245290
29.713909,19.124016,-0.413848,60.614433,77.078918,-259.268921,2874.274658,5252.163574,-15688.842773,-0.402671,0.615421,-0.677579,0.100000,0.020000,1,0.501532
29.381712,21.067259,1.342387,-29.616905,472.166321,444.213409,-4663.617676,13005.955078,9235.226562,-0.716581,0.574461,-0.395608,0.100000,0.020000,1,0.247942
27.740561,19.214407,0.173317,-511.841431,-76.669540,-66.286972,-25935.373047,1879.205566,1409.351074,-0.774058,0.551946,0.310145,0.100000,0.020000,1,0.184700
29.989500,19.238342,-1.009745,110.388947,-61.948551,-219.202820,9017.177734,-339.239258,-9629.484375,-0.781870,0.557108,-0.279840,0.100000,0.020000,1,0.927960
29.670570,20.039627,-0.168677,33.291546,133.385651,47.984344,1470.981201,11693.526367,3999.105713,-0.689634,0.549375,-0.471796,0.100000,0.020000,1,0.423022
29.981438,18.579906,-0.157809,79.722298,-41.366226,-83.063835,5591.738770,-5104.433105,-3829.055420,-0.592988,0.554388,-0.583968,0.100000,0.020000,1,0.607285
29.571976,19.495977,-0.236478,-251.198730,-31.362930,-126.980423,-16695.048828,-1217.314209,-7642.347656,-0.768371,0.512527,-0.383303,0.100000,0.020000,1,0.720867
29.886145,19.988951,0.054102,65.007408,226.491119,-174.574600,1680.919800,9674.823242,-4771.983398,-0.405324,0.584156,0.703188,0.100000,0.020000,1,0.212975
30.105639,17.626169,0.974906,142.116638,-502.905273,148.526642,19193.511719,-30265.562500,13482.226562,-0.691251,0.514578,0.507329,0.100000,0.020000,1,0.746563
28.705143,18.411697,1.462582,-272.182465,-373.940857,269.518372,-9629.347656,-12489.359375,6772.451172,-0.771397,0.494357,0.400697,0.100000,0.020000,1,0.566375
30.061548,18.468256,-0.883733,188.897003,-275.481232,-193.589325,13401.746094,-21219.824219,-15259.666992,-0.867785,0.461668,-0.183883,0.100000,0.020000,1,0.646842
29.539091,19.227955,0.136785,-292.815552,375.592224,198.092438,-19182.611328,22986.886719,13052.458008,-0.885296,0.464984,0.006450,0.100000,0.020000,1,0.667750
29.842804,19.426403,0.682812,106.568481,-48.705872,207.487793,8104.370117,5050.785156,12532.480469,-0.882734,0.460067,-0.095493,0.100000,0.020000,1,0.554737
30.010912,17.853157,0.166562,47.152916,87.373940,210.799942,3776.723877,27.892397,11808.383789,-0.589983,0.519874,0.617779,0.100000,0.020000,1,0.638656
30.554279,18.645905,-0.122300,297.343140,-224.209900,-126.698181,22363.496094,-17222.791016,-9303.922852,-0.867047,0.445003,0.224058,0.100000,0.020000,1,0.866017
29.773634,19.450287,-0.014906,64.004189,176.679779,367.377563,4386.148926,11481.821289,24079.460938,-0.857694,0.438613,-0.268289,0.100000,0.020000,1,0.963193
29.172308,19.971996,0.032935,-55.835403,164.896637,-3.997972,-5672.456055,12808.132812,-559.229553,-0.888430,0.441611,0.125191,0.100000,0.020000,1,0.445479
29.648167,19.205114,-0.616574,30.991135,-45.736610,101.531708,1073.272827,-2394.453125,6260.587891,-0.489815,0.540648,-0.683946,0.100000,0.020000,1,0.545093
28.013350,20.955702,2.624923,-488.983948,504.333405,909.881775,-19238.501953,18100.179688,23032.710938,-0.671463,0.477928,-0.566325,0.100000,0.020000,1,0.667501
29.912876,19.744917,-0.679094,122.113007,73.252655,-64.344147,8533.121094,6518.570312,-5213.570801,-0.761154,0.441849,-0.474778,0.100000,0.020000,1,0.369728
29.429298,19.532492,-0.101506,146.882477,-482.254700,714.196533,8014.619629,-29748.232422,43774.265625,-0.840790,0.480982,0.248451,0.100000,0.020000,1,0.074462
29.590593,18.145906,0.563107,55.396439,31.183372,-76.809875,3411.794678,-3338.339844,-2598.805664,-0.931351,0.362950,0.029206,0.100000,0.020000,1,0.237532
29.395002,19.069626,0.330702,-51.412857,-321.269775,-53.881073,-5152.770508,-20283.423828,-4524.827637,-0.473795,0.526751,0.705728,0.100000,0.020000,1,0.259312
29.869097,18.718426,0.779396,102.940491,-154.624268,68.607895,7023.397461,-11829.421875,5473.089355,-0.665877,0.449384,0.595535,0.100000,0.020000,1,0.981415
29.398682,18.455875,-0.239389,44.571220,-283.684937,16.364754,-3433.101074,-10636.052734,2979.336182,-0.835108,0.383210,-0.394643,0.100000,0.020000,1,0.332288
28.725138,20.088972,-0.925571,-195.756348,184.387482,-302.926758,-16217.337891,14675.160156,-24157.851562,-0.860245,0.389340,0.329230,0.100000,0.020000,1,0.219933
29.920118,19.650589,0.385674,181.979584,35.112564,130.732574,12871.610352,3197.016113,10122.014648,-0.938237,0.338255,-0.072766,0.100000,0.020000,1,0.759001
28.509256,21.061724,-0.269096,-267.794312,455.563232,-179.577393,-21576.767578,35944.621094,-13878.983398,-0.843383,0.359029,0.399754,0.100000,0.020000,1,0.989333
28.912262,19.024137,-0.428973,-118.560303,110.643539,-68.040054,-10276.010742,5469.137695,-5128.661621,-0.908058,0.320191,-0.270014,0.100000,0.020000,1,0.056722
29.491283,19.537140,-0.011313,-187.607178,-55.836937,162.474121,-12216.615234,-3002.645508,9773.066406,-0.936521,0.328496,0.122553,0.100000,0.020000,1,0.076331
29.033342,19.262726,0.579701,-47.468338,-48.375961,187.708008,-5271.388184,-3651.409912,14888.686523,-0.930265,0.322992,-0.174018,0.100000,0.020000,1,0.540804
29.622860,19.270597,-0.593361,-68.659737,-21.704557,111.984856,-5007.422363,-809.277954,6985.949219,-0.567447,0.471448,-0.675086,0.100000,0.020000,1,0.402968
29.320042,19.524385,0.273457,-213.570068,-349.779388,-248.720093,-14514.133789,-21555.373047,-15323.093750,-0.926117,0.309370,0.215863,0.100000,0.020000,1,0.181016
29.232866,19.889370,-0.787041,-34.125626,135.999664,-55.422699,-3996.503906,11309.648438,-4693.809082,-0.713247,0.378994,-0.589612,0.100000,0.020000,1,0.968621
29.386271,19.136387,0.502188,-234.595215,-16.952911,-31.280354,-15980.954102,-1669.851440,-1721.724976,-0.762882,0.384371,0.519875,0.100000,0.020000,1,0.080993
29.369635,19.415829,-0.439130,77.941391,-348.718414,208.820694,3942.395996,-21557.351562,13071.602539,-0.812517,0.321832,-0.486046,0.100000,0.020000,1,0.404961
29.269169,19.386179,0.566535,466.578186,-72.406570,13.655418,28320.150391,-4520.387695,2080.673584,-0.906576,0.271002,0.323540,0.100000,0.020000,1,0.798042
28.964867,19.150589,0.172383,-97.534576,-405.167908,-504.686584,-9042.690430,-25938.193359,-33248.484375,-0.719196,0.358782,0.595007,0.100000,0.020000,1,0.606715
28.422083,19.874172,0.338620,-191.348694,143.487427,-28.268681,-16747.597656,11260.305664,-1804.229004,-0.876230,0.262473,0.404140,0.100000,0.020000,1,0.456707
29.783352,18.981945,-1.005290,131.362854,-107.171112,-182.153656,9321.105469,-8342.215820,-14385.202148,-0.890901,0.263520,-0.369937,0.100000,0.020000,1,0.796886
29.795959,18.600464,-1.738173,-7.817108,-177.778412,-506.913025,-5825.541992,-2451.185303,-15672.560547,-0.957888,0.215519,-0.189744,0.100000,0.020000,1,0.404231
29.149977,19.516691,-0.053933,10.486422,75.219223,-43.347649,-717.673706,5180.333008,-3410.437012,-0.968099,0.216330,0.126433,0.100000,0.020000,1,0.950862
29.158375,19.336397,-0.034546,-2.048092,75.583694,58.161652,-1458.557007,4421.565430,3526.204102,-0.976763,0.214324,0.000180,0.100000,0.020000,1,0.425139
29.652370,19.191160,1.835148,26.018776,-28.032619,307.156677,-2720.982178,-1091.753540,24144.556641,-0.549903,0.443911,0.707495,0.100000,0.020000,1,0.441368
28.968687,18.630358,-0.733271,-49.618408,-165.005234,-369.552429,4703.370117,-698.750488,-10240.061523,-0.806144,0.291062,0.515184,0.100000,0.020000,1,0.371009
28.635744,18.271591,-1.478465,-152.592468,130.625320,-178.302643,-9705.008789,4361.025879,-2956.935059,-0.978327,0.188716,-0.085218,0.100000,0.020000,1,0.240254
29.475195,19.210947,-0.651940,4.596550,14.407497,88.843353,-641.638977,1089.217041,5282.431641,-0.628573,0.385225,-0.675646,0.100000,0.020000,1,0.435425
29.317772,19.733646,-0.293113,6.168030,66.140579,23.811211,-1832.539795,3459.952881,-1049.199219,-0.848670,0.232268,-0.475196,0.100000,0.020000,1,0.404106
29.272949,19.450586,-0.007441,194.437500,365.669312,495.682739,11530.748047,23306.728516,30468.208984,-0.958569,0.178388,0.222088,0.100000,0.020000,1,0.185714
29.600700,19.201271,0.534147,-482.514587,186.885895,380.459717,-30895.699219,12009.603516,23783.849609,-0.606566,0.388340,0.693736,0.100000,0.020000,1,0.365866
29.378736,19.332590,-0.611232,-611.911072,-311.948425,339.621887,-39427.281250,-19383.804688,20939.126953,-0.768905,0.270943,-0.579115,0.100000,0.020000,1,0.269740
28.042986,20.158583,-0.352136,-312.075562,215.070023,-126.426819,-13780.484375,9128.435547,-16430.746094,-0.934996,0.147482,0.322538,0.100000,0.020000,1,0.855483
29.139820,19.472746,-0.157207,37.967873,-94.708633,-320.826904,1196.271729,-5584.968750,-19877.388672,-0.945653,0.146709,-0.290199,0.100000,0.020000,1,0.884061
29.093582,19.439812,-0.241835,138.204468,104.947159,384.132141,7602.148926,6763.835449,23153.076172,-0.996316,0.082507,0.023381,0.100000,0.020000,1,0.895289
28.768333,19.217281,-0.217245,188.374725,-7.725712,-150.115326,9407.217773,-1261.800293,-10034.572266,-0.991783,0.081998,-0.098200,0.100000,0.020000,1,0.092577
33.574451,18.745420,0.142086,1079.381348,-167.777084,-95.934235,28484.476562,-2045.052734,-11558.907227,-0.672904,0.311835,-0.670789,0.100000,0.020000,1,0.315507
29.552559,18.752565,0.132358,95.983734,-142.812683,-78.748672,6375.258789,-11290.011719,-6240.266113,-0.839633,0.177467,0.513344,0.100000,0.020000,1,0.594704
29.235662,19.537699,-0.119504,63.804276,-309.635376,-206.376770,3307.346436,-18739.308594,-12144.234375,-0.913927,0.115247,-0.389173,0.100000,0.020000,1,0.832119
29.032621,18.805058,0.869731,-9.194458,-145.137177,112.688202,-2149.100586,-11390.154297,9303.817383,-0.906552,0.113308,0.406601,0.100000,0.020000,1,0.539132
29.184031,19.332930,0.104235,-16.803532,18.897655,134.794281,-1766.506226,980.445801,8169.986328,-0.973748,0.065614,0.217966,0.100000,0.020000,1,0.509041
28.950617,19.989367,-0.126650,-17.709915,118.915741,1.887949,-2780.723877,10007.779297,205.593063,-0.982847,0.062806,-0.173401,0.100000,0.020000,1,0.317625
28.981974,19.958288,0.222758,-115.446564,243.687653,159.684631,-8740.597656,17852.189453,11969.250000,-0.962211,0.034773,-0.270075,0.100000,0.020000,1,0.235147
29.212229,18.935444,0.766290,-117.785461,-104.546143,-18.237066,-3479.613770,-3475.084717,-542.496338,-0.653040,0.304063,0.693603,0.100000,0.020000,1,0.653105
28.688719,19.226406,0.388559,-459.692535,56.657730,122.349182,-24185.308594,5520.867188,6545.896484,-0.945943,0.030975,0.322849,0.100000,0.020000,1,0.450248
29.928144,20.190996,-0.504540,216.173828,236.609924,-0.525330,11602.603516,15489.167969,-1883.581177,-0.792821,0.149847,-0.590745,0.100000,0.020000,1,0.219221
28.547571,19.090324,0.399709,-57.924179,35.937195,-32.430370,-7212.083008,1451.592773,-2217.408936,-0.850715,0.086727,0.518422,0.100000,0.020000,1,0.427595
28.910660,19.218193,-0.551544,1080.750854,-334.339447,451.169464,66194.921875,-21437.115234,27925.660156,-0.865440,0.086235,-0.493535,0.100000,0.020000,1,0.317501
29.110949,19.611361,-0.633779,17.341618,62.821228,-61.001461,-469.451050,3729.818848,-2889.469727,-0.923672,0.013847,-0.382933,0.100000,0.020000,1,0.712201
29.109497,19.316166,0.264978,-416.801910,147.559753,-422.767090,-27107.091797,9015.958984,-25971.666016,-0.993802,0.008289,0.110857,0.100000,0.020000,1,0.022182
29.062504,19.148685,0.031394,26.514215,-26.646553,-59.503159,938.486328,-2624.708008,-3651.800537,-0.997859,-0.064958,0.007635,0.100000,0.020000,1,0.986042
29.008711,18.790291,0.769098,68.680199,-57.818848,151.875366,3051.472656,-5841.837402,11314.292969,-0.908177,0.003452,0.418572,0.100000,0.020000,1,0.372023
29.163042,19.577154,-0.001713,80.710030,45.620667,42.131973,1073.212891,2355.715088,1415.582886,-0.982444,-0.071891,-0.172148,0.100000,0.020000,1,0.771119
28.988392,19.513445,0.116430,31.677284,-135.831604,70.617233,966.172058,-7900.989258,4190.025391,-0.974342,-0.074637,0.212339,0.100000,0.020000,1,0.405779
28.638721,20.800030,0.219520,3.449463,605.262329,93.608185,-1966.558105,17679.130859,776.719971,-0.990707,-0.083658,0.107247,0.100000,0.020000,1,0.303870
28.978138,19.357334,-0.166999,60.988319,186.919922,192.422012,2836.594238,11772.790039,11797.410156,-0.991233,-0.088140,-0.098424,0.100000,0.020000,1,0.415904
28.689531,19.299744,-0.108056,22.098463,49.463020,108.086182,-843.121216,2986.242920,7370.938477,-0.955045,-0.092554,-0.281643,0.100000,0.020000,1,0.118006
27.621439,19.186270,0.074113,-152.977112,189.228180,-62.470596,-17248.199219,11763.414062,-5836.214355,-0.775974,0.114011,0.620375,0.100000,0.020000,1,0.499823
29.207355,19.065477,-0.338028,34.661201,-2.997086,15.744255,1812.658325,-1087.004272,1295.289429,-0.875310,-0.027923,-0.482755,0.100000,0.020000,1,0.369390
29.034246,19.383247,0.289514,21.966236,-40.808434,-45.790092,613.699829,-2324.322266,-2766.952881,-0.946560,-0.101911,0.306002,0.100000,0.020000,1,0.776351
28.408039,19.258389,1.363702,-221.234406,-8.456906,236.166565,-18597.777344,-365.389099,18321.275391,-0.739426,0.198140,0.643421,0.100000,0.020000,1,0.026898
29.407499,19.159149,-1.026484,74.332764,56.154114,-117.488083,4611.977051,-6686.241211,-3381.909668,-0.812467,0.034923,-0.581960,0.100000,0.020000,1,0.619972
28.773630,20.070349,0.369106,-66.691406,193.383057,-20.385750,-6354.264648,15544.012695,-1496.068359,-0.868805,-0.042021,0.493367,0.100000,0.020000,1,0.343765
28.173151,18.862619,0.405947,301.240295,-143.261414,219.055176,14649.702148,-10863.250977,16863.240234,-0.919371,-0.111149,-0.377363,0.100000,0.020000,1,0.320846
29.002300,19.244013,0.080112,42.757973,119.321579,-101.346405,2138.471924,7182.891602,-5722.325195,-0.976542,-0.192868,-0.095744,0.100000,0.020000,1,0.899934
29.603769,18.489388,0.261473,126.817566,-133.423645,0.714611,9968.677734,-11936.003906,1047.760376,-0.980498,-0.194886,0.025355,0.100000,0.020000,1,0.400672
28.980505,20.030830,-0.582910,-39.053055,217.661804,5.110011,-4423.430176,17226.937500,256.805695,-0.735468,0.116095,-0.667540,0.100000,0.020000,1,0.222495
27.595753,19.856373,0.549601,-318.125061,144.886444,58.079926,-26824.273438,11524.519531,4552.011719,-0.909321,-0.123544,0.397331,0.100000,0.020000,1,0.146922
28.595625,18.776585,-0.074803,-55.115494,87.797646,-60.630280,-5683.724121,3307.031494,-3542.174316,-0.962575,-0.212451,-0.168265,0.100000,0.020000,1,0.255148
29.352360,19.203941,0.165265,308.618347,15.147219,111.577957,19498.210938,899.642761,5555.899902,-0.789789,0.009823,0.613299,0.100000,0.020000,1,0.385458
28.695080,19.172689,-0.253895,230.541229,5.205053,-167.051331,12759.518555,-144.350510,-10602.658203,-0.933887,-0.219310,-0.282416,0.100000,0.020000,1,0.175447
27.531672,18.768692,-0.689646,-199.461090,178.331345,-200.545319,-18732.574219,-1233.465332,-13011.304688,-0.950929,-0.236963,0.198954,0.100000,0.020000,1,0.892585
29.383823,19.188406,0.703534,-28.934944,-7.289444,-73.819031,-2357.893799,-357.188385,-4245.326172,-0.680607,0.175280,0.711372,0.100000,0.020000,1,0.004192
29.593798,18.912497,0.164882,414.095459,-488.433594,-223.049011,28187.763672,-32326.781250,-14436.019531,-0.923147,-0.247001,0.294602,0.100000,0.020000,1,0.512386
29.164177,19.311350,0.625021,45.284470,-87.541443,-27.413731,1747.848267,-4944.699707,-1582.453003,-0.714686,0.087452,0.693957,0.100000,0.020000,1,0.017218
28.880276,17.990074,-1.700603,110.448936,-0.519253,-389.292114,-2080.677246,-10277.625000,-13258.541016,-0.807426,-0.076309,-0.585014,0.100000,0.020000,1,0.256376
28.982460,19.049864,0.165561,-276.383118,-140.430969,233.824829,-17641.732422,-9779.456055,15354.481445,-0.943622,-0.329905,0.027202,0.100000,0.020000,1,0.984333
28.976830,19.234978,0.547143,-1.930740,1.619055,-164.196716,-1024.895630,162.401871,-9914.820312,-0.840233,-0.162220,0.517391,0.100000,0.020000,1,0.381774
28.977621,19.037235,-0.407750,-50.624359,-15.588154,-96.522888,-4055.950928,-1779.610352,-6032.632324,-0.850950,-0.170543,-0.496789,0.100000,0.020000,1,0.401847
28.874935,19.155792,-0.391219,268.224854,-86.448410,549.040771,15976.315430,-5789.104980,34407.222656,-0.883835,-0.257701,-0.390419,0.100000,0.020000,1,0.907283
28.932211,19.145405,0.222646,-86.254318,-85.648224,46.892593,-6107.247070,-5713.281738,2435.513428,-0.869269,-0.276575,0.409729,0.100000,0.020000,1,0.498008
29.064888,19.180040,-0.249108,6.337826,-296.987915,-1132.099976,-125.101372,-18785.996094,-70493.460938,-0.806400,-0.174234,-0.565121,0.100000,0.020000,1,0.560271
29.332788,20.230705,-0.036401,130.110046,338.975586,-81.329788,1722.265625,12170.357422,-5532.065430,-0.944447,-0.298819,0.136849,0.100000,0.020000,1,0.056561
28.955221,19.498772,-0.531981,51.636482,66.823273,-68.576797,3007.593994,5396.254395,-5561.080566,-0.889755,-0.361236,-0.279006,0.100000,0.020000,1,0.180144
28.818413,19.172443,-0.056615,-313.709351,168.887115,267.882416,-20527.685547,10399.787109,16257.553711,-0.916845,-0.381769,0.116822,0.100000,0.020000,1,0.266377
28.107861,18.905197,-0.365658,-288.246277,-85.785423,-83.395439,-13679.218750,-736.899902,-1849.195312,-0.899585,-0.377149,0.220239,0.100000,0.020000,1,0.171496
29.310019,19.194328,-0.441833,358.307556,-146.880081,-650.269592,21750.958984,-9178.688477,-40400.449219,-0.688130,0.184699,-0.701686,0.100000,0.020000,1,0.065423
27.914976,20.584118,-0.051375,-328.904663,417.865234,152.903992,-10900.307617,13234.579102,5390.017578,-0.732864,-0.005548,-0.680352,0.100000,0.020000,1,0.119234
29.827942,19.009266,-0.451415,218.732056,-85.008034,-52.947868,4598.811035,-5191.911621,-3723.874756,-0.827024,-0.290061,-0.481557,0.100000,0.020000,1,0.979956
28.821705,19.301937,-0.009743,103.334213,60.761688,0.860769,5388.459961,4200.434570,-773.885132,-0.872018,-0.365407,0.325672,0.100000,0.020000,1,0.013072
29.147572,19.148663,0.470233,34.331524,26.813274,-21.141304,1345.227783,1694.136353,-1855.480103,-0.713800,-0.015392,0.700180,0.100000,0.020000,1,0.058003
29.042572,19.172884,0.590929,-32.671158,-52.390854,-39.650230,-2927.540771,-3315.592529,-2253.514404,-0.772193,-0.112784,0.625298,0.100000,0.020000,1,0.323836
28.674303,19.325016,0.442871,289.663147,-235.461884,88.505157,16506.605469,-14222.754883,5633.644043,-0.814242,-0.281043,0.507961,0.100000,0.020000,1,0.524967
28.788679,19.380554,-0.433597,94.530579,-376.626099,252.593292,5034.847168,-22906.285156,15494.486328,-0.842238,-0.378638,-0.383756,0.100000,0.020000,1,0.682182
28.661083,19.326338,-0.048983,131.380783,-238.298950,84.078293,7191.942871,-14448.737305,5045.384277,-0.881223,-0.472428,0.016054,0.100000,0.020000,1,0.465587
28.961021,19.183825,-0.656915,73.971603,16.204952,-159.444763,4810.845703,1041.393799,-13211.910156,-0.874780,-0.471078,0.113339,0.100000,0.020000,1,0.553616
28.027258,21.756889,0.576011,-152.326263,845.897400,288.518738,-9770.548828,31862.566406,12483.277344,-0.873794,-0.476576,-0.096744,0.100000,0.020000,1,0.546587
28.387121,18.441612,-0.440886,391.218842,-175.320312,-194.589447,20976.912109,-14005.869141,-11722.875000,-0.730657,-0.091769,-0.676549,0.100000,0.020000,1,0.459216
28.954308,19.321112,0.639394,-142.739044,-230.692413,-473.073425,-9956.813477,-13868.350586,-29340.783203,-0.771028,-0.195369,0.606092,0.100000,0.020000,1,0.159503
29.832838,18.262524,-0.074749,276.838745,-235.609680,7.640303,21094.957031,-18794.300781,843.959106,-0.887134,-0.420656,-0.189844,0.100000,0.020000,1,0.262622
28.340872,18.567406,0.156912,536.559448,-229.205078,136.083801,31099.951172,-16916.951172,7791.720215,-0.822885,-0.393997,0.409422,0.100000,0.020000,1,0.649529
28.926582,19.337683,0.123426,31.148304,15.745998,9.482964,1208.687134,1820.522217,3118.364502,-0.776010,-0.281529,-0.564403,0.100000,0.020000,1,0.315739
28.459724,19.400946,-0.049087,-28.175606,75.028259,127.282104,-3767.174561,5834.880859,6746.708008,-0.825998,-0.474145,0.304818,0.100000,0.020000,1,0.303087
28.372028,19.350101,-0.817620,-81.706360,59.400070,-137.123230,-7492.434082,4621.769043,-11067.234375,-0.831237,-0.478486,-0.283010,0.100000,0.020000,1,0.780461
28.613737,19.185099,-0.074384,147.024567,-120.152771,-110.137222,8012.135742,-7454.301758,-6566.630859,-0.849499,-0.489806,-0.196064,0.100000,0.020000,1,0.317287
28.576828,20.158283,0.224093,-25.668739,274.391602,40.790657,-3048.113525,21536.316406,2732.606934,-0.843820,-0.489778,0.219283,0.100000,0.020000,1,0.364656
28.444548,19.129379,-0.111850,-115.008331,86.672073,-191.876801,-10660.407227,5471.472656,-15013.104492,-0.718548,-0.116870,0.685587,0.100000,0.020000,1,0.384106
28.761183,19.152882,0.001080,-361.121704,-75.607544,-45.471443,-23198.589844,-4609.836426,-2935.110840,-0.822784,-0.568018,0.019555,0.100000,0.020000,1,0.246038
29.505554,19.606060,0.351600,283.683838,304.235321,-42.421921,5824.798828,14414.294922,-1950.496338,-0.764470,-0.387541,0.515167,0.100000,0.020000,1,0.455017
28.521019,18.745415,0.355209,-54.270248,62.987877,254.096252,-4796.861816,2511.523193,17143.511719,-0.805191,-0.583297,0.106918,0.100000,0.020000,1,0.023766
28.771509,18.783064,-0.690683,-1.469928,22.655672,-114.070465,-392.310547,141.597244,-9787.935547,-0.802051,-0.591306,-0.084097,0.100000,0.020000,1,0.706436
28.603161,19.474888,-0.415636,-56.712585,129.520599,32.464958,-5018.566406,9521.779297,-1898.139404,-0.715789,-0.215159,-0.664344,0.100000,0.020000,1,0.488898
28.444805,18.761482,0.427221,157.566498,-44.642792,-47.209175,7255.155273,-4226.589355,-3322.426025,-0.735770,-0.315425,0.599291,0.100000,0.020000,1,0.618548
28.936600,18.243536,0.929279,263.022766,-65.195297,-30.236744,16642.652344,-7613.592285,537.217834,-0.764781,-0.501175,0.404888,0.100000,0.020000,1,0.083591
28.146269,18.590954,1.284872,-272.753662,211.140717,497.387085,-15043.125000,8022.112305,20292.605469,-0.777512,-0.596429,0.199367,0.100000,0.020000,1,0.253066
29.453737,18.013615,-1.241897,274.596283,-108.027588,-192.498535,19253.410156,-11311.179688,-15554.745117,-0.753282,-0.423830,-0.502926,0.100000,0.020000,1,0.314386
28.442549,18.242798,-1.249146,89.687454,52.478180,-211.195984,-4342.781738,-16198.007812,-21321.048828,-0.774537,-0.599874,-0.200607,0.100000,0.020000,1,0.183490
28.865530,19.075567,0.258251,104.590836,-40.912102,-265.127167,6625.657715,-2477.849609,-16738.255859,-0.751477,-0.585102,0.304856,0.100000,0.020000,1,0.886748
29.493372,19.976843,-0.938198,211.176605,264.539734,-149.729919,15657.955078,20581.617188,-11692.814453,-0.724954,-0.500855,-0.472849,0.100000,0.020000,1,0.765104
26.451168,19.928890,-0.499884,-680.031433,255.483719,-34.286407,-21705.527344,7943.029785,-5383.654297,-0.756731,-0.528285,-0.385061,0.100000,0.020000,1,0.138452
28.474287,19.333170,-0.098800,-44.548309,71.049713,33.931511,-4362.548828,5724.986816,2767.830078,-0.740064,-0.605549,-0.292601,0.100000,0.020000,1,0.990277
28.850334,19.167503,0.563564,22.432255,-129.712540,-72.174225,669.204651,-7682.563477,-4323.828613,-0.695927,-0.397619,0.597985,0.100000,0.020000,1,0.232745
28.573069,18.808237,-0.263044,16.214375,14.957872,12.269230,-180.661026,71.930870,995.377258,-0.713605,-0.593737,-0.371813,0.100000,0.020000,1,0.597498
28.716745,18.678774,-0.691399,72.964218,-14.734940,-107.710571,4336.681152,-2275.279785,-9357.498047,-0.719704,-0.688009,-0.093106,0.100000,0.020000,1,0.614278
28.589005,19.178896,0.352913,91.072525,134.431793,318.607971,3563.066895,8998.756836,23952.755859,-0.681292,-0.302268,-0.666690,0.100000,0.020000,1,0.682057
28.879309,19.132776,-0.511529,-112.482925,-226.513885,-159.778091,-7719.885742,-13966.288086,-10132.007812,-0.703930,-0.397101,-0.588892,0.100000,0.020000,1,0.062878
28.487663,18.806929,-0.087999,26.286476,-3.137096,32.920483,483.355560,-952.128845,1648.402710,-0.708532,-0.705463,0.017411,0.100000,0.020000,1,0.106688
28.309689,20.464115,0.100905,-205.343018,378.112793,-178.577606,-7072.672363,10629.172852,-9565.703125,-0.690904,-0.689916,0.216029,0.100000,0.020000,1,0.703784
28.207417,18.438431,-0.164759,214.799377,-105.868774,-135.714066,11158.540039,-8939.055664,-8584.852539,-0.694703,-0.694101,-0.188708,0.100000,0.020000,1,0.822670
29.415962,20.529331,0.469846,227.751862,456.633667,116.792358,17067.255859,35299.195312,8901.597656,-0.699006,-0.704598,0.122198,0.100000,0.020000,1,0.912176
28.993172,18.926401,0.685233,37.248337,25.948143,-28.506809,1517.476074,1043.687500,-1462.787842,-0.670836,-0.208513,0.711689,0.100000,0.020000,1,0.707432
28.873207,19.110083,0.271451,26.180618,22.841625,-27.294395,1356.987793,1814.335083,-2431.610596,-0.692997,-0.500291,0.519100,0.100000,0.020000,1,0.035902
28.909794,19.039326,0.029332,-428.142517,357.784180,131.834564,-26930.150391,22159.929688,8799.817383,-0.843738,-0.527321,-0.100191,0.100000,0.020000,1,0.048678
29.869429,17.473419,0.556504,373.618225,-312.072571,317.902405,12453.659180,-1178.886719,4056.695312,-0.652695,-0.496292,-0.572436,0.100000,0.020000,1,0.787810
28.748045,18.916466,0.410536,49.506241,-94.692093,-7.177651,2559.028564,-6169.708008,-475.794434,-0.646230,-0.585402,0.489583,0.100000,0.020000,1,0.079463
28.438931,19.271471,0.255639,-62.641571,64.795288,-8.900917,-5687.426758,5336.968262,-985.444031,-0.666919,-0.615360,0.420179,0.100000,0.020000,1,0.160464
28.929993,18.827621,0.525250,87.118134,-5.762087,12.058975,6074.001953,-842.279114,1857.414185,-0.651014,-0.693125,0.309448,0.100000,0.020000,1,0.772382
30.007988,19.720963,-0.801821,342.970825,248.857544,-126.300507,26775.923828,18985.705078,-10323.673828,-0.648317,-0.707447,-0.281432,0.100000,0.020000,1,0.823168
29.140623,18.849195,-1.727506,126.307343,68.137009,-304.433533,9091.044922,3889.690674,-24703.820312,-0.632688,-0.601604,-0.487625,0.100000,0.020000,1,0.753146
28.962185,18.930042,-0.365845,-879.031982,21.940742,34.012871,-54838.027344,1430.917969,1982.114624,-0.620725,-0.683460,-0.384165,0.100000,0.020000,1,0.923600
28.353762,18.441875,-0.089323,-354.169220,249.272430,5.188097,-23905.123047,13824.541016,-105.288338,-0.623279,-0.781820,0.016755,0.100000,0.020000,1,0.695901
28.557241,18.841694,0.096384,108.007904,-70.791473,-294.323608,6066.792480,-4685.069824,-17549.974609,-0.613620,-0.769720,-0.176070,0.100000,0.020000,1,0.420211
28.325201,19.015635,-0.234123,-40.406204,67.388733,7.400273,-4217.175293,4781.719238,-198.356842,-0.612746,-0.785351,-0.088130,0.100000,0.020000,1,0.760246
28.854006,19.092937,0.703609,402.346680,-308.064331,-487.439392,24264.906250,-19192.501953,-30310.005859,-0.651099,-0.295152,0.699253,0.100000,0.020000,1,0.304973
28.510551,19.001446,-0.140906,-83.175140,-0.282175,81.382812,-7486.412109,5.942046,6909.517090,-0.634122,-0.394437,-0.665064,0.100000,0.020000,1,0.869665
28.505421,18.642893,1.246859,14.259713,22.532082,183.757965,-373.796021,329.594177,15358.119141,-0.603474,-0.684641,0.408762,0.100000,0.020000,1,0.749677
28.420418,18.825809,0.143382,182.791534,-71.107834,107.319748,10217.173828,-4705.278320,6627.916016,-0.596100,-0.774982,0.209924,0.100000,0.020000,1,0.741793
29.013874,19.173986,-0.162599,151.798798,103.652245,-73.774300,7982.401367,-2178.579346,-4684.098145,-0.591675,-0.796686,0.123338,0.100000,0.020000,1,0.662092
29.613930,17.994471,-0.340064,44.348007,18.241539,-52.842148,5766.554688,-2741.425049,-2774.068604,-0.599276,-0.573694,-0.558340,0.100000,0.020000,1,0.842475
29.164637,20.424810,-0.751018,31.845032,729.638184,-406.596802,2441.175049,32634.660156,-25226.294922,-0.613551,-0.394295,0.684168,0.100000,0.020000,1,0.312447
28.461304,18.940632,0.656305,27.102959,8.262093,-12.226431,-401.161560,472.288391,-225.247299,-0.609702,-0.495673,0.618524,0.100000,0.020000,1,0.237442
28.411119,18.751976,0.284104,88.968796,-40.440918,6.101544,4204.810547,-2930.585205,459.512726,-0.553017,-0.771968,0.313428,0.100000,0.020000,1,0.719088
29.297249,18.809948,-0.351671,22.585800,26.795593,13.861957,3762.275146,1602.730469,438.251099,-0.543693,-0.787258,-0.290900,0.100000,0.020000,1,0.304421
27.403223,18.842852,-0.503517,-149.663666,227.620087,-170.361725,-45457.621094,-2573.779297,10670.906250,-0.584126,-0.479652,-0.654775,0.100000,0.020000,1,0.406135
28.570494,20.323713,0.434444,-20.531815,419.956055,-4.804700,-2408.886230,32621.312500,-278.660858,-0.546883,-0.668217,0.504386,0.100000,0.020000,1,0.239311
28.541599,18.670927,0.447309,15.132637,-31.606720,94.566925,-2189.190186,1291.250488,5337.148438,-0.500915,-0.862664,-0.069963,0.100000,0.020000,1,0.507386
28.716421,18.904219,0.469068,-270.757172,-90.801758,29.981842,-17892.582031,-5652.902344,1730.982422,-0.552649,-0.580957,0.597552,0.100000,0.020000,1,0.884951
28.665871,18.740339,-0.421606,23.981359,-2.081760,-33.397346,861.535400,-561.176453,-2126.908936,-0.531724,-0.690135,-0.490901,0.100000,0.020000,1,0.107009
28.438995,18.766750,-0.169579,85.043030,-56.662346,-25.458038,4297.831543,-3583.529541,-1667.008545,-0.486757,-0.854225,-0.182665,0.100000,0.020000,1,0.718554
28.656435,18.383072,-0.990423,114.882988,-81.920830,-222.145386,-291.831055,-578.495605,-7916.901367,-0.458576,-0.842671,-0.282158,0.100000,0.020000,1,0.641628
28.911469,18.635462,0.136521,-108.797668,-22.497139,-460.086884,-5914.937988,-1905.811768,-28932.886719,-0.471613,-0.872137,0.130222,0.100000,0.020000,1,0.542174
28.266573,19.002768,0.736125,-114.280441,75.063660,9.304642,-10257.822266,5128.664551,1238.255127,-0.553040,-0.477061,0.683051,0.100000,0.020000,1,0.234169
28.786297,18.770439,-0.556851,-68.526062,60.803192,56.228485,-4582.831543,3656.053955,3198.073730,-0.491285,-0.670036,-0.556499,0.100000,0.020000,1,0.597942
27.658119,19.360336,0.011731,-391.613495,85.965744,183.894348,-17139.167969,-1491.475098,15569.368164,-0.442826,-0.843893,0.302901,0.100000,0.020000,1,0.164254
27.590458,18.954048,-3.508772,-323.610291,253.289261,-1068.601074,-12439.031250,8169.560059,-32391.830078,-0.445094,-0.865702,0.229024,0.100000,0.020000,1,0.062344
28.835545,19.176487,-0.118147,-63.435791,-260.544220,-174.385986,-4449.178223,-15129.877930,-9171.032227,-0.515909,-0.550628,-0.656237,0.100000,0.020000,1,0.765549
28.972179,18.084345,1.431030,304.170380,-130.967102,28.076965,11418.853516,-6175.963867,-8073.251953,-0.448580,-0.744985,0.493733,0.100000,0.020000,1,0.584846
29.041430,18.729330,0.474820,59.696663,-6.184589,-81.554169,878.336182,-314.652435,-5670.664551,-0.460824,-0.781570,0.420463,0.100000,0.020000,1,0.042468
28.375000,19.115923,0.033264,-35.359863,164.384369,-8.464691,-5806.536133,9569.282227,-7968.868164,-0.383200,-0.915149,0.125138,0.100000,0.020000,1,0.599615
27.548555,18.918024,-0.329815,-152.056793,135.995499,22.006542,-14243.340820,9652.240234,-40.498550,-0.379143,-0.925225,0.014445,0.100000,0.020000,1,0.644529
28.848919,18.571037,-0.307068,-378.526917,-85.494820,271.018738,-23974.816406,-6323.732910,13693.263672,-0.461576,-0.653405,0.600008,0.100000,0.020000,1,0.753929
27.888018,19.342472,-0.935989,-141.401489,157.601379,-124.305695,-12451.277344,12634.270508,-10405.580078,-0.398968,-0.834151,-0.380812,0.100000,0.020000,1,0.850020
28.031996,19.244541,-1.126034,-150.329941,244.977188,-357.465363,-3684.687012,6267.828613,-17400.890625,-0.394897,-0.830553,0.392732,0.100000,0.020000,1,0.961414
28.714508,18.677588,-0.055213,-51.519165,-16.478882,131.554382,-3034.846924,-922.208618,8413.081055,-0.363849,-0.926523,-0.095757,0.100000,0.020000,1,0.152118
28.495899,18.522240,0.061889,215.811157,-186.169617,-252.963165,12888.939453,-12274.117188,-15097.046875,-0.358973,-0.917319,-0.172235,0.100000,0.020000,1,0.753787
29.089212,17.869444,-0.440111,-168.477814,105.111923,-245.340164,-15527.413086,10675.322266,-14972.838867,-0.359726,-0.807167,-0.468058,0.100000,0.020000,1,0.349282
28.597198,18.312857,-0.435550,-88.413040,58.417542,196.293152,-5959.268066,2424.137695,11529.448242,-0.318050,-0.908753,-0.270208,0.100000,0.020000,1,0.530038
28.920816,18.541462,0.629140,52.292763,44.847088,20.963062,3162.991699,1641.592407,1502.831787,-0.472683,-0.548308,0.689876,0.100000,0.020000,1,0.671007
29.023943,17.918608,-0.905425,-318.778870,187.524460,-220.322327,-24320.919922,11429.650391,-8503.039062,-0.387194,-0.730522,-0.562511,0.100000,0.020000,1,0.353410
28.682158,18.302202,-0.271410,301.424469,-301.227386,70.171936,19133.951172,-20044.242188,3584.016846,-0.253598,-0.963881,-0.081370,0.100000,0.020000,1,0.843738
28.653187,18.293432,-0.752920,98.899849,-4.904175,509.224609,5206.554688,-2274.269043,31331.689453,-0.418991,-0.625944,-0.657754,0.100000,0.020000,1,0.490481
28.700254,18.631859,-0.719923,-11.351013,-5.609585,-148.548706,-1109.283691,-695.011169,-10555.136719,-0.395435,-0.760283,-0.515365,0.100000,0.020000,1,0.128362
29.141281,17.961061,0.418071,180.965637,-156.262772,165.305511,6195.245117,-5386.235352,11297.664062,-0.277672,-0.879130,-0.387336,0.100000,0.020000,1,0.993212
28.391802,18.471058,0.447558,207.669464,-196.330490,-102.515854,11722.053711,-12877.250000,-5993.948730,-0.275914,-0.877422,0.392431,0.100000,0.020000,1,0.847048
28.715282,18.341106,-0.160216,30.128548,-32.837730,72.168854,2100.879639,-2868.656494,4518.002930,-0.230961,-0.956533,-0.178048,0.100000,0.020000,1,0.390191
27.213097,18.952621,1.850645,-444.694214,279.064484,559.357117,-18875.337891,6002.971191,18422.115234,-0.232777,-0.966147,0.111246,0.100000,0.020000,1,0.055885
29.160580,18.025661,-0.160860,263.841370,-138.668854,60.299904,18769.753906,-10848.135742,3036.284180,-0.229971,-0.972809,0.027507,0.100000,0.020000,1,0.970631
28.564690,18.890123,0.367274,389.835297,-481.264648,430.865265,23444.218750,-29547.654297,26585.847656,-0.356226,-0.712726,0.604256,0.100000,0.020000,1,0.107792
29.063787,18.580471,1.165373,82.426056,-2.810933,169.677368,6379.338379,-440.382690,13751.814453,-0.320961,-0.794872,0.514939,0.100000,0.020000,1,0.046667
28.793930,18.315704,0.337962,-458.626892,173.666504,-538.429016,-28557.384766,9856.046875,-33720.839844,-0.275479,-0.905392,0.323073,0.100000,0.020000,1,0.033232
29.016897,19.018414,-0.485435,143.852356,-117.675232,-133.907928,10515.722656,-5336.253418,-11221.919922,-0.214024,-0.954278,0.208679,0.100000,0.020000,1,0.977660
28.621391,18.884869,-0.102086,86.963043,146.909332,-62.827393,1844.116943,4037.661865,1899.337402,-0.373922,-0.927069,0.026937,0.100000,0.020000,1,0.038660
26.498264,19.365332,1.002439,-521.935547,326.391754,217.469498,-36445.375000,15923.236328,22667.156250,-0.189521,-0.941451,-0.278841,0.100000,0.020000,1,0.975204
27.859821,19.705639,1.914451,-267.318909,317.739197,674.201843,3361.260742,18114.488281,35875.105469,-0.394529,-0.801010,-0.450257,0.100000,0.020000,1,0.050137
28.773724,18.471508,-0.445510,126.326111,-193.240387,249.668213,7802.041992,-12824.064453,15944.362305,-0.286628,-0.765191,-0.576478,0.100000,0.020000,1,0.685065
28.332111,18.591717,0.060032,-95.427483,43.414474,-43.423676,-2109.566406,-1024.627686,3549.690918,-0.170036,-0.934351,0.313172,0.100000,0.020000,1,0.481174
29.023232,18.096333,-0.003101,-223.751068,-75.531326,143.986572,-12629.277344,-6186.252930,9411.770508,-0.124772,-0.987657,-0.094683,0.100000,0.020000,1,0.762684
28.680681,18.626759,0.603529,13.552761,4.961593,-50.109428,-170.525772,-171.228455,-3111.542969,-0.388091,-0.604304,0.695846,0.100000,0.020000,1,0.747879
30.248089,19.749538,1.213455,438.322937,372.016907,278.915771,34221.140625,28485.025391,21807.490234,-0.250446,-0.936697,0.244696,0.100000,0.020000,1,0.136441
28.500263,18.701477,0.053792,53.513542,-8.740568,211.777252,2279.071777,86.354355,15322.439453,-0.221241,-0.844764,-0.487264,0.100000,0.020000,1,0.060334
31.011883,18.263292,-1.604498,649.157288,-74.444550,-628.764648,26892.863281,-1620.282715,-20398.861328,-0.217290,-0.833156,0.508563,0.100000,0.020000,1,0.896214
29.205870,17.802095,1.449133,227.706635,-96.077988,385.780640,2289.904297,-7598.059570,14276.361328,-0.098089,-0.994793,0.027671,0.100000,0.020000,1,0.991985
29.092777,18.166801,0.769253,185.289551,-54.919785,172.363068,13460.639648,-4480.086914,13734.946289,-0.093817,-0.990430,0.101221,0.100000,0.020000,1,0.365332
28.337831,18.806114,-0.486452,16.327492,2.042795,-10.828904,-1251.879272,701.955688,-348.751740,-0.318700,-0.673639,-0.666814,0.100000,0.020000,1,0.403875
28.821135,18.551067,0.458446,-131.727173,25.204441,91.388245,-8345.833008,1387.330078,5550.598633,-0.258310,-0.756409,0.600934,0.100000,0.020000,1,0.239880
29.240047,17.904594,1.433363,-115.412247,72.972282,210.756287,-5167.849121,2245.404541,17844.630859,-0.141819,-0.901934,0.407924,0.100000,0.020000,1,0.308870
28.459991,18.507425,-0.264253,147.805054,-78.658676,-24.105618,8215.267578,-4763.674316,-1252.682739,-0.132462,-0.912626,-0.386739,0.100000,0.020000,1,0.909383
28.548096,18.549265,0.077672,45.565666,-198.164581,94.582199,2279.592529,-11815.887695,5541.150391,-0.058916,-0.975443,0.212225,0.100000,0.020000,1,0.461690
28.604078,18.517540,-0.110736,81.154755,22.255371,78.022629,4770.988770,1970.157837,5159.475586,-0.058233,-0.978791,-0.196411,0.100000,0.020000,1,0.544488
28.690670,18.450304,-0.112474,-573.630615,-8.326828,-412.401550,-36272.937500,-243.197128,-25507.550781,-0.053320,-0.958569,-0.279827,0.100000,0.020000,1,0.871943
28.617710,19.005028,0.716633,-90.289597,176.764069,79.701553,-6537.832031,13133.591797,5942.749023,-0.185977,-0.788229,0.586607,0.100000,0.020000,1,0.319529
29.344152,19.796198,0.101009,25.296906,381.971588,165.885162,-7979.419434,14966.361328,10161.809570,-0.177785,-0.799330,-0.573990,0.100000,0.020000,1,0.570699
29.548927,17.711605,-1.285035,239.014191,-105.396652,-201.565094,18369.839844,-9728.653320,-16419.410156,-0.108443,-0.875252,-0.471353,0.100000,0.020000,1,0.397540
28.272964,18.437223,-1.184690,-106.850220,78.147560,-170.643860,-701.487793,516.134521,-14229.497070,-0.051465,-0.930444,-0.362802,0.100000,0.020000,1,0.484716
27.821974,18.676767,1.067281,-146.768524,107.670822,142.704895,-13004.897461,8065.061035,12360.317383,-0.039336,-0.949303,0.311893,0.100000,0.020000,1,0.137010
29.019089,18.249695,-0.350744,236.469604,-106.027740,989.852051,15398.729492,-8404.551758,58544.140625,-0.301310,-0.652043,0.695738,0.100000,0.020000,1,0.165286
27.612623,18.912537,0.389080,-215.152954,146.848206,-21.993649,-18456.566406,11225.404297,-1549.634644,-0.099950,-0.858266,0.503378,0.100000,0.020000,1,0.928672
28.511856,18.296515,1.321994,-10.540363,23.993744,214.395142,-1647.125854,1175.611450,17629.156250,-0.035323,-0.914860,0.402224,0.100000,0.020000,1,0.632197
28.478106,18.403664,-0.016404,60.782608,-497.341187,324.521057,2922.631836,-30938.621094,20714.419922,0.041616,-0.995580,-0.084198,0.100000,0.020000,1,0.360225
27.993513,18.502048,-2.200689,-279.252777,168.309143,-442.942902,-10630.972656,4568.288086,-11522.438477,-0.219394,-0.715098,-0.663702,0.100000,0.020000,1,0.721650
28.984406,18.447950,0.736948,26.962364,88.671616,122.652496,2820.776855,6262.047852,10062.371094,0.054566,-0.975348,0.213821,0.100000,0.020000,1,0.372308
28.409584,19.159142,0.043244,-84.997986,257.938202,29.455425,-10461.910156,14344.372070,-1197.379639,0.063440,-0.990457,0.122352,0.100000,0.020000,1,0.940665
28.838322,18.482405,0.678419,105.445480,-60.708557,-61.994476,6460.375977,-4240.479980,-3493.597412,-0.219319,-0.699345,0.680306,0.100000,0.020000,1,0.948513
28.319532,18.602392,-0.062492,38.059532,-55.679314,-99.671921,343.063324,-2828.523438,-4559.670898,-0.083098,-0.823457,-0.561260,0.100000,0.020000,1,0.132152
28.822870,18.290155,-0.027750,191.842560,-362.101074,-393.157349,12308.433594,-23144.804688,-23304.857422,-0.006246,-0.888743,-0.458364,0.100000,0.020000,1,0.729195
25.776007,19.782328,2.308744,-812.933716,487.983704,655.061035,-33689.312500,30653.044922,22294.105469,0.063216,-0.952578,0.297656,0.100000,0.020000,1,0.989333
27.928190,18.539764,0.895025,-37.837357,153.758545,288.851654,-13572.750977,-19284.220703,12628.041016,0.087385,-0.954072,-0.286549,0.100000,0.020000,1,0.497243
28.593992,18.309196,-0.261357,111.706421,-232.542938,376.751099,6572.148438,-14439.461914,22624.255859,0.093115,-0.995490,0.018125,0.100000,0.020000,1,0.337519
28.627876,18.514168,-0.066807,-365.389465,-417.932495,-210.854675,-23663.238281,-25315.992188,-12274.884766,0.103803,-0.923230,-0.369961,0.100000,0.020000,1,0.558812
28.596645,18.240219,0.020206,359.092102,-343.570129,131.852661,22070.166016,-21468.998047,8730.236328,0.173605,-0.980601,-0.091013,0.100000,0.020000,1,0.564489
28.653099,18.245176,0.325686,-227.105530,-176.843369,-304.661621,-14710.789062,-10922.682617,-18313.798828,0.175186,-0.976549,0.125146,0.100000,0.020000,1,0.419143
28.177820,18.395638,-0.995060,-76.054436,119.830078,-82.337502,-12423.923828,-7697.094727,-2966.138184,-0.130539,-0.733936,-0.666557,0.100000,0.020000,1,0.446582
30.116552,17.402786,1.208034,82.824799,-42.424606,169.403351,10538.375977,-6918.782715,13582.347656,-0.049965,-0.792359,0.608006,0.100000,0.020000,1,0.759143
29.386599,18.697939,0.211198,275.051270,23.044182,724.463928,20080.359375,3404.055908,47333.187500,0.124392,-0.971179,-0.203315,0.100000,0.020000,1,0.128148
28.792490,18.040758,0.277678,-519.979126,300.763580,-561.154114,-32836.269531,18173.900391,-34985.433594,0.188051,-0.961985,0.198046,0.100000,0.020000,1,0.230182
29.155262,18.686415,1.237898,65.561462,128.679169,199.070312,5553.825684,9646.052734,15899.133789,0.048023,-0.853999,0.518053,0.100000,0.020000,1,0.698019
29.098322,18.394554,-0.440116,63.823303,11.737404,14.249500,5089.093750,995.242920,1090.937378,0.043244,-0.819164,-0.571927,0.100000,0.020000,1,0.743573
29.173235,19.181013,-1.173489,142.837982,247.095154,-216.946411,10477.133789,19510.927734,-16912.560547,0.136477,-0.869548,-0.474616,0.100000,0.020000,1,0.426367
28.877037,18.275345,0.679118,-140.942184,20.713501,96.656792,-8946.001953,4857.506348,5540.742188,-0.128159,-0.701013,0.701538,0.100000,0.020000,1,0.424214
29.409822,18.313442,2.427750,119.448349,77.801102,511.365967,9930.928711,5197.216797,40642.800781,0.140125,-0.853773,0.501435,0.100000,0.020000,1,0.470142
27.694736,19.035025,0.711296,-349.210571,245.398132,333.868835,-8176.789551,12663.937500,5447.451172,0.222039,-0.905144,-0.362509,0.100000,0.020000,1,0.422239
32.159286,18.212837,11.096714,1013.085144,56.276794,3314.096680,-4123.433594,21732.742188,90957.445312,0.293027,-0.936419,-0.193012,0.100000,0.020000,1,0.780354
28.907843,18.218227,0.002632,-475.308472,-200.990112,442.262390,-29550.482422,-12134.966797,27483.914062,0.305658,-0.943931,0.124771,0.100000,0.020000,1,0.908724
28.016479,18.876694,-1.872353,-149.650269,166.357391,-411.011383,-9358.943359,7579.945312,-11961.558594,-0.022799,-0.747742,-0.663598,0.100000,0.020000,1,0.498471
28.476360,18.278870,0.122992,92.482376,-48.167465,204.381836,7674.459961,-4403.929199,12030.675781,0.247384,-0.917488,0.311474,0.100000,0.020000,1,0.035670
28.972580,17.936783,-0.363140,-510.235931,301.968567,411.585175,-33649.644531,15219.822266,25719.955078,0.252057,-0.924886,-0.284700,0.100000,0.020000,1,0.064248
31.340050,16.582417,-1.613796,660.239990,-377.405029,-522.761780,52556.203125,-30281.611328,-37802.156250,0.313997,-0.928377,0.198803,0.100000,0.020000,1,0.517422
28.450851,18.238005,-2.082678,-39.674084,23.473097,-405.909302,-4127.860352,1954.363037,-34362.957031,0.328896,-0.944365,0.001463,0.100000,0.020000,1,0.117116
29.007893,17.916395,0.187287,-423.440186,251.754120,-1333.579834,-27840.753906,12200.511719,-83527.445312,0.332423,-0.940124,-0.075248,0.100000,0.020000,1,0.848952
28.222105,18.714304,1.908923,-155.376099,94.648743,316.268921,-12640.610352,7202.390625,25520.998047,-0.036671,-0.730996,0.681396,0.100000,0.020000,1,0.694798
29.059504,18.325623,0.554568,39.217186,-316.806915,4.984602,423.536743,-18056.263672,-851.201721,0.053435,-0.787188,0.614394,0.100000,0.020000,1,0.254277
28.981178,18.224022,-2.350953,10.028603,29.789196,-564.930298,2754.260254,-498.091431,-18151.351562,0.144402,-0.813985,-0.562651,0.100000,0.020000,1,0.388305
29.679506,18.204140,0.326550,82.257324,61.049072,-101.921051,8733.672852,4283.001465,-3701.070557,0.259501,-0.945315,-0.197581,0.100000,0.020000,1,0.293549
28.171501,18.938515,2.078032,-60.097595,187.095306,547.337769,-17671.617188,14641.597656,38164.992188,0.245190,-0.884053,0.397909,0.100000,0.020000,1,0.276075
28.921900,18.415308,-0.179463,63.120331,35.842957,478.488831,4361.657227,3646.511963,30408.748047,0.317619,-0.909178,-0.269285,0.100000,0.020000,1,0.537174
30.107565,19.145851,-0.176665,286.939392,331.374329,-112.016891,23485.173828,24853.152344,-9339.950195,0.181117,-0.883885,0.431213,0.100000,0.020000,1,0.238066
28.591490,18.156807,-1.024545,-54.794754,48.561066,-119.829018,-816.230469,-2691.081543,-9599.063477,0.251767,-0.847874,-0.466607,0.100000,0.020000,1,0.924277
29.196495,17.807507,-0.045749,232.453568,-134.084686,-234.746277,16099.006836,-9621.646484,-16065.201172,0.337124,-0.893630,0.296264,0.100000,0.020000,1,0.375653
28.490768,18.263542,-1.599696,-67.894409,53.448414,-324.079956,1106.695068,-221.482178,-13316.119141,0.289290,-0.956876,0.026444,0.100000,0.020000,1,0.045795
30.337301,19.936384,-0.111213,433.713745,511.424500,92.993538,15251.013672,18835.773438,3986.128418,0.342164,-0.863117,-0.371421,0.100000,0.020000,1,0.903493
28.592752,18.156076,0.237408,-36.958714,25.589272,-746.691040,-4576.202637,429.061523,-45733.058594,0.421268,-0.887947,-0.184614,0.100000,0.020000,1,0.951306
29.397015,17.691738,1.074329,143.393204,-77.762283,232.876297,11137.823242,-7454.992188,18678.101562,0.430223,-0.902420,0.023373,0.100000,0.020000,1,0.988871
28.581676,18.352190,0.301681,273.803070,-137.502655,266.184204,15918.425781,-8211.373047,15905.091797,0.166709,-0.776554,0.607595,0.100000,0.020000,1,0.364157
31.437777,24.219805,-0.470685,818.418091,1851.995728,-205.157669,27912.570312,54251.464844,-9868.418945,0.350042,-0.845610,0.403006,0.100000,0.020000,1,0.399835
29.751440,19.036297,-1.130601,233.793427,260.120453,-246.080017,18343.986328,20738.261719,-19323.740234,0.427008,-0.865165,-0.262972,0.100000,0.020000,1,0.156922
29.433531,17.670652,1.118433,370.219849,-143.297729,318.809021,7764.755859,-18724.917969,4774.799805,0.448238,-0.887072,0.110388,0.100000,0.020000,1,0.500713
28.494560,18.212770,3.962016,-192.307831,144.439209,1208.437988,-13572.290039,1074.692383,36572.625000,0.455826,-0.886341,-0.081381,0.100000,0.020000,1,0.485356
29.961891,17.365604,-0.031121,376.509491,-169.770996,105.756424,16208.214844,-17683.486328,15868.962891,0.090640,-0.736081,-0.670797,0.100000,0.020000,1,0.542032
28.306673,18.794661,-1.049968,-160.098450,203.751526,-416.513855,-12607.201172,15593.166016,-32515.576172,0.276659,-0.809781,0.517412,0.100000,0.020000,1,0.339121
29.112947,17.963436,-0.486096,-614.176819,53.031403,273.700867,-38008.859375,2920.696777,16905.216797,0.368554,-0.803426,-0.467626,0.100000,0.020000,1,0.388874
29.258511,17.771711,-0.253413,-772.664062,446.100555,953.653198,-47399.125000,27289.839844,58046.246094,0.464108,-0.830874,0.307005,0.100000,0.020000,1,0.394230
30.294523,17.173559,-1.069264,527.460327,-258.184357,-627.119080,11263.451172,-15984.331055,-17933.208984,0.081875,-0.715294,0.694011,0.100000,0.020000,1,0.749463
28.250275,18.521997,1.660896,-265.351013,171.916138,327.909851,-19654.093750,12319.811523,25499.263672,0.255595,-0.756049,0.602545,0.100000,0.020000,1,0.859291
28.974140,18.262903,-0.567303,-117.425430,-256.082397,185.460663,-7276.500488,-15694.660156,11394.549805,0.276853,-0.766240,-0.579853,0.100000,0.020000,1,0.708856
28.687185,18.136631,1.454257,-55.715912,35.652073,271.876678,-4594.653320,2541.800049,21493.039062,0.371172,-0.787798,0.491535,0.100000,0.020000,1,0.535056
27.611065,18.722855,-0.411399,2.120087,67.587364,-120.588791,1088.719727,-16212.425781,-11859.147461,0.459782,-0.808127,-0.368147,0.100000,0.020000,1,0.487153
29.173029,17.937387,0.078728,-54.038208,-79.670013,-67.530396,-2463.041260,-5030.160645,-4072.381592,0.490231,-0.846050,0.209460,0.100000,0.020000,1,0.297873
29.389807,17.695898,0.479874,-90.154587,55.975094,287.592285,-4957.530273,1162.187744,20235.847656,0.557679,-0.829603,0.027444,0.100000,0.020000,1,0.566980
29.623745,19.087978,0.537605,88.797363,300.765656,193.335480,8343.496094,23890.279297,13688.397461,0.548654,-0.808058,0.214524,0.100000,0.020000,1,0.790230
26.386166,19.430050,-0.285406,-795.886536,460.151276,-56.420738,-35867.140625,20554.988281,-6457.452148,0.570000,-0.812277,0.123719,0.100000,0.020000,1,0.389123
28.116716,19.104975,-1.308671,-159.585907,237.026199,-416.292175,-8441.144531,8740.254883,-16331.351562,0.176670,-0.719859,-0.671260,0.100000,0.020000,1,0.422114
29.045240,18.180838,-0.314629,-125.939651,-458.047546,196.067841,-7633.428711,-27700.921875,11368.760742,0.574779,-0.813709,-0.086640,0.100000,0.020000,1,0.080121
29.031908,18.043322,0.556579,-60.935631,50.963264,1.236281,-3586.854004,2406.793701,-9.756578,0.188799,-0.708689,0.679790,0.100000,0.020000,1,0.903759
28.377548,18.563957,-0.835851,-223.203659,183.972458,-78.719543,-951.421875,6556.935547,-25101.164062,0.367034,-0.731013,-0.575244,0.100000,0.020000,1,0.563955
28.836950,18.047453,0.327823,572.790283,-397.011749,211.766388,35525.589844,-24773.082031,13234.380859,0.482179,-0.767109,0.423139,0.100000,0.020000,1,0.194166
29.055935,17.893015,-0.186332,-541.434753,313.808746,-78.717407,-33991.832031,19658.580078,-4456.024902,0.545462,-0.755115,-0.363692,0.100000,0.020000,1,0.403323
27.397978,18.845881,0.510426,-365.072052,210.816406,124.973503,-11467.082031,6608.861816,4736.377930,0.560805,-0.764096,0.318835,0.100000,0.020000,1,0.393376
24.324339,20.620447,0.021031,-1340.717285,774.636902,68.614944,-61610.281250,35435.835938,4281.440918,0.591825,-0.783318,-0.190148,0.100000,0.020000,1,0.238546
29.006386,18.325882,-0.540864,-408.083069,-325.461731,-45.119446,-25677.787109,-19904.556641,-2788.087891,0.265550,-0.708876,-0.653435,0.100000,0.020000,1,0.341060
28.862196,18.199602,0.414007,-44.491928,30.577217,24.899590,-929.724609,234.190399,-3583.625732,0.384020,-0.718830,0.579492,0.100000,0.020000,1,0.202049
28.918974,18.011194,1.058121,-45.219559,30.868931,121.914398,-3256.854248,1961.770630,10302.735352,0.458086,-0.727342,0.511008,0.100000,0.020000,1,0.974671
29.186172,17.833435,0.566979,65.989639,-32.047348,43.725830,8165.836914,-4553.769531,7006.851562,0.483247,-0.734691,-0.476131,0.100000,0.020000,1,0.421332
32.083633,16.140614,-1.034994,998.333008,-574.741760,-251.463593,34839.585938,-20695.460938,-7669.659180,0.661500,-0.749806,0.014440,0.100000,0.020000,1,0.485926
29.079102,18.372940,0.202005,-3.788074,97.706573,-39.690445,-86.694580,8029.384277,-3126.277100,0.556297,-0.721290,0.412643,0.100000,0.020000,1,0.221072
29.376492,18.294151,0.290149,80.891342,51.236572,34.698334,6430.906738,5121.011230,2696.591309,0.655867,-0.728211,0.198867,0.100000,0.020000,1,0.648105
29.844275,17.433510,-0.321274,140.379791,-58.845619,22.763704,2033.882324,-5687.688477,-10584.298828,0.678335,-0.730481,-0.079116,0.100000,0.020000,1,0.824485
29.119867,17.890841,0.073758,235.048981,-437.904572,-129.280289,15062.958008,-27370.667969,-8294.222656,0.676081,-0.726227,0.124536,0.100000,0.020000,1,0.274758
31.509045,19.629055,0.390406,722.711487,434.860138,243.774521,30112.880859,19610.964844,13996.438477,0.456155,-0.691932,-0.559600,0.100000,0.020000,1,0.748787
28.437716,18.245586,0.309916,-136.997147,79.574516,46.931770,1363.589844,-921.014160,-1182.145020,0.658112,-0.701672,-0.273029,0.100000,0.020000,1,0.653977
28.993214,17.972036,-0.397325,215.964050,-166.490143,-431.724670,13256.250977,-10342.900391,-27216.548828,0.563035,-0.674687,-0.477272,0.100000,0.020000,1,0.991113
28.944704,18.275692,-1.502895,119.297913,21.936951,-530.167114,-9400.462891,8070.605957,-21634.888672,0.553107,-0.658221,0.510703,0.100000,0.020000,1,0.162278
30.881163,16.834864,2.034896,531.466187,-304.766785,683.165161,11265.562500,-6947.087402,-1445.453125,0.691709,-0.698385,-0.183840,0.100000,0.020000,1,0.032877
27.034012,19.056017,-1.996743,-643.686890,403.848663,-455.259583,-4396.422852,-1071.441895,-2136.999023,0.654758,-0.654213,-0.378547,0.100000,0.020000,1,0.291734
29.300373,17.944403,0.172592,-188.900391,-108.421265,-271.894836,-11287.189453,-6130.183594,-16498.193359,0.759584,-0.650209,0.016121,0.100000,0.020000,1,0.803701
29.167683,18.429401,0.438135,31.171425,-112.040649,49.093079,2519.787354,-5985.950684,2446.660156,0.284149,-0.655897,0.699327,0.100000,0.020000,1,0.670331
31.379688,16.547039,0.413297,734.181274,-418.167542,93.909012,13315.553711,-9082.231445,-1580.886719,0.675386,-0.660426,0.328162,0.100000,0.020000,1,0.184931
29.338638,17.976841,0.329204,35.897072,-30.983765,34.979912,3097.000977,-1448.158325,2192.287842,0.665947,-0.634785,0.391870,0.100000,0.020000,1,0.818612
28.386553,18.275126,1.048326,-158.016296,91.848289,249.219620,-13399.869141,7594.769043,19452.173828,0.753425,-0.628260,0.194011,0.100000,0.020000,1,0.544843
30.110435,18.603300,0.786697,295.676086,204.340485,220.782852,14853.269531,13260.577148,4127.478027,0.770771,-0.632989,-0.072363,0.100000,0.020000,1,0.397042
28.932981,17.959646,-0.001968,29.957209,47.783871,76.423767,-1725.844238,-9027.138672,13776.877930,0.375358,-0.641631,-0.668892,0.100000,0.020000,1,0.938601
28.366087,18.341425,-2.738227,-122.279968,86.519165,-804.983337,-29531.136719,17514.398438,-19407.015625,0.640737,-0.612804,-0.462523,0.100000,0.020000,1,0.779892
28.184931,18.391535,-1.949976,-372.341095,215.572617,-571.032104,-21813.474609,12456.425781,-19143.181641,0.764096,-0.616059,-0.191385,0.100000,0.020000,1,0.223261
29.670856,17.533636,0.659387,117.001595,-66.669868,97.117798,9274.956055,-5587.668457,8509.794922,0.774383,-0.622293,0.114381,0.100000,0.020000,1,0.293335
27.109560,19.012398,-0.123353,-532.531738,360.399902,-38.790657,-27123.619141,4404.918457,-16054.456055,0.351017,-0.636183,0.687065,0.100000,0.020000,1,0.262319
28.733995,18.074530,-0.348732,372.810364,-208.443085,-190.101700,20189.308594,-15081.949219,-12598.636719,0.759515,-0.583583,-0.287348,0.100000,0.020000,1,0.240414
29.138559,17.859240,-0.028249,137.824432,-126.272705,471.680237,8415.671875,-7689.604980,28581.216797,0.756788,-0.579532,0.302350,0.100000,0.020000,1,0.635649
29.076471,17.908648,-0.421040,-93.445496,63.601494,266.902863,-6408.442871,3989.871826,15898.854492,0.569723,-0.598811,-0.562886,0.100000,0.020000,1,0.227264
28.576880,18.670382,0.926407,-180.268158,212.407471,218.220459,-6487.639160,16777.355469,10858.458008,0.830072,-0.549079,0.097437,0.100000,0.020000,1,0.348000
29.742107,17.754356,-0.100009,-1013.934082,-122.383224,203.888672,-61936.039062,-7637.906250,12446.402344,0.834633,-0.550804,0.001485,0.100000,0.020000,1,0.426225
29.112696,18.123960,-0.716242,18.834724,-140.612091,132.084976,1126.708740,-8506.437500,7685.005859,0.461267,-0.593799,-0.659268,0.100000,0.020000,1,0.209185
29.146751,17.934772,0.741355,-46.291161,-114.058716,-452.459534,-2972.672363,-7331.369141,-27602.060547,0.548026,-0.579850,0.602861,0.100000,0.020000,1,0.793184
29.871792,19.141676,1.391728,170.030914,298.098206,223.074097,13524.930664,24084.152344,18086.451172,0.656621,-0.555842,0.509793,0.100000,0.020000,1,0.485605
29.752151,17.486698,1.144744,238.111786,-109.714874,161.504929,5278.147461,-9625.132812,3919.014160,0.747298,-0.533054,0.396736,0.100000,0.020000,1,0.687591
31.597010,16.421568,1.031303,647.092224,-373.285919,273.878387,33638.421875,-19490.093750,14969.306641,0.833256,-0.520505,-0.186438,0.100000,0.020000,1,0.374781
32.418736,15.947145,-1.724504,928.742615,-535.845398,-599.226074,41413.636719,-24027.746094,-36614.156250,0.829215,-0.517379,0.211474,0.100000,0.020000,1,0.990009
35.870560,15.906303,2.225696,1980.127441,-551.691345,742.120361,62270.550781,-18037.228516,13173.536133,0.847555,-0.521950,-0.096013,0.100000,0.020000,1,0.473914
29.909946,17.453449,-0.165742,174.649658,-115.655495,17.092163,17699.550781,-3309.991211,4070.124023,0.662736,-0.672311,-0.329816,0.100000,0.020000,1,0.075868
29.378063,17.702679,-1.814461,17.676376,31.758974,-404.354736,1508.046875,-4423.447266,-17056.675781,0.825721,-0.493305,-0.273560,0.100000,0.020000,1,0.738324
28.892889,18.034039,0.371156,253.675903,-144.043793,438.535156,15049.214844,-9012.814453,26983.156250,0.482937,-0.604758,0.633277,0.100000,0.020000,1,0.068252
29.568560,18.134958,-0.368278,177.307892,-203.197159,-49.559860,12624.009766,-11873.550781,-2646.630615,0.634397,-0.523144,-0.569088,0.100000,0.020000,1,0.220858
29.046782,17.910080,-1.270015,-81.471008,51.927567,-306.089050,8280.973633,-4682.040527,2615.531250,0.722709,-0.505757,-0.471064,0.100000,0.020000,1,0.546463
29.260021,17.772421,-0.074152,157.117172,-90.229507,-26.248688,10038.134766,-5817.768066,-4579.678711,0.822861,-0.480209,0.303808,0.100000,0.020000,1,0.626467
29.264378,18.273533,0.451293,-83.818390,117.833649,-131.631500,-5147.033203,8896.399414,-8543.878906,0.616217,-0.513227,0.597390,0.100000,0.020000,1,0.418484
29.665503,18.235067,1.025330,114.012268,101.595810,116.473312,8830.711914,8041.291016,9872.455078,0.717884,-0.487609,0.496871,0.100000,0.020000,1,0.675989
29.702673,17.531031,-0.077601,518.929504,-316.198975,165.258591,34550.148438,-21085.410156,11520.677734,0.767374,-0.502601,-0.398157,0.100000,0.020000,1,0.016666
29.291058,17.752911,-0.178208,-65.102165,39.749161,-89.218117,-5327.734375,1803.206787,-5118.446289,0.810906,-0.456749,-0.365804,0.100000,0.020000,1,0.603103
28.472282,18.225630,1.305987,-113.073547,125.600471,490.668365,-11379.703125,-5944.484375,11660.624023,0.898184,-0.429778,-0.092494,0.100000,0.020000,1,0.921856
29.443836,17.717546,0.653314,132.436020,-261.491119,-104.033249,8678.403320,-16464.443359,-4186.866699,0.899557,-0.425512,0.098678,0.100000,0.020000,1,0.832030
29.557201,18.099697,0.506193,71.876770,75.407745,72.482330,5320.918457,6416.375977,6610.417969,0.905130,-0.424536,0.022551,0.100000,0.020000,1,0.865839
28.905781,19.162655,1.589589,-268.492493,307.246674,354.501038,-1296.671875,15040.843750,4420.502930,0.800138,-0.435268,0.412700,0.100000,0.020000,1,0.576001
29.351942,17.828104,-0.177190,-8.262861,-207.474457,-207.148193,-693.986023,-12607.186523,-13232.517578,0.903510,-0.395830,-0.164279,0.100000,0.020000,1,0.548509
29.055204,18.096111,0.701854,20.559029,-12.618399,-73.579681,901.584412,-603.998047,-4164.003418,0.451982,-0.564430,0.690747,0.100000,0.020000,1,0.300329
28.926811,17.963209,-0.271603,-258.897675,158.719131,-440.116913,-20105.220703,6071.232910,-26990.951172,0.538605,-0.513783,-0.667782,0.100000,0.020000,1,0.820605
30.234451,17.593239,0.793056,202.795227,-20.221081,169.290771,16296.143555,-1877.536499,12957.599609,0.876020,-0.382646,0.293549,0.100000,0.020000,1,0.830730
29.383146,17.970276,0.349395,-279.856750,-756.642151,246.137573,-17752.615234,-46747.351562,17923.244141,0.888037,-0.378503,-0.261009,0.100000,0.020000,1,0.862084
29.198853,19.528915,-0.692377,-32.602325,507.120239,-105.088440,2247.418945,13196.703125,-3382.363281,0.786654,-0.402559,-0.468105,0.100000,0.020000,1,0.661896
29.224575,17.934277,-0.068211,400.450684,-535.420715,-121.862885,24520.667969,-32885.421875,-8709.876953,0.901441,-0.380546,0.206370,0.100000,0.020000,1,0.044674
29.294550,17.985931,-0.096902,-143.197906,-150.926392,-185.252930,-8680.842773,-9657.970703,-14570.984375,0.506257,-0.508635,0.696415,0.100000,0.020000,1,0.041916
29.459444,17.655691,0.566712,-516.813538,300.007904,-82.550484,-32548.070312,17353.597656,-4915.849121,0.697077,-0.421129,0.580288,0.100000,0.020000,1,0.885858
28.580610,18.211245,-4.578694,-165.759415,110.293930,-1322.996704,-6136.471191,3649.078613,-38358.703125,0.699969,-0.420641,-0.577152,0.100000,0.020000,1,0.253315
28.890602,18.247940,-0.257486,333.548950,-896.037109,-101.389252,19416.402344,-55292.597656,-5153.766113,0.609206,-0.448545,-0.653969,0.100000,0.020000,1,0.905806
30.492832,18.032949,1.396958,250.575623,33.472900,238.695007,20408.517578,2995.373291,19092.833984,0.780402,-0.361469,0.510208,0.100000,0.020000,1,0.694567
31.622860,16.542540,1.604607,639.357056,-401.340820,584.418335,28041.414062,-18052.810547,24161.455078,0.865855,-0.329270,-0.376665,0.100000,0.020000,1,0.239507
29.184639,18.707220,-0.044380,-130.501892,144.247589,-85.324127,-8383.847656,14447.283203,-7538.014160,0.866424,-0.315613,0.386909,0.100000,0.020000,1,0.924312
29.411419,17.756954,0.156064,-69.942139,-100.011749,-400.359619,-4782.058105,-6108.065918,-25332.271484,0.939185,-0.278489,0.200936,0.100000,0.020000,1,0.492616
29.552094,17.602201,-0.244061,-285.912140,167.492920,352.445160,-18517.662109,9151.996094,21947.193359,0.944439,-0.278997,-0.173770,0.100000,0.020000,1,0.722237
29.641441,17.741650,-0.051164,-209.936218,117.091370,-188.984650,-12679.741211,7593.462891,-11848.251953,0.957290,-0.276986,-0.082917,0.100000,0.020000,1,0.087257
30.008413,17.846130,0.489824,122.559753,26.925201,70.007324,9834.859375,2331.957520,6099.392578,0.955945,-0.274803,0.103211,0.100000,0.020000,1,0.977998
28.735462,19.603210,-1.373132,-22.151718,468.821381,-421.723694,335.973145,13577.541992,-37271.089844,0.961418,-0.275088,0.001547,0.100000,0.020000,1,0.203046
29.239853,18.135880,-0.522265,-31.605339,-26.896763,-57.921806,-2641.464355,-494.917084,-3858.213867,0.751266,-0.352872,-0.557747,0.100000,0.020000,1,0.307980
30.038973,17.350431,0.561580,155.919342,-81.132378,43.526825,8174.970703,-4457.011230,10942.188477,0.919148,-0.262498,0.293704,0.100000,0.020000,1,0.586198
28.012651,18.490997,-0.049102,-317.800415,225.141449,135.330795,-19083.589844,12879.208008,369.383789,0.658332,-0.391441,-0.642941,0.100000,0.020000,1,0.774785
29.508116,17.966463,-0.423006,-351.633270,-133.303970,481.742523,-22308.191406,-7397.508301,29610.316406,0.933072,-0.233950,-0.273211,0.100000,0.020000,1,0.207619
30.382980,18.059204,-0.165503,225.551147,56.133827,-144.338470,18043.150391,4580.853516,-11601.681641,0.816185,-0.277571,0.506751,0.100000,0.020000,1,0.555217
29.605474,17.809288,-0.611742,25.963634,16.049919,-25.805046,1923.407593,1253.260376,-2870.461182,0.901809,-0.222753,-0.370299,0.100000,0.020000,1,0.427115
30.715836,16.989975,0.192402,298.437744,-167.342529,-15.776867,23518.625000,-13515.945312,110.946190,0.980971,-0.174429,-0.085269,0.100000,0.020000,1,0.682021
24.917831,20.299038,3.624474,-1162.417236,677.559875,1005.238464,-36633.976562,18091.296875,30461.771484,0.589807,-0.415131,0.692671,0.100000,0.020000,1,0.908119
30.259392,17.658075,-1.050856,201.220428,-105.542511,-344.191589,15620.836914,-7082.865234,-27493.083984,0.901084,-0.194596,0.387531,0.100000,0.020000,1,0.075832
31.450680,17.387264,0.118361,594.087952,-113.613899,108.705750,26172.250000,-3564.637207,10162.486328,0.968940,-0.152143,0.194957,0.100000,0.020000,1,0.696880
29.561966,18.624601,-0.173051,-9.523684,187.146057,-72.284256,-816.318359,15675.240234,-5668.884277,0.982240,-0.153507,0.107889,0.100000,0.020000,1,0.858081
29.696035,17.675358,-0.041756,-95.390518,43.963120,-33.751163,-5703.307129,2631.964355,-1680.430298,0.973908,-0.143428,-0.175873,0.100000,0.020000,1,0.884861
28.545124,18.216335,-1.760988,-221.534195,-139.843658,-678.521057,-3934.078125,-10056.327148,-23201.166016,0.990204,-0.139581,0.003545,0.100000,0.020000,1,0.786707
28.707584,18.089779,0.291939,-122.509735,110.264053,-109.072586,-11532.803711,-2458.183105,-12187.166992,0.646033,-0.357714,0.674302,0.100000,0.020000,1,0.962784
28.098822,18.441248,-0.951546,-397.825500,310.756805,-136.170380,-25097.648438,-2445.096680,-5300.565918,0.950417,-0.128826,-0.283038,0.100000,0.020000,1,0.960310
29.213888,17.797464,1.191292,-70.022652,60.213326,190.061722,-14415.425781,4061.051270,17434.875000,0.779724,-0.237379,0.579381,0.100000,0.020000,1,0.687662
29.158503,18.033104,-0.649383,-70.522278,4.130157,-21.049835,-5909.037109,1076.754639,-2058.802246,0.796795,-0.230252,-0.558661,0.100000,0.020000,1,0.490036
29.593750,17.675825,-0.578411,-30.020741,17.945810,129.616226,-1549.047607,617.841370,7488.732910,0.841157,-0.237891,-0.485657,0.100000,0.020000,1,0.010206
30.229389,18.831802,0.906144,205.801865,106.441704,-221.946564,9441.568359,-1480.141113,-21368.085938,0.865349,-0.174339,-0.469869,0.100000,0.020000,1,0.881961
30.024382,18.682413,0.242294,-56.721497,-198.131104,268.653137,-6948.323242,-19244.869141,17599.365234,0.850432,-0.151672,0.503747,0.100000,0.020000,1,0.468611
29.584574,18.069931,-0.405746,-16.343136,27.256752,-7.961681,-1361.080444,2980.737793,-846.830017,0.921520,-0.077203,-0.380579,0.100000,0.020000,1,0.434588
28.451340,18.573572,0.524967,-312.411743,161.891602,69.280670,-24809.083984,13560.310547,5172.261719,0.917041,-0.069051,0.392770,0.100000,0.020000,1,0.814644
29.651979,17.795748,0.210027,141.795898,-500.180237,-303.064819,8617.662109,-31241.005859,-18254.742188,0.999857,-0.016877,0.000776,0.100000,0.020000,1,0.381472
31.232914,17.618172,-0.593876,410.768921,-70.244873,-151.301895,32174.642578,-4866.421387,-11723.935547,0.996195,-0.008026,-0.086780,0.100000,0.020000,1,0.307322
28.640301,18.390081,-0.354422,-293.822021,176.665131,74.479935,-9315.812500,4380.173828,659.369141,0.819209,-0.138680,-0.556475,0.100000,0.020000,1,0.949082
29.560867,17.856230,-0.588207,1.635422,1.146528,-23.981529,-306.918396,320.898834,-2363.654053,0.888516,-0.073517,-0.452918,0.100000,0.020000,1,0.800907
29.503027,18.314184,0.225163,13.028103,112.242950,31.625549,-174.928848,9548.236328,2544.974609,0.993876,-0.003161,0.110457,0.100000,0.020000,1,0.311574
29.976717,18.037819,0.340601,-272.711151,214.391571,328.564026,-16231.145508,14775.102539,21393.521484,0.976262,0.001524,0.216590,0.100000,0.020000,1,0.272213
30.550224,17.148640,-0.180038,206.193970,-107.164337,-12.181942,16376.948242,-9214.036133,-885.051086,0.983804,0.004464,-0.179192,0.100000,0.020000,1,0.640329
29.253527,17.774580,-0.315175,252.982208,-139.782837,164.496552,13847.297852,-12302.123047,11643.483398,0.688595,-0.266003,-0.674596,0.100000,0.020000,1,0.488612
29.222116,18.158731,0.123966,11.342887,47.859734,-39.778870,-452.206818,3564.766113,-5088.876953,0.685205,-0.257948,0.681144,0.100000,0.020000,1,0.169823
29.573023,17.702019,0.040983,52.520935,-23.927883,284.257385,2573.552979,-1764.848145,17050.564453,0.953938,0.018237,0.299448,0.100000,0.020000,1,0.919774
28.442568,18.915751,-0.050764,-135.248016,216.484619,-87.297089,-12747.553711,17951.150391,-7974.597168,0.721296,-0.278190,0.634305,0.100000,0.020000,1,0.070690
29.441286,18.521360,0.654406,-54.526794,119.831421,46.374611,-4149.017090,10331.694336,3588.155029,0.804402,-0.108730,0.584051,0.100000,0.020000,1,0.265771
29.747423,17.489429,0.156589,-312.039948,182.414597,249.716400,-20064.611328,9205.283203,14727.623047,0.866658,-0.044560,0.496908,0.100000,0.020000,1,0.390333
29.806700,17.996073,-0.337572,-111.090515,155.979462,75.806274,-6826.678223,10729.025391,4642.299316,0.933281,0.038018,-0.357130,0.100000,0.020000,1,0.311895
29.937490,17.766722,-0.023715,41.480835,-44.892311,35.661736,3315.573242,-2817.147705,3133.084229,0.960199,0.040662,-0.276341,0.100000,0.020000,1,0.582835
29.907494,17.681608,-0.310115,9.590849,-9.337547,-96.081772,945.638855,-873.755554,-7063.579102,0.991612,0.098504,-0.083682,0.100000,0.020000,1,0.223492
29.986561,17.816355,0.008637,-601.256470,477.709656,231.150360,-37290.312500,30441.484375,14559.165039,0.994777,0.100291,0.018958,0.100000,0.020000,1,0.394497
28.672541,20.924965,-1.211535,-368.116882,852.730957,-396.591217,-6461.390625,52403.222656,-18227.191406,0.988437,0.101696,0.112470,0.100000,0.020000,1,0.252728
29.666716,18.476732,0.302741,-21.633881,129.395386,39.835400,996.600952,8220.488281,1820.271606,0.940704,-0.026861,0.338165,0.100000,0.020000,1,0.073003
27.728628,18.654980,0.257527,-647.010620,388.644928,165.222336,-39353.406250,18731.421875,10646.873047,0.918133,0.051867,0.392864,0.100000,0.020000,1,0.872085
28.941154,17.954927,-0.877764,604.849365,-349.011993,271.273621,35590.066406,-21929.353516,15816.286133,0.730534,-0.159950,-0.663880,0.100000,0.020000,1,0.534949
31.200371,18.481148,1.487241,400.462006,220.825134,486.078552,13660.464844,5901.799805,15165.110352,0.976345,0.134671,-0.169159,0.100000,0.020000,1,0.138238
29.810776,17.982693,0.160498,146.442017,-21.365908,-45.238312,9043.067383,-506.417877,-2939.981689,0.966378,0.144474,0.212697,0.100000,0.020000,1,0.997145
29.751219,17.970655,-0.484169,-53.378387,4.014048,-11.173655,-3138.495361,696.306335,-717.221375,0.823991,-0.011725,-0.566482,0.100000,0.020000,1,0.258529
29.895987,18.028954,-0.481843,32.286819,12.217842,-20.551395,2565.547607,1586.420654,-1642.699463,0.880648,0.061186,-0.469803,0.100000,0.020000,1,0.090922
29.172461,17.860218,-0.358306,209.965012,-109.454842,-361.752563,6819.728027,-6391.916504,-16885.296875,0.876277,0.068931,0.476851,0.100000,0.020000,1,0.846603
27.769815,19.497244,-0.075353,-612.238525,472.940155,-73.862892,-18091.169922,14208.226562,-2100.816406,0.939929,0.143597,0.309699,0.100000,0.020000,1,0.417684
29.043419,18.002831,-1.815398,-240.788300,171.426483,-471.349243,6815.375000,-2988.006836,-18606.664062,0.948661,0.155253,-0.275570,0.100000,0.020000,1,0.147064
29.507511,17.928883,0.775211,7.663408,-0.722384,26.756355,290.968628,-32.034248,2497.701660,0.712904,-0.152005,0.684589,0.100000,0.020000,1,0.919739
29.395510,17.692606,0.758267,-15.008592,9.603536,166.282639,-1166.545410,-1321.156982,6878.282227,0.804901,-0.011185,0.593304,0.100000,0.020000,1,0.733145
30.436069,17.209911,-0.749570,199.998230,-88.459076,-95.524338,15050.786133,-8136.870605,-7889.852539,0.921037,0.152732,-0.358278,0.100000,0.020000,1,0.962179
29.870905,17.652836,0.067417,34.280766,-21.118744,-63.549438,1905.608643,-1957.955078,-4151.612305,0.965098,0.233357,0.118867,0.100000,0.020000,1,0.559399
29.685307,18.031235,0.610661,-185.475922,-173.844803,-71.070213,-11412.417969,-10500.638672,-4303.609863,0.739747,-0.086155,0.667347,0.100000,0.020000,1,0.907781
29.826475,18.062880,0.338165,44.827431,-187.505280,52.367798,2650.955566,-10924.357422,3290.022217,0.898516,0.175428,0.402360,0.100000,0.020000,1,0.500161
28.453218,18.372215,0.492033,-335.008240,212.484406,-27.453655,-27366.296875,15710.553711,-416.787506,0.945698,0.249422,0.208431,0.100000,0.020000,1,0.492278
29.922611,18.223763,0.006924,81.334473,123.477539,84.852371,5035.370117,9476.139648,6062.494629,0.948160,0.254110,-0.190842,0.100000,0.020000,1,0.888154
29.458017,18.280996,1.520898,-104.513763,76.107468,532.372070,-7967.772461,6462.093750,41914.136719,0.829451,0.094603,-0.550510,0.100000,0.020000,1,0.584632
30.792723,17.849827,-0.298592,241.781799,44.199242,-89.480759,18727.845703,2943.001953,-6992.112793,0.962288,0.270679,0.027099,0.100000,0.020000,1,0.299563
29.935749,17.667387,-0.290062,-127.170837,78.942276,123.705002,-8087.889648,4253.972656,7545.665039,0.926452,0.264918,-0.267405,0.100000,0.020000,1,0.791796
29.928961,18.049395,0.480018,10.049656,-5.952670,12.436859,913.500122,322.149200,1059.611450,0.854523,0.178929,0.487622,0.100000,0.020000,1,0.408056
29.906027,18.296509,0.335732,-25.929077,76.947067,-51.981064,-1873.375000,6685.026367,-2940.395020,0.910968,0.283942,0.299189,0.100000,0.020000,1,0.455693
29.706743,18.360746,-0.659236,10.052902,85.452408,-18.345093,-3189.609619,7435.134277,-967.808105,0.762575,0.023551,-0.646471,0.100000,0.020000,1,0.475249
28.999313,18.026518,-1.097768,-233.703979,32.957352,-176.844193,-3054.291992,4466.565430,-4769.109863,0.862151,0.207135,-0.462375,0.100000,0.020000,1,0.422577
30.494579,18.022314,0.132156,127.312531,-12.795497,-38.016937,10337.891602,-225.916611,-3247.007324,0.878432,0.270136,0.394187,0.100000,0.020000,1,0.507635
29.651260,18.093723,-0.104578,110.542328,-226.016876,-8.122379,5349.158203,-13312.494141,-1028.738892,0.927511,0.373133,0.022255,0.100000,0.020000,1,0.930416
30.078886,17.474651,-0.650538,41.264397,-120.889771,-242.625763,2836.824951,-4011.554688,-6942.704102,0.948650,0.305025,-0.083801,0.100000,0.020000,1,0.061935
30.996403,18.445137,0.274909,260.068481,98.010620,39.216797,20442.359375,8529.792969,2862.173584,0.903957,0.369863,0.214622,0.100000,0.020000,1,0.934668
30.265625,17.945761,0.177152,-68.778885,-189.202988,-167.677063,-3432.703125,-11657.717773,-10239.347656,0.916202,0.384903,0.111460,0.100000,0.020000,1,0.300987
29.999615,18.052208,0.341234,-80.119614,-276.711945,-551.009521,-5271.930176,-16727.671875,-33113.273438,0.919413,0.387398,-0.067836,0.100000,0.020000,1,0.429677
29.722876,18.098814,0.518362,93.279724,-152.110962,-157.101837,5532.758789,-8865.534180,-9862.565430,0.793100,0.130589,0.594927,0.100000,0.020000,1,0.203295
30.498829,18.333885,1.652612,133.866119,42.064026,553.270020,10624.004883,4468.770508,43176.730469,0.870247,0.313990,-0.379579,0.100000,0.020000,1,0.257746
31.541330,17.619644,-0.543180,450.178650,-145.673843,-11.542019,35371.011719,-10511.202148,-1008.405029,0.800787,0.211208,-0.560474,0.100000,0.020000,1,0.450835
30.129847,17.854948,-0.317340,71.389923,-58.535263,31.742012,5182.388184,-4024.835449,2323.283691,0.829112,0.312587,-0.463533,0.100000,0.020000,1,0.601857
30.149067,18.193388,-0.241764,-13.476786,73.533325,-126.544830,-432.655609,5810.553711,-8027.219727,0.876261,0.396770,-0.273386,0.100000,0.020000,1,0.381009
29.507074,18.153296,-0.609060,100.769501,-600.024658,-127.465454,6179.644531,-37096.679688,-7989.788574,0.665483,-0.143019,-0.732583,0.100000,0.020000,1,0.995348
29.308420,17.890585,-0.844084,-14.651299,44.541306,-53.341087,-2963.240967,2541.353516,-4603.569336,0.753346,0.127438,-0.645159,0.100000,0.020000,1,0.626769
29.802011,17.484898,0.541336,-392.364075,234.709381,-14.527083,-25095.232422,12868.178711,-715.843262,0.783899,0.220326,0.580482,0.100000,0.020000,1,0.939331
29.835951,17.884157,0.454083,-22.490551,-36.874611,-137.601746,-1938.509766,-2594.217285,-8553.709961,0.811057,0.308012,0.497309,0.100000,0.020000,1,0.745263
30.090317,18.132288,-0.726126,44.156952,-35.977448,-74.108612,4443.514648,9298.173828,-5025.852539,0.842892,0.395304,-0.365058,0.100000,0.020000,1,0.292979
30.033094,18.147612,0.408745,-12.424110,-16.679100,-45.857788,-798.461243,-213.069168,-2549.817627,0.835630,0.392792,0.383974,0.100000,0.020000,1,0.853169
29.786308,17.982561,0.676783,491.731293,-191.244110,-812.428894,29908.843750,-11864.316406,-49556.523438,0.856971,0.411079,0.310828,0.100000,0.020000,1,0.163969
30.193907,17.965494,-0.187442,649.912964,-212.946930,-38.666939,41515.992188,-13217.047852,-2583.040283,0.886431,0.426207,-0.180518,0.100000,0.020000,1,0.297232
30.113541,18.228176,0.014066,-15.617088,-90.086990,-233.851929,-978.552368,-4496.379883,-14082.074219,0.862051,0.475786,-0.174630,0.100000,0.020000,1,0.928084
29.431440,17.870632,1.013289,17.137867,45.882027,343.046875,-1804.689087,2597.082031,25499.345703,0.866555,0.486940,0.109417,0.100000,0.020000,1,0.624314
29.365412,17.914072,0.211867,398.027039,-195.789032,-51.731346,21932.318359,-12475.385742,-2461.418213,0.868783,0.494662,0.022946,0.100000,0.020000,1,0.383909
29.366796,18.236368,-0.523920,229.310211,-100.086090,52.606346,13402.350586,-5064.052246,3574.928223,0.721967,-0.071066,-0.688269,0.100000,0.020000,1,0.007875
29.828993,18.080519,-0.219656,-138.593414,-44.869179,14.406658,-10049.802734,-2318.077148,283.541718,0.855032,0.512008,-0.082270,0.100000,0.020000,1,0.885947
29.697208,18.029537,0.799332,-1.519554,-23.334663,35.697777,-169.298019,-1195.614258,3132.801758,0.719819,0.039036,0.693063,0.100000,0.020000,1,0.228332
30.895561,16.875942,0.661879,224.985382,-357.195862,69.847748,7741.472168,-14119.402344,11108.654297,0.840367,0.501238,0.206261,0.100000,0.020000,1,0.019869
30.356644,18.193798,0.027448,-287.774353,2.443989,265.001282,-17170.609375,1035.077759,15825.012695,0.820006,0.495568,0.286361,0.100000,0.020000,1,0.761509
29.793858,17.462620,-0.423636,31.403717,54.392834,0.000000,-5991.846680,-11664.464844,-764.594727,0.760701,0.306934,-0.571949,0.100000,0.020000,1,0.671754
29.634302,18.215994,-0.354111,-135.796219,247.689636,-32.506779,-4868.339355,14678.963867,1257.147949,0.784700,0.409154,-0.465660,0.100000,0.020000,1,0.783913
30.140785,18.035845,-0.174925,7.815960,-62.488777,13.543091,527.973022,-3760.602783,1084.798218,0.814280,0.513520,-0.270640,0.100000,0.020000,1,0.230556
31.509518,18.964676,0.234190,485.319641,220.027176,42.639404,17588.027344,11365.859375,9946.878906,0.759959,0.413190,0.501732,0.100000,0.020000,1,0.786048
30.360712,18.159370,1.066206,158.317108,-14.744629,190.815399,8753.436523,7050.501465,-1775.089844,0.791156,0.599365,0.121792,0.100000,0.020000,1,0.216303
29.908813,18.162739,-0.398858,-475.201691,-214.784973,-206.478912,-29829.283203,-12872.210938,-12392.199219,0.726858,0.221942,-0.649938,0.100000,0.020000,1,0.407220
30.091192,18.131142,0.598992,-190.755341,21.540974,-99.105255,-11465.351562,1844.179443,-5877.078125,0.734092,0.321022,0.598377,0.100000,0.020000,1,0.556303
29.924862,18.534845,0.150242,82.660049,76.445541,85.797287,4070.930664,6871.595703,6701.787109,0.775053,0.604082,-0.185415,0.100000,0.020000,1,0.237531
30.052538,18.224237,0.120148,44.993240,13.684135,-44.480255,2231.191406,1601.511963,-3012.577148,0.771937,0.603706,0.199130,0.100000,0.020000,1,0.880520
30.041937,18.454411,-0.097922,41.412422,-32.738636,-17.607754,3735.363281,-1736.998047,-886.539734,0.778004,0.623765,-0.075009,0.100000,0.020000,1,0.890645
29.963322,18.001865,0.880564,36.883629,-32.160545,49.160736,3047.033691,-2007.987915,4313.013672,0.705722,0.134477,0.695609,0.100000,0.020000,1,0.305204
29.920887,18.156820,-0.433147,-98.103882,5.283781,-166.967255,-6645.662109,818.682434,-10409.780273,0.728590,0.413290,-0.546212,0.100000,0.020000,1,0.834378
29.849649,18.059645,0.126041,288.988098,-316.759399,-35.350754,18339.531250,-16302.025391,669.007812,0.750840,0.525799,0.399717,0.100000,0.020000,1,0.190376
30.213896,18.244713,0.235870,-159.571198,66.788940,96.010513,-9947.519531,4955.901855,5971.542480,0.745448,0.593924,0.302592,0.100000,0.020000,1,0.946341
30.194756,18.252270,-0.000859,203.296967,71.147720,-72.140182,12728.006836,5345.742188,-4593.237793,0.778422,0.627659,0.010169,0.100000,0.020000,1,0.136601
30.034809,18.579645,0.209076,-412.344513,564.455688,336.326721,-25331.814453,37938.128906,19683.947266,0.695090,0.229608,0.681271,0.100000,0.020000,1,0.301574
30.064043,17.886866,-0.078632,-15.593124,47.404804,-268.172607,-1562.959595,2179.557861,-16277.416016,0.735728,0.618683,-0.275566,0.100000,0.020000,1,0.299101
29.467609,18.479435,0.144358,-140.292587,-224.753601,34.605774,-4167.972656,-13273.165039,4508.983398,0.696156,0.427610,0.576642,0.100000,0.020000,1,0.555449
29.929968,18.314892,0.414079,241.256439,-198.405090,45.244804,14501.190430,-11579.288086,2802.342041,0.697395,0.511082,0.502429,0.100000,0.020000,1,0.239542
29.950121,18.232893,-0.290961,286.122986,-40.473804,-28.082718,17250.537109,-1841.912109,-1596.037476,0.739183,0.547547,-0.392173,0.100000,0.020000,1,0.034567
31.200218,19.106688,1.515870,248.000061,173.043213,395.461914,19596.150391,15017.292969,31887.232422,0.701425,0.693059,-0.166350,0.100000,0.020000,1,0.020759
30.434439,17.376133,0.055161,105.752075,-0.753937,-0.030887,7361.737793,-3197.600830,474.006897,0.702027,0.708787,-0.069125,0.100000,0.020000,1,0.801263
30.281067,18.386299,-0.105267,-331.120728,-328.249756,172.100006,-20865.007812,-19648.445312,10394.650391,0.702628,0.711512,0.008034,0.100000,0.020000,1,0.595647
29.777519,18.223907,0.503776,-0.771027,-102.487076,-59.347244,-1774.681763,-6073.526367,-3039.686279,0.678663,0.619835,0.393982,0.100000,0.020000,1,0.638318
30.336279,18.309929,0.076077,52.144089,-34.635750,-20.458359,3572.633545,-1449.716675,-1352.251099,0.697470,0.708627,0.106692,0.100000,0.020000,1,0.079729
31.153883,17.783772,0.300067,235.215088,-217.731140,71.345123,18640.816406,-15328.230469,4700.865234,0.657807,0.691926,0.297538,0.100000,0.020000,1,0.712913
29.957912,18.742670,-0.090274,-20.243675,89.609558,7.916157,-2515.401855,8083.588867,1072.316650,0.661592,0.700519,-0.267526,0.100000,0.020000,1,0.475605
29.988840,18.220390,0.222892,32.991745,-16.071629,-59.007050,900.259216,-781.986877,-3499.327148,0.663652,0.721114,0.198896,0.100000,0.020000,1,0.605451
31.303528,18.981590,-0.242255,406.713379,248.680115,106.577362,12270.975586,3100.790039,475.910645,0.673973,0.328333,-0.661785,0.100000,0.020000,1,0.148808
29.563364,18.644972,-1.341363,-83.307434,241.796677,-189.427826,-4814.141602,12189.161133,-18957.089844,0.651183,0.515963,-0.556545,0.100000,0.020000,1,0.877939
31.539171,16.699020,1.089983,517.548340,-224.850098,410.631256,12814.693359,-5525.883301,14049.955078,0.676951,0.633772,-0.374260,0.100000,0.020000,1,0.219399
31.464127,17.752756,-0.392806,406.348267,-163.664795,48.676041,31037.128906,-12016.099609,3068.652100,0.643983,0.610366,-0.461238,0.100000,0.020000,1,0.721436
29.861561,18.106457,1.728662,-43.260559,-52.110142,378.826508,5000.170898,-422.986938,7974.596191,0.648516,0.325654,0.688023,0.100000,0.020000,1,0.206640
30.224379,17.979240,-0.631288,154.133453,-175.410309,-97.674820,10594.445312,-11642.861328,-6529.002441,0.641178,0.422575,-0.640563,0.100000,0.020000,1,0.751901
29.945629,18.334925,0.364437,208.002625,-61.728157,297.611145,12840.480469,-2349.138428,17142.261719,0.634835,0.513118,0.577663,0.100000,0.020000,1,0.878776
29.297178,19.618746,-0.783994,-238.842560,133.846558,-359.860718,-6738.353027,-368.086426,-15604.874023,0.607065,0.787602,0.105620,0.100000,0.020000,1,0.699478
30.278955,18.315884,-0.184348,-82.352066,42.835617,42.480026,-5361.932129,3065.829102,2165.203857,0.605788,0.792398,-0.071596,0.100000,0.020000,1,0.994423
30.054754,18.334927,-0.731176,-10.504494,-117.457321,-203.291443,-1774.361328,-6973.775391,-15893.233398,0.606189,0.795319,0.001628,0.100000,0.020000,1,0.165428
30.767176,17.541824,1.199869,237.233582,-343.694458,502.084229,7188.953125,-12423.944336,22973.125000,0.630184,0.397040,0.667253,0.100000,0.020000,1,0.809733
30.083687,18.440798,0.398008,142.529327,-31.907314,-39.134163,8346.803711,-1105.227051,-2227.774658,0.588487,0.702532,0.400165,0.100000,0.020000,1,0.210875
30.382418,18.621378,0.090984,-116.474213,63.303375,-290.951355,-7040.548828,5544.794434,-18737.464844,0.578773,0.787459,0.211965,0.100000,0.020000,1,0.358143
29.728132,18.442884,-2.255563,63.005707,71.959564,-504.892456,-10157.488281,8937.323242,-24753.048828,0.568656,0.689139,-0.449130,0.100000,0.020000,1,0.726134
29.688480,18.553988,0.150330,-328.267639,-523.804749,-247.616943,-21678.656250,-32493.744141,-13223.040039,0.553662,0.788360,-0.268229,0.100000,0.020000,1,0.538598
29.848959,19.540512,-0.038858,-81.354126,322.371399,104.452240,-6356.329102,25906.238281,8452.324219,0.573095,0.589398,-0.569361,0.100000,0.020000,1,0.871533
29.667582,18.998775,-0.453925,-310.820404,-143.439041,-238.013062,-22061.021484,-5898.737305,-15531.661133,0.569579,0.722900,-0.391147,0.100000,0.020000,1,0.229648
30.315220,18.008869,0.113581,93.866974,66.887817,-28.438906,5893.236816,3114.200928,-690.828064,0.557347,0.811123,-0.177322,0.100000,0.020000,1,0.449269
29.697731,18.739122,0.122127,235.859589,-102.254791,21.896379,12478.076172,-4612.019043,518.031067,0.515589,0.764411,0.387096,0.100000,0.020000,1,0.667145
30.294544,19.216667,-1.142769,57.897980,188.051941,-206.972992,3706.922607,15680.119141,-16517.134766,0.510478,0.775006,-0.372528,0.100000,0.020000,1,0.974012
29.476353,18.780361,0.494183,-232.847565,26.854935,155.819794,-6377.980957,3568.082275,7144.926758,0.498252,0.862308,-0.090387,0.100000,0.020000,1,0.591963
30.784716,18.000977,1.120626,189.844543,-227.623352,263.423340,7992.652344,-9475.630859,20981.273438,0.486524,0.866986,0.107837,0.100000,0.020000,1,0.313674
30.171400,17.993069,-0.050501,-183.255157,59.432983,-89.109619,-12348.772461,2280.540527,-5845.962402,0.488861,0.872357,0.002889,0.100000,0.020000,1,0.951431
30.193018,18.299879,-0.591213,-257.932068,-37.837891,89.196381,-15739.660156,-1949.759888,5489.082031,0.566984,0.498059,-0.656099,0.100000,0.020000,1,0.947836
29.947994,18.401014,0.506505,-2.071075,-4.495215,1.089307,-955.501099,407.749268,116.800034,0.546469,0.601622,0.582600,0.100000,0.020000,1,0.362805
30.540186,18.745455,0.419234,77.066635,21.661179,64.911316,5705.306152,3007.480225,5075.855469,0.474156,0.853076,0.217804,0.100000,0.020000,1,0.670366
30.259195,18.197187,0.274450,7.881269,120.834045,323.366821,117.358871,6945.230957,22138.771484,0.469282,0.867771,-0.163549,0.100000,0.020000,1,0.620221
30.857557,16.848492,0.616957,365.773163,-130.853622,70.613510,8989.611328,-18787.376953,11421.503906,0.573991,0.631884,0.520823,0.100000,0.020000,1,0.144608
29.413477,18.034929,-0.189825,410.199219,-374.043854,-440.081635,22659.031250,-24637.009766,-26616.779297,0.508756,0.661873,-0.550538,0.100000,0.020000,1,0.909542
30.010056,17.994621,-1.431025,-20.582275,-155.950897,-248.626617,-2318.657715,-11253.453125,-20039.197266,0.471852,0.751967,-0.460327,0.100000,0.020000,1,0.608992
30.414164,18.605812,-0.410578,-340.301758,-77.681122,233.071289,-21128.347656,-3957.686523,14003.009766,0.441802,0.851088,-0.283653,0.100000,0.020000,1,0.964332
29.915178,18.540392,-0.723834,-37.353462,-247.663422,104.720276,-3226.853027,-13971.975586,5482.026367,0.642949,0.548832,-0.534229,0.100000,0.020000,1,0.107240
30.821884,18.073153,-0.208027,201.772491,-119.605194,-181.855652,15270.050781,-8458.729492,-14153.817383,0.506188,0.696541,0.508531,0.100000,0.020000,1,0.149306
29.388884,17.874111,0.666861,84.243851,5.203911,-52.672634,1383.715576,-1867.295532,-1596.140381,0.419558,0.857411,0.298022,0.100000,0.020000,1,0.921874
30.777912,19.456854,0.328830,315.932220,429.112213,-131.446823,9250.757812,12717.009766,395.547852,0.549328,0.481758,0.682750,0.100000,0.020000,1,0.146940
30.024113,18.423065,-0.735833,-114.600555,48.193123,190.940643,-7584.980469,3730.104492,11274.559570,0.509724,0.567085,-0.646990,0.100000,0.020000,1,0.545377
30.166052,18.584002,0.497702,-220.927612,-35.859489,144.369110,-13962.888672,-1097.285156,9092.757812,0.476642,0.650446,0.591382,0.100000,0.020000,1,0.782987
28.441824,19.193138,-0.573109,-516.363464,141.132355,-98.451202,-17815.667969,6574.917969,-9072.876953,0.371358,0.924949,-0.081013,0.100000,0.020000,1,0.893082
30.340429,18.729797,0.099642,-352.255737,-234.174194,-226.288940,-22375.109375,-13655.071289,-14251.675781,0.365068,0.924660,0.108302,0.100000,0.020000,1,0.501282
30.343063,18.548012,-0.478616,31.440559,-25.600758,-25.066116,2110.512939,-1073.642822,-2286.311768,0.393471,0.843775,-0.364999,0.100000,0.020000,1,0.325098
30.274527,18.788818,0.281610,-289.034546,-388.521729,73.977692,-18350.615234,-23024.416016,4406.329102,0.376426,0.832958,0.405568,0.100000,0.020000,1,0.871409
29.589642,18.390324,-0.202737,187.253082,-231.879547,-172.183044,8655.675781,-14960.243164,-10743.859375,0.348434,0.896494,-0.273665,0.100000,0.020000,1,0.431705
28.902786,18.339825,-1.176156,-386.829315,-88.601883,-259.712219,-13333.313477,-1453.295654,-21035.460938,0.343819,0.921794,-0.179120,0.100000,0.020000,1,0.414552
29.141209,19.188404,1.292671,-62.827324,324.612152,220.081390,327.972656,11971.950195,17605.138672,0.415953,0.752186,0.511077,0.100000,0.020000,1,0.079356
29.839211,18.794380,0.521585,117.531967,-21.146126,162.710602,5228.246094,-73.039146,11716.213867,0.325992,0.922502,0.206686,0.100000,0.020000,1,0.553224
29.535559,19.665911,0.389219,-181.869873,263.319916,40.153843,-10246.355469,8633.162109,704.508118,0.300375,0.903992,0.304258,0.100000,0.020000,1,0.228545
30.358372,17.775288,-0.553550,164.211517,-121.613525,-11.035847,11256.236328,-10047.405273,-719.728149,0.426945,0.633810,-0.644983,0.100000,0.020000,1,0.129038
28.394920,19.455162,1.158301,-505.149506,100.001686,133.184967,-13927.332031,67.115723,-4460.635742,0.295693,0.879493,-0.372905,0.100000,0.020000,1,0.041702
30.489906,18.686630,-0.025381,57.639893,-8.776840,-1.253282,3941.870850,121.984879,-169.971985,0.304968,0.952356,0.003575,0.100000,0.020000,1,0.139039
30.055895,19.016764,-0.297106,-143.652191,-101.226776,105.719666,-10438.833008,-4549.256348,5376.242188,0.238652,0.970980,0.015568,0.100000,0.020000,1,0.298887
30.263128,18.827478,-0.150749,-72.179840,-322.685425,703.742981,-5044.552734,-19318.589844,43443.835938,0.237513,0.966456,0.097721,0.100000,0.020000,1,0.248422
30.387583,18.951836,-0.153478,31.481247,15.463013,-13.492584,2011.063843,2541.927490,-1234.543945,0.237173,0.968736,-0.072802,0.100000,0.020000,1,0.230289
30.080015,18.681087,0.439314,29.156715,74.696457,-102.585472,1054.020752,5576.252930,-6385.679688,0.316678,0.811068,0.491817,0.100000,0.020000,1,0.233652
30.857769,20.015125,0.907915,194.322205,367.750793,179.096146,6641.819824,12077.874023,5347.983887,0.269147,0.879357,0.392799,0.100000,0.020000,1,0.468949
30.811722,19.273193,0.132222,143.482330,77.286743,-1.621705,10929.309570,7735.175781,-310.878845,0.217768,0.952173,0.214344,0.100000,0.020000,1,0.317020
29.913385,18.858023,-0.193622,54.260433,181.453461,-153.628235,1530.944336,12286.464844,-11159.575195,0.408930,0.621142,0.668550,0.100000,0.020000,1,0.175766
29.942707,18.550461,-0.359120,342.892151,-101.562988,-460.830994,20516.296875,-5841.177246,-28545.359375,0.367606,0.730529,-0.575494,0.100000,0.020000,1,0.249525
30.207979,18.913975,0.161251,173.870178,-421.340546,143.849487,10397.581055,-25260.287109,8721.329102,0.206972,0.934139,0.290768,0.100000,0.020000,1,0.950701
31.464943,18.052980,1.341731,632.514893,-59.825481,290.643188,25747.746094,1647.412598,8230.629883,0.245083,0.840637,0.482974,0.100000,0.020000,1,0.964136
30.735176,19.182758,-0.014542,131.026031,75.844009,60.796730,9891.298828,7142.866699,4771.660645,0.179928,0.942928,-0.280201,0.100000,0.020000,1,0.322892
29.808302,19.512175,0.491647,-37.701050,104.736694,110.590149,-4737.716309,10135.095703,8678.719727,0.132036,0.986150,0.100369,0.100000,0.020000,1,0.862618
30.498989,18.977102,0.115831,-520.873535,-340.148010,299.641357,-32365.964844,-20194.626953,19346.087891,0.129961,0.991412,0.014519,0.100000,0.020000,1,0.455959
30.695238,17.250351,0.145973,261.500610,-111.271729,-62.130524,19039.798828,-11415.843750,-5771.732422,0.455950,0.558650,0.692835,0.100000,0.020000,1,0.304012
28.890463,17.984196,1.689130,-82.488533,118.857361,284.630646,-10214.826172,-7713.395996,1659.965820,0.279038,0.762950,0.583133,0.100000,0.020000,1,0.446297
29.243397,19.327135,-0.799793,-748.541199,197.351044,-124.568390,-51574.406250,15697.701172,-9503.691406,0.234329,0.845852,-0.479192,0.100000,0.020000,1,0.266750
31.274136,18.327713,0.100727,317.748627,-131.816177,130.284286,9882.850586,-979.545898,3894.229248,0.163780,0.915759,-0.366827,0.100000,0.020000,1,0.390013
29.976023,18.412277,-0.645622,34.277267,-46.935669,-73.047867,1991.946533,-2247.263428,-4707.680176,0.501448,0.460287,-0.732588,0.100000,0.020000,1,0.696328
30.122662,18.636654,-0.733524,17.945187,-9.744001,-34.326195,933.861267,200.760117,-2941.108398,0.324418,0.691701,-0.645215,0.100000,0.020000,1,0.275007
30.266848,18.612221,0.129911,-57.172508,-1.091223,42.073593,-3819.422607,745.835632,1950.059082,0.395876,0.848311,0.351639,0.100000,0.020000,1,0.027912
30.641615,19.605198,0.589810,97.555435,126.922852,141.253235,7303.903809,11763.201172,11703.579102,0.087492,0.992008,-0.090910,0.100000,0.020000,1,0.124251
29.612597,19.628059,0.006267,-182.304077,218.746490,95.616714,-3150.012695,4220.581055,-3343.993652,0.083940,0.978700,-0.187350,0.100000,0.020000,1,0.277124
30.443821,18.750275,-0.483064,42.939377,-47.247837,-163.520477,5043.039551,-988.975647,-10807.391602,0.081644,0.974299,0.209943,0.100000,0.020000,1,0.213758
30.065380,18.355755,0.785554,30.436554,-7.475937,26.134125,1536.962158,-859.636963,2575.406738,0.312583,0.679442,0.663815,0.100000,0.020000,1,0.972873
29.045319,19.545591,-1.213467,-276.155518,254.616455,-220.581818,-11362.963867,8701.833984,-5613.417969,0.262260,0.780064,-0.568085,0.100000,0.020000,1,0.118504
30.330488,19.377565,0.289737,176.900482,337.262482,283.946289,8376.452148,15389.418945,16321.735352,0.072662,0.955568,0.285676,0.100000,0.020000,1,0.581553
30.187313,19.154886,0.046172,108.733231,176.654419,-97.036240,6235.590332,12970.601562,-4995.263672,0.065155,0.962365,-0.263834,0.100000,0.020000,1,0.648995
29.719990,18.873447,0.566445,-59.766602,14.960953,101.460373,-5720.764648,2750.760498,6559.290039,0.329532,0.709411,0.623013,0.100000,0.020000,1,0.012235
29.586380,18.523615,-0.246667,56.113609,-113.861221,27.023529,2101.913574,205.863281,-4035.004883,0.277919,0.819808,-0.500676,0.100000,0.020000,1,0.065262
31.102381,18.339518,0.947491,265.723267,-78.728455,145.041016,20429.125000,-5990.169434,11078.421875,0.182995,0.798529,0.573466,0.100000,0.020000,1,0.780728
29.590714,17.783730,-0.645611,31.480707,43.589733,93.083755,-697.216187,-606.419617,5179.364258,0.180848,0.805877,-0.563787,0.100000,0.020000,1,0.616413
30.137238,18.887503,0.617986,-423.319336,-512.456421,-557.148071,-27272.462891,-31345.332031,-34312.839844,0.124213,0.864747,0.486604,0.100000,0.020000,1,0.603316
30.065628,18.867479,-0.438323,205.515472,-89.016876,130.441879,12096.540039,-4715.312988,8083.293945,0.122200,0.872246,-0.473554,0.100000,0.020000,1,0.897602
30.652206,18.703981,-1.688680,157.950104,-66.200363,-369.338867,11391.688477,-4261.184570,-29126.525391,0.052538,0.935214,-0.350164,0.100000,0.020000,1,0.982002
29.945196,18.783606,0.165299,-26.460846,9.777678,-56.362206,-3362.699219,624.657166,-3207.012939,-0.000651,0.995400,0.095803,0.100000,0.020000,1,0.728821
30.444895,18.744402,-0.968544,73.659866,-82.697342,-227.123383,-2519.173828,4347.852051,-13573.460938,-0.004914,0.997360,-0.072458,0.100000,0.020000,1,0.840855
29.938595,18.858507,-0.849848,-27.258888,-18.008392,-255.847549,2227.043213,-2616.889648,-9349.132812,-0.007628,0.999855,0.015215,0.100000,0.020000,1,0.809822
30.146193,19.661272,-0.491562,83.484383,138.712036,-48.474228,4728.897949,1144.776611,3476.162598,0.048418,0.921777,0.384684,0.100000,0.020000,1,0.528312
30.141596,18.479368,0.091859,-103.990402,86.994293,48.138885,-7356.227051,4171.005859,2690.270020,-0.021412,0.978274,0.206206,0.100000,0.020000,1,0.542637
30.237570,19.024664,-0.244808,11.666517,-244.665863,95.112259,238.364243,-13996.719727,5714.713379,0.116580,0.971418,-0.206777,0.100000,0.020000,1,0.103396
29.822954,17.886917,0.468252,-51.357117,163.317078,-790.811035,-5304.262695,6472.138672,-47035.941406,-0.036685,0.964860,-0.260190,0.100000,0.020000,1,0.831051
30.174475,18.868660,-0.248119,-64.821960,109.617188,215.979279,-4735.802734,7133.572266,13243.649414,-0.046797,0.982104,-0.182431,0.100000,0.020000,1,0.619883
29.652855,18.778669,0.708222,-112.850983,-71.003616,109.231415,-9852.198242,-4625.529297,8820.846680,-0.048910,0.955447,0.291083,0.100000,0.020000,1,0.362004
29.961199,18.438166,-0.764755,5.700461,10.511215,58.514816,-151.146713,931.560608,3083.868652,0.373329,0.574531,-0.728382,0.100000,0.020000,1,0.196159
30.091736,18.622498,0.613285,-77.232727,36.517220,-61.221176,-5144.001465,2700.958252,-3701.677246,0.223897,0.702067,0.675997,0.100000,0.020000,1,0.138274
30.214245,18.872139,-0.445274,-368.392273,-287.714111,34.025116,-23278.572266,-17305.191406,2315.967773,0.087597,0.815943,-0.571458,0.100000,0.020000,1,0.513151
30.169920,18.919548,0.280501,-517.173950,-64.618774,-202.475586,-33157.363281,-3089.003662,-13111.278320,0.092457,0.901250,0.423320,0.100000,0.020000,1,0.074818
29.870401,18.563015,-0.572861,19.528067,7.221188,95.682907,-379.390778,-374.666443,5302.269531,-0.006739,0.884456,-0.466574,0.100000,0.020000,1,0.741597
30.490656,19.101950,1.467569,101.132187,141.452942,465.695679,7251.778809,10091.346680,36782.574219,-0.067747,0.933034,-0.353353,0.100000,0.020000,1,0.607302
30.492411,18.147388,1.547170,118.755325,-299.099518,445.122833,2992.633301,-7780.991211,12795.549805,-0.135969,0.984177,0.113611,0.100000,0.020000,1,0.908101
30.228868,18.940834,0.226262,-63.839035,-53.641884,-208.732208,-4374.238281,-3194.402832,-11914.187500,-0.138629,0.986347,-0.088888,0.100000,0.020000,1,0.734818
29.846525,18.724966,-0.589545,175.104126,37.924583,61.709846,9732.374023,3203.185059,3803.636230,0.221870,0.710237,-0.668084,0.100000,0.020000,1,0.230040
29.986736,19.126141,-0.201881,35.516968,373.920776,-255.992767,-5405.127441,16486.058594,-19861.177734,0.062367,0.809872,0.583282,0.100000,0.020000,1,0.951680
29.508373,18.128080,1.039783,29.489166,37.470081,-256.089233,-1292.667480,-548.128174,-13255.447266,-0.075400,0.911443,0.404458,0.100000,0.020000,1,0.862743
30.771622,18.884775,-0.947070,189.915222,-83.604996,-254.853333,13934.588867,-5404.861816,-20145.478516,-0.162985,0.986217,0.028501,0.100000,0.020000,1,0.568065
31.386623,19.089420,0.170176,402.833496,-52.563141,89.687958,10959.860352,8545.468750,-2658.912598,-0.161563,0.973199,-0.163646,0.100000,0.020000,1,0.403110
30.145628,18.838531,0.602914,-285.676086,-40.168327,-146.362396,-18096.939453,-1529.244141,-9092.923828,0.147363,0.728877,0.668597,0.100000,0.020000,1,0.863205
30.103390,18.781130,-0.519807,-168.519775,-278.270264,-152.900391,-10948.149414,-16886.970703,-9535.902344,0.128750,0.753896,-0.644255,0.100000,0.020000,1,0.384336
30.220398,19.177219,0.126421,-894.381226,-383.844055,112.913544,-56714.414062,-23177.642578,6960.875977,-0.181579,0.963721,0.195631,0.100000,0.020000,1,0.259241
30.212219,18.493610,-0.383918,256.933716,-239.733780,-142.560059,12691.597656,-9069.318359,-8495.178711,-0.036704,0.839512,-0.542100,0.100000,0.020000,1,0.379354
29.996054,18.950596,-0.385523,-1.248913,4.034809,11.148268,-1063.728149,719.703125,735.971191,-0.100632,0.880715,-0.462833,0.100000,0.020000,1,0.923653
29.913740,19.044321,-1.228512,-13.087250,-20.823099,-254.862732,-2287.757568,-855.192322,-20293.521484,-0.197082,0.944948,-0.261213,0.100000,0.020000,1,0.154378
29.483889,18.788233,-0.448645,-142.791534,10.211761,40.207489,-11608.003906,2003.586060,3248.701172,0.280542,0.625301,-0.728213,0.100000,0.020000,1,0.957179
30.122410,19.242647,0.246884,-48.449699,-14.499821,-64.412102,-3496.642822,972.746765,-4831.047852,-0.047934,0.861137,0.506109,0.100000,0.020000,1,0.458415
30.883532,19.046921,0.345065,253.328598,-57.061646,44.539223,8130.960449,3415.975830,-3231.593018,-0.121631,0.869794,0.478189,0.100000,0.020000,1,0.928565
30.114437,19.129444,0.270298,-14.393806,-27.601990,-4.061561,-1472.924194,-958.640076,-181.330322,-0.209675,0.931575,0.296993,0.100000,0.020000,1,0.934561
30.014826,18.955540,0.377269,89.946945,149.623734,-626.706299,4647.581543,9259.087891,-38078.652344,-0.270719,0.962270,0.027339,0.100000,0.020000,1,0.725138
30.296181,20.811472,2.057403,93.177925,487.519257,690.396118,4662.554688,16507.027344,28659.277344,-0.285386,0.940205,-0.185928,0.100000,0.020000,1,0.809412
31.776112,20.189625,1.030769,483.216980,454.640198,404.024353,31594.490234,-2120.230469,29613.662109,0.040608,0.751327,-0.658679,0.100000,0.020000,1,0.117596
30.322788,18.926615,1.074123,62.061630,18.466675,116.491211,4519.013184,1833.497192,9713.962891,-0.035786,0.799758,0.599254,0.100000,0.020000,1,0.288887
29.333479,19.522436,0.412886,-153.674530,74.980209,67.996246,-13490.076172,6814.136230,5634.063965,-0.304366,0.946417,0.107962,0.100000,0.020000,1,0.217548
30.518980,18.703775,-0.954279,147.056625,-98.116959,-121.260559,10724.612305,-6811.206055,-9663.868164,-0.131915,0.819903,-0.557097,0.100000,0.020000,1,0.533650
30.236546,19.392643,-0.227474,110.559189,94.909241,-169.046280,3845.744141,3093.026367,-8645.922852,-0.212614,0.854245,0.474406,0.100000,0.020000,1,0.559417
29.875769,19.113586,0.332963,131.843155,320.221436,-360.731873,6948.730469,20630.423828,-22458.935547,-0.303255,0.902993,0.304367,0.100000,0.020000,1,0.803540
28.698479,19.515341,-0.386077,-417.724365,299.009796,-158.306915,-14833.323242,9508.475586,-6350.202148,-0.316479,0.922582,0.220645,0.100000,0.020000,1,0.333337
31.862162,18.159504,-0.707759,535.784546,-288.798523,-425.156250,15028.767578,-10259.047852,-13187.622070,0.032482,0.729547,0.683159,0.100000,0.020000,1,0.751616
29.985888,18.797556,-0.185787,551.262390,-113.199753,-228.924927,33992.511719,-7764.267578,-13573.754883,-0.235451,0.853197,-0.465422,0.100000,0.020000,1,0.407683
29.169756,20.866356,0.730707,-252.011368,537.127808,165.310669,-8200.869141,14367.753906,10970.581055,-0.394544,0.912942,0.104265,0.100000,0.020000,1,0.540875
30.009703,19.125076,-0.085111,-253.752930,-481.579346,284.342712,-16778.060547,-30291.363281,17523.849609,-0.402999,0.914998,0.019265,0.100000,0.020000,1,0.998497
29.966213,18.941614,-0.557899,-30.835236,-0.382965,18.633938,-2664.642090,622.405334,1136.974976,-0.070519,0.760434,-0.645574,0.100000,0.020000,1,0.319084
29.948647,19.091967,0.290510,-20.747002,-68.762512,-19.092607,-1645.985352,-2339.199219,-658.157227,-0.319908,0.858189,0.401460,0.100000,0.020000,1,0.478861
29.957008,19.264048,-0.613616,-6.322590,14.947540,-69.267731,-1273.030762,1914.096680,-5617.368164,-0.335110,0.865839,-0.371516,0.100000,0.020000,1,0.960310
30.832851,19.444660,-0.128968,203.597900,28.789169,3.974913,15604.435547,3261.631836,355.023132,-0.407679,0.894983,-0.181114,0.100000,0.020000,1,0.418057
30.749538,20.450193,-0.693786,203.501343,314.282166,-178.025452,15237.024414,25422.212891,-13874.242188,-0.423276,0.902987,-0.073831,0.100000,0.020000,1,0.675117
29.957800,18.950743,0.687589,106.572586,-79.791916,-312.071228,6025.753418,-4280.310547,-19199.773438,-0.055231,0.741307,0.668889,0.100000,0.020000,1,0.368588
30.078136,18.962353,0.528785,-252.667572,-138.603577,-59.550636,-16259.728516,-8309.720703,-3626.841064,-0.144632,0.797912,0.585166,0.100000,0.020000,1,0.293584
29.441013,20.111189,-0.095504,-93.290558,307.898621,-159.860779,-11202.262695,26083.439453,-8178.505859,-0.270270,0.861300,0.430251,0.100000,0.020000,1,0.000383
30.017109,19.152958,-0.553398,-101.925537,-194.286163,54.296852,-6886.991699,-11399.016602,3075.709717,-0.251824,0.794693,-0.552311,0.100000,0.020000,1,0.183934
30.057995,19.421434,-0.244797,26.416943,22.315758,-0.698514,1149.398071,2935.173096,-71.593605,-0.357459,0.890852,-0.280368,0.100000,0.020000,1,0.170179
31.304600,16.938005,0.466581,510.655457,-300.264771,264.576477,20096.566406,-15124.371094,5298.433594,-0.335907,0.824118,-0.456065,0.100000,0.020000,1,0.282213
30.040827,19.235020,0.030407,-263.122345,-277.438019,448.807129,-17010.914062,-16960.699219,27393.226562,-0.423377,0.855068,0.299350,0.100000,0.020000,1,0.872085
29.967411,18.836458,-0.180653,31.302704,106.790466,-211.946869,1379.653564,6688.855469,-11835.835938,-0.148103,0.747950,-0.647020,0.100000,0.020000,1,0.481708
29.988565,19.046766,-0.920781,26.557384,-34.230484,-163.765106,-1310.604614,-3768.272217,-4226.752930,-0.291208,0.867061,-0.404230,0.100000,0.020000,1,0.058020
30.943419,19.269108,0.033580,218.004730,190.448181,-90.948822,17716.476562,12159.879883,-7091.346680,-0.333921,0.805324,0.489847,0.100000,0.020000,1,0.885520
29.667994,19.207773,0.770373,-62.422775,-3.445068,340.744629,-4580.877441,7448.580566,16338.519531,-0.432673,0.825055,-0.363425,0.100000,0.020000,1,0.402700
30.092543,18.795176,-0.069146,139.265259,-226.234253,-702.486389,8706.294922,-15891.714844,-44325.320312,-0.517481,0.851369,-0.085931,0.100000,0.020000,1,0.959580
29.932606,19.373941,0.054386,-2.092915,-51.389244,57.394844,-868.136963,-2436.859863,3435.986328,-0.518713,0.846956,0.116625,0.100000,0.020000,1,0.465373
30.118322,19.495771,0.603905,82.066666,77.864235,200.576782,3145.434814,-3228.557129,16701.615234,-0.522822,0.852069,0.025188,0.100000,0.020000,1,0.773396
30.027937,18.902111,0.625937,32.846130,-45.080559,23.384254,1769.777832,-3040.659912,2015.548950,-0.262431,0.767594,0.584747,0.100000,0.020000,1,0.910557
28.906601,19.082191,0.379769,-240.233002,-36.060928,33.965897,-12465.273438,-2469.550537,-1820.360107,-0.427549,0.811836,0.397648,0.100000,0.020000,1,0.250984
29.510283,19.605391,-0.527099,-28.984802,42.472733,-129.290100,-4268.837402,4450.592285,-9701.545898,-0.524348,0.830838,-0.186459,0.100000,0.020000,1,0.486602
30.438200,19.703108,0.311364,172.350922,76.757980,41.809425,12337.496094,7028.805176,3191.704346,-0.524275,0.825043,0.210809,0.100000,0.020000,1,0.351060
29.922853,19.209837,-0.707635,72.271103,-153.307648,445.759583,3953.532227,-8873.075195,27163.025391,-0.348744,0.752534,-0.558632,0.100000,0.020000,1,0.919970
29.788610,19.227180,-0.332218,289.587708,4.999998,-406.834778,17138.861328,846.549744,-25436.324219,-0.443005,0.769779,-0.459550,0.100000,0.020000,1,0.580557
29.857849,19.411324,0.285426,-7.785557,-109.393021,-35.008392,-1301.643799,-5963.934570,-2083.303955,-0.541852,0.784988,0.300317,0.100000,0.020000,1,0.752167
29.915234,19.308836,-0.070445,-35.339180,-46.110252,-177.010925,-2811.548828,-2444.867920,-10545.253906,-0.553661,0.791203,-0.259725,0.100000,0.020000,1,0.681114
29.963459,18.818594,0.342668,11.580402,-54.312248,-71.334511,275.326965,-3605.175781,-5495.639160,-0.172945,0.709692,0.682955,0.100000,0.020000,1,0.819306
30.102194,19.387632,-0.090962,-603.084656,-442.497711,161.841583,-38374.351562,-26771.958984,10244.458984,-0.419793,0.900280,-0.115197,0.100000,0.020000,1,0.069248
29.367613,19.082237,0.270429,-21.683411,78.464691,175.737274,-4386.424805,4672.743652,13314.160156,-0.489201,0.816212,-0.307376,0.100000,0.020000,1,0.050261
29.755194,19.370825,-0.211506,207.117981,-158.661026,-144.811829,11912.989258,-9190.682617,-8708.403320,-0.533595,0.760187,-0.370664,0.100000,0.020000,1,0.138736
29.440296,19.176558,0.345373,90.409218,-15.454674,-76.161018,3265.716309,-1315.446655,-3430.547119,-0.630145,0.776252,0.018729,0.100000,0.020000,1,0.977660
29.855501,19.108709,-0.075324,24.602097,-45.397362,-5.275933,859.973328,-3485.349854,-369.512512,-0.630112,0.772539,-0.078375,0.100000,0.020000,1,0.130533
29.898003,19.166750,-0.547552,-63.740723,-137.210693,-18.230606,-4688.848145,-7672.283691,-1122.079346,-0.254785,0.713664,-0.652510,0.100000,0.020000,1,0.644332
29.648891,19.209900,0.373121,169.379822,5.906635,-138.942169,9065.883789,800.316101,-8927.163086,-0.458481,0.745754,0.483369,0.100000,0.020000,1,0.435869
29.798058,19.487049,0.299264,28.581949,11.906116,16.879635,943.836670,1737.549438,1604.638916,-0.628762,0.751340,0.200364,0.100000,0.020000,1,0.968033
30.219963,20.329081,-0.149097,130.472229,220.943604,-11.118103,8308.090820,15799.670898,1290.753906,-0.641370,0.749467,-0.164144,0.100000,0.020000,1,0.624242
28.917799,18.871893,-0.407451,-60.962372,86.993744,10.842720,-8432.022461,4621.488770,941.518372,-0.434690,0.711605,-0.551963,0.100000,0.020000,1,0.664334
29.820362,19.320415,0.235170,232.453857,190.301956,-664.179199,13912.029297,12234.720703,-41330.339844,-0.647093,0.754473,0.109732,0.100000,0.020000,1,0.447863
29.601898,21.287865,-0.808182,-137.162399,589.835510,-200.423782,-9027.120117,17842.787109,-5255.761719,-0.634058,0.726174,-0.265784,0.100000,0.020000,1,0.854842
29.830269,19.157280,0.692934,3.590239,-92.948502,-110.927292,-642.298950,-4892.833984,-6510.709473,-0.253839,0.690595,0.677233,0.100000,0.020000,1,0.691061
29.557640,20.285172,-0.159862,-30.957184,367.726044,-143.025360,1837.010742,10297.348633,-1028.593750,-0.640376,0.706547,0.301181,0.100000,0.020000,1,0.507635
29.671490,19.410551,0.390727,451.707214,-626.112061,104.873283,27280.292969,-38471.332031,6491.402832,-0.537971,0.681600,0.495993,0.100000,0.020000,1,0.906019
30.251993,19.574999,0.558957,93.646835,116.973816,46.392029,7202.579590,8805.517578,3915.760742,-0.628950,0.678385,0.379757,0.100000,0.020000,1,0.556801
29.839001,19.117344,-0.434424,112.322891,-119.002106,-169.422638,6674.142090,-8058.148926,-11256.158203,-0.645286,0.677496,-0.352993,0.100000,0.020000,1,0.589454
29.570236,19.425501,-0.029142,-207.587006,-115.594696,227.389969,-14587.957031,-6853.283691,14179.105469,-0.728706,0.684669,0.014684,0.100000,0.020000,1,0.541889
31.770412,20.507637,0.712083,560.387207,262.179382,201.893005,43119.246094,21503.958984,15966.778320,-0.734191,0.675358,-0.069675,0.100000,0.020000,1,0.899880
29.023090,19.417294,-0.344795,-246.047180,89.600861,-19.364525,-19600.212891,7378.000977,-348.006195,-0.356632,0.669071,-0.652041,0.100000,0.020000,1,0.973211
30.374617,18.953176,1.017582,145.321503,-44.185692,127.139160,10653.940430,-3107.429199,10132.773438,-0.376590,0.702359,0.604046,0.100000,0.020000,1,0.244987
29.850046,19.375879,0.640725,-48.321785,-28.103796,-6.861820,-3615.063965,-512.936707,141.694748,-0.437083,0.676939,0.592209,0.100000,0.020000,1,0.150054
29.622423,19.872387,0.930247,-2.472416,91.096832,239.833862,-1328.894043,8090.282715,18331.023438,-0.727636,0.657452,0.195713,0.100000,0.020000,1,0.166745
27.150120,19.986845,0.866720,-681.963623,175.907928,407.332977,-51278.417969,18269.828125,22224.093750,-0.618044,0.636474,-0.461436,0.100000,0.020000,1,0.540288
29.608221,19.096201,-0.083149,-79.938202,39.501686,472.318542,-6222.112305,1549.961304,30103.958984,-0.742344,0.645449,-0.179779,0.100000,0.020000,1,0.241215
29.442308,19.347376,2.178298,-134.777206,49.952545,447.733368,1685.198730,3519.166748,18086.767578,-0.337501,0.649941,0.680933,0.100000,0.020000,1,0.601679
31.034416,19.241823,-0.585209,397.328430,-11.590420,-18.175934,15066.550781,-1211.148438,-5624.954102,-0.437545,0.640287,-0.631337,0.100000,0.020000,1,0.277106
29.824898,19.321796,0.136696,13.814329,-10.125938,-11.014084,-112.587715,-119.282677,-982.717224,-0.551748,0.798173,0.241856,0.100000,0.020000,1,0.036061
29.762951,19.347950,-0.729104,-130.004654,-153.968994,347.983521,-8877.006836,-8908.752930,20872.957031,-0.544995,0.632345,-0.550562,0.100000,0.020000,1,0.408697
29.719294,19.996922,0.518180,20.618471,142.864563,21.393082,546.677429,12292.862305,1817.185181,-0.617984,0.623889,0.478391,0.100000,0.020000,1,0.539647
29.765436,19.948027,0.166184,45.738300,139.391708,128.232956,-1233.505371,4289.794434,-1392.057617,-0.739845,0.617530,-0.266993,0.100000,0.020000,1,0.338871
29.520391,19.127665,0.227656,294.157196,-136.903931,-353.232971,17139.230469,-9404.975586,-22362.550781,-0.737765,0.611202,0.286591,0.100000,0.020000,1,0.396045
29.484695,19.516985,-0.325866,220.398132,-118.281311,244.621368,12380.752930,-6507.078125,15395.510742,-0.715652,0.591900,-0.370806,0.100000,0.020000,1,0.779838
29.717600,19.536787,-0.152562,-214.350708,-181.277069,90.526566,-13959.670898,-10731.940430,5045.870117,-0.813317,0.581756,0.008643,0.100000,0.020000,1,0.178293
29.991751,19.568136,0.581879,110.494431,9.002632,115.347382,7699.416504,1433.500122,9290.659180,-0.807603,0.577638,0.118793,0.100000,0.020000,1,0.127828
29.784866,19.087198,0.466524,-503.998474,100.766785,-30.955238,-32318.695312,6145.334473,-2093.247070,-0.533070,0.608048,0.588315,0.100000,0.020000,1,0.442845
29.697174,18.091372,0.729220,154.040939,-23.572083,81.013718,9305.130859,-6671.961914,7190.036621,-0.722551,0.564623,0.398901,0.100000,0.020000,1,0.500731
29.590979,19.367193,-0.146819,-23.558884,113.185791,50.001328,-2394.358887,7139.870117,2830.942383,-0.818698,0.568452,-0.081216,0.100000,0.020000,1,0.209327
30.506550,18.198606,-0.343212,298.659180,-120.954681,-96.078445,21820.291016,-12500.508789,-6914.220703,-0.816389,0.553536,-0.164642,0.100000,0.020000,1,0.567318
28.380228,19.276844,0.439722,-277.969452,-88.263657,80.308411,-23445.035156,-5905.359375,6166.448242,-0.810790,0.546951,0.208483,0.100000,0.020000,1,0.321041
30.024725,19.787024,0.711933,64.016464,135.300690,30.687767,4451.214844,11611.091797,2533.054932,-0.430402,0.604808,0.670046,0.100000,0.020000,1,0.645240
29.575985,19.333004,-0.433413,261.592865,-158.460785,217.679932,15029.636719,-9347.423828,13736.625000,-0.567555,0.647054,-0.509120,0.100000,0.020000,1,0.086794
30.568785,19.986614,1.212731,566.442078,230.781937,302.745575,24656.882812,7806.055664,4909.198242,-0.702094,0.545084,-0.458200,0.100000,0.020000,1,0.556089
30.474985,18.063784,-1.392324,237.989227,-331.767944,-222.355713,16402.314453,-26184.544922,-16364.570312,-0.511943,0.576727,-0.636633,0.100000,0.020000,1,0.747256
29.578930,19.171238,-0.758330,-47.269394,-59.470840,98.098404,-4106.210449,-3856.969727,4994.866211,-0.614565,0.560270,-0.555344,0.100000,0.020000,1,0.133629
29.638285,19.327318,0.505969,-38.071022,-85.355133,81.215439,-3236.417236,-4833.065918,5234.885742,-0.616083,0.548894,0.564940,0.100000,0.020000,1,0.899115
27.689884,18.677347,-0.513253,-214.121109,172.707916,-120.512634,-15867.794922,-3106.072754,-5304.351562,-0.796294,0.589732,0.134657,0.100000,0.020000,1,0.100923
29.704927,19.649399,-0.668521,61.068413,55.978058,-115.492462,3605.147217,4791.975586,-9075.730469,-0.809499,0.513932,-0.283877,0.100000,0.020000,1,0.332465
29.469931,19.490458,0.066948,44.499283,-485.234619,497.239105,1602.178589,-30012.703125,30570.371094,-0.805626,0.505741,0.308534,0.100000,0.020000,1,0.564221
29.030317,19.269945,-0.250719,-83.966248,-47.011902,15.021774,-9428.447266,-2272.374512,2048.982178,-0.796606,0.481796,-0.365091,0.100000,0.020000,1,0.862262
29.538122,19.323833,-0.661477,-39.815247,-43.574333,-253.689331,-3184.432617,-3065.835693,-18492.822266,-0.886403,0.455925,-0.080129,0.100000,0.020000,1,0.834627
29.630701,19.196194,-0.826458,30.955307,-25.284302,-74.897171,1341.845459,-1775.260986,-6278.393066,-0.684024,0.494867,-0.535927,0.100000,0.020000,1,0.797793
29.081011,20.402321,0.213422,-93.849976,231.298889,-35.961685,-8681.424805,19129.449219,-2786.633057,-0.783422,0.478405,0.396710,0.100000,0.020000,1,0.112151
29.716438,19.363283,0.058493,112.546051,-280.380676,281.360321,7231.268066,-17813.259766,18630.955078,-0.880901,0.439143,-0.176542,0.100000,0.020000,1,0.350545
29.705761,19.093370,0.323950,47.562660,25.958355,46.081451,3095.768311,403.859894,3579.720947,-0.879365,0.435596,0.192286,0.100000,0.020000,1,0.251091
29.510918,19.404886,-0.204894,-155.776138,223.684601,102.271942,-10554.612305,14117.876953,5571.619629,-0.897530,0.440886,0.007780,0.100000,0.020000,1,0.335366
29.598181,19.267363,-1.155994,65.117317,62.397125,39.303978,2471.064941,5420.533203,242.066193,-0.255545,0.633869,-0.730005,0.100000,0.020000,1,0.736437
28.182442,19.867565,0.045348,-385.805420,150.635040,-57.396729,-11022.961914,2403.621826,3424.056641,-0.857455,0.414690,0.304637,0.100000,0.020000,1,0.757381
28.555407,20.111731,0.909824,-246.792847,182.009796,306.048553,-20237.867188,14578.384766,24115.765625,-0.864896,0.416323,-0.280413,0.100000,0.020000,1,0.822047
28.397802,19.052780,1.554525,-288.585449,-166.153107,446.633484,-25144.224609,11042.448242,8793.476562,-0.899340,0.424729,0.103888,0.100000,0.020000,1,0.257141
29.749773,19.735346,0.204835,86.231689,115.506302,169.253021,5606.992676,9113.863281,13177.704102,-0.771110,0.438730,-0.461417,0.100000,0.020000,1,0.430620
29.400919,19.516193,0.425077,-53.372589,65.510651,-14.864452,6099.683594,-3667.359375,1142.265259,-0.764824,0.425640,0.483607,0.100000,0.020000,1,0.856568
29.543118,20.411070,2.108994,118.353546,367.269196,481.183411,-4486.186523,15741.367188,19508.308594,-0.599795,0.641563,0.478166,0.100000,0.020000,1,0.230698
29.496187,19.016193,0.066995,196.890076,-60.764191,-26.128433,12011.919922,-5448.491699,-702.853821,-0.920800,0.341907,-0.187690,0.100000,0.020000,1,0.900894
28.412699,20.069355,-1.031917,-252.244965,156.052032,-243.491028,-20835.507812,12586.583008,-19354.123047,-0.936758,0.337602,-0.092244,0.100000,0.020000,1,0.983372
29.682648,19.200306,-0.093592,-382.136841,570.610229,153.643356,-23704.595703,35104.996094,9278.210938,-0.942973,0.332771,0.008098,0.100000,0.020000,1,0.522974
29.942862,19.860275,0.024370,106.861526,119.230774,-103.971252,7518.939453,10064.954102,-8323.087891,-0.705083,0.477281,0.524462,0.100000,0.020000,1,0.131636
29.673887,18.724165,0.302083,141.336655,-404.628296,-66.758209,5273.357422,-17440.541016,-2536.023926,-0.677939,0.435337,0.592352,0.100000,0.020000,1,0.363712
29.277060,18.875473,-0.243160,-59.724426,-238.923355,-66.108765,-4471.775391,-8779.648438,-4704.737305,-0.854208,0.365866,-0.369420,0.100000,0.020000,1,0.138398
29.216532,19.225948,0.416619,236.427933,24.289768,28.558029,13224.228516,1051.256104,2117.497314,-0.844576,0.354069,0.401654,0.100000,0.020000,1,0.407718
30.062717,18.795881,0.356631,268.123718,-100.799896,22.960342,18955.869141,-8944.293945,2542.574707,-0.939423,0.324006,0.111821,0.100000,0.020000,1,0.192743
29.327522,19.830458,0.145809,26.689442,77.978683,-23.735081,719.697998,6792.911621,-1920.243164,-0.910449,0.294455,0.290480,0.100000,0.020000,1,0.781511
29.198990,19.627836,0.211049,-8.579155,27.927338,9.833790,-2038.753540,2709.670410,764.471008,-0.931408,0.298755,0.207907,0.100000,0.020000,1,0.410939
29.320518,19.030973,-0.190032,7.031754,-65.652924,80.396606,-1241.619507,-4790.000488,6565.437012,-0.640448,0.419194,-0.643508,0.100000,0.020000,1,0.682003
29.705252,19.257483,0.625920,-406.381409,75.641953,149.345001,-25491.925781,4828.171875,9982.082031,-0.723524,0.373885,0.580278,0.100000,0.020000,1,0.673159
29.176834,19.358747,-0.400562,-132.696030,58.597359,-98.534706,-10129.601562,3875.187256,-6232.237793,-0.825047,0.316840,-0.467877,0.100000,0.020000,1,0.651539
29.236973,19.590021,0.070728,-27.018547,-342.427032,-376.197937,-2759.902100,-20905.382812,-23513.302734,-0.973321,0.228759,0.017737,0.100000,0.020000,1,0.688374
29.722727,18.944067,-1.159181,78.872253,-89.365967,-154.912872,5262.491699,-6953.110840,-12624.901367,-0.742251,0.364125,-0.562562,0.100000,0.020000,1,0.483861
29.582293,19.346506,0.386135,-493.726807,-270.346252,-176.145721,-31194.912109,-16888.048828,-11261.999023,-0.813503,0.305446,0.494890,0.100000,0.020000,1,0.329493
31.180386,19.275345,0.083156,571.654785,-69.731628,-61.639263,14025.108398,-784.149658,-518.702637,-0.886678,0.258931,0.383087,0.100000,0.020000,1,0.739373
28.892641,18.780140,1.433467,77.761459,34.457848,302.689819,6909.893066,-3163.272461,7209.340332,-0.959453,0.215054,-0.182213,0.100000,0.020000,1,0.675793
29.739378,20.226736,-0.410592,58.717392,272.465027,60.858986,3569.856445,21709.458984,4499.939941,-0.583124,0.461316,-0.668697,0.100000,0.020000,1,0.031719
30.586363,17.936882,-0.597973,363.452393,-91.044739,-238.132538,27473.798828,-12168.189453,-18279.931641,-0.961533,0.187253,0.200974,0.100000,0.020000,1,0.975168
29.873013,19.809381,0.757265,68.664001,139.939911,40.604782,4436.890625,11868.468750,3258.325439,-0.488433,0.527073,0.695433,0.100000,0.020000,1,0.104286
29.586489,19.121952,-0.501178,73.788445,56.688660,-164.542389,3675.580322,3784.768311,-9917.525391,-0.484873,0.493849,-0.721812,0.100000,0.020000,1,0.215982
29.450190,19.391485,-0.412971,-96.006683,-95.023712,-63.882759,-6572.078613,-5497.012207,-3775.980469,-0.782164,0.276740,-0.558242,0.100000,0.020000,1,0.699229
29.066895,19.489054,1.060207,-138.931808,35.673264,195.219650,4700.872070,-2325.955078,8674.029297,-0.852828,0.224870,0.471294,0.100000,0.020000,1,0.661148
28.865093,17.998840,-0.942497,130.643234,44.907856,-88.452927,-6492.612305,-22580.550781,-5304.196289,-0.858328,0.224480,-0.461391,0.100000,0.020000,1,0.927675
29.260670,19.436731,-0.331942,-208.242310,-26.457932,318.836487,-13929.313477,-1453.245728,19711.982422,-0.946047,0.172495,-0.274301,0.100000,0.020000,1,0.280238
30.111765,20.035646,-1.711304,178.726898,179.549164,-266.232117,13259.573242,14785.385742,-21682.923828,-0.693113,0.331185,-0.640242,0.100000,0.020000,1,0.456903
29.264883,19.915760,-0.111210,-0.161850,168.536209,56.513687,4174.182617,1909.039062,2626.740234,-0.923634,0.236889,-0.301303,0.100000,0.020000,1,0.300524
29.262388,19.533873,-0.349640,-199.770691,-399.453003,190.065643,-13365.671875,-24483.191406,11818.490234,-0.918849,0.158886,-0.361209,0.100000,0.020000,1,0.915219
29.681889,20.189339,-0.002200,131.388199,182.632111,19.531578,9362.863281,14772.308594,1521.291138,-0.984214,0.155870,-0.083826,0.100000,0.020000,1,0.209843
29.024248,19.278646,0.197404,-127.864349,-56.135864,-92.153503,-9552.279297,-4068.862305,-5378.007812,-0.988962,0.100632,0.108754,0.100000,0.020000,1,0.703677
28.457047,19.676321,0.979537,-219.367615,92.687302,108.918350,-16697.503906,6685.928223,5291.925781,-0.614461,0.388590,0.686612,0.100000,0.020000,1,0.185856
29.193773,19.402647,-0.448901,-375.738770,166.065460,-383.122681,-24947.269531,10675.504883,-24718.310547,-0.902286,0.208145,-0.377565,0.100000,0.020000,1,0.007376
29.747501,19.501373,0.227312,54.739891,-23.410234,92.143646,4813.057617,-833.244751,5386.251465,-0.911867,0.132190,0.388618,0.100000,0.020000,1,0.342466
29.246721,19.446371,-0.074893,329.936462,24.798283,246.809143,20364.130859,1789.297485,15873.942383,-0.982508,0.073098,-0.171274,0.100000,0.020000,1,0.575307
28.837671,19.771479,-0.159605,-45.452682,74.656403,-7.281181,-5023.554688,6255.004883,-849.297363,-0.994374,0.071578,-0.078092,0.100000,0.020000,1,0.627249
29.296877,19.504164,-0.200690,-338.006592,-335.655701,-36.380383,-21551.052734,-20637.945312,-2198.633301,-0.962890,0.057379,-0.263724,0.100000,0.020000,1,0.487278
29.045269,19.398794,0.143347,141.760132,124.770325,-257.837280,7707.922852,7859.778809,-15747.224609,-0.998048,0.059133,0.020105,0.100000,0.020000,1,0.006149
29.201813,18.985336,0.398685,273.930603,47.017269,-115.595940,16709.738281,1304.553833,-6365.611816,-0.976946,0.051992,0.207058,0.100000,0.020000,1,0.614349
29.325623,19.168196,-0.433931,6.378859,7.852198,-74.126007,-560.307922,266.633606,-4236.978027,-0.733006,0.243432,-0.635172,0.100000,0.020000,1,0.910397
31.415356,20.756870,-0.114024,693.027954,380.864380,25.993576,23133.023438,27305.470703,7551.962891,-0.880428,0.108223,-0.461665,0.100000,0.020000,1,0.115283
28.603649,18.380459,0.727677,30.678104,52.189384,-274.369568,-1420.463013,-600.065063,-15937.764648,-0.877779,0.104207,0.467594,0.100000,0.020000,1,0.823772
30.181591,19.387770,0.530430,237.848083,-111.167084,217.696198,4117.884766,-6185.726562,9853.774414,-0.942633,0.106617,0.316350,0.100000,0.020000,1,0.082630
29.056047,19.529558,0.285502,311.700775,-158.589081,60.467865,18491.330078,-9315.251953,3968.757324,-0.955026,0.044134,0.293218,0.100000,0.020000,1,0.688498
29.591188,19.251467,-0.580898,-55.213013,-42.680244,11.721441,-4167.922363,-2067.433838,892.156311,-0.537461,0.428043,-0.726577,0.100000,0.020000,1,0.722219
29.677193,19.268362,0.625528,-393.316589,-77.001312,-33.304352,-25198.304688,-4283.070312,-1941.779663,-0.565937,0.449652,0.691034,0.100000,0.020000,1,0.012128
29.425682,19.329000,0.630541,-9.961098,-62.824356,-50.961365,-1398.372314,-3359.500977,-2994.452393,-0.673218,0.291610,0.679515,0.100000,0.020000,1,0.040955
29.304905,19.337236,0.506417,211.265091,-171.136063,-309.449341,12625.783203,-10483.068359,-19466.171875,-0.799864,0.164148,0.577297,0.100000,0.020000,1,0.757506
28.859985,20.292847,-0.365951,-57.774597,269.092834,47.932610,-2722.803711,18626.468750,-110.876953,-0.812842,0.161101,-0.559762,0.100000,0.020000,1,0.438040
28.624392,18.961969,-0.830856,-10.073898,45.665272,-114.815796,-3575.857422,1303.281250,-9438.694336,-0.932369,0.024420,-0.360682,0.100000,0.020000,1,0.676238
29.004316,19.463531,-0.030416,245.212677,-154.854095,-211.054779,14386.985352,-9429.089844,-13202.454102,-0.997044,-0.032879,-0.069448,0.100000,0.020000,1,0.662483
29.125263,19.452890,-0.216158,-42.402206,-41.637703,-163.064163,-1720.705566,-2416.308594,-2862.344727,-0.759612,0.239445,0.604695,0.100000,0.020000,1,0.439731
30.158577,19.547176,0.567065,338.420349,24.064911,24.720596,24822.085938,2445.678955,2504.105957,-0.915522,0.022866,0.401618,0.100000,0.020000,1,0.607497
29.145805,19.921339,0.181909,27.472160,113.596039,-3.528027,1272.021484,9502.829102,-147.406647,-0.980030,-0.048299,0.192895,0.100000,0.020000,1,0.070618
29.022406,18.896719,0.216778,32.961990,-116.022537,55.443565,1166.465698,-9300.330078,4018.002197,-0.992010,-0.063268,0.109145,0.100000,0.020000,1,0.558776
28.558287,19.522255,-0.158322,-143.145386,55.175598,-190.032349,-11898.505859,4148.377441,-12059.014648,-0.983732,-0.062819,-0.168302,0.100000,0.020000,1,0.856995
28.611975,19.288330,0.557023,-178.494873,-46.196587,252.130005,-13931.989258,-3161.725830,19159.656250,-0.964158,-0.060524,-0.258335,0.100000,0.020000,1,0.220537
28.935402,19.484806,0.086933,204.828217,-196.783478,-68.945267,11625.198242,-11809.242188,-5014.067871,-0.955119,-0.065834,0.288814,0.100000,0.020000,1,0.480053
28.584826,19.277672,-1.136785,-112.599411,-47.257675,-306.793579,-5752.521973,-5744.192871,-24267.013672,-0.997068,-0.073967,0.019590,0.100000,0.020000,1,0.229844
29.220810,18.400290,-0.602517,-437.784973,-319.764893,-754.737122,-28287.365234,-23790.578125,-48198.550781,-0.832135,0.056359,-0.551702,0.100000,0.020000,1,0.755815
29.142284,19.275015,-0.224892,86.941170,202.065247,-212.205048,3804.174805,12380.317383,-12851.726562,-0.883291,-0.004246,-0.468806,0.100000,0.020000,1,0.851318
29.264868,19.315424,0.603530,34.357632,-45.364792,-9.403700,1090.211670,-2360.232910,-464.124817,-0.711818,0.198037,0.673867,0.100000,0.020000,1,0.918261
29.049185,18.367510,-1.447945,72.912857,28.123859,-258.692657,2918.272705,-1790.464844,-20124.826172,-0.761956,0.126916,-0.635071,0.100000,0.020000,1,0.488506
29.419683,19.318266,0.126916,-368.205811,81.680695,74.870987,-22965.759766,4832.500000,4736.485352,-0.986741,0.070072,0.146396,0.100000,0.020000,1,0.086705
29.085783,19.219872,0.385340,-71.967392,50.527397,-86.085464,-5734.655762,3065.653320,-5856.863770,-0.818535,0.045130,0.572682,0.100000,0.020000,1,0.518525
30.140329,18.781143,-0.306242,367.026703,-95.736481,-261.059204,9579.099609,-5592.710938,-2781.011719,-0.870162,-0.025795,0.492091,0.100000,0.020000,1,0.856230
28.971977,19.138424,-0.072400,186.916718,-123.571503,-61.416565,11023.440430,-8639.090820,-3913.498047,-0.983299,-0.165900,-0.074836,0.100000,0.020000,1,0.996913
28.430069,19.986242,-0.837854,-138.416901,174.965057,-141.852112,-11784.398438,13784.114258,-11887.694336,-0.973018,-0.166418,-0.159818,0.100000,0.020000,1,0.626342
29.010746,19.206396,0.040528,-114.086456,134.727478,18.650787,-7757.232910,7965.665527,1263.266113,-0.982967,-0.182279,0.023474,0.100000,0.020000,1,0.339725
29.051258,18.668552,-0.232426,75.527267,-32.423141,288.572571,4052.834961,-4653.463379,15833.599609,-0.911416,-0.107797,0.397116,0.100000,0.020000,1,0.936376
29.183529,19.833178,-1.147043,9.409374,194.668793,-142.863556,33.253693,7388.611328,-7231.568359,-0.924224,-0.118412,-0.363027,0.100000,0.020000,1,0.692039
28.847441,19.195133,0.101677,143.198502,215.738525,-59.115135,7795.683594,13109.615234,-4015.129395,-0.961940,-0.186653,0.199579,0.100000,0.020000,1,0.839966
28.665417,18.350328,0.025962,22.339691,58.679016,8.547434,-568.404663,-378.883301,259.013123,-0.975616,-0.190184,0.109558,0.100000,0.020000,1,0.147989
29.241911,19.147333,-0.546559,36.267838,-15.426441,-13.858566,2085.880615,-1396.109863,-1248.313232,-0.841706,-0.044898,-0.538065,0.100000,0.020000,1,0.915663
29.203794,18.976135,-0.523023,-372.709717,351.473145,70.490166,-23607.052734,20948.886719,3843.839600,-0.888383,-0.112823,-0.445024,0.100000,0.020000,1,0.919863
27.721283,19.334497,0.735746,-328.708527,109.582588,104.546524,-12104.617188,1664.270996,-3120.424805,-0.940832,-0.203155,-0.271227,0.100000,0.020000,1,0.250219
28.853865,19.020506,0.560865,174.682953,-421.586151,232.590729,8508.100586,-27325.884766,14630.932617,-0.728176,0.122830,0.674294,0.100000,0.020000,1,0.402291
29.522738,19.207302,-0.213756,33.611771,-60.437912,172.823700,2760.023682,-3828.024658,12254.956055,-0.775345,0.032136,-0.630719,0.100000,0.020000,1,0.978087
28.657299,19.225845,-0.834602,-36.347824,8.777950,-299.321289,-4250.891113,322.206604,-23447.103516,-0.928390,-0.219001,0.300218,0.100000,0.020000,1,0.343480
29.357891,19.475563,1.088062,296.330017,88.330673,31.533264,19323.169922,6523.155273,4831.228516,-0.866571,-0.134780,0.480508,0.100000,0.020000,1,0.223972
29.030668,18.379148,1.440562,118.880524,-210.436142,298.212769,3065.530029,-6575.287109,8330.455078,-0.938795,-0.292197,-0.182441,0.100000,0.020000,1,0.969101
29.122869,18.675585,0.551334,-282.487640,-427.499634,-341.092682,-17573.453125,-29476.976562,-19889.298828,-0.937561,-0.293401,0.186801,0.100000,0.020000,1,0.988710
30.180351,18.281208,-1.636824,484.742859,-171.691101,-655.132812,16158.716797,-7295.351074,-24721.511719,-0.946733,-0.306734,0.098039,0.100000,0.020000,1,0.759410
28.872070,19.926922,-0.614781,9.177486,169.472870,-163.244385,-143.516037,13401.786133,-12893.721680,-0.950977,-0.309209,0.005769,0.100000,0.020000,1,0.837635
29.147827,19.135981,0.277773,-48.793289,-28.342567,-37.338959,-3685.247314,-2127.729980,-3289.193604,-0.806087,-0.052035,0.589505,0.100000,0.020000,1,0.121618
28.993858,19.081558,0.101776,-323.677917,11.698026,262.676178,-20985.599609,59.409828,15577.772461,-0.886467,-0.229042,0.402139,0.100000,0.020000,1,0.445389
28.664093,19.043289,-1.072798,-82.810165,203.472809,-222.042786,-2145.542969,5654.373047,-1161.897461,-0.914676,-0.304355,-0.265963,0.100000,0.020000,1,0.562442
29.739428,18.724321,-0.038058,114.313148,-124.799698,120.229782,2904.244385,-3759.711914,3411.602051,-0.669148,0.182467,-0.720379,0.100000,0.020000,1,0.077149
28.799562,19.272680,0.275160,31.159389,-19.883514,-25.569275,896.565613,-1110.396484,-1538.712280,-0.901285,-0.309971,0.302659,0.100000,0.020000,1,0.927141
30.796896,18.455629,-0.553555,625.689880,-185.760239,-48.606071,19282.658203,-4053.426025,-2111.752441,-0.937679,-0.338490,-0.078629,0.100000,0.020000,1,0.190073
29.622238,18.964569,-0.823451,238.486328,-58.044266,226.428299,15145.738281,-4413.112793,13433.937500,-0.631431,0.268656,-0.727405,0.100000,0.020000,1,0.302250
29.050541,19.185556,0.677269,-0.853632,19.092964,-129.573746,-687.471863,1157.543335,-7347.073242,-0.811096,-0.159069,0.562867,0.100000,0.020000,1,0.818790
29.043226,19.158138,-0.467554,-2.135664,47.922424,-4.142982,-770.441833,2854.113770,-246.586807,-0.815455,-0.166058,-0.554489,0.100000,0.020000,1,0.939793
28.832912,18.878746,-0.782728,49.407883,26.568378,4.889492,1931.475952,296.349426,-1319.609009,-0.850459,-0.250335,-0.462657,0.100000,0.020000,1,0.085263
28.677866,19.233768,0.160009,71.354370,-76.536148,30.555725,3260.781006,-4781.770508,2198.858643,-0.907671,-0.404397,0.112236,0.100000,0.020000,1,0.345846
29.094425,18.658083,0.951779,138.922745,-127.423683,147.286865,5744.918945,-2778.501465,4628.236816,-0.832898,-0.259823,0.488645,0.100000,0.020000,1,0.976663
29.384624,19.192461,-0.268109,285.962311,60.384827,-56.926781,17903.367188,2099.964844,-3719.665039,-0.869275,-0.344531,-0.354485,0.100000,0.020000,1,0.488292
28.879726,18.925766,-0.002414,-12.818493,63.213379,42.570869,-1116.368896,2812.987793,2939.741943,-0.898140,-0.433440,-0.073994,0.100000,0.020000,1,0.773734
29.211008,18.499622,0.974547,3.293983,-243.777740,116.872444,3549.650391,-3532.344238,5078.463379,-0.736574,0.017055,0.676142,0.100000,0.020000,1,0.013712
29.591166,19.171469,-0.671418,128.455627,8.189793,-42.321434,9392.028320,488.210968,-3207.878174,-0.765588,-0.073491,-0.639120,0.100000,0.020000,1,0.118504
28.971575,19.175606,0.357527,-643.599487,-203.077133,-117.728455,-40882.039062,-12869.250000,-7318.606445,-0.852015,-0.350238,0.389106,0.100000,0.020000,1,0.469519
28.649502,19.242640,0.059114,401.708984,-224.215012,-102.449997,24071.457031,-13921.519531,-6976.673340,-0.874616,-0.435424,0.213196,0.100000,0.020000,1,0.317589
28.194447,18.762550,0.484221,1.716324,59.733315,114.718307,-3049.127930,1983.261719,9881.308594,-0.879906,-0.442268,-0.173679,0.100000,0.020000,1,0.566641
29.050207,19.594677,-1.933920,-1.198142,97.981323,-390.236084,218.120483,2665.548584,-11673.838867,-0.686767,0.096233,-0.720479,0.100000,0.020000,1,0.832616
29.554420,19.080574,-1.244050,197.527023,112.198914,-152.625793,1514.832031,7265.101562,-9339.465820,-0.761008,-0.154414,-0.630098,0.100000,0.020000,1,0.156513
29.500952,19.469627,-0.428835,18.716614,434.514893,-344.925598,-6783.118652,23300.794922,-20039.115234,-0.878004,-0.286111,-0.383731,0.100000,0.020000,1,0.023694
28.525541,19.232670,-0.307175,-74.567696,23.591011,33.473389,-4106.744141,2742.485107,2557.179688,-0.819118,-0.335784,-0.465075,0.100000,0.020000,1,0.982002
28.760885,19.045462,0.257523,137.948959,12.157779,23.785900,7873.532227,263.296631,1536.674194,-0.849863,-0.437945,0.293152,0.100000,0.020000,1,0.834983
28.705870,18.997246,-0.238481,108.676300,205.696045,332.644348,5838.421387,12263.623047,20905.201172,-0.856802,-0.448240,-0.254895,0.100000,0.020000,1,0.617107
29.234034,18.944050,-0.242491,49.564484,-43.786674,-127.758347,2956.708740,-3610.249023,-11470.780273,-0.732844,-0.092918,0.674022,0.100000,0.020000,1,0.464429
29.001364,19.012922,0.434522,-4.476622,-8.670029,-3.901729,-829.151428,-1110.944458,-476.318726,-0.777491,-0.251999,0.576198,0.100000,0.020000,1,0.607569
28.718800,19.056515,0.290378,100.473526,-246.062317,-448.705414,5626.595703,-15898.205078,-27450.599609,-0.846815,-0.523122,0.096166,0.100000,0.020000,1,0.973923
28.360447,18.603682,0.039739,-381.165405,315.060852,-599.913879,-26265.904297,17698.691406,-37057.089844,-0.828405,-0.529966,-0.181332,0.100000,0.020000,1,0.574115
28.884329,19.346067,0.287845,99.162338,-71.230972,-389.214233,6232.689453,-3567.238770,-24092.189453,-0.823802,-0.528545,0.204915,0.100000,0.020000,1,0.923458
29.142614,20.015867,-0.717412,166.851929,262.009460,-173.200043,11662.174805,20252.876953,-13665.681641,-0.832974,-0.548261,-0.074594,0.100000,0.020000,1,0.263316
29.161409,18.949425,-0.643518,45.062592,3.024773,-9.463234,2040.107422,-1296.934692,-2652.468750,-0.697382,0.013893,-0.716565,0.100000,0.020000,1,0.540892
29.322859,19.145798,0.679527,-18.030411,51.101646,13.367035,-684.451294,3306.882324,1325.085449,-0.728684,-0.166901,0.664202,0.100000,0.020000,1,0.507991
28.579952,19.469126,-0.694081,-52.909805,112.479736,-58.974915,-5543.449707,8496.570312,-4596.644043,-0.770608,-0.283631,-0.570716,0.100000,0.020000,1,0.008338
29.035673,19.118898,-0.357087,51.130024,-34.348644,36.226372,2150.398193,-1637.973145,1629.898438,-0.763023,-0.342442,-0.548205,0.100000,0.020000,1,0.711062
27.914217,20.321644,-1.132557,-215.557404,368.698578,-470.523499,-10729.897461,10365.270508,-11801.958008,-0.794640,-0.451467,0.405863,0.100000,0.020000,1,0.618263
28.538908,18.397263,-0.667863,65.556519,25.816792,750.789856,2658.875244,-1326.142334,45567.410156,-0.801701,-0.531939,-0.272610,0.100000,0.020000,1,0.918226
28.618793,19.097971,0.080570,36.554344,-31.501442,-33.485809,1282.829712,-2084.937012,-1839.615967,-0.828872,-0.559160,0.017649,0.100000,0.020000,1,0.320810
29.020090,18.325981,-1.109586,92.646049,-230.655014,-220.813751,-0.622559,-5922.946777,-6367.144531,-0.763073,-0.456646,-0.457377,0.100000,0.020000,1,0.460479
29.703156,20.078354,-0.556783,273.276855,209.919250,-181.979126,7473.898926,2287.867676,-4817.295410,-0.857655,-0.514225,0.000599,0.100000,0.020000,1,0.172065
28.511742,18.891830,0.444934,-14.937805,37.304985,-75.780090,-3235.064453,1527.613403,-4988.660645,-0.734524,-0.349757,0.581502,0.100000,0.020000,1,0.914240
28.263840,18.672642,0.237453,33.768318,55.760571,22.242851,-527.856140,1866.072144,3714.721924,-0.759090,-0.534699,-0.371322,0.100000,0.020000,1,0.242905
28.813435,18.903822,-0.037817,-142.943970,74.029541,-7.629660,-9029.022461,4025.152344,-694.952148,-0.774271,-0.632663,0.015583,0.100000,0.020000,1,0.779855
28.415028,18.437292,0.236542,73.064743,11.938595,-366.278961,2927.354980,-1834.039307,-22474.107422,-0.770732,-0.629802,0.096546,0.100000,0.020000,1,0.729390
29.034292,19.050800,-0.579905,-337.416779,161.044907,307.894165,-21670.892578,9979.097656,19263.113281,-0.721611,-0.277505,-0.634247,0.100000,0.020000,1,0.634990
28.714832,19.121929,0.343248,-193.131409,-268.121277,218.893066,-12236.846680,-17136.880859,14019.165039,-0.761135,-0.387784,0.519902,0.100000,0.020000,1,0.117080
28.390903,18.474548,-0.075844,7.336102,56.956192,-185.230957,-1252.260864,1251.921997,-11748.481445,-0.752132,-0.654920,-0.073333,0.100000,0.020000,1,0.414836
28.644466,18.838884,0.630607,189.177399,-80.202179,-45.985390,9860.137695,-6074.366211,-2628.190430,-0.699933,-0.260777,0.664898,0.100000,0.020000,1,0.695598
28.092791,19.169521,-0.428274,-189.907684,77.133240,15.839125,-14038.453125,5439.398926,939.285706,-0.710620,-0.449465,-0.541295,0.100000,0.020000,1,0.782382
28.778753,19.207436,0.536684,9.981966,32.047615,14.385815,-120.956253,2646.469238,1399.338135,-0.730163,-0.472794,0.493282,0.100000,0.020000,1,0.127329
28.699432,19.134363,-0.306761,-148.301971,-785.007507,129.111542,-9837.628906,-48973.085938,7848.869141,-0.704958,-0.653200,-0.276339,0.100000,0.020000,1,0.377272
27.933222,18.833969,0.750842,-129.127411,104.305931,-9.775188,-11779.807617,5876.058594,1763.565308,-0.716450,-0.664250,0.213239,0.100000,0.020000,1,0.271768
28.041876,19.516163,-0.503949,-128.222626,116.834991,-93.482941,-11243.195312,9507.461914,-7383.461426,-0.721039,-0.670295,-0.175524,0.100000,0.020000,1,0.171656
28.608824,18.873833,0.254066,47.045883,76.159073,80.644989,2112.303711,4310.623047,5138.870605,-0.700820,-0.653773,0.285363,0.100000,0.020000,1,0.764179
29.623207,19.807714,0.090920,175.979797,160.829803,135.541077,13400.210938,13337.603516,11226.224609,-0.680631,-0.347101,-0.645183,0.100000,0.020000,1,0.936109
28.693159,18.704252,0.322875,141.766388,-111.001312,-109.096756,8046.321777,-8232.469727,-7285.409668,-0.677573,-0.546275,0.492420,0.100000,0.020000,1,0.628015
28.575960,18.666891,0.621356,39.170071,-9.294682,-199.669281,1384.569214,-1874.860840,-11348.506836,-0.674528,-0.634188,0.377914,0.100000,0.020000,1,0.846656
28.438766,18.799986,-0.043267,11.638294,-45.837643,13.226887,1028.695435,-1896.102295,822.048462,-0.682415,-0.730458,0.027229,0.100000,0.020000,1,0.407932
28.570484,18.870382,0.123293,28.150593,-4.786121,-25.747307,996.659790,-652.745361,-1516.030273,-0.675217,-0.728699,0.114366,0.100000,0.020000,1,0.074925
28.121922,21.033009,0.124538,-250.208084,554.377197,-155.306915,-1106.227539,27166.679688,-2800.143555,-0.667243,-0.348232,0.658423,0.100000,0.020000,1,0.561801
28.608337,18.859903,-0.498397,5.250690,-35.762459,-23.615776,-996.355347,-3153.274170,-2102.952637,-0.757903,-0.504056,-0.414138,0.100000,0.020000,1,0.074729
28.726944,19.041916,0.581516,205.197800,-75.107910,-174.936249,11884.384766,-4595.229004,-10693.394531,-0.665864,-0.461510,0.586203,0.100000,0.020000,1,0.392718
29.120117,18.663824,-0.733340,100.041367,-10.272697,-52.515030,7131.404785,-1984.426636,-4487.076172,-0.657111,-0.533083,-0.532942,0.100000,0.020000,1,0.656913
26.685656,19.257139,-0.291826,-416.808899,274.448029,20.988695,-21894.453125,5537.318359,686.453613,-0.662137,-0.647948,-0.376481,0.100000,0.020000,1,0.472152
28.632421,18.861406,0.064259,122.264160,-78.936554,40.699524,7173.671875,-5302.087402,2118.250488,-0.655292,-0.727706,0.202574,0.100000,0.020000,1,0.675295
29.363964,18.182978,-0.267753,33.441589,10.117020,19.709694,4234.611816,-2542.632324,1756.801636,-0.634160,-0.621830,-0.459530,0.100000,0.020000,1,0.508738
28.618433,19.030489,-0.138432,5.263394,-102.572418,-12.811127,-205.490646,-6008.954590,-790.319031,-0.639029,-0.750592,-0.168090,0.100000,0.020000,1,0.248528
28.797068,18.866545,0.501004,71.675690,-75.724213,39.841049,4303.646973,-5420.140137,3406.290283,-0.720193,-0.605548,0.338577,0.100000,0.020000,1,0.147206
28.477160,18.499901,1.463038,34.105049,20.848640,227.458008,613.623413,-441.768982,18818.611328,-0.610842,-0.640491,0.465450,0.100000,0.020000,1,0.773983
28.556984,19.056383,-0.543846,-14.800285,26.134468,-32.673927,-1890.107666,2303.634277,-3084.729248,-0.605908,-0.713347,-0.352152,0.100000,0.020000,1,0.645881
28.709309,18.825563,-0.222851,114.312531,-181.265289,-51.470390,6995.689941,-11760.505859,-3209.158936,-0.615344,-0.739304,-0.273462,0.100000,0.020000,1,0.287890
28.106859,18.826057,-0.142481,-72.344986,65.921234,7.835914,-7097.563477,3981.848877,-198.506927,-0.593547,-0.804329,0.027515,0.100000,0.020000,1,0.861426
29.292463,18.845509,-1.822488,224.875854,-28.283230,-553.021179,16424.492188,-1944.246338,-43558.234375,-0.595853,-0.748318,0.291512,0.100000,0.020000,1,0.217672
28.345320,18.549225,-0.062448,286.874756,-154.740723,-192.157776,16593.582031,-10999.066406,-12749.778320,-0.567197,-0.817329,0.101296,0.100000,0.020000,1,0.193134
28.885778,18.630140,-0.154629,26.514404,-415.025757,-32.535973,2349.577393,-27286.138672,-2417.107422,-0.614492,-0.784893,-0.079640,0.100000,0.020000,1,0.004049
29.163559,18.568678,0.453573,-278.449158,180.708511,489.786133,-15971.876953,10194.319336,31446.214844,-0.561847,-0.732501,0.384409,0.100000,0.020000,1,0.856906
29.484510,19.552378,0.313955,227.347839,209.845001,109.610138,17565.052734,16238.433594,8871.200195,-0.556234,-0.811209,-0.180397,0.100000,0.020000,1,0.366737
28.058491,18.687843,0.426971,-107.590576,104.453308,79.795013,-9526.700195,6015.476074,6153.626465,-0.545608,-0.816690,0.187960,0.100000,0.020000,1,0.729960
28.510283,18.428864,-0.226978,14.848991,15.858017,38.512489,142.812637,-669.491577,1757.100098,-0.552253,-0.830079,-0.077363,0.100000,0.020000,1,0.166673
28.563517,18.694544,-0.983923,-0.186039,59.199120,-48.191162,-1871.168457,2592.500732,-4839.847656,-0.614818,-0.444249,-0.651645,0.100000,0.020000,1,0.118165
28.615553,18.891285,-0.409962,79.088913,-109.954620,42.462509,3944.653564,-6890.310059,2883.408936,-0.558587,-0.629831,-0.539717,0.100000,0.020000,1,0.163150
28.411331,18.579411,-0.164114,633.027832,-350.121277,140.413513,38649.191406,-23058.414062,9126.352539,-0.522904,-0.809389,-0.267322,0.100000,0.020000,1,0.871551
28.979446,19.243305,-0.538313,13.139366,4.341507,32.569176,-225.064255,964.943115,2380.243896,-0.669469,-0.162067,-0.724945,0.100000,0.020000,1,0.245842
29.951574,19.258528,-0.052460,367.737305,132.174942,-127.625198,27974.072266,10106.984375,-9968.570312,-0.527180,-0.703266,0.476967,0.100000,0.020000,1,0.543330
29.532637,18.326946,-1.190425,191.929138,-56.629654,-155.519348,15382.065430,-5528.132324,-13481.542969,-0.498914,-0.784240,-0.368852,0.100000,0.020000,1,0.780745
29.772617,18.180166,1.421566,328.233582,-120.972137,258.006897,14582.588867,-1946.052734,24631.726562,-0.475497,-0.873613,0.103458,0.100000,0.020000,1,0.275558
28.172226,18.965219,-0.659968,-112.212433,-7.881723,-164.251801,-11202.536133,-771.149841,-10553.700195,-0.639079,-0.258604,-0.724363,0.100000,0.020000,1,0.070405
29.660387,17.880554,-0.982682,133.451630,-58.765808,75.110161,11357.890625,-8005.995605,2918.333008,-0.563549,-0.518330,-0.643231,0.100000,0.020000,1,0.873633
27.609276,18.723886,0.342640,-204.713135,148.229370,-86.512390,-9794.150391,-1273.610596,-1184.328125,-0.587873,-0.544337,0.598417,0.100000,0.020000,1,0.109321
28.877398,17.991739,0.040578,89.102715,-9.573236,-155.701385,2289.928467,-10967.614258,-3260.675049,-0.529576,-0.623220,0.575453,0.100000,0.020000,1,0.421544
29.095051,18.356993,-0.797815,86.375854,-79.542938,-295.794250,6865.883301,-6791.461914,-23410.544922,-0.481788,-0.781748,0.395918,0.100000,0.020000,1,0.313176
28.364532,18.598991,0.283684,640.350769,-330.872986,363.257385,39051.394531,-21464.855469,23382.412109,-0.453538,-0.867054,0.206205,0.100000,0.020000,1,0.637802
28.414722,18.765497,-0.134579,257.789398,-291.787323,-370.582703,15133.228516,-18284.541016,-23298.097656,-0.450322,-0.873556,-0.184686,0.100000,0.020000,1,0.842439
29.568624,19.168251,0.706446,190.509216,51.130417,261.497192,15766.872070,5061.743652,19705.687500,-0.449754,-0.890426,-0.069731,0.100000,0.020000,1,0.373713
28.657757,18.564629,-0.112999,-99.197647,67.495613,111.469376,-6317.387207,3570.861572,6561.168457,-0.450746,-0.892652,0.000745,0.100000,0.020000,1,0.846692
28.362591,18.487724,0.576484,319.649139,-124.318832,2.289919,17631.144531,-9577.237305,197.914902,-0.551686,-0.505434,0.663460,0.100000,0.020000,1,0.056080
28.784107,18.804569,-0.394818,227.815460,-516.589966,-366.751831,14175.138672,-32638.621094,-22906.570312,-0.493579,-0.687124,-0.533141,0.100000,0.020000,1,0.730155
28.390837,18.586220,-0.072526,255.405701,-130.213745,-252.975494,14818.586914,-8793.620117,-15314.525391,-0.434596,-0.859388,-0.269404,0.100000,0.020000,1,0.934544
28.669357,18.996693,-0.517987,21.673431,7.548832,-5.291998,484.419128,749.809814,-660.928467,-0.612146,-0.597821,-0.517578,0.100000,0.020000,1,0.008053
28.523201,18.383003,0.370012,-12.099613,63.582588,152.925873,-2083.010986,2296.350098,9232.420898,-0.471615,-0.686147,0.553878,0.100000,0.020000,1,0.055173
28.595440,18.154526,-0.726834,75.089218,4.416082,-147.315186,-3435.526855,-7674.358398,-33123.921875,-0.474261,-0.823032,0.312562,0.100000,0.020000,1,0.419160
27.892519,20.200817,-0.209492,-197.764679,403.711914,-106.807297,-15887.857422,31733.000000,-8686.066406,-0.412494,-0.859784,0.301031,0.100000,0.020000,1,0.689744
29.202848,17.803839,-1.093787,225.122467,-112.715294,-179.591248,4463.183594,-6969.997070,-5138.134277,-0.493184,-0.728268,-0.475810,0.100000,0.020000,1,0.095175
28.531376,18.623959,0.173822,22.414112,-3.757389,29.828106,365.118683,-704.286865,896.247253,-0.423837,-0.766571,0.482423,0.100000,0.020000,1,0.412309
29.571493,19.132135,0.588454,156.973145,59.546814,5.112043,12225.314453,4538.809570,371.636536,-0.586691,-0.441631,0.678790,0.100000,0.020000,1,0.001415
27.951200,19.798807,-0.147266,-173.387634,264.115662,-191.927948,2543.494141,12037.812500,-3539.233887,-0.373713,-0.851502,-0.367809,0.100000,0.020000,1,0.419925
28.499334,18.435230,0.161227,8.647801,11.672201,-36.877861,-428.330414,-239.914337,-3061.074951,-0.364523,-0.842662,0.396286,0.100000,0.020000,1,0.927372
28.575438,18.754623,0.003464,-214.132507,-568.994568,396.652893,-13929.943359,-35379.281250,24330.750000,-0.334581,-0.920244,0.202993,0.100000,0.020000,1,0.202031
28.553267,18.178873,-0.206113,-137.509293,89.348091,-98.289246,-10697.402344,4369.785156,-5138.667969,-0.338916,-0.937476,-0.079217,0.100000,0.020000,1,0.115300
29.081396,18.330238,-0.492024,-36.221725,50.365913,-63.218628,-899.111328,1796.002930,-4480.275879,-0.350764,-0.826061,-0.441121,0.100000,0.020000,1,0.002163
28.756647,18.455320,-0.196513,-239.749084,118.120071,-48.603569,-14831.809570,6799.076660,-2975.557617,-0.316067,-0.913183,-0.257291,0.100000,0.020000,1,0.490445
28.598560,18.553776,-0.002527,-26.714478,17.129393,-44.668549,-1923.779053,843.446228,-2903.171631,-0.322876,-0.946217,0.020588,0.100000,0.020000,1,0.056507
28.714064,18.609974,0.215881,73.770004,16.673115,-77.061829,2199.482910,416.178528,-4774.239258,-0.312764,-0.942729,0.115932,0.100000,0.020000,1,0.440958
28.986370,18.735785,0.365661,-346.121338,165.994415,308.738403,-21589.220703,10161.441406,18658.068359,-0.465280,-0.585283,0.664047,0.100000,0.020000,1,0.983354
28.787260,19.637451,-0.322124,58.673676,234.627014,52.531906,3357.212646,18490.576172,4170.049316,-0.420663,-0.662585,-0.619697,0.100000,0.020000,1,0.802828
28.478312,18.529802,-0.427425,79.728172,-12.622234,46.535904,3678.442871,-1517.028931,3049.160889,-0.380417,-0.754686,-0.534539,0.100000,0.020000,1,0.344352
28.933840,18.373003,-0.026756,10.310810,-17.236061,64.064156,1387.239380,-2229.717041,2284.679199,-0.331569,-0.821476,0.463938,0.100000,0.020000,1,0.774500
28.697100,18.362951,0.058252,381.805664,-343.904114,-504.479370,24122.166016,-22662.230469,-32633.859375,-0.290396,-0.911502,0.291263,0.100000,0.020000,1,0.769392
28.695072,18.636353,-0.499536,12.701754,6.141841,30.019985,454.401947,114.967941,1543.106934,-0.387106,-0.781774,-0.488854,0.100000,0.020000,1,0.155392
28.579300,18.527775,-0.423705,65.779160,23.186729,384.096588,3615.776611,1251.055908,23706.519531,-0.271332,-0.897691,-0.347174,0.100000,0.020000,1,0.599205
29.238874,19.160547,0.877799,181.945892,195.805420,274.414673,4745.128418,11216.855469,6732.528809,-0.226752,-0.969987,-0.087800,0.100000,0.020000,1,0.560466
28.638029,18.800091,-0.544036,17.942368,44.418076,-120.934814,1065.567261,3954.984619,-9940.123047,-0.227300,-0.973780,0.009332,0.100000,0.020000,1,0.803647
28.244205,18.520439,0.042687,-55.329453,47.087036,256.499969,-5222.636719,2978.823975,16028.315430,-0.219624,-0.970859,0.095910,0.100000,0.020000,1,0.636894
28.712036,19.918289,1.789142,4.756562,313.477051,407.749634,-306.690033,23873.093750,31557.468750,-0.629527,-0.621279,0.466592,0.100000,0.020000,1,0.102293
28.492729,18.695177,0.455920,49.053391,-19.651058,51.052872,1681.427734,-1250.093018,3051.809570,-0.366443,-0.723799,0.584666,0.100000,0.020000,1,0.494787
29.030029,19.038935,-0.764177,115.911011,115.007935,-348.787659,4137.589844,11934.372070,-8071.689453,-0.259279,-0.882089,0.393311,0.100000,0.020000,1,0.569328
28.669743,18.631420,-0.284322,-4.598802,47.000656,-12.006218,-289.752869,3486.253174,-1292.757080,-0.203078,-0.961723,-0.183980,0.100000,0.020000,1,0.915681
28.390816,18.279835,0.364715,35.833347,-18.515503,161.095795,146.470490,-3097.230469,9343.939453,-0.395415,-0.637258,0.661475,0.100000,0.020000,1,0.838453
26.203112,19.535738,1.818556,-620.420471,424.334015,576.232300,-44327.562500,12037.974609,-9943.162109,-0.184748,-0.947803,-0.259878,0.100000,0.020000,1,0.855411
28.181267,18.393648,-0.532391,58.237946,111.421074,-181.124725,-12665.866211,-39941.554688,-14685.929688,-0.271493,-0.787150,-0.553792,0.100000,0.020000,1,0.964100
29.255280,18.232294,0.641022,175.226898,-58.481441,120.703758,8031.201172,-547.631104,2396.863037,-0.178772,-0.961004,0.210980,0.100000,0.020000,1,0.389639
28.844559,18.867441,-0.695423,-164.490967,111.448875,174.371964,-11027.271484,7092.468262,10661.203125,-0.489836,-0.489782,-0.721231,0.100000,0.020000,1,0.231624
28.693718,18.665373,-0.630721,166.344315,-78.989944,105.102127,9800.847656,-5013.959961,6254.948242,-0.329123,-0.698407,-0.635536,0.100000,0.020000,1,0.519432
29.973133,18.861925,-0.193823,372.128906,-1.304043,-2.960785,13999.800781,1759.450195,10857.185547,-0.261049,-0.778643,0.570587,0.100000,0.020000,1,0.230822
27.685886,19.400217,-0.978184,-210.879227,228.671997,-146.095306,-10632.410156,15796.751953,-11733.544922,-0.209830,-0.864752,-0.456262,0.100000,0.020000,1,0.200874
27.175436,19.074333,0.376834,-331.674500,221.785065,144.804993,-27372.214844,16549.500000,11982.703125,-0.141146,-0.923362,-0.357043,0.100000,0.020000,1,0.451528
28.810259,18.368334,-0.219044,-232.077240,-35.084648,183.862579,-14045.936523,-2384.317627,10676.312500,-0.094744,-0.995494,0.003904,0.100000,0.020000,1,0.872192
29.151138,17.833694,0.374358,44.478992,39.194416,208.065277,-1521.160645,-12693.226562,8935.601562,-0.090827,-0.982992,-0.159613,0.100000,0.020000,1,0.515998
28.162249,18.404629,0.401359,-20.260168,36.834572,75.125900,-6510.106445,-1616.456299,1596.884033,-0.082569,-0.994392,-0.066077,0.100000,0.020000,1,0.598476
28.572905,18.544672,0.582493,-190.889648,-26.858715,-203.644104,-12678.388672,-1380.295654,-11773.624023,-0.144603,-0.913096,0.381243,0.100000,0.020000,1,0.297036
28.756119,18.429739,0.201703,-66.172089,-151.276459,-88.183472,-3879.782471,-9389.769531,-5395.076660,-0.069747,-0.979459,0.189197,0.100000,0.020000,1,0.178418
28.793507,18.631199,0.523844,-2.878128,25.365337,86.438797,-564.360657,1463.044434,5269.017578,-0.313064,-0.673895,0.669221,0.100000,0.020000,1,0.170108
29.691336,19.474249,0.319546,270.234924,267.747375,-44.022747,16497.710938,9141.680664,-2453.067871,-0.186303,-0.812117,0.552953,0.100000,0.020000,1,0.321575
28.672752,18.275961,-0.848520,-18.380455,-52.798798,-147.482117,-263.782349,2005.405762,-7648.183105,-0.123647,-0.880763,-0.457130,0.100000,0.020000,1,0.651592
28.380217,18.278784,-0.016735,-5.172033,27.041115,-9.620311,-3509.134277,-5079.332520,-3036.814453,-0.126352,-0.941451,0.312577,0.100000,0.020000,1,0.076064
30.236717,18.665443,-0.089184,473.447998,-1.033066,87.411957,36340.238281,1401.596680,4804.892578,0.018481,-0.995235,0.095734,0.100000,0.020000,1,0.513346
27.516832,19.816423,-1.284799,-252.492920,450.367767,-362.448242,-14347.679688,17201.347656,-34893.578125,0.019800,-0.996096,-0.086022,0.100000,0.020000,1,0.935682
29.284582,18.633377,-0.569215,-204.937317,-147.669525,68.285294,-11147.277344,-9091.606445,4215.072266,-0.226071,-0.731617,-0.643139,0.100000,0.020000,1,0.709816
28.777182,18.838881,-0.582257,41.637413,-0.907867,6.414633,2532.715332,1294.217163,-58.205097,-0.172932,-0.813772,-0.554860,0.100000,0.020000,1,0.082309
28.836506,18.429844,0.343337,31.890205,-7.223875,-8.053848,2290.106201,-485.707458,-786.581970,-0.094424,-0.870821,0.482446,0.100000,0.020000,1,0.121956
27.818203,18.603264,-0.092164,-259.436279,172.480759,41.649117,-17093.714844,5029.613281,2950.664062,-0.018829,-0.937295,-0.348028,0.100000,0.020000,1,0.611377
31.689531,18.411190,-0.367033,908.474182,-30.224434,-124.403130,27042.746094,-2588.697266,-5132.927734,0.040332,-0.982617,-0.181209,0.100000,0.020000,1,0.556783
28.735491,18.758844,-0.626105,27.552555,-6.705873,27.415359,937.437805,-618.225159,1494.155151,-0.457791,-0.584018,-0.670336,0.100000,0.020000,1,0.027929
30.604353,18.071093,0.359694,452.798218,-81.237488,-43.845306,35846.679688,-7249.671387,-3591.635254,-0.223729,-0.721353,0.655435,0.100000,0.020000,1,0.662465
28.914911,20.056194,-1.271321,16.428093,561.369141,-370.288940,2772.481934,19385.187500,-14472.405273,-0.006710,-0.958436,-0.285227,0.100000,0.020000,1,0.009708
28.897221,18.409788,0.444617,-219.334900,-132.754852,-205.681549,-13219.713867,-8127.761230,-12496.370117,-0.003741,-0.922365,0.386302,0.100000,0.020000,1,0.758858
28.128756,19.558350,0.468854,-125.144684,416.004456,64.980377,-16489.980469,19794.503906,11154.050781,0.058959,-0.979978,0.190175,0.100000,0.020000,1,0.933885
27.937849,18.595024,-0.805482,269.368286,-137.084015,-67.971947,12804.274414,-9196.280273,-5100.857910,-0.363513,-0.591435,-0.719766,0.100000,0.020000,1,0.243795
28.686077,18.490217,0.477131,3.130373,-102.090698,-34.335785,-199.261475,-6429.199219,-2007.253540,-0.146563,-0.843661,0.516483,0.100000,0.020000,1,0.194682
28.937105,18.025982,0.573521,-466.389069,290.092682,343.005493,-28922.158203,16597.380859,22049.939453,-0.080264,-0.822837,0.562581,0.100000,0.020000,1,0.783397
28.759027,18.521360,-0.263550,9.842905,41.387100,36.648575,421.634979,2983.566162,3165.617676,-0.078409,-0.831321,-0.550234,0.100000,0.020000,1,0.261589
28.871704,18.081335,-0.420284,-212.593384,148.896317,413.763916,-13000.060547,8268.739258,25942.910156,0.001060,-0.895233,-0.445597,0.100000,0.020000,1,0.576090
28.878672,18.137213,-0.437238,-191.478302,85.763596,185.707062,-11459.032227,4810.684570,10805.256836,0.066380,-0.964282,-0.256425,0.100000,0.020000,1,0.449322
27.515316,20.070959,1.978291,-401.548065,468.480225,449.613708,-5819.510742,23122.976562,14392.460938,0.002090,-0.872883,0.487925,0.100000,0.020000,1,0.985382
29.227030,17.789877,-2.287290,154.217560,-2.544456,-487.609497,-8843.582031,-11822.246094,-21609.146484,0.074583,-0.932600,-0.353121,0.100000,0.020000,1,0.846176
28.430920,18.392490,0.287177,-50.479446,-211.230499,-324.846985,-4512.977539,-12796.129883,-20392.267578,0.091823,-0.947477,0.306360,0.100000,0.020000,1,0.564791
29.325773,17.732868,2.890979,211.635529,-87.511803,846.726013,-6465.414551,-3277.255371,7640.662598,0.150758,-0.988555,0.005652,0.100000,0.020000,1,0.310951
28.875986,18.661144,-0.629471,-4.568544,-83.610596,-217.968277,-78.248039,-9577.684570,-8890.139648,-0.133015,-0.755585,-0.641403,0.100000,0.020000,1,0.584347
28.898542,19.367552,-1.312616,109.303879,253.685974,-352.738281,3314.515625,16353.268555,-9583.592773,-0.152464,-0.966083,-0.208419,0.100000,0.020000,1,0.016167
29.046824,17.931210,-0.458887,54.192795,-24.296429,-113.288284,4710.639160,-2638.358398,-9475.033203,0.165042,-0.979618,0.114495,0.100000,0.020000,1,0.562459
29.666056,21.544827,-1.101822,324.886597,1017.081482,-251.002136,-2100.779297,37644.417969,-31435.416016,0.170312,-0.970509,-0.170605,0.100000,0.020000,1,0.450745
28.856972,18.003531,0.459419,-259.106567,162.155106,40.794346,-19678.734375,4377.517090,3883.964844,0.170163,-0.965005,0.199522,0.100000,0.020000,1,0.359619
28.945591,18.341948,-0.096387,-962.363464,-1170.391235,62.757317,-59886.800781,-73219.648438,3855.296387,0.177569,-0.980552,-0.083592,0.100000,0.020000,1,0.815765
28.870855,18.992842,-1.931838,53.925896,208.426926,-392.442230,2589.071045,9770.130859,-19345.804688,0.021622,-0.847729,-0.529989,0.100000,0.020000,1,0.897993
28.593876,18.169720,-0.318033,51.453602,-25.376324,818.928711,2743.591797,-1884.106934,50255.542969,0.111383,-0.993322,0.030080,0.100000,0.020000,1,0.004280
28.277973,19.092468,-0.037307,-112.030869,282.285004,0.832336,-7597.310059,10877.183594,10160.023438,0.180307,-0.945157,-0.272338,0.100000,0.020000,1,0.656361
28.412424,18.503693,0.880312,-27.744003,43.823883,67.674423,-3706.363525,2780.844482,5564.953125,-0.131599,-0.728911,0.671841,0.100000,0.020000,1,0.342981
28.712221,18.365444,0.466108,-59.818695,-63.828697,-203.116272,-4198.320312,-3601.935791,-12543.157227,0.112313,-0.875290,0.470376,0.100000,0.020000,1,0.707538
28.925987,18.359417,0.822994,32.877209,-32.002949,152.856064,2694.103027,-1276.826538,12082.411133,0.192688,-0.939532,0.283108,0.100000,0.020000,1,0.444873
29.720778,18.102545,0.507365,231.488129,-49.982849,7.486029,18273.376953,-4094.063721,573.989685,0.050403,-0.821092,0.568566,0.100000,0.020000,1,0.793646
29.084639,18.086735,-0.043994,-433.195831,-426.669037,-48.942490,-25758.593750,-27725.792969,-3670.595703,0.064574,-0.991615,0.111940,0.100000,0.020000,1,0.065404
28.779009,18.092545,-0.222801,187.525726,-105.828293,-167.901245,11717.969727,-7021.567871,-10248.427734,0.209746,-0.908794,-0.360693,0.100000,0.020000,1,0.296894
30.055975,18.081926,1.238068,428.297302,-120.340134,398.213196,15506.610352,-5353.518555,13208.214844,0.281189,-0.955916,-0.084608,0.100000,0.020000,1,0.540697
28.780752,18.085907,-0.271503,444.048431,-347.651062,665.361328,28015.875000,-21997.818359,40856.371094,0.286785,-0.957993,0.002011,0.100000,0.020000,1,0.941804
29.193645,18.375904,-1.473185,23.393631,-65.103195,-271.277588,2650.522705,-4932.400391,-20746.396484,-0.202801,-0.670723,-0.713444,0.100000,0.020000,1,0.508275
27.163933,19.237806,0.219612,-423.774536,206.016724,180.786560,-14384.777344,13976.190430,7780.287109,-0.028053,-0.765064,-0.643343,0.100000,0.020000,1,0.783059
30.446917,17.147081,3.236973,469.399780,-265.684937,830.953613,36536.792969,-21336.732422,64534.882812,0.132569,-0.904070,0.406304,0.100000,0.020000,1,0.223456
28.765032,18.060190,-0.111669,-516.862610,299.495331,-229.569138,-32786.496094,18783.990234,-14379.129883,0.303736,-0.938741,-0.162816,0.100000,0.020000,1,0.787952
28.804827,18.057245,-0.041475,169.830399,-122.397705,421.350708,10744.705078,-7843.199707,26024.019531,0.306352,-0.945274,0.112270,0.100000,0.020000,1,0.453646
27.802835,18.612137,1.296291,-221.795883,206.757034,320.284180,-8529.019531,-11014.889648,23743.855469,0.302953,-0.932737,0.195502,0.100000,0.020000,1,0.990472
28.653673,18.331432,0.114391,-159.638992,12.882626,140.265701,-10499.890625,1018.485107,8095.843750,0.073430,-0.934590,0.348066,0.100000,0.020000,1,0.091865
27.297224,20.316179,-4.270337,-358.085022,624.629883,-1234.948975,-36732.902344,33567.171875,-68244.953125,0.143070,-0.836226,-0.529393,0.100000,0.020000,1,0.924899
29.384840,18.662018,0.491630,210.952148,115.600784,327.786438,13144.520508,5627.857422,7725.595215,0.156806,-0.871516,-0.464620,0.100000,0.020000,1,0.170855
28.930901,17.960846,-0.277073,-256.262665,152.110336,395.426849,-16910.052734,7333.282227,24972.640625,0.308341,-0.910689,-0.274903,0.100000,0.020000,1,0.818986
28.284472,18.334064,-0.902100,-153.510010,101.701668,-44.458950,-4273.005859,1671.117432,628.797363,0.233016,-0.857027,-0.459574,0.100000,0.020000,1,0.621573
28.975712,18.507471,-0.295213,82.515076,-412.767151,208.596497,5735.218750,-24328.443359,13153.858398,0.311483,-0.885872,-0.343814,0.100000,0.020000,1,0.445638
28.649151,18.486877,0.614116,7.769440,-53.970909,-94.792603,-540.574585,-3084.839600,-5807.787598,-0.026163,-0.738880,0.673329,0.100000,0.020000,1,0.239720
28.892639,18.328135,-0.506366,-71.639030,-31.554039,28.172836,-4516.123535,-2010.686035,1929.352905,0.058511,-0.767385,-0.638511,0.100000,0.020000,1,0.793308
28.812889,18.054214,1.552048,-77.664207,47.780411,272.191864,-5096.774902,2968.840332,22551.248047,0.346817,-0.883740,0.314200,0.100000,0.020000,1,0.507866
29.579897,17.586149,0.454804,193.911514,-100.026123,32.665558,14949.260742,-11245.773438,1386.125000,0.170821,-0.792520,0.585433,0.100000,0.020000,1,0.266572
30.028742,19.467974,-1.916745,305.339294,379.994232,-399.298340,10628.453125,14736.677734,-20834.582031,0.234442,-0.802265,-0.549006,0.100000,0.020000,1,0.960132
29.103922,18.549599,0.393714,-247.881592,51.239853,125.906677,-14718.493164,4933.479492,7886.375977,0.267176,-0.835280,0.480547,0.100000,0.020000,1,0.313407
28.779884,18.208038,-0.612179,-196.377563,-161.656036,121.497597,-12882.312500,-9715.847656,6677.795898,0.329254,-0.834754,-0.441337,0.100000,0.020000,1,0.961556
28.903036,17.985764,0.197575,-128.068848,74.979523,-314.376587,-8058.795410,4634.668945,-20054.632812,0.420922,-0.858832,0.291945,0.100000,0.020000,1,0.656610
26.461926,19.386311,-0.482711,-748.766907,432.332520,-63.903042,-38553.523438,22247.011719,-9848.531250,0.442626,-0.879683,-0.173897,0.100000,0.020000,1,0.629171
28.538137,18.243044,-0.488500,82.828339,-31.022148,-230.220901,3625.007812,-2931.490234,-14023.912109,-0.092025,-0.689979,-0.717956,0.100000,0.020000,1,0.942337
28.459866,18.232800,-0.252678,-42.040207,99.843445,61.378983,-4985.668945,-10833.188477,2422.684570,0.164735,-0.764146,-0.623653,0.100000,0.020000,1,0.681718
29.412621,17.754602,0.329643,-778.740112,416.003540,132.532684,-47099.066406,24496.128906,7702.659668,0.241783,-0.781853,0.574672,0.100000,0.020000,1,0.448628
29.017611,17.910786,0.500370,-495.429901,287.246429,-143.882324,-31196.308594,16878.992188,-8692.718750,0.331662,-0.815434,0.474413,0.100000,0.020000,1,0.218473
29.044149,18.365017,-0.172917,25.236649,109.770569,-133.328247,1288.966064,7201.665039,-9851.209961,0.350564,-0.851806,0.389270,0.100000,0.020000,1,0.252283
28.646276,18.125174,-0.254379,1429.787842,-825.263611,858.104736,89258.726562,-51589.597656,53041.218750,0.445478,-0.895100,0.018600,0.100000,0.020000,1,0.226267
28.881609,18.081114,0.367801,-20.037395,16.354717,146.848831,-1457.184448,288.327606,8516.242188,0.151516,-0.749058,0.644946,0.100000,0.020000,1,0.639919
29.729996,18.546915,-0.358151,-272.627563,-10.061798,68.876007,-19893.695312,-4892.591797,5601.047852,0.461260,-0.879342,0.118309,0.100000,0.020000,1,0.178578
29.062895,18.037958,-0.232126,-15.324476,-105.184998,-27.170986,-413.171783,-6512.367188,-1373.160156,0.432844,-0.822267,-0.369491,0.100000,0.020000,1,0.752309
28.777100,18.049644,-0.404160,-254.956711,147.514725,-406.726929,-16661.216797,9541.973633,-27086.101562,0.470798,-0.878433,-0.081888,0.100000,0.020000,1,0.044158
27.622648,18.716167,0.173447,-426.041229,246.584991,52.532425,-12992.414062,7356.252930,24917.683594,0.530748,-0.847470,0.010007,0.100000,0.020000,1,0.566250
29.186489,17.813282,0.292435,139.909958,-80.226685,88.168068,12971.163086,-7621.133301,1334.322144,0.529551,-0.842174,0.101584,0.100000,0.020000,1,0.654279
29.168480,17.829384,0.094618,164.872223,-190.114197,-628.519470,11381.971680,-12376.784180,-39028.593750,0.532503,-0.843527,-0.070021,0.100000,0.020000,1,0.517084
28.646725,18.141043,0.510082,656.506836,-377.393402,342.907074,40178.875000,-23245.916016,22363.892578,0.443013,-0.803454,0.397746,0.100000,0.020000,1,0.883135
28.740969,18.070505,0.010965,-36.132290,26.182812,669.612732,-4482.593750,-42.413307,41940.429688,0.525681,-0.828621,0.192475,0.100000,0.020000,1,0.451439
29.983374,18.878309,0.640737,229.539124,329.629272,272.354126,15604.591797,4752.052734,2296.937500,0.535461,-0.824145,-0.184571,0.100000,0.020000,1,0.814003
30.165535,19.229713,0.846688,332.042969,311.061127,370.611694,27715.507812,21248.093750,24235.136719,0.345419,-0.763540,-0.545612,0.100000,0.020000,1,0.408074
29.248684,18.085787,-0.446590,-170.988129,-94.393188,167.442139,-9615.706055,-5672.401367,10316.880859,0.432987,-0.778378,-0.454588,0.100000,0.020000,1,0.819430
28.265711,18.344894,-0.497970,-80.903351,131.557709,-131.093155,-19938.281250,-5859.719727,-14432.918945,0.444665,-0.757111,0.478597,0.100000,0.020000,1,0.419961
29.049000,17.897350,-1.324936,222.171021,-126.850204,-159.069092,14240.665039,-8182.698730,-14299.190430,0.529042,-0.768455,-0.359988,0.100000,0.020000,1,0.527209
29.565325,17.594563,-0.850639,105.436958,-59.998489,-335.915985,8840.248047,-5532.625488,-25883.728516,0.550099,-0.778024,0.303429,0.100000,0.020000,1,0.822011
27.821020,18.635641,0.821353,-402.331238,242.590820,54.792458,-8305.671875,4925.592773,4009.446289,0.357124,-0.739240,0.570953,0.100000,0.020000,1,0.566837
28.291422,18.330051,1.002629,-112.811104,65.134697,233.701950,-7902.457031,4558.473633,19908.962891,0.500337,-0.819811,-0.278519,0.100000,0.020000,1,0.017697
29.097151,17.864864,1.193379,164.548981,-80.758049,31.276470,5972.782715,-8523.923828,-1585.349609,0.525928,-0.753557,0.394399,0.100000,0.020000,1,0.946128
29.055937,17.961758,0.226343,-21.995575,-23.931946,-102.271851,-1282.609253,-1087.576782,-6190.470215,0.627176,-0.754903,0.191758,0.100000,0.020000,1,0.763662
31.882574,19.392988,-0.090514,846.902100,450.925171,4.974747,24278.722656,17041.281250,-2664.856445,0.637614,-0.766136,-0.080524,0.100000,0.020000,1,0.795995
28.970030,18.481693,-0.051169,-54.530563,178.317337,-99.886261,-4662.831055,6600.876953,-5626.405273,0.637667,-0.761905,0.113499,0.100000,0.020000,1,0.714496
28.595407,18.281654,-0.252443,397.064484,-190.726608,-247.108490,23622.281250,-12557.012695,-14085.319336,-0.008064,-0.690750,-0.723049,0.100000,0.020000,1,0.146601
28.887465,18.752611,-0.219655,-441.318878,-345.276001,250.839478,-28209.623047,-19375.453125,17177.968750,0.260060,-0.725437,-0.637268,0.100000,0.020000,1,0.307019
29.534454,17.612387,-0.333282,214.412659,-120.622192,-180.551727,5623.101074,-5891.352539,-4625.582031,0.266420,-0.708729,0.653241,0.100000,0.020000,1,0.899399
29.168510,17.941015,-0.584978,-0.976711,-137.015289,75.762024,581.177795,-8979.804688,4209.842773,0.444203,-0.724316,-0.527304,0.100000,0.020000,1,0.055582
28.902849,18.105444,0.458650,-447.796387,-199.839859,-321.004852,-28879.683594,-11977.403320,-20017.318359,0.529783,-0.705411,0.470877,0.100000,0.020000,1,0.155997
29.371563,17.868998,-0.167131,-1078.888672,224.377670,-531.256409,-66753.078125,13884.133789,-32674.029297,0.548974,-0.711451,-0.438709,0.100000,0.020000,1,0.738376
25.757980,19.792732,1.711442,-1081.862427,625.941345,483.899689,-13783.476562,7669.837891,10991.207031,0.631661,-0.730007,-0.260947,0.100000,0.020000,1,0.367930
29.158884,17.917356,-0.452272,-121.227356,33.075523,293.931580,-7262.459473,2240.717285,17881.873047,0.615238,-0.709698,-0.343235,0.100000,0.020000,1,0.675953
28.812689,18.029097,0.088948,398.065765,-228.880798,79.676270,23979.261719,-14063.971680,5332.010742,0.660847,-0.750196,0.022074,0.100000,0.020000,1,0.028071
27.972862,18.627930,-1.766235,-219.855682,161.466293,-300.460999,-15702.341797,10110.352539,-27308.996094,0.085593,-0.688763,-0.719916,0.100000,0.020000,1,0.730262
29.091021,17.954937,-0.741435,110.633530,-93.122574,350.213867,7300.203613,-6543.284180,21256.023438,0.339702,-0.695354,-0.633313,0.100000,0.020000,1,0.308940
29.142574,17.838636,0.285873,211.608368,-122.069916,191.132309,13751.225586,-8524.517578,11254.527344,0.449140,-0.691649,0.565593,0.100000,0.020000,1,0.920699
28.921926,18.243975,0.754683,-45.319923,80.264481,123.523743,-3514.823242,6703.066895,9941.640625,0.650819,-0.704041,0.284185,0.100000,0.020000,1,0.164769
29.505257,18.004063,0.069977,618.304688,-319.676819,94.829758,40698.468750,-19384.017578,5589.033203,0.701712,-0.685516,0.194083,0.100000,0.020000,1,0.945718
28.907124,17.974573,0.275483,166.278671,-94.273109,-988.891541,9268.643555,-5988.920410,-61742.699219,0.712971,-0.693202,0.105562,0.100000,0.020000,1,0.721970
29.559391,17.597988,0.764912,488.712830,-280.629547,-277.237701,32439.091797,-19250.228516,-14112.576172,0.719071,-0.691912,-0.064764,0.100000,0.020000,1,0.714941
30.102488,18.348942,-0.560913,270.066833,90.295685,-98.686478,21209.357422,8015.066406,-8630.381836,0.723361,-0.690282,0.016108,0.100000,0.020000,1,0.528757
29.751940,17.631248,0.538860,124.889465,-123.538544,-10.769965,16184.079102,-2840.531250,-105.195801,0.343365,-0.680885,0.646913,0.100000,0.020000,1,0.843329
29.072466,17.879116,0.146981,-697.889709,403.180878,-994.663940,-43662.074219,25145.917969,-63036.292969,0.532877,-0.811206,0.240803,0.100000,0.020000,1,0.166976
28.945107,19.770239,1.581138,-42.668610,504.444214,638.244629,-1592.263672,13831.040039,27009.246094,0.635622,-0.666058,0.390322,0.100000,0.020000,1,0.665508
29.341648,17.723701,-0.200875,137.024521,-78.376770,228.383850,9388.350586,-5589.851562,14216.899414,0.725042,-0.667283,-0.170431,0.100000,0.020000,1,0.327714
29.190334,17.982546,-0.320905,-143.726776,-114.422043,141.929886,-8443.521484,-6816.705566,8707.429688,0.602184,-0.737006,-0.306916,0.100000,0.020000,1,0.158114
29.123110,18.004078,-0.681973,-63.948544,33.103424,-124.037926,1733.729980,4620.665527,-2902.633789,0.715347,-0.645031,-0.268724,0.100000,0.020000,1,0.522226
29.087650,18.920687,0.133870,105.011078,242.482590,139.641327,-3535.853516,11122.488281,4663.818848,0.539298,-0.640985,-0.546165,0.100000,0.020000,1,0.622587
29.309147,17.752583,0.554188,-268.097046,157.851730,-286.278137,-16186.086914,9335.626953,-17465.802734,0.610919,-0.628009,0.482061,0.100000,0.020000,1,0.883704
34.846947,14.555090,0.479312,1691.205444,-973.425720,148.235107,43426.148438,-25028.339844,-4632.096680,0.629588,-0.630284,-0.454271,0.100000,0.020000,1,0.466084
28.763304,18.057608,0.089383,-91.644867,54.127888,-116.449646,-7964.311035,4132.264160,-9639.287109,0.529846,-0.626333,0.571813,0.100000,0.020000,1,0.795230
29.824715,18.052099,-0.668426,116.951996,40.931061,-61.761124,10073.689453,3538.420166,-5401.785645,0.713748,-0.598817,-0.363294,0.100000,0.020000,1,0.877441
31.513956,16.469519,0.446954,632.292358,-364.254211,141.214188,43382.218750,-25236.076172,-13647.038086,0.806376,-0.591301,0.010992,0.100000,0.020000,1,0.962819
28.870293,17.995838,-0.194128,917.426270,-528.802551,-666.694824,56286.832031,-32745.191406,-42603.359375,0.807628,-0.582874,-0.089411,0.100000,0.020000,1,0.631111
30.511204,18.432816,-0.566136,293.881348,152.612671,-158.860901,23959.859375,12486.356445,-12778.107422,0.806708,-0.580926,0.108386,0.100000,0.020000,1,0.934561
29.331049,17.729822,-0.080265,-165.136246,99.596062,458.174408,-10964.237305,4190.258301,27708.900391,0.738149,-0.598411,0.311513,0.100000,0.020000,1,0.332945
28.910488,18.282171,-0.536214,74.395844,-115.068466,149.945221,4321.810547,-7167.859863,9792.543945,0.173190,-0.668308,-0.723442,0.100000,0.020000,1,0.762719
29.715313,17.507965,1.266925,208.811508,-73.675705,183.966507,4682.125488,858.269531,5704.563477,0.440294,-0.613812,0.655267,0.100000,0.020000,1,0.706755
27.746956,19.852850,0.330570,-401.414856,566.595947,285.017242,-11550.596680,18479.529297,9550.932617,0.606928,-0.578023,-0.545461,0.100000,0.020000,1,0.815747
29.743166,20.566229,-2.688137,176.894699,775.765625,-652.531311,4057.747070,45305.898438,-40706.578125,0.696501,-0.559379,-0.449423,0.100000,0.020000,1,0.512421
29.320875,17.735695,0.257452,296.390839,-170.524857,170.415543,18902.533203,-11206.760742,10786.346680,0.786056,-0.540993,0.299070,0.100000,0.020000,1,0.791991
31.080082,20.515821,0.591280,529.716553,738.926331,282.945801,19144.927734,38350.445312,5952.492188,0.793186,-0.545623,-0.270464,0.100000,0.020000,1,0.011807
29.372988,17.705608,-0.423172,89.505753,-44.017982,129.945419,4524.042969,-6409.574707,7426.139648,0.814023,-0.552562,-0.179002,0.100000,0.020000,1,0.193916
29.173035,17.852865,0.889535,-252.003143,150.214844,107.773163,-15931.898438,9192.249023,8542.666016,0.603435,-0.570723,0.556903,0.100000,0.020000,1,0.428858
29.531071,17.614338,0.543132,-9.463579,22.463940,385.797607,-3384.562988,-1493.634521,19365.060547,0.863612,-0.495174,0.094750,0.100000,0.020000,1,0.822972
29.352182,17.717619,2.567130,178.265656,-102.776573,629.336609,2350.068115,-1573.653687,34140.972656,0.772260,-0.502044,0.389315,0.100000,0.020000,1,0.051827
29.245474,17.833342,-0.035517,306.782166,-416.488037,43.246716,19071.066406,-25792.042969,2522.284668,0.876388,-0.481318,0.016633,0.100000,0.020000,1,0.571463
29.584772,17.885250,-0.009656,-580.935791,-184.570618,208.897156,-35565.996094,-10999.740234,12464.127930,0.861026,-0.470977,0.191870,0.100000,0.020000,1,0.462205
29.043892,18.050524,-0.215711,-346.049957,-20.009212,34.968426,-23024.917969,143.835464,1554.791382,0.880346,-0.469119,-0.070128,0.100000,0.020000,1,0.738216
29.147373,18.814156,0.394695,737.530518,-382.687500,-126.934296,46481.726562,-20779.150391,-8689.579102,0.505276,-0.561480,0.655314,0.100000,0.020000,1,0.789180
29.310146,17.741888,-0.493186,20.437466,-10.628428,206.849289,1251.964478,-1741.363403,12968.591797,0.676508,-0.504519,-0.536468,0.100000,0.020000,1,0.856532
29.816236,17.703693,0.126145,108.226318,-10.350668,32.543488,8870.622070,-736.423584,3168.603027,0.869988,-0.464503,-0.165400,0.100000,0.020000,1,0.284669
28.834900,18.016275,-0.177786,196.210205,-105.748505,-140.057877,8746.852539,-8977.195312,-8849.985352,0.848996,-0.452506,-0.272844,0.100000,0.020000,1,0.445870
29.308081,17.960169,0.435985,97.634895,-591.935425,-265.526825,6356.307129,-36899.875000,-16698.314453,0.709730,-0.500577,0.495688,0.100000,0.020000,1,0.243119
29.663885,17.537659,-0.675780,106.202652,-59.451878,-103.107262,2138.942383,-2483.885254,-3759.328613,0.765652,-0.458022,-0.451655,0.100000,0.020000,1,0.675045
29.626593,17.924482,0.101394,-565.536804,-496.084839,189.207184,-34560.414062,-30564.750000,11315.537109,0.853658,-0.428529,0.296023,0.100000,0.020000,1,0.954615
28.386059,18.275412,-0.382977,51.462986,-27.006035,134.343002,-59.867222,-2635.606445,9588.990234,0.236007,-0.650310,-0.722079,0.100000,0.020000,1,0.080494
29.193968,18.648949,1.310811,-31.769611,182.934814,210.666046,-358.490540,14424.109375,14757.574219,0.671722,-0.474178,0.569161,0.100000,0.020000,1,0.868472
31.309139,17.050941,2.606030,514.943298,-256.486877,650.307495,32328.447266,-8055.711426,20199.005859,0.750036,-0.447887,0.486666,0.100000,0.020000,1,0.790692
31.016079,16.773027,2.171925,411.678467,-236.489258,535.570801,32659.339844,-18796.273438,43175.105469,0.925062,-0.370737,-0.082556,0.100000,0.020000,1,0.225021
28.810488,18.164625,0.523404,374.710266,-491.942200,-327.338654,23241.244141,-30797.433594,-20179.195312,0.319064,-0.817140,0.480084,0.100000,0.020000,1,0.003907
28.844604,18.113552,-1.571950,-86.931839,16.817852,-247.650513,-7066.886230,1719.947510,-19947.265625,0.578838,-0.511923,-0.634729,0.100000,0.020000,1,0.303905
29.487734,17.669836,-0.179566,-155.254333,91.344086,368.511230,-9542.151367,5544.941406,23397.078125,0.900621,-0.355678,-0.249749,0.100000,0.020000,1,0.614046
30.871830,16.845125,-0.561774,400.580902,-229.798370,-180.193665,25616.361328,-14835.108398,-18115.410156,0.910741,-0.359540,0.203180,0.100000,0.020000,1,0.361719
30.117624,18.534773,0.447213,118.719330,140.972321,158.062408,10357.929688,12360.319336,12430.931641,0.920699,-0.353788,-0.164768,0.100000,0.020000,1,0.879434
29.529083,17.837137,-0.204928,-78.929962,-68.884918,405.320740,-4588.663086,-3750.719727,24698.365234,0.935045,-0.354431,0.008280,0.100000,0.020000,1,0.313051
29.551762,17.877865,0.171526,-144.231293,-97.319794,13.441372,-8620.924805,-5395.145996,1189.255493,0.930135,-0.351619,0.105887,0.100000,0.020000,1,0.520144
28.153305,18.514961,0.603281,-156.826752,108.544601,28.845074,-13078.114258,7675.844238,1997.340576,0.082131,-0.746508,0.660288,0.100000,0.020000,1,0.034051
29.019320,17.909800,-0.806705,4.821299,4.021279,-38.725708,-301.668701,-1251.468384,-5387.478516,0.441683,-0.605230,-0.662279,0.100000,0.020000,1,0.053304
28.826433,18.708633,0.130376,-81.535614,205.071777,158.979431,-6454.886719,15583.421875,13095.902344,0.418644,-0.567938,-0.708649,0.100000,0.020000,1,0.452934
28.939638,18.364479,-1.038045,-61.996193,84.467957,-115.405930,-4914.836426,6860.361328,-9288.709961,0.518148,-0.547289,-0.657266,0.100000,0.020000,1,0.002786
29.240763,17.781950,-0.484225,65.864853,-37.237862,99.261169,3582.661621,-3002.257324,6213.273438,0.728341,-0.415530,-0.544844,0.100000,0.020000,1,0.894541
29.294104,17.786671,-0.107478,225.566467,-126.409622,-845.729614,13832.258789,-7849.471680,-52581.832031,0.853262,-0.384615,-0.352158,0.100000,0.020000,1,0.233225
28.395643,20.395954,0.417515,-285.214294,756.473022,-50.618652,-1928.969238,22451.148438,-3109.109375,0.576748,-0.480112,0.660950,0.100000,0.020000,1,0.503008
29.352520,17.753365,0.166519,-591.326599,341.309998,769.244934,-37551.308594,21344.619141,47574.078125,0.807383,-0.353596,0.472338,0.100000,0.020000,1,0.870341
30.281984,17.180798,-2.912623,329.551300,-189.620605,-830.278320,17677.519531,-10387.549805,-15401.747070,0.737270,-0.635490,-0.229314,0.100000,0.020000,1,0.015491
30.735212,17.562983,-1.187763,425.920532,-132.957611,-150.054977,15928.050781,-4578.311035,-7198.883789,0.636650,-0.432172,-0.638674,0.100000,0.020000,1,0.593920
27.137007,18.996552,-1.995507,-363.707977,363.293884,-553.428223,-35291.375000,-10696.224609,-25275.609375,0.806513,-0.437320,-0.397854,0.100000,0.020000,1,0.078928
29.180256,17.901323,0.588841,149.287521,-85.931320,-318.490051,8666.666016,-5273.161133,-19684.113281,0.722045,-0.384790,0.574967,0.100000,0.020000,1,0.779090
29.249046,17.913401,-0.462566,-369.326721,127.940399,17.820694,-23973.628906,8594.038086,778.314087,0.820568,-0.356402,-0.446817,0.100000,0.020000,1,0.114660
29.855429,17.522320,0.337430,81.132050,-45.780151,88.140625,6476.413574,-3635.301758,7527.101562,0.956857,-0.245201,-0.155887,0.100000,0.020000,1,0.884131
30.166222,17.538126,-0.008641,143.414886,-41.365707,9.494587,11697.533203,-3262.520508,229.622314,0.965003,-0.244832,0.093947,0.100000,0.020000,1,0.835143
29.094614,18.312267,2.270027,102.947678,50.002777,498.082336,5099.527832,5419.147461,39474.535156,0.847964,-0.337541,0.408684,0.100000,0.020000,1,0.208900
29.450554,17.888981,0.551978,32.544689,-107.775314,-665.563354,1869.393066,-6249.268066,-41064.777344,0.883680,-0.268824,0.383201,0.100000,0.020000,1,0.939383
29.604342,17.662491,-0.026140,-81.678352,-88.773026,61.673225,-3567.183594,-2920.365234,2104.507812,0.941011,-0.226294,-0.251573,0.100000,0.020000,1,0.942924
29.489220,17.925528,0.098266,-100.548744,-276.568481,663.516418,-6577.836426,-16540.597656,41618.546875,0.954849,-0.228596,0.189755,0.100000,0.020000,1,0.948156
29.517885,17.712200,0.401971,-101.564041,-108.357994,-420.346497,-6332.316895,-6915.733398,-25920.953125,0.914089,-0.271910,0.300840,0.100000,0.020000,1,0.169983
29.228630,17.788954,-0.366224,83.926323,-42.615425,126.233162,2640.371826,-4905.902344,6626.190918,0.975733,-0.217616,0.024255,0.100000,0.020000,1,0.231997
29.183495,17.984379,0.397299,-668.597961,362.577362,-79.830383,-42758.660156,23059.583984,-5745.147461,0.621925,-0.411093,0.666492,0.100000,0.020000,1,0.383090
29.559687,17.652554,-0.454255,132.751053,-60.057472,57.978775,2140.474365,-757.275635,-616.489258,0.708015,-0.342395,-0.617642,0.100000,0.020000,1,0.366043
29.092751,19.168938,-0.135153,-183.997864,290.792114,-64.399719,-13091.711914,23960.833984,-2733.218262,0.789862,-0.301358,-0.534136,0.100000,0.020000,1,0.032182
29.613562,18.187565,0.035869,9.114797,98.909973,-18.523361,746.222168,8142.981934,-2101.043701,0.933500,-0.189107,0.304657,0.100000,0.020000,1,0.881035
29.254120,17.923687,0.361058,279.447510,-169.643921,-227.182068,17166.628906,-9897.078125,-13690.121094,0.875017,-0.419296,0.241944,0.100000,0.020000,1,0.003159
29.571136,17.761185,0.657847,-235.067261,129.298523,-416.864624,-14641.007812,8006.750488,-25282.031250,0.846067,-0.223532,0.483946,0.100000,0.020000,1,0.603600
29.722967,17.752962,-0.114022,-249.752853,-69.964081,-101.678223,-15201.706055,-4179.299805,-6579.840820,0.979145,-0.182816,-0.088619,0.100000,0.020000,1,0.146743
29.838043,17.437107,-0.280480,267.328735,-67.934868,-233.423584,1385.379150,-29160.240234,-16018.780273,0.925007,-0.165579,-0.341972,0.100000,0.020000,1,0.411650
29.813166,17.985458,0.168297,106.558899,-12.282743,38.854118,7659.960938,188.684662,1840.380127,0.914336,-0.163522,0.370473,0.100000,0.020000,1,0.384549
29.102272,20.164858,-1.243742,-276.241516,704.499573,-240.836395,-11505.246094,34704.105469,-4097.723145,0.985777,-0.122354,0.115211,0.100000,0.020000,1,0.175125
29.872890,17.761646,0.130214,-336.341553,-140.763214,68.402893,-20265.121094,-8623.748047,4777.499512,0.992236,-0.122082,0.023742,0.100000,0.020000,1,0.253350
29.707233,17.896967,0.244667,-43.736893,-63.763069,-72.469299,-2478.359375,-3268.456787,-4257.659180,0.972727,-0.119540,0.198777,0.100000,0.020000,1,0.675864
29.636803,18.337389,0.753003,118.748520,67.006226,61.117043,5684.192383,9082.460938,1523.926025,0.989701,-0.110437,-0.091083,0.100000,0.020000,1,0.722076
29.493156,18.105770,-0.559610,290.975342,-347.858276,227.926880,18231.537109,-20764.847656,13922.374023,0.821643,-0.215246,-0.527799,0.100000,0.020000,1,0.668586
32.059948,17.796993,2.294588,757.306213,-3.838852,772.106201,21208.925781,1896.810059,18947.058594,0.980695,-0.109240,-0.162187,0.100000,0.020000,1,0.343177
29.331375,18.142426,-0.239180,-62.751816,55.251617,-157.778473,-4281.749512,4473.834961,-13262.541992,0.690306,-0.320061,0.648874,0.100000,0.020000,1,0.448859
30.390133,17.187685,-0.366338,230.362915,-188.922211,40.571335,18136.417969,-14433.695312,2670.155762,0.859103,-0.220364,-0.461933,0.100000,0.020000,1,0.047485
29.544449,18.029121,0.625902,-96.593781,-130.313889,-180.617676,-6049.849121,-7400.393555,-10730.472656,0.811476,-0.203293,0.547886,0.100000,0.020000,1,0.816245
30.355448,17.138384,0.165849,150.071854,-86.542747,68.520615,12847.046875,-8101.482910,6402.591309,0.895833,-0.214315,-0.389297,0.100000,0.020000,1,0.232370
29.791082,17.904346,-0.311091,-320.854034,-252.597443,-212.415054,-19442.373047,-15453.065430,-13108.384766,0.880870,-0.145433,-0.450464,0.100000,0.020000,1,0.603387
29.539345,17.609562,-0.431731,56.893436,0.765736,-21.627956,-4364.146973,-2662.995117,-1736.608643,0.960441,-0.083062,-0.265807,0.100000,0.020000,1,0.122205
29.785727,17.532400,-0.265044,-370.366425,233.554031,359.600586,-23182.328125,13964.357422,21583.279297,0.999965,-0.008069,0.002076,0.100000,0.020000,1,0.560022
29.900961,18.340385,-1.100656,136.145355,95.309799,-98.831177,10950.456055,7553.381348,-8322.269531,0.595056,-0.379408,-0.708490,0.100000,0.020000,1,0.397931
29.747118,17.920815,-0.826659,57.421646,-0.967474,-67.132797,4746.936523,69.912971,-5430.973633,0.730494,-0.246708,-0.636800,0.100000,0.020000,1,0.963584
29.573690,17.975691,0.459762,-10.562267,-0.666080,8.416828,-867.760681,675.539612,743.259094,0.869202,-0.112823,0.481414,0.100000,0.020000,1,0.240005
29.613438,17.571394,-0.107918,79.725670,-44.632675,323.853821,4738.262695,-3659.319092,18634.509766,0.922629,-0.053090,0.382016,0.100000,0.020000,1,0.888011
29.550127,17.992615,-0.404307,-49.740616,-282.532654,75.017166,-3710.144531,-16875.974609,4299.931641,0.934027,-0.052796,-0.353278,0.100000,0.020000,1,0.319493
28.671505,18.110609,-1.058311,-221.611267,166.322220,-340.916138,-11647.539062,-352.797852,-10746.958008,0.982676,0.012834,0.184887,0.100000,0.020000,1,0.699993
29.496328,17.816561,0.063486,-79.591278,53.204353,79.733810,-6130.442383,3691.382080,5880.148926,0.986225,0.022214,-0.163909,0.100000,0.020000,1,0.281555
29.860970,17.608097,-0.413232,40.107491,-14.698078,-88.221420,2947.356689,-1441.294556,-7712.006348,0.992877,0.020834,0.117312,0.100000,0.020000,1,0.232566
28.134624,18.420578,-2.195948,-336.265869,259.081299,-534.345703,-18790.568359,-3943.017822,-27724.619141,0.964601,0.028078,-0.262214,0.100000,0.020000,1,0.575698
29.890884,17.529854,-0.687616,171.653381,-85.326920,-5.187950,13404.607422,-7386.675293,-636.036499,0.536307,-0.436505,-0.722384,0.100000,0.020000,1,0.911126
29.326281,17.926819,0.895689,-52.850189,29.494911,60.345184,-3940.300781,2115.096191,5414.328125,0.754146,-0.262255,0.602068,0.100000,0.020000,1,0.229808
29.962933,19.394320,-1.308906,89.462357,373.924866,-199.901215,7323.139648,29955.404297,-15906.049805,0.772874,-0.158482,-0.614450,0.100000,0.020000,1,0.538917
29.795254,17.998888,-0.428605,-213.870239,-110.723328,-30.633022,-12775.732422,-6298.371094,-1812.442505,0.836193,-0.103597,-0.538562,0.100000,0.020000,1,0.293887
30.243374,21.248343,-0.981058,164.957825,1017.946899,-329.906799,6765.047852,29094.246094,-14909.069336,0.896350,-0.020957,-0.442851,0.100000,0.020000,1,0.638620
29.352688,17.793209,-0.154758,-42.930763,47.779381,-19.074291,-4496.225098,3263.923584,-1543.309937,0.995337,0.042533,-0.086575,0.100000,0.020000,1,0.189450
30.738735,21.084587,0.898126,287.217865,908.918152,217.956482,7092.209473,45877.652344,-219.817383,0.953651,0.042878,0.297843,0.100000,0.020000,1,0.272907
29.722744,17.779469,0.433177,40.133842,-15.541346,57.775925,2075.971924,-853.700378,5372.678711,0.994176,0.105115,0.023771,0.100000,0.020000,1,0.462312
29.738552,17.955757,0.147683,-47.990150,-31.674358,227.679291,-3213.651611,-1323.148560,13694.694336,0.929083,0.063548,0.364370,0.100000,0.020000,1,0.740333
29.949085,17.810173,0.146066,-193.335938,198.668274,-59.847610,-11788.443359,12747.656250,-3522.508057,0.986687,0.128206,0.100061,0.100000,0.020000,1,0.819003
30.534895,17.213873,-0.256013,200.236115,-251.131851,-42.353714,10851.952148,98.973633,4243.426270,0.988426,0.136193,-0.066826,0.100000,0.020000,1,0.208028
29.350586,17.847664,-0.643979,-74.659180,56.179062,188.186432,-4938.130859,3089.579834,11708.229492,0.632920,-0.308761,-0.709985,0.100000,0.020000,1,0.555003
29.028105,17.978289,0.537141,204.005707,-95.491348,8.514544,10989.670898,-5758.184082,405.053131,0.703682,-0.237985,0.669474,0.100000,0.020000,1,0.171015
29.052122,18.557711,0.670820,-208.782623,82.877441,138.579651,-15340.974609,8013.878418,9281.214844,0.755408,-0.144445,0.639135,0.100000,0.020000,1,0.502670
30.391413,19.018158,-0.456749,244.883331,-183.263550,-319.573456,6697.655273,-21567.357422,-9164.898438,0.818653,-0.090692,0.567081,0.100000,0.020000,1,0.128468
29.871128,17.825087,0.547200,-255.407959,42.823486,-244.280396,-15498.489258,2716.447510,-14821.605469,0.879579,0.004362,0.475733,0.100000,0.020000,1,0.347110
29.809290,17.913893,-0.224073,-244.058685,-183.032532,171.827057,-14966.528320,-11306.306641,11849.669922,0.837484,-0.005413,-0.546436,0.100000,0.020000,1,0.755708
33.504978,15.830250,-1.043399,1056.271362,-491.227844,-226.367126,67899.257812,-35759.851562,-20616.816406,0.886991,0.069825,0.456477,0.100000,0.020000,1,0.994618
29.665424,18.287722,-0.935683,-70.320129,48.792297,-195.672760,-4972.185059,5124.131348,-14958.672852,0.927134,0.076526,-0.366832,0.100000,0.020000,1,0.055528
29.592279,17.579000,0.427343,-32.908161,27.001265,99.492775,-3087.053711,-23.631958,7660.607422,0.950788,0.155290,-0.268118,0.100000,0.020000,1,0.644243
30.730597,18.288532,1.049406,196.232300,74.422836,165.806396,15089.230469,6497.717285,13110.109375,0.944089,0.157067,0.289874,0.100000,0.020000,1,0.737504
29.711231,17.989023,0.664771,183.066727,-132.919556,-680.353271,11553.463867,-7881.232422,-42168.601562,0.825816,0.006552,0.563902,0.100000,0.020000,1,0.886711
30.357323,17.992796,-0.717060,-45.830841,-87.878601,-317.707214,-10153.869141,-4656.907227,-10971.307617,0.924222,0.157247,-0.347974,0.100000,0.020000,1,0.930059
30.644167,19.033165,-2.357566,298.451721,440.535065,-709.810181,6751.858398,14314.042969,-15358.094727,0.971202,0.167628,-0.169311,0.100000,0.020000,1,0.261269
29.826635,17.852304,-0.394472,44.138344,-27.801857,23.965950,3524.684570,-1953.588745,2118.668945,0.770790,-0.052488,-0.634923,0.100000,0.020000,1,0.615790
29.896172,17.905231,0.419204,-498.510071,-35.621887,501.892395,-30831.281250,-1704.693237,32206.332031,0.938449,0.014925,0.345095,0.100000,0.020000,1,0.074195
30.107679,18.863752,-0.778507,87.709396,239.352661,-213.744751,6416.102539,19567.033203,-17458.437500,0.960606,0.192014,0.200914,0.100000,0.020000,1,0.073287
29.453068,18.578201,0.603753,-177.893280,175.785217,87.576736,-13268.638672,14268.535156,7362.399414,0.949188,0.247861,0.193924,0.100000,0.020000,1,0.953370
30.109772,17.998180,-0.728397,27.515999,-7.911993,-111.751709,2432.310059,261.468781,-9487.237305,0.953015,0.249390,-0.171951,0.100000,0.020000,1,0.742522
28.380079,19.325254,-1.310555,-438.226685,473.174622,-347.228180,-12014.587891,14358.868164,-14535.841797,0.961011,0.263483,-0.083873,0.100000,0.020000,1,0.403963
29.133171,18.633371,-2.001970,-141.170105,218.663330,-734.519897,-3855.728760,5860.528320,-24762.554688,0.963901,0.265968,0.012489,0.100000,0.020000,1,0.345170
29.918346,17.716530,0.504087,20.413433,0.754784,81.034363,1120.689697,-370.097961,6819.082520,0.957173,0.266413,0.113336,0.100000,0.020000,1,0.873668
29.123840,18.706015,-0.537373,-520.669434,314.555847,26.100056,-34371.015625,23019.121094,1929.986084,0.665999,-0.222390,-0.712031,0.100000,0.020000,1,0.321575
29.890963,17.832180,0.249378,-66.823425,-19.400143,92.494507,-4427.397461,-1267.477661,5856.225586,0.922954,0.254845,0.288463,0.100000,0.020000,1,0.994208
29.667534,18.150646,0.624548,-60.183334,-95.340057,-45.180809,-3693.716309,-5050.112793,-2593.895752,0.747115,-0.055039,0.662412,0.100000,0.020000,1,0.529575
29.605030,18.001184,-0.553077,111.107391,-85.855347,66.038132,6524.216309,-5012.633789,4040.047363,0.788142,0.029187,-0.614801,0.100000,0.020000,1,0.919685
29.845587,18.105354,0.565822,-54.283615,-83.423615,-73.398972,-3230.272705,-4364.709961,-4225.249512,0.827109,0.110333,0.551106,0.100000,0.020000,1,0.534220
29.313665,17.739859,-0.883802,127.063133,-68.265953,372.374146,4741.227051,-7038.849609,21770.388672,0.872749,0.119606,-0.473290,0.100000,0.020000,1,0.255592
29.819969,17.999615,-0.440274,248.815399,-57.150467,-60.409843,15419.483398,-3069.039551,-4098.043945,0.875400,0.204668,-0.437933,0.100000,0.020000,1,0.914204
29.819592,17.924049,0.102692,-39.881592,-18.369150,73.133652,-3105.018066,-849.232727,6018.405762,0.920540,0.278405,-0.274037,0.100000,0.020000,1,0.978674
29.903069,17.929363,0.404496,-102.752426,104.524857,-3.774794,-6412.249512,6777.965332,-222.947311,0.857309,0.206076,0.471755,0.100000,0.020000,1,0.747309
29.630722,18.111666,0.617466,11.507591,-63.334709,61.421707,312.405121,-3219.946777,4181.676758,0.766330,0.044381,0.640913,0.100000,0.020000,1,0.564808
29.840721,17.922743,0.555652,102.594604,-53.647202,169.544586,5671.520508,-3219.400146,12289.704102,0.905827,0.369771,0.206754,0.100000,0.020000,1,0.811245
29.986916,18.077082,0.007741,74.634834,-8.938656,149.771194,4475.373047,292.764587,9146.148438,0.920938,0.377771,0.095720,0.100000,0.020000,1,0.476761
29.916618,17.567188,0.164876,-42.089302,24.324963,-60.445145,-3224.956543,252.368942,-3150.859619,0.921295,0.388804,0.006907,0.100000,0.020000,1,0.247460
29.997429,18.104511,-0.301595,428.213715,-304.188721,310.578491,26821.734375,-18275.988281,18896.164062,0.909544,0.385372,-0.155624,0.100000,0.020000,1,0.193240
29.194466,17.918867,0.416636,-17.507992,-57.604988,32.064850,-1516.183350,-3251.065430,2089.785156,0.744234,-0.472760,0.471820,0.100000,0.020000,1,0.005490
29.368847,17.707998,0.213093,241.747559,-138.062195,86.498238,12442.068359,-10220.324219,4966.375000,0.865379,0.305556,0.397184,0.100000,0.020000,1,0.287356
29.518839,19.931995,1.059985,-186.349518,554.986267,308.416809,-5449.613770,35369.460938,8231.412109,0.917211,0.391909,-0.071630,0.100000,0.020000,1,0.256286
29.607698,18.141171,0.020269,-135.621246,-118.614578,-123.702316,-9363.762695,-6646.754883,-5509.197754,0.771340,0.126986,-0.623626,0.100000,0.020000,1,0.968798
29.671408,18.255527,0.367800,-54.473999,-0.688747,-39.536194,-4293.019531,1295.786865,-2954.089111,0.799968,0.210195,0.562022,0.100000,0.020000,1,0.527813
30.538813,17.639301,-0.240785,133.375000,-123.909302,25.588749,10537.139648,-9017.562500,1833.279175,0.857755,0.381259,-0.344816,0.100000,0.020000,1,0.773503
30.085047,18.164976,-0.220441,139.025208,-323.560730,-80.753326,8899.565430,-19366.486328,-5126.551758,0.879915,0.403307,-0.251184,0.100000,0.020000,1,0.407184
28.609926,18.292933,0.656385,-691.598755,443.770142,20.368507,-49154.429688,29719.794922,2536.122559,0.872030,0.250727,0.420357,0.100000,0.020000,1,0.055332
29.907234,18.079544,-1.645707,92.834427,17.974754,-453.885986,5611.570312,1780.340210,-33932.488281,0.838621,0.308322,-0.449057,0.100000,0.020000,1,0.461778
30.706442,19.265301,1.227743,189.824677,326.928711,207.381287,15072.801758,26175.697266,16533.357422,0.822327,0.312950,0.475226,0.100000,0.020000,1,0.732575
29.891258,17.406385,0.745725,124.741661,21.821968,218.179733,-8521.971680,-13123.853516,13750.287109,0.867462,0.333734,-0.368960,0.100000,0.020000,1,0.123219
30.177921,18.080502,-0.153869,-284.709015,-182.044922,295.525330,-17713.259766,-10890.202148,17612.800781,0.870794,0.478701,0.112083,0.100000,0.020000,1,0.755672
30.257193,18.137770,-0.285240,25.962982,19.726067,-59.089966,2186.323486,2076.370850,-4926.154785,0.871488,0.490416,0.001225,0.100000,0.020000,1,0.149751
29.248322,18.886675,-0.631792,-200.169708,190.362488,-65.319183,-15387.095703,15978.954102,-4849.744629,0.805716,0.245767,-0.538907,0.100000,0.020000,1,0.075405
29.851124,17.777815,-0.320761,-108.241760,68.801651,-39.369919,-7273.688965,3583.835205,-1981.548218,0.797250,0.307722,-0.519326,0.100000,0.020000,1,0.559434
29.700790,17.589165,0.530739,150.944504,-65.083603,-413.944550,8075.429199,-5654.287109,-25290.341797,0.825287,0.409746,0.388599,0.100000,0.020000,1,0.751954
30.205248,20.072735,0.010158,15.723595,483.831848,-29.733147,1332.798462,39371.078125,-2518.947998,0.847801,0.494020,0.192814,0.100000,0.020000,1,0.433769
29.612919,17.955612,-1.131895,23.684906,-26.971066,-107.637726,1706.741699,-1699.949463,-8973.678711,0.682752,-0.133501,-0.718350,0.100000,0.020000,1,0.088146
29.741188,17.877672,0.050074,-11.146019,-24.348743,-45.157883,-2713.817383,983.430176,-1037.880005,0.741724,0.130264,0.657933,0.100000,0.020000,1,0.885359
31.271421,19.211790,-0.322934,379.956482,315.301971,55.409744,13207.422852,9509.561523,-2392.435303,0.803833,0.398481,-0.441662,0.100000,0.020000,1,0.494235
29.788088,18.390150,-0.053797,98.953659,-53.746952,-79.219681,4871.777832,-1699.203125,-6277.977051,0.817304,0.494069,0.296496,0.100000,0.020000,1,0.383304
30.194775,18.224485,-0.258700,-111.060036,-376.628265,534.211182,-6762.458984,-22705.337891,33285.453125,0.840712,0.509928,-0.182144,0.100000,0.020000,1,0.103858
30.053539,17.997894,-0.149946,99.951401,42.627136,-154.812012,6003.340332,2774.224121,-9518.439453,0.828107,0.502802,-0.247849,0.100000,0.020000,1,0.594792
29.868029,17.484783,0.112948,-99.437912,77.103439,-460.239594,-7442.904297,2859.517822,-28265.468750,0.848541,0.521726,-0.088208,0.100000,0.020000,1,0.285967
29.682457,18.238800,-0.522272,98.973129,-88.020523,1.778462,5397.282715,-4491.934570,131.265488,0.748181,0.236167,-0.620040,0.100000,0.020000,1,0.848880
30.003910,18.019178,0.392760,-143.693054,101.897820,24.652447,-9219.639648,6535.966797,1542.085449,0.783527,0.410783,0.466200,0.100000,0.020000,1,0.801120
31.658985,17.836357,-0.309647,579.071350,-413.332336,-167.003021,19033.740234,-19677.310547,-7523.078125,0.815327,0.578621,0.020945,0.100000,0.020000,1,0.323479
29.666689,17.536041,-1.075748,82.544647,37.665497,-81.011780,1326.907959,-14038.284180,-7526.483398,0.695337,-0.036512,-0.717756,0.100000,0.020000,1,0.948797
30.909899,17.028540,-2.138487,528.303223,-289.717102,-559.483826,37053.039062,-22396.201172,-42420.218750,0.758912,0.397496,-0.515800,0.100000,0.020000,1,0.846674
30.255749,18.207666,-0.002159,-104.201843,12.336735,-44.252655,-6345.478516,1542.154053,-2565.876953,0.797890,0.599115,-0.066581,0.100000,0.020000,1,0.094178
30.593498,18.284657,1.093479,103.247253,11.442211,244.797424,8166.789551,1800.333618,19672.441406,0.795526,0.597897,0.098275,0.100000,0.020000,1,0.810337
30.101665,18.134020,0.347130,21.244343,3.307772,-1.751349,1247.047119,621.429565,-33.492393,0.763354,0.517335,0.386852,0.100000,0.020000,1,0.446350
30.080805,18.158491,-0.227797,266.600342,-285.071869,-20.100018,16349.997070,-17483.609375,-1609.656494,0.783647,0.596895,-0.172087,0.100000,0.020000,1,0.535145
29.989548,18.827477,-0.485948,70.045151,152.190430,30.581779,5569.732422,13142.869141,2431.383545,0.699705,0.044454,-0.713047,0.100000,0.020000,1,0.657073
30.093609,17.701607,-1.583535,51.252876,-13.620285,-164.528229,3871.014160,-2203.802002,-14804.109375,0.721472,0.309972,-0.619189,0.100000,0.020000,1,0.598796
29.920759,18.199778,0.515482,49.543472,-69.257103,-25.378212,2929.204102,-3563.840332,-1481.690796,0.748227,0.334676,0.572842,0.100000,0.020000,1,0.305488
31.369022,17.663685,-0.270300,349.040924,-87.141235,-172.147797,9477.470703,-1955.577026,-5356.594727,0.821093,0.478102,0.311809,0.100000,0.020000,1,0.043321
29.615648,17.654446,0.555672,39.470963,4.161659,-421.421906,441.862122,-1413.545166,-25889.865234,0.735278,0.503362,0.453864,0.100000,0.020000,1,0.548259
30.136316,18.156864,0.880803,29.783543,-52.038074,169.445236,-1757.785156,1627.107422,8082.209961,0.747704,0.604974,0.273760,0.100000,0.020000,1,0.399105
29.841070,17.435360,-0.838613,90.091064,19.189480,-261.036133,-12572.126953,-10311.216797,-2364.552734,0.749466,0.610961,-0.255005,0.100000,0.020000,1,0.602266
30.062490,18.191484,0.475568,-61.631790,48.041840,15.044569,-3710.561035,3635.029785,926.493774,0.718286,0.404283,0.566233,0.100000,0.020000,1,0.470889
30.085962,18.258125,-0.384155,-35.151772,-22.673092,14.769522,-2350.479980,-630.634827,924.810608,0.726446,0.519373,-0.450032,0.100000,0.020000,1,0.266358
29.838888,17.929777,-0.562828,49.075096,-24.077801,46.208221,3320.361328,-1834.634033,3076.818604,0.694505,0.130706,-0.707516,0.100000,0.020000,1,0.035919
29.853491,17.429651,0.329579,-84.239029,49.078411,18.491150,-6705.282715,272.676758,1232.989014,0.703443,0.607240,0.369362,0.100000,0.020000,1,0.340312
31.094379,18.377008,-0.008866,225.938538,0.078568,-9.624619,17742.238281,1117.057861,-666.389099,0.720606,0.693317,0.006146,0.100000,0.020000,1,0.181354
30.328573,18.810623,0.505383,83.587807,131.666336,47.191818,4181.958008,6682.591309,3011.414062,0.701141,0.695185,-0.158492,0.100000,0.020000,1,0.600913
30.135666,18.345203,-0.218229,65.759705,-51.057655,129.425369,3608.926514,-2297.732666,7563.610352,0.707346,0.701589,-0.086224,0.100000,0.020000,1,0.697271
32.069466,18.669395,-1.557756,605.195068,112.311562,-602.849731,34274.066406,6042.703125,-46212.332031,0.690500,0.325993,0.645707,0.100000,0.020000,1,0.393518
29.513420,18.123711,-1.202916,-141.417084,-42.143539,-194.012512,-11365.956055,-2568.489990,-15398.710938,0.681044,0.507437,-0.527907,0.100000,0.020000,1,0.297392
30.167637,17.349007,-0.298999,56.527916,-268.358063,18.375061,1283.316040,-13203.846680,5556.083984,0.709501,0.611223,-0.350734,0.100000,0.020000,1,0.397949
30.258110,19.034138,0.865609,262.144409,209.735840,458.503021,11542.519531,7091.248047,16871.326172,0.679954,0.595021,-0.428500,0.100000,0.020000,1,0.415103
30.430641,18.714712,0.060808,-295.544678,-255.133423,-9.199596,-17940.152344,-13708.246094,-1024.640747,0.686058,0.700479,0.196602,0.100000,0.020000,1,0.637179
29.706804,18.730038,0.735329,-109.571915,-15.967575,-3.289001,-3886.847656,-4028.294678,-2822.740723,0.658062,0.596707,0.459233,0.100000,0.020000,1,0.187440
30.412855,19.875458,0.764744,110.057571,451.699097,153.918976,3935.258301,13455.076172,-2124.497070,0.659730,0.496521,0.564113,0.100000,0.020000,1,0.237460
31.253780,16.619732,0.065596,435.745361,-181.216034,-90.366066,8706.980469,-21249.550781,-109.477051,0.635959,0.674082,0.375725,0.100000,0.020000,1,0.411633
30.101173,18.061382,-0.435109,-96.417709,275.969147,-139.839966,-6670.162598,16913.748047,-9424.885742,0.634697,0.692141,-0.343658,0.100000,0.020000,1,0.701844
30.019547,17.990143,-0.482174,-25.836372,-51.835175,-103.623138,-2782.283691,-4169.200684,-7924.621582,0.626000,0.759295,-0.177749,0.100000,0.020000,1,0.469892
29.740961,17.860760,-0.595555,-2.076151,0.917001,89.752319,-518.128357,-309.158234,5353.662598,0.772060,0.167108,-0.613187,0.100000,0.020000,1,0.042948
31.020199,17.028187,-0.446084,318.887634,-133.061310,-9.990124,23788.810547,-13152.974609,-632.295959,0.623904,0.579315,-0.524535,0.100000,0.020000,1,0.379816
30.195400,18.039925,-0.495812,35.482262,-9.282871,-27.921043,1970.872681,-1175.882324,-2828.805664,0.641803,0.712661,-0.283204,0.100000,0.020000,1,0.199806
30.001780,18.056744,0.396586,-20.128563,-105.853348,77.369919,-1214.259766,-2953.706299,2819.448975,0.609871,0.769663,0.188881,0.100000,0.020000,1,0.810907
30.207535,17.786283,0.417393,65.427902,-13.590164,85.911148,3689.744629,-2668.089600,7479.575684,0.615094,0.783525,-0.088023,0.100000,0.020000,1,0.120229
29.725058,17.887251,-0.009726,359.372375,-128.977112,242.779053,21426.541016,-8872.708008,13018.824219,0.634925,0.411530,0.653845,0.100000,0.020000,1,0.381560
30.805178,18.322359,-0.458907,154.936279,-20.274771,-211.562622,12042.023438,-765.176208,-16335.577148,0.622830,0.722711,0.299618,0.100000,0.020000,1,0.157349
30.379744,18.460220,-0.292979,111.189240,125.507095,-45.421410,7361.867188,8820.147461,-3205.873779,0.581635,0.774277,-0.249391,0.100000,0.020000,1,0.966378
30.023180,18.390532,0.442670,62.126572,35.656773,-72.078781,3135.656982,2925.482178,-4357.095215,0.573644,0.673100,0.466764,0.100000,0.020000,1,0.759997
30.279562,18.423931,0.304949,-77.224380,11.525021,-54.158325,-4926.014648,1399.431396,-3198.732178,0.560064,0.773377,0.297011,0.100000,0.020000,1,0.655258
30.198872,19.186255,0.101595,-407.458923,-225.126144,79.024918,-26321.544922,-10470.324219,5367.970703,0.544095,0.838929,0.012589,0.100000,0.020000,1,0.675633
29.825886,18.912651,0.204386,-2.535225,90.537201,53.889954,-2317.494141,8294.113281,4505.246094,0.539269,0.839196,-0.070284,0.100000,0.020000,1,0.737202
29.811811,19.013775,0.459955,29.356480,42.355225,226.199158,1351.130859,6507.825195,18687.140625,0.637187,0.321439,-0.700478,0.100000,0.020000,1,0.629829
29.864834,18.373798,-0.584614,-9.234421,25.757851,17.678993,-1145.862183,2728.798096,991.519104,0.642465,0.400992,-0.653026,0.100000,0.020000,1,0.190785
30.860628,18.190098,0.180875,148.042938,-77.909470,52.329086,11571.107422,-5160.407715,3991.686279,0.587621,0.808914,0.018934,0.100000,0.020000,1,0.075316
29.843191,19.296097,0.882506,-73.059174,167.089111,66.598877,-5978.801758,14847.144531,8017.736816,0.536522,0.756662,0.373640,0.100000,0.020000,1,0.970310
30.335087,18.548578,0.252431,-27.521313,-34.081192,-81.604187,-1785.972168,-1198.596680,-4475.673340,0.512575,0.851959,0.106924,0.100000,0.020000,1,0.752558
29.141298,17.839375,-1.165983,-54.139511,118.399216,-110.817329,-11618.155273,-11002.882812,-5702.858398,0.597228,0.484653,-0.639085,0.100000,0.020000,1,0.242674
29.885921,18.353371,-0.139232,485.832611,-63.177956,454.304016,28831.992188,-3879.335449,28988.904297,0.498363,0.829539,-0.251991,0.100000,0.020000,1,0.295256
31.082552,17.213966,0.715296,329.981750,-312.905090,7.871662,25116.296875,-23803.060547,1159.081787,0.577447,0.486886,0.655361,0.100000,0.020000,1,0.871141
29.884951,18.507946,0.736030,231.515289,-102.203148,74.398804,13572.775391,-5200.507812,5718.765137,0.572981,0.580793,0.578250,0.100000,0.020000,1,0.087007
29.897230,18.087778,-1.266146,33.189957,36.178074,-197.754211,608.764832,1352.985107,-16182.891602,0.495473,0.744188,-0.447987,0.100000,0.020000,1,0.809750
30.065994,18.614286,0.417044,-234.533447,120.221970,-2.309839,-15625.670898,9480.075195,768.243652,0.664374,0.710019,0.233410,0.100000,0.020000,1,0.028534
29.625095,18.184416,0.880992,-234.018677,-3.341194,224.026855,-17378.941406,-789.494385,16171.939453,0.480484,0.743692,0.464820,0.100000,0.020000,1,0.792454
30.347462,18.539909,0.237058,-140.070190,13.822819,51.171783,-8628.842773,1628.823120,2887.407959,0.454678,0.807634,0.375493,0.100000,0.020000,1,0.886480
30.075411,18.584385,0.546393,362.377808,-215.009888,-367.988464,21847.824219,-12629.375000,-22008.681641,0.462028,0.834673,0.299752,0.100000,0.020000,1,0.380190
30.635832,19.156506,0.639083,114.516693,183.494873,247.992798,8576.571289,14864.769531,19514.136719,0.446201,0.829812,-0.335138,0.100000,0.020000,1,0.628264
30.350473,17.525858,-0.500356,141.193665,-7.293518,-62.088577,8837.662109,-4135.671875,-5718.812988,0.424631,0.901644,-0.082019,0.100000,0.020000,1,0.520429
30.078125,18.646605,0.095431,191.494507,-113.002884,14.656754,10855.672852,-6164.359863,1281.742432,0.415390,0.909566,0.011886,0.100000,0.020000,1,0.998959
29.793182,18.292341,0.612331,-16.120037,-49.458138,-24.775482,-1334.743164,-2034.941406,-1441.045776,0.689518,0.232028,0.686096,0.100000,0.020000,1,0.031328
30.588396,18.622437,-0.018058,182.471985,66.995499,115.255951,14095.250000,6239.572266,9703.488281,0.598994,0.379350,-0.705195,0.100000,0.020000,1,0.828541
29.923716,18.466406,0.581603,124.121498,-31.509556,-226.432144,7062.885742,-1060.989014,-14126.873047,0.525448,0.563071,0.637852,0.100000,0.020000,1,0.463130
30.225967,18.388418,0.077758,-16.240860,33.235809,53.144951,-1497.018555,2465.550537,3236.612305,0.532697,0.837064,0.124733,0.100000,0.020000,1,0.193881
30.303537,18.730894,0.064051,-54.004616,-465.278320,174.232742,-3685.090088,-28095.070312,10885.081055,0.401865,0.909414,0.107103,0.100000,0.020000,1,0.643745
30.371613,18.668610,-0.208540,-237.841980,-241.101395,-0.323000,-14630.962891,-14049.069336,652.167114,0.416444,0.798419,-0.434857,0.100000,0.020000,1,0.828328
30.029879,18.094656,-0.164082,-29.890564,46.265274,12.350557,-3236.576904,1719.306274,722.398621,0.445933,0.877389,-0.177012,0.100000,0.020000,1,0.222583
30.657238,18.338625,-1.030420,194.214172,-196.280670,-210.565338,5466.870117,-12257.735352,-17584.318359,0.377264,0.889078,-0.259252,0.100000,0.020000,1,0.770958
30.021940,18.931225,-0.569795,29.354935,49.364120,-61.423569,1919.861084,3630.622070,-3660.755371,0.439586,0.725276,-0.529848,0.100000,0.020000,1,0.281252
30.365725,18.544674,0.195720,-359.129517,223.906464,16.435972,-22568.769531,14506.476562,835.279663,0.360868,0.887264,0.287291,0.100000,0.020000,1,0.257496
27.551151,19.456776,-2.663793,-554.279968,344.973755,-598.627686,-39257.621094,37627.445312,-29200.294922,0.671043,0.224575,-0.706588,0.100000,0.020000,1,0.181887
29.727081,18.374374,0.106047,2.061493,50.387848,149.460358,-1428.505981,3732.500000,12173.258789,0.525233,0.553145,-0.646653,0.100000,0.020000,1,0.117204
29.662399,18.023088,0.697788,158.695572,-53.623169,-183.304291,7701.127441,-4834.093750,-10612.784180,0.418197,0.721709,0.551586,0.100000,0.020000,1,0.459447
30.175959,18.599964,0.560107,-140.384552,219.620178,-146.710236,-9233.744141,14632.024414,-8625.016602,0.381676,0.789735,0.480252,0.100000,0.020000,1,0.711400
30.016285,18.987545,0.152696,102.598251,164.866821,-121.319977,6956.604980,7212.560547,-5683.889160,0.414175,0.883840,0.217451,0.100000,0.020000,1,0.142561
29.779844,18.734833,0.138392,690.570435,-124.359299,195.657745,41336.828125,-6730.397461,11622.339844,0.340900,0.865150,0.367835,0.100000,0.020000,1,0.930041
29.795330,18.863600,-0.319348,-203.259155,-3.004936,54.138069,-15060.023438,1425.145508,3290.846191,0.332618,0.879539,-0.340260,0.100000,0.020000,1,0.926607
30.132244,18.567003,-0.151329,-117.186554,237.830017,240.175079,-8398.531250,15209.215820,15110.545898,0.298079,0.940318,-0.164168,0.100000,0.020000,1,0.603351
30.735100,19.214642,-0.852445,133.109467,122.722565,-162.849243,9870.651367,10648.760742,-13876.017578,0.301300,0.953480,0.009726,0.100000,0.020000,1,0.759979
29.293346,18.181950,1.168038,-60.738861,76.160324,286.792542,-8366.294922,3368.868896,22566.878906,0.292819,0.948933,0.117400,0.100000,0.020000,1,0.969848
30.070505,18.932880,0.766576,8.033682,93.062286,54.897675,101.603310,8533.162109,4571.487305,0.485108,0.644835,0.590642,0.100000,0.020000,1,0.144448
30.091120,18.498285,-0.576154,-26.476307,-18.776304,12.602711,-1890.855957,-420.354156,638.622742,0.457062,0.623888,-0.633923,0.100000,0.020000,1,0.711969
29.975849,17.935913,0.709190,85.208046,-138.486511,41.554161,2831.169922,-4734.490234,1184.312988,0.450577,0.615977,0.646183,0.100000,0.020000,1,0.528899
30.160683,18.704147,-0.165654,71.750046,10.762604,-60.978355,3714.906250,1407.110229,-3636.711426,0.281740,0.925053,-0.254755,0.100000,0.020000,1,0.349067
29.788397,17.783628,0.386464,-77.763809,-326.682739,100.174438,-4845.197754,-8427.687500,3624.069092,0.284300,0.954747,-0.087361,0.100000,0.020000,1,0.250912
29.650665,18.548182,-0.502413,-90.454056,-51.498192,-46.731606,-2690.075928,-1229.724731,-110.305969,0.396706,0.685913,-0.610039,0.100000,0.020000,1,0.495196
30.142036,18.674574,-0.496180,-208.290955,-151.646805,428.914490,-13785.604492,-8841.118164,26557.070312,0.297177,0.848147,-0.438558,0.100000,0.020000,1,0.434196
28.419796,21.032522,1.506941,-250.809692,956.766907,647.829834,-33186.828125,42873.562500,19722.453125,0.534246,0.455214,-0.712293,0.100000,0.020000,1,0.304243
29.764181,17.479752,0.337810,78.011566,36.424461,122.748871,-93.117676,-11355.225586,11023.479492,0.338034,0.766447,-0.546161,0.100000,0.020000,1,0.285950
27.178373,20.827971,0.305795,-846.213135,470.473114,42.959991,-25419.046875,9338.779297,3581.908203,0.282718,0.835164,0.471775,0.100000,0.020000,1,0.874024
31.040258,17.789186,-1.008298,241.940399,-328.664246,-204.463379,6768.436035,-10543.429688,-5835.857422,0.238325,0.909133,-0.341582,0.100000,0.020000,1,0.687626
29.369902,18.793037,0.920163,-152.951996,89.232346,288.665649,-9182.113281,3534.601562,12815.166016,0.193264,0.977005,-0.090061,0.100000,0.020000,1,0.950861
29.775904,20.244890,0.510218,-123.226402,443.427917,188.546326,-2960.107422,34094.152344,8588.171875,0.185431,0.982397,0.022598,0.100000,0.020000,1,0.216249
29.617685,17.645115,0.064682,190.405792,-85.451660,-414.316559,9678.750977,-8145.904785,-23823.035156,0.480241,0.658189,-0.579789,0.100000,0.020000,1,0.099196
31.777483,21.073109,-2.250674,554.198242,692.323975,-857.090332,10399.689453,26832.509766,-19326.269531,0.322707,0.755873,0.569663,0.100000,0.020000,1,0.195482
30.269644,18.790253,0.319317,-99.418747,-0.733236,-259.719757,-6490.438477,862.627625,-16390.505859,0.223657,0.899674,0.374918,0.100000,0.020000,1,0.668853
30.216862,18.837063,0.444429,50.307648,-29.187241,-309.553162,2562.673096,-989.760620,-18389.847656,0.169259,0.965198,0.199360,0.100000,0.020000,1,0.397860
30.703131,19.410887,-0.098055,114.674255,147.399139,-30.972031,9389.338867,9756.075195,-2766.957520,0.170843,0.978176,0.118260,0.100000,0.020000,1,0.559060
30.199564,18.642176,0.460719,-232.502075,-170.838440,264.909698,-14517.518555,-9769.942383,16356.565430,0.368432,0.669536,0.644964,0.100000,0.020000,1,0.827242
31.078686,18.614517,-0.183218,237.928741,-23.333755,-43.114479,6183.457031,-1089.768799,729.831299,0.285114,0.929422,0.234275,0.100000,0.020000,1,0.036524
29.901793,18.120029,-0.048840,-17.680626,-146.647430,38.250427,-2768.744141,-11176.951172,3759.831543,0.208831,0.875179,-0.436408,0.100000,0.020000,1,0.616252
30.104807,18.603912,-0.084331,45.144661,-23.928940,166.742462,1841.274658,-1664.033813,9187.565430,0.155485,0.948091,0.277393,0.100000,0.020000,1,0.748999
30.418289,17.905973,0.888924,124.589935,-52.363617,212.008911,8087.360840,-6408.478027,17742.591797,0.152380,0.971448,-0.181847,0.100000,0.020000,1,0.361595
29.487473,19.415207,-0.163400,-207.242966,108.692696,11.305031,-8479.187500,1111.462891,-2343.617920,0.311353,0.725664,-0.613573,0.100000,0.020000,1,0.350295
30.310249,19.181208,1.795760,-0.360016,117.342865,541.911194,3001.646729,8183.489258,21845.800781,0.278825,0.943272,-0.180264,0.100000,0.020000,1,0.091562
30.056446,19.016912,-0.102914,21.075258,105.487579,-23.645210,45.341190,8441.555664,-2677.353516,0.217141,0.952713,0.212574,0.100000,0.020000,1,0.060653
29.231850,19.165632,-1.141278,-289.080475,114.393555,-240.618256,-8963.528320,492.882812,-12479.453125,0.136515,0.932285,-0.334976,0.100000,0.020000,1,0.864130
30.336727,18.700220,-0.317452,86.900070,55.266861,68.230865,6486.697754,5008.351562,5464.973145,0.419252,0.578349,-0.699814,0.100000,0.020000,1,0.319190
30.464293,18.484266,0.379008,62.335403,-21.582565,59.493309,1555.079102,-360.797791,1638.675537,0.556550,0.816994,0.150906,0.100000,0.020000,1,0.000721
30.205891,18.872101,2.082755,-5.928711,129.024750,563.721191,3633.104492,-4500.910156,20815.503906,0.171096,0.872707,0.457285,0.100000,0.020000,1,0.310862
30.174761,19.448898,-0.544949,7.827126,158.485992,-247.381989,-79.983398,13302.827148,-19247.429688,0.124274,0.915905,0.381672,0.100000,0.020000,1,0.266394
30.249500,18.916534,-0.146946,-194.269379,35.532600,207.124756,-12749.954102,3016.509033,12383.326172,0.060398,0.997942,0.021536,0.100000,0.020000,1,0.841549
30.148758,18.992138,0.145024,72.793015,162.657135,100.451477,-1799.889404,9986.295898,9944.381836,0.055225,0.994364,0.090500,0.100000,0.020000,1,0.912923
30.335800,18.757734,0.209546,72.463425,52.611710,-34.038765,5014.023926,4210.829102,-3293.687256,0.227424,0.790165,0.569138,0.100000,0.020000,1,0.629544
30.186666,18.856937,0.432718,13.261144,-69.916489,-322.173950,172.277985,-3967.156738,-19208.648438,0.033246,0.980867,0.191820,0.100000,0.020000,1,0.837474
30.330706,19.066553,0.077428,-362.227051,-234.154541,-136.182861,-22936.826172,-13465.607422,-7651.418945,0.031940,0.984070,-0.174892,0.100000,0.020000,1,0.507563
30.024008,18.426632,-0.801453,-37.899696,-3.196393,214.956329,-2519.381592,423.667511,12763.536133,0.472747,0.512769,-0.716643,0.100000,0.020000,1,0.206533
29.103445,19.000614,-0.160315,-290.714752,99.369110,-141.911224,-23499.347656,7869.666504,-10774.237305,0.177200,0.929673,0.322968,0.100000,0.020000,1,0.001860
30.096830,18.831596,-0.319468,82.621117,-118.728973,-431.717102,4573.170898,-6608.115234,-26705.941406,0.150091,0.835046,-0.529312,0.100000,0.020000,1,0.367520
30.149418,18.951792,-0.431374,-36.925430,-208.080841,-20.079693,-2890.534912,-11991.863281,-1483.325684,0.094398,0.889588,-0.446904,0.100000,0.020000,1,0.629278
29.081596,18.196777,0.081980,364.676514,-112.687119,-123.199486,17786.132812,-9440.247070,-6554.552734,0.025707,0.968510,-0.247644,0.100000,0.020000,1,0.837794
29.788721,18.479528,1.477291,-42.482025,17.124847,555.687500,-4239.702148,2577.929932,42824.414062,0.678769,0.585140,-0.443716,0.100000,0.020000,1,0.041310
30.164179,17.735630,-0.286260,222.635468,-38.052902,-14.500587,13418.637695,-6733.581543,-3172.614014,-0.000264,0.954304,0.298836,0.100000,0.020000,1,0.219149
30.008327,18.911205,0.298945,11.201632,-308.860016,486.817871,-38.768337,-17992.541016,29719.320312,0.206634,0.743498,0.636014,0.100000,0.020000,1,0.354833
28.922766,17.965544,0.485006,57.827198,-12.159420,276.996613,1856.426025,-7494.237305,17061.113281,0.129218,0.814885,0.565035,0.100000,0.020000,1,0.249293
30.457952,19.268883,0.162005,108.155838,140.525757,-80.178253,7614.033203,11197.897461,-6030.812988,0.052962,0.884338,0.463833,0.100000,0.020000,1,0.481814
30.343716,18.985638,0.042863,-182.728058,-7.699804,-107.114777,-11492.257812,137.354568,-6257.974121,-0.066574,0.993598,-0.091270,0.100000,0.020000,1,0.362164
30.253096,19.063618,-0.076744,25.723629,-6.746622,7.414490,1321.244019,523.060425,721.761414,-0.069168,0.984398,-0.161790,0.100000,0.020000,1,0.395974
29.677322,19.388018,-0.025893,-99.964172,50.351357,-25.731277,-12406.087891,4026.746094,6965.862305,-0.070919,0.991699,0.107255,0.100000,0.020000,1,0.795781
29.673588,18.727686,0.325635,-134.823303,-57.528809,88.177780,-11262.680664,-4146.344238,6853.748535,-0.083164,0.996325,0.020534,0.100000,0.020000,1,0.998621
30.368917,18.696968,-0.456282,-337.056152,-95.904587,153.164978,-20216.755859,-4889.260254,10270.689453,0.333623,0.623812,-0.706791,0.100000,0.020000,1,0.398839
30.575209,19.015083,0.138669,157.250427,160.837997,258.982025,4439.839844,6564.466309,8674.006836,0.193573,0.747971,-0.634877,0.100000,0.020000,1,0.119642
29.910673,19.540442,-1.160536,127.862930,109.609055,-310.125671,6680.569336,10444.793945,-22570.480469,0.061976,0.850475,-0.522352,0.100000,0.020000,1,0.834894
30.270340,19.031702,0.366919,-228.860794,-439.828552,-380.558685,-14510.773438,-26736.863281,-23833.648438,-0.025146,0.925040,0.379036,0.100000,0.020000,1,0.736543
30.427977,19.055927,0.047504,75.286713,-14.177678,-28.696907,5226.949219,-56.941151,-2280.059082,-0.093560,0.977720,0.187910,0.100000,0.020000,1,0.739764
29.848078,18.361790,-0.632550,-165.256470,-179.119400,11.685028,-11899.686523,-12459.950195,261.588806,0.114216,0.783796,-0.610424,0.100000,0.020000,1,0.866782
30.018543,19.339577,-1.882527,9.968042,201.657837,-381.774597,-654.647217,15226.313477,-30932.199219,0.036423,0.956079,-0.290838,0.100000,0.020000,1,0.215270
31.707600,18.353251,-0.249334,633.428101,-276.953308,-221.529846,26376.066406,-18841.984375,-17370.009766,-0.040080,0.904079,-0.425480,0.100000,0.020000,1,0.797454
30.106367,18.991928,0.297119,135.575073,92.957764,-91.938034,7784.476562,6445.286133,-5595.542480,-0.098595,0.951565,0.291210,0.100000,0.020000,1,0.694851
30.006935,18.356022,0.744696,-18.573963,-217.900604,110.860535,-2178.815918,-15608.856445,8477.995117,-0.051790,0.886649,0.459534,0.100000,0.020000,1,0.403536
32.790409,19.329731,-0.640873,759.719116,56.859039,-123.480560,58389.859375,5517.561035,-9538.006836,-0.114278,0.957963,-0.263148,0.100000,0.020000,1,0.584934
30.891548,17.633049,-0.270662,207.453278,-392.978821,-115.935913,15588.862305,-30212.597656,-8844.228516,-0.179383,0.977463,0.111299,0.100000,0.020000,1,0.972285
30.004803,19.030851,0.359956,143.601593,157.339508,-581.676086,7845.644043,10328.558594,-35220.507812,-0.188649,0.982041,0.002509,0.100000,0.020000,1,0.898136
30.101835,18.385994,-0.680289,12.616404,12.885460,-107.150330,674.246887,318.775055,-7104.942383,0.242413,0.667046,-0.704476,0.100000,0.020000,1,0.278921
29.707706,18.951300,-0.741222,-77.874359,121.739952,-19.776779,-4845.238281,1906.559570,-7460.335938,0.195547,0.785348,-0.587359,0.100000,0.020000,1,0.049745
30.066084,20.600206,-0.834188,16.248341,382.473938,-113.521484,1718.880127,27663.580078,-8737.442383,-0.064517,0.921135,-0.383860,0.100000,0.020000,1,0.165249
30.192360,18.933817,-0.125126,-7.019905,213.346283,-457.566956,-623.914551,13737.259766,-27885.595703,-0.132602,0.894055,-0.427882,0.100000,0.020000,1,0.126333
30.205343,18.977825,0.362390,-121.427948,185.401093,-30.521320,-7850.957031,12108.368164,-1766.329224,-0.141312,0.913547,0.381396,0.100000,0.020000,1,0.793984
30.003172,19.127996,0.138246,-293.215271,149.858734,-11.330975,-19572.095703,10250.563477,-1111.598267,-0.203474,0.939859,0.274344,0.100000,0.020000,1,0.990418
29.740753,18.630545,-0.407391,66.417290,23.526844,190.964691,2016.165894,180.625748,11248.345703,-0.206883,0.945189,-0.252622,0.100000,0.020000,1,0.495552
30.163107,19.118782,0.383455,61.404114,59.606987,196.145386,3438.923340,4423.416992,14623.990234,-0.225006,0.957502,-0.180449,0.100000,0.020000,1,0.993514
30.066425,18.897526,-0.599167,20.204628,-14.000387,-12.313793,780.343506,-177.847763,-1127.255493,0.008622,0.794949,-0.606615,0.100000,0.020000,1,0.771848
29.854488,18.873379,0.224970,70.335945,195.904221,-540.773254,3006.343750,12683.070312,-35162.023438,-0.064279,0.829827,0.554307,0.100000,0.020000,1,0.605077
30.371473,18.835110,-0.605627,123.151985,-78.478378,-31.430153,953.594482,4204.687012,-2831.959473,-0.065818,0.843098,-0.533717,0.100000,0.020000,1,0.044709
30.057409,18.674110,0.663681,54.271484,-13.642819,6.756730,2235.753174,-227.544693,-52.653442,0.261048,0.692966,0.672051,0.100000,0.020000,1,0.125585
29.776251,18.774601,0.310544,21.390335,-5.807240,3.665979,-406.914459,-180.882141,-559.475464,0.010475,0.808622,0.588235,0.100000,0.020000,1,0.159911
30.757898,18.428692,-2.806604,122.350632,-247.306763,-951.125977,-1848.602051,-5424.859375,-39946.902344,-0.091244,0.991616,-0.091501,0.100000,0.020000,1,0.005526
29.900747,22.261925,-1.387447,-43.297562,856.800049,-474.469604,-4026.201904,68183.484375,-37393.234375,-0.160841,0.871292,0.463660,0.100000,0.020000,1,0.956662
29.847944,18.681185,0.388401,245.548401,-48.554504,-297.013336,13954.648438,-4176.172363,-18470.757812,-0.225149,0.897535,0.379130,0.100000,0.020000,1,0.336006
30.101542,19.070948,0.248093,-433.348999,234.109009,296.710449,-27990.216797,15173.987305,19030.802734,-0.246299,0.946857,0.206877,0.100000,0.020000,1,0.201586
29.350180,19.141457,-0.228607,179.903351,1.071400,239.377625,7961.346680,1806.937012,11884.220703,0.005578,0.768889,0.639358,0.100000,0.020000,1,0.256269
30.139233,19.535275,0.501320,125.696609,203.062317,-43.754471,7562.468262,14856.571289,-399.811676,-0.333654,0.939691,-0.075202,0.100000,0.020000,1,0.266376
29.893478,19.192282,0.081212,851.575806,-235.598465,407.313293,52401.375000,-14244.699219,25398.197266,-0.331607,0.925424,0.183374,0.100000,0.020000,1,0.657856
30.824959,18.289196,-1.391002,216.821411,-117.968079,-189.496307,16599.234375,-8590.581055,-15250.870117,0.175985,0.681204,-0.710626,0.100000,0.020000,1,0.854254
29.893177,18.733332,-0.518712,-104.777863,45.145576,99.793945,-7723.296387,2601.868408,6315.996582,-0.070666,0.785147,-0.615264,0.100000,0.020000,1,0.926144
29.941252,18.301422,-0.382139,31.726883,-307.160950,33.889725,-5107.765137,4028.629395,-4428.378418,-0.237395,0.860660,-0.450452,0.100000,0.020000,1,0.870696
29.879805,19.244905,-0.512468,-28.211327,16.907097,-56.830750,-3168.088379,2192.176025,-4481.148926,-0.258745,0.899769,-0.351379,0.100000,0.020000,1,0.136084
30.059315,18.944418,-0.351988,43.222313,-81.038925,-160.415039,2173.455322,-5495.544434,-12647.845703,-0.331313,0.895851,0.296111,0.100000,0.020000,1,0.751437
29.798843,19.262102,-0.052366,106.778328,-157.735657,-189.303177,5017.929688,-9080.348633,-11541.413086,-0.344613,0.922020,-0.176412,0.100000,0.020000,1,0.133931
30.445326,18.881269,-0.591709,72.429077,72.874847,-23.745903,5509.590820,6987.199219,-2155.343750,0.486312,0.708412,-0.511520,0.100000,0.020000,1,0.009867
31.464045,19.385319,-2.217780,461.894470,174.317368,-478.208069,13545.869141,4717.752930,-15720.336914,0.077560,0.717466,-0.692263,0.100000,0.020000,1,0.460123
29.852739,18.933155,0.574679,185.452759,-265.801880,96.579300,10455.553711,-15624.652344,6112.528320,0.078224,0.736630,0.671757,0.100000,0.020000,1,0.190500
30.050142,18.912767,0.512978,-120.450592,97.695015,201.148865,-8012.182617,6662.093750,12607.234375,-0.075644,0.773768,0.628936,0.100000,0.020000,1,0.560164
30.003756,18.697010,-2.154547,-22.776169,-131.890472,-540.663025,5696.885742,13597.780273,-15234.153320,-0.184875,0.823080,-0.536992,0.100000,0.020000,1,0.916464
30.026052,19.222477,-0.092120,22.842476,-34.812099,3.322101,486.365509,-1280.421997,179.265320,-0.276262,0.955881,-0.099850,0.100000,0.020000,1,0.045456
30.050110,19.153196,-0.066634,46.064209,-18.969261,-249.864807,2320.226807,-751.382019,-15072.071289,-0.344062,0.897634,-0.275453,0.100000,0.020000,1,0.364530
29.546816,19.704941,0.378705,-101.376129,112.127350,141.301819,-9021.836914,9866.385742,11711.653320,-0.339056,0.876875,-0.340780,0.100000,0.020000,1,0.434427
29.986246,20.472107,0.081906,167.834625,307.242859,-64.289566,9909.595703,25987.916016,-5709.754395,-0.186434,0.806135,0.561594,0.100000,0.020000,1,0.485160
30.439653,19.647387,1.434515,150.020706,127.709137,269.357544,-138.272461,12554.910156,17727.990234,-0.261552,0.842653,0.470666,0.100000,0.020000,1,0.039086
29.982565,19.102451,0.293185,226.937668,30.987774,393.082703,13593.219727,2214.510742,24701.330078,-0.347515,0.858924,0.376141,0.100000,0.020000,1,0.664884
29.974270,19.340462,0.283408,-27.325607,-112.446487,-120.498383,-2501.903564,-6140.440430,-7118.492188,-0.425663,0.883339,0.196270,0.100000,0.020000,1,0.712521
29.906992,17.397301,0.716124,218.725830,-26.685654,169.392380,5419.839355,-26246.767578,7266.671387,-0.432662,0.896649,0.093936,0.100000,0.020000,1,0.726898
29.978067,17.752300,0.588281,156.573105,-44.398438,13.596865,9280.550781,-6207.002441,771.208313,0.169883,0.676173,0.716889,0.100000,0.020000,1,0.517510
30.209150,19.239616,-0.075310,120.909210,-25.685711,22.577171,7902.330078,-1086.634399,2014.273926,-0.430756,0.865819,-0.254573,0.100000,0.020000,1,0.981503
31.084026,19.706135,0.314748,407.158264,143.767380,125.786255,12655.229492,4627.710938,3812.890381,-0.443600,0.881730,-0.160535,0.100000,0.020000,1,0.318763
29.823858,18.919580,-0.629255,96.706955,-182.989136,203.350128,4490.836914,-11627.924805,11657.743164,-0.217415,0.886317,-0.408868,0.100000,0.020000,1,0.098075
30.852158,20.421043,-1.037149,291.310913,332.757812,-164.730164,11979.773438,25688.576172,-12906.429688,-0.280954,0.796374,-0.535587,0.100000,0.020000,1,0.480693
29.531948,19.495941,0.174770,-76.776047,51.886169,-41.939774,-7318.894531,5228.735352,-3556.617676,-0.344238,0.817459,0.461802,0.100000,0.020000,1,0.930273
29.947224,17.924904,-0.656096,145.880096,-69.450012,-11.211464,8457.348633,-9045.596680,-1890.815308,-0.356672,0.824674,-0.438973,0.100000,0.020000,1,0.493221
29.816076,19.016907,1.042691,-58.271606,-83.398666,212.884155,-5520.375000,-7412.595703,16047.798828,-0.454100,0.846333,0.278412,0.100000,0.020000,1,0.786671
29.931843,19.071939,-0.935725,7.917763,52.642502,-144.607101,-282.182770,4133.061523,-10847.811523,-0.177969,0.766694,-0.616853,0.100000,0.020000,1,0.097096
29.356808,21.031046,-0.908045,-153.797974,491.375244,-379.111328,-12853.290039,39651.582031,-29704.705078,-0.277320,0.782335,0.557715,0.100000,0.020000,1,0.578688
30.150881,17.256491,-2.505857,308.747894,-67.388374,-707.764771,-1797.936035,-21328.960938,-24648.589844,-0.413729,0.903446,0.112312,0.100000,0.020000,1,0.121030
29.804855,19.294823,-0.490711,134.755981,206.336548,87.670609,7273.223633,13756.359375,4737.474121,-0.453099,0.818481,-0.353256,0.100000,0.020000,1,0.624811
29.766392,19.029188,-0.085419,-25.701736,38.194134,-40.829254,-3022.925781,1733.455933,-2630.747803,-0.532507,0.842102,-0.085445,0.100000,0.020000,1,0.638816
29.561584,19.286427,-0.049462,592.168396,-263.296356,-10.118025,35120.191406,-16237.382812,-920.244995,-0.536544,0.843609,0.021092,0.100000,0.020000,1,0.984403
29.993189,18.841776,-0.656337,23.297943,-77.218788,304.994781,973.230530,-4363.048340,19004.929688,-0.003192,0.711151,-0.703032,0.100000,0.020000,1,0.946928
29.400372,18.683605,0.987946,-135.260269,-109.014275,188.743225,-8105.140625,-2901.683105,9133.660156,-0.198006,0.748045,0.633422,0.100000,0.020000,1,0.902922
29.513704,19.484446,0.403257,-131.826996,-329.351013,-74.340332,-10716.308594,-19574.810547,-2442.089600,-0.539892,0.826549,-0.159166,0.100000,0.020000,1,0.074230
29.884117,19.357183,0.282786,-262.162506,7.207401,-195.134949,-17371.148438,1155.752686,-11859.349609,-0.536683,0.818773,0.203915,0.100000,0.020000,1,0.717218
29.756649,18.969915,0.075772,67.871208,-243.518127,196.478821,2896.706299,-16340.427734,12381.390625,-0.548237,0.830915,0.094953,0.100000,0.020000,1,0.080761
30.152859,18.618183,-0.449808,195.206757,-63.372559,232.148987,11762.121094,-3035.948730,14260.169922,0.419870,0.805259,-0.418648,0.100000,0.020000,1,0.025171
29.723635,19.188919,-0.477849,302.553253,92.097397,-65.279686,17628.738281,6429.711426,-4265.713867,-0.373398,0.767206,-0.521506,0.100000,0.020000,1,0.831780
29.624887,19.643532,-0.278321,-68.064697,53.769745,-84.318954,-2364.342529,4500.341309,-702.692627,-0.506925,0.857208,-0.090671,0.100000,0.020000,1,0.143682
30.348360,19.674675,0.784211,110.201416,82.101532,93.476532,8089.272461,7459.101074,7831.636230,-0.471385,0.796319,0.379040,0.100000,0.020000,1,0.561623
29.804214,19.253836,0.607755,-63.885880,-311.914062,-200.054382,-5103.314453,-18735.449219,-12075.142578,-0.360465,0.746185,0.559708,0.100000,0.020000,1,0.552850
29.608301,19.287937,-0.514978,-27.561508,-39.168747,-110.140686,-3880.468262,-2009.669312,-9206.579102,-0.511064,0.859059,0.028828,0.100000,0.020000,1,0.217832
30.116131,19.326191,0.090305,-635.349243,-264.398071,275.068176,-39790.121094,-16162.000000,16726.603516,-0.560621,0.777343,0.285379,0.100000,0.020000,1,0.259596
30.674704,18.729490,1.671550,42.365395,-94.077332,321.774170,-3657.512207,-2065.385254,9183.581055,-0.273273,0.724775,0.632474,0.100000,0.020000,1,0.461600
29.878679,18.247965,-0.114026,50.924236,-284.639832,141.947083,-40.280762,-11293.865234,5072.882812,-0.283352,0.728528,-0.623666,0.100000,0.020000,1,0.151761
29.577124,19.539448,0.020534,-65.434937,90.409317,4.902695,-2609.160156,1625.900635,-5215.454590,-0.472282,0.746953,0.467985,0.100000,0.020000,1,0.971058
29.762642,19.255556,-0.236874,-277.817200,53.258430,-67.088852,-18670.679688,3558.807129,-4241.623047,-0.571986,0.772135,-0.276839,0.100000,0.020000,1,0.277070
30.183889,19.112806,-0.943964,137.049774,-141.963501,-293.701721,9357.089844,-9595.767578,-22539.121094,-0.640664,0.767661,0.015682,0.100000,0.020000,1,0.886694
29.763338,19.419252,0.029869,83.742477,-97.821922,130.533264,4247.370117,-5513.995117,7992.804688,-0.637596,0.763237,0.104593,0.100000,0.020000,1,0.276697
29.899044,19.046041,-0.582464,34.600185,-72.867302,15.031010,1413.705200,-3558.219482,1017.690613,-0.098228,0.702431,-0.704941,0.100000,0.020000,1,0.879754
29.097984,20.118341,2.090525,-376.693939,260.539612,521.889038,-16244.367188,8355.617188,11480.046875,-0.555455,0.747369,-0.364568,0.100000,0.020000,1,0.349743
28.170746,18.973528,-1.726806,-186.965546,131.745117,-453.911926,-19466.109375,7412.128418,-37232.312500,-0.560103,0.733846,0.384389,0.100000,0.020000,1,0.923813
29.480093,19.787853,-0.325202,-55.723358,64.602982,-18.042416,-5635.559082,6333.828613,-1575.738525,-0.630426,0.731518,-0.259702,0.100000,0.020000,1,0.744444
30.578230,19.292704,1.454884,168.089661,-47.963776,434.621429,170.971680,-3585.253418,13367.711914,-0.643480,0.741456,0.190201,0.100000,0.020000,1,0.475462
28.976219,18.768560,-1.443407,-243.688629,-169.940674,-426.136078,-9128.716797,-11272.381836,-7302.961914,-0.653059,0.739208,-0.164577,0.100000,0.020000,1,0.846353
29.889828,18.980133,-0.691705,-14.038380,-46.067429,31.736877,-1616.330078,-2418.557617,1563.180908,-0.177711,0.701498,-0.690159,0.100000,0.020000,1,0.560270
28.741724,20.383575,-0.902613,-222.768890,368.857819,-194.732285,-7933.429688,10958.855469,-5810.014648,-0.468292,0.714718,-0.519500,0.100000,0.020000,1,0.138451
29.840233,19.441803,-0.526951,-198.001404,-317.213867,82.612167,-13107.884766,-18898.203125,4600.713379,-0.546711,0.707823,-0.447317,0.100000,0.020000,1,0.704958
29.315039,19.029123,-0.172103,-93.050995,-96.609711,-43.331711,-8694.584961,-7140.579590,-3186.439209,-0.663592,0.744280,-0.075450,0.100000,0.020000,1,0.194717
29.695766,19.161432,-0.145555,-138.070740,41.103798,-390.662964,-10023.872070,3184.387451,-23046.564453,-0.369857,0.687066,-0.625417,0.100000,0.020000,1,0.137027
29.686460,19.415529,-0.512481,69.158989,-53.015190,80.418121,3330.806396,-2672.548828,4155.079590,-0.653479,0.674373,-0.343783,0.100000,0.020000,1,0.800461
29.747799,20.155321,0.336945,43.847839,142.400330,94.338806,2087.875977,12459.837891,7631.200684,-0.739037,0.669410,-0.075590,0.100000,0.020000,1,0.523596
29.642469,19.526789,0.264183,-74.291336,-333.477814,-36.128822,-5797.105957,-20196.068359,-1580.048096,-0.737660,0.665536,0.113662,0.100000,0.020000,1,0.707983
29.796946,19.264288,0.625909,-101.575027,-441.973572,-134.904846,-7260.546875,-26797.509766,-8217.081055,-0.351053,0.671400,0.652674,0.100000,0.020000,1,0.499609
29.234245,19.028145,0.941746,-130.548584,-64.090607,116.174652,-11089.523438,-4253.589844,10711.100586,-0.465161,0.686717,0.558611,0.100000,0.020000,1,0.327749
29.851616,19.163139,-0.642795,134.054138,291.266174,745.518738,7807.505859,18484.962891,46058.511719,-0.502716,0.722171,-0.475128,0.100000,0.020000,1,0.051898
29.738176,19.374918,-0.410136,44.763809,-51.155609,-22.467735,2056.036133,-2598.978516,-1600.864380,-0.623431,0.652189,-0.431258,0.100000,0.020000,1,0.612800
29.020868,19.425257,-0.042183,-72.564636,91.066071,-59.216400,-8233.565430,6277.268555,-4879.689941,-0.714729,0.644362,0.271957,0.100000,0.020000,1,0.701132
29.231663,20.008551,-0.791025,-104.851120,156.824951,-149.266434,-3886.820312,12409.689453,-5590.893555,-0.717547,0.643341,-0.266907,0.100000,0.020000,1,0.646734
29.716986,19.423502,0.199859,21.481476,-29.701088,48.098122,633.047058,-1435.897583,3168.549805,-0.738397,0.644678,0.197890,0.100000,0.020000,1,0.510695
29.415905,19.014080,-0.639063,-28.294586,-30.988297,-190.127991,-4282.799805,-1648.294067,-12222.303711,-0.279498,0.667853,-0.689821,0.100000,0.020000,1,0.487544
28.856968,19.981688,-1.735573,-318.811432,203.005646,-422.251343,-1024.613281,15199.029297,-2800.356445,-0.442814,0.651002,-0.616532,0.100000,0.020000,1,0.917478
29.673813,19.391197,0.307092,-74.700882,147.221710,5.490086,-5782.678223,9800.320312,539.496033,-0.672144,0.673736,0.307088,0.100000,0.020000,1,0.139679
30.013603,19.444868,-0.092989,-612.803528,-685.795105,1031.492065,-39214.421875,-42083.773438,64653.300781,-0.481931,0.876008,0.018774,0.100000,0.020000,1,0.057984
29.376577,19.610874,0.146399,6.550278,-391.090546,776.909058,-1896.380127,-22766.679688,51598.500000,-0.540406,0.638030,-0.548525,0.100000,0.020000,1,0.018533
29.204033,19.204924,-0.063108,-68.131058,-27.141399,-81.817444,-7385.116699,-1586.656494,-7200.562012,-0.562204,0.659344,0.499191,0.100000,0.020000,1,0.272177
29.406950,19.273027,0.436306,93.168396,-192.339020,-18.726374,3801.991699,-12040.638672,-776.606628,-0.656668,0.639784,0.399329,0.100000,0.020000,1,0.080885
29.535856,19.002476,-0.218629,-98.005417,-59.044388,-176.249542,-7651.561523,-4661.049805,-13702.245117,-0.636325,0.612834,0.468535,0.100000,0.020000,1,0.711791
28.988306,18.279638,0.088465,178.806595,3.413254,383.208832,7653.902344,-3985.025879,23243.941406,-0.710643,0.598329,0.370122,0.100000,0.020000,1,0.697858
30.294338,19.325377,-0.470629,213.497910,-25.173222,-40.269142,6090.992188,-528.442810,-1644.958984,-0.717392,0.599543,-0.354821,0.100000,0.020000,1,0.855126
29.407898,19.733917,0.409945,-60.749985,113.688934,184.043945,-5599.354492,8743.170898,12992.863281,-0.801592,0.590278,0.094986,0.100000,0.020000,1,0.576962
29.278645,19.962233,-0.008073,-18.585638,190.143143,-29.050255,64.996338,7255.081055,-2114.533447,-0.808739,0.587889,0.018094,0.100000,0.020000,1,0.923848
30.130320,19.048635,0.205767,-429.158081,-70.950409,49.311462,-25786.304688,-5798.830078,4253.190918,-0.811408,0.579108,-0.079063,0.100000,0.020000,1,0.290167
29.817461,19.178055,0.452802,-333.511475,481.982544,-105.850235,-21419.326172,30524.761719,-6806.591309,-0.549984,0.612101,0.568199,0.100000,0.020000,1,0.520909
30.970968,19.848663,-0.091814,404.149231,111.789688,26.859489,30365.562500,9168.475586,2176.617676,-0.790456,0.561998,-0.243592,0.100000,0.020000,1,0.512937
29.553627,19.188494,-0.561329,-15.473312,-14.302464,-7.953202,-2420.267822,-662.935364,-703.019043,-0.526694,0.598101,-0.604043,0.100000,0.020000,1,0.941607
29.171261,18.488113,0.886664,-137.464066,-273.087830,390.765350,-5801.564453,-4580.854492,14008.001953,-0.619749,0.580456,-0.528188,0.100000,0.020000,1,0.510891
29.528976,19.428049,-0.403005,86.180740,-46.559151,22.872520,4191.682617,-2284.627197,1301.118286,-0.704870,0.560956,-0.434151,0.100000,0.020000,1,0.509538
29.663900,19.767502,-0.296783,36.330021,56.496017,-32.185989,1766.704102,5251.799316,-2665.038086,-0.819575,0.546891,-0.170899,0.100000,0.020000,1,0.166050
30.972027,17.865725,0.273122,392.404236,-417.461639,-103.971573,21943.222656,-9748.010742,-3333.814697,-0.623105,0.561453,0.544529,0.100000,0.020000,1,0.395440
29.553816,19.468723,0.131710,-616.723267,1.510605,285.148773,-39673.605469,406.794800,18485.023438,-0.870573,0.491708,0.018077,0.100000,0.020000,1,0.845570
30.273401,19.353645,0.621681,145.746155,-18.076912,0.882503,10629.072266,51.228676,347.363770,-0.446951,0.615083,0.649544,0.100000,0.020000,1,0.268956
29.666855,19.154024,0.505446,267.526459,263.536926,334.614929,15985.443359,16786.773438,20982.630859,-0.516692,0.575506,0.633894,0.100000,0.020000,1,0.556195
29.642536,19.389591,0.412127,-32.325493,-20.373987,-74.700012,-2721.859619,-764.963379,-4652.759277,-0.704191,0.534386,0.467489,0.100000,0.020000,1,0.353747
28.698210,18.654634,0.997457,695.294250,-318.863647,-1001.458252,39466.609375,-22919.339844,-60367.917969,-0.783789,0.496736,0.372731,0.100000,0.020000,1,0.713659
28.562113,19.269358,0.813804,-233.907867,-114.350243,176.431549,-6962.469727,-4290.697266,4262.808594,-0.873096,0.474290,0.112929,0.100000,0.020000,1,0.354637
29.093424,20.080446,-0.092750,-73.714531,134.983093,15.370682,-4315.811523,8801.134766,-1121.387939,-0.881189,0.467912,-0.067556,0.100000,0.020000,1,0.882156
29.503622,19.377398,-0.565904,9.165367,0.480745,-16.159225,-611.151794,621.592407,-1488.764771,-0.677102,0.506323,-0.534013,0.100000,0.020000,1,0.659635
29.086514,19.362112,-0.481457,-91.816956,-15.267448,-49.641045,-8540.432617,-722.428406,-3621.570801,-0.767054,0.476920,-0.429156,0.100000,0.020000,1,0.926945
29.402851,19.644415,0.279930,193.788971,-374.462402,-254.627777,10750.127930,-22470.675781,-15682.874023,-0.830902,0.511172,0.219788,0.100000,0.020000,1,0.144323
29.508989,19.264486,-0.222314,-71.932739,115.970795,90.482452,-5351.495605,6860.497559,5647.826172,-0.857417,0.453224,-0.243770,0.100000,0.020000,1,0.398571
29.447744,20.495373,-0.583799,10.131683,271.322479,-212.241180,-435.085022,21769.015625,-16517.945312,-0.867858,0.458244,0.191926,0.100000,0.020000,1,0.439890
29.424101,19.382965,-0.110100,99.163513,43.020683,-122.695801,5121.636230,2693.695801,-7564.986328,-0.874734,0.449860,-0.180183,0.100000,0.020000,1,0.949277
28.628860,20.781410,-0.457642,-285.154358,431.946594,-259.102295,-6478.027344,24336.714844,-6720.285156,-0.691332,0.483809,0.536646,0.100000,0.020000,1,0.860037
29.381680,19.542740,-0.222072,-7.764328,13.392933,11.276688,-1948.179565,1696.406372,1016.773193,-0.809622,0.473203,-0.347261,0.100000,0.020000,1,0.028854
29.415070,19.362732,-0.202315,55.195099,47.173393,-152.108856,2342.941162,3026.543213,-9232.004883,-0.835790,0.429444,-0.342101,0.100000,0.020000,1,0.942248
29.432896,19.533802,0.360995,-37.078339,-289.857208,-419.067749,-3376.670654,-17612.296875,-25941.460938,-0.859357,0.427171,0.281122,0.100000,0.020000,1,0.788254
29.683664,19.194447,-0.747387,25.468470,2.903759,3.651958,509.673798,1035.349609,-373.409302,-0.355651,0.608320,-0.709548,0.100000,0.020000,1,0.658496
29.521315,19.148901,-0.407937,-2.061882,-29.707664,53.195969,-1312.420654,-1984.481934,3838.875000,-0.604426,0.505652,-0.615618,0.100000,0.020000,1,0.428413
29.873375,20.579931,-0.222868,138.389572,365.740112,-176.731964,9397.752930,28439.630859,-13719.019531,-0.769445,0.443437,0.459693,0.100000,0.020000,1,0.912424
29.413967,19.658224,0.147207,-208.541901,-611.244080,-534.986511,-14006.754883,-37568.070312,-33190.281250,-0.929631,0.368345,0.010336,0.100000,0.020000,1,0.853044
29.776819,20.729710,2.529198,0.005589,380.163879,485.341187,-102.588120,30537.541016,38962.867188,-0.593385,0.499333,0.631317,0.100000,0.020000,1,0.619188
29.106245,20.146070,-0.413236,-168.354538,265.383606,71.683685,-8441.667969,7752.682617,5253.616699,-0.742935,0.428720,-0.514049,0.100000,0.020000,1,0.728180
28.560993,20.172680,0.000376,-301.399170,187.973969,-121.130157,-864.958984,9783.860352,-1159.164062,-0.841134,0.385824,0.378990,0.100000,0.020000,1,0.352840
29.536663,19.121794,0.211271,-448.037537,242.873138,71.690468,-28578.437500,14123.008789,5000.794434,-0.926595,0.358143,0.114697,0.100000,0.020000,1,0.074017
28.439419,19.765312,-0.901249,-221.315582,67.741165,-214.905640,-19718.910156,4864.824219,-16927.332031,-0.924133,0.346290,-0.161435,0.100000,0.020000,1,0.862671
29.768032,19.058458,0.771126,15.668546,27.911415,-129.357880,204.407806,2118.239502,-7484.351074,-0.333414,0.613530,0.715832,0.100000,0.020000,1,0.174930
28.989038,19.885920,-0.855618,1.713982,186.623993,-127.200012,-3076.394531,14644.705078,-9436.125977,-0.648735,0.454071,-0.610707,0.100000,0.020000,1,0.277960
29.405790,19.477516,-0.698333,14.746003,8.928829,-59.167740,-68.280518,1211.121216,-5091.384766,-0.817150,0.372603,-0.439811,0.100000,0.020000,1,0.674084
29.341286,19.545919,0.315732,22.617508,-92.006226,-64.521873,384.592651,-5119.141113,-3776.348877,-0.898869,0.330161,0.288145,0.100000,0.020000,1,0.854023
29.273975,19.394300,-0.369089,218.633881,-54.591431,159.982819,12501.854492,-3418.041504,9494.573242,-0.907930,0.325215,-0.264385,0.100000,0.020000,1,0.444908
30.390123,21.407955,-0.141419,308.090393,530.455322,-103.691742,10188.070312,38432.152344,2008.796387,-0.922140,0.327937,0.205221,0.100000,0.020000,1,0.624722
30.285152,19.873386,-0.298884,191.246490,204.542908,75.743393,13700.159180,16414.248047,6052.188477,-0.420690,0.564991,-0.709792,0.100000,0.020000,1,0.585770
29.335072,19.535883,0.365593,-7.429245,32.273216,-19.654133,-1943.493530,3203.078125,-1674.528320,-0.730858,0.400737,0.552500,0.100000,0.020000,1,0.050421
29.529533,19.365396,0.595319,-386.791595,-200.028580,26.532936,-24770.984375,-12400.039062,2477.766602,-0.813721,0.335708,0.474508,0.100000,0.020000,1,0.825818
29.389038,19.526325,-0.255760,212.480225,-342.749695,-60.573982,12664.811523,-20945.634766,-3613.263428,-0.883833,0.298464,-0.360220,0.100000,0.020000,1,0.664404
29.061741,19.276882,0.322862,86.164040,-25.813179,-8.670307,3338.184326,-1979.085083,-488.462524,-0.883889,0.294381,0.363428,0.100000,0.020000,1,0.914293
30.669783,20.897215,0.050480,374.232117,352.898010,-16.889168,28462.921875,28459.500000,-1181.492676,-0.963249,0.252392,0.091923,0.100000,0.020000,1,0.416775
28.754395,18.299591,-0.295262,-38.326767,93.896866,125.951370,-5577.605957,1254.208130,7024.185059,-0.964034,0.251235,-0.086723,0.100000,0.020000,1,0.839111
29.092194,19.467030,-0.066335,-118.937500,15.089573,190.528061,-9224.957031,1146.130493,11671.958984,-0.969447,0.244337,0.021716,0.100000,0.020000,1,0.747006
29.382092,19.335907,0.303738,-147.746796,159.490570,-1.750587,-9822.524414,9858.650391,158.760254,-0.931232,0.231258,0.281650,0.100000,0.020000,1,0.855944
29.343504,19.450834,-0.232645,-62.223877,134.970856,34.098114,-4570.179199,8765.890625,2089.806152,-0.939102,0.229004,-0.256211,0.100000,0.020000,1,0.646396
29.402170,19.378572,0.138798,-363.795532,110.646088,-13.910288,-23321.541016,6873.807617,-967.234375,-0.956519,0.222587,0.188482,0.100000,0.020000,1,0.784571
29.214792,19.450487,-0.197231,156.213638,-50.800102,44.035507,8724.946289,-3034.243652,2523.718750,-0.961760,0.222245,-0.160078,0.100000,0.020000,1,0.978104
29.690346,19.191233,-0.664986,-68.951416,-28.948551,89.024002,-4930.852539,-1379.958740,5347.846680,-0.495669,0.505545,-0.706213,0.100000,0.020000,1,0.299598
30.422600,17.829687,1.155102,227.189728,-363.917358,248.419769,11809.409180,-11387.426758,8459.170898,-0.639887,0.408263,0.651050,0.100000,0.020000,1,0.917531
28.352224,19.458120,-0.784820,-301.685974,-90.626648,-175.661102,-10048.886719,-5733.935547,-7489.290039,-0.788420,0.304621,-0.534415,0.100000,0.020000,1,0.738429
29.351721,19.318705,0.345458,114.856796,46.134369,161.461548,4654.417480,2078.385498,9611.715820,-0.847261,0.261837,0.462158,0.100000,0.020000,1,0.999546
29.135118,18.930204,-0.770982,37.076469,-6.475990,-58.245773,565.021362,-1403.961182,-3427.520996,-0.859683,0.260273,-0.439548,0.100000,0.020000,1,0.725973
29.644920,18.566921,-2.888435,-4.687866,-249.717834,-784.807556,-3647.203369,-8309.691406,-25690.642578,-0.710416,0.344723,-0.613576,0.100000,0.020000,1,0.069515
29.089939,18.805347,0.498124,251.178253,71.484116,288.032013,13759.496094,2562.181396,18292.429688,-0.776943,0.297534,0.554826,0.100000,0.020000,1,0.764249
28.080349,18.974880,-2.476650,-116.699249,144.354477,-549.796204,-13186.217773,7476.132812,-43824.765625,-0.917899,0.194271,-0.346007,0.100000,0.020000,1,0.990507
29.037882,19.658323,0.074184,-7.487900,38.131699,24.640228,-2026.576904,3437.202637,2125.218750,-0.987804,0.137424,-0.073197,0.100000,0.020000,1,0.863240
28.923658,19.828472,0.351107,-130.876526,181.398499,-31.765537,-7042.355469,1933.375000,1742.018311,-0.703176,0.335803,0.626721,0.100000,0.020000,1,0.969420
28.895205,19.152739,-0.672621,-84.402618,-67.482735,-45.712193,-3969.800537,-1508.837646,-2053.821777,-0.830201,0.230094,-0.507763,0.100000,0.020000,1,0.629616
30.095413,19.257427,-0.441864,314.330200,-46.606583,-95.461975,8991.420898,-5330.609375,-7492.303223,-0.991460,0.130391,0.002350,0.100000,0.020000,1,0.350099
29.248390,19.156013,-0.163823,74.432419,-7.524391,4.781063,5861.836426,-683.860474,556.972046,-0.980242,0.120394,-0.156944,0.100000,0.020000,1,0.326414
29.124096,19.442019,0.031845,243.704300,125.512512,58.734009,14257.333008,8068.713379,3466.353027,-0.987435,0.117788,0.105350,0.100000,0.020000,1,0.305186
30.012844,18.010002,-1.306006,143.669983,-336.134338,-192.406815,4919.296875,-23702.177734,-10083.075195,-0.552650,0.448140,-0.702672,0.100000,0.020000,1,0.741988
28.460066,18.911333,-0.005768,310.150055,-456.311584,413.418274,15477.947266,-30652.082031,24737.662109,-0.913796,0.154681,0.375567,0.100000,0.020000,1,0.381667
29.449574,19.386469,-0.103414,67.967422,-48.732430,-358.802460,4534.819336,-3110.750977,-23771.375000,-0.974513,0.111420,0.194707,0.100000,0.020000,1,0.800372
30.898039,18.032227,-0.078764,507.105652,-357.928284,44.046936,38324.484375,-28232.490234,3358.305420,-0.961337,0.102720,-0.255497,0.100000,0.020000,1,0.230057
29.427122,19.258127,-0.393229,203.696747,-10.592587,-217.134430,12269.842773,-607.781311,-13204.208008,-0.752409,0.262698,-0.604046,0.100000,0.020000,1,0.531337
29.173115,19.232866,0.423055,-11.917976,-21.233006,-82.980301,-2161.826904,-1534.455444,-5416.377441,-0.809648,0.209600,0.548214,0.100000,0.020000,1,0.234399
28.956026,19.352507,0.055851,-13.809708,36.861961,45.298996,-2667.984375,2309.055664,4319.688477,-0.933659,0.094161,-0.345565,0.100000,0.020000,1,0.881693
29.179077,19.559652,0.340686,-398.930786,-343.055511,-329.230377,-25971.136719,-20879.632812,-20327.314453,-0.958666,0.079788,0.273117,0.100000,0.020000,1,0.774890
28.346857,18.801353,0.040572,37.358524,60.068302,0.360387,-1692.847412,1303.338379,119.450111,-0.999380,0.028620,0.020517,0.100000,0.020000,1,0.659546
28.099653,18.814651,1.995851,-339.804077,-175.549332,450.749237,-29856.355469,-4809.975098,15853.039062,-0.739532,0.251668,0.624304,0.100000,0.020000,1,0.688800
29.639957,19.887110,0.720080,94.258926,100.451874,66.641891,6837.600098,8742.922852,5533.566406,-0.871446,0.127091,0.473740,0.100000,0.020000,1,0.899061
29.033260,19.462343,0.074350,-10.715183,-27.820648,-13.047892,-1800.309692,-1452.008667,-843.099487,-0.995607,0.010823,0.092999,0.100000,0.020000,1,0.490018
29.074104,19.455151,-0.149835,20.539858,-110.342682,-88.746338,333.673889,-6650.945801,-5601.261719,-0.984248,0.010473,-0.176482,0.100000,0.020000,1,0.935059
28.338743,19.473711,0.968502,-174.683685,19.546055,280.967438,-15019.489258,1587.065063,22031.529297,-0.997529,0.001894,-0.070225,0.100000,0.020000,1,0.577068
29.454571,19.600887,-0.378759,82.221581,156.222870,-13.972286,3842.522949,10864.196289,-1707.842163,-0.819789,0.531510,-0.213174,0.100000,0.020000,1,0.017305
27.557184,20.061050,1.079431,-394.888550,250.320557,409.777435,-7575.882812,9068.722656,18026.117188,-0.882448,0.132422,-0.451386,0.100000,0.020000,1,0.168363
29.524668,19.229185,-0.668093,25.277472,-87.397736,96.322144,856.740601,-5142.644531,5798.678711,-0.596104,0.380352,-0.707101,0.100000,0.020000,1,0.514111
28.075649,20.296278,-0.610194,-244.427185,221.096558,-58.383255,-20773.767578,18045.441406,-4692.898926,-0.899479,0.047634,-0.434359,0.100000,0.020000,1,0.788112
28.850330,19.588305,0.421922,555.838623,-339.175110,-246.618378,33248.347656,-20417.818359,-14838.423828,-0.956471,-0.014645,0.291459,0.100000,0.020000,1,0.350223
29.116018,19.455345,0.005666,-471.595764,-582.308838,-856.583496,-30462.591797,-36408.648438,-54706.550781,-0.982324,-0.016563,0.186454,0.100000,0.020000,1,0.245538
29.007872,19.469124,-0.104653,22.551147,-250.264496,-247.920288,276.340363,-15341.004883,-15207.286133,-0.968663,-0.020259,-0.247551,0.100000,0.020000,1,0.691879
29.702253,19.728310,-0.940279,70.622086,100.749542,-78.167099,4733.833008,8700.955078,-6400.992188,-0.647407,0.316127,-0.693489,0.100000,0.020000,1,0.396970
29.126648,19.284531,-0.018954,-128.005646,-163.295471,-136.141602,-8718.384766,-10518.915039,-7484.133789,-0.941810,-0.031036,-0.334708,0.100000,0.020000,1,0.869735
30.222651,20.644857,-1.063801,321.816650,346.339233,-291.093384,24579.728516,27227.460938,-22862.691406,-0.993860,-0.109978,0.012138,0.100000,0.020000,1,0.869362
29.113468,19.385349,-0.669826,-4.533474,19.356461,-18.142738,-1805.328491,1858.773560,-1740.901245,-0.768005,0.158290,-0.620574,0.100000,0.020000,1,0.389211
29.085478,18.898188,-0.305776,-94.788269,-105.648895,-97.248077,-7350.871582,-8261.946289,-5519.462891,-0.839337,0.100765,-0.534191,0.100000,0.020000,1,0.099765
29.605986,19.996370,-0.094987,121.977493,186.767792,-144.135742,8816.863281,14574.138672,-10897.806641,-0.918030,0.033274,0.395111,0.100000,0.020000,1,0.001415
27.074492,19.721920,0.799692,-606.260071,70.027161,129.936371,-22946.207031,6053.131836,14059.683594,-0.923648,-0.041773,0.380958,0.100000,0.020000,1,0.704139
27.087912,19.161100,0.022748,-649.173401,176.987106,-222.814331,-19198.593750,12353.783203,-16980.097656,-0.979280,-0.112518,-0.168373,0.100000,0.020000,1,0.230626
29.089378,19.406168,0.155230,-267.273132,-94.443649,200.538574,-17322.958984,-5696.131348,12642.404297,-0.974982,-0.119966,0.187131,0.100000,0.020000,1,0.316859
29.074549,17.877913,-1.406796,217.270798,-47.770172,-335.319702,-3152.215820,-15451.575195,-25611.628906,-0.985671,-0.129476,0.108113,0.100000,0.020000,1,0.472507
29.310648,19.131685,0.595364,57.349220,15.097332,-26.740505,2894.771240,572.883545,-1457.600464,-0.754361,0.163173,0.635857,0.100000,0.020000,1,0.302997
29.165344,19.192652,-0.350303,-111.553513,209.017303,-8.732965,-7489.451172,12763.458984,-475.650238,-0.899689,-0.050710,-0.433575,0.100000,0.020000,1,0.413412
29.208506,19.349270,-0.172685,4.863445,50.876823,-39.419308,-794.108459,2937.563965,-2830.216064,-0.972319,0.207763,-0.106910,0.100000,0.020000,1,0.072540
29.883331,17.888353,-1.131469,295.264099,-100.436829,-343.913696,20639.152344,-12055.313477,-28467.775391,-0.815844,0.084232,0.572105,0.100000,0.020000,1,0.275184
28.974346,17.935762,-2.346884,45.047073,62.056507,-433.171295,-10133.200195,-13918.423828,-15537.335938,-0.790339,0.078425,-0.607629,0.100000,0.020000,1,0.720866
29.263456,19.386002,0.213163,115.805054,175.010773,297.855072,7349.056152,11483.920898,18092.035156,-0.889561,-0.075650,0.450508,0.100000,0.020000,1,0.695313
29.588346,19.440584,0.315192,225.885696,26.393951,0.855247,10229.625977,11753.261719,-3196.348633,-0.949270,-0.153342,0.274541,0.100000,0.020000,1,0.645791
29.103134,19.296965,-0.576940,-324.730347,22.966057,1060.308228,-21459.242188,1612.115845,66445.351562,-0.839552,0.005717,-0.543250,0.100000,0.020000,1,0.093359
29.170366,18.608335,0.901289,104.751831,-7.960167,18.008308,6027.786133,-3336.520996,3205.800293,-0.878267,-0.011513,0.478033,0.100000,0.020000,1,0.205732
28.675993,19.161190,-0.296664,-111.580246,299.974976,571.070435,-9109.170898,18396.798828,36025.945312,-0.924344,-0.166331,-0.343398,0.100000,0.020000,1,0.788681
28.823051,19.109831,0.174597,420.261322,-19.579773,-564.762207,25343.646484,-2098.723877,-34938.160156,-0.973210,-0.229853,0.005514,0.100000,0.020000,1,0.741116
28.041870,19.212215,-0.365526,-88.315552,90.541321,-88.049683,-10015.843750,5302.100586,-7420.514160,-0.967820,-0.233260,0.094417,0.100000,0.020000,1,0.995400
28.936226,18.829885,0.002265,38.352364,-93.589096,42.463898,1724.834473,-7918.596191,2978.020508,-0.968524,-0.235315,-0.081169,0.100000,0.020000,1,0.381649
29.744751,19.327120,0.169408,200.846375,182.181366,46.659363,15081.075195,11716.862305,2296.857910,-0.908080,-0.171712,0.381975,0.100000,0.020000,1,0.786564
28.796019,18.944326,-0.355318,167.749664,-487.842896,-9.928913,9094.417969,-32305.302734,-1175.571899,-0.947647,-0.180201,-0.263613,0.100000,0.020000,1,0.167580
28.986725,19.367653,0.139366,-262.176910,-339.156799,369.739838,-17073.576172,-21056.339844,22969.673828,-0.934854,-0.233051,0.267833,0.100000,0.020000,1,0.542529
28.808817,19.242813,0.111865,370.099060,-11.952326,41.648193,22141.625000,-969.915466,2407.615967,-0.950478,-0.242829,0.193972,0.100000,0.020000,1,0.925503
29.378210,19.167850,0.519915,48.328094,-13.435043,110.009613,1841.040161,-1590.250732,7799.962891,-0.835786,0.404921,0.370810,0.100000,0.020000,1,0.027235
29.459953,19.315176,-0.588816,-292.635437,-183.106201,-56.438324,-18571.632812,-11010.617188,-3587.004150,-0.711616,0.151296,-0.686085,0.100000,0.020000,1,0.625363
29.301596,19.412624,0.416612,68.676086,70.768547,3.423610,4321.900879,5224.377930,-79.423820,-0.818444,-0.034300,0.573562,0.100000,0.020000,1,0.285434
28.867847,19.331966,0.439519,179.202148,-85.244766,232.764862,10068.294922,-4999.500488,14916.370117,-0.871084,-0.186900,0.454182,0.100000,0.020000,1,0.414693
28.856125,19.282307,-0.506631,7.893338,9.275290,3.630468,205.925232,231.498932,791.481445,-0.876267,-0.192375,-0.441755,0.100000,0.020000,1,0.883562
29.577473,19.105600,1.016013,231.684875,55.481461,235.753479,16702.300781,2744.036377,19728.998047,-0.948420,-0.267831,-0.169605,0.100000,0.020000,1,0.005525
28.730883,20.719213,-0.694735,-224.539398,330.024475,-203.652435,-10509.125977,5414.950684,-7659.555664,-0.928446,-0.271687,-0.253324,0.100000,0.020000,1,0.078198
29.099043,19.241074,0.589331,25.446026,-30.966457,-41.232376,661.645508,-1769.703003,-2387.793701,-0.773748,-0.022056,0.633110,0.100000,0.020000,1,0.265504
29.068480,19.224592,-0.533962,2.219078,-77.201111,-38.804596,-879.971619,-4784.722656,-2484.201660,-0.784942,-0.033975,-0.618637,0.100000,0.020000,1,0.498541
29.062920,19.870600,0.875832,51.254005,164.578308,144.187042,3141.305908,13038.201172,11480.822266,-0.890539,-0.277304,0.360615,0.100000,0.020000,1,0.827349
30.834356,19.516891,-0.167782,341.786377,212.398346,110.207413,3559.734375,9395.033203,5081.708496,-0.896190,-0.285708,-0.339432,0.100000,0.020000,1,0.527493
28.884062,19.370724,0.031392,-231.210510,-322.021912,-51.913673,-15119.898438,-19827.988281,-2839.339111,-0.930121,-0.356979,-0.086267,0.100000,0.020000,1,0.513737
28.854265,19.246571,-0.214159,-326.847412,-180.462646,-238.422424,-21292.488281,-11384.088867,-15402.854492,-0.921987,-0.355923,-0.152508,0.100000,0.020000,1,0.472899
28.490587,18.975391,0.181638,194.545990,-80.520859,-81.518219,10119.075195,-6223.106445,-4746.842773,-0.927260,-0.360396,0.101504,0.100000,0.020000,1,0.900467
28.696564,19.425522,-0.208971,80.871262,109.739822,-50.648552,1302.124756,475.848145,3829.488281,-0.931461,-0.363819,0.004139,0.100000,0.020000,1,0.466048
29.412813,19.558483,0.064838,195.185120,-241.098236,-150.876053,10867.412109,-14499.447266,-9324.605469,-0.853404,0.520853,0.020320,0.100000,0.020000,1,0.043766
29.169935,19.336693,-0.481330,43.031105,20.699139,-0.057302,2481.531494,1773.531128,-111.887657,-0.835070,-0.123917,-0.536007,0.100000,0.020000,1,0.278191
28.837061,19.581108,0.628820,-16.853600,95.756363,31.414375,-2697.558350,7602.289551,2607.675049,-0.815890,-0.126817,0.564128,0.100000,0.020000,1,0.207156
28.201624,18.549929,0.433907,271.024536,-105.557144,-186.801697,13754.788086,-9499.081055,-10696.841797,-0.906448,-0.370596,0.202513,0.100000,0.020000,1,0.924649
28.849546,19.126146,-0.454691,-23.291817,-10.134317,52.829285,-2760.223633,-931.688049,3308.931152,-0.823355,-0.208318,-0.527912,0.100000,0.020000,1,0.759445
27.573973,20.701241,1.187150,-299.110474,491.516357,245.364899,-18623.628906,32051.671875,14954.652344,-0.846801,-0.288962,0.446574,0.100000,0.020000,1,0.447150
29.005678,19.094797,-0.115834,-517.774780,193.511444,-578.617065,-32689.320312,11697.101562,-36111.144531,-0.894242,-0.369730,-0.252253,0.100000,0.020000,1,0.199183
28.946604,19.117941,0.389700,72.848503,-59.442123,32.554848,4348.916504,-4128.929688,2675.446289,-0.882864,-0.374113,0.283883,0.100000,0.020000,1,0.331308
28.782763,18.676001,-1.779193,-16.691910,-77.795898,-321.100647,-2931.562744,-6992.614258,-25516.781250,-0.776686,-0.132503,-0.615794,0.100000,0.020000,1,0.927051
28.937561,19.125946,0.532528,-130.644836,108.062744,-106.114136,-9198.303711,6559.999023,-6412.237793,-0.812709,-0.202702,0.546275,0.100000,0.020000,1,0.774161
28.746840,19.295359,-0.503955,-3.058178,26.631088,-18.240765,-1556.934570,2099.444092,-1715.716309,-0.848202,-0.303372,-0.434187,0.100000,0.020000,1,0.007323
28.789101,19.163815,-0.302819,-178.162354,107.084625,53.223969,-12163.048828,6674.116211,3348.108643,-0.855458,-0.378752,-0.353183,0.100000,0.020000,1,0.859147
28.699551,18.987476,-0.071218,63.119118,-65.855293,-394.757080,3019.674316,-4992.014160,-24973.656250,-0.882658,-0.465076,-0.067965,0.100000,0.020000,1,0.593386
28.715647,18.537949,0.712933,19.890339,2.897667,-139.023392,-950.604309,-2446.382080,-8040.014648,-0.765305,-0.121935,0.632012,0.100000,0.020000,1,0.995988
28.484093,18.601692,-0.416001,30.193874,22.752913,-166.119751,-252.241669,-934.781982,-13546.513672,-0.841030,-0.392358,0.372458,0.100000,0.020000,1,0.283619
28.685808,19.156015,0.233194,16.729641,-20.065384,-91.058655,28.093397,-1329.131226,-5428.691406,-0.864003,-0.468418,0.184615,0.100000,0.020000,1,0.990418
28.326479,19.568331,1.381983,-99.214752,95.509613,444.920471,-4579.938477,8149.733398,16993.130859,-0.865933,-0.472918,-0.162816,0.100000,0.020000,1,0.652179
29.642269,18.914610,0.151760,192.971680,78.923340,347.967163,12594.511719,3925.017090,25107.160156,-0.674981,0.212296,-0.706634,0.100000,0.020000,1,0.013942
30.221022,21.090034,0.656208,485.835358,621.571716,270.979065,18927.412109,20272.125000,14850.936523,-0.688451,0.128314,0.713842,0.100000,0.020000,1,0.687448
28.865318,19.454647,0.108123,61.451485,99.484680,24.833992,3614.764648,7551.390137,2906.212891,-0.841920,-0.478318,-0.249766,0.100000,0.020000,1,0.960203
29.273315,19.104910,-0.531904,-103.880646,147.809998,-25.159695,-7045.528320,9110.654297,-1314.391846,-0.710030,0.038643,-0.703110,0.100000,0.020000,1,0.389158
29.737364,19.187071,-0.506339,102.548218,-29.071121,-54.778976,9204.429688,-1622.157227,-7509.091797,-0.779141,-0.309536,0.545094,0.100000,0.020000,1,0.673675
29.943773,20.980141,1.861561,299.531830,579.506775,371.145386,18925.783203,19255.162109,41249.164062,-0.801593,-0.394273,0.449443,0.100000,0.020000,1,0.634758
28.587744,19.017921,0.164742,-2.269146,20.271179,13.620014,-1489.820190,667.457581,1191.949951,-0.863238,-0.494728,0.100320,0.100000,0.020000,1,0.303993
28.823875,18.476931,0.169361,-327.436646,245.231384,229.874237,-23036.896484,12533.900391,12823.558594,-0.737033,0.046594,0.674249,0.100000,0.020000,1,0.080672
27.922495,19.581429,-1.697866,-170.176407,213.620880,-387.529266,-7036.772949,6804.408203,-13450.804688,-0.797643,-0.406998,-0.445105,0.100000,0.020000,1,0.488576
29.324436,20.047499,-0.216595,33.701546,210.694672,-240.135086,-2620.888184,3851.376465,-10156.742188,-0.799853,-0.474912,0.367007,0.100000,0.020000,1,0.556978
28.802855,18.776203,0.153623,-310.995361,186.021942,-244.646790,-20112.486328,10290.668945,-15851.926758,-0.815098,-0.497891,0.296176,0.100000,0.020000,1,0.502260
28.307468,19.724882,-0.378578,-79.041603,167.200867,-52.359650,-3622.227051,15947.491211,-1777.562622,-0.811511,-0.557476,-0.175131,0.100000,0.020000,1,0.504502
28.457376,19.431334,0.702348,-56.064865,90.154251,121.372314,-5252.392578,7069.132324,9927.531250,-0.805950,-0.561232,0.188316,0.100000,0.020000,1,0.599063
28.706202,18.843014,0.357641,-235.574768,330.420776,-317.046387,-15474.435547,19759.322266,-18591.400391,-0.815495,-0.578391,0.020772,0.100000,0.020000,1,0.869024
29.139313,19.033266,-0.162216,95.122787,43.405037,50.021408,5212.424805,2283.396973,4969.652344,-0.712017,-0.034362,-0.701321,0.100000,0.020000,1,0.645862
29.253963,18.665665,0.493135,57.009079,20.575788,117.506760,3934.536377,-603.560303,7193.109863,-0.734936,-0.214006,0.643483,0.100000,0.020000,1,0.477241
28.791271,19.096111,-0.440149,99.914749,-13.187399,-45.470844,5395.602539,-844.167419,-2902.260498,-0.760179,-0.403803,-0.508990,0.100000,0.020000,1,0.403322
28.520271,18.944105,-0.425347,92.836334,-39.279259,36.333794,4050.679932,-3101.933594,2051.268066,-0.770647,-0.468104,-0.432413,0.100000,0.020000,1,0.238492
28.685276,18.740421,-0.051181,314.898315,-361.858948,140.473785,19090.845703,-24261.490234,7675.448730,-0.780668,-0.561043,0.275295,0.100000,0.020000,1,0.520838
28.712803,18.990620,-0.218757,232.069550,98.863449,-88.279739,12771.927734,5639.997070,-4290.121094,-0.753418,-0.223005,-0.618571,0.100000,0.020000,1,0.100780
28.883430,18.786810,-0.506732,-58.108841,-126.401779,24.451653,-6016.120117,-4389.684082,343.904816,-0.770302,-0.309520,-0.557523,0.100000,0.020000,1,0.235146
28.783943,18.942551,0.505427,-257.662354,138.620895,-545.842896,-16941.605469,8189.912109,-33928.203125,-0.754339,-0.481005,0.446774,0.100000,0.020000,1,0.958085
28.714371,18.985132,-0.328284,-161.287567,-67.763504,-198.145508,-10836.563477,-4527.175781,-12646.954102,-0.741730,-0.573968,-0.346983,0.100000,0.020000,1,0.619312
29.170441,19.615768,2.270267,170.575409,214.078644,774.038391,4922.835449,10492.549805,22562.474609,-0.757339,-0.595204,-0.268644,0.100000,0.020000,1,0.452560
28.583857,18.867559,0.291556,-23.060471,20.702007,-84.062927,-2782.632812,590.247620,-5936.137207,-0.750798,-0.660384,0.013980,0.100000,0.020000,1,0.740778
28.101227,18.942961,-0.024674,-22.758347,33.363007,-320.804993,-4356.756348,1738.167725,-20675.753906,-0.747739,-0.657724,0.091023,0.100000,0.020000,1,0.690313
28.806734,19.032850,0.651828,5.760683,11.292883,12.701450,-832.298218,524.992615,1298.118896,-0.711303,-0.316957,0.627365,0.100000,0.020000,1,0.908527
28.628906,18.849455,0.235023,24.836712,14.696558,9.730930,538.498230,175.040436,235.914276,-0.723418,-0.574333,0.383156,0.100000,0.020000,1,0.600539
28.490253,18.397699,-0.039714,165.179855,-40.080215,541.182617,9131.008789,-5099.066406,34625.265625,-0.727092,-0.663112,-0.177820,0.100000,0.020000,1,0.833381
28.917809,19.128716,-0.951605,-3.483593,0.633949,-79.129776,-1331.427124,194.167007,-6547.308105,-0.699436,-0.211368,-0.682724,0.100000,0.020000,1,0.012750
28.426659,19.141483,0.178063,-58.698502,35.520454,131.366089,-5614.291504,2798.085693,10572.147461,-0.697346,-0.571440,-0.432626,0.100000,0.020000,1,0.963423
28.471527,19.050526,0.261962,-0.428139,-459.217590,22.782391,-1356.976318,-28748.287109,1877.764160,-0.709189,-0.680456,0.184473,0.100000,0.020000,1,0.470817
28.443550,18.935652,-0.774551,-94.184616,-30.287878,-50.689949,-2562.695801,-1214.098267,-828.363281,-0.691788,-0.395142,-0.604394,0.100000,0.020000,1,0.320845
27.427744,18.828695,-1.108351,-547.899170,362.780487,-313.499146,-31711.632812,7618.360840,-6223.962891,-0.686276,-0.480460,0.546062,0.100000,0.020000,1,0.320329
27.690067,18.986511,0.195317,-321.607422,-57.454041,-49.141968,-4089.783936,-7742.701172,9602.839844,-0.760946,-0.636588,0.125372,0.100000,0.020000,1,0.081668
28.767691,18.807701,-0.436264,24.031700,-7.683586,-35.198128,1322.804321,-1159.427124,-2875.128906,-0.674480,-0.660717,-0.329439,0.100000,0.020000,1,0.568794
28.313601,18.830387,0.150090,145.163177,-64.333572,80.493774,7120.705078,-4654.388184,4689.449219,-0.681803,-0.672940,0.286875,0.100000,0.020000,1,0.722325
27.736185,18.820566,-1.557839,-376.936920,269.124451,-429.847351,-15847.876953,9408.025391,-13341.082031,-0.672020,-0.735678,-0.084659,0.100000,0.020000,1,0.967748
29.152550,18.548052,0.133089,137.738098,-106.212708,-11.214476,10364.034180,-8379.655273,-507.773041,-0.670573,-0.735034,0.100285,0.100000,0.020000,1,0.454108
28.304602,19.492603,0.177475,-79.152573,89.751862,39.346535,-7250.967773,7317.058105,3164.722412,-0.808380,-0.588415,0.017043,0.100000,0.020000,1,0.130212
28.622219,19.014339,-0.014444,12.110665,9.897902,7.404491,-9.569258,509.203979,729.876892,-0.757799,-0.646121,-0.090930,0.100000,0.020000,1,0.044104
28.587311,19.096359,0.390793,152.447723,-142.355011,-2.410614,8386.619141,-8501.849609,-180.762268,-0.666458,-0.580354,0.467999,0.100000,0.020000,1,0.699673
28.749712,19.068151,0.249008,56.631882,87.204330,-54.507759,2585.400635,2915.990479,-3458.278320,-0.660362,-0.649986,0.376085,0.100000,0.020000,1,0.940522
28.363771,21.467779,-0.267641,-11.614059,939.646057,54.390301,-7808.101074,31853.351562,35.427734,-0.704585,-0.705838,-0.073163,0.100000,0.020000,1,0.104321
28.801550,18.709417,0.215996,51.837654,-68.171539,87.222733,3465.999756,-5240.227539,7025.940430,-0.652861,-0.737227,-0.173980,0.100000,0.020000,1,0.613832
27.033133,19.056522,0.259376,-292.851685,217.849243,61.927399,-19237.560547,-1462.232056,-395.849121,-0.655804,-0.754643,0.020879,0.100000,0.020000,1,0.645844
28.785881,18.876162,-0.548101,2.014060,-11.652611,68.323593,-353.291809,-1107.672974,3853.125732,-0.643913,-0.565207,-0.515671,0.100000,0.020000,1,0.462685
28.565905,18.703949,0.159256,145.669678,-71.945511,72.952560,8425.560547,-5409.040527,4548.334961,-0.629806,-0.749663,0.203344,0.100000,0.020000,1,0.508826
28.014486,18.981544,-0.573469,-507.577820,-73.862404,-142.836212,-21241.609375,-3175.926758,-8361.885742,-0.696948,-0.138099,-0.703699,0.100000,0.020000,1,0.124340
29.625664,19.554304,-0.678389,220.156235,157.547791,-322.087280,5568.757812,5192.742188,-21026.648438,-0.694806,-0.412816,0.588921,0.100000,0.020000,1,0.005330
28.663450,18.916319,-0.626608,34.637413,-46.468407,34.834373,849.536560,-3217.761719,1744.287720,-0.640365,-0.467398,-0.609485,0.100000,0.020000,1,0.203703
28.724634,19.222197,0.310777,45.510948,79.475632,-15.911457,2392.654053,6267.802246,-1308.064087,-0.615162,-0.646450,0.451307,0.100000,0.020000,1,0.452364
28.622665,18.811550,-0.462233,-129.371521,-19.025169,264.427185,-9017.411133,-1665.131836,16264.790039,-0.618977,-0.661108,-0.424033,0.100000,0.020000,1,0.987553
28.680302,18.901762,0.274440,67.608749,-197.095154,95.526733,3939.365234,-12409.454102,6200.903809,-0.607785,-0.745043,0.274790,0.100000,0.020000,1,0.907157
28.907566,18.988722,0.693835,34.941486,-9.714657,-52.123611,1010.506287,-965.343323,-2904.285889,-0.675484,-0.206215,0.707953,0.100000,0.020000,1,0.288281
30.062582,17.568665,0.520254,221.868484,-77.513184,254.367966,5947.198242,4513.729492,7420.500000,-0.656526,-0.307888,-0.688607,0.100000,0.020000,1,0.618619
29.193047,18.530098,0.684681,141.804138,-8.307083,439.191620,4754.324707,3964.739746,14489.240234,-0.696555,-0.327406,-0.638449,0.100000,0.020000,1,0.008622
29.432846,19.567822,0.032649,273.073303,198.559631,115.353027,4973.007812,7161.972656,5852.041504,-0.671490,-0.493727,-0.552571,0.100000,0.020000,1,0.014743
28.474873,19.169931,-0.441979,-31.140388,18.364212,-7.038687,-3697.596924,1679.426880,-914.253357,-0.736847,-0.553758,-0.387826,0.100000,0.020000,1,0.027324
29.155842,18.187222,0.264537,491.922852,-524.156738,53.599068,32089.144531,-36240.777344,2541.166504,-0.616452,-0.564921,0.548499,0.100000,0.020000,1,0.638104
28.670347,18.718971,-0.486171,-67.900284,-82.278244,-227.087769,-4735.530273,-5851.720703,-17643.160156,-0.582183,-0.729113,0.359801,0.100000,0.020000,1,0.662678
28.734106,18.938375,-0.148617,-89.829224,-349.889221,-248.818726,-5811.593750,-21804.804688,-15127.625000,-0.579372,-0.741812,-0.337701,0.100000,0.020000,1,0.410013
28.240093,18.359684,2.057593,-244.778244,191.235992,620.244446,-6830.736816,-6161.582031,19503.015625,-0.574515,-0.818490,0.002509,0.100000,0.020000,1,0.113218
28.774622,19.019230,0.632397,117.083359,-169.889679,-146.734955,6304.302246,-10687.591797,-8893.502930,-0.654078,-0.402404,0.640510,0.100000,0.020000,1,0.076703
28.723883,18.607309,-0.593935,-15.295300,36.559952,94.794769,-1523.490356,1100.829102,5315.301270,-0.579995,-0.634549,-0.510836,0.100000,0.020000,1,0.675277
28.580828,18.737144,0.281680,-204.026611,58.791473,-410.441376,-13413.984375,3377.620361,-25375.814453,-0.536615,-0.824007,0.181817,0.100000,0.020000,1,0.278174
28.486685,18.443546,0.708550,83.825912,20.157566,-724.830383,3184.426025,-871.603394,-45072.507812,-0.607053,-0.467493,0.642601,0.100000,0.020000,1,0.812739
28.745354,18.724621,-0.353088,7.579870,64.442406,32.491440,293.730530,3581.640137,2086.166504,-0.539005,-0.726925,-0.425503,0.100000,0.020000,1,0.358071
28.484213,18.842035,-0.106987,71.565140,-105.571808,-95.031158,3538.699463,-6510.885254,-5568.489746,-0.521000,-0.817035,-0.247008,0.100000,0.020000,1,0.710634
28.944153,18.391161,-0.219503,-454.663513,-186.517639,20.756762,-27668.158203,-13523.344727,-9.864079,-0.532354,-0.838887,0.113432,0.100000,0.020000,1,0.317535
29.089422,18.961990,-0.502223,-608.420105,-254.443512,-210.446381,-38316.156250,-16191.919922,-12940.080078,-0.624610,-0.369817,-0.687821,0.100000,0.020000,1,0.368534
28.842747,18.831793,0.776583,-121.274399,-82.407547,-406.032288,-7744.906738,-5373.429199,-24306.982422,-0.552046,-0.633924,0.541650,0.100000,0.020000,1,0.842367
28.033138,18.903568,-0.117079,-62.719116,59.610672,105.850296,-6931.025879,4220.734375,7438.081543,-0.500319,-0.791540,-0.350920,0.100000,0.020000,1,0.600397
28.394657,18.666632,0.019149,79.169128,-25.050789,-51.443932,3765.224854,-2116.205566,-2912.218994,-0.517710,-0.852538,-0.071801,0.100000,0.020000,1,0.282747
29.150457,19.063505,0.388766,-3.451724,95.548584,-138.918335,-173.981750,6163.864746,-9668.560547,-0.645701,-0.278444,0.711013,0.100000,0.020000,1,0.996557
28.493032,18.583778,-0.182325,63.606682,-75.764755,116.770370,3224.027588,-5406.773926,7151.439941,-0.451367,-0.879149,-0.152854,0.100000,0.020000,1,0.506940
28.476463,19.091408,0.070898,101.690933,-202.909683,-601.019226,5585.631836,-11279.516602,-38035.820312,-0.444944,-0.888611,0.111333,0.100000,0.020000,1,0.369424
29.176935,18.866781,0.611529,22.315926,85.306976,126.960541,2352.088867,5241.923340,8294.800781,-0.556998,-0.528556,0.640610,0.100000,0.020000,1,0.609846
28.460382,18.862984,-0.281203,188.582794,-104.433365,151.241547,10601.595703,-6751.326660,9469.031250,-0.611481,-0.728366,-0.309150,0.100000,0.020000,1,0.177492
28.662281,18.561447,0.619729,-16.135292,-77.353165,-15.367704,-1268.058716,-5775.412109,567.826660,-0.486055,-0.822176,0.296273,0.100000,0.020000,1,0.238812
28.835464,19.032110,-0.736995,121.305382,122.243027,-72.907410,3311.529297,6295.567383,-8960.380859,-0.443619,-0.892166,-0.085105,0.100000,0.020000,1,0.473130
28.983486,18.116320,0.475061,184.486603,-80.666641,205.046631,12956.153320,-7620.202148,14847.947266,-0.441973,-0.896746,0.022531,0.100000,0.020000,1,0.552832
28.607622,18.236502,-0.474241,27.345108,-257.641052,-295.339111,-2807.802734,-10780.019531,-10691.787109,-0.431605,-0.883182,0.183594,0.100000,0.020000,1,0.435246
28.912294,18.862785,0.667697,-44.495117,-119.630554,383.777039,-3679.863281,-7501.954102,12028.576172,-0.576298,-0.444817,-0.685579,0.100000,0.020000,1,0.290256
29.457748,17.944803,-0.305545,-285.591064,203.919067,954.337402,-15868.771484,8881.643555,61197.863281,-0.558437,-0.539902,-0.629805,0.100000,0.020000,1,0.069906
28.420593,18.776299,-0.280553,-141.516052,-109.789612,-3.563477,-5521.995117,-6141.374023,-1177.942871,-0.508548,-0.619957,-0.597522,0.100000,0.020000,1,0.545608
29.414515,17.681633,0.172209,343.635681,-149.136475,151.793411,5683.284668,-14177.292969,5991.620605,-0.545864,-0.788243,-0.284089,0.100000,0.020000,1,0.096438
28.588938,18.803087,-0.532951,117.835602,-66.877991,328.477356,6475.990234,-4161.119629,20363.863281,-0.471788,-0.709788,-0.523085,0.100000,0.020000,1,0.355793
30.955236,17.886398,0.632410,590.944641,-112.466309,305.990967,46487.515625,-10681.233398,23453.371094,-0.440388,-0.792776,-0.421384,0.100000,0.020000,1,0.794909
28.361757,18.638096,-0.142043,24.882603,5.179546,0.866837,171.305222,68.930908,396.621277,-0.409824,-0.873285,-0.263471,0.100000,0.020000,1,0.604597
28.366186,18.429098,0.186340,-110.850952,107.094536,458.973419,-8394.625000,5636.085938,28751.853516,-0.406577,-0.869342,0.280961,0.100000,0.020000,1,0.229630
28.615276,18.143074,0.627842,22.586418,33.275875,8.012245,-3960.901855,-7551.952637,3179.567383,-0.489737,-0.722806,0.487554,0.100000,0.020000,1,0.180072
28.741806,18.943014,-0.104147,-14.422981,68.436752,-152.274384,-1267.796387,4985.884766,-11965.544922,-0.463672,-0.702150,0.540365,0.100000,0.020000,1,0.004992
28.485485,18.645817,0.416820,225.909241,-78.148102,1.783326,13044.859375,-5329.986816,198.170975,-0.431497,-0.772153,0.466465,0.100000,0.020000,1,0.367680
27.961725,18.703390,0.872816,-116.223099,103.568115,57.991119,-10514.300781,6600.195312,6032.051270,-0.389239,-0.848162,0.359324,0.100000,0.020000,1,0.772008
28.646957,18.543396,-0.286287,32.130363,-55.959869,-109.619507,-1998.421631,8325.655273,-9079.434570,-0.349309,-0.932745,0.089276,0.100000,0.020000,1,0.379673
28.529497,18.542202,0.396577,32.848236,-10.279137,-218.603210,1478.782715,-1005.972290,-12805.003906,-0.336860,-0.922804,0.186973,0.100000,0.020000,1,0.747469
28.612335,18.394423,-0.621049,10.642410,-46.280327,-162.770996,1109.176636,-784.502808,-4157.112793,-0.329372,-0.928259,-0.172771,0.100000,0.020000,1,0.412006
28.855036,18.004648,1.442306,-146.875397,98.584282,53.185383,-14291.206055,4641.695801,-9437.044922,-0.331003,-0.939829,-0.084613,0.100000,0.020000,1,0.463948
28.429497,18.952986,-0.224184,-13.357462,209.241501,-5.854141,-787.579956,6216.326172,6782.944336,-0.390284,-0.768253,-0.507411,0.100000,0.020000,1,0.837047
28.713638,18.104780,-0.256688,-482.241638,284.028015,-380.360260,-30582.486328,15571.879883,-23536.873047,-0.359479,-0.825576,-0.434971,0.100000,0.020000,1,0.553153
28.071117,19.276655,0.979144,-158.309235,216.136948,411.394562,-3007.928955,6991.092285,10453.877930,-0.355112,-0.864696,-0.355241,0.100000,0.020000,1,0.511015
28.820562,18.662592,0.441132,-434.812042,-187.770966,-704.850586,-26899.521484,-11656.552734,-43635.898438,-0.318117,-0.906239,0.278448,0.100000,0.020000,1,0.860482
28.252283,18.377014,0.323294,92.049797,-45.761391,158.826080,3089.890381,-4690.721680,9106.419922,-0.468188,-0.610029,0.639269,0.100000,0.020000,1,0.512136
28.500875,18.480909,0.234270,220.797302,-104.228729,163.819550,12668.080078,-7507.828613,9409.062500,-0.380883,-0.751967,0.538028,0.100000,0.020000,1,0.724371
28.524502,18.646227,0.524979,87.602859,-38.363678,-132.392548,4551.636230,-2452.431885,-7809.957520,-0.339547,-0.818241,0.463885,0.100000,0.020000,1,0.519200
26.899303,19.133791,-1.005183,-441.405121,281.831604,-263.741394,-17204.228516,4299.315918,-6902.844238,-0.250486,-0.968120,0.000702,0.100000,0.020000,1,0.182830
29.977535,19.306698,1.107050,379.098938,283.473602,347.845581,29453.103516,21081.605469,26829.957031,-0.248115,-0.966222,-0.069673,0.100000,0.020000,1,0.518613
29.045492,20.132647,0.162001,61.005852,207.099304,64.094620,3798.353516,16618.681641,5039.770020,-0.951800,-0.293430,-0.089302,0.100000,0.020000,1,0.055546
28.752884,18.408573,-0.715293,45.578201,-0.292707,-80.706375,3170.982178,-751.874878,-7178.633789,-0.285002,-0.924035,-0.254820,0.100000,0.020000,1,0.185482
28.479319,18.449438,-0.333128,133.230072,-51.138557,51.623650,7453.396484,-3771.277344,3104.426514,-0.272112,-0.896873,-0.348675,0.100000,0.020000,1,0.100228
29.610846,17.697016,0.193228,268.900452,-140.298035,-126.063522,20916.587891,-12352.184570,-6525.759766,-0.233474,-0.956351,-0.175735,0.100000,0.020000,1,0.740885
27.794390,18.691616,-0.858667,-278.459534,183.375763,-401.470215,-11214.876953,6505.889648,-16528.314453,-0.227199,-0.969591,0.090958,0.100000,0.020000,1,0.099053
28.907600,18.927906,0.580140,-209.188095,45.785263,67.520195,-13733.818359,2911.573975,4159.299805,-0.556135,-0.429187,0.711697,0.100000,0.020000,1,0.501940
28.344229,18.352598,-0.683045,269.569275,-139.564362,154.602921,14377.849609,-10911.806641,9377.770508,-0.499220,-0.515243,-0.696638,0.100000,0.020000,1,0.308833
29.395653,17.970194,-0.822004,206.716766,-137.489441,-277.207428,13208.499023,-10869.854492,-20489.990234,-0.211562,-0.956711,0.199865,0.100000,0.020000,1,0.771598
28.624031,18.249666,-0.616921,14.971582,25.188931,476.539886,41.493999,-228.102585,29640.068359,-0.349481,-0.717696,-0.602308,0.100000,0.020000,1,0.771225
28.114311,18.432304,0.146931,-471.118591,290.567078,-278.636932,-28992.777344,11110.401367,-16780.433594,-0.272178,-0.962224,0.006611,0.100000,0.020000,1,0.014654
29.177105,17.911167,-0.318497,-187.041290,136.008423,426.840515,-9993.766602,5862.634277,24035.667969,-0.242636,-0.862644,0.443816,0.100000,0.020000,1,0.690152
28.676046,18.878868,0.318504,-111.462219,-284.590820,219.351868,-7223.014648,-16618.425781,13802.598633,-0.243174,-0.889442,0.386988,0.100000,0.020000,1,0.513595
28.751364,18.179903,0.683590,-266.903656,189.066498,-618.408936,-16589.011719,10628.198242,-37159.289062,-0.180620,-0.943906,0.276437,0.100000,0.020000,1,0.313976
28.916916,18.727179,-0.466990,-93.198044,65.356865,-28.129055,-5997.627441,3818.108643,-1269.387939,-0.447283,-0.566425,-0.692171,0.100000,0.020000,1,0.188916
30.024427,19.360979,0.571336,318.213928,145.799072,10.406706,24891.244141,11914.205078,312.745544,-0.406122,-0.652435,0.639839,0.100000,0.020000,1,0.087469
28.546379,18.814651,-0.473446,375.736328,-600.506897,884.375732,22712.214844,-37044.355469,55724.550781,-0.281058,-0.800300,-0.529648,0.100000,0.020000,1,0.334956
28.506317,18.484184,0.171911,-26.895386,-103.942215,-47.970787,-2350.825684,-6334.530273,-2317.017822,-0.119243,-0.992863,0.002104,0.100000,0.020000,1,0.234719
29.968288,18.665228,0.860493,429.680115,-17.702267,129.224701,13386.151367,-1326.992310,4757.337891,-0.331553,-0.695381,0.637587,0.100000,0.020000,1,0.568723
29.685701,19.511019,0.313509,353.548950,293.565308,144.707031,4618.041504,26773.214844,3320.454102,-0.105109,-0.992293,-0.065625,0.100000,0.020000,1,0.559398
28.749973,18.538599,0.182891,67.291199,-238.108948,-5.711082,4583.449219,-14502.001953,57.606815,-0.097431,-0.990455,0.097502,0.100000,0.020000,1,0.306093
28.417791,18.446892,0.209136,-18.860229,19.765671,29.879036,-2279.630371,1401.506592,3360.318115,-0.092218,-0.981278,-0.169086,0.100000,0.020000,1,0.615416
28.615168,18.233877,0.344765,-285.428162,187.619293,-192.485748,-18287.617188,11108.596680,-11344.818359,-0.091128,-0.979611,0.179045,0.100000,0.020000,1,0.671112
28.453934,18.710947,-0.254896,-9.786362,14.172613,-13.850117,-1594.781982,918.227173,-1163.877319,-0.418589,-0.881518,-0.218424,0.100000,0.020000,1,0.031238
28.296955,18.503996,-0.118007,-335.055420,224.722168,421.197906,-23360.246094,13756.056641,28210.800781,-0.266602,-0.757118,-0.596402,0.100000,0.020000,1,0.379869
28.717653,19.997978,-0.913872,55.767311,454.494629,-154.955688,3392.893066,34844.507812,-11990.555664,-0.199026,-0.868874,-0.453262,0.100000,0.020000,1,0.153469
28.891705,17.983477,0.572992,79.559380,15.372583,302.644562,-6959.960449,-14796.224609,16869.751953,-0.187869,-0.824318,0.534047,0.100000,0.020000,1,0.944437
28.457634,18.481543,0.290937,279.244263,-156.006317,-60.309311,16581.660156,-9458.607422,-3619.279053,-0.059397,-0.955299,0.289614,0.100000,0.020000,1,0.739710
28.188658,18.511930,0.588982,-98.770203,64.552704,219.891663,-8293.741211,4804.379883,16332.363281,-0.010166,-0.999945,0.002446,0.100000,0.020000,1,0.521958
28.839090,18.675407,-0.427344,-72.563919,-60.935043,-172.772461,-4894.141602,-4027.145508,-10241.088867,-0.364980,-0.624949,-0.690093,0.100000,0.020000,1,0.803113
27.730450,18.828665,-0.333627,-247.398346,150.606934,-46.098969,-20135.228516,10491.530273,-6345.948242,-0.255721,-0.777098,0.575088,0.100000,0.020000,1,0.075458
28.274099,18.340050,-0.283343,-76.754105,56.265217,-93.458855,-4693.313965,257.255981,-8472.589844,-0.184140,-0.833127,-0.521529,0.100000,0.020000,1,0.181727
28.851852,18.517242,-0.217415,-233.957397,-168.642670,8.228651,-14227.992188,-10355.002930,930.773254,-0.120970,-0.920419,-0.371745,0.100000,0.020000,1,0.232317
28.682840,18.423002,0.306042,-98.935928,-21.516777,12.279409,-6434.038086,-1225.024780,778.998291,-0.056078,-0.931615,0.359093,0.100000,0.020000,1,0.977339
28.681377,18.403511,-0.329784,-8.236856,-33.076553,20.653400,-698.543152,-2020.992676,1149.980591,-0.053240,-0.937144,-0.344857,0.100000,0.020000,1,0.464340
29.696119,18.605568,-0.877683,251.450928,104.773331,-244.998840,20044.009766,7452.327637,-19330.734375,0.009757,-0.995852,0.090466,0.100000,0.020000,1,0.078216
28.472439,18.225538,0.274155,-51.039803,37.179520,-230.039108,-6154.545898,-1311.674927,-13531.999023,0.013501,-0.996815,-0.078595,0.100000,0.020000,1,0.749782
28.888420,18.338238,0.567585,-403.285828,23.109867,-306.354980,-24790.537109,1019.375793,-18343.646484,-0.113962,-0.914522,0.388152,0.100000,0.020000,1,0.075048
28.559299,19.390759,-0.812946,-4.853657,282.296082,-98.777039,-955.285156,22314.683594,-8770.144531,0.024848,-0.969766,-0.242769,0.100000,0.020000,1,0.280077
28.663372,18.289776,0.077315,-37.596794,-0.717206,-18.977470,-2547.766113,-124.805656,-1535.379517,0.028788,-0.982118,0.186050,0.100000,0.020000,1,0.681362
28.395996,18.385057,-0.244313,141.711365,-73.658875,255.211365,7662.789062,-4305.535645,15654.785156,0.034807,-0.986571,-0.159582,0.100000,0.020000,1,0.509378
27.756966,18.769819,-2.214962,-119.695892,108.863914,-637.358765,-3097.390625,1709.981323,-22056.232422,-0.391094,-0.647652,-0.653905,0.100000,0.020000,1,0.024085
28.896923,18.286190,0.568058,-81.199249,57.549850,-78.171692,-4957.392578,2423.354980,-4845.052246,-0.222766,-0.732356,0.643452,0.100000,0.020000,1,0.313086
28.712919,18.497711,-0.644233,-3.139383,-96.000198,10.223364,-669.995667,-6104.161621,70.665802,-0.157212,-0.787151,-0.596388,0.100000,0.020000,1,0.838915
29.102394,18.094501,-0.136281,110.773773,-49.892181,42.220459,8309.611328,-4560.212402,3922.229980,-0.083924,-0.853384,-0.514483,0.100000,0.020000,1,0.355455
28.839348,18.370871,-0.115786,11.434799,9.533142,-63.728226,1064.501709,594.046753,-2995.860352,-0.026672,-0.904595,-0.425436,0.100000,0.020000,1,0.625540
28.875294,18.480776,-0.731170,-95.346298,18.188351,-46.532394,-5391.894531,1905.075195,-6944.532715,0.045151,-0.962338,0.268079,0.100000,0.020000,1,0.916214
28.778858,18.337734,0.756879,-289.993286,-387.406006,256.945190,-18409.535156,-25219.533203,17119.240234,-0.154162,-0.769575,0.619668,0.100000,0.020000,1,0.287248
28.527136,18.871038,-0.759565,-30.834747,95.075005,-76.592789,-2013.918457,1423.318848,-4694.097656,-0.088624,-0.885169,-0.456751,0.100000,0.020000,1,0.052983
27.501993,18.945189,-0.323340,-409.878174,252.149689,-308.974030,-31177.175781,18069.171875,-22568.449219,-0.086159,-0.871434,0.482886,0.100000,0.020000,1,0.035687
28.289530,18.331142,1.930242,-38.075947,80.697281,447.061951,2891.730469,-13631.330078,12354.244141,-0.010322,-0.887077,0.461507,0.100000,0.020000,1,0.655436
28.663263,18.334675,-0.379720,3.029531,-196.635834,79.315765,-163.628296,-12227.892578,4614.399414,0.062040,-0.939642,-0.336488,0.100000,0.020000,1,0.610308
27.224737,19.755362,1.932487,-377.155334,450.895905,485.718750,-26420.953125,22236.828125,42638.277344,0.116923,-0.989084,0.089675,0.100000,0.020000,1,0.667429
28.610804,18.864910,-0.256824,594.571838,-655.052490,-57.549210,37087.792969,-38699.714844,-4754.245117,0.118638,-0.992844,0.013643,0.100000,0.020000,1,0.415921
30.077927,17.335140,2.220993,308.867065,-167.255432,664.118530,839.163086,-248.853027,22048.707031,0.120709,-0.989574,-0.078565,0.100000,0.020000,1,0.338995
28.446083,18.463520,1.211073,-2.794117,13.430229,116.831299,-1667.399170,990.841736,10509.633789,-0.075956,-0.836685,0.542391,0.100000,0.020000,1,0.168132
28.783606,18.215607,-0.326988,-502.708496,-26.305836,-590.345947,-31689.425781,-2024.068970,-37153.136719,0.056399,-0.907702,-0.415808,0.100000,0.020000,1,0.937764
28.631075,18.583767,-0.035224,-2.566954,8.967796,10.381645,-794.090576,-1185.261353,2345.604492,0.074627,-0.925843,0.370467,0.100000,0.020000,1,0.730030
28.527685,18.261681,-0.237680,99.629974,-67.408188,135.647095,5410.557617,-4058.196777,8186.666504,0.143701,-0.974207,-0.173987,0.100000,0.020000,1,0.705314
28.665218,18.718323,0.447196,184.057648,-129.816620,36.659290,10595.453125,-7911.173828,1690.473022,-0.290376,-0.650371,0.701925,0.100000,0.020000,1,0.942070
29.206255,17.801870,-1.711805,188.954437,-68.975204,-293.403778,1225.727295,-8808.737305,-12930.896484,0.015198,-0.859641,-0.510672,0.100000,0.020000,1,0.543063
28.495544,18.335566,0.162528,174.410797,-404.063629,-411.464996,9949.782227,-24946.857422,-26018.273438,0.161097,-0.965556,0.204326,0.100000,0.020000,1,0.422949
29.089329,18.557196,-0.353005,97.444733,-3.244205,25.440285,7001.362305,-244.568024,2550.933350,-0.204118,-0.702628,-0.681652,0.100000,0.020000,1,0.427559
29.008781,18.142658,0.546795,177.867004,-53.753571,285.120300,7404.798340,-3391.647461,11559.923828,0.087688,-0.883777,0.459618,0.100000,0.020000,1,0.942675
28.082117,18.494888,0.800769,-158.119324,97.348389,268.270386,-12828.017578,7369.404297,21226.199219,0.165740,-0.949465,-0.266544,0.100000,0.020000,1,0.451029
28.902187,18.081360,-0.121514,93.638290,-54.659012,243.178589,6470.257812,-3930.713135,13866.736328,0.173269,-0.945813,0.274619,0.100000,0.020000,1,0.289509
27.481672,18.797560,-0.830545,-354.849976,223.366821,-356.197784,-5390.844727,2196.268066,-14130.492188,0.026727,-0.831722,0.554548,0.100000,0.020000,1,0.596642
30.001717,17.342611,-1.399809,291.312744,-102.956879,-422.313110,22915.726562,-15519.931641,-23923.693359,0.179581,-0.917576,0.354689,0.100000,0.020000,1,0.889878
28.813305,18.028740,0.494993,21.354492,-10.487676,-164.653641,1078.989502,-1874.359253,-8121.923828,0.251772,-0.963853,-0.087174,0.100000,0.020000,1,0.648442
29.066015,17.882839,-0.676397,150.084671,-56.897812,-311.457306,-9159.304688,103.178711,3345.849609,0.259310,-0.965637,0.017415,0.100000,0.020000,1,0.628512
28.838757,18.624132,-0.636684,-32.689667,-22.452114,-33.374237,-2368.721436,-1526.595337,-2266.813965,-0.289450,-0.648296,-0.704224,0.100000,0.020000,1,0.253830
28.027542,18.822340,0.337682,-66.868217,43.815483,169.163849,235.757812,-1527.317139,3920.141113,-0.055656,-0.951584,-0.302307,0.100000,0.020000,1,0.046132
30.214611,18.825012,0.855277,370.146301,6.841354,271.517700,9412.893555,-3934.121582,12374.527344,-0.042066,-0.773559,0.632327,0.100000,0.020000,1,0.643887
28.570065,18.392513,0.310351,-68.294952,27.148560,-57.781906,-5266.001465,2787.039062,-3302.688721,0.250165,-0.930307,0.268229,0.100000,0.020000,1,0.754106
29.545261,17.625490,1.502280,315.293671,-177.086212,250.601624,23089.394531,-13208.395508,21699.775391,0.272306,-0.955715,0.111619,0.100000,0.020000,1,0.403465
27.884113,19.108416,0.190485,-163.755280,252.411942,191.741211,-6325.874023,8367.414062,3525.927002,0.271926,-0.947699,-0.167103,0.100000,0.020000,1,0.840178
28.533140,18.487677,0.015790,1.716156,19.221354,-81.689178,-848.389221,501.942139,-6760.485352,-0.343234,-0.812973,0.470389,0.100000,0.020000,1,0.002660
28.832977,18.713263,-0.445384,16.109663,114.068665,4.786772,903.076538,8722.666016,582.185547,0.030998,-0.797090,-0.603064,0.100000,0.020000,1,0.873294
29.092701,19.595615,1.525749,27.677204,494.580170,128.692993,-1318.736328,15834.915039,-190.588867,0.182479,-0.876976,0.444539,0.100000,0.020000,1,0.576303
28.979696,18.349203,0.306299,-213.518494,0.099241,268.073547,-13019.873047,28.323164,16016.993164,0.039594,-0.787454,0.615100,0.100000,0.020000,1,0.709656
27.944412,18.530396,1.473156,-570.157593,332.706329,602.184448,-22321.048828,10145.894531,26252.781250,0.054932,-0.948372,-0.312367,0.100000,0.020000,1,0.106349
28.862125,18.261097,0.634569,39.284546,0.139310,-627.705078,2516.452393,13.587646,-38887.625000,0.128122,-0.831695,0.540248,0.100000,0.020000,1,0.620772
30.023090,18.107304,-0.354660,242.762024,49.163925,-171.074005,13588.278320,6399.809570,-11836.640625,0.287386,-0.921242,-0.262151,0.100000,0.020000,1,0.189841
27.487223,20.094843,-7.245601,-406.345825,628.690796,-2252.884521,10586.005859,5809.849609,-57483.492188,0.285829,-0.899415,-0.330687,0.100000,0.020000,1,0.838701
29.836571,17.532459,0.269505,238.602173,-115.208405,159.468140,19280.662109,-9464.839844,11794.579102,0.346177,-0.922691,-0.169711,0.100000,0.020000,1,0.606750
29.572968,18.556652,-0.046852,185.401489,128.167664,15.223730,14858.004883,10214.941406,710.540466,0.353548,-0.935290,0.015378,0.100000,0.020000,1,0.755049
28.729034,18.189356,-0.565823,76.479050,-37.318146,52.560509,4266.653320,-2393.681885,2748.814697,0.199661,-0.839266,-0.505736,0.100000,0.020000,1,0.912727
28.933592,18.237289,-0.296500,-104.600998,-148.523773,-9.584007,-6122.899414,-9064.697266,-515.680603,0.225727,-0.899495,-0.374106,0.100000,0.020000,1,0.238385
28.965076,20.995544,5.220341,114.851135,852.215027,1683.793335,-22640.224609,44646.257812,12716.497070,0.378985,-0.923112,-0.065073,0.100000,0.020000,1,0.581268
28.809319,18.570511,0.618931,12.915084,-22.553436,-12.965050,403.676483,-1397.844360,-745.769165,-0.194816,-0.678805,0.708005,0.100000,0.020000,1,0.484092
29.079819,17.874870,0.603023,-345.994141,201.343628,-103.333412,-21440.865234,11014.196289,-5595.284668,0.281260,-0.851753,0.442051,0.100000,0.020000,1,0.029797
29.076660,17.992889,-0.132390,-98.864624,-30.385948,229.722443,-5305.644531,-2393.402588,12623.761719,0.298952,-0.878488,0.372675,0.100000,0.020000,1,0.221533
28.487226,18.217005,-0.683137,672.111084,-384.640625,765.315857,40096.074219,-25386.330078,47090.687500,0.296856,-0.856694,-0.421844,0.100000,0.020000,1,0.897495
28.202869,18.381176,-0.913013,-84.954910,118.007309,-231.656952,1720.232422,-62.791016,-21548.917969,0.368571,-0.884331,0.286555,0.100000,0.020000,1,0.595325
28.439335,18.775343,-0.462341,80.415970,-420.840515,195.955383,3156.998291,-25392.882812,12899.941406,-0.120465,-0.710092,-0.693727,0.100000,0.020000,1,0.163594
28.716530,18.302401,-0.500026,260.929626,-146.390091,-428.345581,15730.081055,-9124.452148,-26959.609375,0.123879,-0.782315,-0.610439,0.100000,0.020000,1,0.343444
28.785254,18.142418,1.353503,-30.420998,28.180374,165.857635,-2352.566162,1528.852051,14170.515625,0.203207,-0.809705,0.550532,0.100000,0.020000,1,0.680989
27.108868,19.021719,-2.561069,-459.243591,266.397186,-618.274170,-36335.226562,20972.169922,-48860.902344,0.392066,-0.886894,-0.244344,0.100000,0.020000,1,0.671095
28.822205,18.179142,0.053284,-77.302856,-155.708862,-33.956322,-5124.029785,-8980.800781,-2244.173828,0.452709,-0.886992,0.091109,0.100000,0.020000,1,0.460051
29.121956,17.850542,0.442459,-220.153030,127.364265,-638.045837,-12956.785156,7416.062500,-38220.609375,0.455652,-0.888030,-0.061514,0.100000,0.020000,1,0.763324
28.788414,18.058817,0.231667,-401.409119,236.512115,431.119965,-25799.416016,15025.300781,26919.464844,0.391974,-0.848630,0.355222,0.100000,0.020000,1,0.832954
25.992369,19.657410,0.271870,-828.731018,478.856293,117.057510,-41563.699219,23798.142578,19772.029297,0.399739,-0.849326,-0.344752,0.100000,0.020000,1,0.596945
29.250313,17.776436,-0.607774,211.042282,-121.430733,-48.660561,14711.214844,-8593.769531,-5687.292480,0.483845,-0.874924,0.020048,0.100000,0.020000,1,0.931553
29.650711,17.994293,-1.237379,225.403992,-55.100433,-151.710571,13551.487305,-6234.712891,-9127.882812,-0.032058,-0.720902,-0.692296,0.100000,0.020000,1,0.196051
29.468836,20.085848,0.428031,190.970032,554.105591,20.667412,6470.763672,18796.000000,-2806.271484,0.147688,-0.763568,0.628612,0.100000,0.020000,1,0.598066
28.444521,18.241657,-0.089950,43.206745,-24.941450,268.800873,751.567932,-438.787842,17445.423828,0.471274,-0.848545,-0.240569,0.100000,0.020000,1,0.828167
28.580135,18.163361,0.102751,165.285614,-90.993828,534.983704,7971.933105,-6902.664062,33500.570312,0.469980,-0.841798,0.265511,0.100000,0.020000,1,0.334137
30.432276,18.396532,-0.991224,398.252686,104.881516,-227.039520,11883.850586,1556.163086,-2479.483398,0.480204,-0.853385,0.202825,0.100000,0.020000,1,0.991325
28.246586,18.368452,0.417689,-154.829407,93.184090,177.466690,-1359.154297,744.969482,749.154785,0.397422,-0.810694,-0.429919,0.100000,0.020000,1,0.597443
29.146585,18.044384,-0.157496,-15.407228,3.348911,60.067032,-119.000580,503.046082,4286.916016,0.473264,-0.818817,-0.324900,0.100000,0.020000,1,0.640506
28.135502,18.534864,-0.892090,-117.178162,84.984436,-72.098228,-10686.673828,6166.240234,-5856.868164,0.056608,-0.729034,-0.682132,0.100000,0.020000,1,0.558242
29.365400,18.514626,-0.267231,1.566803,192.204727,-19.763748,-1181.140869,7578.288086,-2846.085938,0.142489,-0.807783,-0.572000,0.100000,0.020000,1,0.035420
29.656738,18.602360,-1.016637,227.295837,155.604889,-133.775726,8094.736328,3904.017334,-4771.511230,0.232327,-0.759169,-0.608018,0.100000,0.020000,1,0.691754
29.325077,18.305174,-0.101416,84.970711,60.949722,-118.229301,2692.456543,4503.415527,-3163.221191,0.443305,-0.874043,0.198819,0.100000,0.020000,1,0.125123
28.984652,18.074806,0.658259,-78.211044,-192.056534,-57.826492,-4794.716309,-11965.149414,-2526.412354,0.406090,-0.790615,0.458278,0.100000,0.020000,1,0.214629
28.830994,18.161987,-2.880681,-73.217072,85.743759,-752.271912,-10887.695312,7576.017578,-35838.656250,0.565491,-0.824604,0.015731,0.100000,0.020000,1,0.698124
29.036081,17.900122,-0.004223,-122.061882,71.163277,-218.347595,-7601.790039,4226.052246,-14166.927734,0.569114,-0.816893,0.093782,0.100000,0.020000,1,0.642107
29.049891,17.977821,0.021806,915.448669,-574.805786,588.292053,58237.941406,-37214.726562,35016.964844,0.220490,-0.751544,0.621744,0.100000,0.020000,1,0.320222
29.526722,17.620142,1.312862,224.830963,-128.808731,289.838867,18827.341797,-10927.245117,10007.635742,0.376560,-0.898393,0.226037,0.100000,0.020000,1,0.039922
28.339636,18.302214,1.140156,-118.959442,149.882507,157.544327,-7444.751953,-12176.598633,6831.280273,0.483096,-0.792310,0.372644,0.100000,0.020000,1,0.455478
31.382730,16.545284,1.063556,674.270508,-284.430481,312.809875,31946.582031,-39648.695312,2037.364258,0.577538,-0.800916,-0.158062,0.100000,0.020000,1,0.416882
28.434435,18.247482,-0.082322,26.665594,37.093719,-34.537376,-5668.270996,-14196.535156,-10100.772461,0.314502,-0.742901,-0.590920,0.100000,0.020000,1,0.574613
29.564713,18.486000,-0.781000,117.956268,148.295502,-108.042358,9877.820312,11201.112305,-8242.511719,0.406344,-0.752371,-0.518482,0.100000,0.020000,1,0.988745
28.872356,17.994648,0.180538,274.748657,-158.231232,-82.851669,16955.210938,-9884.547852,-3830.812988,0.528056,-0.829228,-0.183135,0.100000,0.020000,1,0.090779
29.486624,17.639999,0.014725,103.017136,-58.785618,258.246643,-524.859131,70.487122,2963.266602,0.485408,-0.762102,-0.428462,0.100000,0.020000,1,0.388998
30.547712,17.027382,2.670406,424.479980,-244.549118,688.648254,33172.679688,-19276.208984,53941.457031,0.583161,-0.787285,0.200265,0.100000,0.020000,1,0.425387
28.930113,18.164076,-1.118254,-0.718796,61.861603,-379.548767,-6808.401367,5760.791992,3879.560547,0.596002,-0.798734,-0.082499,0.100000,0.020000,1,0.330329
29.177103,18.677189,0.122507,38.483566,168.460236,79.695038,3133.656494,13905.259766,6470.333496,0.582901,-0.769365,-0.261352,0.100000,0.020000,1,0.608618
28.909542,18.358389,0.639767,61.156448,-7.181743,-194.124542,3731.927734,-387.551697,-12071.289062,0.062218,-0.709735,0.701716,0.100000,0.020000,1,0.891765
28.969357,18.308315,-0.751812,162.661865,-53.629662,248.250626,10329.906250,-3209.157227,14943.272461,0.151743,-0.717115,-0.680236,0.100000,0.020000,1,0.418893
28.826900,18.165464,0.052987,426.170837,-1044.383057,-1400.452393,26617.255859,-65078.859375,-88563.578125,0.471013,-0.875353,0.109105,0.100000,0.020000,1,0.136724
28.364349,18.833811,1.164607,-180.795990,235.228699,153.062012,-14045.853516,18088.615234,12574.078125,0.395748,-0.735180,0.550358,0.100000,0.020000,1,0.884398
29.110367,17.871059,0.854470,53.248627,-26.553047,591.797180,3794.378662,-2124.764893,39317.703125,0.488455,-0.745909,0.452803,0.100000,0.020000,1,0.784410
29.901779,18.700684,0.215762,214.436005,204.714233,91.775208,16702.927734,16558.042969,6065.898438,0.653853,-0.752876,-0.075193,0.100000,0.020000,1,0.074693
28.928894,18.245810,0.814676,145.757675,-353.452484,-576.690369,8926.589844,-21792.636719,-35190.285156,0.324694,-0.716158,0.617812,0.100000,0.020000,1,0.762612
27.986603,18.506039,1.042923,-388.996063,224.844925,407.518982,5088.884277,-3083.646729,13017.922852,0.587334,-0.733901,-0.341216,0.100000,0.020000,1,0.492829
29.091612,18.178637,0.454748,-282.350922,-433.424286,108.009720,-17629.378906,-26184.720703,7471.510742,0.590043,-0.727051,0.351064,0.100000,0.020000,1,0.615326
30.210608,17.222008,0.270417,242.060913,-130.704514,143.534744,13614.343750,-9719.909180,10093.855469,0.670593,-0.736317,0.090231,0.100000,0.020000,1,0.674564
29.293003,18.103918,-0.084321,37.906822,23.259354,17.000084,3806.895996,2565.113037,2146.544189,0.666504,-0.730393,-0.149324,0.100000,0.020000,1,0.853720
28.977253,17.934086,0.412198,102.442841,-57.136822,-693.544983,5654.882812,-4027.211182,-42254.945312,0.674569,-0.737830,0.023718,0.100000,0.020000,1,0.633726
29.122925,18.390697,-0.585233,-168.087311,-1059.949341,781.771729,-10265.097656,-65244.625000,48753.773438,0.481960,-0.703732,-0.521993,0.100000,0.020000,1,0.558526
31.368198,17.019863,0.593781,660.266235,-269.291199,57.480927,51666.414062,-21549.783203,4030.799805,0.333953,-0.738714,0.585472,0.100000,0.020000,1,0.259098
29.624958,18.569857,0.049029,142.771240,134.261810,91.316055,11316.213867,11232.974609,7468.817871,0.585206,-0.692146,-0.422454,0.100000,0.020000,1,0.690117
29.095846,17.956657,-0.636155,-300.987274,178.809326,34.639832,-18549.548828,10178.673828,1976.447388,0.211583,-0.692628,-0.689564,0.100000,0.020000,1,0.864059
29.096195,17.865416,-0.582501,-232.628296,137.240097,218.335602,-15296.950195,6625.810547,13626.544922,0.401199,-0.682013,-0.611471,0.100000,0.020000,1,0.579310
28.148623,19.829224,0.500716,-330.101929,582.214600,220.303940,-7054.701172,23540.335938,6914.079102,0.684486,-0.681375,-0.259244,0.100000,0.020000,1,0.372413
28.667345,18.113010,-0.277718,286.888794,-152.796204,276.973846,13427.899414,-14092.223633,16472.228516,0.748127,-0.656661,0.095406,0.100000,0.020000,1,0.981236
29.638453,18.398886,0.756817,-83.525688,171.992035,56.217804,-2815.808594,12224.748047,4481.581055,0.398087,-0.668739,0.627945,0.100000,0.020000,1,0.662126
29.197508,17.806921,0.268057,-266.984680,154.453903,201.991364,-16592.990234,9507.377930,12833.445312,0.681312,-0.670026,0.294753,0.100000,0.020000,1,0.268884
28.912260,17.987837,0.617520,5.920944,-27.579197,173.697968,-553.786865,-1175.084839,12204.497070,0.667534,-0.641845,0.377403,0.100000,0.020000,1,0.938653
29.075470,17.877380,-0.430276,628.746704,-352.088196,349.679077,37134.453125,-26842.066406,21165.746094,0.748794,-0.639988,-0.172403,0.100000,0.020000,1,0.296110
29.148954,17.834953,-0.256345,-24.257397,14.899770,247.278107,-2492.426025,1234.479492,15048.575195,0.763828,-0.639401,-0.087944,0.100000,0.020000,1,0.259525
30.896404,20.017265,-0.111525,304.209137,459.072998,122.782562,2210.036133,10959.605469,4236.577148,0.259172,-0.820306,-0.509831,0.100000,0.020000,1,0.017412
27.572115,18.772360,1.346149,-394.601074,230.904785,233.235443,-31359.001953,18043.820312,18465.220703,0.561863,-0.635052,0.530113,0.100000,0.020000,1,0.378677
28.728815,18.077520,0.504131,72.754410,-36.394562,-89.712242,5554.708496,-4373.086914,-11412.744141,0.654422,-0.622006,-0.429931,0.100000,0.020000,1,0.572975
29.313383,17.754326,-0.540592,28.428276,-13.157379,-39.922821,2512.117188,-1189.529297,-3514.455078,0.683410,-0.637260,-0.356161,0.100000,0.020000,1,0.104249
30.003592,18.662256,0.447403,229.381348,201.935608,129.191223,14645.730469,10345.740234,15665.691406,0.747359,-0.616248,-0.248381,0.100000,0.020000,1,0.778716
28.182487,18.452969,-2.141506,-191.659973,115.935669,-368.376160,-15941.150391,9192.402344,-30063.230469,0.488396,-0.631535,-0.602190,0.100000,0.020000,1,0.916517
27.641504,18.705282,-2.253290,-418.467255,242.247620,-682.924561,-16954.724609,9507.458984,-41190.871094,0.635173,-0.703345,0.319157,0.100000,0.020000,1,0.117364
27.014694,19.467087,-1.822259,-648.624451,412.364441,-675.676270,-17657.728516,21500.902344,-18652.335938,0.651485,-0.611433,0.449128,0.100000,0.020000,1,0.176282
27.756218,18.639051,3.759096,-219.588959,231.883789,975.946777,-18090.335938,-10789.019531,33108.195312,0.732382,-0.594511,-0.331924,0.100000,0.020000,1,0.715670
28.905113,20.012251,3.001085,-13.761719,608.103027,743.705688,-12734.578125,33443.527344,56831.621094,0.726729,-0.589740,0.352238,0.100000,0.020000,1,0.688569
29.075153,17.877563,-3.354203,35.051552,-19.362518,-936.404785,-19436.335938,11020.679688,-43699.632812,0.779681,-0.626172,0.002456,0.100000,0.020000,1,0.342002
29.573448,18.162710,-0.688208,153.835083,-12.554195,-36.203979,4217.948730,972.442749,-7980.795410,0.307849,-0.660625,-0.684692,0.100000,0.020000,1,0.065546
27.388559,18.851320,1.645433,-459.150116,297.862549,541.828796,-25735.996094,16610.115234,27563.048828,0.587517,-0.620009,-0.520011,0.100000,0.020000,1,0.466368
29.216433,17.795996,0.387022,-177.672089,102.838776,-502.791107,-11248.006836,6435.036133,-31102.261719,0.766902,-0.580854,0.272892,0.100000,0.020000,1,0.600539
29.261257,17.974899,-0.064186,-290.307617,-176.464752,-62.033089,-15306.944336,-10332.305664,-1684.167480,0.814751,-0.548730,0.187286,0.100000,0.020000,1,0.943796
29.281832,17.825195,0.044990,-22.374821,-41.015335,-90.994751,-1258.190796,-2218.618164,-5321.110352,0.830265,-0.553441,-0.066054,0.100000,0.020000,1,0.693587
29.455206,17.658140,0.048370,-572.267456,331.067719,-318.785156,-35447.464844,20308.251953,-19994.074219,0.833441,-0.552374,0.016110,0.100000,0.020000,1,0.662553
29.162277,18.047308,-0.275537,-129.950867,-46.708977,-207.179382,-7437.480469,-3164.091309,-12180.667969,0.345756,-0.740086,-0.576823,0.100000,0.020000,1,0.111439
29.151724,18.028526,0.646180,-66.199417,15.371853,-121.307495,-4014.463135,989.385437,-7208.304199,0.469719,-0.614186,0.634145,0.100000,0.020000,1,0.838630
29.658508,18.094625,0.342592,-73.951736,-530.670471,-38.433823,-2716.769043,-32628.898438,817.426636,0.646332,-0.567361,-0.510252,0.100000,0.020000,1,0.670632
29.224434,17.848520,0.256484,-32.899101,-71.532700,36.059227,-581.850769,-4732.904297,533.506165,0.604992,-0.624431,0.494035,0.100000,0.020000,1,0.157704
30.213087,17.438093,-0.032344,305.102905,-143.340256,140.879364,23630.988281,-11226.094727,10887.222656,0.558175,-0.573221,-0.599882,0.100000,0.020000,1,0.671984
28.875778,19.225367,1.386286,-103.862137,404.564758,199.925903,1184.145508,13292.187500,24423.197266,0.635946,-0.550544,0.540808,0.100000,0.020000,1,0.798859
29.400358,17.742935,0.310932,-395.505951,98.716354,-264.319122,-24202.191406,6145.160156,-16107.708984,0.792080,-0.575449,0.203639,0.100000,0.020000,1,0.124785
30.423288,17.567661,-1.317613,305.705017,-63.730225,-282.990051,24096.330078,-4891.639160,-22200.833984,0.795763,-0.508491,-0.328936,0.100000,0.020000,1,0.903278
29.345493,17.819895,1.963270,366.492432,-208.054230,248.658508,24541.943359,-14798.862305,21387.974609,0.221134,-0.671275,0.707453,0.100000,0.020000,1,0.255877
29.173210,18.407696,-0.695495,-266.946930,-650.494629,288.070435,-16517.490234,-39739.339844,17714.505859,0.388447,-0.614616,-0.686554,0.100000,0.020000,1,0.640879
29.161831,18.438892,-0.460954,69.722977,-45.039192,8.765260,4044.249756,-266.658203,149.351440,0.735243,-0.524959,-0.428761,0.100000,0.020000,1,0.164964
29.321623,18.010645,0.442867,74.737518,-383.442932,-257.049774,4856.902344,-23146.248047,-15373.492188,0.819808,-0.498747,0.281365,0.100000,0.020000,1,0.333799
29.346424,18.511002,-0.519748,9.641111,170.650574,-97.418579,869.781982,14006.381836,-7689.951660,0.841672,-0.509891,-0.177764,0.100000,0.020000,1,0.347999
29.111004,18.023891,0.250484,-55.751373,-319.859863,-202.753571,-4442.011719,-18899.324219,-12110.490234,0.880542,-0.463040,0.101190,0.100000,0.020000,1,0.611234
29.104193,18.164764,-1.013226,-63.722961,61.445503,-209.957550,-3009.837646,2918.478027,-15272.094727,-0.019294,-0.781371,-0.623769,0.100000,0.020000,1,0.029299
29.240273,17.846600,0.527487,-202.064209,118.495316,-81.536316,-12165.100586,6885.821289,-4999.896973,0.505067,-0.639601,0.579498,0.100000,0.020000,1,0.055350
28.708977,18.966877,0.195378,-115.574188,252.052185,-81.522217,-9266.760742,20062.753906,-6559.096680,0.547134,-0.553403,0.628004,0.100000,0.020000,1,0.735368
30.575926,18.857887,1.311821,356.015564,354.089783,297.464966,17794.794922,6684.353027,-16184.269531,0.893508,-0.441446,-0.082275,0.100000,0.020000,1,0.321663
29.270363,17.764860,0.470664,133.052444,-72.969559,-741.702026,7102.823242,-6106.157715,-45743.835938,0.882818,-0.429810,0.189461,0.100000,0.020000,1,0.026220
31.179016,16.662895,-3.164795,556.029663,-256.449371,-836.926636,27689.437500,-29081.625000,-34821.273438,0.899204,-0.437175,0.017588,0.100000,0.020000,1,0.714442
30.135698,17.265257,1.421375,275.375946,-98.557739,446.100800,8741.308594,-17492.353516,8034.220703,0.459174,-0.575424,-0.676791,0.100000,0.020000,1,0.670561
29.414923,17.894732,0.144396,93.312439,-77.872696,140.936829,5283.638184,-5751.382812,11269.681641,0.704917,-0.480468,-0.521769,0.100000,0.020000,1,0.985631
32.061535,17.059364,2.909332,767.042725,-238.876709,770.196594,33013.324219,-8503.998047,22883.929688,0.774973,-0.449274,0.444488,0.100000,0.020000,1,0.781296
29.029665,18.401407,-1.370140,-92.871109,197.941162,-281.102661,-1407.916504,5136.750488,-10822.543945,0.787561,-0.450512,-0.420460,0.100000,0.020000,1,0.654546
29.624784,17.560232,-0.401474,-283.853027,171.171448,260.996582,-18955.205078,7179.726562,15628.328125,0.892333,-0.422167,-0.159737,0.100000,0.020000,1,0.070155
29.391928,17.694672,-0.445069,-856.864136,498.462280,1380.001587,-55056.058594,29769.673828,86270.398438,0.879245,-0.412696,-0.237928,0.100000,0.020000,1,0.433698
28.444712,18.241549,2.901447,-199.006897,151.795883,686.811157,-10855.706055,1705.684082,27394.833984,0.703642,-0.466478,0.535991,0.100000,0.020000,1,0.712253
29.341940,17.723534,0.179868,-413.771118,239.165741,1.150744,-26073.566406,14991.416992,383.643555,0.866551,-0.483410,0.124114,0.100000,0.020000,1,0.030349
31.042557,18.208961,-1.138381,500.764771,108.243835,-227.282196,38780.542969,8768.798828,-18133.179688,0.844857,-0.459937,-0.273265,0.100000,0.020000,1,0.254417
29.503378,17.792871,-0.331011,-302.092987,34.629433,32.139435,-18558.451172,2361.771240,1823.368042,0.855743,-0.397035,-0.331764,0.100000,0.020000,1,0.763929
29.539850,17.609270,0.214720,-461.302582,267.735962,-28.069752,-28902.644531,15810.178711,-1868.868286,0.875404,-0.394864,0.278838,0.100000,0.020000,1,0.984083
29.605713,17.639881,0.158259,-608.693848,87.220551,93.902405,-37694.277344,5269.424805,6821.605469,0.931675,-0.357314,-0.065638,0.100000,0.020000,1,0.672750
29.827541,18.505741,-0.490134,136.212494,153.348236,-228.305908,10860.419922,12481.872070,-18179.404297,0.732836,-0.477705,0.484509,0.100000,0.020000,1,0.028605
30.127211,17.771334,-0.569343,164.475220,-9.225368,-157.176941,13231.162109,-256.704193,-12377.950195,0.939072,-0.343026,0.021848,0.100000,0.020000,1,0.558437
30.073313,17.660917,0.004772,151.518433,-41.576378,-32.194889,12298.073242,-909.826050,1085.604492,0.936088,-0.337581,0.098885,0.100000,0.020000,1,0.372253
28.323578,18.311485,0.446351,853.673706,-488.570740,-753.100037,49530.593750,-31733.271484,-48303.054688,0.444012,-0.561676,0.698121,0.100000,0.020000,1,0.934988
28.993822,17.924520,0.389399,418.785889,-237.313431,-153.247452,23841.005859,-16349.796875,-9437.296875,0.850569,-0.374198,0.369470,0.100000,0.020000,1,0.146760
29.476768,17.800760,-0.207321,-1.069465,-5.255901,-0.012687,-2.810117,13.006171,-0.154367,0.916189,-0.317759,-0.244188,0.100000,0.020000,1,0.773680
29.485550,17.788456,-0.145985,-1.197966,-5.350936,-0.008935,-2.982840,13.173740,-0.108703,0.933637,-0.314255,-0.171945,0.100000,0.020000,1,0.562512
29.194937,19.560579,-0.211638,-10.210890,437.639160,87.287201,-853.926147,34423.359375,6823.594727,0.610663,-0.493707,-0.619148,0.100000,0.020000,1,0.119926
29.619761,17.904861,0.296244,-124.435539,140.033829,684.265991,-6115.079102,9369.580078,43560.730469,0.771652,-0.587115,0.244640,0.100000,0.020000,1,0.050688
31.063511,16.729584,0.152226,519.490601,-173.671539,166.969345,5966.414062,-28850.591797,6116.399902,0.670797,-0.428642,-0.605225,0.100000,0.020000,1,0.163487
29.363865,17.908371,0.460085,0.040739,-4.194072,0.027364,-0.932036,1.458548,0.541466,0.745993,-0.387187,0.541830,0.100000,0.020000,1,0.309794
28.086863,19.025137,-0.275103,-389.591461,307.645142,50.021503,-11323.774414,24918.583984,2605.987305,0.757831,-0.385402,-0.526457,0.100000,0.020000,1,0.982001
29.399933,17.928099,0.581874,-7.173951,13.134155,55.231453,-529.670593,1406.802368,4315.182129,0.823361,-0.343999,0.451377,0.100000,0.020000,1,0.988336
28.333769,19.166029,-3.244089,-355.042877,396.990723,-1085.276855,-7658.204590,17043.800781,-15898.648438,0.911486,-0.307627,0.273055,0.100000,0.020000,1,0.257442
28.827370,18.183119,-1.904815,-216.920151,110.372787,-487.715820,-6922.704102,3806.937500,-14793.058594,0.894730,-0.277952,-0.349573,0.100000,0.020000,1,0.367021
29.303703,17.745611,0.099732,24.207890,-6.013927,-2.049340,-1070.929932,-3837.102295,-85.302750,0.968791,-0.229462,0.093765,0.100000,0.020000,1,0.404710
29.569025,17.826719,-0.026456,-3.228431,-211.419403,178.677231,-130.074188,-12776.606445,11137.703125,0.974177,-0.225628,0.008443,0.100000,0.020000,1,0.347216
32.295181,19.457821,0.083646,901.890747,448.380859,-136.329193,27310.808594,13700.257812,-4131.187988,0.663802,-0.405942,0.628154,0.100000,0.020000,1,0.808611
30.669006,16.957352,-0.437421,363.509827,-122.661263,-17.389011,4381.147949,-19982.955078,-640.385010,0.844884,-0.314286,-0.432891,0.100000,0.020000,1,0.113591
29.155725,17.831045,2.501436,-60.766060,63.667252,634.929871,-4790.197754,-2825.025879,20038.414062,0.886951,-0.268399,0.375872,0.100000,0.020000,1,0.337144
29.580847,17.936386,0.406114,1.722459,33.556808,74.003365,81.675957,1211.636597,2242.526123,0.957975,-0.214358,0.190616,0.100000,0.020000,1,0.636787
29.849506,17.430490,0.413161,111.454887,-51.441982,154.468796,2305.413086,-3723.974121,4965.950195,0.965880,-0.210938,-0.150267,0.100000,0.020000,1,0.730688
