posX,posY,posZ,velX,velY,velZ,forceX,forceY,forceZ,attachX,attachY,attachZ,mass,radius,state,wetness
5.872893,32.302479,-0.044743,70.546104,-15.459381,-34.646011,5285.163574,-766.406128,-3119.115234,-0.809278,0.431697,0.398381,0.100000,0.020000,1,0.439627
5.336502,32.360466,0.381707,-71.135246,-1.202950,101.773407,-5981.632812,336.130127,8507.463867,-0.851964,0.453893,-0.261034,0.100000,0.020000,1,0.853635
6.025695,32.954735,0.544545,134.687180,150.786713,172.308624,4249.710938,7363.601074,3945.316162,-0.883462,0.467842,0.024864,0.100000,0.020000,1,0.736546
5.637181,33.022598,-0.896472,36.931293,199.699173,-163.870605,1020.890259,7028.931641,-6698.357910,-0.723154,0.382698,-0.574970,0.100000,0.020000,1,0.158882
5.550170,32.264912,0.128288,5.416091,-11.896397,-24.296593,43.839024,-601.510132,-2141.272461,-0.699437,0.370099,0.611403,0.100000,0.020000,1,0.103844
5.336507,32.104565,0.150313,159.143860,-68.961487,-43.686394,8733.518555,-4956.168457,-3059.604736,-0.772433,0.395064,0.497264,0.100000,0.020000,1,0.031616
5.552803,32.321175,-0.367905,-212.040359,-418.140533,324.879730,-13542.076172,-25968.867188,20265.703125,-0.641844,0.328198,-0.693053,0.100000,0.020000,1,0.476657
5.261477,32.236786,-0.447713,-14.420280,15.902927,-15.502140,-2037.140747,1196.578735,-1319.274536,-0.512396,0.261467,-0.817976,0.100000,0.020000,1,0.959263
5.690565,32.663513,-0.181919,27.569881,52.680466,0.180285,1826.940308,5012.585449,-0.385202,-0.817099,0.415058,-0.400096,0.100000,0.020000,1,0.246057
5.168800,32.140793,0.105587,-70.764114,-35.621895,-69.331284,-6048.271973,-2497.423340,-5407.819336,-0.550783,0.277113,0.787304,0.100000,0.020000,1,0.529578
5.725720,32.483978,0.201468,29.365356,19.004074,28.687172,1959.139771,2063.652344,2448.543213,-0.888311,0.446090,0.109121,0.100000,0.020000,1,0.098737
5.348076,32.403568,-0.446079,5.320302,24.140877,-3.372396,-248.934082,2453.405518,-437.196106,-0.438690,0.197935,-0.876569,0.100000,0.020000,1,0.085302
5.873335,31.728281,0.087814,129.182617,-114.321503,-85.851166,9912.578125,-9032.320312,-6771.794922,-0.359800,0.159375,0.919317,0.100000,0.020000,1,0.124343
5.266170,32.396175,0.334396,62.297981,-75.300827,-103.083588,2819.618652,-3971.440430,-6610.320801,-0.546705,0.239360,0.802384,0.100000,0.020000,1,0.900594
5.536489,32.321823,0.149338,78.933090,-55.623985,-9.466353,4410.351074,-3400.831543,-492.933838,-0.884787,0.374217,0.277694,0.100000,0.020000,1,0.577214
5.504620,32.288971,-0.362943,-33.946938,8.012859,24.083443,-2428.078613,718.268372,1328.444702,-0.651190,0.272551,-0.708285,0.100000,0.020000,1,0.995973
4.864215,32.597088,0.812378,-115.241119,106.579620,91.983185,-9481.662109,8671.228516,7387.145996,-0.225978,0.094219,0.969565,0.100000,0.020000,1,0.234580
5.358492,31.952822,-0.884663,35.152901,-0.631138,-86.193832,2079.139893,-790.671082,-7323.607910,-0.226244,0.092528,-0.969666,0.100000,0.020000,1,0.556804
5.383689,31.890474,1.021969,39.294571,-32.877747,131.445496,2872.154297,-2901.865723,10697.942383,-0.013737,-0.029152,0.999481,0.100000,0.020000,1,0.984496
5.068461,31.936441,0.495065,-5.871368,22.296274,-31.212704,-1045.380005,761.921082,-1750.531494,0.060730,-0.138446,0.988506,0.100000,0.020000,1,0.813988
5.283272,31.988737,0.590870,-87.118210,26.565948,-198.228973,-5384.843750,1297.636353,-11906.207031,0.046539,-0.077479,0.995907,0.100000,0.020000,1,0.929778
4.460779,32.264317,-0.380735,-227.224915,71.699768,-31.569992,-17595.232422,5299.776367,-1728.294067,0.069438,-0.106685,-0.991865,0.100000,0.020000,1,0.682842
6.643858,30.828278,-0.993995,500.639771,-220.727814,-137.951599,12774.576172,-18393.705078,-5709.234375,0.044752,-0.064881,-0.996889,0.100000,0.020000,1,0.614245
4.204933,32.236393,0.153310,-118.461327,92.780273,-31.714973,-8823.541016,2751.407471,3600.212402,0.556044,-0.693016,0.458851,0.100000,0.020000,1,0.152547
6.324335,32.525116,-0.522169,366.685608,136.514877,-19.227848,10942.693359,4162.176270,-472.930756,0.218543,-0.256269,-0.941576,0.100000,0.020000,1,0.194685
3.999703,32.436916,-0.373592,-225.527893,155.067810,14.582150,-18789.060547,11574.282227,1000.970520,0.389727,-0.279131,-0.877610,0.100000,0.020000,1,0.305367
4.941256,31.966614,-0.239263,-91.792404,30.895073,-165.591156,-5817.643066,1963.538086,-10352.713867,0.658786,-0.469711,-0.587684,0.100000,0.020000,1,0.099751
4.908053,32.355713,0.567250,-9.940681,117.318542,58.561012,-1459.529297,8835.583984,4386.433105,0.359246,-0.252937,0.898313,0.100000,0.020000,1,0.482903
6.079092,32.654873,-0.828771,245.953979,128.730316,-96.713989,19508.312500,10785.291992,-7850.923340,0.325817,-0.226514,-0.917897,0.100000,0.020000,1,0.627270
5.166582,31.995550,-0.042160,37.573723,-18.753696,-90.171341,3142.598633,-1077.450806,-7144.749023,0.600549,-0.416468,0.682565,0.100000,0.020000,1,0.829790
4.970489,32.104664,1.203723,-22.739304,39.783134,203.925110,-2140.005615,2855.986816,16161.662109,0.301752,-0.208042,0.930411,0.100000,0.020000,1,0.124912
4.788838,31.933353,0.145383,52.799034,-26.838387,-207.084137,3004.876221,-1675.344360,-12524.257812,0.824681,-0.564673,0.032340,0.100000,0.020000,1,0.029854
5.010345,31.953522,-0.335883,-15.846983,16.046772,-9.927689,-875.763000,994.471680,-778.195801,0.624099,-0.403146,-0.669309,0.100000,0.020000,1,0.612038
4.920839,32.026882,0.229359,-80.180557,-17.758493,36.253487,-5049.457031,-734.784729,2393.793457,0.747854,-0.482477,0.455994,0.100000,0.020000,1,0.305491
5.138935,33.524544,0.082545,88.077408,440.289917,58.407211,6516.101562,34449.078125,4811.626953,0.763881,-0.492594,-0.416938,0.100000,0.020000,1,0.993713
3.971954,32.920704,0.440100,-229.696960,277.255188,124.504944,-18269.121094,21691.515625,9481.687500,0.835046,-0.537893,0.115629,0.100000,0.020000,1,0.641274
5.077394,31.960249,0.284274,-103.576630,49.509178,22.009830,-6201.421387,3112.167480,1250.700073,0.593017,-0.381437,0.709110,0.100000,0.020000,1,0.678839
6.388741,32.164982,-1.219888,380.574585,46.816383,-220.601105,29675.785156,3738.604492,-17545.494141,0.516680,-0.331355,-0.789459,0.100000,0.020000,1,0.648623
6.915699,31.079466,1.364060,555.306152,-207.193939,425.255890,25948.886719,-10078.831055,7134.363770,0.848654,-0.527309,0.041600,0.100000,0.020000,1,0.554669
5.697882,31.394930,-1.358764,254.424347,-140.682526,-332.617432,19424.472656,-11061.360352,-26124.886719,0.812334,-0.504170,-0.293131,0.100000,0.020000,1,0.588478
4.870653,31.893126,0.408654,17.886063,-6.248135,-145.365204,992.075745,-509.423279,-8150.661133,0.791561,-0.490095,0.365016,0.100000,0.020000,1,0.041527
5.618659,32.050568,0.434057,64.184708,-7.779484,55.385910,4084.609863,-1865.388184,4803.111328,-0.950376,0.152957,0.270907,0.100000,0.020000,1,0.207603
5.526303,32.536476,0.028967,-48.360023,-157.812286,-174.034576,-3420.171875,-9321.020508,-10441.342773,-0.961842,0.154207,-0.226010,0.100000,0.020000,1,0.372381
5.281631,32.013039,0.189755,153.286255,-157.307953,-279.953247,8395.900391,-11398.933594,-16077.703125,-0.894202,0.132062,-0.427741,0.100000,0.020000,1,0.408967
5.561564,32.576950,0.252680,18.179260,20.364983,9.743641,1047.824219,2181.215820,843.515808,-0.887310,0.130531,0.442316,0.100000,0.020000,1,0.500751
6.026063,31.715336,-0.242414,159.452667,-235.481079,-51.579239,1335.729492,-5802.952637,-5241.241211,-0.988101,0.143352,0.055737,0.100000,0.020000,1,0.446531
5.230503,31.906946,0.000413,-61.728355,39.683167,200.455505,-5046.582520,746.746643,11359.355469,-0.720618,0.036059,0.692394,0.100000,0.020000,1,0.175218
5.419039,32.346558,-0.282725,2.956218,2.174864,-5.629888,-177.650375,167.123306,-283.322052,-0.741980,0.021338,-0.670083,0.100000,0.020000,1,0.527977
5.366073,32.330170,0.199159,-9.581352,-10.518224,315.060730,-785.753174,-436.984802,19106.128906,-0.502206,-0.065708,0.862248,0.100000,0.020000,1,0.173865
5.286938,32.417057,0.409994,-0.197878,3.559956,17.252510,-580.280029,657.872681,1296.348511,-0.586133,-0.091499,0.805032,0.100000,0.020000,1,0.044196
5.437109,32.439346,-0.765030,32.867607,22.062828,-80.920349,2254.576660,2056.991943,-6684.434570,-0.489928,-0.098685,-0.866159,0.100000,0.020000,1,0.181535
5.225095,32.477146,0.321025,-45.417526,-226.511414,133.455261,-3269.118408,-13347.079102,8041.012207,-0.340007,-0.186482,0.921748,0.100000,0.020000,1,0.868262
5.268686,32.433628,-0.430721,-103.429260,-222.351562,64.455673,-6689.167480,-13280.998047,3989.231445,-0.327404,-0.216232,-0.919810,0.100000,0.020000,1,0.202888
5.155233,31.920689,0.074771,73.298691,26.689659,144.724396,-1099.028320,2677.724609,3880.742920,-0.157066,-0.342655,-0.926239,0.100000,0.020000,1,0.506783
5.145354,32.182575,0.494865,11.100574,-1.103746,9.322603,413.757538,-185.038132,903.000427,-0.128753,-0.323804,0.937323,0.100000,0.020000,1,0.078077
5.040352,32.225624,0.602816,-5.048468,5.903727,28.704803,-750.332397,584.149231,2618.451172,0.026066,-0.401582,0.915452,0.100000,0.020000,1,0.827993
4.813764,32.086823,-0.513421,170.776978,-79.869766,39.094269,9492.549805,-5397.685547,2001.564941,0.060143,-0.436349,-0.897765,0.100000,0.020000,1,0.832886
4.264588,32.201946,1.949713,-131.570023,123.545952,440.310913,-9306.959961,-4355.859863,14646.544922,0.265063,-0.583314,0.767780,0.100000,0.020000,1,0.032754
5.177306,31.951334,0.353160,84.688812,-25.388222,154.410324,5028.457031,-2164.169434,9276.744141,0.219754,-0.482126,0.848093,0.100000,0.020000,1,0.275935
5.074994,31.885727,-1.137563,39.148888,-13.541183,-173.384735,2597.888916,-1838.528442,-14153.718750,0.251614,-0.505221,-0.825495,0.100000,0.020000,1,0.610561
5.007312,31.868309,0.211350,26.691067,-11.806595,133.051727,1892.971436,-1682.297729,8040.525391,0.417001,-0.621303,0.663395,0.100000,0.020000,1,0.971132
4.576993,32.419178,-0.507631,-64.423813,75.061432,-68.463928,-5405.375977,6093.662598,-5556.833984,0.492328,-0.730268,-0.473626,0.100000,0.020000,1,0.774662
4.827531,32.042980,0.444386,-0.278154,-10.396742,47.405838,-385.219391,-858.038391,3835.773438,0.474589,-0.693686,0.541816,0.100000,0.020000,1,0.702968
5.433524,32.128902,-0.527586,119.873413,17.926395,-69.008026,9605.779297,1323.958862,-5375.658203,0.449853,-0.629622,-0.633410,0.100000,0.020000,1,0.850111
4.994969,31.837324,-0.450974,46.506439,-13.165485,-74.585785,3537.111572,-1736.728394,-6248.504883,0.625279,-0.758427,-0.183886,0.100000,0.020000,1,0.341169
4.921018,32.297947,-0.301777,27.288902,53.634338,-97.270752,1966.969482,4406.865723,-7939.285156,0.611046,-0.737427,0.287791,0.100000,0.020000,1,0.525557
5.145598,32.170666,0.882905,73.964752,29.946785,184.313690,5751.190918,2382.620117,14527.317383,0.580536,-0.694104,0.425672,0.100000,0.020000,1,0.898904
4.924208,31.827660,1.499510,101.483841,-58.436638,385.944885,6955.512695,-4066.441406,30715.089844,0.643961,-0.764227,0.035665,0.100000,0.020000,1,0.836356
5.006585,32.430050,-0.289898,-62.057556,43.315521,-56.398254,-6491.605957,2898.968262,-4870.733398,-0.985798,0.159311,0.053118,0.100000,0.020000,1,0.148188
5.222388,31.823601,-0.282916,24.936947,38.523205,489.017548,-70.707947,81.008575,30046.703125,-0.969038,0.153469,-0.193421,0.100000,0.020000,1,0.888352
5.452107,32.382412,-0.223875,2.256562,3.620391,-5.005077,-229.136032,337.220245,-180.961899,-0.817850,0.060382,-0.572254,0.100000,0.020000,1,0.185218
5.075882,32.163509,-0.438980,1.325436,12.097341,-8.349726,-881.167542,391.785675,-639.520386,-0.325657,-0.215927,-0.920501,0.100000,0.020000,1,0.679942
5.306319,32.653267,-0.001633,23.431885,94.396637,94.732391,1796.147217,7766.750977,7724.041504,-0.168666,-0.308472,-0.936161,0.100000,0.020000,1,0.114004
4.835260,34.174828,-0.778886,-49.992859,525.782043,-85.968185,-4461.672363,41510.027344,-6971.108887,0.005886,-0.405245,-0.914189,0.100000,0.020000,1,0.321044
4.733012,32.075779,-0.172884,62.083885,-31.507957,61.241898,3304.622559,-1985.077637,3884.920410,0.550339,-0.734784,-0.396510,0.100000,0.020000,1,0.829327
5.112117,32.347969,-0.177325,-56.714691,-1.337840,25.485283,-5059.373535,-14.963787,2246.088379,-0.674929,-0.038669,-0.736869,0.100000,0.020000,1,0.016135
5.053441,32.016621,-0.210039,31.790565,-86.311646,34.534668,2273.282959,-5861.197754,2669.813721,0.334141,-0.594832,-0.731112,0.100000,0.020000,1,0.307733
4.861592,31.929771,-0.014397,-43.076683,28.715694,-315.808807,-2959.842285,1276.134277,-18957.740234,0.528161,-0.643467,-0.554073,0.100000,0.020000,1,0.198422
5.248402,31.753725,0.204012,2.013363,-274.510986,-283.141266,1801.924683,-18401.283203,-17079.542969,0.706218,-0.707267,0.032078,0.100000,0.020000,1,0.721990
3.274439,32.773609,-1.927380,-408.945312,303.454010,-581.047607,-21732.933594,345.081787,-31268.847656,0.341217,-0.541964,0.768014,0.100000,0.020000,1,0.709997
4.678775,32.050396,0.546097,-30.827736,18.521515,103.045441,-2637.578613,1448.031128,8898.516602,0.701401,-0.700000,-0.134301,0.100000,0.020000,1,0.376403
5.159991,32.237286,0.149350,54.079681,43.800819,-24.636887,4372.797852,3569.529053,-2028.824829,0.537053,-0.605943,0.586862,0.100000,0.020000,1,0.502050
4.846337,31.990412,0.043882,9.062579,8.882757,-7.604818,514.456299,525.769287,-700.207886,0.710824,-0.669470,0.215729,0.100000,0.020000,1,0.679853
4.865506,31.855009,2.353819,42.900059,47.004608,684.510437,-2874.135742,-11963.087891,28197.417969,0.771750,-0.518424,-0.368293,0.100000,0.020000,1,0.881216
4.321992,34.467869,-0.172184,-228.817749,694.976440,93.103745,-6037.707031,22757.175781,570.057129,0.170548,-0.398847,-0.901019,0.100000,0.020000,1,0.791194
4.923685,31.907211,0.233028,-180.929871,-186.214752,-146.491333,-11364.887695,-11842.931641,-9046.661133,0.768529,-0.488113,0.413654,0.100000,0.020000,1,0.917481
4.771585,32.010456,-0.251400,-6.269947,15.524353,28.502228,-1273.784912,1046.532227,2053.518311,0.558047,-0.449363,-0.697608,0.100000,0.020000,1,0.669924
5.235281,32.269638,-0.056173,70.934753,99.166153,49.558273,5686.501465,7723.645508,3891.650879,0.737922,-0.413192,-0.533614,0.100000,0.020000,1,0.604724
4.405524,32.252796,-0.050568,-129.566193,82.860916,-65.480972,-10692.695312,6339.658203,-5738.927734,0.537105,-0.394868,0.745384,0.100000,0.020000,1,0.648375
5.019734,31.771725,0.014398,29.447823,-16.192257,91.911972,2263.274414,-1301.054688,5444.162109,0.910794,-0.347322,0.223209,0.100000,0.020000,1,0.690102
4.722353,31.937658,0.061978,105.599480,-51.323059,-156.065369,3726.382080,-7141.479980,-9717.319336,0.921962,-0.345517,-0.174941,0.100000,0.020000,1,0.683074
4.591153,32.013409,-0.380268,-76.990250,44.464287,-92.981125,-6233.626953,3592.412598,-7520.541504,0.941567,-0.335203,0.033034,0.100000,0.020000,1,0.075853
6.126288,32.257378,0.131348,276.935883,120.603210,-21.361679,18989.130859,8407.461914,-4760.595703,0.764167,-0.320060,0.560009,0.100000,0.020000,1,0.711865
4.848619,31.864761,-0.462853,54.016243,-24.359524,229.419968,1361.219238,-4345.441895,13541.795898,0.906419,-0.270455,-0.324436,0.100000,0.020000,1,0.622804
4.954566,31.803591,0.207047,-105.934982,62.083649,-118.923378,-7036.020508,3503.789795,-7432.214355,0.888334,-0.220724,0.402671,0.100000,0.020000,1,0.814220
5.060245,32.448795,0.341380,9.328814,97.930267,184.448334,474.397095,7957.280273,14715.894531,0.366629,-0.301121,-0.880289,0.100000,0.020000,1,0.571645
5.355330,33.790604,-0.120777,57.938049,581.531555,74.287842,8007.690430,34175.695312,-10483.159180,0.676264,-0.154498,-0.720276,0.100000,0.020000,1,0.131746
4.932648,31.832397,-0.757745,-27.944733,16.793652,-117.815369,-2179.700195,1236.123901,-9638.385742,0.851899,-0.091056,-0.515729,0.100000,0.020000,1,0.379623
5.512959,31.481203,-2.821457,149.469986,-83.291023,-805.005249,2365.617432,-4613.341797,-20042.773438,0.158489,-0.344026,0.925488,0.100000,0.020000,1,0.344533
5.943494,31.734974,-2.016250,201.249969,36.032776,-564.665833,13385.905273,-3158.071777,-15915.858398,0.991013,0.026875,-0.131036,0.100000,0.020000,1,0.887338
4.163234,32.260468,-0.231762,-271.950317,160.541992,-79.823570,-10300.990234,4356.508789,-1245.798828,0.998562,0.032896,0.042329,0.100000,0.020000,1,0.252357
5.011917,31.895760,0.380170,37.097504,-34.701920,-39.063484,2067.025635,-2069.507568,-2271.988281,0.656846,-0.111767,0.745695,0.100000,0.020000,1,0.683608
5.154842,31.687960,0.082909,-106.791145,62.310406,-37.560951,-6473.082031,3585.090332,-2388.675049,0.981267,0.038541,0.188757,0.100000,0.020000,1,0.016205
5.026357,31.857206,0.054292,24.098686,-48.460060,-114.961624,1324.353027,-2433.795166,-6431.873047,0.943230,0.090730,-0.319507,0.100000,0.020000,1,0.644157
5.117070,31.741270,0.267280,-93.670212,55.825409,-262.177246,-5789.891113,3381.263916,-16540.832031,0.804911,0.026629,0.592797,0.100000,0.020000,1,0.182015
5.021342,31.897686,0.324868,290.787109,-317.338684,-173.680420,18024.105469,-19236.777344,-10347.293945,0.907486,0.138273,0.396673,0.100000,0.020000,1,0.303801
5.742004,31.462088,-1.021710,159.725189,-79.242737,-103.507019,12673.080078,-6979.792969,-9175.786133,0.477415,-0.123935,-0.869894,0.100000,0.020000,1,0.698181
4.148613,32.268909,-1.982408,-224.790359,200.836761,-423.287598,-14217.366211,-4497.115234,-16316.537109,0.724085,0.121527,-0.678920,0.100000,0.020000,1,0.682095
5.807775,33.159397,0.654754,177.737366,422.185303,282.714600,15298.772461,19385.390625,12797.253906,0.820310,0.245828,-0.516392,0.100000,0.020000,1,0.714054
6.070206,32.516888,0.358463,209.178345,215.295990,114.023712,16855.615234,17259.478516,8997.593750,0.902903,0.398305,-0.161615,0.100000,0.020000,1,0.349159
5.140700,31.887308,0.337382,119.813995,-198.421753,-115.455444,7397.652832,-12113.358398,-7247.394043,0.659074,0.171939,0.732160,0.100000,0.020000,1,0.544259
5.074812,31.785322,0.427727,-18.323845,11.774483,21.054276,-1657.586426,998.533508,2007.546509,0.754111,0.282782,0.592749,0.100000,0.020000,1,0.629957
4.696509,31.952579,2.035165,-146.260422,99.297180,596.345337,-6649.082520,-375.633545,18506.388672,0.883598,0.429406,0.186720,0.100000,0.020000,1,0.672041
5.183205,31.900934,-0.091301,6.255341,31.162270,-17.809265,191.349228,3114.521240,-1578.748535,0.877772,0.477484,0.039061,0.100000,0.020000,1,0.977289
5.160294,31.969988,-0.435817,-96.260956,-152.395538,127.486969,-6147.939941,-9245.617188,7842.549805,0.500957,0.046328,-0.864231,0.100000,0.020000,1,0.157227
5.476495,31.526123,0.061246,32.839348,-25.536926,7.115482,2975.871338,-2122.371826,1322.057373,0.801481,0.498852,-0.329810,0.100000,0.020000,1,0.817885
5.278351,31.728598,0.219817,-6.445442,-16.410563,-29.677662,-380.941650,-745.381165,-1694.734375,0.766909,0.505319,0.395603,0.100000,0.020000,1,0.751743
5.099432,31.970654,-0.392476,-65.839310,-197.493927,315.574646,-4827.990723,-11489.395508,19517.324219,0.645170,0.381701,-0.661861,0.100000,0.020000,1,0.758968
5.166663,32.092834,0.964447,15.856934,9.956734,120.605164,1034.257568,1222.036499,9936.483398,0.401835,-0.079463,0.912258,0.100000,0.020000,1,0.010618
5.881955,31.564249,-0.848503,151.255569,-85.431442,-353.563232,12077.763672,-6237.943359,-27231.884766,0.571642,0.371203,0.731733,0.100000,0.020000,1,0.992200
4.426836,32.157459,0.031922,-162.648224,98.806335,66.552567,-14016.592773,8197.562500,5305.212891,0.646837,0.558753,-0.519034,0.100000,0.020000,1,0.444538
5.665608,32.164864,-1.097445,70.781403,184.530807,-346.883148,5110.302734,3877.299805,-11399.721680,0.665544,0.714669,0.215171,0.100000,0.020000,1,0.987040
4.467966,32.110840,-0.311903,-194.282837,120.142181,-132.870148,-16542.822266,9643.720703,-14288.772461,0.596265,0.556174,0.578911,0.100000,0.020000,1,0.360441
5.251879,32.725960,0.020512,-69.373337,291.490601,12.945988,1779.010742,13305.255859,-1573.587891,0.658752,0.752340,0.005555,0.100000,0.020000,1,0.006970
5.226641,31.785456,-0.411511,-0.943913,1.515139,27.157211,-161.269730,-107.333099,1567.790771,0.486187,0.237325,-0.841011,0.100000,0.020000,1,0.630153
5.749086,31.344873,1.323788,103.087891,-27.307171,345.375916,983.972046,-7166.973145,13974.201172,0.638164,0.751250,-0.168438,0.100000,0.020000,1,0.616967
5.519334,31.842287,0.461991,15.254292,21.411819,58.029724,1338.795532,2040.139771,4876.521973,0.527142,0.758435,0.383271,0.100000,0.020000,1,0.050086
5.457927,31.850172,-0.221821,58.532967,-208.360474,119.340973,3778.034180,-12394.898438,7204.623047,0.530756,0.784774,-0.320043,0.100000,0.020000,1,0.265827
5.150002,31.940750,0.309750,70.842323,0.956827,101.702194,4266.195312,156.055283,6006.121582,0.406587,0.035381,0.912927,0.100000,0.020000,1,0.749430
5.402763,31.798965,0.294472,-56.306526,70.074509,25.528931,-3514.157227,4553.695801,1524.700928,0.415649,0.575667,0.704162,0.100000,0.020000,1,0.035762
6.055626,31.678572,-1.084241,168.871704,-52.132668,-192.326355,13375.975586,-3645.145996,-15387.511719,0.407018,0.603144,-0.685968,0.100000,0.020000,1,0.085070
5.591377,31.814072,-0.009848,-85.187157,-13.279930,58.847885,-5166.898438,-359.692932,3971.698242,0.340964,0.926451,-0.159475,0.100000,0.020000,1,0.829558
5.493305,32.027184,0.194535,113.496269,-105.578506,-70.522095,6944.350586,-5279.380371,-3667.552002,0.341292,0.939829,0.015552,0.100000,0.020000,1,0.349729
5.224361,31.925735,-0.047477,66.982742,-288.705383,-130.504715,3771.237061,-17852.404297,-6851.066895,0.371956,0.379315,-0.847212,0.100000,0.020000,1,0.803881
4.509151,32.060749,-1.409488,-248.049637,155.984009,-364.633453,-8822.358398,2340.000488,-12366.364258,0.343820,0.772528,-0.533843,0.100000,0.020000,1,0.019871
5.408800,31.952845,0.291064,-62.787399,-108.667267,-128.746582,-4292.328125,-5980.514648,-7911.198730,0.335600,0.775292,0.535066,0.100000,0.020000,1,0.160324
5.502235,31.638210,-0.085111,-6.491249,3.884380,-68.017029,-617.139160,-151.787552,-4010.475342,0.267384,0.901119,-0.341306,0.100000,0.020000,1,0.420124
5.601250,31.819450,0.015925,-7.461569,21.337276,231.329666,-324.868103,1744.151001,14249.518555,0.263955,0.938204,0.223835,0.100000,0.020000,1,0.127457
7.372958,32.906509,-0.878813,541.341064,335.568359,-312.239441,17035.792969,9727.780273,-9866.529297,0.213711,0.892009,0.398305,0.100000,0.020000,1,0.246022
5.716421,32.043880,-0.307227,62.862457,61.069153,-0.512663,4870.771484,4883.154297,-96.403969,0.221330,0.725130,-0.652073,0.100000,0.020000,1,0.546892
5.550040,31.918316,0.275131,-339.412079,133.784668,287.308716,-21524.781250,8856.759766,18243.869141,0.085399,0.826455,0.556487,0.100000,0.020000,1,0.486426
5.315013,31.701612,0.576276,75.413208,-13.757046,66.334702,3955.056152,-1452.973267,5247.602539,0.134571,0.680348,0.720429,0.100000,0.020000,1,0.794005
5.601448,31.856562,0.141746,68.508797,-28.681984,-273.573730,4102.359375,-1616.486084,-17039.974609,-0.003773,0.980864,0.194656,0.100000,0.020000,1,0.885700
6.267792,31.561337,-0.008514,230.872925,-99.142838,39.443886,17113.025391,-7296.856445,2708.688232,-0.010489,0.990644,-0.136067,0.100000,0.020000,1,0.989407
5.186284,31.814470,0.553265,11.344045,-1.790537,-50.098038,299.826782,-416.471771,-2551.875244,0.346550,0.228962,0.909659,0.100000,0.020000,1,0.056101
5.610604,31.902803,-0.189135,5.718729,-5.498059,4.116720,420.177338,-39.935596,442.933624,0.039052,0.853046,-0.520371,0.100000,0.020000,1,0.539988
5.348608,32.122089,0.402838,-34.296875,-338.110107,-26.246407,-2205.082031,-20310.521484,-1633.435059,0.271918,0.372129,0.887457,0.100000,0.020000,1,0.673073
5.893011,31.363953,-0.152780,138.359787,-59.952866,43.650948,10634.588867,-5870.285645,3664.767578,0.188198,0.529040,-0.827465,0.100000,0.020000,1,0.714499
4.644807,31.982430,1.262247,-142.519974,179.013153,261.295685,-15248.141602,-10752.972656,11906.357422,-0.055722,0.998446,0.000719,0.100000,0.020000,1,0.623088
5.526940,31.963871,-0.107501,52.180183,-27.739620,-13.904255,2683.085205,-1323.412476,-760.906250,-0.118848,0.945695,-0.302549,0.100000,0.020000,1,0.062080
5.437140,31.825993,-0.506312,6.373231,9.329414,-39.637115,-196.044617,353.735138,-3392.233643,-0.033115,0.754801,-0.655118,0.100000,0.020000,1,0.548814
4.146646,34.392555,0.370884,-407.243561,798.667969,117.673141,-7356.234375,29437.816406,4147.708008,-0.151959,0.924150,0.350507,0.100000,0.020000,1,0.558245
4.839188,33.734100,2.119161,-142.250580,545.025757,464.827087,-13512.570312,19791.585938,33157.777344,0.163318,0.454594,0.875598,0.100000,0.020000,1,0.267838
5.220928,31.956505,-0.082110,-14.604759,11.687355,46.007446,-2071.643066,987.371643,4072.175537,0.052376,0.587035,-0.807866,0.100000,0.020000,1,0.317592
5.454249,31.715906,-0.182921,0.399298,11.274781,-33.973392,-840.823853,-150.431641,-1990.425415,-0.210592,0.845355,-0.490944,0.100000,0.020000,1,0.569669
5.736560,31.834146,0.314438,10.362421,-15.236931,59.078171,689.548584,-1477.743408,4716.629395,-0.360863,0.916147,0.174504,0.100000,0.020000,1,0.929261
5.753123,32.009869,0.055992,-36.864014,14.775635,-60.533585,-2239.530273,1144.906372,-3360.320801,-0.368906,0.921539,-0.121139,0.100000,0.020000,1,0.628587
6.477790,33.218151,0.548908,226.421295,230.131348,144.732300,17395.744141,19788.544922,11337.101562,-0.372265,0.926813,0.049373,0.100000,0.020000,1,0.982503
5.541648,32.009846,0.326406,3.184647,-4.327504,0.089982,64.250343,32.989307,4.212223,-0.121134,0.672697,0.729936,0.100000,0.020000,1,0.651880
5.550498,32.041161,0.218841,103.229294,108.993698,104.108299,6076.561035,7255.935547,6460.417969,-0.253934,0.796874,0.548187,0.100000,0.020000,1,0.175271
5.198500,31.662756,0.170441,14.970594,71.516182,37.512291,-7429.904297,-6927.987793,1322.518555,-0.369829,0.870765,-0.324029,0.100000,0.020000,1,0.518350
5.762170,31.835606,0.002874,-160.697083,105.063507,184.608765,-9932.826172,5865.334961,10942.318359,-0.447688,0.806524,0.386128,0.100000,0.020000,1,0.560167
5.569401,32.260334,0.255312,-57.915695,-260.827087,270.006256,-3864.514648,-15401.872070,16824.638672,-0.303390,0.660229,0.687061,0.100000,0.020000,1,0.000190
5.530833,32.134007,-0.315725,45.007851,-47.968681,16.427414,2444.677002,-2539.437256,984.804504,-0.330859,0.656971,-0.677437,0.100000,0.020000,1,0.041171
5.422440,31.720894,0.551865,-57.240196,47.300835,-380.417969,-3864.044189,2016.128784,-23336.849609,-0.028782,0.489102,0.871751,0.100000,0.020000,1,0.449894
5.622311,32.171959,-0.164061,9.917589,-16.990572,-17.695311,316.949951,-603.193054,-915.812683,-0.498977,0.725492,-0.474007,0.100000,0.020000,1,0.006507
5.892179,32.062374,-0.425496,92.667328,4.829189,-27.499580,7242.313965,582.146545,-2021.570435,-0.205466,0.566913,-0.797743,0.100000,0.020000,1,0.338945
5.661899,32.441685,-0.678595,8.345703,151.058533,-270.407501,5988.488281,3804.401855,-579.968750,-0.633810,0.772724,0.034398,0.100000,0.020000,1,0.890345
5.476666,33.145912,1.788471,-53.993790,260.264160,436.982056,-4253.921875,20932.914062,34047.648438,-0.490865,0.684248,0.539311,0.100000,0.020000,1,0.498598
5.451210,32.237988,-0.068003,-190.647583,-16.670349,100.711090,-13247.216797,-489.342682,5715.166016,-0.635670,0.747916,0.191165,0.100000,0.020000,1,0.693057
5.916108,32.421646,0.066644,87.214371,95.540054,60.961014,6228.179199,7263.416504,4398.325195,-0.678823,0.719772,-0.145357,0.100000,0.020000,1,0.350743
5.790752,32.346989,-0.130847,32.094368,18.235962,5.008059,2315.275391,2039.131958,384.325623,-0.664229,0.671355,-0.328760,0.100000,0.020000,1,0.982947
5.581933,32.182198,-0.318751,4.121173,-5.077166,-2.510217,0.519125,-9.112168,-292.752472,-0.514879,0.570063,-0.640257,0.100000,0.020000,1,0.924030
5.580422,31.736628,0.256173,-24.019985,-127.304062,24.387253,-2073.464111,-9818.840820,1964.744385,-0.705029,0.619682,0.344858,0.100000,0.020000,1,0.465233
5.487606,32.253960,-0.185323,2.411402,-58.348457,5.761205,-670.368103,-3392.773193,452.992157,-0.703665,0.540041,-0.461747,0.100000,0.020000,1,0.448897
5.502918,32.160305,-0.400751,4.899093,-15.750397,17.748314,57.908283,-621.888916,960.718567,-0.343743,0.475240,-0.809931,0.100000,0.020000,1,0.518225
5.550924,32.174469,0.120218,28.534382,53.235031,242.418915,1496.985352,3527.970459,14528.793945,-0.535039,0.499028,0.681692,0.100000,0.020000,1,0.614387
5.616640,32.076057,0.223748,-107.507095,-38.226616,54.769890,-6963.679199,-2910.207520,3378.769043,-0.688960,0.481548,0.541707,0.100000,0.020000,1,0.877444
5.874873,32.672199,-0.382604,52.977600,66.584259,-72.587418,4021.818115,5937.731934,-6234.820801,-0.868862,0.494207,0.028957,0.100000,0.020000,1,0.485110
6.261810,31.584303,-1.146201,205.877533,-249.383759,-332.506042,5381.842773,-5508.219727,-8853.700195,-0.866807,0.473550,-0.156197,0.100000,0.020000,1,0.654638
5.571379,32.355087,0.132327,21.501234,-5.400876,-18.463316,847.395508,-24.309027,-963.658630,-0.882709,0.430783,0.187750,0.100000,0.020000,1,0.850129
5.328292,31.763393,0.170566,-53.935791,34.136280,168.793243,-4152.820312,1011.948181,9717.414062,-0.209684,0.422296,0.881872,0.100000,0.020000,1,0.374392
5.700725,32.318810,0.119414,-161.535217,79.573563,43.512199,-10060.555664,5201.077148,2558.066895,-0.843983,0.390692,0.367495,0.100000,0.020000,1,0.921503
5.381135,32.644089,-0.366638,-48.729141,59.455460,-43.572662,-4301.782715,5242.543945,-3723.275879,-0.872471,0.386565,-0.298936,0.100000,0.020000,1,0.303498
5.449105,32.309635,0.430672,110.065582,-221.200623,-196.856750,6629.405273,-13051.805664,-12241.330078,-0.330053,0.381389,0.863486,0.100000,0.020000,1,0.683839
5.144802,31.944483,0.134576,47.799965,-12.732208,54.216560,1139.839478,-2059.531738,5213.792480,-0.691209,0.300778,-0.657087,0.100000,0.020000,1,0.208493
5.401666,32.292461,-0.223688,23.665169,-1.194592,40.775391,570.258850,-127.679947,2534.443359,-0.834730,0.272219,-0.478667,0.100000,0.020000,1,0.799984
5.619087,32.437412,0.171323,-221.021881,-163.031448,-533.909912,-13745.793945,-9456.940430,-34320.566406,-0.646943,0.267671,0.714015,0.100000,0.020000,1,0.918282
5.503180,32.420914,0.158500,-87.538086,23.905067,101.519165,-5936.060547,1925.823853,6122.461914,-0.835290,0.213444,0.506687,0.100000,0.020000,1,0.574616
5.865785,35.381199,-0.571939,119.094879,851.793701,-148.533020,2402.177490,30870.945312,-5403.159668,-0.975357,0.172875,-0.137086,0.100000,0.020000,1,0.152547
5.526860,32.480644,0.098871,6.542133,-40.697189,-45.614006,-0.549708,-2180.343750,-2542.543457,-0.984812,0.168737,0.040910,0.100000,0.020000,1,0.223921
5.800209,31.744072,-0.774764,107.555428,-152.758835,-108.395287,3362.346680,-4572.508789,-4538.396484,-0.498047,0.301518,-0.813041,0.100000,0.020000,1,0.691953
5.548167,32.291950,-0.007376,25.945511,-31.509949,13.198801,1387.056763,-2403.145752,400.131683,-0.967506,0.133104,0.214978,0.100000,0.020000,1,0.300847
3.951205,32.382881,0.314585,-298.756592,219.914017,90.664169,-12660.224609,2501.147949,5079.216309,-0.944491,0.047299,-0.325114,0.100000,0.020000,1,0.629601
5.496754,32.532276,0.237361,-143.047180,-32.803593,-311.189789,-9293.417969,-1540.364014,-19339.466797,-0.929276,0.029216,0.368230,0.100000,0.020000,1,0.134094
5.470246,32.107105,0.571300,14.213839,-37.010372,48.988960,720.191895,-2661.817871,3897.038818,-0.478049,0.236147,0.845993,0.100000,0.020000,1,0.419875
5.523964,32.351734,-0.251580,-76.989746,65.901688,-169.702789,-4896.865723,4226.816406,-10578.677734,-0.770557,0.073305,-0.633142,0.100000,0.020000,1,0.570683
5.367047,32.245377,0.454230,10.472772,2.798492,-91.739670,0.941520,-142.540939,-5151.321777,-0.735610,0.077803,0.672922,0.100000,0.020000,1,0.657094
5.669512,32.898296,-0.527038,60.218811,117.818710,-86.472244,4369.020508,9516.271484,-6794.231445,-0.886210,-0.011103,-0.463150,0.100000,0.020000,1,0.804682
5.440082,32.561512,0.045490,-4.231758,-28.023571,-18.722050,-636.850342,-1368.718140,-1007.507080,-0.994354,-0.105777,0.008477,0.100000,0.020000,1,0.655207
5.755343,33.496243,0.615326,103.581802,293.112000,108.806656,7578.340820,23049.849609,8502.961914,-0.862992,-0.068449,0.500560,0.100000,0.020000,1,0.194364
5.351333,32.883362,-0.020933,4.198531,68.848785,14.402336,-352.673889,6045.042480,1084.973755,-0.974957,-0.172160,-0.140783,0.100000,0.020000,1,0.581057
5.294164,32.917454,-1.037788,75.784943,288.880676,-321.971191,6432.900879,11706.184570,-12412.249023,-0.574751,0.099306,-0.812281,0.100000,0.020000,1,0.322806
3.726357,33.516571,1.097852,-568.702271,313.882965,340.708221,-20297.630859,9424.166992,10630.909180,-0.958739,-0.213865,0.187301,0.100000,0.020000,1,0.491231
5.153381,31.790257,-0.089518,-4.973461,-17.971153,-76.933029,1710.774414,-3182.500488,-3014.270020,-0.901224,-0.220747,0.372917,0.100000,0.020000,1,0.149896
5.277637,32.587730,-0.004526,103.319870,-89.530838,-158.095795,5766.593262,-5201.623535,-9473.525391,-0.927117,-0.248674,-0.280383,0.100000,0.020000,1,0.396172
7.139274,31.827423,-1.598096,455.538940,-194.480270,-468.836426,10864.308594,-5866.638672,-16527.753906,-0.751492,-0.152113,-0.641966,0.100000,0.020000,1,0.478526
5.430158,32.054577,-0.784535,82.149963,-125.347122,-296.441528,3067.364746,-3604.197510,-11587.716797,-0.843671,-0.281333,-0.457242,0.100000,0.020000,1,0.294263
5.404818,32.163475,0.489185,15.835653,-26.233971,16.421329,752.421326,-1951.492432,1469.344971,-0.500654,0.085512,0.861414,0.100000,0.020000,1,0.574171
5.193084,32.325878,0.242735,45.360260,-2.463431,47.655647,1918.458252,-376.033661,2724.838379,-0.696434,-0.183977,0.693637,0.100000,0.020000,1,0.836374
4.968832,32.500698,0.309990,-41.556366,3.375994,62.649399,-4285.960449,115.890900,5244.422852,-0.883729,-0.467990,0.002931,0.100000,0.020000,1,0.718200
5.331889,32.375420,-0.394880,10.898067,-40.620468,26.576653,265.871643,-2257.513672,1548.044800,-0.579437,-0.058811,-0.812892,0.100000,0.020000,1,0.917570
5.376490,32.799450,-0.138650,40.531654,59.352234,-48.058945,2633.295654,4925.450684,-3957.976562,-0.861179,-0.473655,0.184449,0.100000,0.020000,1,0.914189
5.425839,31.531500,0.206268,184.568161,-19.079697,61.608402,-1025.681641,-17153.689453,3120.688232,-0.854494,-0.506521,-0.115221,0.100000,0.020000,1,0.203582
4.803974,32.370514,-0.401515,-15.610199,-104.807686,-69.728363,-3323.713135,-6955.491211,-7087.845215,-0.752292,-0.378618,0.539171,0.100000,0.020000,1,0.960936
5.335065,32.376957,0.525438,30.095142,-36.949944,-235.708771,1561.961060,-2052.053711,-14207.135742,-0.570793,-0.099119,0.815089,0.100000,0.020000,1,0.786763
5.193516,32.694874,-0.055551,1.659250,-385.681763,-317.955994,-417.459015,-23565.347656,-19747.060547,-0.792666,-0.532689,-0.296519,0.100000,0.020000,1,0.409198
5.250184,32.514599,0.339265,46.099632,24.959579,-284.360962,2651.069580,1633.111694,-17181.500000,-0.770828,-0.533876,0.347564,0.100000,0.020000,1,0.866500
5.105645,32.150673,-0.560352,5.728210,23.017330,-103.132812,-623.520935,299.912567,-7680.281250,-0.678439,-0.384377,-0.626079,0.100000,0.020000,1,0.217337
5.272504,32.750992,-0.040615,40.824966,76.478424,44.449066,2494.222656,5961.365723,3487.151367,-0.707350,-0.540932,-0.455025,0.100000,0.020000,1,0.481871
5.020121,32.921131,0.917256,-39.055550,128.723068,205.685013,-1398.985229,4032.731934,6315.290039,-0.663837,-0.547135,0.509866,0.100000,0.020000,1,0.115232
5.455697,34.213444,-0.584262,105.087006,476.565643,-148.227203,4036.623047,12227.896484,-6725.395508,-0.556481,-0.266252,-0.787044,0.100000,0.020000,1,0.046883
5.707913,32.849571,1.105895,125.841156,95.552124,204.303772,9615.521484,7866.295898,16255.909180,-0.605683,-0.422505,0.674268,0.100000,0.020000,1,0.744216
5.119258,32.501026,-0.137275,-46.603233,111.882217,72.556686,-3397.713135,6983.656250,4264.825684,-0.693969,-0.706604,-0.138267,0.100000,0.020000,1,0.091992
5.072109,32.541962,0.070404,22.311859,-6.880244,-25.442627,803.902161,-351.792419,-1339.530884,-0.682902,-0.730359,0.014854,0.100000,0.020000,1,0.457012
3.511070,33.874855,-0.241887,-528.117615,469.164551,-103.703423,-17915.197266,14283.320312,-3163.386230,-0.630091,-0.721889,-0.286113,0.100000,0.020000,1,0.253193
5.180508,32.568485,0.102518,-106.638824,-63.186012,-34.256889,-6807.942871,-3738.957031,-2117.709229,-0.635691,-0.744180,0.205165,0.100000,0.020000,1,0.270828
4.939237,32.468033,0.131777,-8.265919,13.655497,-2.508926,-1533.762817,787.941833,-251.432175,-0.571944,-0.744621,0.344122,0.100000,0.020000,1,0.658055
5.068789,32.342899,0.349768,13.357570,3.394564,-37.560730,173.209564,-84.356071,-2121.962158,-0.508878,-0.566362,0.648288,0.100000,0.020000,1,0.596539
5.190401,32.347202,-0.352144,-18.428707,-33.127464,64.548775,-1308.689331,-2388.552979,3792.237305,-0.510872,-0.578556,-0.635832,0.100000,0.020000,1,0.928389
5.248137,32.393505,0.589495,-216.583588,-522.546753,-273.829895,-13984.874023,-32655.435547,-16406.070312,-0.457697,-0.269217,0.847370,0.100000,0.020000,1,0.184737
4.999972,32.498310,-0.225408,0.289419,4.578098,-2.677433,-599.737122,491.334137,-249.767227,-0.464452,-0.756540,-0.460359,0.100000,0.020000,1,0.353626
5.369051,32.442158,0.035653,46.164429,8.417706,-6.152306,3829.251953,550.789124,-1191.931152,-0.445450,-0.736396,0.509210,0.100000,0.020000,1,0.433007
4.139023,32.274445,0.640358,-180.312653,174.991730,104.835945,-7004.750977,-4389.486328,5924.770508,-0.423714,-0.887500,0.181133,0.100000,0.020000,1,0.159238
4.700975,32.086857,-0.209346,75.830055,-2.309940,409.833435,3182.131348,-1758.413330,25231.519531,-0.421753,-0.897788,-0.126888,0.100000,0.020000,1,0.299032
5.189198,32.370033,-0.312933,0.189587,-11.055134,-20.260426,-275.106079,-601.816833,-1096.422729,-0.428107,-0.426842,-0.796574,0.100000,0.020000,1,0.528137
4.807736,32.600666,-0.108083,-17.290222,32.876106,-23.809029,-2197.764893,2621.552002,-2005.250000,-0.400435,-0.915924,0.027121,0.100000,0.020000,1,0.362078
5.089597,32.431469,-0.154522,25.433453,3.532046,-1.157584,1674.147339,171.456818,-130.627670,-0.355194,-0.880330,-0.314414,0.100000,0.020000,1,0.917357
5.185884,32.340855,0.361190,3.093966,0.060165,2.747283,-119.294510,64.976349,130.493057,-0.395635,-0.393588,0.829796,0.100000,0.020000,1,0.092579
4.839247,32.221428,0.296658,-12.353359,23.597765,10.818790,-1724.631592,627.640076,1227.575562,-0.316478,-0.872815,0.371533,0.100000,0.020000,1,0.072685
5.545088,32.810966,0.834855,213.323105,195.022888,195.280457,6713.704102,4946.907227,3045.522949,-0.356437,-0.543253,-0.760150,0.100000,0.020000,1,0.003838
5.123740,32.184826,-0.017405,-258.683411,-109.615753,-331.669434,-16290.212891,-7782.711914,-19894.646484,-0.317634,-0.738195,-0.595127,0.100000,0.020000,1,0.570345
5.120848,32.325912,-0.322383,29.969994,-11.951298,-19.385475,2150.434082,-1061.117065,-1700.512451,-0.258005,-0.846750,-0.465240,0.100000,0.020000,1,0.516250
4.941079,32.495060,0.080202,-116.341400,-230.596695,-439.830048,-7528.486816,-14181.907227,-27448.294922,-0.172179,-0.985001,0.011255,0.100000,0.020000,1,0.405639
5.216009,32.386280,0.343247,-20.565281,-78.456451,-98.786346,-826.837036,-4801.624023,-6058.359863,-0.229822,-0.703895,0.672097,0.100000,0.020000,1,0.083344
4.986555,32.364010,0.203243,-8.100908,-6.156170,6.596583,-742.254395,-395.763336,283.663910,-0.176169,-0.832693,0.524964,0.100000,0.020000,1,0.759110
4.774811,32.405930,0.104210,79.151276,-47.208527,-29.386799,4158.111816,-2893.591553,-1757.924805,-0.123034,-0.975767,0.180944,0.100000,0.020000,1,0.211127
4.622690,32.576874,-0.444606,-6.428234,41.452385,-35.795570,-1842.937256,3445.736816,-3818.777832,-0.099442,-0.982153,-0.159644,0.100000,0.020000,1,0.433897
4.762468,33.029888,-0.357522,-31.217583,170.333344,-43.704079,-2837.462646,13564.551758,-3668.243896,-0.065569,-0.947677,-0.312424,0.100000,0.020000,1,0.370851
4.910994,32.340256,0.127049,0.951367,9.999086,3.170667,-186.309647,569.060852,133.242645,-0.062686,-0.945487,0.319569,0.100000,0.020000,1,0.124574
5.122991,32.273003,0.394299,-4.313179,5.902910,-7.449430,-521.934143,260.881378,-379.388000,-0.245525,-0.497044,0.832265,0.100000,0.020000,1,0.565505
4.753759,31.949982,-0.367632,21.478506,-3.171768,19.126120,213.115448,-1741.991089,792.753174,-0.074297,-0.796791,-0.599670,0.100000,0.020000,1,0.436548
5.108468,32.360729,-0.377787,-212.372803,-8.138208,123.664673,-13389.939453,-280.150726,7634.166504,-0.151826,-0.641232,-0.752177,0.100000,0.020000,1,0.149807
6.541960,34.336395,1.204094,542.994202,637.949768,410.851318,11744.364258,41495.296875,10410.848633,0.005402,-0.898507,-0.438926,0.100000,0.020000,1,0.540379
4.848759,32.628864,0.283392,-14.585140,63.633591,-3.283705,-1674.896851,5433.419922,-249.202332,-0.025682,-0.754778,0.655477,0.100000,0.020000,1,0.719748
4.751003,32.255013,0.033974,43.526398,-17.778721,-22.090771,2134.631104,-1275.341919,-1277.136963,0.144597,-0.989402,0.013218,0.100000,0.020000,1,0.291273
4.942276,32.242619,0.201224,-20.714466,0.917225,9.080910,-1380.741455,-100.184380,488.038422,0.082422,-0.864958,0.495029,0.100000,0.020000,1,0.251467
4.748415,32.239048,0.152591,30.991608,-11.555637,-34.069599,1329.128662,-902.786072,-1815.245117,0.163117,-0.973273,0.161657,0.100000,0.020000,1,0.792012
4.871917,32.427910,-0.159549,19.325386,47.896301,-20.815315,1142.504883,3685.413574,-1742.783813,0.193284,-0.972870,-0.127140,0.100000,0.020000,1,0.879063
4.657504,32.231190,-0.004266,-25.069962,22.542717,-36.002037,-2617.496826,1389.147949,-2953.684082,0.227069,-0.907021,0.354615,0.100000,0.020000,1,0.594724
4.733490,32.243847,-0.011249,-72.917206,-143.380707,-22.318140,-5269.306641,-9026.659180,-924.787354,0.245002,-0.927047,-0.283827,0.100000,0.020000,1,0.957288
4.902405,32.460846,0.782730,-42.975731,60.066162,104.467682,-3606.170654,4622.770020,8330.389648,-0.091085,-0.564539,0.820365,0.100000,0.020000,1,0.899936
4.581927,32.747971,-0.341647,-116.156097,122.616943,14.156544,-9276.162109,9840.712891,863.055176,0.029393,-0.664304,-0.746885,0.100000,0.020000,1,0.509221
4.431437,32.195473,-0.990114,-176.763580,129.282928,-270.807526,-10373.947266,6211.951660,-13285.529297,0.138466,-0.765563,-0.628283,0.100000,0.020000,1,0.039641
4.883313,32.229118,0.313184,16.749002,-12.001858,-6.272757,632.800720,-691.880249,-321.815491,0.167664,-0.732326,0.659990,0.100000,0.020000,1,0.131603
4.909842,32.315849,-0.215179,7.173340,55.572998,-29.646385,440.387451,4052.293701,-1881.497070,0.311795,-0.822762,-0.475234,0.100000,0.020000,1,0.013305
4.980755,32.069431,-0.312650,-515.249084,-509.041504,458.511871,-31976.970703,-32489.179688,27568.345703,0.448142,-0.893251,0.035665,0.100000,0.020000,1,0.581289
5.276658,31.786423,0.280753,-298.558472,179.092255,-18.022652,-17315.873047,9727.666992,-878.811951,0.353088,-0.797731,0.488829,0.100000,0.020000,1,0.945863
4.600011,32.008293,-0.577487,-14.615904,43.801422,-204.398544,-2333.878906,-2597.154785,-3548.750000,0.480040,-0.853478,0.202822,0.100000,0.020000,1,0.386777
4.869140,32.112659,-0.054383,-387.268097,-66.580856,-61.223801,-24369.384766,-4281.783691,-3819.510498,0.488316,-0.860447,-0.145530,0.100000,0.020000,1,0.094430
4.099051,32.297523,-1.425986,-115.660126,116.851379,-334.036011,-12399.506836,10.231934,-13258.064453,0.520666,-0.796371,-0.307733,0.100000,0.020000,1,0.283390
3.254475,33.751148,0.319758,-509.437744,464.294861,-33.134956,-16734.937500,13066.915039,-3018.158691,0.522774,-0.774052,0.357142,0.100000,0.020000,1,0.510894
5.013584,32.333141,-0.685658,19.610405,35.762550,-76.325211,1273.207886,3020.785889,-6283.181641,0.252028,-0.613623,-0.748297,0.100000,0.020000,1,0.103986
4.867558,32.121811,-0.310009,6.725194,63.539894,243.150543,118.885841,4054.663818,15203.385742,0.406075,-0.675654,-0.615301,0.100000,0.020000,1,0.216145
4.864972,32.030277,-0.288157,1.043601,8.588049,-21.171249,-25.228863,333.449646,-1737.293457,0.532001,-0.729802,-0.429377,0.100000,0.020000,1,0.513990
4.474553,32.215797,0.822730,-86.261230,69.039421,117.036865,-7921.395020,4498.929199,9272.755859,0.114507,-0.545762,0.830080,0.100000,0.020000,1,0.045904
4.653608,32.020275,0.143443,7.347374,8.765977,18.942699,-336.580353,511.100891,1749.571899,0.674814,-0.737586,0.024347,0.100000,0.020000,1,0.785553
4.107581,32.384808,-0.322323,-246.544525,147.957764,-137.784851,-19127.693359,10536.945312,-11298.817383,0.402638,-0.622886,0.670743,0.100000,0.020000,1,0.488241
4.938979,32.017715,0.275008,-33.818199,6.120448,-23.063992,-2003.997070,245.386978,-1265.756348,0.555130,-0.654929,0.512737,0.100000,0.020000,1,0.964441
5.185740,32.694305,0.258417,174.362259,187.898560,5.256639,6313.723633,4972.294922,-684.802612,0.704000,-0.695587,-0.143327,0.100000,0.020000,1,0.381670
4.724374,32.421745,-0.234819,-11.583118,97.105103,-53.114929,-1288.350220,7891.843262,-4694.904297,0.711834,-0.675324,0.192952,0.100000,0.020000,1,0.721207
4.708668,32.346085,0.214676,-49.898621,48.057083,-34.864937,-4496.551270,3957.231201,-2806.315918,0.262816,-0.534459,0.803294,0.100000,0.020000,1,0.984282
4.495539,32.339725,-0.901557,-130.727051,143.611023,-239.640320,-5843.906250,5324.788086,-8152.436035,0.719189,-0.627958,-0.297380,0.100000,0.020000,1,0.459894
4.704656,32.039555,0.171234,-26.029305,4.003968,3.381338,-2411.072754,446.199860,463.407715,0.740141,-0.589653,0.323266,0.100000,0.020000,1,0.645758
4.618840,32.166248,0.460360,-55.818192,28.018585,28.718262,-4900.251953,2380.019775,2559.162598,0.557175,-0.541709,0.629371,0.100000,0.020000,1,0.966719
4.101589,32.296059,0.892435,-159.005783,145.798141,325.489014,-11718.971680,-3399.614258,10617.813477,0.569179,-0.544341,-0.616220,0.100000,0.020000,1,0.675191
4.825818,31.972761,-0.211161,45.577919,-43.518082,22.621960,2548.654297,-2702.262939,1362.475464,0.717208,-0.543031,-0.436727,0.100000,0.020000,1,0.948052
6.102136,32.632046,-1.582705,363.433533,168.364899,-372.698853,11099.283203,4958.732422,-11225.225586,0.394051,-0.498519,-0.772141,0.100000,0.020000,1,0.873333
4.869809,32.021835,0.103983,-5.644020,-32.882465,-10.950306,-567.378540,-1785.405884,-1171.532227,0.713242,-0.502107,0.489054,0.100000,0.020000,1,0.883387
3.577227,32.803715,0.376368,-329.492249,247.768951,63.496552,-26676.423828,17006.976562,10377.863281,0.427609,-0.464825,0.775299,0.100000,0.020000,1,0.440552
4.304903,32.493332,-1.076305,-77.556122,127.298340,-298.806763,-7404.563477,10591.428711,-22847.818359,0.857882,-0.435261,-0.273105,0.100000,0.020000,1,0.514559
2.961352,32.954372,1.569963,-488.439453,338.962219,382.945312,-28387.777344,4755.061523,18437.189453,0.880297,-0.433138,0.193567,0.100000,0.020000,1,0.606842
6.208385,31.079699,-0.780362,401.147858,-178.029434,-263.678650,7276.304688,-15040.289062,-10049.228516,0.894065,-0.433768,-0.111770,0.100000,0.020000,1,0.159345
5.031310,31.770231,0.054528,75.597092,-42.404312,74.272598,5346.635742,-3078.635254,4887.130859,0.899966,-0.435686,0.015439,0.100000,0.020000,1,0.219615
5.477248,31.766529,-0.680534,113.726837,-27.200882,-85.446381,9346.576172,-2398.478516,-7143.920898,0.703193,-0.404824,-0.584498,0.100000,0.020000,1,0.292163
5.006068,31.852625,-0.137329,10.138493,10.310955,-62.494385,968.262390,621.255371,-5147.059570,0.867336,-0.367236,0.335954,0.100000,0.020000,1,0.711527
5.263153,33.305878,0.650416,82.530807,400.842773,154.258575,6337.502441,31111.125000,11318.658203,0.693267,-0.317913,0.646771,0.100000,0.020000,1,0.422989
4.933316,31.977631,-0.507393,-6.448034,6.416190,-23.647675,-778.045593,459.343109,-2195.099365,0.557500,-0.338659,-0.757960,0.100000,0.020000,1,0.747864
4.806985,31.888796,-0.253287,71.478241,-1.034729,-113.771179,666.909912,-8538.812500,-7255.121582,0.854869,-0.256283,-0.451131,0.100000,0.020000,1,0.398770
5.031651,31.925240,0.243612,-103.868286,-128.664856,55.156357,-6377.948242,-7724.881836,3565.670654,0.838068,-0.220068,0.499212,0.100000,0.020000,1,0.517015
4.933015,31.816032,-0.026767,83.192299,-47.546551,75.441368,5011.571777,-3007.652588,4591.638672,0.983884,-0.174129,0.040629,0.100000,0.020000,1,0.872675
5.474710,31.503284,0.660454,160.126205,-91.657845,181.528214,12053.937500,-7239.974609,14454.997070,0.979238,-0.170795,-0.109184,0.100000,0.020000,1,0.878725
5.097120,31.765615,0.223055,-90.738770,-38.313759,-96.076462,-5229.929688,-2399.717773,-5446.742676,0.974580,-0.148117,0.168095,0.100000,0.020000,1,0.063112
4.967351,31.972284,0.486240,-4.072832,5.461783,18.164478,-577.843933,364.661255,1689.146606,0.523386,-0.303651,0.796155,0.100000,0.020000,1,0.589296
5.220066,32.270538,0.004521,54.154861,110.258301,28.815269,4380.842773,9064.226562,2370.509277,0.949018,-0.135108,-0.284798,0.100000,0.020000,1,0.522033
5.259164,32.328392,-0.248689,52.372696,165.893585,29.728939,4393.577148,12828.004883,244.108917,0.941311,-0.115757,0.317070,0.100000,0.020000,1,0.026526
5.049927,31.914291,0.244444,-64.014389,-54.822098,54.362663,-4001.077393,-3137.121582,3261.672852,0.758599,-0.137921,0.636793,0.100000,0.020000,1,0.294743
4.985020,31.941017,-0.376603,-19.065231,-167.692719,201.913086,-1433.656982,-10093.263672,12312.700195,0.782969,-0.120655,-0.610247,0.100000,0.020000,1,0.723449
5.583178,31.481352,-0.812813,117.102570,-55.278732,-105.136703,9601.491211,-5192.070801,-8650.530273,0.648696,-0.181823,-0.739008,0.100000,0.020000,1,0.641826
4.993870,31.780897,0.051028,242.689896,-133.751404,-147.351318,13792.454102,-11217.033203,-8475.315430,0.906987,-0.007382,-0.421095,0.100000,0.020000,1,0.578050
5.068009,31.738094,0.061006,-1.512172,1.683444,-49.282082,-235.414719,-52.204918,-2908.068359,0.997247,0.074103,0.002558,0.100000,0.020000,1,0.414696
6.437296,30.947535,-1.215619,355.661377,-133.567917,-319.525543,5894.088867,-17939.906250,-15252.672852,0.867814,0.019033,0.496525,0.100000,0.020000,1,0.236395
5.182800,31.838484,0.263043,-200.617538,-4.985910,284.121857,-12222.904297,-543.876282,17577.082031,0.610330,-0.146992,0.778390,0.100000,0.020000,1,0.200717
4.744326,31.924974,0.438549,-114.551056,66.876755,133.539398,-8821.626953,4921.604004,10552.651367,0.982609,0.123114,-0.139007,0.100000,0.020000,1,0.376634
2.437984,33.256538,-2.562567,-699.876953,489.529236,-710.305786,-37104.542969,4042.940430,-29513.310547,0.973371,0.122303,0.193883,0.100000,0.020000,1,0.945970
5.348642,31.902674,-0.865068,61.092751,44.506165,-140.090576,4886.887695,3393.630859,-11363.404297,0.808179,0.068350,-0.584957,0.100000,0.020000,1,0.944369
6.230684,32.746998,-0.794850,294.354858,254.948792,-148.488525,23270.638672,20543.736328,-12177.464844,0.942888,0.186068,-0.276299,0.100000,0.020000,1,0.568370
7.088922,30.752083,0.961925,584.872437,-282.899841,225.113312,24171.552734,-12304.263672,15369.561523,0.920108,0.197806,0.338044,0.100000,0.020000,1,0.310990
5.721158,31.360998,-0.129008,185.376556,-98.791725,57.894638,15609.199219,-10679.107422,9171.806641,0.661855,-0.026999,-0.749145,0.100000,0.020000,1,0.253247
5.311405,32.687019,-0.095454,51.662571,277.564697,13.898071,-488.275146,14820.142578,7032.101074,0.772423,0.085579,0.629316,0.100000,0.020000,1,0.346632
5.204937,31.659039,-0.374801,-27.334084,19.035259,-88.992325,-1967.216309,475.737793,-3324.592285,0.872013,0.243615,-0.424553,0.100000,0.020000,1,0.178367
5.519823,31.477240,-0.071491,95.437447,-54.473072,-23.180605,6846.604004,-4095.247803,-3180.456543,0.936131,0.351636,0.003323,0.100000,0.020000,1,0.502673
4.128222,32.280682,1.870822,-281.605835,205.406586,467.419373,831.574219,-9166.563477,24002.562500,0.844325,0.270050,0.462804,0.100000,0.020000,1,0.141461
5.107107,32.113564,0.299274,-0.982377,39.890045,-7.298330,-185.615677,3688.058594,-649.399536,0.637704,0.036312,0.769425,0.100000,0.020000,1,0.931201
5.871420,31.274244,0.730162,187.629944,-91.424065,164.036423,7373.766113,-7994.961426,18691.353516,0.894345,0.414228,0.169005,0.100000,0.020000,1,0.136354
7.843360,30.135746,-0.490944,696.553589,-347.485229,-98.642151,32815.378906,-30101.250000,-7655.982910,0.899087,0.417146,-0.132781,0.100000,0.020000,1,0.824576
5.886007,31.265823,2.147268,238.607834,-137.669144,629.465698,3572.294678,-2098.091064,30587.228516,0.856063,0.426709,-0.291677,0.100000,0.020000,1,0.007984
5.530836,31.470879,1.057811,113.876808,-29.284601,200.369751,-987.272461,-6808.365723,11609.003906,0.849459,0.427778,0.308911,0.100000,0.020000,1,0.642644
7.282582,31.482931,-1.114676,563.788940,-51.464390,-271.643768,36994.582031,-456.596954,-15608.358398,0.730411,0.308609,-0.609311,0.100000,0.020000,1,0.838331
5.240355,31.736217,-0.230751,71.250198,-49.921432,74.367203,4510.299805,-2871.485352,4530.148926,0.794877,0.430279,-0.427820,0.100000,0.020000,1,0.340991
5.026413,31.790186,-0.756106,-12.900078,15.955765,-43.890610,-1510.275269,1035.760498,-4563.042969,0.652097,0.201804,-0.730784,0.100000,0.020000,1,0.825804
5.158327,31.856422,0.259385,-7.696081,-102.500748,-75.073151,-732.174744,-5939.508301,-4821.602051,0.715020,0.315696,0.623765,0.100000,0.020000,1,0.811230
4.528247,32.049725,0.591908,-212.023163,140.536682,224.704132,-9576.720703,1833.395630,-3793.049316,0.803425,0.595269,0.012769,0.100000,0.020000,1,0.377203
3.387459,33.030521,-1.000078,-509.066284,294.955811,-165.012054,-22305.980469,29662.421875,-14139.179688,0.497811,-0.069565,-0.864491,0.100000,0.020000,1,0.105000
5.521615,31.621649,0.134001,-127.480423,-44.196457,76.549026,-7020.905273,-3004.561768,4528.727051,0.736980,0.493962,0.461369,0.100000,0.020000,1,0.594955
4.678343,32.104153,-0.032443,-163.103180,103.091675,-43.093369,-12902.768555,8490.049805,-3212.000977,0.779042,0.597336,0.190483,0.100000,0.020000,1,0.426369
4.887844,31.901632,0.052019,-108.629639,67.309280,-117.228424,-8195.262695,4672.053223,-8625.024414,0.602158,0.206197,0.771290,0.100000,0.020000,1,0.841819
5.670785,33.044186,0.449328,64.272293,455.101898,179.469757,5578.040039,11659.492188,1462.750977,0.747791,0.646640,-0.150551,0.100000,0.020000,1,0.873689
5.337494,31.849798,0.099526,62.701439,35.274784,115.206116,1161.703247,1482.487305,4232.828613,0.664684,0.479587,-0.572880,0.100000,0.020000,1,0.383129
5.231416,31.692648,0.406173,-17.882172,12.574593,56.842056,-1532.648438,975.307434,4652.943848,0.710650,0.617023,0.338023,0.100000,0.020000,1,0.550487
5.399472,31.803755,-0.217910,9.208595,23.113640,-7.627554,843.052124,2124.135254,-824.537354,0.707251,0.638555,-0.303387,0.100000,0.020000,1,0.045993
5.277406,32.467484,-0.531894,36.510727,221.964752,-244.111893,3602.544434,4859.009766,-9488.082031,0.556101,0.361858,-0.748204,0.100000,0.020000,1,0.312609
6.323147,31.198994,0.605635,233.037964,-276.563416,198.405792,10328.460938,-11602.221680,12538.645508,0.605739,0.641555,0.470625,0.100000,0.020000,1,0.198048
5.462285,31.793583,0.272782,-378.856781,-187.961548,85.235703,-23354.197266,-11602.946289,5307.587402,0.565807,0.509676,0.648146,0.100000,0.020000,1,0.954423
7.100179,31.327717,-1.081490,495.864319,-127.504120,-286.680481,17679.335938,-3424.897949,-6680.398438,0.589676,0.679742,-0.436156,0.100000,0.020000,1,0.811141
4.638743,32.891460,0.714995,-239.107086,343.165924,249.770340,-603.528320,16461.349609,2537.766846,0.603073,0.789101,-0.116718,0.100000,0.020000,1,0.881162
5.767673,32.499912,-0.029174,47.140739,190.279327,-35.912254,-14.348145,5348.617676,-1424.721191,0.579866,0.799618,0.156101,0.100000,0.020000,1,0.461603
6.159505,31.512310,0.597444,206.449066,-57.741615,166.415482,7044.083008,-1911.428223,6026.953125,0.582240,0.812812,0.018255,0.100000,0.020000,1,0.257286
5.308252,31.881886,0.297955,-6.539236,-52.202126,80.681473,-304.626831,-2941.225098,4860.383789,0.509723,0.341249,0.789767,0.100000,0.020000,1,0.428256
5.205718,31.874105,-0.450413,-21.768002,17.263672,30.730686,-1284.289795,1062.894043,1682.335693,0.492128,0.058303,-0.868568,0.100000,0.020000,1,0.143009
6.576088,31.677668,1.364812,336.671234,-2.615340,455.751862,10039.597656,122.190811,14126.876953,0.512183,0.804627,-0.300408,0.100000,0.020000,1,0.942732
5.378029,31.865391,-0.204300,29.411848,-74.632858,-43.765053,1765.011597,-4105.404297,-2529.333252,0.490110,0.649781,-0.581014,0.100000,0.020000,1,0.451673
6.082586,33.020226,-1.696041,260.000366,402.965027,-501.264954,18027.556641,5959.134766,-23441.269531,0.486188,0.815401,0.314232,0.100000,0.020000,1,0.735318
5.319350,31.940901,0.250003,-46.873405,-875.824890,233.772705,-3327.776367,-54424.191406,14647.559570,0.453500,0.643735,0.616395,0.100000,0.020000,1,0.984104
5.690742,31.543364,-0.046514,97.790192,-53.821838,62.829071,8081.112793,-4686.812988,5379.359863,0.476894,0.183825,-0.859523,0.100000,0.020000,1,0.455232
5.375464,31.737713,-0.428870,-32.451027,18.507298,64.146980,-2013.932251,1003.485657,3637.172852,0.433303,0.517456,-0.737894,0.100000,0.020000,1,0.760551
5.530201,31.724758,-0.192164,-86.492828,53.146294,17.416656,-5242.317383,3407.892334,1132.691895,0.401847,0.799141,-0.447093,0.100000,0.020000,1,0.453097
5.999200,31.975019,-0.072987,101.605133,52.480499,-24.837395,8347.253906,4504.236328,-1916.899170,0.364185,0.931028,0.023592,0.100000,0.020000,1,0.871482
5.401423,31.914602,0.370411,-30.793938,32.316818,107.047363,-2505.069336,2969.034180,8501.533203,0.360882,0.926665,-0.105146,0.100000,0.020000,1,0.619974
5.803176,31.313644,0.148148,168.938049,-20.407936,-93.505814,-721.157349,-15337.093750,-5642.824219,0.414840,0.485917,0.769280,0.100000,0.020000,1,0.773790
5.353546,31.653002,0.329184,41.781212,-21.974472,-108.426010,2074.416504,-1694.933594,-6370.229492,0.362791,0.797451,0.482135,0.100000,0.020000,1,0.665421
8.267916,29.890627,-0.895115,850.523987,-444.630432,-252.929062,24746.761719,-15086.139648,-14065.337891,0.335666,0.927748,0.163132,0.100000,0.020000,1,0.272589
5.632905,31.834461,-0.264585,-88.056854,-79.027710,148.262573,-5215.315918,-4514.025391,8774.112305,0.290301,0.915454,-0.278693,0.100000,0.020000,1,0.570808
5.345226,31.817633,-0.357926,22.912754,-12.719051,24.143349,1115.251587,-652.941162,1354.725830,0.349706,0.612271,-0.709105,0.100000,0.020000,1,0.371972
5.668365,31.391479,0.041027,60.810223,2.319572,-9.903193,1960.438721,-7071.193359,-2725.353271,0.274533,0.906317,0.321279,0.100000,0.020000,1,0.183260
5.613705,31.829208,-0.224508,-120.763046,-32.093418,18.433193,-7374.235840,-1706.142334,1004.499329,0.229788,0.879608,-0.416519,0.100000,0.020000,1,0.435587
5.021011,31.765230,-0.984914,-74.076630,63.295780,-373.018311,-3956.818604,-1430.676270,-15853.679688,0.250598,0.758298,-0.601819,0.100000,0.020000,1,0.051990
6.069937,31.980125,1.412398,177.218872,34.592827,321.722565,6061.404785,745.047241,13211.863281,0.245024,0.749838,0.614578,0.100000,0.020000,1,0.016561
5.954325,32.073658,0.203475,169.603638,43.407761,143.292053,13396.018555,3706.188965,11499.819336,0.392867,0.331255,-0.857861,0.100000,0.020000,1,0.648392
5.395611,31.551769,-0.098111,77.578232,-43.935982,161.297592,3920.257568,-3702.855713,9482.753906,0.092952,0.983657,0.154205,0.100000,0.020000,1,0.540397
5.582051,31.663019,0.260530,-102.657974,65.571861,-398.290527,-6685.303223,3671.456299,-23790.292969,0.089227,0.986164,-0.139713,0.100000,0.020000,1,0.394873
5.641196,31.728071,-0.010520,20.904110,-7.602970,-27.122871,1570.468994,-755.681824,-2641.271973,0.121420,0.872527,0.473238,0.100000,0.020000,1,0.526072
5.511076,31.899860,-0.018479,-299.833618,-172.517792,192.497650,-19508.248047,-10434.637695,12013.588867,0.035367,0.998863,0.031958,0.100000,0.020000,1,0.313872
5.704903,31.841415,-0.059935,-50.088394,24.783535,-34.022217,-2890.128418,1719.111694,-1893.852783,0.025688,0.962663,-0.269480,0.100000,0.020000,1,0.611593
5.349652,32.046650,0.472188,393.390808,-461.232819,-499.122192,24452.544922,-28226.791016,-31003.257812,0.235827,0.570634,0.786615,0.100000,0.020000,1,0.797920
5.165551,31.681778,-0.149955,230.042313,-128.736862,-87.910271,11999.384766,-10626.636719,-5156.009766,0.066641,0.807927,-0.585502,0.100000,0.020000,1,0.516588
6.089480,31.388586,1.546036,140.138016,-171.383392,412.061951,4870.096680,-5464.699219,12476.196289,-0.017706,0.945958,0.323804,0.100000,0.020000,1,0.797457
5.655787,31.864756,-0.260572,-647.003296,-135.825821,48.051723,-40219.332031,-8478.439453,3294.015869,0.133979,0.679242,-0.721582,0.100000,0.020000,1,0.958408
5.669801,31.983994,-0.260689,-56.401573,-68.071564,81.466766,-3434.105957,-3716.744629,4830.508301,-0.045956,0.908337,-0.415707,0.100000,0.020000,1,0.221590
5.560848,31.982407,0.120915,32.861416,-141.579361,386.842102,1996.829712,-8404.084961,23774.349609,0.016266,0.789099,0.614051,0.100000,0.020000,1,0.520022
5.044186,32.119297,0.085508,-76.516663,54.864960,-14.684166,-7317.724121,4521.036621,-1442.603394,-0.082747,0.880537,0.466699,0.100000,0.020000,1,0.719232
5.686616,31.831285,0.039969,-276.561462,-144.957047,-229.265686,-17536.384766,-9393.298828,-14029.810547,-0.211235,0.966352,-0.146779,0.100000,0.020000,1,0.859471
5.634793,31.986923,0.034012,-0.694618,-3.106463,14.305109,-336.736969,203.183136,732.354553,-0.213428,0.962550,0.167172,0.100000,0.020000,1,0.007771
5.647318,31.957186,0.221127,48.811996,30.805275,-275.023865,2813.545410,2222.482910,-16491.853516,-0.220642,0.974892,0.030050,0.100000,0.020000,1,0.105427
5.501379,31.865545,0.397831,-50.508469,35.652939,-38.165489,-3166.704590,2216.155273,-2207.405273,0.092734,0.617703,0.780924,0.100000,0.020000,1,0.653018
5.633572,31.967113,-0.234453,-53.646309,22.320236,-22.733864,-3355.212891,1721.620605,-1371.239014,-0.111215,0.822482,-0.557812,0.100000,0.020000,1,0.967306
5.698665,32.017551,-0.061861,-48.610046,-42.591614,291.127991,-3048.906250,-2237.817871,17521.804688,-0.231474,0.919213,0.318540,0.100000,0.020000,1,0.558476
5.673136,31.674395,0.037615,-107.723434,108.149704,-16.561687,-6932.439453,5790.378906,-364.548370,-0.268096,0.921830,-0.279919,0.100000,0.020000,1,0.317093
5.596951,31.441570,0.324711,80.652359,-43.879448,163.393646,613.225952,-327.206177,9461.773438,-0.061768,0.673575,-0.736533,0.100000,0.020000,1,0.007522
5.644768,32.238297,-0.085674,12.598272,48.089615,34.015610,619.037964,4240.041992,2594.733887,-0.293255,0.853533,-0.430676,0.100000,0.020000,1,0.968729
5.563519,31.943193,0.400982,-35.295242,6.324221,-71.240829,-2203.555664,493.110840,-4213.206543,-0.071150,0.664201,0.744161,0.100000,0.020000,1,0.724339
5.521000,32.042931,0.284002,34.333637,-5.705963,-45.701416,1706.649048,61.292538,-2837.865234,-0.205728,0.765719,0.609385,0.100000,0.020000,1,0.516392
5.755113,32.054958,0.221469,-249.385284,15.622742,-10.395592,-15450.994141,1343.185791,-592.487610,-0.325887,0.825569,0.460689,0.100000,0.020000,1,0.751689
5.729382,32.091030,0.041378,-22.156048,-10.416786,23.002842,-1426.853149,-280.704437,1267.001221,-0.447825,0.873416,0.191303,0.100000,0.020000,1,0.624743
6.733415,33.591396,-0.555757,301.825348,426.826355,-115.471558,8730.238281,12770.692383,-2963.078613,-0.456525,0.878365,-0.141635,0.100000,0.020000,1,0.177246
5.610332,32.142250,-0.019384,30.665066,-141.639130,5.604247,1372.628784,-8360.447266,245.696655,-0.464160,0.885633,0.014456,0.100000,0.020000,1,0.816479
5.530011,32.096981,-0.124739,-11.000275,1.759634,-3.001789,-1530.649292,432.986511,-201.315765,-0.473556,0.837606,-0.272323,0.100000,0.020000,1,0.363430
5.664145,32.167381,-0.225877,-144.594376,-299.628479,-95.373779,-9122.879883,-18207.755859,-5905.316895,-0.347749,0.747532,-0.565921,0.100000,0.020000,1,0.697789
5.521709,32.096527,-0.358463,87.728775,-123.345749,99.804337,5197.872559,-7291.250000,6123.769531,-0.232284,0.668292,-0.706704,0.100000,0.020000,1,0.186802
4.809223,32.343845,0.355982,-152.426086,97.205307,174.874054,-12461.942383,7900.285156,14097.761719,0.017921,0.541827,-0.840299,0.100000,0.020000,1,0.305295
5.672280,32.140736,0.126504,0.615160,-6.366775,6.187707,-187.345978,-30.171967,321.835938,-0.524811,0.789047,0.319339,0.100000,0.020000,1,0.111602
5.693885,32.127789,0.238320,-24.886387,5.905838,-12.676636,-1577.227173,654.167969,-697.694275,-0.499241,0.722947,0.477605,0.100000,0.020000,1,0.072240
5.441895,32.073177,-0.172076,-11.623714,-25.058521,15.220726,-1852.246216,-1551.841553,1019.919800,-0.527731,0.740553,-0.416030,0.100000,0.020000,1,0.535735
5.615072,32.098522,0.386618,7.539418,-9.415730,16.325722,339.361877,-341.411865,1469.312500,-0.396782,0.668445,0.629082,0.100000,0.020000,1,0.831391
5.785733,32.233910,-0.138070,-160.167084,-94.947693,85.963440,-9942.513672,-5456.148438,5100.812500,-0.644829,0.752389,-0.134559,0.100000,0.020000,1,0.755355
5.895359,32.057159,0.507641,84.752197,-56.063889,92.823425,6636.229980,-3316.663086,6573.844727,-0.257347,0.606941,0.751927,0.100000,0.020000,1,0.895291
5.688381,32.325424,0.029240,-15.795860,-100.260269,96.697021,-1229.198486,-5454.875977,5948.633301,-0.661867,0.734836,0.148151,0.100000,0.020000,1,0.078237
5.593932,32.622639,0.494299,19.414478,140.956268,157.351395,1154.857422,4944.852539,5149.824707,-0.674793,0.737328,0.031636,0.100000,0.020000,1,0.012415
5.615248,31.904280,-0.352724,-48.364746,31.419632,67.654655,-3301.607178,1213.848022,3831.364746,-0.521327,0.649720,-0.553246,0.100000,0.020000,1,0.076636
5.591580,31.743778,-0.152746,-240.394287,159.592255,105.929214,-15753.797852,8437.425781,6545.375977,-0.677369,0.685920,-0.265868,0.100000,0.020000,1,0.681205
5.671819,32.249535,0.145546,-14.838734,33.444023,-29.861641,-1144.878052,2506.994385,-1849.496948,-0.700250,0.644891,0.306213,0.100000,0.020000,1,0.711918
6.190611,33.978867,-0.446362,218.713654,512.115601,-9.977478,4292.837891,19768.542969,-3013.171631,-0.418184,0.578836,-0.700050,0.100000,0.020000,1,0.634744
6.778076,32.199009,1.352350,365.730957,87.607162,291.256165,27750.185547,5898.172852,22932.636719,-0.543836,0.597127,0.589646,0.100000,0.020000,1,0.309869
5.986490,32.302994,0.108964,76.656403,10.208614,46.681000,6021.920898,1272.544189,4171.519531,-0.672393,0.615331,-0.411407,0.100000,0.020000,1,0.994780
5.517445,32.130535,0.344025,1.914767,-2.456939,6.760682,-216.802368,84.514938,465.559967,-0.393625,0.534713,0.747757,0.100000,0.020000,1,0.088451
5.660674,32.239838,0.095962,-101.206573,30.874649,-113.367615,-6651.912598,2028.505981,-6541.294922,-0.819483,0.561621,-0.114145,0.100000,0.020000,1,0.347344
5.718721,32.218784,-0.870741,60.194199,56.258026,-133.720474,4643.854492,4541.892578,-10488.761719,-0.124615,0.511438,-0.850237,0.100000,0.020000,1,0.052435
6.603460,31.885067,-1.522837,257.312897,-96.773346,-473.675049,20087.085938,-7360.169434,-37134.847656,-0.702322,0.537890,0.466281,0.100000,0.020000,1,0.714196
6.182269,32.832069,0.593350,180.359268,120.586441,179.683990,5491.895508,3175.116455,5807.527344,-0.822957,0.537871,0.182858,0.100000,0.020000,1,0.944440
4.923332,31.821623,0.057319,-34.527340,41.922504,51.320156,-7050.918945,-1279.876709,-3379.444824,-0.839861,0.542300,0.023334,0.100000,0.020000,1,0.446477
5.320867,31.711208,0.500669,-78.853668,81.617630,-479.934174,-6529.789062,2907.135498,-28780.394531,-0.826721,0.469877,0.309432,0.100000,0.020000,1,0.362202
5.661982,32.176563,-0.202568,-25.536049,196.315155,33.037910,-1746.297485,12081.614258,1783.745483,-0.833298,0.469866,-0.291274,0.100000,0.020000,1,0.106939
5.218185,32.191734,-0.598197,-89.036865,16.624495,-158.475464,531.769775,-573.071167,-2774.080566,-0.542401,0.468403,-0.697423,0.100000,0.020000,1,0.791816
5.604416,32.322441,-0.241920,-191.575165,-188.325134,-57.476067,-12271.216797,-11430.119141,-3593.428467,-0.704944,0.436721,-0.558864,0.100000,0.020000,1,0.244812
5.584718,32.353699,0.330284,10.832262,7.334774,14.815922,497.848602,1044.848511,1177.348755,-0.683673,0.403089,0.608368,0.100000,0.020000,1,0.333998
5.663053,32.367207,0.184147,-204.979523,-104.951736,98.886154,-12892.483398,-6222.501465,6170.285156,-0.813512,0.368893,0.449574,0.100000,0.020000,1,0.034747
5.803535,32.441429,0.220685,58.848373,52.599182,129.169525,4333.168457,3988.590820,9846.196289,-0.836564,0.361159,-0.411976,0.100000,0.020000,1,0.077205
5.464918,32.319969,0.449111,15.324787,-17.929245,-194.155273,488.940765,-452.130066,-11803.082031,-0.517235,0.390501,0.761562,0.100000,0.020000,1,0.378466
6.292147,32.535633,-0.397118,156.596588,20.310356,-68.696091,12533.779297,2087.190430,-5737.491699,-0.948592,0.284823,-0.138017,0.100000,0.020000,1,0.537728
6.737948,30.936527,0.552703,440.227722,-412.343445,135.452988,9793.238281,-10854.335938,6998.339844,-0.959974,0.280084,0.001722,0.100000,0.020000,1,0.600774
5.447711,32.522934,0.049465,215.478790,-118.113052,0.811504,12764.931641,-6747.743164,-47.656025,-0.953707,0.252505,0.163355,0.100000,0.020000,1,0.561412
5.531531,32.228100,-0.563381,-22.980598,-25.401829,-96.016815,-1790.966309,-1843.272583,-7389.068359,-0.787641,0.280831,-0.548412,0.100000,0.020000,1,0.822921
5.721068,32.503235,0.463767,45.202820,14.210785,60.135437,3254.643311,1531.931519,5119.009277,-0.919579,0.215297,0.328666,0.100000,0.020000,1,0.084358
4.995870,31.779745,0.510980,45.061951,85.961517,73.638374,-9616.577148,-18465.250000,8603.816406,-0.941222,0.208257,-0.265953,0.100000,0.020000,1,0.859631
5.446423,31.684587,0.115382,-18.887287,-192.504257,133.314133,-400.343567,-5569.587402,3910.061768,-0.643846,0.284210,-0.710413,0.100000,0.020000,1,0.403236
5.463548,32.399326,0.271956,100.532700,-49.340157,-45.092644,5827.919922,-2644.063232,-2852.810547,-0.756224,0.234083,0.611007,0.100000,0.020000,1,0.344247
5.547451,32.375534,-0.196700,-45.457558,19.645042,6.641720,-3112.424805,1328.322021,344.514801,-0.899500,0.176999,-0.399464,0.100000,0.020000,1,0.087454
5.446708,32.122673,-0.439997,16.385052,-20.393229,46.767632,701.594360,-945.659363,2721.132324,-0.241865,0.450321,-0.859484,0.100000,0.020000,1,0.101548
5.724908,32.521008,0.457271,74.872452,60.264641,27.819893,5408.592773,5011.586914,2291.169189,-0.625501,0.260602,0.735415,0.100000,0.020000,1,0.870824
5.761567,32.085388,0.356245,68.529984,-16.629204,64.427963,5018.542969,-2435.001953,5512.963379,-0.996756,0.077208,0.022722,0.100000,0.020000,1,0.957412
5.321494,32.541061,0.133341,277.354004,-231.631897,115.055710,16443.052734,-13874.809570,6939.029785,-0.874875,0.114056,0.470729,0.100000,0.020000,1,0.604528
5.357016,32.619877,0.203237,-15.290020,19.583771,23.693253,-1921.496948,2076.067871,2066.617432,-0.987226,0.057133,0.148732,0.100000,0.020000,1,0.172833
5.831056,31.992252,0.037747,116.393829,-39.054245,21.558876,8408.111328,-4282.216309,1774.583130,-0.990109,0.030874,-0.136861,0.100000,0.020000,1,0.459450
5.556956,32.155548,0.028925,-23.154366,40.371876,36.407429,-1446.206543,1420.420532,1869.411133,-0.955839,-0.008994,0.293753,0.100000,0.020000,1,0.391029
5.490981,32.390968,-0.459038,3.818827,-64.131180,264.906433,37.343185,-3666.854248,16084.511719,-0.716203,0.132771,-0.685146,0.100000,0.020000,1,0.186463
5.317419,32.505474,-0.039369,586.833801,-125.200920,-359.177216,36101.449219,-7609.954102,-22311.423828,-0.958975,-0.041448,-0.280444,0.100000,0.020000,1,0.340884
5.416755,32.300739,0.226995,-9.907413,12.853558,17.950764,-1106.881836,595.708801,960.007385,-0.798759,0.049786,0.599589,0.100000,0.020000,1,0.548511
5.539632,32.519390,-0.269555,20.650831,-5.351443,-11.226236,1328.639648,325.770721,-755.189453,-0.815496,0.041777,-0.577253,0.100000,0.020000,1,0.018857
5.272549,32.276157,-0.498592,-41.384911,67.092697,-34.978477,-3682.688232,5001.669434,-2684.767822,-0.336320,0.386318,-0.858864,0.100000,0.020000,1,0.862567
5.469802,32.585026,0.170556,-42.716263,-307.694946,198.628433,-2873.454346,-18709.992188,12380.041992,-0.882639,-0.067280,0.465211,0.100000,0.020000,1,0.199293
5.331336,32.517719,-0.297529,47.396294,-64.709076,116.566101,2237.700195,-3699.183838,6910.301270,-0.901220,-0.082364,-0.425463,0.100000,0.020000,1,0.956433
5.348983,32.363453,0.285512,6.166921,-14.297537,6.936796,-296.358185,-618.244568,258.645905,-0.673412,0.091398,0.733596,0.100000,0.020000,1,0.058432
5.395306,33.163761,-0.285364,0.796961,143.922119,-72.174057,-383.390686,11934.274414,-5758.432617,-0.983842,-0.178952,0.005471,0.100000,0.020000,1,0.272411
5.335072,32.590317,-0.229746,-1.178568,8.250299,-28.730515,-707.425476,960.986877,-2574.085449,-0.972887,-0.205227,-0.106643,0.100000,0.020000,1,0.436387
5.422741,32.446651,-0.280204,-48.835625,6.656160,33.922455,-3304.821533,568.120789,1989.808472,-0.828794,-0.126760,-0.545007,0.100000,0.020000,1,0.635829
5.157358,33.009743,0.262605,-37.761673,113.300156,47.202469,-3667.423584,9323.750977,3755.211182,-0.952711,-0.250555,0.171941,0.100000,0.020000,1,0.925524
5.549793,32.169651,-0.411936,-99.266403,12.218431,23.607311,-6131.391602,805.392822,1364.166748,-0.443111,0.276102,-0.852889,0.100000,0.020000,1,0.310509
5.353662,32.627659,-0.170491,-10.927319,-159.641876,89.227768,-1107.347900,-9471.329102,5433.455566,-0.925582,-0.260502,-0.274657,0.100000,0.020000,1,0.121335
5.434502,32.258541,-0.141697,61.686928,11.898628,-70.510132,3845.939697,-179.659058,-5612.838867,-0.912780,-0.271989,0.304720,0.100000,0.020000,1,0.165928
5.310071,32.435410,-0.347091,119.585373,-22.720982,77.981415,6892.625488,-1063.585815,4797.543457,-0.703163,-0.057512,-0.708698,0.100000,0.020000,1,0.060994
5.353702,32.282116,-0.351028,36.064125,-7.798813,-28.551468,2021.875732,-1289.155884,-2506.116943,-0.856569,-0.316125,-0.407866,0.100000,0.020000,1,0.282536
4.661471,31.972809,-0.374582,-70.154854,95.103737,7.749741,-6676.283203,-1203.513672,-1458.462402,-0.506144,0.169983,-0.845532,0.100000,0.020000,1,0.320759
7.432070,33.027798,-0.256539,649.948608,249.354523,-138.951721,20988.283203,6233.714844,-6537.184570,-0.676028,-0.090745,0.731267,0.100000,0.020000,1,0.376207
5.364458,32.519085,0.221752,-56.986176,-79.340530,113.223389,-3862.212891,-4554.428711,6933.097656,-0.764259,-0.210545,0.609572,0.100000,0.020000,1,0.292875
5.224315,32.552380,0.267143,253.517365,-222.754272,-384.109955,15251.445312,-13699.437500,-23973.865234,-0.830528,-0.325917,0.451665,0.100000,0.020000,1,0.237302
5.314277,32.477814,0.020997,23.883224,44.294106,59.007721,1306.434692,2622.853271,3526.095947,-0.869614,-0.469420,0.153022,0.100000,0.020000,1,0.974637
5.055174,32.322849,0.277412,-38.404022,-56.693604,71.436813,-3707.610352,-4405.312500,5913.146484,-0.872104,-0.471510,-0.130813,0.100000,0.020000,1,0.662859
4.883907,32.122360,-0.587514,200.863129,-107.826324,228.539368,10484.747070,-7922.362793,13239.654297,-0.702024,-0.216353,-0.678494,0.100000,0.020000,1,0.074019
5.234998,32.578724,-0.190575,6.822782,3.171713,-8.493713,-71.793976,495.361298,-820.147095,-0.840546,-0.467399,-0.273899,0.100000,0.020000,1,0.976434
5.151179,32.425781,0.203760,32.243694,-5.420612,-35.360680,1227.145874,-666.568054,-1972.268677,-0.818207,-0.480070,0.316338,0.100000,0.020000,1,0.794005
5.079425,32.559982,-0.052011,87.139511,-33.435974,47.819260,4405.912109,-1972.550659,2742.187988,-0.855496,-0.516852,0.031457,0.100000,0.020000,1,0.055638
4.911640,32.155445,-0.422183,92.954727,-34.446152,199.782867,3976.531738,-3402.997559,11869.146484,-0.748828,-0.374461,-0.546841,0.100000,0.020000,1,0.058787
4.008224,32.625778,-1.474585,-211.555603,157.976044,-364.163574,-18881.720703,10540.388672,-28396.412109,-0.776195,-0.485696,-0.402021,0.100000,0.020000,1,0.198706
5.141986,32.489201,0.280333,52.566040,-60.425957,-65.250893,2455.479492,-3616.752686,-4030.073486,-0.714854,-0.392307,0.578860,0.100000,0.020000,1,0.051118
5.249953,32.423370,0.380205,-38.412025,101.162201,-204.583221,-2955.693604,6604.729492,-12705.693359,-0.627235,-0.248041,0.738276,0.100000,0.020000,1,0.084483
5.305981,32.463715,0.092713,-274.946289,198.572296,412.001221,-17324.597656,12464.364258,25547.976562,-0.717195,-0.530528,0.451853,0.100000,0.020000,1,0.820963
5.136590,32.248314,-0.036490,-215.882721,46.566208,-49.436691,-14176.772461,1768.485474,-3276.491943,-0.761812,-0.647795,0.001883,0.100000,0.020000,1,0.154415
5.063053,32.629227,-0.021056,69.051888,-58.718842,-15.404394,3555.103760,-3263.337402,-804.671265,-0.735503,-0.663595,-0.136662,0.100000,0.020000,1,0.263176
5.059039,32.767818,-0.212528,-12.333366,50.234238,1.654767,-1758.172363,4465.501465,223.091736,-0.670757,-0.510338,-0.538181,0.100000,0.020000,1,0.542817
5.294257,32.292183,0.273694,126.652039,-47.209000,122.977783,8195.673828,-3933.555420,8600.347656,-0.718358,-0.676189,0.163497,0.100000,0.020000,1,0.979335
5.222503,31.677473,-0.107364,-50.981232,38.093185,-181.454697,-4163.702148,-29.704443,-10312.035156,-0.526125,0.024839,-0.850045,0.100000,0.020000,1,0.630206
5.117919,32.612530,-0.097603,6.463697,15.921432,2.057834,-96.855736,1433.907715,208.694626,-0.690116,-0.675321,-0.260157,0.100000,0.020000,1,0.313641
5.279977,32.313881,-0.409191,17.557167,40.405457,-26.919319,610.878296,2548.597900,-1875.251709,-0.556347,-0.134731,-0.819955,0.100000,0.020000,1,0.538048
5.124024,32.355835,0.021696,-38.785172,30.871540,53.312904,-2897.253906,1337.469238,2876.343262,-0.666812,-0.677798,0.309761,0.100000,0.020000,1,0.524489
5.223412,32.320679,-0.129173,152.984741,14.850330,-102.796570,9302.955078,613.395569,-5713.875488,-0.584410,-0.405827,-0.702687,0.100000,0.020000,1,0.300491
4.940331,32.163609,0.350173,29.459391,14.886482,-20.362974,484.129578,-198.575745,-952.932007,-0.600223,-0.523677,0.604561,0.100000,0.020000,1,0.626451
5.053609,32.614830,-0.152476,78.176407,-163.538452,-22.260746,4241.879395,-9787.832031,-1318.942749,-0.623933,-0.679108,-0.386678,0.100000,0.020000,1,0.499825
5.356387,32.311378,0.389837,4.691296,-2.504629,0.760409,-74.762779,57.925831,80.504417,-0.520803,0.018712,0.853472,0.100000,0.020000,1,0.825056
5.139169,32.563133,0.345187,-202.663834,-479.598999,-436.605164,-13115.436523,-29904.583984,-26939.707031,-0.599350,-0.668622,0.440141,0.100000,0.020000,1,0.562551
5.026692,32.475956,-0.259324,-41.098068,33.417519,-80.372375,-3161.716797,1971.624512,-6206.304199,-0.587903,-0.808500,0.026429,0.100000,0.020000,1,0.671756
5.156331,32.322498,-0.146476,25.865368,-4.058094,10.177498,1441.177124,-787.121826,1015.346680,-0.535447,-0.660324,-0.526564,0.100000,0.020000,1,0.849488
5.114650,32.401909,-0.071950,-8.749344,18.313395,-21.839256,-666.480530,755.269775,-1427.739868,-0.541226,-0.830065,-0.134412,0.100000,0.020000,1,0.680582
5.049881,32.613071,0.160393,-28.673996,-97.652451,-101.107788,-2193.334961,-5676.083984,-5998.288086,-0.538206,-0.828776,0.153185,0.100000,0.020000,1,0.047880
5.017517,32.593597,-0.046764,4.719027,16.919113,12.039448,-228.205475,1529.127075,1089.659302,-0.517428,-0.808372,-0.280719,0.100000,0.020000,1,0.368306
5.240702,32.441898,0.382073,14.878181,11.738205,2.552863,730.137146,1020.683838,352.412231,-0.520584,-0.405713,0.751258,0.100000,0.020000,1,0.006205
5.142725,32.484318,0.196614,-11.916519,-92.525703,15.693750,-927.332458,-5618.743164,746.819275,-0.480156,-0.667150,0.569527,0.100000,0.020000,1,0.833491
5.198618,32.089256,-0.225918,-147.054382,102.112305,-28.118862,-9439.758789,5187.776855,-1394.346558,-0.475779,-0.521766,-0.708092,0.100000,0.020000,1,0.136158
5.084024,32.491901,0.070306,-62.822449,21.934776,247.719543,-4088.497559,1480.087646,15384.170898,-0.452924,-0.842444,0.291803,0.100000,0.020000,1,0.246644
5.272080,32.292805,-0.421660,-57.511429,70.927582,121.153717,-3919.420166,4362.852051,7450.115234,-0.490523,-0.244165,-0.836523,0.100000,0.020000,1,0.858599
4.891412,32.555080,0.107667,-10.981567,23.551865,50.850555,-1583.959351,1943.597412,4396.942383,-0.400052,-0.827423,-0.394118,0.100000,0.020000,1,0.105694
4.869954,32.348305,0.045402,246.723633,-132.668793,222.826752,14595.518555,-8733.032227,13428.612305,-0.378857,-0.813298,0.441604,0.100000,0.020000,1,0.343002
4.982146,32.411488,0.048876,0.127730,5.225454,6.491610,-318.446472,145.740265,303.951355,-0.358967,-0.918516,0.165741,0.100000,0.020000,1,0.348999
5.335552,32.835613,0.007188,61.387741,138.541473,-67.930916,4352.521973,10687.351562,-5643.824707,-0.421633,-0.522770,0.740903,0.100000,0.020000,1,0.745016
3.269810,33.280144,-0.915953,-456.591431,319.657318,-234.109116,-14942.087891,9295.682617,-11325.090820,-0.330310,-0.943303,0.032771,0.100000,0.020000,1,0.249865
5.102333,32.419956,-0.299402,10.127155,-0.643968,2.028994,373.496674,95.419937,124.214272,-0.378017,-0.642284,-0.666764,0.100000,0.020000,1,0.168615
6.265201,31.739950,-0.033957,350.400879,-78.945374,89.091263,21110.757812,-9195.960938,2966.894775,-0.344045,-0.776102,-0.528487,0.100000,0.020000,1,0.048200
4.851765,32.360706,-0.428079,6.316067,14.478292,-46.994873,-425.810547,589.863037,-4283.936523,-0.313655,-0.915500,-0.251953,0.100000,0.020000,1,0.079358
5.105954,32.476215,-0.118349,11.171398,18.289478,8.498928,999.642883,1293.041382,254.465393,-0.304237,-0.945794,-0.113636,0.100000,0.020000,1,0.605080
3.642738,33.404293,0.498841,-329.905334,308.272400,96.433151,-26639.320312,23573.345703,7607.207520,-0.261368,-0.916885,0.301676,0.100000,0.020000,1,0.708466
4.982908,32.327862,0.238113,-12.759129,-13.625294,-8.581440,-1306.459106,-1112.553345,-641.298218,-0.296395,-0.754800,0.585173,0.100000,0.020000,1,0.827084
5.383965,32.291199,-0.298969,-274.630432,168.313171,-52.888115,-16884.003906,10467.959961,-3037.246094,-0.419413,-0.370362,-0.828809,0.100000,0.020000,1,0.176374
6.042266,32.930649,0.223001,273.278748,163.228973,-32.936035,20948.416016,12678.120117,-2477.619141,-0.322220,-0.624716,0.711270,0.100000,0.020000,1,0.472724
4.980853,32.361328,-0.277114,9.062501,9.127274,-14.009995,389.948944,483.964478,-1248.975098,-0.184385,-0.886641,-0.424111,0.100000,0.020000,1,0.271094
4.574275,32.886616,0.180705,-78.594269,113.785065,4.800522,-6829.474121,9295.417969,266.372437,-0.176088,-0.888732,0.423259,0.100000,0.020000,1,0.558370
5.036047,32.614613,0.128384,59.978413,50.543625,30.724714,1584.346558,4117.444336,1233.555664,-0.101799,-0.994508,0.024313,0.100000,0.020000,1,0.418041
5.019587,32.613426,0.187824,40.112610,58.848236,55.934433,2784.628418,4717.235352,4549.957031,-0.080835,-0.988818,-0.125315,0.100000,0.020000,1,0.945063
4.287586,32.362408,0.026848,-44.956955,51.976540,-6.995814,-5649.649902,3243.478271,-632.837158,-0.078816,-0.983603,0.162212,0.100000,0.020000,1,0.542159
5.174146,32.380177,0.235190,-3.175236,68.861977,-27.168076,-595.218567,4601.092285,-2305.550049,-0.393231,-0.371292,0.841137,0.100000,0.020000,1,0.795037
4.969863,32.213703,-0.544760,21.799652,1.437805,-48.776108,1152.275269,-455.115570,-4354.019043,-0.114128,-0.836953,-0.535242,0.100000,0.020000,1,0.210824
4.969498,32.439243,0.172623,-153.829437,-175.774353,-47.740784,-9684.738281,-10715.893555,-2881.064209,-0.042554,-0.948184,0.314858,0.100000,0.020000,1,0.774235
5.052653,32.200077,0.179297,-34.980762,-18.308971,0.052242,-2112.771484,-1716.665405,-320.499084,-0.104997,-0.812368,0.573615,0.100000,0.020000,1,0.327770
5.278920,32.504757,-0.115125,149.574249,17.523739,-35.431377,13318.501953,1830.247437,-1001.954102,-0.014127,-0.960677,-0.277308,0.100000,0.020000,1,0.374925
4.992484,32.330875,0.333428,13.483707,-4.136636,-5.698708,422.349121,-230.372879,-294.232819,-0.171927,-0.683060,0.709839,0.100000,0.020000,1,0.098024
5.335838,32.484528,-0.204694,-363.601532,-185.456299,268.902710,-21894.349609,-11033.290039,17413.458984,-0.156037,-0.704310,-0.692532,0.100000,0.020000,1,0.635989
4.892931,32.493393,-0.142029,36.072929,-374.211853,-119.006790,1989.962769,-22928.443359,-7390.767578,-0.003463,-0.924167,-0.381973,0.100000,0.020000,1,0.605525
4.945969,31.808556,-0.677867,83.198608,-25.102552,-146.428467,-871.349609,-4342.200684,-19034.376953,0.003422,-0.900252,0.435356,0.100000,0.020000,1,0.391261
5.140626,32.356289,-0.385185,-1.441412,-16.068598,10.809671,-416.161499,-834.091125,633.152344,-0.316306,-0.451777,-0.834175,0.100000,0.020000,1,0.646523
4.916148,32.449261,-0.346866,362.798401,-249.780640,23.603878,21921.111328,-15174.492188,1530.288818,-0.216849,-0.564487,-0.796449,0.100000,0.020000,1,0.543262
5.263165,32.048347,0.380188,98.014374,-38.252487,100.776581,8390.297852,-4437.202637,8455.609375,0.122099,-0.983103,-0.136379,0.100000,0.020000,1,0.118791
4.600502,32.013836,1.913976,-19.712044,13.146366,512.988037,-2587.318848,1493.297363,34097.531250,0.160061,-0.986944,0.017959,0.100000,0.020000,1,0.616753
4.918726,32.270729,-0.193327,-78.873138,-321.127777,-306.566895,-5457.487305,-20312.033203,-18891.927734,-0.015202,-0.735712,-0.677124,0.100000,0.020000,1,0.571591
4.683824,32.092541,-0.265960,115.466537,-62.360291,162.417450,6392.985840,-4648.096191,9591.868164,0.194779,-0.950705,-0.241291,0.100000,0.020000,1,0.011329
4.816047,32.298985,0.092482,6.648358,-331.177307,-60.156845,109.156586,-20759.458984,-3708.486816,0.202380,-0.966280,0.159199,0.100000,0.020000,1,0.136923
4.765065,32.246983,-0.233616,78.661087,-40.175072,-3.047327,4154.141602,-2601.429199,-184.521744,0.114675,-0.842685,-0.526053,0.100000,0.020000,1,0.825021
4.642222,32.190159,0.061667,58.904259,-27.263649,37.073334,2639.050537,-1937.509033,1996.850220,0.228546,-0.919005,0.321241,0.100000,0.020000,1,0.618230
4.852944,32.228832,0.314779,101.390259,-74.055298,-76.877548,5932.411133,-4745.039062,-4602.791992,0.137096,-0.810367,0.569658,0.100000,0.020000,1,0.916983
6.064419,32.667149,1.094031,344.146790,144.988647,318.347351,25851.300781,11990.145508,25153.941406,0.255753,-0.882508,-0.394678,0.100000,0.020000,1,0.347112
4.988296,32.203182,0.455560,7.439975,-8.040773,25.261284,235.296371,-713.553528,2125.220459,0.020275,-0.678877,0.733972,0.100000,0.020000,1,0.543190
4.787266,32.206116,0.229839,0.722536,5.828801,5.223763,-491.956635,327.415131,452.469269,0.254340,-0.857186,0.447820,0.100000,0.020000,1,0.728467
4.882868,32.108482,-0.124651,-191.881256,-75.825043,142.433716,-12013.424805,-5153.841797,8423.734375,0.363012,-0.931462,0.024524,0.100000,0.020000,1,0.361117
4.793957,31.896318,-0.045744,-102.831451,60.283337,51.000023,-7081.190430,2214.213379,3493.368652,0.362374,-0.901267,-0.237495,0.100000,0.020000,1,0.797332
4.868575,32.083515,0.012230,-37.435051,26.226852,-28.288723,-2317.437500,1298.556641,-1553.876587,0.402540,-0.905258,-0.135904,0.100000,0.020000,1,0.973890
4.919640,32.222847,-0.286092,14.260040,2.241925,2.471494,626.937561,188.989487,199.269638,0.170857,-0.729567,-0.662224,0.100000,0.020000,1,0.404482
4.818385,31.894907,-0.348941,-59.783974,38.362812,76.116180,-4266.338379,1182.893799,4378.356934,0.270709,-0.788895,-0.551690,0.100000,0.020000,1,0.261859
5.418207,32.310143,-0.150111,89.396805,7.808296,38.785919,6964.629883,741.674988,3348.426514,-0.052256,-0.574900,-0.816554,0.100000,0.020000,1,0.567391
6.997898,32.481251,1.418780,610.991516,125.718414,379.420563,17548.673828,3968.470703,11415.462891,0.437434,-0.843304,0.312234,0.100000,0.020000,1,0.822494
5.429286,32.537308,0.755169,180.691650,116.811440,137.402298,5067.829102,3658.742920,4646.340332,0.320223,-0.757325,0.569137,0.100000,0.020000,1,0.240310
4.841683,32.319077,0.081186,47.781021,-71.584358,-25.041473,2969.647949,-3762.152588,-1534.220947,0.474687,-0.866121,0.156548,0.100000,0.020000,1,0.039214
4.882760,32.226349,0.056123,-45.784088,-143.280762,-264.679443,-2893.184082,-8624.750000,-15726.033203,0.455410,-0.795923,-0.398883,0.100000,0.020000,1,0.947429
3.129536,32.987984,0.405390,-430.039856,263.190948,41.077164,-34491.652344,20247.490234,3495.011475,0.463710,-0.778314,0.423321,0.100000,0.020000,1,0.616878
4.557193,32.033016,-0.082697,261.508240,-149.513199,74.116928,15017.596680,-10363.048828,4311.059082,0.567345,-0.823170,0.022591,0.100000,0.020000,1,0.986417
6.026255,32.573448,-1.145528,323.580017,141.668228,-445.378967,10322.898438,3860.378174,-11810.015625,0.206006,-0.654449,0.727501,0.100000,0.020000,1,0.304210
4.666457,32.078854,0.049562,16.209034,-5.999763,29.723755,255.948410,-396.241974,1751.178223,0.575407,-0.798365,0.177539,0.100000,0.020000,1,0.046687
4.877537,32.072620,-0.032360,-46.510551,-19.079700,-18.009216,-2804.328857,-1236.770020,-1047.069336,0.585328,-0.801833,-0.120231,0.100000,0.020000,1,0.039658
5.143186,32.695442,-0.301778,58.913651,167.355621,-24.499649,4477.651855,12866.795898,-1578.263062,0.320304,-0.682347,-0.657121,0.100000,0.020000,1,0.486906
4.751864,32.194519,-0.053751,-21.992081,9.873352,38.740906,-4048.038818,1846.768799,6374.404297,0.454275,-0.711055,-0.536689,0.100000,0.020000,1,0.155821
4.481285,32.076839,-0.083956,-237.040222,153.019760,38.164669,-12254.976562,3501.285645,2349.852051,0.610083,-0.756594,-0.235296,0.100000,0.020000,1,0.350458
5.265922,31.754194,-0.429809,83.596725,-8.760292,4.578749,6106.242188,-2439.363281,15.487612,0.072600,-0.576415,-0.813926,0.100000,0.020000,1,0.724463
3.265425,33.428345,0.130125,-492.474365,424.384338,-30.106716,-15273.433594,12703.428711,-176.526978,0.467572,-0.674214,0.571675,0.100000,0.020000,1,0.818419
4.740525,32.015713,0.045122,5.596526,-24.063896,-5.697945,-173.836212,-1628.488892,-753.938843,0.626052,-0.714835,0.311561,0.100000,0.020000,1,0.406155
4.895023,32.129211,0.452662,56.252602,-22.218555,-137.726746,3190.336914,-1349.779663,-8136.115234,0.343201,-0.611098,0.713283,0.100000,0.020000,1,0.040245
4.790274,32.265415,-0.284026,-16.439587,66.352737,-31.428101,-631.026733,5051.165527,-2064.830566,0.644461,-0.652149,-0.399214,0.100000,0.020000,1,0.567178
4.984195,32.125362,0.358104,-99.321396,-189.944122,-92.346390,-5892.041504,-11523.030273,-5157.097168,0.639791,-0.629570,0.440806,0.100000,0.020000,1,0.510840
4.132688,32.431202,0.020541,-137.060150,97.422913,-21.188019,-11693.237305,8042.779785,-1581.914551,0.746601,-0.641407,0.176590,0.100000,0.020000,1,0.536269
7.257420,32.949669,-0.118322,738.470276,316.167908,-93.969772,41972.113281,-1964.224609,-4005.801270,0.767230,-0.640685,0.029665,0.100000,0.020000,1,0.262553
4.220661,32.277969,-1.298447,-142.225342,81.652405,-281.437134,-11649.724609,6478.927734,-22989.410156,0.777576,-0.619518,-0.107576,0.100000,0.020000,1,0.809006
3.662889,32.604427,-0.007040,-318.966614,200.541138,69.881577,-25382.929688,15142.054688,5384.159180,0.613142,-0.580361,-0.535946,0.100000,0.020000,1,0.620419
4.606794,32.080757,-0.312189,121.018143,-97.911652,107.064606,6517.129395,-5676.364258,5960.260254,0.759030,-0.591994,-0.270956,0.100000,0.020000,1,0.130909
5.470222,31.535833,0.465812,158.139526,-82.968750,52.985512,12450.486328,-6958.325195,4774.460449,0.775324,-0.567984,0.276166,0.100000,0.020000,1,0.181054
4.998983,32.106613,-0.418115,-0.230267,3.360044,18.654861,-194.849564,79.989960,957.167664,0.224816,-0.532185,-0.816233,0.100000,0.020000,1,0.053342
5.910783,33.024342,-2.708437,319.645844,331.100037,-772.669189,11823.482422,8728.083984,-29072.115234,0.507001,-0.529301,-0.680287,0.100000,0.020000,1,0.250702
5.099390,32.144547,0.005303,-149.108124,-101.360336,153.738007,-8744.922852,-5780.338379,8616.594727,0.609309,-0.526222,0.593155,0.100000,0.020000,1,0.867532
4.999104,31.925421,0.568054,21.618282,-4.675825,31.652367,1446.578125,-772.155823,3041.929199,0.481471,-0.512671,0.710883,0.100000,0.020000,1,0.925880
4.818507,32.052921,0.300182,-35.866463,19.607441,91.023468,-2631.905762,1740.213745,7754.096680,0.766228,-0.500360,-0.403155,0.100000,0.020000,1,0.303213
5.052847,32.191669,0.368071,-59.846291,-56.475777,16.479000,-3769.383545,-3353.274658,1029.180664,0.208262,-0.520463,0.828097,0.100000,0.020000,1,0.234313
4.936775,31.847092,-0.205979,-225.018265,57.056213,-56.889313,-13997.835938,3446.686523,-4261.078125,0.876859,-0.469827,-0.101883,0.100000,0.020000,1,0.788719
5.126285,31.761957,0.454373,29.577827,-13.247253,60.077454,2720.826172,-1509.606934,4841.836426,0.762777,-0.460605,0.453888,0.100000,0.020000,1,0.972662
5.417574,31.536274,-1.224569,135.630295,-55.394455,-385.288147,5318.489258,-4076.875488,-10293.479492,0.896023,-0.443519,0.020828,0.100000,0.020000,1,0.898957
4.953434,32.091946,-0.506971,-124.400726,0.784124,126.180771,-8139.598145,90.257652,7335.545410,0.349958,-0.493500,-0.796233,0.100000,0.020000,1,0.515164
5.554282,31.457344,0.148966,187.640656,-103.859306,63.895844,9723.848633,-4943.227051,-5767.931641,0.903278,-0.394972,0.167588,0.100000,0.020000,1,0.704445
5.067682,31.960875,-0.208770,39.733673,-8.860563,19.944122,2910.474365,-563.832703,1604.480225,0.629077,-0.424648,-0.651104,0.100000,0.020000,1,0.695868
4.297278,32.677063,-0.171345,-175.603394,213.732361,84.637482,-13830.546875,16707.736328,5641.563965,0.747819,-0.382427,-0.542693,0.100000,0.020000,1,0.683412
4.217189,32.362312,0.860183,-208.734802,155.268005,234.582703,-16130.601562,11944.859375,17876.031250,0.890036,-0.358999,0.280991,0.100000,0.020000,1,0.338126
6.621833,30.840994,0.376718,542.588074,-284.463806,-14.593550,13660.166016,-12048.144531,664.099976,0.323708,-0.463039,0.825111,0.100000,0.020000,1,0.255666
6.819428,30.726912,0.981132,554.311707,-303.481750,271.946625,37224.683594,-21780.900391,9840.232422,0.741999,-0.339767,0.577924,0.100000,0.020000,1,0.805909
4.961926,31.978804,-0.191879,-491.011719,-446.672852,13.869541,-30936.498047,-27628.714844,798.936401,0.868454,-0.308954,-0.387731,0.100000,0.020000,1,0.463061
4.866815,31.992613,-0.176646,-12.478077,14.795269,-81.639008,-1338.202637,1091.915405,-7211.531250,0.605871,-0.367232,0.705734,0.100000,0.020000,1,0.686899
4.888056,32.153801,-0.112421,48.432312,58.046478,-26.077248,2856.584473,5021.890625,-1607.274536,0.910529,-0.311509,-0.271844,0.100000,0.020000,1,0.024871
7.735617,30.209669,0.383859,722.719482,-416.637390,78.423126,57168.695312,-33074.261719,5721.857910,0.859518,-0.251473,0.444960,0.100000,0.020000,1,0.151942
4.934917,31.814934,-0.014565,4.541912,-1.160064,-4.077418,-133.662430,-566.177124,-151.168121,0.973515,-0.194569,-0.120049,0.100000,0.020000,1,0.973551
5.686369,31.381084,1.079540,151.807465,-87.198624,215.612061,12518.665039,-7333.396973,18094.208984,0.981127,-0.191718,0.025178,0.100000,0.020000,1,0.346899
5.087414,31.861885,-0.329717,-164.576202,73.565872,-24.546230,-10043.025391,4467.845215,-1680.841797,0.687379,-0.289126,-0.666271,0.100000,0.020000,1,0.152138
4.594197,33.022526,-1.164468,-91.353714,311.090515,-238.819580,-7425.037598,24557.173828,-18934.533203,0.809451,-0.235578,-0.537859,0.100000,0.020000,1,0.408343
5.054812,32.266609,-0.420198,17.724232,111.870392,-132.092926,1454.698975,9079.337891,-10633.699219,0.939546,-0.184272,0.288613,0.100000,0.020000,1,0.971754
4.594401,32.011532,-0.756974,-83.781181,51.484085,-92.414177,-2281.055176,679.301147,-1364.016357,0.952422,-0.181435,-0.244897,0.100000,0.020000,1,0.331542
5.178586,31.674253,0.519503,-60.135307,45.220192,-299.973877,-5674.280762,-1998.516724,-17662.412109,0.972182,-0.170248,0.160868,0.100000,0.020000,1,0.002788
5.142540,31.830551,-0.485673,39.785652,-16.697956,-41.888283,2943.037109,-1849.848755,-3149.404053,0.435465,-0.382766,-0.814776,0.100000,0.020000,1,0.810731
5.418791,31.795881,0.737337,110.919830,-34.994377,92.748871,8649.313477,-2663.055664,7614.614746,0.660386,-0.255356,0.706175,0.100000,0.020000,1,0.270560
5.070340,31.873518,0.253309,-184.005402,-161.593323,-374.880981,-11379.442383,-10036.383789,-23679.853516,0.797859,-0.181124,0.574992,0.100000,0.020000,1,0.264955
4.724831,31.939762,0.832915,-75.202370,44.181046,117.648239,-5958.541016,3453.957275,10085.523438,0.891865,-0.108926,0.438990,0.100000,0.020000,1,0.635971
4.710112,31.944725,-0.489908,-51.628490,29.856882,-47.003139,-4537.539551,2605.135498,-4294.540039,0.917710,-0.095358,-0.385636,0.100000,0.020000,1,0.118897
4.988240,31.784149,0.079536,41.604668,-23.245914,6.716022,2341.092285,-1538.858398,739.331543,0.999807,-0.015165,0.012460,0.100000,0.020000,1,0.922232
6.196781,31.086397,0.733416,321.510315,-184.920456,278.728088,13137.214844,-7748.356445,-819.316406,0.990310,0.006814,0.138710,0.100000,0.020000,1,0.193172
4.805598,31.889597,-0.698524,-30.414097,36.086777,-88.319412,-1689.733643,-3553.180664,-4480.589844,0.546546,-0.272657,-0.791799,0.100000,0.020000,1,0.865396
6.701777,32.718124,0.687170,429.193665,271.924622,195.810028,34053.058594,21381.123047,15485.824219,0.990447,0.022496,-0.136049,0.100000,0.020000,1,0.017113
5.117976,31.898550,-0.256240,-28.223392,-4.018658,-22.829895,-1506.567017,38.550491,-1307.508423,0.757786,-0.106278,-0.643789,0.100000,0.020000,1,0.904829
3.228149,32.800339,-0.112158,-552.202576,351.365570,-6.494984,-19632.404297,7077.570312,-1287.549805,0.961700,0.074088,-0.263901,0.100000,0.020000,1,0.219953
4.963647,31.798347,0.009573,184.233521,-104.727142,525.597168,10812.862305,-7257.385742,32243.498047,0.823200,-0.012479,0.567614,0.100000,0.020000,1,0.834736
6.179062,31.333202,-0.142042,340.149048,-136.569565,33.226608,26106.501953,-10425.954102,2499.511475,0.846507,0.008108,-0.532316,0.100000,0.020000,1,0.850733
4.860481,31.857910,-0.020566,-49.379436,36.691910,355.150909,-6041.256348,-1896.180786,21231.955078,0.398734,-0.366453,0.840668,0.100000,0.020000,1,0.174612
5.168396,32.106785,0.024490,-303.201477,-277.553162,-208.863220,-18739.957031,-16372.904297,-14365.082031,0.723522,-0.074463,0.686274,0.100000,0.020000,1,0.455392
5.114645,31.711168,0.036023,28.533882,-16.358643,211.983780,1899.139526,-1122.983032,12763.254883,0.905500,0.092959,0.414039,0.100000,0.020000,1,0.624013
5.078722,31.873030,0.162856,-164.878448,33.793472,-25.251055,-10444.854492,2875.945068,-1465.549561,0.946239,0.132230,0.295208,0.100000,0.020000,1,0.295081
5.129556,31.702560,-0.697258,-59.638062,34.686722,-129.093292,-3220.169922,1800.591675,-3419.258545,0.919143,0.129822,-0.371917,0.100000,0.020000,1,0.721990
4.923709,31.888937,0.139214,92.915100,-49.428459,228.598328,5265.032227,-3404.385498,13472.466797,0.511441,-0.248955,0.822465,0.100000,0.020000,1,0.323357
5.143479,31.731686,-0.054350,5.594357,-2.360574,112.845108,485.184784,125.622238,6623.848145,0.966078,0.213471,0.145342,0.100000,0.020000,1,0.635562
5.317413,31.851822,0.020832,47.702354,-6.435243,36.408363,3871.113037,381.765411,2570.846191,0.971217,0.216534,-0.099250,0.100000,0.020000,1,0.351543
4.472892,32.081684,0.399216,-162.726929,95.274246,151.094727,-12137.718750,6553.077148,-590.978027,0.968775,0.247808,0.008191,0.100000,0.020000,1,0.251111
4.147716,32.320877,0.050958,-187.376434,123.773514,95.820511,-15729.621094,9527.001953,7761.965332,0.574415,-0.162677,-0.802236,0.100000,0.020000,1,0.476817
4.253871,32.208138,2.210213,-230.250443,133.413376,704.509766,-11777.781250,6690.339844,19390.906250,0.933747,0.249812,-0.256341,0.100000,0.020000,1,0.834149
4.975296,31.791620,-0.457077,27.945547,64.352142,-6.250399,-9158.684570,-10978.262695,-1298.624268,0.760000,0.074101,-0.645685,0.100000,0.020000,1,0.203172
4.667495,31.969332,-2.053493,-134.120010,79.024704,-552.168396,1014.702637,-1286.333008,-22795.347656,0.923754,0.266870,0.274698,0.100000,0.020000,1,0.302555
5.100752,32.066002,-0.167298,-73.832397,-267.557281,37.759377,-4719.367188,-15991.541992,3128.629150,0.634994,-0.025687,-0.772090,0.100000,0.020000,1,0.218404
5.340751,32.117516,0.291907,70.114517,78.501175,99.886383,5221.575195,6588.617188,8559.459961,0.808427,0.201304,-0.553102,0.100000,0.020000,1,0.024462
6.961817,30.644703,0.038849,631.292908,-338.253052,-56.826069,19684.953125,-17498.826172,-5096.054199,0.872535,0.314268,-0.374057,0.100000,0.020000,1,0.446922
5.200211,31.907619,0.367350,-88.985260,-83.363586,-114.313019,-5371.115234,-4784.227051,-6999.169922,0.702480,0.097719,0.704962,0.100000,0.020000,1,0.770391
5.792619,32.197407,0.002502,142.887909,106.990234,-45.331436,11647.776367,8699.450195,-3943.425293,0.781897,0.218087,0.584016,0.100000,0.020000,1,0.321542
4.659517,31.973938,-0.738762,-207.899124,139.801727,-159.626984,-9861.951172,1713.107788,-3347.259277,0.843252,0.320580,0.431457,0.100000,0.020000,1,0.080283
5.182134,32.005863,0.451312,-233.460999,-182.311096,-269.128296,-14393.694336,-11116.501953,-16648.099609,0.546955,-0.131911,0.826704,0.100000,0.020000,1,0.801834
5.968283,32.792576,-0.284851,273.622925,319.070190,-81.788757,-4326.399414,16720.044922,2286.001953,0.879032,0.463884,-0.110067,0.100000,0.020000,1,0.791157
5.173967,31.830593,-0.877567,-7.485619,15.792736,-131.659058,-500.182251,1333.683594,-10763.956055,0.727243,0.223935,-0.648823,0.100000,0.020000,1,0.230078
7.547557,31.326075,-0.081998,691.281372,-123.933350,2.683270,20814.984375,-2266.564697,1199.851318,0.847196,0.462360,-0.261692,0.100000,0.020000,1,0.866606
5.233382,31.707287,-0.080599,43.593292,-117.483536,222.285339,2726.897705,-7098.780273,13380.247070,0.858966,0.483786,0.167717,0.100000,0.020000,1,0.986648
6.969975,31.859386,-0.627102,531.300781,4.872013,-69.209900,14157.871094,1772.385864,-10813.861328,0.771198,0.348756,-0.532562,0.100000,0.020000,1,0.935080
5.211481,33.290726,1.470550,55.207031,423.108734,398.679291,3909.609619,22503.503906,9590.035156,0.693052,0.227439,0.684069,0.100000,0.020000,1,0.825056
5.385056,31.555048,-0.015215,-38.208900,26.543638,235.679550,-3004.226318,-524.241577,15010.918945,0.859474,0.510176,0.032017,0.100000,0.020000,1,0.003802
5.208457,31.789122,0.165641,97.892029,-166.708649,90.969193,6045.778320,-10183.721680,5359.831055,0.722580,0.384729,0.574335,0.100000,0.020000,1,0.187744
5.865766,32.402996,-0.551848,195.904541,219.334503,-223.610840,4627.195312,7435.556641,-5244.492676,0.796291,0.533175,0.285736,0.100000,0.020000,1,0.348892
5.695431,31.450750,0.801437,119.194275,-46.120758,274.966980,3983.084229,-1724.457275,6503.971191,0.747777,0.504299,0.431870,0.100000,0.020000,1,0.173811
4.865695,32.325706,0.489874,-111.502045,151.896820,164.367706,-8757.786133,12375.577148,13160.222656,0.761087,0.514871,-0.394531,0.100000,0.020000,1,0.027807
5.486031,31.511103,0.423949,38.990997,-22.118401,134.337585,3142.733887,-1869.647461,10440.541016,0.761151,0.640625,-0.101243,0.100000,0.020000,1,0.133916
5.504481,31.498766,0.144950,-275.589508,162.352081,9.661457,-16676.406250,9708.181641,934.595581,0.742495,0.652795,0.150200,0.100000,0.020000,1,0.437366
5.438537,31.733742,-0.038472,-104.659058,-75.064301,61.633949,-6185.303711,-4277.374023,3660.814941,0.743137,0.668129,0.036775,0.100000,0.020000,1,0.914420
5.057411,31.771030,-0.365731,189.138519,-101.071999,28.306519,11401.923828,-6616.279785,1757.957642,0.583350,0.130809,-0.801618,0.100000,0.020000,1,0.993304
5.353652,31.692276,0.133509,-0.357648,-3.065994,0.035008,-2.140074,3.037412,0.563707,0.690350,0.658744,0.299121,0.100000,0.020000,1,0.497636
6.275712,32.076622,-0.725348,305.732330,89.904465,-129.641632,9252.745117,2793.507568,-3927.767578,0.626249,0.403710,-0.666956,0.100000,0.020000,1,0.384374
5.191714,31.838223,0.139061,-20.458981,19.854221,-28.061649,-1778.320923,1828.818481,-2244.516602,0.646309,0.514409,0.563620,0.100000,0.020000,1,0.929332
5.336406,31.730181,-0.236075,-95.732460,3.018202,9.593063,-5967.999023,360.722260,600.501038,0.652205,0.547120,-0.524679,0.100000,0.020000,1,0.679443
5.990574,31.250555,-0.834799,168.971100,-92.670990,-163.497284,13343.709961,-7553.858887,-13100.959961,0.665861,0.643056,-0.378297,0.100000,0.020000,1,0.506284
5.397058,31.548119,0.274990,-258.482758,151.524338,48.452164,-16476.087891,7791.808594,2921.818115,0.604814,0.382064,0.698733,0.100000,0.020000,1,0.682931
5.260615,31.816568,-0.345136,-213.118149,64.307526,-29.206541,-13336.812500,4123.503906,-1818.110962,0.567849,0.248950,-0.784584,0.100000,0.020000,1,0.856730
5.183180,31.856491,0.366309,1.048151,-1.514106,0.064064,-1.559013,-1.651482,1.941326,0.554216,0.146314,0.819413,0.100000,0.020000,1,0.282233
5.300759,31.603716,-0.216205,6.112145,16.652033,-10.258013,-1976.607788,-2826.600342,-855.973206,0.627697,0.728161,-0.275280,0.100000,0.020000,1,0.012575
5.386743,31.728371,0.195322,-0.039717,-3.448149,0.034160,-0.564144,-2.470646,1.035158,0.585066,0.683223,0.436925,0.100000,0.020000,1,0.715833
4.811209,31.886358,-0.475222,-154.086975,98.997559,-143.146317,-5863.663086,1478.493164,-4511.962402,0.586880,0.808868,0.036103,0.100000,0.020000,1,0.503633
