posX,posY,posZ,velX,velY,velZ,forceX,forceY,forceZ,attachX,attachY,attachZ,mass,radius,state,wetness
24.132811,21.999649,0.270520,27.297096,-25.492867,39.420425,793.294800,-1474.001099,2297.575439,-0.809278,0.431697,0.398381,0.100000,0.020000,1,0.439627
25.091387,22.362141,0.358910,247.262329,84.089798,137.404602,18752.822266,6810.805176,11038.614258,-0.851964,0.453893,-0.261034,0.100000,0.020000,1,0.853635
24.165154,21.959724,0.274211,269.819946,-23.179615,-208.604324,16362.125977,-1743.707031,-12103.803711,-0.883462,0.467842,0.024864,0.100000,0.020000,1,0.736546
24.717619,22.052938,-1.748857,190.006775,78.014862,-438.473328,14749.228516,1081.306274,-20837.283203,-0.723154,0.382698,-0.574970,0.100000,0.020000,1,0.158882
24.340096,21.664812,0.503435,-28.655266,-34.308136,-102.945435,-2041.446289,-3039.464844,-6421.774902,-0.699437,0.370099,0.611403,0.100000,0.020000,1,0.103844
24.186098,21.934732,0.348777,-209.195328,-168.779007,388.607483,-13935.694336,-10615.789062,24337.621094,-0.772433,0.395064,0.497264,0.100000,0.020000,1,0.031616
24.364607,21.406883,-0.936316,109.621078,-32.727936,-87.462799,6720.011719,-3787.179199,-7135.139160,-0.641844,0.328198,-0.693053,0.100000,0.020000,1,0.476657
26.182791,21.088697,-0.964415,576.857544,-106.809669,-320.619080,17366.673828,-1672.923340,-15896.414062,-0.512396,0.261467,-0.817976,0.100000,0.020000,1,0.959263
23.797945,23.074741,0.271891,-62.677383,270.869019,130.363556,-6230.287109,21754.052734,10691.707031,-0.817099,0.415058,-0.400096,0.100000,0.020000,1,0.246057
24.195433,21.843901,0.613521,44.642853,-56.120361,-2.560954,1771.317017,-3113.893311,-208.733109,-0.550783,0.277113,0.787304,0.100000,0.020000,1,0.529578
22.823313,21.487064,-1.437106,-116.173904,134.091080,-359.343079,-15726.852539,-5263.027344,-17313.613281,-0.888311,0.446090,0.109121,0.100000,0.020000,1,0.098737
24.192173,21.689081,-0.537965,196.090515,-122.267288,-410.892700,11177.876953,-7494.042480,-25276.992188,-0.438690,0.197935,-0.876569,0.100000,0.020000,1,0.085302
24.391052,21.570244,0.800831,29.391541,-82.217972,-283.744141,1353.656372,-5197.727539,-17612.265625,-0.359800,0.159375,0.919317,0.100000,0.020000,1,0.124343
23.103724,21.677797,1.194529,-116.405701,114.029419,186.753784,-12890.119141,7041.756348,14118.942383,-0.546705,0.239360,0.802384,0.100000,0.020000,1,0.900594
24.288412,21.827717,0.161778,-512.313232,488.590057,194.317688,-32296.541016,30256.851562,12020.618164,-0.884787,0.374217,0.277694,0.100000,0.020000,1,0.577214
24.421402,21.666563,-0.750834,49.330391,-20.989529,-28.579208,3290.701660,-1830.608521,-2592.729980,-0.651190,0.272551,-0.708285,0.100000,0.020000,1,0.995973
24.786892,22.029472,0.292441,112.022194,157.028885,-147.901749,3332.221680,4680.541992,-4103.360840,-0.225978,0.094219,0.969565,0.100000,0.020000,1,0.234580
24.128773,21.490017,-0.752261,-21.519875,73.753128,-159.413574,-3178.176758,4764.869141,-9990.235352,-0.226244,0.092528,-0.969666,0.100000,0.020000,1,0.556804
24.530474,21.341805,0.798616,6.841663,-3.437318,0.455425,-31.544405,34.873131,51.518902,-0.013737,-0.029152,0.999481,0.100000,0.020000,1,0.984496
24.608559,21.361073,0.813100,-41.494644,-116.971237,-6.951057,-2732.843506,-6604.896484,-319.061768,0.060730,-0.138446,0.988506,0.100000,0.020000,1,0.813988
24.570751,21.357264,0.705408,9.652415,4.855114,-8.949100,251.039352,876.077271,-919.761902,0.046539,-0.077479,0.995907,0.100000,0.020000,1,0.929778
24.570868,21.277815,-0.786223,4.889415,-17.448359,0.549435,-50.920170,-738.417358,38.445702,0.069438,-0.106685,-0.991865,0.100000,0.020000,1,0.682842
24.488510,21.605417,-0.648021,-179.342499,-441.599609,-134.207428,-12043.113281,-26304.972656,-7873.313477,0.044752,-0.064881,-0.996889,0.100000,0.020000,1,0.614245
24.386740,21.458244,-0.250907,-67.026001,258.461853,-181.449646,-5468.264160,20002.394531,-14023.459961,0.556044,-0.693016,0.458851,0.100000,0.020000,1,0.152547
24.497393,21.483505,-0.765895,164.581207,140.156525,91.839745,9627.119141,10776.296875,5718.930176,0.218543,-0.256269,-0.941576,0.100000,0.020000,1,0.194685
24.541388,20.592581,-0.889218,12.949654,22.052385,93.380386,-173.440292,9.940408,5088.685547,0.389727,-0.279131,-0.877610,0.100000,0.020000,1,0.305367
25.053688,20.500168,-1.373110,110.368195,-11.890451,-198.390839,8043.493164,-1110.713257,-18598.689453,0.658786,-0.469711,-0.587684,0.100000,0.020000,1,0.099751
24.650826,21.097061,0.479784,-11.824627,3.843851,-40.301979,-1251.537231,836.052979,-3517.994385,0.359246,-0.252937,0.898313,0.100000,0.020000,1,0.482903
24.630587,21.087021,-1.051131,-13.431353,-3.892429,-94.618477,709.384766,562.821411,-2877.802002,0.325817,-0.226514,-0.917897,0.100000,0.020000,1,0.627270
24.704597,20.919998,0.663916,165.718292,-228.973221,-199.985596,9865.773438,-13666.398438,-12112.377930,0.600549,-0.416468,0.682565,0.100000,0.020000,1,0.829790
25.511829,19.934849,1.778841,334.320038,-141.163330,280.522675,5701.092773,-13812.638672,9589.130859,0.301752,-0.208042,0.930411,0.100000,0.020000,1,0.124912
26.488087,20.447737,0.458734,862.538940,-196.552582,262.722351,34335.437500,-11288.443359,12276.571289,0.824681,-0.564673,0.032340,0.100000,0.020000,1,0.029854
24.810087,20.833874,-0.626689,-4.216415,-18.168022,63.889519,-510.341614,-707.757996,3633.500732,0.624099,-0.403146,-0.669309,0.100000,0.020000,1,0.612038
25.014385,20.644814,0.270710,-206.765961,-83.707054,98.739090,-12612.013672,-5168.355957,5851.545898,0.747854,-0.482477,0.455994,0.100000,0.020000,1,0.305491
23.357553,21.178621,1.004644,-346.608612,204.124329,263.275543,-18357.066406,7084.901367,3927.320312,0.763881,-0.492594,-0.416938,0.100000,0.020000,1,0.993713
24.987387,20.562639,0.117858,-154.903427,91.374481,-119.433792,-9572.229492,5866.792969,-7429.690430,0.835046,-0.537893,0.115629,0.100000,0.020000,1,0.641274
24.865746,20.825449,0.644546,3.712517,-12.168787,-4.561270,261.868225,-486.207550,53.975010,0.593017,-0.381437,0.709110,0.100000,0.020000,1,0.678839
24.951830,21.045246,-0.666825,-161.762299,-31.578655,262.871826,-9720.563477,-1083.597412,16424.142578,0.516680,-0.331355,-0.789459,0.100000,0.020000,1,0.648623
26.296602,20.513186,1.317020,372.272278,-36.902927,346.778076,29116.414062,-2437.440430,27254.673828,0.848654,-0.527309,0.041600,0.100000,0.020000,1,0.554669
24.589651,20.467270,0.376663,-1.897781,77.392952,104.694572,-6973.955078,-13391.210938,10655.805664,0.812334,-0.504170,-0.293131,0.100000,0.020000,1,0.588478
25.149752,21.256969,0.149333,86.489792,133.803192,-23.551319,6362.316406,11229.083008,-2073.032227,0.791561,-0.490095,0.365016,0.100000,0.020000,1,0.041527
22.254414,21.828344,-1.030416,-496.072784,19.008986,-393.321777,-15110.458984,-35.919922,-11235.390625,-0.950376,0.152957,0.270907,0.100000,0.020000,1,0.207603
24.604879,21.518705,-0.183132,220.053772,-15.483276,30.625828,16161.548828,-2722.438965,1803.337646,-0.961842,0.154207,-0.226010,0.100000,0.020000,1,0.372381
24.220190,21.577078,-0.393344,-38.245415,67.829384,-45.262512,-2137.524658,3282.274902,-3082.240234,-0.894202,0.132062,-0.427741,0.100000,0.020000,1,0.408967
23.947042,22.033915,0.483380,127.819794,39.055565,-107.406906,7187.780273,3393.357178,-6226.451172,-0.887310,0.130531,0.442316,0.100000,0.020000,1,0.500751
24.581287,23.130459,0.955742,232.939606,373.010010,300.667206,2447.934082,15175.706055,7488.251953,-0.988101,0.143352,0.055737,0.100000,0.020000,1,0.446531
24.136040,21.741062,1.001001,11.837836,26.366310,82.621429,401.951477,1963.445801,7102.049805,-0.720618,0.036059,0.692394,0.100000,0.020000,1,0.175218
24.191521,21.292328,-0.771552,28.550842,16.390499,192.066711,1776.262451,-545.597412,11121.334961,-0.741980,0.021338,-0.670083,0.100000,0.020000,1,0.527977
23.551640,21.079250,-0.032384,59.440075,-30.473495,-375.587067,585.612915,-3669.737305,-26702.160156,-0.502206,-0.065708,0.862248,0.100000,0.020000,1,0.173865
24.315243,21.378635,0.575207,122.155128,28.811371,132.513885,4610.339844,-252.827942,3831.719971,-0.586133,-0.091499,0.805032,0.100000,0.020000,1,0.044196
24.531794,21.040621,-0.492396,-61.564850,-17.767685,59.950195,-6616.426758,2643.771484,1443.023682,-0.489928,-0.098685,-0.866159,0.100000,0.020000,1,0.181535
24.383045,21.062162,-0.008514,67.664810,-20.003311,112.466293,4390.262207,-2423.908447,4006.568359,-0.340007,-0.186482,0.921748,0.100000,0.020000,1,0.868262
23.983850,21.171259,-1.004375,2.275406,36.789089,-35.497269,-1378.398682,1722.515747,-3387.453125,-0.327404,-0.216232,-0.919810,0.100000,0.020000,1,0.202888
23.551723,21.430611,-1.138772,-156.054016,111.452393,-102.923767,-13377.318359,8207.328125,-8183.779297,-0.157066,-0.342655,-0.926239,0.100000,0.020000,1,0.506783
24.009182,21.276546,0.868337,-74.844803,34.846130,49.645927,-6454.296875,2735.304688,3653.955322,-0.128753,-0.323804,0.937323,0.100000,0.020000,1,0.078077
24.415045,21.066166,0.737217,4.040490,-3.026744,0.949540,-35.935249,-8.718693,104.790741,0.026066,-0.401582,0.915452,0.100000,0.020000,1,0.827993
24.467453,21.011333,-0.739394,-10.533291,6.526640,17.000801,-757.301208,528.295654,960.495239,0.060143,-0.436349,-0.897765,0.100000,0.020000,1,0.832886
24.413521,20.728445,0.833183,0.463358,1.803273,-113.662735,-538.707275,-137.890427,-6238.857910,0.265063,-0.583314,0.767780,0.100000,0.020000,1,0.032754
24.507761,21.085665,0.756467,41.813469,-365.518433,-182.567871,2379.969482,-22195.333984,-11175.139648,0.219754,-0.482126,0.848093,0.100000,0.020000,1,0.275935
24.455069,20.965979,-0.777711,136.900574,-32.127697,103.811218,8123.350098,-1524.388794,6040.239258,0.251614,-0.505221,-0.825495,0.100000,0.020000,1,0.610561
24.419275,20.565636,0.648378,12.971793,-6.222879,-14.683235,-326.575836,-1484.916748,-470.461823,0.417001,-0.621303,0.663395,0.100000,0.020000,1,0.971132
24.453230,20.546032,-0.202173,-124.538780,74.159416,-414.712189,-9173.815430,3573.897705,-25576.123047,0.492328,-0.730268,-0.473626,0.100000,0.020000,1,0.774662
24.069927,21.618631,0.598777,-129.279694,202.667603,39.924606,-10501.418945,16986.058594,3225.488281,0.474589,-0.693686,0.541816,0.100000,0.020000,1,0.702968
25.351896,20.669458,-1.555657,183.943420,-18.771721,-300.624542,14562.179688,-1180.667236,-23376.054688,0.449853,-0.629622,-0.633410,0.100000,0.020000,1,0.850111
24.857431,21.432970,0.341604,95.793518,203.212463,163.533035,11517.192383,22100.517578,1968.438477,0.625279,-0.758427,-0.183886,0.100000,0.020000,1,0.341169
24.949108,20.772280,1.253608,10.701408,74.382233,218.483887,-1093.365356,6951.158691,3893.759277,0.611046,-0.737427,0.287791,0.100000,0.020000,1,0.525557
25.270535,20.102167,-0.418282,153.157867,-79.938538,-160.105408,12059.632812,-6971.631348,-13265.614258,0.580536,-0.694104,0.425672,0.100000,0.020000,1,0.898904
26.909286,21.122732,0.762778,695.615479,147.618103,249.637268,41621.890625,11996.250977,10433.667969,0.643961,-0.764227,0.035665,0.100000,0.020000,1,0.836356
25.578756,22.420681,-0.237977,382.948853,131.627777,-64.343353,30316.380859,10574.055664,-5232.050293,-0.985798,0.159311,0.053118,0.100000,0.020000,1,0.148188
24.616604,22.639906,-0.248970,196.606598,176.941589,-46.050751,4157.913574,12418.390625,3136.486816,-0.969038,0.153469,-0.193421,0.100000,0.020000,1,0.888352
23.814142,21.273823,-0.264424,1.934288,17.335978,-171.164978,-1356.786865,-823.377258,-10011.291992,-0.817850,0.060382,-0.572254,0.100000,0.020000,1,0.185218
24.251125,21.299337,-0.806341,11.122140,7.524666,60.548668,291.617950,413.302368,3504.904053,-0.325657,-0.215927,-0.920501,0.100000,0.020000,1,0.679942
24.312429,21.216087,-0.732774,-9.906448,-1.749181,-41.606277,-1012.166626,49.873062,-2583.828857,-0.168666,-0.308472,-0.936161,0.100000,0.020000,1,0.114004
24.442894,20.752794,-0.825219,-171.673492,114.669571,229.375641,-10949.019531,6079.361816,14061.567383,0.005886,-0.405245,-0.914189,0.100000,0.020000,1,0.321044
24.636526,20.562933,-0.346189,-4.503556,1.646230,40.231094,-377.191223,151.138367,2407.670166,0.550339,-0.734784,-0.396510,0.100000,0.020000,1,0.829327
24.260443,22.278471,-0.254990,74.260178,196.657715,109.120789,4892.024414,15252.465820,8265.886719,-0.674929,-0.038669,-0.736869,0.100000,0.020000,1,0.016135
24.252327,20.931360,-0.483568,56.960655,-101.524445,32.803192,2191.723633,-5639.788086,2474.359863,0.334141,-0.594832,-0.731112,0.100000,0.020000,1,0.307733
24.662832,20.783167,-0.433211,1.198078,-56.830154,10.105181,-34.542282,-2910.380615,664.966675,0.528161,-0.643467,-0.554073,0.100000,0.020000,1,0.198422
25.116014,20.163372,-0.631863,112.311256,-37.453957,-280.918121,5461.244141,-8677.994141,-1381.019531,0.706218,-0.707267,0.032078,0.100000,0.020000,1,0.721990
23.891426,20.962593,1.738392,-126.896988,101.204895,261.432220,-11048.833984,7159.536133,21219.455078,0.341217,-0.541964,0.768014,0.100000,0.020000,1,0.709997
24.406660,21.740585,-1.263036,-24.896889,284.952698,-343.985779,-3102.179199,23170.492188,-26545.406250,0.701401,-0.700000,-0.134301,0.100000,0.020000,1,0.376403
24.997902,20.302048,1.537996,106.295319,-40.011284,246.445709,7898.852539,-3941.990479,20036.806641,0.537053,-0.605943,0.586862,0.100000,0.020000,1,0.502050
24.837132,20.594349,0.206948,-17.231838,2.364294,-16.266886,-907.205261,480.461487,-877.381287,0.710824,-0.669470,0.215729,0.100000,0.020000,1,0.679853
24.775473,20.776968,-0.533131,-328.580505,41.469765,103.278297,-21290.130859,3430.647705,5512.455566,0.771750,-0.518424,-0.368293,0.100000,0.020000,1,0.881216
24.783760,21.433270,-0.710073,64.219070,64.577972,-1.202127,4909.520020,6080.812500,-55.164478,0.170548,-0.398847,-0.901019,0.100000,0.020000,1,0.791194
24.816210,20.419868,0.341070,83.016220,-22.655884,52.437073,-5728.436523,3885.249756,-12260.277344,0.768529,-0.488113,0.413654,0.100000,0.020000,1,0.917481
25.406305,20.344044,-2.074822,215.231476,-61.843185,-393.539001,15844.737305,-5867.915527,-28910.634766,0.558047,-0.449363,-0.697608,0.100000,0.020000,1,0.669924
24.888144,20.670122,-0.511934,111.969429,42.479416,512.612610,6864.223633,2695.861328,31986.785156,0.737922,-0.413192,-0.533614,0.100000,0.020000,1,0.604724
24.666044,20.658642,0.560869,-8.144096,14.312696,8.714567,-1143.330322,409.977173,421.977234,0.537105,-0.394868,0.745384,0.100000,0.020000,1,0.648375
24.995455,21.462093,0.667605,480.408447,-436.969818,192.346710,29969.468750,-24081.175781,14190.716797,0.910794,-0.347322,0.223209,0.100000,0.020000,1,0.690102
25.129534,20.155567,-1.114108,280.618347,-91.284546,-293.874084,5204.357422,-18192.355469,-21836.214844,0.921962,-0.345517,-0.174941,0.100000,0.020000,1,0.683074
23.755836,21.084135,-0.733451,-289.782074,191.926849,-191.340210,-23933.308594,14066.168945,-15252.130859,0.941567,-0.335203,0.033034,0.100000,0.020000,1,0.075853
25.820383,20.881641,-0.686482,264.860779,-8.180397,-388.309479,9914.508789,-1789.741699,-12023.251953,0.764167,-0.320060,0.560009,0.100000,0.020000,1,0.711865
23.223068,21.670446,-1.229790,-544.017151,212.271484,-276.317627,-25829.992188,20567.302734,-12651.589844,0.906419,-0.270455,-0.324436,0.100000,0.020000,1,0.622804
24.839346,20.488928,-1.184997,500.267883,-238.933075,-358.715088,30372.066406,-16033.931641,-28929.785156,0.888334,-0.220724,0.402671,0.100000,0.020000,1,0.814220
24.598032,20.932205,-0.756322,42.268501,-42.505791,47.176224,2020.957397,-2633.894043,2736.494385,0.366629,-0.301121,-0.880289,0.100000,0.020000,1,0.571645
24.808014,20.613873,-0.681062,-132.141998,97.323853,75.455414,-9242.549805,5101.228516,4305.353516,0.676264,-0.154498,-0.720276,0.100000,0.020000,1,0.131746
25.841200,19.953558,0.208180,265.360107,-125.440460,132.315369,19563.888672,-11530.490234,10932.137695,0.851899,-0.091056,-0.515729,0.100000,0.020000,1,0.379623
24.569201,21.100939,0.795980,-131.220779,-185.801178,-27.045830,-8403.142578,-11284.093750,-1450.013916,0.158489,-0.344026,0.925488,0.100000,0.020000,1,0.344533
25.272621,21.292639,-0.274459,-295.340820,-170.059814,-362.409668,-18819.130859,-8783.371094,-23587.960938,0.991013,0.026875,-0.131036,0.100000,0.020000,1,0.887338
25.325621,20.765465,0.278018,36.380836,-16.461433,38.795631,2308.272705,-1291.893066,3470.252930,0.998562,0.032896,0.042329,0.100000,0.020000,1,0.252357
24.229849,22.735300,-0.224711,-128.878860,483.336365,-289.675812,-2545.028564,17125.310547,-7361.007324,0.656846,-0.111767,0.745695,0.100000,0.020000,1,0.683608
25.320944,21.028498,0.195112,-27.534985,-22.436377,-13.347723,-1710.750488,-620.394897,-653.134827,0.981267,0.038541,0.188757,0.100000,0.020000,1,0.016205
25.969933,21.407810,-0.718492,193.365204,58.564362,-166.890625,14940.192383,5859.492676,-12477.207031,0.943230,0.090730,-0.319507,0.100000,0.020000,1,0.644157
25.078196,21.123722,0.529370,27.613338,-28.580748,-22.912266,1254.165039,-938.993530,-1199.939697,0.804911,0.026629,0.592797,0.100000,0.020000,1,0.182015
24.850109,21.702749,0.440722,216.711136,-315.910522,-359.634399,11732.954102,-16745.992188,-22174.136719,0.907486,0.138273,0.396673,0.100000,0.020000,1,0.303801
24.961197,20.803408,-0.763359,37.430130,-4.928219,-6.629276,2573.024414,-1049.810425,-723.632935,0.477415,-0.123935,-0.869894,0.100000,0.020000,1,0.698181
24.813885,21.182730,-0.427436,-64.106201,-6.628402,30.279236,-5616.659180,272.862030,2376.533691,0.724085,0.121527,-0.678920,0.100000,0.020000,1,0.682095
25.458017,21.258902,-0.455922,67.755890,3.896820,-4.043112,4885.504395,1118.293335,-447.955292,0.820310,0.245828,-0.516392,0.100000,0.020000,1,0.714054
25.362894,21.400461,-0.111060,20.604504,65.678070,-59.245972,977.898438,5368.677246,-3667.796387,0.902903,0.398305,-0.161615,0.100000,0.020000,1,0.349159
24.997738,21.155964,0.617996,9.659405,21.328556,-81.149734,-120.592392,1657.214355,-4967.739746,0.659074,0.171939,0.732160,0.100000,0.020000,1,0.544259
25.284067,21.156836,0.421394,-49.444153,51.859589,35.358864,-3136.849609,3484.486084,2027.115845,0.754111,0.282782,0.592749,0.100000,0.020000,1,0.629957
25.198637,20.473848,0.732200,92.867447,-24.729111,308.573212,4841.035645,-4333.226074,21917.964844,0.883598,0.429406,0.186720,0.100000,0.020000,1,0.672041
26.626003,21.045416,-1.007341,352.864563,-86.296814,-282.892151,25699.322266,-9023.286133,-13984.598633,0.877772,0.477484,0.039061,0.100000,0.020000,1,0.977289
25.345013,21.118067,-0.969418,89.179749,-18.326885,-90.902313,7031.914551,-990.053345,-6922.895996,0.500957,0.046328,-0.864231,0.100000,0.020000,1,0.157227
25.062206,20.971378,-0.296436,-82.747513,202.253143,-35.047600,-6735.385254,11718.600586,-2357.263428,0.801481,0.498852,-0.329810,0.100000,0.020000,1,0.817885
24.615946,21.792105,0.517583,-371.151886,-185.835297,-392.842438,-26724.894531,-9436.161133,-23945.507812,0.766909,0.505319,0.395603,0.100000,0.020000,1,0.751743
25.259716,21.392513,-0.728085,-289.870117,-297.916687,232.449982,-18324.015625,-18097.453125,13824.736328,0.645170,0.381701,-0.661861,0.100000,0.020000,1,0.758968
24.734997,21.288250,0.714849,129.371124,-236.610260,37.823517,7543.300781,-13921.747070,2349.422607,0.401835,-0.079463,0.912258,0.100000,0.020000,1,0.010618
25.095631,21.420774,0.759247,81.819611,-324.921356,-525.017944,4670.703613,-19806.087891,-32393.341797,0.571642,0.371203,0.731733,0.100000,0.020000,1,0.992200
25.275213,21.468924,-0.318278,-388.466187,-58.523689,-176.859039,-24849.335938,-3139.918457,-10772.256836,0.646837,0.558753,-0.519034,0.100000,0.020000,1,0.444538
25.687126,21.703823,0.907979,162.391602,48.063293,263.801392,11273.386719,4188.779297,19732.156250,0.665544,0.714669,0.215171,0.100000,0.020000,1,0.987040
24.798552,21.069380,0.482184,-72.195938,111.002869,-159.966156,-6736.863770,5794.542969,-10002.017578,0.596265,0.556174,0.578911,0.100000,0.020000,1,0.360441
25.737057,20.900778,0.146349,108.611206,-285.391479,69.660477,2383.801270,-9392.794922,2902.522217,0.658752,0.752340,0.005555,0.100000,0.020000,1,0.006970
24.781492,21.058594,-0.781946,14.720189,9.912535,-5.925051,-373.914398,0.365433,-852.637573,0.486187,0.237325,-0.841011,0.100000,0.020000,1,0.630153
25.300642,21.826452,-0.191139,-47.050804,-193.525177,96.367508,-3563.099854,-10702.316406,5842.622559,0.638164,0.751250,-0.168438,0.100000,0.020000,1,0.616967
25.490652,21.544731,-0.386038,87.943604,-48.726776,-163.894409,6035.572266,-2986.225586,-13229.412109,0.527142,0.758435,0.383271,0.100000,0.020000,1,0.050086
25.186222,22.167717,-0.382770,0.302258,86.656006,-27.361519,-832.189758,8099.255859,-2265.285156,0.530756,0.784774,-0.320043,0.100000,0.020000,1,0.265827
24.904591,21.553986,0.539665,21.974346,69.561371,-50.490608,1225.386230,6215.587402,-3959.334717,0.406587,0.035381,0.912927,0.100000,0.020000,1,0.749430
25.088816,21.632816,0.427408,-287.162109,272.913757,768.777710,-18647.136719,17947.226562,47976.710938,0.415649,0.575667,0.704162,0.100000,0.020000,1,0.035762
25.079710,21.685658,-0.536493,142.675827,-115.241058,-221.753906,8413.489258,-6424.085938,-13964.354492,0.407018,0.603144,-0.685968,0.100000,0.020000,1,0.085070
25.046284,21.844633,0.424852,-7.256107,-37.914253,129.004303,-1673.780884,-1882.844238,10447.146484,0.340964,0.926451,-0.159475,0.100000,0.020000,1,0.829558
25.265123,22.379715,0.314987,119.521286,159.093719,108.170410,7214.777832,12753.237305,8092.532715,0.341292,0.939829,0.015552,0.100000,0.020000,1,0.349729
24.837887,21.279100,-0.806091,-172.303711,274.887024,188.466873,-11926.754883,17031.966797,11337.189453,0.371956,0.379315,-0.847212,0.100000,0.020000,1,0.803881
24.928497,21.743010,-0.563270,-1.591446,-3.464606,-22.123955,-1501.280029,286.494049,-1979.956421,0.343820,0.772528,-0.533843,0.100000,0.020000,1,0.019871
25.169844,21.713306,0.873328,31.587921,-16.453835,103.802124,1618.039429,-681.753357,8427.204102,0.335600,0.775292,0.535066,0.100000,0.020000,1,0.160324
23.875841,21.966412,-0.404375,-379.676056,62.355881,-15.299164,-8029.679199,-4892.374023,-8208.289062,0.267384,0.901119,-0.341306,0.100000,0.020000,1,0.420124
25.122723,21.809486,0.176249,33.624462,226.018799,-75.429077,1409.008667,14440.831055,-4766.916016,0.263955,0.938204,0.223835,0.100000,0.020000,1,0.127457
25.263887,21.241364,0.177525,155.342621,-42.679489,-59.835670,9911.386719,-4872.369629,-4355.915527,0.213711,0.892009,0.398305,0.100000,0.020000,1,0.246022
24.893929,21.822622,-0.416027,109.032516,-256.643311,-44.637375,5763.082520,-15484.786133,-2393.615234,0.221330,0.725130,-0.652073,0.100000,0.020000,1,0.546892
24.953053,21.776466,0.537369,71.405167,261.430450,-90.101547,3793.167236,16473.171875,-5287.131836,0.085399,0.826455,0.556487,0.100000,0.020000,1,0.486426
25.037975,21.304346,-0.296193,15.052197,-135.165512,-161.393677,757.711365,-10039.960938,-13814.232422,0.134571,0.680348,0.720429,0.100000,0.020000,1,0.794005
24.876680,21.312412,1.093215,17.541878,-256.572388,329.406250,-3425.860596,-2037.359375,4481.335938,-0.003773,0.980864,0.194656,0.100000,0.020000,1,0.885700
23.877422,22.482212,0.085726,-176.041138,126.601685,117.226364,-16398.941406,10274.535156,8208.902344,-0.010489,0.990644,-0.136067,0.100000,0.020000,1,0.989407
24.866037,21.438679,0.781168,31.677410,-36.249722,-37.414566,1442.139160,-1588.220947,-2113.899658,0.346550,0.228962,0.909659,0.100000,0.020000,1,0.056101
24.690407,21.164656,0.477483,-34.310135,-230.819336,263.182251,-3907.063232,-17320.986328,20333.349609,0.039052,0.853046,-0.520371,0.100000,0.020000,1,0.539988
25.333912,22.119473,0.109771,133.366577,159.390839,-130.197052,9723.799805,13068.329102,-10702.500977,0.271918,0.372129,0.887457,0.100000,0.020000,1,0.673073
24.512980,21.670286,0.348687,-107.408600,-5.362269,281.767792,-9000.676758,198.906799,21986.675781,0.188198,0.529040,-0.827465,0.100000,0.020000,1,0.714499
28.096241,22.653477,-1.910982,982.611816,158.849274,-555.368164,40241.332031,1179.836426,-21918.291016,-0.055722,0.998446,0.000719,0.100000,0.020000,1,0.623088
24.504225,20.722340,0.600605,311.770233,-117.652023,110.253021,9490.822266,-8035.057617,1307.619629,-0.118848,0.945695,-0.302549,0.100000,0.020000,1,0.062080
24.735056,21.828032,-0.706157,-10.952709,-14.593788,154.655212,-1851.223389,-784.026978,8983.548828,-0.033115,0.754801,-0.655118,0.100000,0.020000,1,0.548814
24.780094,22.001801,0.246368,6.780725,2.112838,7.551668,-570.651489,298.444214,343.831360,-0.151959,0.924150,0.350507,0.100000,0.020000,1,0.558245
24.898457,21.689013,0.731586,-43.270012,-104.478363,-50.609612,-3122.164062,-5829.930664,-3041.025635,0.163318,0.454594,0.875598,0.100000,0.020000,1,0.267838
24.575439,22.496609,-0.044828,-34.648178,210.490082,193.813141,-4314.393066,14173.990234,6271.183594,0.052376,0.587035,-0.807866,0.100000,0.020000,1,0.317592
24.704775,22.012712,-0.614737,-21.306728,-18.973667,-169.651154,-2005.493530,-951.873047,-11791.937500,-0.210592,0.845355,-0.490944,0.100000,0.020000,1,0.569669
24.623043,22.014170,0.000491,27.360983,-2.323421,-21.194660,649.904053,-335.674133,-1914.482422,-0.360863,0.916147,0.174504,0.100000,0.020000,1,0.929261
26.374723,21.399132,-0.380325,531.631470,-187.810776,-26.914429,22390.363281,-4683.640137,-9411.191406,-0.368906,0.921539,-0.121139,0.100000,0.020000,1,0.628587
24.660889,22.304935,0.079775,46.682076,-283.365601,51.301552,2036.454956,-16912.152344,3407.829834,-0.372265,0.926813,0.049373,0.100000,0.020000,1,0.982503
23.711508,22.475060,2.049139,-349.882690,253.468140,427.040100,-27117.585938,18880.761719,33097.617188,-0.121134,0.672697,0.729936,0.100000,0.020000,1,0.651880
25.503363,23.036949,0.201776,295.255493,304.759705,-124.549805,9807.154297,2166.416992,-3770.755127,-0.253934,0.796874,0.548187,0.100000,0.020000,1,0.175271
24.546438,21.859266,0.526858,-1.807079,-71.374069,196.287537,-1394.406372,-5237.901367,15666.111328,-0.369829,0.870765,-0.324029,0.100000,0.020000,1,0.518350
24.438232,21.680649,0.496841,-216.812347,10.547604,316.466431,-15077.234375,-799.977478,20771.341797,-0.447688,0.806524,0.386128,0.100000,0.020000,1,0.560167
24.695780,21.970394,0.638463,-176.245148,-80.775665,-156.843170,-11528.906250,-4665.204590,-9510.472656,-0.303390,0.660229,0.687061,0.100000,0.020000,1,0.000190
24.399082,22.116058,-0.334904,315.265350,-147.261093,-414.736969,18336.203125,-8300.516602,-25331.449219,-0.330859,0.656971,-0.677437,0.100000,0.020000,1,0.041171
24.674856,21.720688,0.750803,1.332418,-3.418860,7.701389,-795.530823,195.721710,732.672363,-0.028782,0.489102,0.871751,0.100000,0.020000,1,0.449894
25.533323,22.466391,-0.216999,466.836212,119.542915,207.592026,17793.994141,3006.050781,11301.333008,-0.498977,0.725492,-0.474007,0.100000,0.020000,1,0.006507
24.586538,21.887411,-0.721349,44.681290,-100.588211,109.106506,1887.311157,-5811.467773,6517.980469,-0.205466,0.566913,-0.797743,0.100000,0.020000,1,0.338945
25.456137,23.969727,-0.215952,309.790863,522.927673,-64.726776,21888.109375,29647.746094,-5014.149414,-0.633810,0.772724,0.034398,0.100000,0.020000,1,0.890345
25.203564,22.529713,0.688156,212.187103,124.500992,72.734116,15565.958008,10181.356445,5678.270020,-0.490865,0.684248,0.539311,0.100000,0.020000,1,0.498598
23.057064,22.351364,0.392585,-307.107239,46.141205,71.095535,-25923.417969,4022.614990,5494.227051,-0.635670,0.747916,0.191165,0.100000,0.020000,1,0.693057
24.348257,21.990597,-0.159199,-11.006062,97.464737,52.488670,-1663.939453,5741.944824,3129.891846,-0.678823,0.719772,-0.145357,0.100000,0.020000,1,0.350743
23.868378,21.535343,0.735128,-102.970505,-160.836853,196.453552,-9414.378906,-12304.743164,16562.626953,-0.664229,0.671355,-0.328760,0.100000,0.020000,1,0.982947
24.305141,22.031353,-0.478273,77.039124,-246.988281,-90.717651,3578.960938,-15092.175781,-5601.545898,-0.514879,0.570063,-0.640257,0.100000,0.020000,1,0.924030
23.959196,22.710512,0.859811,23.382355,354.248962,154.768036,-4031.163818,11538.628906,4653.041016,-0.705029,0.619682,0.344858,0.100000,0.020000,1,0.465233
24.631067,22.550152,-0.141566,90.496460,119.064514,40.748116,6359.222656,9875.917969,3511.757080,-0.703665,0.540041,-0.461747,0.100000,0.020000,1,0.448897
25.341932,22.167999,-0.482078,240.965820,134.847031,113.418335,17992.832031,10185.485352,7830.464355,-0.343743,0.475240,-0.809931,0.100000,0.020000,1,0.518225
24.355482,21.990677,0.639332,19.654001,-47.725647,-60.584381,366.625885,-2534.867676,-3413.110840,-0.535039,0.499028,0.681692,0.100000,0.020000,1,0.614387
23.971943,22.823633,0.962297,-68.320358,184.715790,117.246735,-6339.744629,15350.026367,9625.612305,-0.688960,0.481548,0.541707,0.100000,0.020000,1,0.877444
23.498846,23.104235,-1.181687,-182.594788,341.229919,-353.575867,-14015.029297,10231.226562,-21501.324219,-0.868862,0.494207,0.028957,0.100000,0.020000,1,0.485110
24.033064,21.212204,0.760010,32.518150,74.121643,100.611862,775.030212,1292.900146,10044.733398,-0.866807,0.473550,-0.156197,0.100000,0.020000,1,0.654638
24.060804,22.061487,0.160714,2.274494,-106.595459,-9.166258,-887.833740,-6482.576172,-529.604187,-0.882709,0.430783,0.187750,0.100000,0.020000,1,0.850129
24.540031,21.737322,0.765796,32.197632,3.950714,8.378050,1212.113037,539.942322,804.471863,-0.209684,0.422296,0.881872,0.100000,0.020000,1,0.374392
24.733440,22.083124,0.434394,145.231110,32.927162,-23.162180,10924.520508,2601.570801,-865.440918,-0.843983,0.390692,0.367495,0.100000,0.020000,1,0.921503
23.742905,23.815990,-2.380666,-99.785194,659.503601,-792.320312,-4966.406250,20149.847656,-26455.285156,-0.872471,0.386565,-0.298936,0.100000,0.020000,1,0.303498
24.554264,21.654213,0.645216,-212.118988,180.444855,49.334129,-13742.666992,11196.804688,2946.732666,-0.330053,0.381389,0.863486,0.100000,0.020000,1,0.683839
23.847778,21.960699,-0.950851,-74.253662,32.737343,-87.872787,-6857.340820,2632.121582,-7341.032715,-0.691209,0.300778,-0.657087,0.100000,0.020000,1,0.208493
24.610273,21.072121,-0.475019,203.524597,-74.707489,-30.205360,14306.801758,-8079.991211,-2304.244385,-0.834730,0.272219,-0.478667,0.100000,0.020000,1,0.799984
24.438620,21.787035,1.233688,70.498215,35.778458,142.103394,4697.344238,2277.878906,11757.282227,-0.646943,0.267671,0.714015,0.100000,0.020000,1,0.918282
23.913095,21.938066,0.396611,0.464848,31.184120,2.399260,-1302.217285,2379.519043,128.519974,-0.835290,0.213444,0.506687,0.100000,0.020000,1,0.574616
23.829521,21.800112,-0.040253,28.940100,-4.531754,-10.328533,605.329407,-628.858154,-365.539337,-0.975357,0.172875,-0.137086,0.100000,0.020000,1,0.152547
24.351719,21.418505,-0.165987,110.256271,-97.753220,-31.030045,7176.289551,-8284.824219,-3055.413086,-0.984812,0.168737,0.040910,0.100000,0.020000,1,0.223921
24.284481,21.922951,-0.751654,54.667076,-120.155823,153.647888,2584.528320,-6783.242676,9253.557617,-0.498047,0.301518,-0.813041,0.100000,0.020000,1,0.691953
23.958090,21.930309,0.304110,-12.824394,45.112892,35.588463,-1433.341553,3171.787598,2804.290527,-0.967506,0.133104,0.214978,0.100000,0.020000,1,0.300847
23.804657,22.160170,-0.926853,5.338449,144.752350,-184.418579,-814.423157,10699.362305,-14435.717773,-0.944491,0.047299,-0.325114,0.100000,0.020000,1,0.629601
24.239601,21.614914,0.351311,122.710159,38.362328,51.938377,3086.281494,2533.169434,-2850.252441,-0.929276,0.029216,0.368230,0.100000,0.020000,1,0.134094
24.330805,21.877237,0.624947,91.285736,-370.869995,83.242035,5169.476562,-22582.947266,5060.333496,-0.478049,0.236147,0.845993,0.100000,0.020000,1,0.419875
24.921059,22.963953,-0.872253,273.842468,355.569885,-86.100952,20278.455078,27651.156250,-6980.149414,-0.770557,0.073305,-0.633142,0.100000,0.020000,1,0.570683
24.158930,21.647631,0.529489,-16.770336,4.394313,-21.415638,-1353.252075,43.248062,-1370.694580,-0.735610,0.077803,0.672922,0.100000,0.020000,1,0.657094
24.057766,22.722454,0.106741,60.619400,356.376770,145.311737,3695.494141,26683.179688,11154.203125,-0.886210,-0.011103,-0.463150,0.100000,0.020000,1,0.804682
23.899805,21.750648,0.057587,-84.875992,-45.981571,50.389687,-5664.095215,-2741.845215,3393.174805,-0.994354,-0.105777,0.008477,0.100000,0.020000,1,0.655207
24.494184,20.877769,-0.603210,146.775116,-57.749222,123.799248,11012.367188,-6963.972168,3633.507812,-0.862992,-0.068449,0.500560,0.100000,0.020000,1,0.194364
25.568390,21.824957,-0.721152,482.257080,112.489380,-74.585709,28487.884766,13237.705078,-3353.618652,-0.974957,-0.172160,-0.140783,0.100000,0.020000,1,0.581057
23.425112,21.453083,-0.898765,-118.981964,113.649536,-0.033035,-11347.820312,6397.751953,-1064.187378,-0.574751,0.099306,-0.812281,0.100000,0.020000,1,0.322806
23.471325,21.604052,-0.280768,-127.824646,88.852234,197.354523,-10040.278320,5519.688965,10662.700195,-0.958739,-0.213865,0.187301,0.100000,0.020000,1,0.491231
23.678267,21.605204,-0.167699,21.226007,-66.825867,-166.973938,92.206841,-4165.876953,-12477.036133,-0.901224,-0.220747,0.372917,0.100000,0.020000,1,0.149896
23.940012,21.212423,-0.492389,60.342232,-2.392490,-37.902496,3781.784668,-1718.107422,-3520.259521,-0.927117,-0.248674,-0.280383,0.100000,0.020000,1,0.396172
24.211123,21.226856,-0.149095,54.954453,-18.534035,167.623993,3905.144287,-2576.942627,12086.456055,-0.751492,-0.152113,-0.641966,0.100000,0.020000,1,0.478526
26.063751,22.392853,-0.766531,599.519043,237.525208,-109.644882,46532.539062,18617.085938,-8607.792969,-0.843671,-0.281333,-0.457242,0.100000,0.020000,1,0.294263
24.170856,21.594532,0.723485,4.802746,-2.213560,7.955652,-588.941040,-135.866425,668.845947,-0.500654,0.085512,0.861414,0.100000,0.020000,1,0.574171
23.945236,20.993109,0.584569,-309.700897,225.408234,-57.957497,-20306.099609,12042.309570,-3515.765869,-0.696434,-0.183977,0.693637,0.100000,0.020000,1,0.836374
23.310913,21.760511,-0.426646,-286.352539,278.048340,-88.162979,-20398.830078,18952.152344,-7357.559570,-0.883729,-0.467990,0.002931,0.100000,0.020000,1,0.718200
24.174032,21.493574,-0.668378,13.328103,-13.121418,-2.625220,469.389465,-1019.544189,-263.005310,-0.579437,-0.058811,-0.812892,0.100000,0.020000,1,0.917570
23.557526,21.485855,0.089644,-16.822304,23.718540,-6.172802,-2404.323975,1812.233765,-626.706909,-0.861179,-0.473655,0.184449,0.100000,0.020000,1,0.914189
23.369480,21.920301,-0.694586,-63.956284,133.981323,-135.224274,-6116.022949,10689.635742,-11055.982422,-0.854494,-0.506521,-0.115221,0.100000,0.020000,1,0.203582
23.848665,20.931793,0.969494,55.495338,-47.208778,93.942535,2505.927734,-2703.258301,10976.091797,-0.752292,-0.378618,0.539171,0.100000,0.020000,1,0.960936
24.808046,21.405308,0.326256,170.267212,-19.462231,-68.345230,13084.226562,-1662.615845,-5653.692871,-0.570793,-0.099119,0.815089,0.100000,0.020000,1,0.786763
21.929646,24.741632,-0.004898,-524.092285,989.600586,35.576141,-24421.900391,37788.089844,9809.324219,-0.792666,-0.532689,-0.296519,0.100000,0.020000,1,0.409198
23.848541,21.259005,0.513477,-0.166975,1.088263,72.642250,-256.538879,-217.545135,5578.389160,-0.770828,-0.533876,0.347564,0.100000,0.020000,1,0.866500
24.166714,21.006876,-0.535580,-208.138550,142.325241,154.941925,-12608.334961,7430.990234,9618.173828,-0.678439,-0.384377,-0.626079,0.100000,0.020000,1,0.217337
23.202433,21.403618,-1.470986,-93.993637,86.269424,-258.937897,-9035.169922,5912.289551,-20982.509766,-0.707350,-0.540932,-0.455025,0.100000,0.020000,1,0.481871
24.036465,21.058668,0.662549,16.038479,-1.733734,48.773132,1291.245972,-978.385132,4156.471680,-0.663837,-0.547135,0.509866,0.100000,0.020000,1,0.115232
22.028193,22.000036,0.599036,-589.368103,143.178085,339.446106,-22724.437500,2401.341553,19230.210938,-0.556481,-0.266252,-0.787044,0.100000,0.020000,1,0.046883
24.323288,21.785292,0.045626,74.161377,132.872314,-108.287376,2372.196045,11910.063477,-136.400879,-0.605683,-0.422505,0.674268,0.100000,0.020000,1,0.744216
23.843882,21.224657,0.008926,-148.211792,-291.889648,-349.741394,-9473.979492,-18232.621094,-21580.099609,-0.693969,-0.706604,-0.138267,0.100000,0.020000,1,0.091992
23.800688,21.370937,-0.312314,628.050842,-1420.283691,1178.704224,39362.636719,-88759.929688,73046.296875,-0.682902,-0.730359,0.014854,0.100000,0.020000,1,0.457012
23.595798,21.332121,-0.357183,59.499416,-168.502563,469.163208,2459.764648,-9823.519531,29070.128906,-0.630091,-0.721889,-0.286113,0.100000,0.020000,1,0.253193
23.906742,21.275208,0.140267,-202.325623,-450.168457,112.193130,-12706.766602,-27791.861328,6987.488770,-0.635691,-0.744180,0.205165,0.100000,0.020000,1,0.270828
24.183445,20.939766,-0.258440,130.881958,-358.540344,-5.354385,9311.447266,-23278.433594,-2559.197754,-0.571944,-0.744621,0.344122,0.100000,0.020000,1,0.658055
24.284966,20.847498,0.671457,102.334961,-53.104904,-331.942505,7399.669434,-4734.818359,-20296.412109,-0.508878,-0.566362,0.648288,0.100000,0.020000,1,0.596539
23.458105,21.120565,-0.511945,4.602493,7.154216,40.894024,260.064453,-2443.672607,1136.981323,-0.510872,-0.578556,-0.635832,0.100000,0.020000,1,0.928389
22.771452,21.517008,0.562441,-251.577942,169.617722,35.682991,-12687.664062,1709.656006,3920.082275,-0.457697,-0.269217,0.847370,0.100000,0.020000,1,0.184737
23.826212,21.088356,-0.237915,74.605118,-24.554047,-163.548981,4001.831787,-1324.129150,-9790.865234,-0.464452,-0.756540,-0.460359,0.100000,0.020000,1,0.353626
23.876329,20.997559,0.554086,-6.271572,8.071572,-58.869057,-985.998413,340.516937,-3089.070312,-0.445450,-0.736396,0.509210,0.100000,0.020000,1,0.433007
24.712273,20.420918,2.201966,-137.614014,86.858551,769.500244,-14239.750000,8380.724609,27402.277344,-0.423714,-0.887500,0.181133,0.100000,0.020000,1,0.159238
23.548216,21.217600,0.259923,-94.586639,82.128799,84.779999,-7665.255371,6416.834473,6858.382812,-0.421753,-0.897788,-0.126888,0.100000,0.020000,1,0.299032
24.485008,22.505287,-1.147551,92.230911,354.439697,-140.894562,7095.407227,27707.740234,-11047.221680,-0.428107,-0.426842,-0.796574,0.100000,0.020000,1,0.528137
25.022554,21.518881,-0.229699,245.604797,169.869324,-51.670822,19948.853516,13306.466797,-4311.338867,-0.400435,-0.915924,0.027121,0.100000,0.020000,1,0.362078
23.970602,21.121445,-0.220926,6.370384,66.199341,174.471710,498.634277,4989.624023,11161.191406,-0.355194,-0.880330,-0.314414,0.100000,0.020000,1,0.917357
23.754148,21.324717,0.761468,-82.739365,25.113823,-68.937057,-1985.428467,885.439636,-4318.634766,-0.395635,-0.393588,0.829796,0.100000,0.020000,1,0.092579
23.960356,21.068192,0.313815,60.939735,-21.269566,-10.359436,3539.970215,-585.905640,-574.603699,-0.316478,-0.872815,0.371533,0.100000,0.020000,1,0.072685
25.117319,20.980448,-1.352810,253.906189,-31.075958,-185.059174,19988.343750,-2539.044189,-14813.480469,-0.356437,-0.543253,-0.760150,0.100000,0.020000,1,0.003838
24.006987,21.160225,0.342532,-154.139160,-150.712891,213.457031,-10113.345703,-8736.034180,16878.621094,-0.317634,-0.738195,-0.595127,0.100000,0.020000,1,0.570345
24.339952,21.639360,0.097363,79.317490,251.626038,407.725433,2003.316406,7696.865234,18299.007812,-0.258005,-0.846750,-0.465240,0.100000,0.020000,1,0.516250
24.097494,20.751415,0.002295,85.233261,-48.866951,-178.845413,5411.114746,-3207.750732,-11334.203125,-0.172179,-0.985001,0.011255,0.100000,0.020000,1,0.405639
23.945341,21.073584,0.517932,56.117302,-154.689850,-77.868011,2594.428223,-9261.701172,-4979.565918,-0.229822,-0.703895,0.672097,0.100000,0.020000,1,0.083344
25.176804,20.594252,0.772387,271.521301,-53.650223,-13.397005,21456.333984,-4431.202148,641.182556,-0.176169,-0.832693,0.524964,0.100000,0.020000,1,0.759110
24.208092,20.952623,0.487252,-167.798676,-158.849396,7.668926,-10172.215820,-9080.629883,1920.196411,-0.123034,-0.975767,0.180944,0.100000,0.020000,1,0.211127
24.776348,20.359480,-0.139804,-284.017944,169.111069,116.747002,-16709.632812,7132.156738,7414.666504,-0.099442,-0.982153,-0.159644,0.100000,0.020000,1,0.433897
25.831142,19.750492,-1.123686,452.459229,-232.878906,-155.503021,23536.781250,-10699.535156,-23010.582031,-0.065569,-0.947677,-0.312424,0.100000,0.020000,1,0.370851
24.338078,20.612860,0.120243,-394.084412,227.628693,-211.385620,-24136.466797,13936.357422,-13900.120117,-0.062686,-0.945487,0.319569,0.100000,0.020000,1,0.124574
24.279737,21.130735,0.611814,52.122101,-275.575012,-95.163010,3358.777100,-17241.300781,-6210.080078,-0.245525,-0.497044,0.832265,0.100000,0.020000,1,0.565505
24.291597,21.154728,-0.145124,-19.703815,66.743942,18.307106,-972.459534,5622.238770,2537.791992,-0.074297,-0.796791,-0.599670,0.100000,0.020000,1,0.436548
24.945274,20.806618,-0.647822,106.178711,-23.829269,-384.215271,9595.202148,-2126.205811,-24464.707031,-0.151826,-0.641232,-0.752177,0.100000,0.020000,1,0.149807
24.832968,21.223379,0.114061,184.792114,115.858200,100.134201,6198.027344,7026.483887,6189.163574,0.005402,-0.898507,-0.438926,0.100000,0.020000,1,0.540379
24.086678,20.809862,-0.495552,-26.615108,26.821609,499.840576,-2481.644531,1647.663086,27305.660156,-0.025682,-0.754778,0.655477,0.100000,0.020000,1,0.719748
24.362471,20.598431,-0.243667,-193.819122,113.537560,77.352905,-12347.458984,6555.334961,3851.725098,0.144597,-0.989402,0.013218,0.100000,0.020000,1,0.291273
24.234035,20.727184,0.753613,23.140392,-49.632751,-438.875427,1209.581421,-3006.462891,-26194.517578,0.082422,-0.864958,0.495029,0.100000,0.020000,1,0.251467
24.320986,20.622383,0.072120,6.710918,-3.115544,104.957993,354.007629,-381.433136,6434.731445,0.163117,-0.973273,0.161657,0.100000,0.020000,1,0.792012
23.864191,20.886114,0.366431,-74.496971,43.808990,58.107319,-18330.822266,10399.070312,7306.990234,0.193284,-0.972870,-0.127140,0.100000,0.020000,1,0.879063
24.500868,21.520182,1.004092,24.655945,208.110352,163.564850,2117.597900,16985.273438,13344.359375,0.227069,-0.907021,0.354615,0.100000,0.020000,1,0.594724
25.687447,19.833456,-0.175990,351.007660,-202.396408,18.693401,22991.384766,-13332.352539,-7251.753906,0.245002,-0.927047,-0.283827,0.100000,0.020000,1,0.957288
24.331179,21.073643,0.875262,18.546524,8.135107,42.023216,1177.402588,925.414001,3589.608643,-0.091085,-0.564539,0.820365,0.100000,0.020000,1,0.899936
24.233391,20.882349,-0.759060,49.448891,-25.144073,145.611420,2599.597168,-1460.045898,8495.945312,0.029393,-0.664304,-0.746885,0.100000,0.020000,1,0.509221
23.515965,21.131891,0.112926,-145.523834,86.372299,388.398132,-12791.340820,7117.026367,27071.482422,0.138466,-0.765563,-0.628283,0.100000,0.020000,1,0.039641
24.359915,20.736618,0.744259,-17.665939,13.947788,39.540199,-1340.485962,864.104065,3417.281006,0.167664,-0.732326,0.659990,0.100000,0.020000,1,0.131603
24.165066,20.712402,0.186808,-12.152092,101.669724,106.423508,-7886.659180,-14750.229492,2134.385742,0.311795,-0.822762,-0.475234,0.100000,0.020000,1,0.013305
24.614000,20.453211,0.063596,-372.110718,219.398666,-85.939751,-24440.603516,11815.745117,-5329.305664,0.448142,-0.893251,0.035665,0.100000,0.020000,1,0.581289
24.558319,20.829515,1.461065,-7.416045,89.373962,287.113403,-228.962799,6568.329102,22607.400391,0.353088,-0.797731,0.488829,0.100000,0.020000,1,0.945863
24.649132,20.726166,-0.430705,-126.765472,-103.981827,40.045959,-6976.673340,-4582.125977,5193.708984,0.480040,-0.853478,0.202822,0.100000,0.020000,1,0.386777
24.597960,20.636971,-0.041926,-52.255928,-44.477249,-177.130432,-3128.793701,-2239.946045,-10873.186523,0.488316,-0.860447,-0.145530,0.100000,0.020000,1,0.094430
24.840511,20.439037,-0.121169,-244.260391,73.985870,142.695984,-14452.660156,4304.347168,9521.262695,0.520666,-0.796371,-0.307733,0.100000,0.020000,1,0.283390
25.886810,20.756506,0.836473,250.058197,-67.088028,342.747009,4654.986816,-6342.060059,15092.550781,0.522774,-0.774052,0.357142,0.100000,0.020000,1,0.510894
24.369793,20.676975,-1.055915,241.088654,-127.532730,195.870544,14564.035156,-8461.964844,10432.480469,0.252028,-0.613623,-0.748297,0.100000,0.020000,1,0.103986
24.352734,20.760956,-0.964792,178.195557,-123.625397,830.430298,10235.748047,-7382.571289,50426.113281,0.406075,-0.675654,-0.615301,0.100000,0.020000,1,0.216145
23.985069,22.622824,0.412505,-142.235214,559.946350,196.271759,-11607.239258,36966.640625,9489.093750,0.532001,-0.729802,-0.429377,0.100000,0.020000,1,0.513990
24.527643,20.880785,0.709352,-141.644958,17.852043,-13.937115,-8703.950195,1102.861450,-668.189758,0.114507,-0.545762,0.830080,0.100000,0.020000,1,0.045904
24.767677,20.682327,0.089964,3.281025,-53.325294,-1.692208,333.438232,-2557.630127,188.398865,0.674814,-0.737586,0.024347,0.100000,0.020000,1,0.785553
25.240955,21.453999,0.169226,181.520630,179.606537,-123.478912,14058.755859,14504.986328,-9311.297852,0.402638,-0.622886,0.670743,0.100000,0.020000,1,0.488241
24.740517,20.754057,0.253811,-15.827990,26.987907,-58.887115,-833.635925,2344.598145,-4356.734863,0.555130,-0.654929,0.512737,0.100000,0.020000,1,0.964441
24.583717,20.916603,-0.291602,-365.676697,-147.154022,-112.220596,-23888.544922,-7554.326172,-7826.717285,0.704000,-0.695587,-0.143327,0.100000,0.020000,1,0.381670
24.818909,20.778637,0.211700,-126.324982,-387.782227,35.818512,-7860.140625,-23357.943359,2505.683350,0.711834,-0.675324,0.192952,0.100000,0.020000,1,0.721207
24.399784,20.900276,0.698049,124.289810,-149.552567,-84.094009,7126.024414,-9109.417969,-5054.951172,0.262816,-0.534459,0.803294,0.100000,0.020000,1,0.984282
24.421516,20.851843,-0.176241,-115.188477,69.557419,10.404751,-8934.532227,5703.336914,906.462769,0.719189,-0.627958,-0.297380,0.100000,0.020000,1,0.459894
24.906343,20.621540,0.231440,-18.950832,40.905815,26.917881,-968.528625,2872.317383,1594.194702,0.740141,-0.589653,0.323266,0.100000,0.020000,1,0.645758
23.806677,21.550564,0.470958,-313.316864,232.709808,-28.756781,-5122.279297,4899.237305,804.444824,0.557175,-0.541709,0.629371,0.100000,0.020000,1,0.966719
23.661201,21.003307,-1.608054,-198.090530,182.667923,-285.672791,-13583.595703,-4616.984863,-8600.818359,0.569179,-0.544341,-0.616220,0.100000,0.020000,1,0.675191
26.423992,21.848173,-0.044892,414.250427,314.160645,45.252213,18667.517578,12521.137695,6793.060547,0.717208,-0.543031,-0.436727,0.100000,0.020000,1,0.948052
24.484320,20.976711,-0.523611,143.612152,-42.344849,129.691818,8272.706055,-1851.120605,8558.771484,0.394051,-0.498519,-0.772141,0.100000,0.020000,1,0.873333
24.776424,20.776470,0.359963,18.456514,-520.667114,425.226776,742.947144,-32217.455078,26723.037109,0.713242,-0.502107,0.489054,0.100000,0.020000,1,0.883387
24.483150,20.882439,0.301293,5.344118,-47.911575,-63.447342,-618.870667,-2618.376221,-5316.896973,0.427609,-0.464825,0.775299,0.100000,0.020000,1,0.440552
25.021492,20.708540,-0.161629,-141.360947,-44.946037,-173.991196,-8846.185547,-2357.273193,-10752.189453,0.857882,-0.435261,-0.273105,0.100000,0.020000,1,0.514559
26.370392,22.469238,0.840544,406.769379,548.559692,163.947052,26070.705078,14186.643555,3601.125000,0.880297,-0.433138,0.193567,0.100000,0.020000,1,0.606842
25.335808,21.498230,0.623286,72.033173,208.968506,171.737000,5836.609863,17040.072266,13815.500977,0.894065,-0.433768,-0.111770,0.100000,0.020000,1,0.159345
24.711309,20.501118,0.693823,-286.596313,197.008408,170.171722,-19422.023438,12135.493164,13589.607422,0.899966,-0.435686,0.015439,0.100000,0.020000,1,0.219615
25.017147,20.834011,-0.443630,-354.786804,-135.576202,-13.274059,-21982.458984,-7951.788086,-753.390259,0.703193,-0.404824,-0.584498,0.100000,0.020000,1,0.292163
24.642199,20.484785,0.343867,-49.844166,43.279099,115.449677,-1353.945312,1193.808472,977.932251,0.867336,-0.367236,0.335954,0.100000,0.020000,1,0.711527
25.458954,21.496956,0.922482,151.306778,183.069794,91.744141,4544.929688,3485.463867,3658.479248,0.693267,-0.317913,0.646771,0.100000,0.020000,1,0.422989
24.800718,20.913010,-0.585386,12.667124,2.022036,-13.031801,563.297363,587.820618,-755.232788,0.557500,-0.338659,-0.757960,0.100000,0.020000,1,0.747864
24.900261,20.609154,-0.634989,-42.692406,-81.367691,-51.063889,-3482.766357,-5558.753906,-4380.676270,0.854869,-0.256283,-0.451131,0.100000,0.020000,1,0.398770
24.869139,20.449289,-0.378698,-28.008972,-164.604370,-254.878143,-2152.055908,-2633.175781,-6097.919922,0.838068,-0.220068,0.499212,0.100000,0.020000,1,0.517015
26.957029,21.243652,-2.457227,611.195435,54.304070,-757.048157,17512.796875,3535.105469,-24086.574219,0.983884,-0.174129,0.040629,0.100000,0.020000,1,0.872675
26.526983,19.348749,1.452750,465.067688,-142.977722,394.568359,9006.648438,-31514.845703,8797.972656,0.979238,-0.170795,-0.109184,0.100000,0.020000,1,0.878725
24.125736,20.735111,1.597227,-147.234802,103.073418,372.037537,-23481.111328,8950.589844,20747.718750,0.974580,-0.148117,0.168095,0.100000,0.020000,1,0.063112
24.700016,20.930374,0.657899,224.054535,-58.629501,22.269657,13505.483398,-3331.855225,1514.694092,0.523386,-0.303651,0.796155,0.100000,0.020000,1,0.589296
25.335531,20.836554,0.046735,57.514435,-31.030640,30.932487,4160.440430,-1564.245972,3092.264160,0.949018,-0.135108,-0.284798,0.100000,0.020000,1,0.522033
25.262835,20.985094,0.335124,-122.678314,-146.485794,-25.120895,-7536.117676,-8298.897461,-1236.691650,0.941311,-0.115757,0.317070,0.100000,0.020000,1,0.026526
24.713173,20.967636,0.023065,-46.486771,52.815689,-158.665680,-2592.506836,-1095.703125,-5677.310547,0.758599,-0.137921,0.636793,0.100000,0.020000,1,0.294743
25.169521,20.910734,-1.093035,34.696434,-24.823723,-130.027252,2443.127686,-1240.948364,-10751.368164,0.782969,-0.120655,-0.610247,0.100000,0.020000,1,0.723449
24.694241,20.517193,-0.452427,-87.394211,83.884842,-434.619324,-6763.509277,3865.986084,-26873.375000,0.648696,-0.181823,-0.739008,0.100000,0.020000,1,0.641826
24.445131,20.735790,0.157529,-658.700562,436.386047,-121.400635,-44916.800781,27089.103516,-5608.107910,0.906987,-0.007382,-0.421095,0.100000,0.020000,1,0.578050
24.722147,21.475636,0.095425,-68.681870,177.695068,76.734604,-6926.003418,13817.726562,5233.837891,0.997247,0.074103,0.002558,0.100000,0.020000,1,0.414696
25.208761,21.053169,0.418102,-49.029381,-38.003052,-31.610935,-3191.481445,-1679.494873,-1894.719116,0.867814,0.019033,0.496525,0.100000,0.020000,1,0.236395
24.786734,20.702284,0.623453,-85.941971,70.737762,-18.491955,-6253.441895,3637.527588,-1143.242554,0.610330,-0.146992,0.778390,0.100000,0.020000,1,0.200717
25.043028,21.064651,-0.169915,-71.499817,-11.823428,-8.459908,-2285.138428,-22.224894,-652.742676,0.982609,0.123114,-0.139007,0.100000,0.020000,1,0.376634
24.483194,21.677000,1.204545,-197.509430,166.093231,289.047974,-16090.686523,13748.520508,22635.666016,0.973371,0.122303,0.193883,0.100000,0.020000,1,0.945970
25.125311,20.993519,-0.427699,1.472626,7.898645,3.139729,-293.088318,714.049988,350.758423,0.808179,0.068350,-0.584957,0.100000,0.020000,1,0.944369
25.117622,21.252380,-0.143918,-2.067429,-19.075783,48.367195,-1151.500977,52.325954,3367.845703,0.942888,0.186068,-0.276299,0.100000,0.020000,1,0.568370
24.530403,21.041540,0.738963,80.723076,23.623825,180.625885,1657.563477,1788.323853,13368.259766,0.920108,0.197806,0.338044,0.100000,0.020000,1,0.310990
25.156143,21.116964,-0.707233,-212.264648,-331.987274,382.735077,-13067.201172,-20266.958984,23687.447266,0.661855,-0.026999,-0.749145,0.100000,0.020000,1,0.253247
25.230528,21.205667,0.417735,-175.831055,-204.145966,188.099945,-10984.075195,-11903.252930,11531.683594,0.772423,0.085579,0.629316,0.100000,0.020000,1,0.346632
25.358660,21.142147,-0.472197,-82.937271,255.666412,233.289520,-5176.001953,16633.972656,14160.080078,0.872013,0.243615,-0.424553,0.100000,0.020000,1,0.178367
24.814289,20.995491,-0.095333,-146.330627,-97.472038,-10.478912,-4111.086914,-1697.388916,-2275.313232,0.936131,0.351636,0.003323,0.100000,0.020000,1,0.502673
25.283131,21.194790,0.508522,-296.149231,-31.355556,-724.091064,-18929.390625,-1390.757324,-45114.890625,0.844325,0.270050,0.462804,0.100000,0.020000,1,0.141461
25.011847,21.094126,0.530338,-84.641495,6.536297,-95.957275,-5679.129395,785.902344,-6392.305664,0.637704,0.036312,0.769425,0.100000,0.020000,1,0.931201
25.127256,21.652174,0.592035,-41.237320,80.245636,104.643555,-3919.886719,7279.788574,8518.782227,0.894345,0.414228,0.169005,0.100000,0.020000,1,0.136354
24.228844,20.675581,-1.934609,-118.968658,155.260742,-453.634064,-13719.166016,-16565.013672,-22102.281250,0.899087,0.417146,-0.132781,0.100000,0.020000,1,0.824576
25.100592,20.397770,-0.425589,-226.531128,199.118744,72.465240,-15649.843750,9429.217773,3762.843506,0.856063,0.426709,-0.291677,0.100000,0.020000,1,0.007984
23.554688,21.064804,1.995011,-260.688873,217.907883,445.180908,-33872.515625,-3960.917725,26823.126953,0.849459,0.427778,0.308911,0.100000,0.020000,1,0.642644
24.932211,20.875385,-0.492160,-161.654114,-94.080765,131.078552,-11679.134766,-7021.426270,8237.738281,0.730411,0.308609,-0.609311,0.100000,0.020000,1,0.838331
25.303066,21.756500,-1.933981,3.768216,101.863968,-447.132812,-109.909866,8833.730469,-34886.570312,0.794877,0.430279,-0.427820,0.100000,0.020000,1,0.340991
25.208439,21.219450,-0.681734,33.418213,-15.475576,-24.119743,2217.250244,-495.121246,-1947.869507,0.652097,0.201804,-0.730784,0.100000,0.020000,1,0.825804
25.100451,21.406179,0.668084,167.204926,-93.515900,-160.408081,9808.616211,-4818.140137,-9401.795898,0.715020,0.315696,0.623765,0.100000,0.020000,1,0.811230
25.202923,21.248295,-0.070416,10.954945,63.680679,5.470764,-435.217499,3873.867676,8.708183,0.803425,0.595269,0.012769,0.100000,0.020000,1,0.377203
24.748363,20.926243,-0.539605,-36.990021,-61.620350,52.292179,-2419.589600,-1598.846313,1024.669434,0.497811,-0.069565,-0.864491,0.100000,0.020000,1,0.105000
25.136908,20.902956,0.407338,-60.988892,71.397713,-51.177727,-4866.439453,3054.186523,-3058.182373,0.736980,0.493962,0.461369,0.100000,0.020000,1,0.594955
25.060827,21.533911,0.591181,32.099712,23.792625,120.392975,366.960724,2494.240479,9438.103516,0.779042,0.597336,0.190483,0.100000,0.020000,1,0.426369
25.211437,21.490932,0.608958,-113.826431,-162.537872,-6.337520,-6939.177734,-8757.246094,-413.073883,0.602158,0.206197,0.771290,0.100000,0.020000,1,0.841819
25.374275,21.512724,-0.003221,9.151159,133.792084,-245.593445,211.454147,9152.520508,-15016.226562,0.747791,0.646640,-0.150551,0.100000,0.020000,1,0.873689
25.157843,21.520014,-0.442903,80.650063,-351.341644,155.593506,4385.107910,-21160.031250,9870.163086,0.664684,0.479587,-0.572880,0.100000,0.020000,1,0.383129
25.069618,23.011271,0.275944,-16.787060,407.794495,-9.700340,-1773.081787,18804.835938,-1966.044189,0.710650,0.617023,0.338023,0.100000,0.020000,1,0.550487
25.236851,21.586180,-0.208556,6.063804,36.498383,0.758455,-432.215637,3257.040283,182.461197,0.707251,0.638555,-0.303387,0.100000,0.020000,1,0.045993
24.352396,20.787077,-0.630343,569.914673,-273.637756,83.280830,32434.576172,-19223.892578,5103.868164,0.556101,0.361858,-0.748204,0.100000,0.020000,1,0.312609
25.568533,21.581001,1.082209,92.406677,1.489815,150.513977,6670.585449,809.937561,12462.299805,0.605739,0.641555,0.470625,0.100000,0.020000,1,0.198048
25.309910,21.148159,0.835037,20.816483,-63.169098,80.353783,4504.723633,-1696.419434,4229.132812,0.565807,0.509676,0.648146,0.100000,0.020000,1,0.954423
25.541386,22.785103,-1.862783,94.625092,291.029358,-397.242798,6662.214844,23982.261719,-31412.283203,0.589676,0.679742,-0.436156,0.100000,0.020000,1,0.811141
25.365881,21.639433,-0.244157,-148.425873,-4.071182,-90.153793,-9672.449219,301.113159,-6323.816895,0.603073,0.789101,-0.116718,0.100000,0.020000,1,0.881162
25.204664,22.020418,1.338681,-18.569138,111.257980,408.065552,-6191.037109,6768.254883,7273.881836,0.579866,0.799618,0.156101,0.100000,0.020000,1,0.461603
25.738091,21.324505,-0.270892,180.305420,-150.910034,-62.100098,12640.245117,-10389.871094,-5112.384766,0.582240,0.812812,0.018255,0.100000,0.020000,1,0.257286
24.936211,21.466648,0.682623,203.167572,-141.819733,-74.994034,11891.761719,-8103.021973,-4500.159668,0.509723,0.341249,0.789767,0.100000,0.020000,1,0.428256
24.861187,20.754984,-0.783839,25.580238,33.385777,0.716467,994.821472,706.551636,-349.944214,0.492128,0.058303,-0.868568,0.100000,0.020000,1,0.143009
25.872698,21.466385,-0.227816,157.910614,-34.632401,-106.940872,11994.216797,-2578.729980,-6705.971191,0.512183,0.804627,-0.300408,0.100000,0.020000,1,0.942732
26.058655,21.902807,-0.544805,394.923004,126.706642,-14.617062,15415.861328,5493.345215,-324.677032,0.490110,0.649781,-0.581014,0.100000,0.020000,1,0.451673
25.247814,21.557034,0.226619,-51.400841,110.880966,78.457184,-3781.203857,6902.865723,4857.210449,0.486188,0.815401,0.314232,0.100000,0.020000,1,0.735318
24.731249,20.984459,0.261717,55.774849,17.297043,258.673340,1264.093506,-1002.451904,15377.192383,0.453500,0.643735,0.616395,0.100000,0.020000,1,0.984104
25.158438,21.581894,-0.621082,55.187317,51.053131,16.478947,3890.035156,4908.806152,1295.150024,0.476894,0.183825,-0.859523,0.100000,0.020000,1,0.455232
24.948454,21.269960,-0.485643,83.036179,48.874146,80.373734,5215.817383,5829.034668,3840.293701,0.433303,0.517456,-0.737894,0.100000,0.020000,1,0.760551
25.909832,22.432449,-0.932283,212.739197,45.580933,-12.099152,15917.979492,6310.578613,-3176.959717,0.401847,0.799141,-0.447093,0.100000,0.020000,1,0.453097
25.665470,22.489948,-0.851502,129.617126,143.028564,-214.777649,9481.537109,12270.332031,-17193.541016,0.364185,0.931028,0.023592,0.100000,0.020000,1,0.871482
24.750473,22.781218,-0.613949,-104.457703,223.516968,-122.922089,-9099.356445,18572.992188,-9975.891602,0.360882,0.926665,-0.105146,0.100000,0.020000,1,0.619974
25.106918,21.469107,0.767961,-159.775818,158.172302,-253.073853,-10345.021484,10260.084961,-15316.127930,0.414840,0.485917,0.769280,0.100000,0.020000,1,0.773790
25.070620,20.189581,0.402546,176.289780,-25.236393,6.696713,1931.205078,-11629.284180,-15896.632812,0.362791,0.797451,0.482135,0.100000,0.020000,1,0.665421
25.012684,22.065353,0.202237,206.215515,-286.249084,-149.593887,11671.884766,-16649.867188,-9138.338867,0.335666,0.927748,0.163132,0.100000,0.020000,1,0.272589
25.195719,22.504196,0.543030,80.771774,166.288757,231.326935,1626.836914,5290.994629,5458.498047,0.290301,0.915454,-0.278693,0.100000,0.020000,1,0.570808
24.509380,20.684917,-0.224388,28.111748,35.679928,-303.857056,-1065.888672,-1221.628052,-17765.771484,0.349706,0.612271,-0.709105,0.100000,0.020000,1,0.371972
24.526649,20.964928,0.506771,130.068909,64.687813,-540.646362,5042.485352,835.470154,-33073.707031,0.274533,0.906317,0.321279,0.100000,0.020000,1,0.183260
23.982492,21.652414,-1.440894,-310.401367,-86.574951,-299.307190,-24859.435547,-5859.112305,-23532.593750,0.229788,0.879608,-0.416519,0.100000,0.020000,1,0.435587
25.461712,21.819386,-0.727274,96.493912,-1.077471,-44.983215,7197.867676,603.913025,-3882.787109,0.250598,0.758298,-0.601819,0.100000,0.020000,1,0.051990
25.139679,21.150261,0.813732,153.384766,-140.273132,72.064690,9475.380859,-10967.114258,5911.174805,0.245024,0.749838,0.614578,0.100000,0.020000,1,0.016561
25.247320,21.580870,-0.818078,172.589111,-158.769592,166.739471,11596.236328,-8907.748047,9950.960938,0.392867,0.331255,-0.857861,0.100000,0.020000,1,0.648392
26.001112,22.145483,0.768152,258.474487,46.386826,164.031189,19639.062500,4034.510010,13052.437500,0.092952,0.983657,0.154205,0.100000,0.020000,1,0.540397
24.994516,21.764797,-0.311363,-302.606079,271.801483,182.405853,-19978.384766,16657.630859,10675.757812,0.089227,0.986164,-0.139713,0.100000,0.020000,1,0.394873
25.048346,22.115814,0.297349,-54.497147,-245.157074,38.578819,-3946.701416,-14135.034180,2108.320557,0.121420,0.872527,0.473238,0.100000,0.020000,1,0.526072
25.052525,22.030777,0.031312,-136.010513,20.009235,-19.814356,-9101.554688,1731.531616,-1225.830444,0.035367,0.998863,0.031958,0.100000,0.020000,1,0.313872
26.048353,21.772774,-0.077562,316.713257,-85.753479,5.688159,11272.748047,935.548828,413.319580,0.025688,0.962663,-0.269480,0.100000,0.020000,1,0.611593
25.915901,20.119684,-0.636572,337.739807,-140.206848,-282.355621,24747.066406,-14806.830078,-23091.357422,0.235827,0.570634,0.786615,0.100000,0.020000,1,0.797920
24.419037,20.795074,-0.720040,-9.492462,74.966003,125.431030,-3456.456787,613.653137,6850.011230,0.066641,0.807927,-0.585502,0.100000,0.020000,1,0.516588
24.940670,22.135309,0.146400,-88.824936,-280.877655,555.350708,-6339.740723,-16790.207031,34592.105469,-0.017706,0.945958,0.323804,0.100000,0.020000,1,0.797457
24.397690,20.870638,-0.388957,79.687645,42.640900,-295.466309,2165.689209,-627.366333,-17882.482422,0.133979,0.679242,-0.721582,0.100000,0.020000,1,0.958408
24.633631,22.119789,-0.380948,-98.590271,1.743565,-56.735199,-8086.361816,1027.517700,-3794.508545,-0.045956,0.908337,-0.415707,0.100000,0.020000,1,0.221590
24.671671,22.684399,0.531358,-53.100384,205.071869,4.238909,-1337.909302,7755.279297,554.163452,0.016266,0.789099,0.614051,0.100000,0.020000,1,0.520022
25.156151,21.358784,0.411375,128.707092,-134.265381,93.764465,8600.141602,-10738.196289,6089.872070,-0.082747,0.880537,0.466699,0.100000,0.020000,1,0.719232
24.454981,21.707523,0.345608,0.812042,-110.487305,21.941956,-10048.281250,1592.459961,5638.115234,-0.211235,0.966352,-0.146779,0.100000,0.020000,1,0.859471
26.339588,20.454414,-1.507769,72.589661,-117.036301,-415.732208,-9454.181641,6982.651367,-10859.150391,-0.213428,0.962550,0.167172,0.100000,0.020000,1,0.007771
24.915163,22.072630,-0.082308,461.687561,37.595688,84.489639,28788.666016,2557.285645,4889.434082,-0.220642,0.974892,0.030050,0.100000,0.020000,1,0.105427
24.582188,21.662691,0.654015,-47.183624,-23.128048,6.431341,-4834.793945,-1387.787231,549.246704,0.092734,0.617703,0.780924,0.100000,0.020000,1,0.653018
24.209400,22.397264,0.248664,-202.442612,110.528297,237.813812,-9771.578125,2999.954834,8219.306641,-0.111215,0.822482,-0.557812,0.100000,0.020000,1,0.967306
25.097183,20.667770,-1.247420,179.431595,-446.425446,-437.761353,-4674.389648,-11897.056641,-19138.097656,-0.231474,0.919213,0.318540,0.100000,0.020000,1,0.558476
24.785555,22.527666,0.076852,11.148446,88.865234,54.532181,44.747753,7740.567383,4691.570312,-0.268096,0.921830,-0.279919,0.100000,0.020000,1,0.317093
24.718996,21.915638,-0.769269,-42.659355,-110.073349,622.948853,-3676.544434,-6284.970703,38548.847656,-0.061768,0.673575,-0.736533,0.100000,0.020000,1,0.007522
24.393185,21.453777,-0.110038,213.956665,-75.700409,-242.945801,11413.774414,-7002.559082,-14366.500977,-0.293255,0.853533,-0.430676,0.100000,0.020000,1,0.968729
24.455584,22.052536,0.391830,51.169918,78.699554,90.928360,1189.637573,6208.612305,4909.026855,-0.071150,0.664201,0.744161,0.100000,0.020000,1,0.724339
22.319830,21.777752,-1.405239,-469.833160,290.298615,-440.703735,-20841.855469,6687.700195,-25795.816406,-0.205728,0.765719,0.609385,0.100000,0.020000,1,0.516392
24.477232,21.554661,0.407542,-43.470703,45.023693,13.924103,-4339.105957,1047.634033,1054.202637,-0.325887,0.825569,0.460689,0.100000,0.020000,1,0.751689
23.163168,23.892340,1.563241,-399.666260,521.522949,407.739502,-15533.482422,18674.855469,16872.097656,-0.447825,0.873416,0.191303,0.100000,0.020000,1,0.624743
25.435812,22.445938,0.011049,186.985229,66.274597,28.433922,14456.405273,5704.498047,2310.652100,-0.456525,0.878365,-0.141635,0.100000,0.020000,1,0.177246
25.200645,21.512878,-0.141454,-99.058197,318.445465,-21.596550,-4575.959473,17687.353516,-2002.259277,-0.464160,0.885633,0.014456,0.100000,0.020000,1,0.816479
24.689882,21.945690,-0.823920,40.254768,-51.109718,-145.750977,3286.335938,-3556.587891,-11514.795898,-0.473556,0.837606,-0.272323,0.100000,0.020000,1,0.363430
24.767529,22.790783,-0.523824,59.548637,171.334534,-41.569321,3595.057373,14351.169922,-2936.142822,-0.347749,0.747532,-0.565921,0.100000,0.020000,1,0.697789
25.612635,23.780138,-1.589836,284.475861,532.750366,-292.336060,15758.343750,27687.345703,-16875.777344,-0.232284,0.668292,-0.706704,0.100000,0.020000,1,0.186802
24.643570,21.620016,-0.747443,-20.179573,-27.673115,-10.993832,-2517.494141,-1802.102051,-1030.757935,0.017921,0.541827,-0.840299,0.100000,0.020000,1,0.305295
25.858236,22.730042,1.626858,365.594177,157.896179,418.010132,27861.833984,12775.348633,32124.626953,-0.524811,0.789047,0.319339,0.100000,0.020000,1,0.111602
24.738361,22.075211,0.467850,257.429382,-553.145691,-511.182129,16420.986328,-34612.695312,-31894.972656,-0.499241,0.722947,0.477605,0.100000,0.020000,1,0.072240
24.374514,21.067097,0.036142,-25.397552,158.789871,24.823006,-2911.190918,6006.777344,3097.570557,-0.527731,0.740553,-0.416030,0.100000,0.020000,1,0.535735
24.510754,21.998396,0.528596,55.690567,8.499521,-142.204605,2572.028320,873.826050,-8853.327148,-0.396782,0.668445,0.629082,0.100000,0.020000,1,0.831391
24.444201,21.943192,-0.719622,47.059692,11.774847,-67.665466,2244.083984,116.903976,-6832.110840,-0.644829,0.752389,-0.134559,0.100000,0.020000,1,0.755355
25.423744,21.200958,0.867257,208.916870,-202.916626,80.922440,15810.167969,-15352.869141,6238.469238,-0.257347,0.606941,0.751927,0.100000,0.020000,1,0.895291
24.863811,23.494240,1.447521,173.327667,420.729706,366.301025,4498.846191,13691.765625,18735.988281,-0.661867,0.734836,0.148151,0.100000,0.020000,1,0.078237
25.049040,22.869478,0.423782,183.547394,179.002960,116.112823,12250.602539,9968.177734,3356.601562,-0.674793,0.737328,0.031636,0.100000,0.020000,1,0.012415
25.184048,21.319910,-0.107627,83.742828,-117.462799,59.203064,7529.392090,-10116.784180,5121.913086,-0.521327,0.649720,-0.553246,0.100000,0.020000,1,0.076636
21.673050,22.235449,-0.757265,-724.573730,10.391876,-164.234360,-27280.515625,13597.629883,-2627.476562,-0.677369,0.685920,-0.265868,0.100000,0.020000,1,0.681205
24.271641,21.721701,0.227821,-60.282181,59.775719,10.691010,-4883.708496,2396.715088,611.372864,-0.700250,0.644891,0.306213,0.100000,0.020000,1,0.711918
24.189749,22.075933,-0.552907,-90.981689,46.546173,5.685928,-7786.678223,3796.437012,369.927551,-0.418184,0.578836,-0.700050,0.100000,0.020000,1,0.634744
25.376837,23.509401,0.589920,287.185974,412.584595,52.829247,21344.605469,32585.271484,3844.405518,-0.543836,0.597127,0.589646,0.100000,0.020000,1,0.309869
24.406717,22.164610,-0.429581,102.181931,-301.186646,126.282516,5921.222168,-18400.191406,7540.212402,-0.672393,0.615331,-0.411407,0.100000,0.020000,1,0.994780
24.494429,22.013060,0.500434,-24.163528,-24.332035,2.325626,-3141.184082,-1515.206543,-522.915161,-0.393625,0.534713,0.747757,0.100000,0.020000,1,0.088451
24.276716,22.287687,0.106379,-49.287460,-429.715149,-27.416212,-3677.723877,-26155.179688,-907.436462,-0.819483,0.561621,-0.114145,0.100000,0.020000,1,0.347344
23.941734,22.181768,-0.210727,-157.514923,92.864502,96.895844,-13673.883789,7943.976074,8055.179199,-0.124615,0.511438,-0.850237,0.100000,0.020000,1,0.052435
24.262230,21.150198,-0.335684,-1.996922,-259.472260,-257.625061,189.291382,-7409.062988,-5269.043945,-0.702322,0.537890,0.466281,0.100000,0.020000,1,0.714196
23.277645,22.666195,0.508248,-235.930695,179.582397,83.291245,-19575.923828,13942.624023,6774.928711,-0.822957,0.537871,0.182858,0.100000,0.020000,1,0.944440
24.666159,22.809093,0.585634,163.220642,180.527954,228.426224,2925.167969,12010.197266,-6028.941406,-0.839861,0.542300,0.023334,0.100000,0.020000,1,0.446477
24.189837,21.804134,0.199095,23.261368,-30.750816,-4.056589,745.650940,-2761.215088,-450.226990,-0.826721,0.469877,0.309432,0.100000,0.020000,1,0.362202
24.611513,21.202766,-0.726611,148.961792,-236.657837,-134.848907,3863.529785,-9818.778320,-9046.000977,-0.833298,0.469866,-0.291274,0.100000,0.020000,1,0.106939
22.717028,22.143284,-0.277492,-474.879974,73.629120,114.697113,-14363.046875,2668.419434,-1869.248047,-0.542401,0.468403,-0.697423,0.100000,0.020000,1,0.791816
24.018232,21.835442,-0.393107,86.399696,-32.993561,-27.078007,3754.395996,-2433.755127,-1498.581909,-0.704944,0.436721,-0.558864,0.100000,0.020000,1,0.244812
23.473570,21.111637,0.324495,14.092114,43.340240,-19.627928,-4626.753906,-7164.804199,-2122.084473,-0.683673,0.403089,0.608368,0.100000,0.020000,1,0.333998
23.972406,21.950472,0.437371,696.280701,-99.583054,-349.854828,42489.562500,-6195.998535,-21746.283203,-0.813512,0.368893,0.449574,0.100000,0.020000,1,0.034747
22.981241,21.395885,1.021738,-65.570229,106.496170,364.235291,-18902.472656,-4409.965332,11015.670898,-0.836564,0.361159,-0.411976,0.100000,0.020000,1,0.077205
24.412609,22.778679,1.569922,42.596363,223.952957,308.572906,1018.728882,5784.464355,9570.795898,-0.517235,0.390501,0.761562,0.100000,0.020000,1,0.378466
23.641779,22.086296,-0.088621,-37.637665,34.933044,9.541922,-4682.576660,2812.013184,689.661255,-0.948592,0.284823,-0.138017,0.100000,0.020000,1,0.537728
24.287514,21.759474,0.353325,258.901428,-103.856598,557.141785,11238.484375,-4834.983887,28657.837891,-0.959974,0.280084,0.001722,0.100000,0.020000,1,0.600774
23.931559,22.109297,0.068282,9.114261,39.423790,-15.365276,-440.742279,3267.987061,-1226.261108,-0.953707,0.252505,0.163355,0.100000,0.020000,1,0.561412
24.406437,21.776339,-0.589346,-482.866516,281.088348,422.787109,-30014.708984,17394.164062,26042.505859,-0.787641,0.280831,-0.548412,0.100000,0.020000,1,0.822921
24.219980,21.993412,0.466468,83.477921,31.521049,17.442444,442.751709,2246.519775,5790.870117,-0.919579,0.215297,0.328666,0.100000,0.020000,1,0.084358
23.941078,21.929611,-0.330168,335.923737,-6.922033,586.909180,20284.441406,-263.836639,36548.371094,-0.941222,0.208257,-0.265953,0.100000,0.020000,1,0.859631
24.361525,21.953573,-1.007428,40.015038,27.051918,-87.217133,2408.895752,2384.886963,-7359.233887,-0.643846,0.284210,-0.710413,0.100000,0.020000,1,0.403236
27.035309,25.154619,-0.473550,874.942139,1020.681091,-327.266174,14135.416992,33793.121094,-10738.853516,-0.756224,0.234083,0.611007,0.100000,0.020000,1,0.344247
24.003986,21.816206,-0.275183,34.520073,24.221630,-20.890709,1474.314575,1397.410522,-1143.859985,-0.899500,0.176999,-0.399464,0.100000,0.020000,1,0.087454
24.714874,21.464813,-1.383450,-45.405693,-90.754883,-173.548462,-2926.435547,-6717.891602,-13885.539062,-0.241865,0.450321,-0.859484,0.100000,0.020000,1,0.101548
24.217327,21.679605,0.639256,131.861572,3.353661,-45.662937,7602.716309,-154.889877,-2649.737305,-0.625501,0.260602,0.735415,0.100000,0.020000,1,0.870824
23.324492,21.733349,-0.564013,-62.052643,62.289352,-83.892395,-6995.498047,3523.291748,-7727.683594,-0.996756,0.077208,0.022722,0.100000,0.020000,1,0.957412
23.591719,21.258125,0.471747,106.601776,3.513702,10.199875,4363.887695,-2022.334595,1054.136963,-0.874875,0.114056,0.470729,0.100000,0.020000,1,0.604528
24.096010,21.659590,0.201456,86.777451,-14.811337,-137.188568,5638.347656,-1578.143311,-8310.815430,-0.987226,0.057133,0.148732,0.100000,0.020000,1,0.172833
23.847408,21.818720,-0.117101,290.985779,49.238983,-91.741898,17550.697266,3194.421387,-5826.297852,-0.990109,0.030874,-0.136861,0.100000,0.020000,1,0.459450
24.019188,21.798048,-0.034353,-131.586395,-165.781433,351.580322,-8415.071289,-10286.962891,21074.273438,-0.955839,-0.008994,0.293753,0.100000,0.020000,1,0.391029
24.617254,21.309799,-0.744619,6.786324,-292.974792,-51.099930,1884.382080,-20246.722656,-4065.018311,-0.716203,0.132771,-0.685146,0.100000,0.020000,1,0.186463
23.754612,21.865026,-0.136954,100.362991,-244.842804,-116.054489,5194.914062,-14916.665039,-6967.729492,-0.958975,-0.041448,-0.280444,0.100000,0.020000,1,0.340884
24.089615,21.752344,0.399306,-70.001740,-93.779892,-76.547714,-4775.894531,-5769.853516,-5151.500977,-0.798759,0.049786,0.599589,0.100000,0.020000,1,0.548511
23.947227,21.713276,-0.464166,77.180099,1.168419,20.561878,3980.673828,47.386395,1272.513794,-0.815496,0.041777,-0.577253,0.100000,0.020000,1,0.018857
25.088013,22.290421,-1.314517,186.684998,244.101013,-319.714661,13667.393555,17847.439453,-22825.648438,-0.336320,0.386318,-0.858864,0.100000,0.020000,1,0.862567
23.421577,21.421663,-0.260973,-34.604050,46.891281,-154.838379,-4868.369629,1870.584229,-12406.893555,-0.882639,-0.067280,0.465211,0.100000,0.020000,1,0.199293
23.648046,21.872143,-0.623176,-40.695312,45.506096,-51.128036,-4225.664062,3668.211670,-4420.480469,-0.901220,-0.082364,-0.425463,0.100000,0.020000,1,0.956433
25.003635,21.464600,0.609941,247.703979,60.975109,187.439392,18675.562500,2940.483398,11947.381836,-0.673412,0.091398,0.733596,0.100000,0.020000,1,0.058432
27.320660,23.317728,-0.691434,1035.454468,540.612427,-215.345200,33752.476562,17422.019531,-5966.065430,-0.983842,-0.178952,0.005471,0.100000,0.020000,1,0.272411
23.777039,21.569824,0.039586,60.234215,100.987793,119.550903,3128.054932,6090.505859,8065.235840,-0.972887,-0.205227,-0.106643,0.100000,0.020000,1,0.436387
23.958326,21.598978,-0.581983,17.800638,-110.364059,252.604919,659.443054,-7044.510254,15319.957031,-0.828794,-0.126760,-0.545007,0.100000,0.020000,1,0.635829
23.674601,20.995573,0.047601,-286.168488,175.501328,120.394791,-19698.925781,8100.753906,8430.023438,-0.952711,-0.250555,0.171941,0.100000,0.020000,1,0.925524
25.185064,21.955837,-0.017185,222.254242,73.376900,170.487610,16830.582031,5750.791016,13517.940430,-0.443111,0.276102,-0.852889,0.100000,0.020000,1,0.310509
23.835697,21.565260,-0.191159,-37.420326,-161.444550,-273.636169,-2804.913818,-10248.174805,-17160.107422,-0.925582,-0.260502,-0.274657,0.100000,0.020000,1,0.121335
23.869825,22.210732,0.997613,28.242725,160.917877,179.360016,1471.494141,12854.033203,14479.754883,-0.912780,-0.271989,0.304720,0.100000,0.020000,1,0.165928
24.377913,23.575705,-0.256075,132.560699,664.860107,-6.918400,6229.508301,20828.820312,-1236.337036,-0.703163,-0.057512,-0.708698,0.100000,0.020000,1,0.060994
23.783962,22.176338,-0.387286,23.915186,235.428986,15.673889,778.716431,17647.083984,723.514221,-0.856569,-0.316125,-0.407866,0.100000,0.020000,1,0.282536
24.288776,21.725502,-0.784786,30.549423,19.546768,-40.500877,1370.956665,1546.718750,-3031.967285,-0.506144,0.169983,-0.845532,0.100000,0.020000,1,0.320759
24.035860,21.601929,0.589580,-83.779312,42.939289,-67.693924,-5912.593750,2860.122070,-4234.183105,-0.676028,-0.090745,0.731267,0.100000,0.020000,1,0.376207
23.863523,21.237976,0.288222,16.288155,27.981915,-173.450836,165.730225,536.574402,-11765.420898,-0.764259,-0.210545,0.609572,0.100000,0.020000,1,0.292875
23.931543,21.316278,1.478067,-106.084915,-160.224548,238.255493,-6209.550781,-7710.051270,4672.238281,-0.830528,-0.325917,0.451665,0.100000,0.020000,1,0.237302
23.782333,21.297499,0.141053,-166.308380,-98.802650,-252.675262,-10886.529297,-6737.160645,-15867.071289,-0.869614,-0.469420,0.153022,0.100000,0.020000,1,0.974637
23.403458,22.109871,2.094906,-84.168083,193.612244,581.822998,-4364.666016,3079.078125,16480.191406,-0.872104,-0.471510,-0.130813,0.100000,0.020000,1,0.662859
24.040592,21.568459,-0.607438,-143.638000,139.623596,103.532928,-9344.362305,9107.451172,6246.731934,-0.702024,-0.216353,-0.678494,0.100000,0.020000,1,0.074019
22.935179,21.422480,0.929067,-182.487030,159.463486,305.193817,-9906.542969,-907.866699,12680.050781,-0.840546,-0.467399,-0.273899,0.100000,0.020000,1,0.976434
25.063583,20.996546,-0.035798,248.576782,-33.664055,-23.738762,20539.218750,-3749.452881,-2697.085449,-0.818207,-0.480070,0.316338,0.100000,0.020000,1,0.794005
23.951065,21.215443,0.241420,-240.278076,-53.183014,-75.634583,-14791.356445,-4044.160156,-3869.553223,-0.855496,-0.516852,0.031457,0.100000,0.020000,1,0.055638
23.999502,22.011906,-0.761259,-184.809998,345.847870,-8.990921,-11616.282227,13384.401367,2543.339111,-0.748828,-0.374461,-0.546841,0.100000,0.020000,1,0.058787
24.372375,20.746088,-0.232762,-453.432373,296.962280,-444.663910,-26762.046875,16174.333984,-27706.984375,-0.776195,-0.485696,-0.402021,0.100000,0.020000,1,0.198706
24.471825,20.535295,1.688398,253.991821,-118.307686,369.949646,4694.923340,-8926.208984,12241.807617,-0.714854,-0.392307,0.578860,0.100000,0.020000,1,0.051118
24.046206,21.285179,0.317568,-26.112320,-78.624680,-45.362198,-2038.784180,-5614.207520,-3984.554688,-0.627235,-0.248041,0.738276,0.100000,0.020000,1,0.084483
23.742098,21.352543,0.159206,74.580803,-101.951035,-7.426208,3865.779053,-6229.861816,-1301.923340,-0.717195,-0.530528,0.451853,0.100000,0.020000,1,0.820963
23.571959,21.268505,-0.109884,110.334991,-56.398582,65.713547,5771.383789,-3481.841553,3682.445557,-0.761812,-0.647795,0.001883,0.100000,0.020000,1,0.154415
23.345984,21.825153,-0.869413,-125.426025,183.759979,-227.395752,-10092.757812,14099.626953,-17533.398438,-0.735503,-0.663595,-0.136662,0.100000,0.020000,1,0.263176
23.856396,21.038248,-0.618688,77.915092,-37.902786,195.759247,4387.778809,-3459.782471,11555.791016,-0.670757,-0.510338,-0.538181,0.100000,0.020000,1,0.542817
23.450672,21.275923,-0.522736,-155.498718,107.180191,-199.360077,-11573.806641,7039.564453,-15310.448242,-0.718358,-0.676189,0.163497,0.100000,0.020000,1,0.979335
24.118059,21.516003,-0.760173,155.239655,-122.743179,-14.700380,8878.666016,-7960.989258,-1285.598511,-0.526125,0.024839,-0.850045,0.100000,0.020000,1,0.630206
24.379509,21.069517,-0.108347,142.227875,-23.290062,23.558830,11022.795898,-2002.934570,1897.035767,-0.690116,-0.675321,-0.260157,0.100000,0.020000,1,0.313641
24.157679,21.479595,-0.626043,-3.145832,-0.465967,4.693700,-545.565308,-27.859961,399.304901,-0.556347,-0.134731,-0.819955,0.100000,0.020000,1,0.538048
23.717829,21.193626,0.152629,46.200752,-56.594063,39.959763,2138.812500,-3532.138916,2132.850586,-0.666812,-0.677798,0.309761,0.100000,0.020000,1,0.524489
24.129139,21.453432,-0.435702,287.685669,-429.625671,-317.235046,18322.603516,-26554.875000,-19514.552734,-0.584410,-0.405827,-0.702687,0.100000,0.020000,1,0.300491
24.440279,20.553507,0.368994,-52.801430,71.881218,0.286037,-15921.146484,201.973633,1121.910645,-0.600223,-0.523677,0.604561,0.100000,0.020000,1,0.626451
23.774178,21.103567,0.060461,252.338562,-166.770355,-164.229614,15273.292969,-10771.678711,-8831.286133,-0.623933,-0.679108,-0.386678,0.100000,0.020000,1,0.499825
24.315414,21.437172,0.533791,31.831478,-26.619003,-39.984985,1912.017944,-2195.635254,-3123.588379,-0.520803,0.018712,0.853472,0.100000,0.020000,1,0.825056
23.969839,21.176090,0.521046,-196.812927,-46.506813,-279.733337,-12347.341797,-2855.379883,-16939.205078,-0.599350,-0.668622,0.440141,0.100000,0.020000,1,0.562551
24.088318,20.926146,-0.218696,-1032.491211,178.233887,406.558563,-64345.527344,10685.275391,24660.710938,-0.587903,-0.808500,0.026429,0.100000,0.020000,1,0.671756
23.570356,21.055758,-0.656654,-74.616005,61.992279,-92.561157,-3895.703125,-1744.258789,-1890.826904,-0.535447,-0.660324,-0.526564,0.100000,0.020000,1,0.849488
23.886343,20.914425,-0.012635,-107.502464,74.521889,203.731842,-6884.923828,4243.339844,13252.658203,-0.541226,-0.830065,-0.134412,0.100000,0.020000,1,0.680582
23.495916,21.287807,0.049760,-86.854904,84.430344,17.930557,-7223.952148,6431.831055,831.724243,-0.538206,-0.828776,0.153185,0.100000,0.020000,1,0.047880
24.011873,20.800848,-0.294360,-425.282318,248.435608,-187.692841,-27387.630859,13564.154297,-12207.037109,-0.517428,-0.808372,-0.280719,0.100000,0.020000,1,0.368306
23.898207,21.266159,0.747884,90.296356,-45.312584,-92.215897,4726.414551,-2949.100342,-5186.789551,-0.520584,-0.405713,0.751258,0.100000,0.020000,1,0.006205
23.726929,21.201454,-0.200766,-85.619659,71.507553,-69.516319,-6846.141602,5040.762695,-1402.035400,-0.480156,-0.667150,0.569527,0.100000,0.020000,1,0.833491
23.787271,21.067793,-0.678532,96.502350,-49.424927,65.071083,4771.503906,-3634.084229,3620.053223,-0.475779,-0.521766,-0.708092,0.100000,0.020000,1,0.136158
25.176626,21.295105,-1.088592,480.536499,64.705414,-328.186462,17511.287109,3.159668,-17637.345703,-0.452924,-0.842444,0.291803,0.100000,0.020000,1,0.246644
24.121555,21.089119,-0.752167,28.860283,-90.766769,-24.424080,1370.649902,-6930.735840,-1910.747681,-0.490523,-0.244165,-0.836523,0.100000,0.020000,1,0.858599
23.721500,21.053947,-0.234620,174.744324,-97.271210,-29.700588,9857.011719,-5735.644043,-1548.164062,-0.400052,-0.827423,-0.394118,0.100000,0.020000,1,0.105694
24.028135,20.924931,0.254985,-150.671204,-287.070343,-66.492325,-9487.908203,-18249.677734,-4595.978027,-0.378857,-0.813298,0.441604,0.100000,0.020000,1,0.343002
23.895815,20.901922,-0.062316,11.182137,-51.932022,415.327942,337.199585,-3180.254883,25405.740234,-0.358967,-0.918516,0.165741,0.100000,0.020000,1,0.348999
23.719599,22.010151,0.459513,-107.330139,239.350983,-27.387009,-8520.827148,18645.167969,-2265.483643,-0.421633,-0.522770,0.740903,0.100000,0.020000,1,0.745016
23.932480,20.872223,-0.200577,54.549423,-53.709732,150.910553,3201.468750,-3291.335205,8578.708008,-0.330310,-0.943303,0.032771,0.100000,0.020000,1,0.249865
24.447565,20.710144,-0.865229,-627.423340,367.772400,997.762329,-38180.140625,21728.992188,61574.968750,-0.378017,-0.642284,-0.666764,0.100000,0.020000,1,0.168615
24.075790,20.940548,-0.454974,-71.451614,21.227020,111.303970,-4458.002930,1246.784302,6876.911133,-0.344045,-0.776102,-0.528487,0.100000,0.020000,1,0.048200
23.215706,21.260517,-0.746652,-175.954178,122.186768,-134.020508,-15695.285156,4788.358398,-10589.467773,-0.313655,-0.915500,-0.251953,0.100000,0.020000,1,0.079358
23.393415,21.157917,-1.305589,-17.649025,130.884628,-340.584534,-15314.754883,-19267.070312,-26256.802734,-0.304237,-0.945794,-0.113636,0.100000,0.020000,1,0.605080
26.022652,19.639925,-1.170803,605.791382,-333.063507,-436.218353,13802.877930,-11385.947266,-4855.442383,-0.261368,-0.916885,0.301676,0.100000,0.020000,1,0.708466
25.367067,21.265541,0.076200,328.728088,78.587830,-61.886063,26026.167969,6265.779785,-5528.481445,-0.296395,-0.754800,0.585173,0.100000,0.020000,1,0.827084
22.890514,21.533163,-0.844940,-367.185211,55.259811,-41.015137,-15181.363281,4028.125000,-3137.473145,-0.419413,-0.370362,-0.828809,0.100000,0.020000,1,0.176374
23.524836,21.179893,1.940406,-33.121452,46.322220,523.979187,-4709.286621,3468.793457,38824.007812,-0.322220,-0.624716,0.711270,0.100000,0.020000,1,0.472724
24.326929,20.957376,-0.283685,-114.584366,-282.432068,6.992075,-6334.091309,-17226.417969,662.331787,-0.184385,-0.886641,-0.424111,0.100000,0.020000,1,0.271094
24.121368,21.811331,0.211947,-13.757957,243.663818,39.303780,-846.901306,19572.357422,1962.933350,-0.176088,-0.888732,0.423259,0.100000,0.020000,1,0.558370
24.155806,20.717749,0.143959,-341.615387,199.597626,-333.317780,-21985.367188,11822.443359,-20607.736328,-0.101799,-0.994508,0.024313,0.100000,0.020000,1,0.418041
25.522602,21.544544,-0.524943,317.259033,269.578400,-81.989746,25851.525391,20557.046875,-6953.374023,-0.080835,-0.988818,-0.125315,0.100000,0.020000,1,0.945063
23.787361,21.362362,-0.898401,-182.456879,69.969559,-410.467468,-6774.351074,-1548.376465,-14627.582031,-0.078816,-0.983603,0.162212,0.100000,0.020000,1,0.542159
24.018381,21.167465,0.759691,-48.091553,33.650490,-7.879597,-3919.213867,1790.655640,-112.142998,-0.393231,-0.371292,0.841137,0.100000,0.020000,1,0.795037
24.226002,20.761051,-0.751486,26.196182,6.091003,59.739090,2516.759766,-937.067139,5159.376465,-0.114128,-0.836953,-0.535242,0.100000,0.020000,1,0.210824
24.323284,20.621058,2.092270,71.611717,-40.754971,466.051483,5006.291992,-3179.394531,37150.898438,-0.042554,-0.948184,0.314858,0.100000,0.020000,1,0.774235
24.298546,20.852518,0.521394,-238.497986,-83.344055,-70.833534,-14639.505859,-5135.268555,-4194.482422,-0.104997,-0.812368,0.573615,0.100000,0.020000,1,0.327770
24.395094,20.638798,-0.331009,-187.856537,29.561882,110.419693,-10980.376953,1682.776733,6506.147461,-0.014127,-0.960677,-0.277308,0.100000,0.020000,1,0.374925
24.253443,20.977867,0.583722,-93.645233,-18.574341,8.347332,-5769.382324,-1007.568787,612.179016,-0.171927,-0.683060,0.709839,0.100000,0.020000,1,0.098024
24.115782,21.121418,-1.140302,-16.429390,52.097610,-130.907745,-1469.981079,4142.799316,-10731.593750,-0.156037,-0.704310,-0.692532,0.100000,0.020000,1,0.635989
24.448578,20.552065,0.086272,-188.022339,109.568619,-236.643311,-10870.676758,6294.099609,-13309.833008,-0.003463,-0.924167,-0.381973,0.100000,0.020000,1,0.605525
23.326729,21.206333,-0.865330,-177.733948,105.618896,-221.402740,-14976.833984,8728.741211,-19035.046875,0.003422,-0.900252,0.435356,0.100000,0.020000,1,0.391261
24.334848,21.136457,-0.611583,34.867668,-6.834766,8.425417,2558.452637,-718.643188,757.287354,-0.316306,-0.451777,-0.834175,0.100000,0.020000,1,0.646523
23.966015,21.098164,-0.655021,113.776230,-159.103821,247.723022,6000.272461,-9785.738281,15540.450195,-0.216849,-0.564487,-0.796449,0.100000,0.020000,1,0.543262
24.521284,20.506741,-0.121203,-249.206360,144.942337,100.798409,-14961.784180,8323.063477,6328.833496,0.122099,-0.983103,-0.136379,0.100000,0.020000,1,0.118791
25.109247,20.911352,2.711403,260.704803,48.181610,774.040955,-2035.312744,14719.130859,47775.910156,0.160061,-0.986944,0.017959,0.100000,0.020000,1,0.616753
23.825197,21.269527,-0.782428,-89.036652,74.568726,-54.685448,-7677.405762,6693.540039,-2142.098633,-0.015202,-0.735712,-0.677124,0.100000,0.020000,1,0.571591
25.474895,19.956173,0.565010,293.460876,-168.720581,148.752747,26834.380859,-15715.657227,17205.443359,0.194779,-0.950705,-0.241291,0.100000,0.020000,1,0.011329
24.358688,20.600615,0.760169,276.838470,-159.101822,53.468094,17483.320312,-10264.307617,6030.771973,0.202380,-0.966280,0.159199,0.100000,0.020000,1,0.136923
24.487764,20.742384,-0.265524,-855.153076,-329.402710,348.752258,-53300.886719,-20596.123047,22648.453125,0.114675,-0.842685,-0.526053,0.100000,0.020000,1,0.825021
24.232367,20.723179,0.329070,150.159119,-188.466827,-87.410080,8937.941406,-11342.365234,-5207.562500,0.228546,-0.919005,0.321241,0.100000,0.020000,1,0.618230
24.059946,20.805157,0.516382,422.963135,-243.190796,-122.219711,25460.574219,-14933.038086,-7445.838379,0.137096,-0.810367,0.569658,0.100000,0.020000,1,0.916983
24.440645,20.553295,-0.787105,26.176313,3.625749,-139.105316,-2502.463867,-571.226562,-5800.605469,0.255753,-0.882508,-0.394678,0.100000,0.020000,1,0.347112
24.086973,20.815868,0.844963,206.705048,-101.650955,-195.914078,11968.165039,-6546.521484,-11269.276367,0.020275,-0.678877,0.733972,0.100000,0.020000,1,0.543190
24.665918,20.423237,2.031609,86.402969,28.212379,437.552307,-281.764160,-10454.707031,18268.083984,0.254340,-0.857186,0.447820,0.100000,0.020000,1,0.728467
24.390951,20.674213,0.133268,-63.477188,-200.970337,21.466026,-4220.145996,-12027.701172,1830.540039,0.363012,-0.931462,0.024524,0.100000,0.020000,1,0.361117
24.803820,21.388796,-0.300755,62.865280,235.641022,-40.401260,6773.459473,6087.910156,-3977.958008,0.362374,-0.901267,-0.237495,0.100000,0.020000,1,0.797332
23.855749,20.890987,-0.314262,608.255859,-350.945862,69.926048,35737.847656,-20684.410156,3552.543457,0.402540,-0.905258,-0.135904,0.100000,0.020000,1,0.973890
25.722275,21.875666,0.704808,387.096680,302.904724,369.265198,13645.551758,17008.394531,13561.043945,0.170857,-0.729567,-0.662224,0.100000,0.020000,1,0.404482
24.103588,21.367611,-0.642300,-63.193314,138.274384,-36.228012,-5446.626953,11711.379883,-3141.295166,0.270709,-0.788895,-0.551690,0.100000,0.020000,1,0.261859
24.185232,21.451883,-0.739106,-81.264648,-191.637421,-35.001900,-9257.574219,-13724.392578,3553.908447,-0.052256,-0.574900,-0.816554,0.100000,0.020000,1,0.567391
24.569479,21.159117,0.635800,47.622574,134.713654,98.978760,3158.280273,11102.584961,7869.117188,0.437434,-0.843304,0.312234,0.100000,0.020000,1,0.822494
23.861338,21.013905,-0.185509,-62.667999,42.215210,-106.945251,-6623.469238,4186.364258,-9413.134766,0.320223,-0.757325,0.569137,0.100000,0.020000,1,0.240310
24.295908,22.638983,-2.143920,-58.666489,529.871643,-615.423950,-4747.455566,42367.046875,-48324.500000,0.474687,-0.866121,0.156548,0.100000,0.020000,1,0.039214
24.696547,20.729517,-0.251373,-294.627930,-41.776665,-378.621582,-18059.046875,-1923.451660,-23626.523438,0.455410,-0.795923,-0.398883,0.100000,0.020000,1,0.947429
24.396551,21.798326,1.581972,433.007629,74.632248,376.196655,26557.865234,9860.503906,28952.908203,0.463710,-0.778314,0.423321,0.100000,0.020000,1,0.616878
26.088680,22.225685,-0.578612,327.636536,421.902405,-222.300690,25643.142578,33590.753906,-4173.748047,0.567345,-0.823170,0.022591,0.100000,0.020000,1,0.986417
25.544107,20.804527,1.029559,315.469574,25.831198,93.945282,10549.263672,-92.369141,7333.184082,0.206006,-0.654449,0.727501,0.100000,0.020000,1,0.304210
25.213438,20.678368,0.081626,127.873413,40.823883,-3.498532,9868.152344,3316.925781,16.283691,0.575407,-0.798365,0.177539,0.100000,0.020000,1,0.046687
24.219975,20.899136,0.063515,633.724182,-1327.675415,199.664352,38210.582031,-82099.898438,13267.110352,0.585328,-0.801833,-0.120231,0.100000,0.020000,1,0.039658
24.554548,20.934128,1.149559,5.390614,32.379959,467.969910,415.742798,3030.828369,36521.765625,0.320304,-0.682347,-0.657121,0.100000,0.020000,1,0.486906
24.427895,20.606024,0.172802,-458.981079,278.739655,69.183693,-31204.023438,18432.132812,5734.907227,0.454275,-0.711055,-0.536689,0.100000,0.020000,1,0.155821
24.235920,20.683086,-0.960941,101.217567,-54.925953,-241.337982,4505.930664,-2736.808350,-18468.835938,0.610083,-0.756594,-0.235296,0.100000,0.020000,1,0.350458
24.733315,20.769489,-0.426750,-67.046249,42.046303,202.248749,-2960.409424,2161.595459,13681.966797,0.072600,-0.576415,-0.813926,0.100000,0.020000,1,0.724463
24.679674,20.718184,0.659757,-102.728882,10.508602,-294.465027,-6298.385742,1027.237183,-17725.626953,0.467572,-0.674214,0.571675,0.100000,0.020000,1,0.818419
25.009579,20.262096,2.835079,82.148422,-36.169495,711.541016,4581.642578,-2305.112793,40737.027344,0.626052,-0.714835,0.311561,0.100000,0.020000,1,0.406155
24.715321,20.514345,-1.519272,36.009766,-85.856918,-597.692078,2813.037598,-6331.287598,-46441.195312,0.343201,-0.611098,0.713283,0.100000,0.020000,1,0.040245
24.849255,20.376692,-0.379474,-282.920380,163.371002,90.783646,-17484.078125,9551.461914,5468.453125,0.644461,-0.652149,-0.399214,0.100000,0.020000,1,0.567178
24.533054,20.499945,0.720702,63.985413,-27.734787,-164.687103,943.405090,-6147.741211,-9343.203125,0.639791,-0.629570,0.440806,0.100000,0.020000,1,0.510840
22.409510,21.725975,1.962786,-613.590088,393.559875,495.692291,-13210.665039,-404.076782,30722.433594,0.746601,-0.641407,0.176590,0.100000,0.020000,1,0.536269
24.895161,20.605183,0.039206,40.703629,-103.868179,67.989624,2781.749512,-6141.718750,4357.018555,0.767230,-0.640685,0.029665,0.100000,0.020000,1,0.262553
24.857103,20.748800,-0.118997,191.118774,-577.816101,421.078674,12045.923828,-35493.214844,26438.281250,0.777576,-0.619518,-0.107576,0.100000,0.020000,1,0.809006
24.731396,20.826574,-0.427561,24.797184,-106.272324,-7.554903,1384.096069,-5845.592773,-486.255402,0.613142,-0.580361,-0.535946,0.100000,0.020000,1,0.620419
24.948126,20.608032,0.142840,316.525665,-98.074219,178.145386,15089.041992,-6773.127441,7018.266602,0.759030,-0.591994,-0.270956,0.100000,0.020000,1,0.130909
24.530085,20.501659,-0.137479,30.992729,11.675589,-76.071365,-4784.625000,-1371.238281,-4024.791992,0.775324,-0.567984,0.276166,0.100000,0.020000,1,0.181054
23.788126,21.066769,0.668899,-137.844604,85.200577,295.251648,-11878.707031,6320.311035,24138.687500,0.224816,-0.532185,-0.816233,0.100000,0.020000,1,0.053342
25.605309,20.080528,-0.550247,199.751160,-135.318817,-11.235285,16260.174805,-11151.043945,-752.579468,0.507001,-0.529301,-0.680287,0.100000,0.020000,1,0.250702
24.552855,20.665462,0.645049,152.551208,-87.162781,-146.161835,8601.477539,-5466.005859,-8497.314453,0.609309,-0.526222,0.593155,0.100000,0.020000,1,0.867532
24.851206,20.906147,0.447347,-223.873993,-294.971375,219.436127,-13596.096680,-17875.142578,13362.894531,0.481471,-0.512671,0.710883,0.100000,0.020000,1,0.925880
24.721409,20.469303,-0.473953,1106.700073,-615.285095,-2.975889,69057.812500,-39369.753906,-831.470154,0.766228,-0.500360,-0.403155,0.100000,0.020000,1,0.303213
25.683613,22.518898,2.310640,351.741943,461.754944,494.797791,11125.519531,15678.534180,15573.078125,0.208262,-0.520463,0.828097,0.100000,0.020000,1,0.234313
25.096729,20.958189,-0.143706,36.985031,76.731750,29.263226,2745.251221,6498.111816,1584.454712,0.876859,-0.469827,-0.101883,0.100000,0.020000,1,0.788719
24.349123,22.810371,1.059033,-39.635147,350.290527,203.873596,-4927.521973,31247.361328,15789.049805,0.762777,-0.460605,0.453888,0.100000,0.020000,1,0.972662
24.952559,20.297911,-0.027627,-169.986847,110.313812,152.116547,-11026.761719,5827.065430,9417.187500,0.896023,-0.443519,0.020828,0.100000,0.020000,1,0.898957
24.825354,20.889736,-0.752146,36.250946,-15.117418,-19.632729,3029.381592,-599.651733,-1741.840088,0.349958,-0.493500,-0.796233,0.100000,0.020000,1,0.515164
24.910437,20.850168,0.319976,308.223694,-121.008469,-280.833557,18863.412109,-6581.958496,-16945.033203,0.903278,-0.394972,0.167588,0.100000,0.020000,1,0.704445
24.924461,20.538681,-0.666319,28.502972,-117.117188,-25.303932,444.726562,-4520.050781,-402.861511,0.629077,-0.424648,-0.651104,0.100000,0.020000,1,0.695868
24.980082,20.663345,-0.452431,-183.560471,167.718872,-171.138977,-11495.174805,10510.303711,-10893.361328,0.747819,-0.382427,-0.542693,0.100000,0.020000,1,0.683412
25.194082,20.877914,0.861777,51.790405,13.069546,198.416260,798.064575,1607.426514,5162.499023,0.890036,-0.358999,0.280991,0.100000,0.020000,1,0.338126
24.250309,20.841490,0.550333,-42.155106,39.598709,-55.109726,-3961.306885,2652.662109,-3857.081543,0.323708,-0.463039,0.825111,0.100000,0.020000,1,0.255666
24.934368,20.646046,0.720081,-58.533333,41.724884,-360.666382,-3866.016113,2358.622559,-21672.933594,0.741999,-0.339767,0.577924,0.100000,0.020000,1,0.805909
25.056618,20.871372,-0.447760,75.227554,-96.491898,165.062500,4685.064453,-5248.261719,9833.546875,0.868454,-0.308954,-0.387731,0.100000,0.020000,1,0.463061
24.708839,21.054501,0.713699,-25.330093,31.420616,30.746292,-1599.165283,2400.335693,2138.435059,0.605871,-0.367232,0.705734,0.100000,0.020000,1,0.686899
24.812347,20.420055,-0.020348,148.595917,-61.136887,-179.035873,8187.479492,-4809.724609,-10484.390625,0.910529,-0.311509,-0.271844,0.100000,0.020000,1,0.024871
24.950346,21.178566,1.692761,-60.472576,59.517227,404.412476,1202.712646,4898.309082,11738.712891,0.859518,-0.251473,0.444960,0.100000,0.020000,1,0.151942
25.052000,21.072643,-1.156393,-45.609329,69.510429,-313.740662,-2011.132324,-427.293945,-10284.096680,0.973515,-0.194569,-0.120049,0.100000,0.020000,1,0.973551
26.094975,22.108414,-0.387446,289.014740,411.006134,-65.717682,9217.381836,13549.842773,-502.211182,0.981127,-0.191718,0.025178,0.100000,0.020000,1,0.346899
24.559582,20.812223,0.480070,-78.327576,-21.237354,234.954224,-6638.435547,-1168.981323,19046.232422,0.687379,-0.289126,-0.666271,0.100000,0.020000,1,0.152138
24.944456,21.190065,-0.287184,295.368958,-370.550781,-171.842468,18120.326172,-21533.148438,-10263.236328,0.809451,-0.235578,-0.537859,0.100000,0.020000,1,0.408343
25.326214,20.802286,0.290237,-567.988525,531.190308,-508.185303,-35234.679688,33893.113281,-31821.294922,0.939546,-0.184272,0.288613,0.100000,0.020000,1,0.971754
25.082338,21.154539,0.822137,-4.156536,55.443031,414.580505,-704.740295,5354.345703,30416.453125,0.952422,-0.181435,-0.244897,0.100000,0.020000,1,0.331542
26.090237,21.231169,0.011416,246.817078,-173.030045,5.019138,7185.828125,-12433.198242,76.441101,0.972182,-0.170248,0.160868,0.100000,0.020000,1,0.002788
24.725838,20.388641,-0.524306,-130.560425,76.945671,-85.168777,-8832.072266,2358.149170,-4909.934082,0.435465,-0.382766,-0.814776,0.100000,0.020000,1,0.810731
25.119041,20.836754,0.432899,-334.580688,76.337860,227.652649,-20471.896484,4946.582031,13836.763672,0.660386,-0.255356,0.706175,0.100000,0.020000,1,0.270560
24.963474,20.803991,0.275612,-18.463219,-34.269264,-32.824257,-1689.746338,-2090.257812,-2826.979980,0.797859,-0.181124,0.574992,0.100000,0.020000,1,0.264955
25.091967,21.080769,0.262342,14.263138,-38.152534,110.801682,512.601868,-1180.494385,6634.365723,0.891865,-0.108926,0.438990,0.100000,0.020000,1,0.635971
24.336363,22.714388,0.504023,-212.685120,482.850525,213.301025,-17067.376953,38548.792969,16848.892578,0.917710,-0.095358,-0.385636,0.100000,0.020000,1,0.118897
25.289190,20.858919,-0.065181,-37.846298,-40.711014,-25.764038,-2434.285156,-2300.296875,-1939.952637,0.999807,-0.015165,0.012460,0.100000,0.020000,1,0.922232
24.684719,21.342825,0.160257,-138.892120,52.047134,72.287949,-11357.854492,5498.389160,4772.567383,0.990310,0.006814,0.138710,0.100000,0.020000,1,0.193172
24.827473,20.949869,-0.683384,8.935571,-3.411501,23.446888,333.999725,199.082489,1250.023438,0.546546,-0.272657,-0.791799,0.100000,0.020000,1,0.865396
25.282845,20.995745,-0.132266,-128.845764,283.840240,189.101990,-8256.630859,18637.044922,11834.709961,0.990447,0.022496,-0.136049,0.100000,0.020000,1,0.017113
24.857204,21.405569,-0.485863,257.244476,-181.280273,131.179901,15223.646484,-9138.866211,8384.793945,0.757786,-0.106278,-0.643789,0.100000,0.020000,1,0.904829
25.205824,20.941723,-0.090675,-257.998932,-326.278687,-301.691162,-16759.013672,-20297.333984,-18546.714844,0.961700,0.074088,-0.263901,0.100000,0.020000,1,0.219953
25.392126,20.494888,0.028601,80.717209,-191.774475,112.747513,5948.850098,-13725.244141,5353.837891,0.823200,-0.012479,0.567614,0.100000,0.020000,1,0.834736
25.297421,21.139988,-0.461654,44.924492,-80.587952,100.299217,3189.075684,-4018.899658,6167.066406,0.846507,0.008108,-0.532316,0.100000,0.020000,1,0.850733
24.735889,21.116249,0.702010,9.218973,21.880112,4.531198,558.286926,2440.559570,431.747437,0.398734,-0.366453,0.840668,0.100000,0.020000,1,0.174612
24.992085,20.982225,0.619124,4.173955,-41.567429,19.856438,-159.687775,-2244.809814,1564.733276,0.723522,-0.074463,0.686274,0.100000,0.020000,1,0.455392
25.418385,21.237659,0.301881,357.195221,-71.349953,-37.478973,19029.212891,-3711.538086,-3095.591309,0.905500,0.092959,0.414039,0.100000,0.020000,1,0.624013
25.434866,20.693283,0.165410,39.992882,-104.823685,-12.410332,2930.235840,-7545.024414,-1071.114624,0.946239,0.132230,0.295208,0.100000,0.020000,1,0.295081
25.351080,21.100168,-0.375835,-350.125244,284.620300,428.215698,-21966.705078,18688.359375,26692.095703,0.919143,0.129822,-0.371917,0.100000,0.020000,1,0.721990
24.566675,20.584026,0.619129,112.280594,-33.464401,-87.441017,5813.234375,-3362.213623,-5659.597168,0.511441,-0.248955,0.822465,0.100000,0.020000,1,0.323357
24.227413,21.298416,-0.212145,-187.162598,-494.535309,-320.297974,-16673.355469,-29792.878906,-21585.988281,0.966078,0.213471,0.145342,0.100000,0.020000,1,0.635562
24.802189,21.072491,0.232341,-130.925385,-25.691994,72.164627,-10741.739258,-1140.976685,5855.168945,0.971217,0.216534,-0.099250,0.100000,0.020000,1,0.351543
25.370214,21.158936,-0.022166,-39.827141,20.775314,-2.479365,-2675.211182,2064.273682,-276.292480,0.968775,0.247808,0.008191,0.100000,0.020000,1,0.251111
24.909136,21.000526,-0.715400,-100.799210,-121.998520,356.645569,-6551.129395,-7313.093262,22182.595703,0.574415,-0.162677,-0.802236,0.100000,0.020000,1,0.476817
25.911936,21.615915,0.898318,172.176208,81.902908,292.825500,6295.232422,6927.307617,22551.408203,0.933747,0.249812,-0.256341,0.100000,0.020000,1,0.834149
24.809202,20.428148,-0.297643,-309.463318,205.225601,-366.750092,-21122.869141,10692.827148,-22252.072266,0.760000,0.074101,-0.645685,0.100000,0.020000,1,0.203172
25.214727,21.332315,0.221141,21.933861,-88.542900,-49.711777,655.432129,-4254.742676,-3124.697998,0.923754,0.266870,0.274698,0.100000,0.020000,1,0.302555
24.859480,22.495495,-0.139685,28.135342,443.707520,135.909180,-1437.951172,15386.136719,472.352051,0.634994,-0.025687,-0.772090,0.100000,0.020000,1,0.218404
25.208939,21.209286,-0.268404,-186.021759,-134.576416,-412.551208,-12051.003906,-7734.229492,-25327.921875,0.808427,0.201304,-0.553102,0.100000,0.020000,1,0.024462
25.881319,21.764217,-0.322013,316.189392,273.755615,21.285736,9942.265625,11807.488281,7389.823242,0.872535,0.314268,-0.374057,0.100000,0.020000,1,0.446922
25.241043,20.949953,0.746399,-2.288883,33.657124,18.044205,177.127243,1862.758301,1920.240479,0.702480,0.097719,0.704962,0.100000,0.020000,1,0.770391
25.408667,21.601982,0.369088,55.593048,77.458328,-13.997986,4071.519775,7191.241699,-1277.948975,0.781897,0.218087,0.584016,0.100000,0.020000,1,0.321542
25.224936,21.366671,0.167586,90.571762,6.172829,247.081238,5137.063965,1558.333984,14865.433594,0.843252,0.320580,0.431457,0.100000,0.020000,1,0.080283
24.556133,20.486620,1.426053,14.144329,62.653233,294.710175,-15778.368164,-6834.395020,20063.603516,0.546955,-0.131911,0.826704,0.100000,0.020000,1,0.801834
25.036829,21.713711,1.052806,-26.988533,333.434631,434.280762,-3458.796143,23353.646484,32176.759766,0.879032,0.463884,-0.110067,0.100000,0.020000,1,0.791157
24.992844,21.165150,-0.385569,233.169342,14.435810,-251.652832,13677.499023,1260.217529,-15344.082031,0.727243,0.223935,-0.648823,0.100000,0.020000,1,0.230078
26.809214,20.648581,0.089323,411.910706,-202.503876,98.920715,31740.218750,-14987.335938,7485.079590,0.847196,0.462360,-0.261692,0.100000,0.020000,1,0.866606
23.721767,22.089872,-0.904680,-433.130859,191.594421,-270.552124,-34577.136719,15878.002930,-21414.257812,0.858966,0.483786,0.167717,0.100000,0.020000,1,0.986648
25.300877,20.809769,-0.622409,74.567123,-16.577950,-29.741295,4580.219727,-2428.081055,-2712.156006,0.771198,0.348756,-0.532562,0.100000,0.020000,1,0.935080
24.771332,21.812706,0.995040,-71.839493,128.566284,126.792816,-6415.842773,11090.963867,9892.878906,0.693052,0.227439,0.684069,0.100000,0.020000,1,0.825056
25.187460,21.259443,0.073171,-0.312275,4.848423,-5.482851,-1187.612915,550.257812,-146.482208,0.859474,0.510176,0.032017,0.100000,0.020000,1,0.003802
24.958712,20.957884,0.806207,69.512711,-12.595276,-409.152893,2888.377441,-1753.842773,-24361.626953,0.722580,0.384729,0.574335,0.100000,0.020000,1,0.187744
25.630539,21.460119,0.401181,-395.202576,-40.143303,-156.508514,-24139.011719,-1642.090820,-9150.015625,0.796291,0.533175,0.285736,0.100000,0.020000,1,0.348892
26.333025,22.718044,-0.001246,317.041779,365.890015,-103.281326,12936.353516,12847.044922,-2321.648926,0.747777,0.504299,0.431870,0.100000,0.020000,1,0.173811
25.260414,21.370811,-0.144269,15.801300,56.291458,-174.095642,389.176971,4048.922607,-10283.546875,0.761087,0.514871,-0.394531,0.100000,0.020000,1,0.027807
25.161537,21.059048,0.032509,178.712067,-42.258423,-158.733185,10001.640625,-3812.313232,-9547.751953,0.761151,0.640625,-0.101243,0.100000,0.020000,1,0.133916
25.430960,21.495874,0.230899,-70.709274,22.060234,-76.999252,-4590.870605,2002.134766,-4393.446777,0.742495,0.652795,0.150200,0.100000,0.020000,1,0.437366
25.287386,21.558481,-0.027398,14.490675,-169.483185,160.204590,153.933609,-9866.496094,9875.783203,0.743137,0.668129,0.036775,0.100000,0.020000,1,0.914420
25.705397,20.800915,-0.615263,253.975006,-114.375137,-163.566010,18545.695312,-8436.580078,-10237.134766,0.583350,0.130809,-0.801618,0.100000,0.020000,1,0.993304
24.723148,20.560099,0.557318,-33.234482,70.674194,-849.276733,-5055.353516,1037.490112,-52269.964844,0.690350,0.658744,0.299121,0.100000,0.020000,1,0.497636
24.980431,21.336102,-0.440577,2.011108,0.890360,6.668419,-1061.537231,429.873077,791.608582,0.626249,0.403710,-0.666956,0.100000,0.020000,1,0.384374
25.195894,21.501463,0.363425,137.263748,-155.759094,552.469238,8095.781250,-9023.404297,34521.863281,0.646309,0.514409,0.563620,0.100000,0.020000,1,0.929332
25.301296,21.636860,-0.480150,-52.053635,-9.087788,88.327423,-3496.353027,724.554138,5308.781738,0.652205,0.547120,-0.524679,0.100000,0.020000,1,0.679443
25.181440,22.134619,0.318757,4.101353,150.160660,230.085815,1581.378052,6017.397949,4369.961914,0.665861,0.643056,-0.378297,0.100000,0.020000,1,0.506284
24.921635,21.595196,0.593740,284.893127,-259.243805,-34.399918,16650.376953,-14892.916016,-2007.366211,0.604814,0.382064,0.698733,0.100000,0.020000,1,0.682931
24.418537,20.665005,-0.805939,101.695030,-28.731110,191.475052,3355.976807,-3947.842529,11320.009766,0.567849,0.248950,-0.784584,0.100000,0.020000,1,0.856730
25.108601,21.228430,0.580883,-166.685516,363.154724,424.486420,-10454.092773,23390.761719,26503.945312,0.554216,0.146314,0.819413,0.100000,0.020000,1,0.282233
25.267725,21.810865,-0.940704,-2.709595,12.254158,-171.057404,-826.451294,2262.126221,-13815.503906,0.627697,0.728161,-0.275280,0.100000,0.020000,1,0.012575
25.434080,22.458027,1.567692,125.672394,214.222626,355.100830,8178.795898,17748.566406,27516.539062,0.585066,0.683223,0.436925,0.100000,0.020000,1,0.715833
24.250511,23.089722,-0.318689,-294.830688,379.299927,-53.249859,-20095.289062,27413.654297,-2120.249268,0.586880,0.808868,0.036103,0.100000,0.020000,1,0.503633
24.999586,21.282791,0.647600,29.183479,14.019061,136.308472,39.443478,-175.555405,11644.843750,0.572606,0.813596,-0.100916,0.100000,0.020000,1,0.019550
25.278362,21.735199,-0.439250,-83.640335,-142.670349,2.963284,-5512.802246,-7816.277344,92.200798,0.541731,0.656506,-0.524906,0.100000,0.020000,1,0.008322
25.528740,21.356483,0.256870,64.304825,-109.992905,18.812868,6783.910156,-5678.122070,-390.835205,0.540012,0.790497,0.288965,0.100000,0.020000,1,0.269759
25.054207,21.836401,0.135298,-238.109558,217.000031,279.102478,-16544.796875,14860.587891,17642.902344,0.542568,0.824099,0.162727,0.100000,0.020000,1,0.904740
24.850552,21.620543,0.160538,45.989498,158.418259,73.417992,1225.110474,11076.521484,3045.794189,0.526636,0.508465,0.681262,0.100000,0.020000,1,0.997930
25.019587,21.544521,-0.015758,20.981129,12.737831,16.529171,-264.860352,736.564819,1808.598267,0.523942,0.814050,-0.250615,0.100000,0.020000,1,0.355333
24.959595,21.280396,0.623666,153.171814,92.425797,-47.268242,8973.539062,6205.028809,-3067.820068,0.530685,0.245341,0.811284,0.100000,0.020000,1,0.444858
24.936413,23.338453,-0.814711,18.359909,548.268677,-401.232208,-4728.145508,20960.130859,-13681.189453,0.504840,0.643316,0.575571,0.100000,0.020000,1,0.823294
25.358442,21.517822,0.174491,-376.773804,-290.372711,-413.059326,-23342.800781,-17837.050781,-23114.322266,0.499841,0.546221,-0.672162,0.100000,0.020000,1,0.051314
25.411314,22.039331,-0.823139,49.836060,81.984894,-114.975945,795.169373,2643.882080,-2946.322266,0.474797,0.783940,-0.400009,0.100000,0.020000,1,0.264528
25.358595,21.672022,0.168895,60.630035,-6.250639,16.997955,3898.351562,27.971464,370.023254,0.458807,0.780423,0.424778,0.100000,0.020000,1,0.061368
25.259655,21.900856,0.206765,-49.799438,-147.647186,-182.075348,-3543.557373,-8432.795898,-11204.421875,0.384265,0.906752,0.173610,0.100000,0.020000,1,0.939973
25.164524,21.851753,-0.056786,11.449644,-14.267776,-12.734053,-86.589180,-245.917313,-616.163513,0.382162,0.915169,-0.128131,0.100000,0.020000,1,0.722274
25.069717,21.332830,-0.727510,-48.878952,4.860247,69.025803,-3477.616943,386.637939,3923.713623,0.476350,0.393866,-0.786105,0.100000,0.020000,1,0.013803
25.018032,21.806742,-0.486857,5.227116,0.047970,-8.792377,-826.803589,867.597107,-937.898987,0.391153,0.773928,-0.498031,0.100000,0.020000,1,0.885629
24.997248,21.913031,-0.278955,230.138123,97.549057,116.271500,13111.362305,7096.008301,7058.106445,0.365202,0.891886,-0.266771,0.100000,0.020000,1,0.941770
25.020300,21.537096,-0.532528,129.911835,46.534317,-7.975228,7311.691895,3114.453613,-520.549011,0.408967,0.623984,-0.665875,0.100000,0.020000,1,0.634975
25.077911,21.853565,0.154249,-73.917557,-23.435549,170.561127,-5628.756836,-937.088135,10461.687500,0.311572,0.906123,0.286117,0.100000,0.020000,1,0.728805
25.086493,21.449408,0.709111,-80.178528,-19.614326,-73.504929,-5273.277832,-612.393616,-4365.754883,0.460975,0.360342,0.810960,0.100000,0.020000,1,0.632466
25.055941,21.884094,-0.226352,40.657139,-67.759727,-109.466675,1609.155518,-3545.828369,-6587.694824,0.299577,0.874127,-0.382302,0.100000,0.020000,1,0.690262
25.502737,20.307215,-0.334180,113.591904,-395.820435,-193.012512,7507.951660,-16620.572266,-14062.767578,0.310219,0.765585,0.563598,0.100000,0.020000,1,0.459699
25.416166,22.218048,-0.308960,74.749939,109.797028,-103.364990,5101.480957,8844.776367,-7848.421875,0.300350,0.953778,0.009897,0.100000,0.020000,1,0.137261
25.154913,21.904516,0.233872,77.795586,39.583862,-122.387299,4753.772461,4078.891602,-9069.996094,0.345394,0.624815,0.700221,0.100000,0.020000,1,0.916876
27.046494,21.552303,0.741410,539.495605,-0.109238,71.372360,14017.546875,2973.068848,1115.073486,0.251865,0.873324,0.416976,0.100000,0.020000,1,0.520413
24.760736,21.460218,-0.726295,-11.538048,16.607517,-23.997406,-2367.932129,1253.820801,-1952.652832,0.393086,0.481805,-0.783165,0.100000,0.020000,1,0.472848
25.103704,21.867794,0.124679,-90.802048,303.866943,13.725550,-6384.794922,19347.462891,917.974792,0.186086,0.972284,0.141547,0.100000,0.020000,1,0.814504
24.657267,20.735943,0.121996,-192.036377,204.118637,-30.868874,-14583.096680,8250.793945,-1009.950378,0.159932,0.978627,-0.129270,0.100000,0.020000,1,0.211856
24.313768,20.626551,0.309558,96.851921,-21.388018,177.387833,-1279.685669,-8081.324707,-1006.448242,0.152909,0.988215,0.007031,0.100000,0.020000,1,0.862193
25.039156,21.979128,-0.664360,-70.870819,-503.010376,276.699799,-5016.800293,-30341.833984,16848.773438,0.235804,0.721340,-0.651203,0.100000,0.020000,1,0.775391
25.480652,21.213682,-1.455314,105.623779,-289.676666,-476.124817,18358.568359,2833.983398,-19003.929688,0.119089,0.949028,0.291826,0.100000,0.020000,1,0.775142
25.061853,21.988819,-0.110188,-165.362076,174.600189,-623.008545,-11036.861328,11572.259766,-38929.757812,0.110311,0.959837,-0.257961,0.100000,0.020000,1,0.852388
24.951218,21.845095,0.545456,-88.418892,-147.786545,-106.900055,-6504.672852,-8893.181641,-6281.154785,0.164711,0.820981,0.546682,0.100000,0.020000,1,0.478276
25.098925,21.995644,-0.294300,-230.360626,-200.944534,-319.165802,-14864.824219,-11659.226562,-19624.257812,0.161801,0.833579,-0.528172,0.100000,0.020000,1,0.222835
24.509502,21.934338,0.014272,-94.076233,4.028276,59.783081,-8744.373047,649.719299,5051.103027,0.099357,0.924801,-0.367248,0.100000,0.020000,1,0.063556
25.758545,22.242226,-0.579507,345.701904,47.248535,-227.724792,11543.349609,-7886.001953,-6667.662109,0.224768,0.687307,0.690716,0.100000,0.020000,1,0.788630
24.604914,21.943993,0.587850,-71.854248,-6.463326,62.996857,-6803.684082,-37.108097,5108.390137,0.054891,0.915123,0.399421,0.100000,0.020000,1,0.131834
25.058533,21.536554,0.531445,-111.552750,48.851883,99.064621,-7274.859863,3589.242920,5764.939453,0.351626,0.457274,0.816860,0.100000,0.020000,1,0.969672
25.160521,21.936230,-0.251438,-58.427635,-281.049744,274.956848,-3579.892334,-17801.251953,16270.776367,-0.029591,0.999510,0.010241,0.100000,0.020000,1,0.512477
25.066479,21.561810,-0.601666,-263.981842,459.893860,87.598831,-16845.390625,29189.908203,5615.856934,0.266739,0.560156,-0.784268,0.100000,0.020000,1,0.707648
24.160913,22.098476,-0.234475,-95.294373,66.257507,-52.119293,-9992.788086,4778.900391,-4751.747070,-0.054755,0.987861,0.145366,0.100000,0.020000,1,0.960472
25.001600,22.119141,0.117410,-352.905151,-71.257256,-489.079468,-22666.748047,-3793.053223,-29600.648438,-0.068166,0.969571,-0.235127,0.100000,0.020000,1,0.870966
24.931532,22.163519,-0.050107,55.197227,-180.676971,19.468788,2788.961426,-10599.489258,1352.368042,-0.080809,0.991663,-0.100376,0.100000,0.020000,1,0.953444
25.801687,22.800177,-1.170886,283.609406,512.394531,-145.600052,6397.574219,15122.131836,-3875.166504,0.086348,0.746920,-0.659284,0.100000,0.020000,1,0.417347
24.865852,21.865950,-0.201790,14.767026,-25.895111,37.597801,35.892811,-1524.845459,3280.454102,0.000204,0.849337,-0.527851,0.100000,0.020000,1,0.224757
26.441950,22.191931,-0.709478,474.709351,38.097130,-317.294434,29362.882812,-786.198730,-365.730469,-0.115155,0.946951,0.300040,0.100000,0.020000,1,0.242516
24.665768,21.798279,0.427437,-10.166176,-148.773712,3.350861,-2246.199951,-9623.020508,205.227249,-0.040532,0.840359,0.540513,0.100000,0.020000,1,0.771067
24.931828,22.345760,-0.198105,46.161766,63.569489,27.854683,2456.085205,5693.354492,2152.211182,-0.115977,0.922388,-0.368442,0.100000,0.020000,1,0.782936
25.894215,21.847828,-0.412973,350.231934,-87.154388,-198.586243,10730.947266,7983.376953,-15100.274414,-0.124901,0.898549,0.420726,0.100000,0.020000,1,0.286130
24.775551,21.730858,0.669031,25.581350,-53.818871,-34.460133,481.496643,-3364.934082,-1709.612915,0.054461,0.709421,0.702678,0.100000,0.020000,1,0.095302
23.606674,21.460526,1.269563,-368.480408,-207.291412,402.056152,-11091.787109,122.248047,19312.443359,-0.236664,0.965159,-0.111611,0.100000,0.020000,1,0.997005
24.649097,21.528910,-0.157950,-10.250496,21.358421,-34.491474,-2333.970947,991.064331,-243.658401,0.141952,0.606831,-0.782052,0.100000,0.020000,1,0.729001
24.663361,21.792799,0.671865,229.725983,-190.567856,-58.297676,12815.643555,-10920.458008,-3583.937744,0.220522,0.531696,0.817722,0.100000,0.020000,1,0.547781
24.679085,21.624445,-0.547410,-68.697418,69.842377,144.553070,-5550.110352,3142.939209,8470.350586,-0.174472,0.852582,-0.492608,0.100000,0.020000,1,0.257214
26.813669,21.861355,-0.924561,588.312500,-66.653343,-251.521973,19930.841797,-2147.552490,-2235.616211,-0.283208,0.949145,0.137540,0.100000,0.020000,1,0.330991
24.815182,21.898954,-0.630778,-9.768654,17.674725,22.677071,-1262.207886,1398.419678,1854.621460,-0.080200,0.760582,-0.644269,0.100000,0.020000,1,0.009336
24.672781,22.045815,0.402436,96.400497,-43.092316,22.853016,4899.635742,-2165.335205,1363.336182,-0.176781,0.828736,0.530986,0.100000,0.020000,1,0.667805
24.689972,22.079845,0.253466,57.301132,170.415466,-137.311752,2614.921387,10982.509766,-8493.995117,-0.287515,0.919760,0.267163,0.100000,0.020000,1,0.388485
24.527098,22.094841,0.018938,352.747955,54.478584,-36.215061,20563.326172,3606.743652,-2340.563477,-0.304445,0.951675,0.040340,0.100000,0.020000,1,0.051723
24.591518,22.112022,-0.254165,206.730957,98.083801,122.804581,11737.260742,6487.540527,7471.645996,-0.322906,0.916564,-0.235885,0.100000,0.020000,1,0.028038
24.931961,21.604887,0.385486,41.605804,-82.167984,43.712517,2496.821777,-6011.604492,2102.925781,-0.087374,0.724571,0.683639,0.100000,0.020000,1,0.429732
24.799337,22.233839,-0.300326,-195.084351,-133.795685,17.483456,-12718.789062,-7472.882812,1138.324341,-0.302017,0.870358,-0.388925,0.100000,0.020000,1,0.812617
24.876457,21.848988,0.728590,-22.757950,-123.368988,-105.747543,-2042.752808,-6821.046875,-6291.171387,0.108606,0.586810,0.802408,0.100000,0.020000,1,0.862780
25.466314,22.664608,-0.282776,139.081207,189.437271,-58.460987,2157.116211,4472.087891,2.839355,-0.364306,0.832261,0.417880,0.100000,0.020000,1,0.307484
24.803782,21.828178,-1.201349,71.199982,-74.019150,-296.480957,4515.433594,-5768.485352,-23756.193359,-0.465021,0.885276,0.006554,0.100000,0.020000,1,0.128595
24.505913,21.840431,-0.005899,-42.861984,21.344597,169.620209,-4634.442383,1959.174561,13280.324219,-0.001693,0.621355,-0.783527,0.100000,0.020000,1,0.725371
24.511681,21.989140,-0.255918,17.944492,-10.387791,-45.337463,-21.059963,-972.238953,-3079.804443,-0.456577,0.851837,-0.256730,0.100000,0.020000,1,0.656115
24.051027,21.355959,-0.109399,-29.849579,-175.562378,-48.738670,-4898.066406,-14037.542969,-4442.755371,-0.470660,0.838643,0.274148,0.100000,0.020000,1,0.830875
24.467493,21.070402,0.013045,-17.264755,37.476120,-664.392578,-2340.641602,-1872.223877,-42420.257812,-0.491872,0.855431,0.162170,0.100000,0.020000,1,0.380104
24.680304,21.621319,-0.167169,53.433624,-87.442810,-56.615242,3046.843506,-7479.875000,-3874.690918,-0.504734,0.854913,-0.119860,0.100000,0.020000,1,0.431067
24.696045,22.082438,-0.433596,-32.107536,-137.605225,-84.925949,-2654.456787,-7883.562012,-5064.907715,-0.268275,0.723960,-0.635539,0.100000,0.020000,1,0.587445
23.565100,23.418417,0.404749,-181.146301,277.836975,-113.931351,-16554.861328,23657.240234,-7340.673828,-0.370768,0.744629,0.555031,0.100000,0.020000,1,0.581200
24.098927,21.799223,-0.634805,-135.657928,-43.549408,-386.818848,-7268.947266,-9202.988281,436.152222,-0.249398,0.683498,0.686026,0.100000,0.020000,1,0.617340
24.482487,22.171751,-0.442149,-189.046997,-257.827423,429.648529,-13128.183594,-15456.751953,26995.789062,-0.408990,0.750036,-0.519781,0.100000,0.020000,1,0.311879
24.941742,21.912287,-0.536752,-95.342133,53.696114,-72.880066,-5083.952148,2833.808838,-5644.763672,-0.510321,0.780358,-0.361405,0.100000,0.020000,1,0.252232
24.141975,21.793327,0.476964,34.801281,-420.787170,-34.279491,2.330345,-27515.585938,-1607.970581,-0.543195,0.719075,0.433441,0.100000,0.020000,1,0.935560
23.868542,24.066006,-0.063302,-105.386322,577.265808,36.567474,-11454.266602,18249.570312,-9262.795898,-0.655091,0.748997,-0.099292,0.100000,0.020000,1,0.219846
23.866014,21.454874,-0.392641,-417.423340,0.789406,-130.375427,-17686.429688,2993.140625,2003.835938,-0.022374,0.574199,0.818410,0.100000,0.020000,1,0.947981
24.729298,21.884441,-0.741101,-107.335480,-85.749115,136.149323,-7323.474121,-4894.145996,8081.689941,-0.156767,0.606550,-0.779437,0.100000,0.020000,1,0.641541
24.766859,20.836451,0.249302,201.567108,-85.391052,195.982208,12864.214844,-9878.949219,15535.396484,-0.394835,0.658997,-0.640178,0.100000,0.020000,1,0.761173
24.765068,22.202513,-0.820748,86.580505,75.541290,-77.806671,5869.838867,5640.200195,-6685.553223,-0.521071,0.692301,-0.499204,0.100000,0.020000,1,0.878884
23.635372,22.682549,0.401088,-216.195679,123.266663,70.786392,-17634.035156,10263.780273,5626.867676,-0.669288,0.726442,0.156000,0.100000,0.020000,1,0.240754
25.272717,22.781521,0.872347,238.887482,184.646301,299.026642,19090.658203,12547.898438,4180.505859,-0.678961,0.733930,0.018927,0.100000,0.020000,1,0.429715
24.445589,22.853521,1.063025,62.186825,207.606934,363.024902,-613.121826,15146.402344,20072.011719,-0.666180,0.704535,-0.244612,0.100000,0.020000,1,0.087401
23.104889,21.562462,2.906401,-365.333435,-173.775024,807.690186,-1253.682617,1447.657715,36655.453125,-0.663199,0.699115,0.267218,0.100000,0.020000,1,0.060122
24.466871,22.128710,0.428117,608.797546,-846.270264,218.430511,37381.144531,-52433.730469,13364.445312,-0.397410,0.630175,0.667042,0.100000,0.020000,1,0.228761
24.413208,22.082375,1.550137,-35.655380,32.228218,315.908875,-4066.910889,3442.076660,23773.904297,-0.158088,0.582380,0.797397,0.100000,0.020000,1,0.936023
27.319920,21.441603,1.750680,1037.942993,101.138542,378.799164,28246.855469,2717.892578,14093.109375,-0.530648,0.633355,0.563272,0.100000,0.020000,1,0.018038
24.164572,22.019196,-0.526527,-17.008934,-10.954996,-53.261581,-2633.465088,-731.195618,-4285.988770,-0.675537,0.628927,-0.384838,0.100000,0.020000,1,0.323552
24.177408,21.346880,0.668906,-59.130905,-113.655243,86.461197,-5202.805664,-9953.659180,6839.039551,-0.671488,0.606107,0.426308,0.100000,0.020000,1,0.294974
24.145868,22.067707,-0.074884,104.389603,11.005028,69.834473,5358.080078,706.810242,4466.970703,-0.798468,0.591501,-0.112143,0.100000,0.020000,1,0.665012
24.538786,21.954460,-0.002714,-6.076404,170.694794,80.620132,49.411705,10298.242188,5011.743164,-0.806360,0.591093,0.019816,0.100000,0.020000,1,0.149094
24.608568,21.900179,-0.831626,-362.017975,13.873972,931.015015,-23453.207031,1347.182617,57891.308594,-0.283132,0.552320,-0.784078,0.100000,0.020000,1,0.277945
24.419247,21.243420,0.010964,108.950127,-44.716805,-87.028412,2391.557129,-2542.889160,-2056.787109,-0.551714,0.548288,-0.628484,0.100000,0.020000,1,0.962661
24.246967,21.135422,-1.112520,25.526733,-264.072296,-196.904022,-8111.473633,-10175.112305,-2196.399902,-0.675492,0.544045,-0.497720,0.100000,0.020000,1,0.374018
23.736210,21.624094,0.059651,152.470993,-21.639801,-67.554626,6776.487793,-3093.271240,-3205.389160,-0.800449,0.547457,-0.244076,0.100000,0.020000,1,0.576982
23.999226,22.294067,0.320991,303.051392,-489.041077,-157.331573,17381.003906,-29774.597656,-9474.356445,-0.796726,0.542248,0.266823,0.100000,0.020000,1,0.513616
24.108688,21.926958,0.158664,-9.465900,3.939277,-270.694977,-1831.332153,-251.365479,-16977.693359,-0.820794,0.546228,0.167135,0.100000,0.020000,1,0.109733
24.589630,21.980761,-0.282628,130.297211,39.329567,99.503922,7860.746094,3143.923828,7606.688477,-0.384327,0.529920,-0.755962,0.100000,0.020000,1,0.285419
24.331690,21.895121,0.503105,-16.118065,46.878067,-55.260895,-1649.299805,2728.170898,-3168.885742,-0.670915,0.510626,0.537711,0.100000,0.020000,1,0.887016
24.332340,21.727716,-0.008968,26.536419,63.448082,328.346436,1370.007812,2887.888184,21946.146484,-0.780766,0.496460,-0.379382,0.100000,0.020000,1,0.937749
23.942127,22.130989,0.320868,312.201172,-213.772644,-16.001709,17809.595703,-12883.223633,-986.755432,-0.782394,0.479588,0.397309,0.100000,0.020000,1,0.836996
24.473505,21.965910,0.512800,-63.092720,63.063202,158.511429,-4365.341309,4388.747070,9852.398438,-0.528432,0.491391,0.692311,0.100000,0.020000,1,0.840181
24.219940,21.883940,-0.363229,-107.021255,81.830299,205.625977,-7093.922852,4616.153809,11412.573242,-0.898723,0.438270,0.014709,0.100000,0.020000,1,0.779947
24.516884,21.804586,0.526217,278.267822,94.230270,193.403351,16555.623047,6170.238281,11701.097656,-0.250666,0.521074,0.815873,0.100000,0.020000,1,0.126406
24.211405,21.964277,-0.401035,18.006855,-224.770447,108.901413,442.339935,-14064.277344,6838.079590,-0.762968,0.416309,-0.494538,0.100000,0.020000,1,0.821960
24.270292,21.994371,0.004504,127.865417,25.355904,-9.968267,8025.242676,1669.695435,190.950851,-0.890056,0.386540,-0.241633,0.100000,0.020000,1,0.634423
26.329281,20.670856,1.343691,801.222900,-235.080460,439.198090,28081.828125,-3987.463379,9870.923828,-0.925209,0.367448,-0.094708,0.100000,0.020000,1,0.121282
25.144674,21.626751,0.465946,176.323395,-76.593689,-48.999409,12501.238281,-4213.277832,-2044.076294,-0.381866,0.476259,0.792058,0.100000,0.020000,1,0.582676
24.412802,21.898155,-0.458535,129.774811,-418.381012,-202.448853,7579.210449,-26100.806641,-12232.156250,-0.501391,0.443988,-0.742618,0.100000,0.020000,1,0.456371
24.087111,21.546373,-0.417463,-68.698135,-126.058624,-56.523651,-2777.355713,-4405.605469,-4149.079102,-0.645972,0.420471,-0.637121,0.100000,0.020000,1,0.144717
23.928802,21.954830,0.269030,62.334740,-40.072227,-118.398987,2607.025635,-2611.427002,-6849.563477,-0.921756,0.357209,0.150888,0.100000,0.020000,1,0.034231
24.248030,21.906172,0.586426,-108.926743,-17.359386,-121.071198,-7327.492676,-1035.825073,-7027.579590,-0.751838,0.358050,0.553660,0.100000,0.020000,1,0.805962
24.062756,22.069651,0.056872,-130.377716,-491.784302,-14.412449,-8970.435547,-30493.720703,-1652.750854,-0.901153,0.316977,0.295717,0.100000,0.020000,1,0.521089
24.317907,22.101992,0.179787,202.155609,-87.425049,7.836548,10327.323242,-6477.175293,4166.923828,-0.628533,0.378048,0.679725,0.100000,0.020000,1,0.872639
24.026432,21.880287,-0.306413,-5.979385,68.745575,127.398163,-1287.959351,4179.531738,7965.089355,-0.881971,0.300496,-0.363084,0.100000,0.020000,1,0.659905
23.632381,21.505871,0.095723,704.296936,-315.028839,-171.878326,41948.414062,-21457.000000,-11871.366211,-0.866427,0.255671,0.428879,0.100000,0.020000,1,0.634103
24.051594,21.878382,-0.369257,5.789883,15.510223,2.842321,-445.126190,1045.922607,247.488281,-0.838674,0.246152,-0.485834,0.100000,0.020000,1,0.862745
23.919149,21.826454,0.051425,4.719450,-15.033787,40.162506,-658.050476,-1186.768799,3555.049805,-0.950563,0.193643,-0.242758,0.100000,0.020000,1,0.957750
23.966782,21.898209,0.120783,-87.749329,-96.449478,-112.060089,-6181.595215,-6057.538086,-6665.744629,-0.983114,0.180630,0.029301,0.100000,0.020000,1,0.543742
24.357695,21.879293,0.639041,24.822786,-87.300323,-15.751438,809.010437,-5100.413086,-917.929199,-0.488875,0.386111,0.782253,0.100000,0.020000,1,0.781388
23.681660,21.469809,-0.324993,231.442871,-97.598557,-125.471252,11891.375000,-7645.964844,-7186.059082,-0.725834,0.274348,-0.630791,0.100000,0.020000,1,0.886305
23.985147,21.881136,0.069856,-154.728271,-7.538360,-394.891418,-10306.021484,-466.719604,-24272.421875,-0.980407,0.164073,-0.109004,0.100000,0.020000,1,0.134307
24.042408,21.882652,0.654413,78.089462,-7.995726,102.808716,4615.932129,-464.120453,8671.047852,-0.972848,0.160476,0.166772,0.100000,0.020000,1,0.318694
24.303827,21.882601,-0.563876,34.081238,-56.024734,-32.262829,1561.779419,-3124.481934,-1915.857544,-0.583739,0.318388,-0.746912,0.100000,0.020000,1,0.754714
25.001255,23.454876,1.408037,-43.979126,379.711182,384.120880,-10083.007812,7059.190430,10244.631836,-0.821654,0.186171,0.538726,0.100000,0.020000,1,0.151497
24.723497,21.492210,-0.664493,196.156982,-105.890617,-317.439758,4605.649414,-3285.360107,-8315.969727,-0.911536,0.114159,0.395056,0.100000,0.020000,1,0.780071
24.661440,23.079300,-2.219537,160.285767,346.064148,-544.057617,16935.003906,20721.164062,-25702.937500,-0.922741,0.109368,-0.369578,0.100000,0.020000,1,0.828081
24.015108,21.943865,0.358075,-139.201630,-162.247711,-442.049316,-9171.395508,-9751.451172,-27398.224609,-0.948147,0.107328,0.299162,0.100000,0.020000,1,0.146390
24.108826,21.766436,0.590807,8.473477,6.221251,11.040632,-342.521881,331.900879,932.942200,-0.705601,0.220877,0.673306,0.100000,0.020000,1,0.145998
24.059027,22.063339,-0.249518,-22.231995,46.219482,60.806206,-2336.680908,351.528564,1325.498779,-0.770899,0.154657,-0.617896,0.100000,0.020000,1,0.187424
23.627407,21.417753,0.362916,6.840080,27.854053,-270.643127,-1243.099976,247.514923,-16024.695312,-0.990412,0.001422,0.138135,0.100000,0.020000,1,0.786068
23.866903,21.591169,-0.281770,-169.352722,4.097761,262.596436,-11296.887695,-458.524109,15755.122070,-0.993818,-0.026762,-0.107751,0.100000,0.020000,1,0.358003
23.346485,22.410456,0.415208,-100.085114,173.862793,83.342514,-9080.955078,13675.432617,6899.140625,-0.999161,-0.028788,0.029138,0.100000,0.020000,1,0.299209
24.140873,21.468658,1.066963,31.650618,-124.995728,237.528748,701.611450,-9045.560547,16844.769531,-0.548571,0.284780,0.786111,0.100000,0.020000,1,0.359497
24.119366,21.968801,-0.533586,48.653229,-154.796906,60.764896,3005.554443,-8829.296875,3299.887207,-0.858416,0.046268,-0.510863,0.100000,0.020000,1,0.601556
23.904188,21.781706,0.260189,134.058167,-189.609573,-114.305923,7916.881348,-11796.048828,-7104.999512,-0.955063,-0.031940,0.294675,0.100000,0.020000,1,0.458613
23.751696,21.331646,0.596048,3.527885,24.438847,-77.909561,-1378.346436,-117.727356,-4182.675781,-0.847747,0.031800,0.529447,0.100000,0.020000,1,0.721278
24.187359,22.013618,-1.012106,63.234024,69.983536,-204.635437,4713.886719,5620.581543,-16286.035156,-0.963806,-0.061578,-0.259395,0.100000,0.020000,1,0.940240
24.081118,21.556482,0.710590,9.609064,61.895523,-472.430695,-58.367001,3272.139893,-29102.429688,-0.728538,0.090525,0.678997,0.100000,0.020000,1,0.915345
23.961065,21.557611,-0.381579,-73.033646,-100.693832,62.298065,-4900.710938,-6889.564941,3622.193359,-0.917617,-0.089217,-0.387323,0.100000,0.020000,1,0.190271
23.978752,21.791895,-0.753331,-35.989212,11.652565,-36.376884,-3761.909912,1070.188477,-2948.458008,-0.637441,0.165194,-0.752582,0.100000,0.020000,1,0.385566
23.953802,21.469131,0.303087,-58.300598,45.219170,22.729832,-3981.424561,2011.473511,1383.358521,-0.911376,-0.107035,0.397413,0.100000,0.020000,1,0.962127
23.501665,21.782139,0.017980,-71.996872,36.405022,33.339088,-6384.374512,2827.476318,2119.933350,-0.982550,-0.185132,0.017969,0.100000,0.020000,1,0.572569
23.786171,21.108021,-0.097182,18.333879,43.009384,-131.351105,517.822021,503.737183,-8304.959961,-0.971547,-0.205220,-0.118244,0.100000,0.020000,1,0.531731
23.726894,21.853714,-0.735764,154.789917,52.875099,10.969755,8416.926758,4243.711914,-747.460632,-0.861476,-0.121835,-0.492966,0.100000,0.020000,1,0.797492
23.976238,21.847349,-0.485202,72.192329,-325.659302,10.768547,3836.338379,-19705.916016,761.798401,-0.770439,-0.041516,-0.636160,0.100000,0.020000,1,0.377808
24.099304,21.152817,0.227413,89.854752,-48.421806,8.044731,5434.465332,-3526.273438,1606.830444,-0.952668,-0.254773,0.165874,0.100000,0.020000,1,0.995884
21.794209,22.081217,-0.998682,-481.777008,311.694061,-222.390137,-12281.264648,9997.555664,-13222.098633,-0.935461,-0.273253,-0.224156,0.100000,0.020000,1,0.836978
24.222391,21.415667,0.391090,73.545609,-39.715691,12.418098,5902.969238,-3838.591797,920.938782,-0.912713,-0.282745,0.294975,0.100000,0.020000,1,0.615685
24.213791,21.561571,0.739976,195.972092,24.899412,-274.340210,11754.297852,1106.103760,-16874.654297,-0.582998,0.146252,0.799202,0.100000,0.020000,1,0.419714
23.622797,21.323339,0.416329,301.630798,-161.970764,37.603676,16815.171875,-11411.388672,1884.554077,-0.736909,-0.072625,0.672080,0.100000,0.020000,1,0.379943
23.889988,21.501987,0.720677,61.484177,-28.351341,-204.621490,3241.177734,-2072.681396,-11696.539062,-0.818767,-0.193706,0.540462,0.100000,0.020000,1,0.750959
23.905970,20.861992,3.393019,149.752686,-54.923119,1021.039978,-4217.722168,-5021.107910,49994.710938,-0.884209,-0.285912,-0.369364,0.100000,0.020000,1,0.746172
24.510870,21.604609,1.004446,196.007324,6.814419,176.520935,14621.230469,734.908813,13930.625000,-0.859568,-0.283939,0.424877,0.100000,0.020000,1,0.567996
24.524691,21.773314,-0.805778,58.989914,-0.479069,-41.051804,4850.510254,570.820068,-3453.504883,-0.654874,0.023919,-0.755359,0.100000,0.020000,1,0.104946
24.932806,21.420736,0.722040,335.303986,-145.217621,161.321442,19298.875000,-8284.107422,446.641602,-0.891798,-0.429795,0.141324,0.100000,0.020000,1,0.291451
23.985596,21.485937,-0.022025,-235.340851,-264.129395,228.359985,-14394.506836,-16513.205078,14660.194336,-0.892558,-0.439265,-0.101914,0.100000,0.020000,1,0.093184
24.014088,21.025539,0.128039,37.200169,46.278095,139.381271,2067.025391,837.968506,11425.429688,-0.746830,-0.210037,-0.630975,0.100000,0.020000,1,0.695583
24.148571,21.538305,-0.009023,225.367126,-157.911926,-348.322754,15288.640625,-9532.701172,-21203.636719,-0.863900,-0.438714,-0.247400,0.100000,0.020000,1,0.470606
23.938269,21.388899,0.557122,89.222488,54.207237,170.014252,5923.634277,3236.048828,13059.010742,-0.888483,-0.458909,0.000180,0.100000,0.020000,1,0.225629
24.111464,21.126957,0.065720,-42.317795,-4.365223,370.817688,-2187.751953,-1691.061035,21957.308594,-0.787351,-0.331590,0.519738,0.100000,0.020000,1,0.805624
23.866379,21.837914,-1.337346,-19.102909,195.482117,-316.151154,1712.432861,4705.455078,-5706.345215,-0.794578,-0.338866,-0.503802,0.100000,0.020000,1,0.669247
23.599386,23.997749,2.283866,-44.732361,778.608887,597.205688,10251.694336,33915.835938,30009.175781,-0.846331,-0.454640,0.277534,0.100000,0.020000,1,0.628711
24.462473,20.770947,2.768033,179.722687,-72.967865,554.241150,12859.521484,-7672.403320,44342.546875,-0.714166,-0.215113,0.666103,0.100000,0.020000,1,0.437384
24.044781,21.933332,1.266514,-27.657776,68.689041,112.985199,-2753.334961,5725.760254,9779.304688,-0.602898,0.018722,0.797598,0.100000,0.020000,1,0.607322
23.574945,21.504112,0.215948,-36.935913,52.223717,112.956635,-3799.664062,3758.393066,9318.779297,-0.801740,-0.454684,-0.387911,0.100000,0.020000,1,0.232978
23.633661,21.408117,-0.102163,-149.536896,-53.560856,-139.188690,-11523.655273,1925.106934,-9721.521484,-0.817940,-0.574679,0.026818,0.100000,0.020000,1,0.800962
24.034269,22.111929,-1.273811,-20.687645,180.381088,-222.412811,1951.867676,5481.846680,-4297.734375,-0.643579,-0.131695,-0.753965,0.100000,0.020000,1,0.278674
23.928617,21.336946,0.319848,-88.290741,-122.572144,120.771881,-5593.490723,-7807.329590,7566.577148,-0.764830,-0.488398,0.420122,0.100000,0.020000,1,0.459182
23.384092,21.607803,-1.142810,-70.236740,122.955536,-290.864136,-6082.009277,5443.594727,-12956.003906,-0.800787,-0.592044,-0.090683,0.100000,0.020000,1,0.128417
23.729832,21.428684,-0.398271,106.110764,-22.685581,-104.485321,5401.667969,-1360.320557,-6210.755371,-0.703271,-0.351777,-0.617789,0.100000,0.020000,1,0.991150
23.799631,21.345232,0.074848,23.552162,36.986397,15.501881,1218.600586,2587.800781,841.830322,-0.781684,-0.608772,0.135525,0.100000,0.020000,1,0.855680
24.558783,20.485090,1.656452,301.628326,-109.864990,356.370239,3426.340088,-20598.859375,11306.244141,-0.751511,-0.597083,0.280575,0.100000,0.020000,1,0.846854
24.150122,21.243227,0.366482,5.375771,-77.864212,-82.810394,1342.516357,-2987.804688,-2478.812744,-0.606604,-0.099912,0.788701,0.100000,0.020000,1,0.343358
23.917467,22.070000,0.305844,110.086075,-103.253448,6.850281,6705.699219,-3407.173584,-18.996218,-0.702341,-0.484505,0.521510,0.100000,0.020000,1,0.394837
23.783531,21.358629,-0.466070,78.234970,-86.627762,161.530304,4180.063477,-5309.489746,9905.656250,-0.709062,-0.497446,-0.499778,0.100000,0.020000,1,0.313979
23.572115,21.356936,-0.229812,361.059296,-117.983688,58.461639,21486.318359,-7011.998535,3577.210205,-0.737738,-0.624855,-0.255535,0.100000,0.020000,1,0.768950
23.048637,21.727112,-1.403051,-173.164917,121.247955,-184.317566,-15530.875977,8793.198242,-15028.055664,-0.627471,-0.227566,-0.744643,0.100000,0.020000,1,0.787687
24.682949,20.971737,0.202140,195.280243,-100.589081,-129.600861,14933.376953,-8038.370605,-9506.690430,-0.657790,-0.372542,0.654618,0.100000,0.020000,1,0.746831
24.052711,20.777271,-0.274636,96.695923,79.449791,-57.782722,-9933.404297,-25849.476562,-4801.548828,-0.682734,-0.617070,0.391277,0.100000,0.020000,1,0.092811
24.183718,21.858326,0.008372,76.062622,39.153778,27.553299,6691.621582,5274.290039,3278.775391,-0.686367,-0.624287,-0.373049,0.100000,0.020000,1,0.268211
23.250917,22.063658,1.037256,-112.262360,236.230759,218.387970,7847.039062,-556.312500,3769.709473,-0.610162,-0.506931,-0.608870,0.100000,0.020000,1,0.641434
23.948442,21.182688,-0.016628,-411.642334,-300.470490,719.528259,-25717.378906,-18666.603516,44896.886719,-0.630866,-0.763892,0.135931,0.100000,0.020000,1,0.641683
25.300264,20.913177,1.276506,374.141418,37.196762,474.903168,25523.234375,-7252.010742,12561.507812,-0.630206,-0.767781,-0.115551,0.100000,0.020000,1,0.762045
23.817827,20.983294,1.336443,6.435610,2.460628,273.765442,151.868088,-359.915039,22749.755859,-0.633566,-0.772905,0.034809,0.100000,0.020000,1,0.675493
23.908581,21.407312,0.601472,113.163574,-96.678040,14.590137,6075.889648,-6121.515625,876.357178,-0.581495,-0.258567,0.771367,0.100000,0.020000,1,0.924243
23.800724,21.219263,-0.332674,97.876755,-217.753571,-275.272156,5456.060059,-13622.291016,-17098.765625,-0.602696,-0.619784,-0.502618,0.100000,0.020000,1,0.315901
23.497852,21.276178,1.046483,-67.427963,50.375847,145.159149,-6301.114746,3591.425293,11789.575195,-0.579978,-0.621597,0.526538,0.100000,0.020000,1,0.831675
23.653528,21.120363,0.297164,142.148468,-77.467255,-345.975342,7883.484863,-4752.574219,-21492.925781,-0.584393,-0.765115,0.270340,0.100000,0.020000,1,0.150749
23.959541,20.927837,-0.400145,-197.194366,-25.170403,579.376709,-12242.260742,-2246.092529,35732.765625,-0.586137,-0.770169,-0.251562,0.100000,0.020000,1,0.820839
23.942127,21.000017,-0.489186,15.462189,-4.051506,-30.105804,942.418701,-551.913574,-2428.362061,-0.562561,-0.744705,-0.359081,0.100000,0.020000,1,0.865752
24.050697,20.969343,0.456226,-189.793610,68.039261,-153.405365,-11603.091797,3917.585938,-9092.868164,-0.517770,-0.757866,0.396929,0.100000,0.020000,1,0.374498
24.273315,20.935175,-0.019043,90.367706,-18.782379,-615.688660,6276.193359,-2753.068848,-36432.656250,-0.532443,-0.379239,-0.756757,0.100000,0.020000,1,0.670546
24.030300,21.260117,0.579228,30.727432,-63.590767,-14.875988,1739.665527,-3859.501465,-782.502991,-0.524559,-0.508672,0.682708,0.100000,0.020000,1,0.358252
25.004194,20.729282,-0.102885,318.776825,-96.832100,-81.395256,13596.531250,-598.638672,1244.546875,-0.479786,-0.877208,0.017634,0.100000,0.020000,1,0.860325
23.722860,21.060949,-0.180140,453.504364,-233.576263,-424.826324,27292.558594,-15014.534180,-25568.955078,-0.487338,-0.631737,-0.602835,0.100000,0.020000,1,0.657235
23.929344,21.095268,-0.381343,-239.268921,-261.075562,458.559875,-15198.379883,-15940.924805,28160.044922,-0.456168,-0.855804,-0.243948,0.100000,0.020000,1,0.966807
23.957548,21.223148,0.156013,31.800697,55.301544,-11.596180,2080.909424,4603.357422,-580.722290,-0.461097,-0.874410,0.150990,0.100000,0.020000,1,0.239224
24.079124,20.762020,0.508884,37.426437,44.036953,-8.426964,-1081.935547,-11360.247070,1555.731689,-0.515143,-0.374438,0.770989,0.100000,0.020000,1,0.377736
23.185989,21.277676,2.904425,-187.599060,118.284660,823.059265,3430.429688,12829.501953,61846.746094,-0.453356,-0.735418,-0.503615,0.100000,0.020000,1,0.514612
22.803326,21.498602,1.805586,-266.887848,166.470383,458.629425,-12372.039062,4562.613770,14530.876953,-0.431627,-0.856879,0.281881,0.100000,0.020000,1,0.748290
24.119434,21.081944,0.676587,-66.570892,20.940819,-129.627075,-4015.768066,1108.990356,-7525.033691,-0.460101,-0.600026,0.654428,0.100000,0.020000,1,0.412917
24.032925,21.019985,-0.085005,-33.942833,70.435287,106.233673,-25.902222,2420.622070,-14525.837891,-0.390514,-0.839214,-0.378443,0.100000,0.020000,1,0.025600
23.035973,22.002193,-1.621860,-237.768677,179.776535,-601.376099,-6224.097168,1429.070312,-21430.429688,-0.398237,-0.909711,-0.117621,0.100000,0.020000,1,0.079820
23.671955,21.630636,0.458943,-53.535355,184.028061,-19.062557,-3475.695801,6528.651855,1318.745361,-0.396085,-0.743295,0.539100,0.100000,0.020000,1,0.767277
24.120777,21.149920,-0.615955,-26.489548,15.000637,5.768539,-1702.187744,900.577515,264.745117,-0.455134,-0.478877,-0.750687,0.100000,0.020000,1,0.112936
25.323881,22.147652,-0.016689,377.376648,355.596680,-96.186539,26604.949219,25452.134766,-5260.759766,-0.319994,-0.852218,0.413919,0.100000,0.020000,1,0.262908
22.651203,21.586432,1.131238,-222.380081,178.819107,303.937866,-16158.718750,-860.102539,17894.691406,-0.283419,-0.951055,-0.123163,0.100000,0.020000,1,0.253548
24.875351,21.345793,-1.193944,121.463867,68.938004,-113.682068,10924.963867,5704.767090,-10089.264648,-0.356464,-0.693628,-0.625950,0.100000,0.020000,1,0.681365
24.013597,21.016785,-0.065759,131.352753,-13.203088,218.103912,8255.011719,59.355492,13430.737305,-0.264866,-0.964108,0.018497,0.100000,0.020000,1,0.047932
23.981590,20.823530,-1.102805,80.573410,-44.943741,-354.096741,4874.932129,-2769.466797,-27492.832031,-0.258364,-0.952563,0.160848,0.100000,0.020000,1,0.540343
23.670549,21.175423,1.676900,-110.574738,117.631424,424.752899,4352.569336,-992.029297,7171.008789,-0.236198,-0.938013,0.253656,0.100000,0.020000,1,0.085497
24.101450,21.035658,-0.374197,43.560471,20.069252,46.458733,2952.203125,2234.110107,2186.948730,-0.235378,-0.940069,-0.246715,0.100000,0.020000,1,0.461940
24.317295,22.184731,-0.109490,96.423431,354.005188,-164.699554,9800.507812,25835.908203,-8416.174805,-0.266913,-0.815965,0.512795,0.100000,0.020000,1,0.796958
25.629490,20.738770,-1.770586,354.724915,49.634041,-374.656982,15935.389648,-1786.010986,-4626.064453,-0.262600,-0.829907,-0.492236,0.100000,0.020000,1,0.414127
24.268093,20.910389,0.090853,-258.546997,-195.628540,449.008911,-15836.051758,-13130.563477,31157.802734,-0.357376,-0.576681,-0.734657,0.100000,0.020000,1,0.283888
23.739546,21.180811,0.771421,-102.353577,45.989433,66.449173,-8112.369141,3613.134033,5198.006836,-0.309666,-0.675258,0.669427,0.100000,0.020000,1,0.270791
24.334675,20.962456,-2.503024,12.332329,82.077789,-514.704834,2127.823975,5688.651855,-42323.769531,-0.170126,-0.913623,-0.369256,0.100000,0.020000,1,0.936218
24.423075,20.602003,0.927931,51.840366,-18.539616,450.657959,-297.330811,507.906738,15743.335938,-0.165847,-0.898981,0.405374,0.100000,0.020000,1,0.040583
24.477661,21.338045,0.969870,107.750824,50.277847,68.826401,8024.009766,3795.626953,5762.040527,-0.393796,-0.461988,0.794664,0.100000,0.020000,1,0.025245
23.670614,20.997875,0.310031,-56.847527,33.800648,108.325829,-5776.566406,3020.030029,8092.171387,-0.072910,-0.996968,0.027168,0.100000,0.020000,1,0.520858
24.348507,21.472975,-0.220997,61.330017,192.328613,-165.045197,721.998779,8869.458984,-1727.068848,-0.322888,-0.555021,0.766613,0.100000,0.020000,1,0.018838
24.213903,20.684208,-0.729015,-216.197617,127.907990,443.791016,-14301.649414,5844.913574,27211.898438,-0.200808,-0.750407,-0.629735,0.100000,0.020000,1,0.749910
24.409710,20.571159,0.096278,-653.597900,382.478638,182.429245,-41690.847656,21614.226562,11548.818359,-0.050339,-0.989921,0.132374,0.100000,0.020000,1,0.279155
23.683676,20.990335,0.425783,-297.868103,196.827103,378.343048,-16328.980469,4272.867676,18108.181641,-0.049122,-0.992478,-0.112134,0.100000,0.020000,1,0.554668
24.111118,20.769342,-0.792177,-322.305786,188.335968,261.394958,-20598.876953,11792.458008,14826.990234,-0.109115,-0.862633,-0.493922,0.100000,0.020000,1,0.404944
24.187063,21.010242,0.424389,-327.315857,70.047363,-124.841049,-20584.042969,5717.362793,-7071.820312,-0.043371,-0.955720,0.291063,0.100000,0.020000,1,0.810429
24.303535,20.727966,-0.083702,-70.586945,-42.969940,-25.496803,-3897.107178,-2519.086670,-1199.552856,-0.028469,-0.972998,-0.229052,0.100000,0.020000,1,0.486070
23.888828,20.929581,0.752645,-44.974792,38.181427,29.136223,-4104.409668,2580.243652,2868.595947,-0.162249,-0.752762,0.637985,0.100000,0.020000,1,0.884988
24.283081,21.127844,0.468060,45.808182,33.594208,17.862820,3268.738037,3500.565918,1319.855225,-0.092762,-0.841767,0.531811,0.100000,0.020000,1,0.377843
24.083437,20.765068,-0.464077,89.260208,-50.780632,66.274055,5125.634277,-2944.540039,3495.523682,-0.009488,-0.925998,-0.377409,0.100000,0.020000,1,0.134930
24.149748,21.016470,-0.608282,-10.159472,-52.742668,-26.548946,-941.845764,-3217.510498,-1739.323853,-0.208318,-0.630933,-0.747347,0.100000,0.020000,1,0.629423
24.459005,20.542698,1.242186,103.080589,-44.278824,254.871613,1334.933960,-1116.925415,12118.535156,0.042692,-0.916548,0.397638,0.100000,0.020000,1,0.197656
26.009708,19.647398,0.605885,510.681763,-251.771561,281.039673,8552.895508,-13709.978516,25417.328125,0.106513,-0.994006,0.024637,0.100000,0.020000,1,0.813649
24.383877,20.756084,0.197745,-150.786652,-195.114899,72.910355,-9038.469727,-11664.867188,4903.741699,0.130276,-0.978768,0.158242,0.100000,0.020000,1,0.655225
22.368889,22.112362,-0.547086,-589.722778,412.241333,-142.989105,-16906.669922,17487.785156,-4320.777344,0.132732,-0.986172,-0.099233,0.100000,0.020000,1,0.454182
24.264248,20.927282,-0.463755,17.183578,-14.070023,22.280949,1020.371704,-324.719055,1536.350952,-0.003421,-0.781758,-0.623573,0.100000,0.020000,1,0.469289
24.246895,20.719315,0.020604,-121.796448,20.366623,-36.762299,7158.540039,2008.987183,-12280.125000,0.077557,-0.857239,0.509045,0.100000,0.020000,1,0.438060
24.333988,21.602140,-0.809900,-1.903116,235.932922,-104.937897,45.455769,18677.671875,-8369.491211,0.083140,-0.865387,-0.494159,0.100000,0.020000,1,0.035797
24.317705,20.624279,0.046184,-154.806396,92.953804,117.909355,-10764.969727,4499.648926,6855.969238,0.164187,-0.948854,0.269664,0.100000,0.020000,1,0.604760
25.110477,20.166569,1.784521,281.616180,-137.442474,372.195129,10540.936523,-12253.667969,14372.162109,-0.000385,-0.765303,0.643670,0.100000,0.020000,1,0.889685
24.311707,21.228968,-0.295970,32.700291,-101.235313,-50.993675,2028.144287,-3731.300049,-3598.900391,0.186288,-0.947926,-0.258329,0.100000,0.020000,1,0.083610
24.504755,20.525873,0.464068,7.674881,-15.768700,-78.890823,1149.573486,-1396.131470,-4339.335449,0.189425,-0.900383,0.391699,0.100000,0.020000,1,0.490447
24.315876,21.357302,-0.787565,-27.530029,170.904633,-119.700043,-1875.484375,13939.450195,-9709.515625,0.206636,-0.916356,-0.342919,0.100000,0.020000,1,0.834878
24.164415,21.188372,0.619593,108.325165,-366.687805,-66.824249,6442.825195,-22418.220703,-4258.423828,-0.190091,-0.578877,0.792948,0.100000,0.020000,1,0.754874
24.511038,20.654890,-0.991105,27.685532,-11.522221,-84.289658,2725.309326,-1853.905029,-6976.759766,-0.104875,-0.653695,-0.749456,0.100000,0.020000,1,0.213084
23.748180,20.953093,-2.729540,-228.793198,132.370239,-793.530029,-13110.330078,7508.090820,-30217.281250,0.323720,-0.918734,-0.226127,0.100000,0.020000,1,0.725567
24.609028,20.456079,-2.535819,-11.294426,6.983282,-797.759094,-539.513977,200.649063,-25500.638672,0.339959,-0.929097,0.145625,0.100000,0.020000,1,0.964672
23.967697,20.871592,0.095604,433.281738,-394.507507,134.365051,25410.765625,-23432.566406,8779.233398,0.350259,-0.936152,0.030609,0.100000,0.020000,1,0.458382
24.734060,20.383892,0.584976,109.018188,-62.444233,201.004303,-11294.298828,6408.671875,4928.628906,0.348910,-0.931837,-0.099705,0.100000,0.020000,1,0.179114
24.966175,20.652792,-0.499288,189.416016,-100.667206,-60.830658,14407.134766,-6630.460938,-3908.295166,0.150185,-0.779237,-0.608468,0.100000,0.020000,1,0.629138
24.900318,20.287905,-2.489437,250.828445,-144.395294,-695.541382,17662.779297,-10388.945312,-55219.101562,0.336652,-0.902574,0.268376,0.100000,0.020000,1,0.459858
24.215099,20.976719,0.520068,126.023483,-385.202240,403.557251,7247.983887,-23359.933594,25485.019531,0.132604,-0.746820,0.651672,0.100000,0.020000,1,0.659033
24.254139,20.725889,-0.630809,19.875568,-10.367365,-6.885418,543.286072,-287.167572,-1399.989746,0.254802,-0.825390,-0.503793,0.100000,0.020000,1,0.771832
23.525766,21.646227,1.693437,-207.793854,242.467926,343.945618,-12797.353516,10982.740234,15344.539062,-0.083512,-0.609962,0.788018,0.100000,0.020000,1,0.948034
24.338699,21.189163,-0.027652,37.202637,52.089005,-136.415131,1917.640869,5594.454102,-10431.856445,0.272534,-0.813137,0.514328,0.100000,0.020000,1,0.489949
24.722136,20.672989,-0.288956,-360.515015,-81.752289,12.319082,-21807.662109,-4705.302246,817.710815,0.379945,-0.845047,-0.376215,0.100000,0.020000,1,0.147101
25.045248,20.597015,2.031649,131.119553,-20.629021,523.676758,5640.352539,1444.976074,15378.792969,0.390632,-0.830263,0.397581,0.100000,0.020000,1,0.110195
25.863371,20.228189,-0.122669,374.958008,-76.087730,-114.470711,12406.439453,-3121.163086,-4943.398926,0.489728,-0.871257,0.032839,0.100000,0.020000,1,0.776156
24.473206,20.534498,0.765106,86.586037,34.341526,190.078720,-18046.871094,-6780.012695,6503.676270,0.067779,-0.660122,-0.748094,0.100000,0.020000,1,0.079286
24.746260,20.376848,1.310228,117.885017,15.063530,471.266754,-15907.453125,-7733.807617,11517.113281,0.287195,-0.753075,-0.591943,0.100000,0.020000,1,0.694907
24.703707,20.616076,0.021732,72.565735,-198.753662,196.257568,5045.606934,-12106.301758,13252.514648,0.515444,-0.824547,-0.233322,0.100000,0.020000,1,0.696953
25.825558,20.781847,-0.462446,343.158905,38.726341,-175.682617,11743.880859,2977.468750,-5132.100586,0.532039,-0.834880,0.141106,0.100000,0.020000,1,0.393182
24.695217,20.466581,-0.167250,30.972542,-18.823704,-22.876560,2355.291992,-1296.945312,-1789.043213,0.536147,-0.837353,-0.106705,0.100000,0.020000,1,0.779430
24.529356,20.712801,-0.451455,-41.903114,-58.890152,135.112976,-2772.754883,-3194.461670,8199.157227,0.425998,-0.773308,-0.469596,0.100000,0.020000,1,0.402685
24.543253,20.684095,0.628735,-47.453049,-69.288223,-252.670258,-3072.110107,-4105.494629,-15104.565430,0.403515,-0.740287,0.537727,0.100000,0.020000,1,0.461335
26.324106,19.465879,1.293323,487.354431,-243.881058,315.561523,32337.332031,-9328.085938,10011.588867,0.549494,-0.789462,0.273507,0.100000,0.020000,1,0.334389
24.609003,20.835581,0.667325,-27.838673,67.706909,-96.199646,-1402.310669,4885.745117,-5408.252441,0.314704,-0.700331,0.640701,0.100000,0.020000,1,0.109751
24.700249,20.433954,-0.424010,-254.716919,148.834778,-18.069328,-15818.499023,8959.894531,-1740.512451,0.540303,-0.763668,-0.353388,0.100000,0.020000,1,0.664442
24.374504,20.708809,0.690816,-75.934036,52.904724,-41.237076,-4942.336914,2713.329590,-2309.204590,0.075602,-0.618750,0.781942,0.100000,0.020000,1,0.152298
24.342974,20.609690,-1.848747,21.058117,14.284803,-353.782898,-2979.189209,-2349.958252,-8116.557129,0.176872,-0.645047,-0.743391,0.100000,0.020000,1,0.261342
23.353788,21.180794,-0.899429,-145.530411,117.789879,-427.467560,-4437.696777,-7626.724609,-19791.347656,0.540951,-0.739744,0.400190,0.100000,0.020000,1,0.452954
24.514355,20.610222,-0.666398,-23.358768,18.968323,59.131920,-1821.008789,1046.067017,2914.943604,0.418793,-0.687528,-0.593227,0.100000,0.020000,1,0.888066
24.467081,20.887571,0.588947,-2.056931,-19.555294,6.025231,-182.791855,-859.829956,333.956299,0.189511,-0.626393,0.756120,0.100000,0.020000,1,0.447865
24.760698,20.505516,-0.175936,241.441040,-462.373230,-136.305466,15330.522461,-29204.261719,-8585.365234,0.660529,-0.715590,-0.227228,0.100000,0.020000,1,0.909544
24.666460,20.509182,0.362068,-119.926224,-30.517212,134.616379,-7884.937012,-1878.822998,9524.602539,0.672478,-0.725491,0.146410,0.100000,0.020000,1,0.273265
24.779644,20.623936,0.091237,-336.813446,-524.681030,-158.923889,-21122.050781,-32558.283203,-9752.044922,0.683108,-0.729670,0.030735,0.100000,0.020000,1,0.334834
25.285851,20.535236,-1.295511,115.145844,-70.297287,-248.336487,9501.722656,-4273.825684,-20683.857422,0.683088,-0.720043,-0.122180,0.100000,0.020000,1,0.864631
24.517807,20.562801,-0.246166,25.228638,0.619552,-196.336426,911.841187,-102.484985,-15099.894531,0.538156,-0.674006,0.506067,0.100000,0.020000,1,0.069980
24.778742,20.358097,-1.001319,210.288513,-88.917221,-240.273773,9456.394531,-8688.677734,-9923.068359,0.555326,-0.674876,-0.485959,0.100000,0.020000,1,0.964138
24.574846,20.780546,0.141489,36.954601,4.731998,-22.479710,1508.667114,1374.944336,-1725.342285,0.683297,-0.678111,0.270685,0.100000,0.020000,1,0.829522
24.473379,20.798229,-0.663340,-10.147377,-13.740406,-11.525406,-1066.390259,-617.052551,-1117.608765,0.328241,-0.613496,-0.718248,0.100000,0.020000,1,0.482262
24.633530,21.926117,0.069766,28.525764,211.299850,90.498886,2111.385986,3655.762207,5830.065430,0.444077,-0.625909,0.641119,0.100000,0.020000,1,0.416422
24.799988,20.455601,-0.342436,-114.451767,65.235779,0.327877,-7120.722656,3714.229736,-170.871140,0.664599,-0.647012,-0.373743,0.100000,0.020000,1,0.527869
24.939228,21.620142,-0.419227,179.611160,291.214478,-234.762756,167.961426,11397.296875,-3354.160400,0.556540,-0.583799,-0.591136,0.100000,0.020000,1,0.471727
24.854923,20.654667,0.355862,2.945618,-3.114779,-1.702589,329.307617,139.076462,9.342566,0.692684,-0.591145,0.413204,0.100000,0.020000,1,0.623906
25.559309,20.078947,0.210901,159.327271,-83.673584,37.302010,12843.365234,-7118.525879,3143.472656,0.805294,-0.592221,0.027863,0.100000,0.020000,1,0.262108
25.154621,20.714455,-0.127429,136.528137,-186.336670,70.267609,9681.213867,-11049.765625,4680.660645,0.793655,-0.561337,-0.234547,0.100000,0.020000,1,0.775747
24.898788,21.470825,0.284063,86.040802,265.288208,167.343658,-8529.007812,13192.425781,5567.710938,0.817166,-0.563131,-0.122978,0.100000,0.020000,1,0.885984
24.470875,20.973167,0.668573,-724.771912,-489.506897,-107.064163,-46241.992188,-30093.041016,-6507.787598,0.310178,-0.561642,0.767038,0.100000,0.020000,1,0.341827
25.019403,20.303062,-1.007173,82.320961,-22.100586,-142.228424,5915.878418,-2660.621094,-11613.513672,0.695176,-0.540148,-0.474310,0.100000,0.020000,1,0.999371
25.410315,20.395302,0.565060,153.437653,-94.841644,91.421356,4518.787109,-1727.338989,3916.767090,0.801304,-0.540665,0.256113,0.100000,0.020000,1,0.676293
24.641148,20.688583,0.043920,-14.308273,6.851627,275.893860,-2128.280762,1054.862671,17148.945312,0.830627,-0.540101,0.135457,0.100000,0.020000,1,0.081475
25.241993,22.635195,0.509335,174.138062,587.828674,25.230522,5710.630859,18058.851562,1984.928711,0.547412,-0.517382,0.657766,0.100000,0.020000,1,0.637341
24.508734,20.843096,0.330788,-94.421013,122.039230,-119.790115,3118.320801,218.381836,6042.576172,0.693748,-0.504782,0.513720,0.100000,0.020000,1,0.714712
24.729582,20.993660,-0.727263,-219.940796,-267.300751,330.620972,-13736.482422,-15796.997070,20228.857422,0.447163,-0.526068,-0.723394,0.100000,0.020000,1,0.165554
24.083183,20.948515,-0.247315,1151.114258,-660.195801,676.479614,69043.289062,-40224.125000,40406.148438,0.797805,-0.468083,0.380008,0.100000,0.020000,1,0.628604
25.023119,20.591270,-0.156734,-228.063599,-52.761650,126.362396,-14109.965820,-3350.223877,8498.618164,0.808534,-0.469257,-0.355065,0.100000,0.020000,1,0.978587
24.803308,20.775822,0.040250,279.559753,-288.691223,-89.124329,16671.980469,-17389.121094,-5554.984375,0.903580,-0.427408,0.029428,0.100000,0.020000,1,0.413628
25.069248,20.534258,-0.150082,25.987751,-19.926331,102.061050,1710.399170,-1487.781006,6149.378418,0.909778,-0.402663,-0.100832,0.100000,0.020000,1,0.768843
25.766909,20.023155,-0.190633,372.079071,-390.164459,89.537018,14399.923828,-9594.578125,8023.345215,0.667292,-0.432422,-0.606409,0.100000,0.020000,1,0.626024
25.247410,20.715139,-0.517154,105.017456,20.681332,-8.428574,7798.805176,1581.768921,-1125.539429,0.781285,-0.407611,-0.472703,0.100000,0.020000,1,0.613568
26.267788,19.498394,-0.992185,370.527802,-209.629303,-274.616913,24222.162109,-14886.981445,-17787.464844,0.912673,-0.383881,0.140227,0.100000,0.020000,1,0.263531
24.838060,21.132967,0.066274,-29.858513,70.309494,44.626678,-2812.641357,6614.527832,3831.286865,0.900179,-0.374471,-0.222373,0.100000,0.020000,1,0.545094
24.009956,21.604267,1.961534,-208.384186,207.959290,378.499329,-16059.192383,16591.878906,29550.050781,0.428770,-0.479949,0.765379,0.100000,0.020000,1,0.559971
25.628035,19.867758,-2.479243,353.470123,-151.755829,-497.126343,6216.584473,-15697.830078,-37970.710938,0.525013,-0.459510,-0.716388,0.100000,0.020000,1,0.217443
24.779400,20.930094,0.574308,-13.657654,6.699680,13.705044,-1311.089966,1376.012695,1197.838745,0.662223,-0.415804,0.623352,0.100000,0.020000,1,0.085283
24.971563,20.736492,0.215251,-9.287476,-39.384800,67.087044,-1014.017578,-2027.070557,4305.425781,0.902885,-0.349799,0.249879,0.100000,0.020000,1,0.171427
25.143835,21.037159,0.755719,27.892738,62.769379,84.950439,2633.465332,6359.064453,6333.913086,0.764975,-0.367494,0.528924,0.100000,0.020000,1,0.467403
25.032305,20.254908,-0.804459,180.853912,-91.323975,235.786987,11276.922852,-7415.969727,12669.684570,0.877021,-0.333041,-0.346293,0.100000,0.020000,1,0.290810
25.298477,21.064545,-0.902865,119.254807,49.438011,-146.292419,8847.663086,4522.831543,-11025.313477,0.736250,-0.317528,-0.597588,0.100000,0.020000,1,0.672361
28.263325,19.309658,1.066182,946.295532,-480.734100,198.497253,41325.500000,-25640.480469,823.350586,0.871820,-0.266855,0.410753,0.100000,0.020000,1,0.863403
24.932913,20.786955,-0.363913,17.518513,24.759407,-62.876801,2.231807,1986.343018,-5498.828613,0.979882,-0.199559,0.002782,0.100000,0.020000,1,0.182975
25.124401,20.497559,0.153484,-92.663162,58.791389,-53.815071,-6143.124023,2896.447754,-3178.427246,0.972584,-0.194454,0.127546,0.100000,0.020000,1,0.969031
24.585726,21.101591,-0.378001,-124.826813,27.994492,-40.963188,-10437.991211,3483.563965,-3869.292480,0.977007,-0.193627,-0.089248,0.100000,0.020000,1,0.538190
25.381695,21.621990,-1.607749,38.075100,227.988708,-355.785583,691.337036,6282.929199,-10144.360352,0.848246,-0.226316,-0.478810,0.100000,0.020000,1,0.355155
25.358864,23.173283,0.835547,-19.011208,668.754028,188.093765,-3310.480469,22732.646484,514.332031,0.961398,-0.174216,-0.212984,0.100000,0.020000,1,0.716046
24.850447,20.706202,0.748655,-17.209864,68.390862,-10.919624,-819.356140,3927.125244,-136.799789,0.490466,-0.394993,0.776803,0.100000,0.020000,1,0.658748
24.823378,20.813162,-0.449016,-131.562897,-397.549500,-249.305542,-8614.375000,-24964.542969,-15229.176758,0.612641,-0.328750,-0.718745,0.100000,0.020000,1,0.427259
23.006315,21.381409,0.087256,-406.715210,307.332764,-132.892258,-23442.886719,-1112.880249,-1355.686035,0.733934,-0.265715,0.625089,0.100000,0.020000,1,0.668944
25.486103,20.681410,0.262781,77.827957,-130.528946,-119.842026,6101.763184,-8447.083984,-7369.847168,0.950207,-0.151282,0.272433,0.100000,0.020000,1,0.652680
25.760509,21.629301,-1.044293,143.501892,206.498505,-213.909363,11463.357422,16710.414062,-16659.511719,0.920012,-0.145574,-0.363849,0.100000,0.020000,1,0.907782
25.738214,19.988688,0.853283,224.618073,-95.786041,129.916245,16788.787109,-9333.227539,10011.078125,0.830468,-0.173841,0.529247,0.100000,0.020000,1,0.192335
25.123507,20.695625,1.057482,-19.510651,-62.363327,178.601532,-1516.659302,-4235.196777,14407.853516,0.913635,-0.123237,0.387407,0.100000,0.020000,1,0.258602
26.557846,21.327070,-0.455397,369.944397,67.688690,-95.617447,25070.761719,6477.020508,-7767.846680,0.995813,-0.010918,-0.090762,0.100000,0.020000,1,0.429376
24.919842,20.276634,-0.779148,-152.687653,89.579704,223.198776,-10804.324219,2776.699707,12909.732422,0.783708,-0.133469,-0.606619,0.100000,0.020000,1,0.846089
25.189369,20.676229,0.789504,70.216400,-45.553108,183.890015,8638.896484,-2919.159424,10918.575195,0.861038,-0.074702,0.503024,0.100000,0.020000,1,0.518438
24.765757,22.830343,-0.149706,-95.096863,469.165771,-112.482430,-9241.936523,19736.242188,-2347.861572,0.987235,0.016713,0.158391,0.100000,0.020000,1,0.735603
25.210512,20.989975,-0.331738,-129.415085,-291.480347,-153.857849,-8154.354004,-17734.591797,-9535.862305,0.880771,-0.048746,-0.471026,0.100000,0.020000,1,0.082863
25.283375,20.910887,-0.078446,-129.862396,152.282166,927.230225,-8348.723633,9989.951172,58162.355469,0.999620,0.025175,0.011242,0.100000,0.020000,1,0.323392
25.266970,20.676516,0.476827,41.788132,-14.702377,-41.787323,2510.814697,-1604.831543,-1520.878418,0.964139,0.026140,0.264107,0.100000,0.020000,1,0.690689
27.092070,20.815517,-1.205352,498.614258,-78.298035,-333.133667,38945.648438,-5041.033691,-25266.306641,0.970066,0.031721,-0.240759,0.100000,0.020000,1,0.720744
25.024038,21.035234,-0.534079,-58.026527,-59.289146,7.436489,-3565.614258,-2945.467285,624.637939,0.667639,-0.190079,-0.719811,0.100000,0.020000,1,0.855769
25.127867,21.107132,0.479334,-175.981018,-135.990021,102.402084,-11013.437500,-7560.063477,6323.585938,0.757242,-0.094490,0.646264,0.100000,0.020000,1,0.848224
24.631439,20.960314,0.323008,-19.720306,5.228165,-39.417282,-2334.535156,838.740051,-3714.845703,0.565184,-0.277324,0.776955,0.100000,0.020000,1,0.004282
27.289816,23.586599,-0.774180,563.944641,684.650513,-181.724670,29818.617188,29051.125000,-3898.747070,0.933241,0.091084,-0.347513,0.100000,0.020000,1,0.801745
25.280239,20.897564,-0.214412,37.693161,-95.091919,-7.310455,1972.520264,-6124.243652,-1770.571777,0.976981,0.173177,0.124570,0.100000,0.020000,1,0.917659
25.375988,20.905308,0.267473,26.199814,-77.963104,73.687393,1631.139526,-5013.570801,6063.459473,0.980245,0.176731,-0.088804,0.100000,0.020000,1,0.414642
24.710819,21.087469,-0.337277,108.095245,-53.337059,51.878189,4893.690430,-2616.772705,3902.143555,0.789119,0.001083,-0.614239,0.100000,0.020000,1,0.742827
25.075926,21.445219,-1.111609,-24.603233,92.378769,-191.043365,115.644775,6610.567871,-14735.286133,0.873381,0.102625,-0.476102,0.100000,0.020000,1,0.433949
24.408699,21.819323,0.451733,-195.239197,159.813843,107.723297,-16350.070312,13735.481445,9418.748047,0.956987,0.188506,-0.220549,0.100000,0.020000,1,0.775409
25.098600,20.459892,-0.133890,26.561354,40.764019,1.110321,432.883026,519.505493,-589.558533,0.976950,0.211320,0.030191,0.100000,0.020000,1,0.544311
24.988478,21.091883,0.770103,-5.167811,-109.166855,-253.229919,-337.628845,-6026.331543,-15293.773438,0.627835,-0.157388,0.762268,0.100000,0.020000,1,0.186338
25.355583,21.097143,0.295758,-69.560791,14.292164,22.438358,-4187.034180,1571.860718,1270.977173,0.899762,0.130158,0.416518,0.100000,0.020000,1,0.011293
25.047760,20.997831,0.468925,6.962154,110.385559,-367.896301,-950.664001,7029.770508,-22124.380859,0.937668,0.230654,0.259956,0.100000,0.020000,1,0.421173
24.723873,20.870066,0.711587,169.393494,-87.481110,-167.537048,8757.487305,-5860.321289,-9705.678711,0.770997,0.054202,0.634528,0.100000,0.020000,1,0.595364
24.885550,20.779976,1.336341,-11.808807,34.053589,215.544617,-2420.607422,1316.285522,17509.787109,0.847827,0.156682,0.506596,0.100000,0.020000,1,0.971932
25.202505,21.100826,-0.399788,139.913055,-533.988892,-22.269688,8145.799316,-33370.992188,-1874.484497,0.895751,0.257458,-0.362416,0.100000,0.020000,1,0.518349
25.104929,21.236612,-0.561882,0.349977,-146.638062,26.498451,83.889046,-7994.924316,1728.838989,0.687906,-0.034205,-0.724993,0.100000,0.020000,1,0.026721
24.913029,20.506475,-0.366644,-172.763138,168.201294,105.767349,-12771.483398,8382.100586,3806.652344,0.873566,0.272541,0.403241,0.100000,0.020000,1,0.198901
25.128693,20.954369,0.364320,-201.649902,89.597107,126.434662,-13180.622070,5404.936523,7461.781738,0.772907,0.154015,0.615544,0.100000,0.020000,1,0.472670
25.115044,21.033840,-0.536226,5.033673,-0.413503,22.516670,-279.020355,29.041363,1133.738770,0.788751,0.175918,-0.589004,0.100000,0.020000,1,0.927659
24.819437,22.499216,1.012062,-72.088745,402.488098,155.838440,-7127.813477,31292.769531,13542.112305,0.912126,0.378249,0.157968,0.100000,0.020000,1,0.044195
25.476561,21.301271,-0.022494,-101.619919,-77.154785,21.200092,-6293.013672,-4002.424316,1221.509399,0.920816,0.389937,0.006832,0.100000,0.020000,1,0.308107
25.265081,21.046535,0.439815,-5.096380,133.299438,-44.522438,-558.377197,8337.894531,-2658.413574,0.818605,0.267197,0.508421,0.100000,0.020000,1,0.746831
25.843351,21.248877,0.166988,453.754272,-21.955051,-4.073874,30410.267578,-789.120911,-450.237701,0.884429,0.381593,0.268648,0.100000,0.020000,1,0.752828
25.257139,21.218283,-0.297918,-19.810760,38.427666,-98.033722,-1623.411255,2963.841553,-5862.229980,0.824347,0.310040,-0.473632,0.100000,0.020000,1,0.480286
25.294247,21.354074,0.075313,9.248729,-41.843880,-212.864471,-70.576630,-1688.503052,-12783.762695,0.899751,0.424358,-0.101822,0.100000,0.020000,1,0.056598
25.216139,20.356812,-0.209399,-1217.440552,655.064514,143.551224,-76219.976562,38799.996094,5640.869141,0.640766,-0.020779,0.767455,0.100000,0.020000,1,0.254883
24.847227,21.181892,0.240590,-131.480576,-64.174072,118.396667,-10765.790039,-3967.533936,9282.005859,0.859710,0.449693,-0.242230,0.100000,0.020000,1,0.126495
25.364729,21.314344,0.229319,-91.741302,-63.487595,-42.709602,-5943.520996,-3455.710693,-3021.600586,0.808821,0.442597,0.387191,0.100000,0.020000,1,0.544436
24.887356,21.096687,0.620397,58.692833,-32.441292,-16.577465,2672.572754,-1781.945801,-931.296448,0.657833,0.095631,0.747068,0.100000,0.020000,1,0.121086
25.440130,21.520567,-0.235375,-52.289642,-20.779303,-62.924637,-3397.010498,-116.736435,-5399.819824,0.830602,0.540506,0.133989,0.100000,0.020000,1,0.677824
25.404566,21.365343,-0.033961,-46.957527,-61.337982,-60.739006,-3220.473633,-3345.876221,-3610.903564,0.829637,0.547353,-0.110035,0.100000,0.020000,1,0.964441
25.959530,21.965492,-0.626665,150.575653,99.808624,-144.334076,11546.707031,9311.494141,-11829.978516,0.830445,0.556272,0.030368,0.100000,0.020000,1,0.587018
24.793882,20.349354,-0.672703,90.220688,14.022888,-99.303375,2548.450195,-18228.048828,-9370.113281,0.797565,0.470549,-0.377457,0.100000,0.020000,1,0.185289
25.241297,21.378115,-0.503338,12.074835,-3.480463,-3.727408,544.282227,672.302979,-324.427002,0.715878,0.344394,-0.607381,0.100000,0.020000,1,0.649815
23.957975,21.001789,1.007213,-87.882187,102.200027,247.394470,-1159.636230,-410.216064,3420.726562,0.752349,0.459000,-0.472536,0.100000,0.020000,1,0.767526
25.142334,21.075281,-1.020855,-54.808350,-91.559830,-233.774567,-4742.818359,-6614.215820,-18236.007812,0.786728,0.569973,-0.237042,0.100000,0.020000,1,0.549454
25.018188,21.176966,-0.552635,168.684509,-105.295029,-111.895050,10149.817383,-6059.857422,-6897.970215,0.658062,0.101317,-0.746116,0.100000,0.020000,1,0.064730
25.167032,21.364084,0.558366,6.211308,-32.842625,-22.294014,-37.481339,-1232.278198,-1204.646606,0.693953,0.324952,0.642522,0.100000,0.020000,1,0.782117
26.381401,22.195448,-0.712379,252.364471,166.090454,-150.561630,19924.394531,14284.387695,-11363.808594,0.754935,0.562741,-0.336743,0.100000,0.020000,1,0.359017
25.263371,20.863256,0.640443,-20.154350,-137.479614,110.083618,-2677.876221,-11029.530273,9052.199219,0.761986,0.582987,0.281966,0.100000,0.020000,1,0.350368
25.036625,21.466173,-0.758891,249.142944,-13.667381,-123.617447,15128.425781,646.536377,-8538.881836,0.648527,0.200397,-0.734339,0.100000,0.020000,1,0.119395
25.259888,21.470181,0.406950,12.931860,-2.703926,4.049849,671.263672,753.953308,2.668732,0.717853,0.461336,0.521397,0.100000,0.020000,1,0.324940
25.784492,21.345058,0.429846,125.067291,-64.785736,116.251038,9213.415039,-4201.954590,9119.482422,0.733213,0.679984,0.004423,0.100000,0.020000,1,0.622251
25.239586,20.970802,0.722692,47.856056,-16.030201,15.925533,3263.649414,-1670.016235,1568.094482,0.632864,0.224675,0.740949,0.100000,0.020000,1,0.455517
25.188044,21.510176,0.361423,113.425911,-182.191437,-592.341003,6264.367676,-10755.145508,-37223.347656,0.697684,0.590612,0.405481,0.100000,0.020000,1,0.105889
25.511116,20.907263,-0.212046,-702.586792,429.998108,268.911133,-44136.066406,25129.136719,15666.910156,0.712302,0.690306,0.126899,0.100000,0.020000,1,0.710281
25.308556,21.546444,-0.162391,124.303909,11.352856,78.031097,7202.303223,1370.011230,4585.489746,0.713546,0.693123,-0.102141,0.100000,0.020000,1,0.838971
25.342442,21.516031,-0.618848,-456.668945,-220.413269,410.179047,-28736.113281,-12925.085938,25237.287109,0.656909,0.478398,-0.582757,0.100000,0.020000,1,0.865183
25.571108,21.736567,-0.605409,66.491043,12.875839,-25.714676,4985.087402,2465.883789,-2643.468994,0.671467,0.584735,-0.455211,0.100000,0.020000,1,0.797207
24.429630,21.425179,-0.239049,-136.874176,76.276260,76.216476,-11978.277344,5746.779785,6156.975098,0.623934,0.332652,-0.707141,0.100000,0.020000,1,0.694728
25.225866,21.477749,-0.020006,63.893494,54.709488,239.035187,3164.099609,3699.010254,14128.166992,0.663525,0.699937,0.264242,0.100000,0.020000,1,0.936805
25.128502,21.534927,0.424486,43.282269,-75.232094,-90.772476,1752.718506,-4033.666992,-5599.764648,0.634978,0.592489,0.495742,0.100000,0.020000,1,0.651043
25.216682,21.700996,0.309767,32.776409,46.831329,129.695435,1149.442871,4022.767822,10234.185547,0.646321,0.728481,-0.227123,0.100000,0.020000,1,0.620774
25.557030,21.093718,0.718065,86.544754,-115.074860,70.879639,6591.153809,-8121.714355,5360.040039,0.608848,0.471904,0.637660,0.100000,0.020000,1,0.845110
24.649731,21.365856,1.322191,-176.461273,-28.415955,443.605896,-14308.019531,-2122.964355,34666.199219,0.619074,0.706086,-0.343789,0.100000,0.020000,1,0.657360
25.223141,21.320665,0.623153,-180.096466,34.009720,-18.781586,-11278.701172,2589.749756,-1037.289185,0.588210,0.324953,0.740550,0.100000,0.020000,1,0.335599
25.334774,21.649147,0.208324,33.130489,-178.968216,-133.457916,1848.098267,-10516.939453,-8811.011719,0.590627,0.712286,0.379222,0.100000,0.020000,1,0.431992
25.354448,21.719315,0.014183,-136.801361,25.826019,-161.672211,-8925.034180,2294.449219,-9845.469727,0.547782,0.831712,-0.090502,0.100000,0.020000,1,0.405976
23.564325,21.462204,0.385923,-478.176575,-108.981056,88.102509,-20564.503906,202.536621,10380.715820,0.540803,0.827344,0.151766,0.100000,0.020000,1,0.618123
25.163940,22.847565,-0.028567,-9.457375,240.589539,-14.339073,-1689.998291,20546.562500,-1108.561646,0.546033,0.837379,0.025356,0.100000,0.020000,1,0.072969
27.934929,22.635086,0.260655,897.307495,302.335022,208.286072,37875.152344,13596.166992,19706.980469,0.554872,0.574976,-0.601265,0.100000,0.020000,1,0.163526
25.057188,22.046926,-0.535491,-10.660656,61.266586,-25.184814,-1900.737549,6214.158691,-2264.467041,0.532288,0.703236,-0.471306,0.100000,0.020000,1,0.846320
24.750866,20.695959,-0.425296,-364.956879,308.213562,-115.251686,-24269.914062,14947.447266,-7113.895508,0.519625,0.819260,-0.242492,0.100000,0.020000,1,0.941325
25.112087,21.575399,-0.435688,-77.271744,-79.917374,-28.300488,-5393.676758,-4020.727295,-1265.581055,0.534736,0.464278,-0.706048,0.100000,0.020000,1,0.455748
25.247047,20.837969,-0.932991,26.561707,-264.250183,-401.442810,5539.735352,-8382.046875,-13646.728516,0.511071,0.694581,0.506324,0.100000,0.020000,1,0.680724
24.877274,21.116718,0.626622,-153.454071,-44.536163,265.363770,-11365.454102,-4092.264160,17282.097656,0.507999,0.588303,0.629156,0.100000,0.020000,1,0.345795
24.888893,21.918028,0.043895,157.999786,-129.564636,30.415028,7928.249023,-6846.326172,1183.120361,0.473647,0.835869,0.277456,0.100000,0.020000,1,0.836320
25.239056,21.522129,-0.343126,-43.654953,78.421860,-28.763878,-3313.698486,4879.467285,-1111.014648,0.450147,0.820242,-0.352946,0.100000,0.020000,1,0.664833
25.458632,22.003988,0.120080,77.346725,29.944489,-57.091599,5428.291016,3504.853271,-4450.268555,0.410469,0.816207,0.406599,0.100000,0.020000,1,0.215219
25.142864,21.673450,-0.036154,-23.691025,30.373688,-109.644867,-2400.249512,1817.130127,-6724.024902,0.381622,0.918345,-0.104913,0.100000,0.020000,1,0.720975
24.471355,21.047529,-2.372968,-17.526688,85.185303,-561.234863,-4821.110352,2631.730469,-45398.718750,0.377225,0.925964,0.017085,0.100000,0.020000,1,0.443487
25.243200,21.505531,-0.503647,-397.233582,123.584778,-32.572792,-24999.318359,8132.084473,-1836.163696,0.452883,0.550971,-0.700948,0.100000,0.020000,1,0.538172
25.955044,23.076382,-1.158466,205.855713,340.709167,-238.203430,15713.087891,27584.052734,-18363.634766,0.383985,0.802735,-0.456259,0.100000,0.020000,1,0.147439
25.542624,19.917068,1.594312,335.208527,-117.678696,447.215485,4980.618164,-20921.142578,22477.410156,0.361752,0.901819,-0.236343,0.100000,0.020000,1,0.915487
25.286474,21.115572,-0.316016,171.433777,-50.158875,-60.032135,10575.925781,-5679.760742,-5530.797852,0.352825,0.927041,0.126922,0.100000,0.020000,1,0.752988
25.451300,21.651106,0.113801,100.230537,-20.385958,183.566788,245.451660,45.501038,1055.874512,0.404790,0.692008,-0.597721,0.100000,0.020000,1,0.029728
24.316290,21.440720,0.429295,-198.003967,-135.015778,36.586258,-16703.544922,-9623.669922,3173.553223,0.340264,0.897560,0.280370,0.100000,0.020000,1,0.154095
25.152922,21.902245,0.623196,-94.111435,-318.343994,-207.727875,-6315.066895,-18533.759766,-12614.414062,0.392902,0.664872,0.635275,0.100000,0.020000,1,0.621931
25.291622,21.821505,0.441297,-445.269775,-194.293854,120.520340,-28023.816406,-11451.487305,7745.545898,0.348281,0.783636,0.514408,0.100000,0.020000,1,0.283817
24.681870,21.695923,-0.562959,-85.264648,-58.538689,-61.255310,-7859.358398,-3874.449951,-5040.340820,0.267161,0.895709,-0.355428,0.100000,0.020000,1,0.320669
24.396692,23.563812,1.240976,-180.859100,480.923584,307.796326,-7312.184082,16511.531250,3407.676758,0.264410,0.891153,0.368692,0.100000,0.020000,1,0.798880
25.131712,21.691559,-0.341006,50.493385,84.509277,-27.850002,2790.545654,5618.493164,-1222.446045,0.306238,0.746147,-0.591170,0.100000,0.020000,1,0.081617
25.204863,21.472610,-0.300705,70.039093,-26.908051,-53.236816,4152.771484,-3159.991211,-4248.052246,0.199022,0.973660,-0.111244,0.100000,0.020000,1,0.789520
25.049967,21.763811,-0.064587,21.896803,221.076385,8.786362,451.991425,13694.875977,273.640503,0.199794,0.979832,0.003334,0.100000,0.020000,1,0.556144
25.089930,21.837446,0.371867,22.773039,-4.523877,11.531624,701.259888,-213.985870,1800.519409,0.197653,0.969466,0.145153,0.100000,0.020000,1,0.505679
24.496044,21.740608,0.141574,92.643578,-337.824188,-433.022583,2703.730957,-21643.548828,-25940.228516,0.182600,0.953069,-0.241488,0.100000,0.020000,1,0.984032
24.955254,21.776186,-0.550501,361.660370,-511.877502,-62.585091,21876.111328,-31343.791016,-3926.069336,0.322277,0.636149,-0.701036,0.100000,0.020000,1,0.096849
24.103708,21.249571,-0.926696,19.842545,52.899170,-150.576126,-3407.075439,1260.016968,-11839.933594,0.205893,0.861839,-0.463511,0.100000,0.020000,1,0.914011
24.244879,21.122072,-0.820305,-129.552979,-32.649422,-306.317322,-12013.718750,-3041.553467,-25360.718750,0.443389,0.435681,0.783319,0.100000,0.020000,1,0.071635
24.058779,21.797018,0.037306,-118.390381,80.271088,-102.967163,-12184.110352,5755.997070,-8461.504883,0.259986,0.724228,0.638671,0.100000,0.020000,1,0.230576
25.002443,22.038723,-0.197527,48.294518,-86.183411,-68.620178,2187.188721,-4532.447266,-4007.764893,0.140040,0.927544,-0.346483,0.100000,0.020000,1,0.502725
24.555075,22.984554,3.342337,18.597076,219.256317,1028.955688,4667.172852,4968.468262,33876.320312,0.130273,0.956084,0.262549,0.100000,0.020000,1,0.338927
24.940222,22.097090,1.085020,-20.725380,144.906708,134.145294,-2187.939209,3677.129883,14120.702148,0.366426,0.526531,0.767136,0.100000,0.020000,1,0.259243
25.543365,20.430862,2.036757,161.989716,-344.754852,415.703186,11815.189453,-18223.458984,28651.847656,0.300998,0.608159,0.734536,0.100000,0.020000,1,0.571466
23.538551,21.496759,-0.099847,-380.626923,-93.182556,-151.108032,-19639.796875,172.399414,-7877.642090,0.162218,0.846416,0.507214,0.100000,0.020000,1,0.042060
25.083122,22.096144,0.173261,-177.250610,-530.317261,307.739105,-11571.506836,-32362.525391,18820.683594,0.100430,0.910790,0.400469,0.100000,0.020000,1,0.559899
24.883312,22.149475,0.037447,76.095154,-40.896492,-53.090546,3643.652344,-1668.732788,-3281.199219,0.010969,0.999599,0.026105,0.100000,0.020000,1,0.303284
25.236578,22.043421,-0.844183,99.391747,31.436935,-77.044724,2576.004639,2391.405273,-4912.021484,0.129788,0.798427,-0.587936,0.100000,0.020000,1,0.972804
25.055948,21.409538,-0.784565,60.120262,-172.905273,-155.486511,3463.335205,-13071.367188,-12361.321289,-0.010197,0.975299,-0.220653,0.100000,0.020000,1,0.872442
22.116327,21.895243,2.213687,-493.474396,376.279816,624.942200,-21514.769531,-6004.786133,24680.591797,-0.017436,0.992549,-0.120596,0.100000,0.020000,1,0.495020
25.232475,21.870831,-0.554119,46.582680,-15.285640,-21.869278,3370.708008,-3.404310,-1387.936646,0.197700,0.690308,-0.695981,0.100000,0.020000,1,0.439608
27.094065,22.449345,-0.355003,567.580383,163.338562,-241.419922,44050.925781,13288.208008,-18748.654297,0.122291,0.782070,0.611074,0.100000,0.020000,1,0.833668
25.010826,21.799335,0.435893,161.010666,66.583702,-217.937714,9695.941406,4111.280273,-13600.839844,0.055695,0.862857,0.502371,0.100000,0.020000,1,0.379267
24.517773,23.387497,-0.517363,-116.970642,416.774353,17.402954,-1994.636719,21177.808594,-15749.058594,0.043375,0.875301,-0.481630,0.100000,0.020000,1,0.943692
26.191071,23.301346,0.149599,738.516357,525.814392,97.678528,32520.281250,20649.458984,4866.247070,-0.022344,0.965544,0.259278,0.100000,0.020000,1,0.631718
26.242401,21.270012,0.361779,372.225159,-238.235748,73.423721,28234.732422,-17906.033203,5613.077637,-0.059751,0.985173,0.160822,0.100000,0.020000,1,0.405193
25.014385,21.590651,0.591732,-36.156731,15.726435,-2.224218,-2648.630371,845.883423,-99.777283,0.181925,0.655000,0.733402,0.100000,0.020000,1,0.326933
24.884403,22.426313,-0.122157,11.734388,67.184860,35.492920,-45.817860,6334.169922,2943.165771,-0.071570,0.927913,-0.365861,0.100000,0.020000,1,0.213777
25.139572,22.574007,-1.347484,92.119858,150.566589,-425.365601,-988.290039,8570.434570,-29908.037109,-0.103142,0.911924,0.397186,0.100000,0.020000,1,0.284831
23.772552,22.054140,0.462004,-156.362762,59.619217,186.618958,-15135.316406,3970.889648,13254.440430,-0.170235,0.975772,0.137434,0.100000,0.020000,1,0.997182
24.253813,22.083374,0.549319,-162.839172,8.658463,142.155823,-6331.607422,4462.513672,7341.913086,-0.176982,0.984150,0.011166,0.100000,0.020000,1,0.352397
24.722334,22.285593,0.009830,173.846771,-273.106812,-143.266632,9696.671875,-16096.200195,-8719.978516,-0.180719,0.979851,-0.085047,0.100000,0.020000,1,0.120320
24.689623,21.416037,-0.786779,101.635757,-9.710297,40.118351,4923.399414,-2320.403320,1191.261108,-0.021658,0.809257,-0.587056,0.100000,0.020000,1,0.728271
24.160141,22.305958,-0.197122,-133.276825,76.034012,60.003311,-12045.564453,6466.397461,4518.580078,-0.100270,0.877563,-0.468860,0.100000,0.020000,1,0.843206
24.817513,21.721031,-0.509083,409.675079,109.243973,67.338829,24885.716797,6973.421387,4505.420410,0.073652,0.691743,-0.718378,0.100000,0.020000,1,0.740727
24.364285,21.110237,0.881560,-149.177826,-256.135834,84.502930,3263.656250,-5918.096191,7801.229492,-0.045403,0.784054,0.619030,0.100000,0.020000,1,0.702647
24.772266,22.168512,0.203038,-495.782104,-192.145248,225.952927,-32128.148438,-11467.819336,14242.401367,-0.234537,0.936175,0.261856,0.100000,0.020000,1,0.980028
24.859484,22.161249,-0.213554,-62.444244,-32.854832,-24.176826,-4399.058105,-1476.892456,-1649.984253,-0.243332,0.941854,-0.231734,0.100000,0.020000,1,0.478311
24.378222,21.969460,-1.145483,9.504517,-44.927940,-205.130753,2725.468506,-1798.259399,-5242.219238,-0.241645,0.906530,-0.346136,0.100000,0.020000,1,0.983125
25.579178,21.446142,0.623724,270.291931,-143.276337,1.611100,13118.721680,-5458.139648,7.899994,0.050578,0.665990,0.744244,0.100000,0.020000,1,0.752667
25.066803,22.957684,-0.046093,123.154007,272.215210,-93.716103,3219.260254,6189.405273,-2865.678223,-0.276747,0.881037,0.383646,0.100000,0.020000,1,0.766084
24.928379,22.215649,-0.032582,-469.554810,-211.161224,41.012199,-29480.201172,-12716.119141,2343.500732,-0.358596,0.932913,0.032886,0.100000,0.020000,1,0.401510
24.774782,22.028528,-0.462704,18.907652,-48.872116,-5.985412,523.583862,-2520.383545,-386.382324,-0.183065,0.793434,-0.580473,0.100000,0.020000,1,0.744073
24.722483,22.035570,-0.101155,-111.048889,12.616991,-52.655388,-7637.227539,720.793335,-3011.337646,-0.364539,0.904426,-0.221640,0.100000,0.020000,1,0.483009
24.599230,22.097569,0.100099,-428.067444,-25.739212,-316.101807,-28141.382812,-1514.077026,-19181.984375,-0.382641,0.917770,-0.106228,0.100000,0.020000,1,0.446423
23.957090,21.057411,0.302165,-276.554962,65.346512,-40.202789,-16769.736328,1900.002197,-6532.579102,-0.059885,0.709207,-0.702452,0.100000,0.020000,1,0.800944
24.835907,21.995207,0.626185,-291.514038,-97.418793,-206.546021,-18809.115234,-5598.670410,-12496.362305,-0.161997,0.762861,0.625939,0.100000,0.020000,1,0.607713
24.740910,22.021992,0.556185,-157.663666,-118.971725,-45.641891,-10809.608398,-7033.468750,-2374.381348,-0.183094,0.816122,0.548106,0.100000,0.020000,1,0.101423
24.658176,22.112585,-0.402212,33.432434,-58.428177,12.373508,1138.828247,-3082.709229,676.286316,-0.282483,0.833271,-0.475250,0.100000,0.020000,1,0.307804
26.347052,21.603212,-1.085400,548.410339,-151.122284,-359.572601,18403.298828,-8366.360352,-10146.671875,-0.407359,0.902757,0.138162,0.100000,0.020000,1,0.450676
27.399065,23.306282,-0.121733,798.132446,355.538757,-7.197220,61068.113281,27691.335938,-1877.056396,-0.392940,0.877286,0.275622,0.100000,0.020000,1,0.015262
24.813881,21.807018,0.587749,90.724060,35.872223,-36.696182,5128.754395,2442.573242,-2273.808838,-0.064808,0.682698,0.727821,0.100000,0.020000,1,0.369640
24.475241,21.823048,0.409996,28.843699,-42.326561,-44.871941,179.594864,-3256.831543,-2778.482666,-0.301344,0.811661,0.500398,0.100000,0.020000,1,0.142208
24.671492,22.078751,-0.252033,-134.809204,60.535645,-31.438324,-9113.131836,3995.669189,-1894.682373,-0.407855,0.845501,-0.344647,0.100000,0.020000,1,0.702505
25.691557,22.166353,2.531146,255.116272,25.216537,654.480835,34758.375000,-7680.571289,31060.917969,-0.415954,0.832061,0.366955,0.100000,0.020000,1,0.086635
24.617031,22.161007,0.130959,-122.449432,-33.370827,-34.964409,-8143.948242,-1821.534302,-2102.817871,-0.547884,0.825815,0.133614,0.100000,0.020000,1,0.679923
22.659885,22.003571,-3.157764,-529.479004,-54.805725,-878.817444,-19906.837891,7096.746094,-42753.898438,-0.552284,0.827083,-0.104483,0.100000,0.020000,1,0.800286
24.214306,22.106905,0.058395,367.580200,-660.559265,367.093201,21130.701172,-41666.464844,23309.935547,-0.559572,0.828174,0.031749,0.100000,0.020000,1,0.724837
23.759279,22.208897,-0.788492,-211.558594,9.981354,-132.000702,-10889.235352,8144.808105,-11205.078125,-0.550697,0.799725,-0.239110,0.100000,0.020000,1,0.839647
24.619293,21.915661,-0.534549,269.243134,-0.566292,-443.898590,15966.805664,341.834564,-27895.484375,-0.200716,0.674042,-0.710901,0.100000,0.020000,1,0.944137
23.491381,22.745567,0.470218,-135.636536,383.602295,215.945435,-11886.608398,14607.644531,12423.542969,-0.343302,0.718501,-0.604896,0.100000,0.020000,1,0.372149
25.203707,21.955782,-0.487321,272.179871,32.968197,-40.692581,19116.910156,1868.602783,-3075.046631,-0.459672,0.758853,-0.461350,0.100000,0.020000,1,0.196214
24.654068,22.787979,0.158527,50.981712,133.502777,-24.735867,3074.997803,11427.513672,-1815.464111,-0.558291,0.782253,0.276388,0.100000,0.020000,1,0.729089
24.180408,21.421227,1.026081,-124.175041,-192.798981,250.743896,2473.219727,-762.746094,5604.810547,-0.342022,0.696643,0.630642,0.100000,0.020000,1,0.216358
24.462679,22.089317,0.592541,83.440186,-87.526657,-1.480471,4171.425293,-5121.393555,738.188171,-0.464550,0.733674,0.495897,0.100000,0.020000,1,0.188545
23.953459,23.387415,0.467228,-132.107590,336.802124,38.119141,-2773.651611,31390.082031,6756.691406,-0.553514,0.750044,0.362015,0.100000,0.020000,1,0.540129
24.591335,21.574978,1.010305,-47.414429,-68.553040,82.961578,-4107.077148,-5309.654785,7034.691406,-0.196526,0.653573,0.730903,0.100000,0.020000,1,0.593335
24.896339,20.880848,0.027578,205.412842,-272.158783,78.795456,13942.495117,-22057.681641,6274.772949,-0.567379,0.741760,-0.357595,0.100000,0.020000,1,0.172654
24.368425,22.040167,-0.541286,171.674225,-53.265015,135.543060,9477.447266,-2997.460205,8207.770508,-0.465405,0.670995,-0.577203,0.100000,0.020000,1,0.651060
23.714735,21.460335,0.397276,-68.924408,125.258118,257.748718,-7888.403809,5253.488281,17925.843750,-0.702213,0.711966,0.001097,0.100000,0.020000,1,0.203314
24.312164,21.914488,-0.084553,25.066998,6.939774,62.838745,545.156860,-303.666016,3900.080811,-0.700801,0.708087,-0.086540,0.100000,0.020000,1,0.622073
24.676151,22.002087,-0.017691,49.006546,62.862854,11.371033,3581.605225,3605.153564,242.304276,-0.699507,0.704294,0.121072,0.100000,0.020000,1,0.989370
24.504023,21.939497,-0.513584,69.981445,-81.487900,69.982040,3325.669678,-4835.473633,4576.334961,-0.329545,0.638907,-0.695124,0.100000,0.020000,1,0.270239
25.444822,21.538000,-0.703946,294.163757,-136.109146,-78.366180,21994.255859,-10542.619141,-6322.682617,-0.572013,0.670770,-0.472089,0.100000,0.020000,1,0.214792
24.140581,22.181360,0.171814,656.345947,-256.493805,-75.069427,39691.964844,-15717.286133,-4855.259766,-0.687015,0.681646,0.251732,0.100000,0.020000,1,0.925025
26.132521,21.391558,-2.174073,562.393494,-113.263504,-833.601868,17471.648438,-5775.301758,-24662.679688,-0.443837,0.638569,0.628680,0.100000,0.020000,1,0.415069
23.353821,23.607517,-0.673424,-192.809006,535.908752,-138.344757,-3886.443359,17088.542969,-8699.382812,-0.709446,0.663577,-0.237387,0.100000,0.020000,1,0.589563
24.330357,22.641491,0.586325,-11.094658,149.324966,45.819061,-1806.851074,12162.832031,3659.061523,-0.587458,0.630284,0.507577,0.100000,0.020000,1,0.916253
24.362507,21.831167,-0.229657,-266.296204,438.660492,-121.722870,-17508.107422,26811.578125,-7509.011230,-0.692646,0.635079,-0.341931,0.100000,0.020000,1,0.609492
24.722147,22.008482,0.484995,146.392197,-39.084648,68.963249,4966.467285,3840.222168,636.650635,-0.694774,0.611582,0.378492,0.100000,0.020000,1,0.298373
24.537758,21.870272,0.610625,16.738270,32.289917,-55.469345,246.287964,2148.517822,-3362.624756,-0.346211,0.592167,0.727651,0.100000,0.020000,1,0.844487
24.166082,22.006237,-0.371651,432.398804,-434.559998,-381.394348,25539.312500,-27213.289062,-23745.468750,-0.572653,0.591757,-0.567355,0.100000,0.020000,1,0.586662
24.134459,22.310713,0.008572,-40.819633,56.407257,-18.968578,-3779.514404,4620.789062,-1606.309204,-0.810472,0.570215,0.134131,0.100000,0.020000,1,0.290490
24.401064,22.211023,-0.199469,2.576216,42.637161,-16.386997,117.975029,3330.730469,-1579.122925,-0.821650,0.563301,-0.087086,0.100000,0.020000,1,0.845768
23.990343,22.678228,1.077694,-110.645630,171.736847,362.318512,-12259.337891,19248.628906,16422.453125,-0.827520,0.560860,0.025432,0.100000,0.020000,1,0.246875
24.323116,21.476797,-0.535467,-23.026039,50.203770,6.842163,-2845.462158,1517.496704,510.210449,-0.441528,0.563324,-0.698369,0.100000,0.020000,1,0.906644
24.451324,21.997269,0.615635,-41.952728,-24.233318,-105.149155,-3145.685791,-1245.043579,-6076.082520,-0.568896,0.555329,0.606603,0.100000,0.020000,1,0.569366
23.839672,22.305708,-0.142331,-92.285812,61.890778,61.732330,-8500.891602,5232.208984,4816.287598,-0.702393,0.545977,-0.456677,0.100000,0.020000,1,0.682165
23.047220,21.806667,-0.452030,-133.258270,126.963150,-66.816940,-14085.134766,7042.035156,-5398.476562,-0.814313,0.539730,-0.213509,0.100000,0.020000,1,0.436334
24.324793,22.175014,0.367168,21.490211,25.854946,-9.654600,698.049805,2508.475342,-761.073730,-0.682641,0.524903,0.508407,0.100000,0.020000,1,0.660616
23.680422,21.224339,-0.200266,173.321655,-29.726364,-106.072746,7977.949707,-5119.098633,-6386.525879,-0.800546,0.489654,-0.345493,0.100000,0.020000,1,0.376064
24.899216,21.014099,-0.073080,251.441589,-104.594879,-60.101105,18062.841797,-10784.877930,-5005.230957,-0.825849,0.493258,0.273257,0.100000,0.020000,1,0.375743
23.948362,21.936974,0.348321,-45.945763,-8.909521,1.077698,-4655.693848,-719.093262,213.563599,-0.801676,0.448621,0.395039,0.100000,0.020000,1,0.358590
24.419531,22.056612,0.479343,-110.825867,-171.704071,-8.223879,-7845.800293,-9933.033203,-953.354858,-0.450291,0.507004,0.734973,0.100000,0.020000,1,0.885272
24.474768,21.949600,-0.408399,-876.634033,-90.000557,216.133911,-55198.578125,-5560.164062,13818.821289,-0.688574,0.451092,-0.567787,0.100000,0.020000,1,0.311594
24.087751,22.061430,-0.212309,327.640198,-282.277283,-188.297913,19852.386719,-17510.417969,-12088.383789,-0.892942,0.400087,-0.206358,0.100000,0.020000,1,0.180697
22.818798,22.129707,0.407693,-334.638000,24.931686,144.501236,-16858.906250,4114.122070,4719.875977,-0.911427,0.398690,-0.101725,0.100000,0.020000,1,0.894881
24.509346,23.139231,-0.729489,145.263123,303.222626,-202.524017,10180.380859,23913.332031,-15948.328125,-0.918033,0.394948,0.035090,0.100000,0.020000,1,0.783345
23.736219,21.371349,0.324916,23.330929,49.135567,-37.794487,-1562.798828,919.244873,-3089.560303,-0.648349,0.439471,0.621698,0.100000,0.020000,1,0.056171
24.097364,21.934893,-0.355585,581.450012,-5.683467,196.041840,35645.847656,-396.445465,12375.461914,-0.796957,0.404690,-0.448426,0.100000,0.020000,1,0.686863
23.647781,21.835150,0.286196,-216.656128,50.615074,-37.209267,-16308.617188,2616.708496,-1987.918579,-0.890132,0.379780,0.251857,0.100000,0.020000,1,0.868101
24.330975,21.784485,0.421579,124.059662,10.805176,64.995552,6404.156250,-2716.419434,4393.020996,-0.910434,0.387571,0.144566,0.100000,0.020000,1,0.029301
24.466967,21.848114,-0.797009,215.799652,-33.388130,192.847534,12249.189453,-1730.743164,11502.556641,-0.219127,0.555313,-0.802254,0.100000,0.020000,1,0.019586
23.285078,22.598186,1.377591,-199.926605,209.930786,254.246826,-17065.291016,16071.812500,20178.099609,-0.782464,0.383475,0.490609,0.100000,0.020000,1,0.814912
24.110006,21.714388,0.404936,-39.726898,-50.672173,-22.890106,-4272.708496,-3706.760986,-2150.510254,-0.536519,0.435135,0.723052,0.100000,0.020000,1,0.923281
24.414724,21.847555,-0.585950,22.865021,-1.701038,-0.748018,988.631714,-76.505722,-122.494164,-0.548369,0.432568,-0.715664,0.100000,0.020000,1,0.925221
25.214649,22.103674,0.371043,359.776031,47.987888,16.444180,10716.073242,2387.586914,1096.588867,-0.872331,0.308941,0.378938,0.100000,0.020000,1,0.637501
23.911793,20.858633,-1.000813,127.994362,2.443481,-154.760681,-16429.412109,-5509.778809,-9131.078125,-0.882725,0.308913,-0.354075,0.100000,0.020000,1,0.876749
24.081120,21.964575,0.115800,-109.078781,-85.845200,4.205608,-7257.287598,-5239.898926,260.761749,-0.957443,0.248182,0.147338,0.100000,0.020000,1,0.637946
23.517820,22.396500,0.173806,-113.040100,102.152496,43.305626,-9834.764648,8407.683594,3357.747559,-0.967997,0.249066,0.030775,0.100000,0.020000,1,0.680083
23.846796,21.429081,-0.742152,95.776489,-7.216759,362.625305,4014.785156,-2272.474609,21703.195312,-0.753971,0.312943,-0.577576,0.100000,0.020000,1,0.360707
23.654890,21.458082,0.059948,68.591141,-11.796181,-62.344124,1808.972900,-2507.823486,-2127.094727,-0.839608,0.272879,-0.469676,0.100000,0.020000,1,0.758184
24.431786,20.558413,-0.977021,95.036804,-44.411846,-217.708618,11767.757812,-9980.302734,-14001.159180,-0.617148,0.364146,-0.697513,0.100000,0.020000,1,0.381491
24.041233,22.034561,0.046918,-91.847031,-177.557922,-156.769867,-6212.816406,-10652.174805,-9309.775391,-0.971433,0.206197,-0.117477,0.100000,0.020000,1,0.007538
24.035908,21.932877,0.257653,-25.068321,-143.638657,113.619446,-2421.259521,-8733.093750,6621.944824,-0.840477,0.230326,0.490458,0.100000,0.020000,1,0.304494
25.324873,23.269005,0.390937,364.097046,475.724121,60.790115,9642.286133,16323.592773,-664.499512,-0.927789,0.184451,-0.324324,0.100000,0.020000,1,0.280275
23.947063,22.011066,0.017563,-389.786133,-392.128571,32.399841,-25410.304688,-24164.078125,1244.421753,-0.948608,0.175143,0.263567,0.100000,0.020000,1,0.299387
23.251200,21.815578,0.309506,-81.611572,87.527466,56.570435,-8835.998047,5278.162109,5610.102539,-0.958755,0.173774,-0.224925,0.100000,0.020000,1,0.667503
23.687283,21.157965,0.886228,-29.424759,68.415756,-225.831848,-4600.098145,1508.928101,-12652.301758,-0.718077,0.288018,0.633570,0.100000,0.020000,1,0.207692
24.055761,20.964674,-0.033561,151.637344,-30.225571,184.493866,8014.050293,-5404.267578,9113.768555,-0.612885,0.323106,0.721093,0.100000,0.020000,1,0.277144
23.327774,21.900887,0.296091,-73.374725,67.971329,-2.218875,-8062.300781,4589.742676,-202.057831,-0.909179,0.141004,0.391804,0.100000,0.020000,1,0.099323
24.100704,21.367298,-0.066377,48.663376,-177.967560,-289.266663,2855.250000,-13028.808594,-17013.390625,-0.881269,0.111967,-0.459160,0.100000,0.020000,1,0.954120
23.811123,21.764708,0.202000,85.095123,-101.231590,-74.896889,4399.507324,-6521.021973,-4390.121094,-0.987814,0.029615,0.152796,0.100000,0.020000,1,0.648195
23.848862,21.850849,0.024810,-38.873131,-247.729645,-117.426620,-3224.609131,-15416.405273,-7382.081543,-0.999469,0.023832,0.022224,0.100000,0.020000,1,0.884347
25.778549,23.699142,-0.199875,524.845093,572.438599,96.242462,13829.605469,21399.679688,6460.198730,-0.694558,0.225761,-0.683096,0.100000,0.020000,1,0.713146
24.124084,21.836550,0.542533,-8.050392,-54.825546,-35.876892,-1041.655029,-3226.197266,-2031.725220,-0.771199,0.170128,0.613440,0.100000,0.020000,1,0.220717
24.383753,21.690586,0.120712,148.489655,3.951843,108.593109,10794.659180,-124.023300,8081.684570,-0.975868,0.013595,-0.217939,0.100000,0.020000,1,0.880094
23.183722,21.927282,0.115159,-163.173218,-31.591770,-14.810785,-13825.716797,-1390.783325,-86.440331,-0.993841,0.004514,-0.110721,0.100000,0.020000,1,0.787989
23.837511,22.032034,-0.426142,-74.396652,54.217106,14.399351,-1273.600220,2098.537354,636.003418,-0.784501,0.159881,-0.599163,0.100000,0.020000,1,0.221358
23.542223,22.190968,1.307967,-77.112686,108.530212,279.919739,-6958.291016,8647.762695,22235.339844,-0.962511,-0.005880,0.271178,0.100000,0.020000,1,0.606058
23.833870,21.862028,0.431574,192.971222,-218.643280,5.230223,10876.253906,-13344.762695,425.028046,-0.854688,0.063706,0.515219,0.100000,0.020000,1,0.057185
24.032631,20.788864,-2.029596,129.192444,-11.464413,-458.177460,-3557.717773,-11678.551758,-15142.684570,-0.942948,-0.026091,-0.331917,0.100000,0.020000,1,0.354372
24.353247,21.758701,0.277673,140.265427,204.063507,446.674133,8879.142578,12919.702148,26945.458984,-0.653965,0.210995,0.726506,0.100000,0.020000,1,0.287393
24.033649,21.095173,0.421943,57.036949,21.725071,186.469482,3075.878174,-1281.573120,15401.859375,-0.824591,0.051037,-0.563423,0.100000,0.020000,1,0.583548
22.790644,21.505928,-0.847760,-380.852844,289.839661,-405.461761,-25632.126953,1665.993652,-18701.841797,-0.983098,-0.124308,0.134411,0.100000,0.020000,1,0.572693
23.643427,21.480579,-0.259403,-143.390640,-125.683624,-228.385651,-9345.920898,-8542.464844,-13291.632812,-0.985856,-0.129288,-0.106644,0.100000,0.020000,1,0.537905
24.171902,21.682896,-0.562538,-93.818146,56.072247,-144.828796,-6293.099121,3392.512695,-9207.777344,-0.715576,0.115398,-0.688938,0.100000,0.020000,1,0.454733
21.546713,22.224112,-2.718714,-641.678528,424.195282,-824.930908,-45968.234375,13660.583984,-32985.593750,-0.921064,-0.073352,0.382440,0.100000,0.020000,1,0.023821
24.308718,22.482470,-0.414156,159.691437,235.846436,-79.869354,11493.422852,18273.767578,-6081.337402,-0.966885,-0.147452,-0.208306,0.100000,0.020000,1,0.286397
24.862013,21.637724,-0.202088,33.975693,368.020264,198.787415,-6282.231934,22436.839844,18663.191406,-0.791659,0.013411,0.610816,0.100000,0.020000,1,0.704747
23.934507,21.654989,-0.397828,29.158401,8.192699,-7.287043,1354.981445,458.635742,-611.828735,-0.885639,-0.090281,-0.455515,0.100000,0.020000,1,0.241359
23.775198,21.588930,0.304552,43.791496,-12.156506,13.200607,1949.645264,-1047.319092,1287.870117,-0.955202,-0.163520,0.246680,0.100000,0.020000,1,0.973800
22.495070,21.835848,-1.021853,-396.190674,-20.600403,-352.981293,-15466.983398,2082.155029,-9003.295898,-0.983236,-0.182338,0.000473,0.100000,0.020000,1,0.080283
23.619129,21.994490,0.802990,-37.012939,115.549988,115.634735,-4190.999023,8714.308594,9007.705078,-0.862726,-0.095333,0.496603,0.100000,0.020000,1,0.798773
24.160671,21.642345,0.610823,-51.932373,73.039261,-63.059509,-3715.704590,4411.916992,-3809.585205,-0.689834,0.091123,0.718210,0.100000,0.020000,1,0.887710
23.797644,21.166643,-0.695811,126.039932,-40.869125,-308.032410,7205.661133,-4450.078125,-21205.367188,-0.917025,-0.199324,-0.345450,0.100000,0.020000,1,0.669371
23.690401,21.417974,0.287147,59.353867,-16.313850,22.324196,2530.578369,-1779.951416,1349.825439,-0.900336,-0.212626,0.379717,0.100000,0.020000,1,0.596378
23.746752,21.523077,-0.106568,36.930656,-43.393364,45.493568,1687.750244,-2882.459717,2361.850098,-0.949706,-0.312541,0.019418,0.100000,0.020000,1,0.766351
23.973854,22.739712,-0.119823,-7.795639,308.044586,155.678452,-744.596680,14054.342773,1046.849609,-0.727265,-0.025231,-0.685892,0.100000,0.020000,1,0.038394
23.703960,21.019981,-0.131388,373.878784,-203.327087,10.550926,22345.158203,-15124.034180,1662.387695,-0.855774,-0.224671,-0.466019,0.100000,0.020000,1,0.019034
23.768946,21.514845,0.231043,92.907440,-358.565826,-529.464050,5326.234375,-22700.632812,-32067.468750,-0.932886,-0.340723,-0.116751,0.100000,0.020000,1,0.711633
23.667946,21.167376,0.013373,-579.360291,385.390625,28.314901,-37535.355469,22810.699219,1405.049561,-0.930825,-0.340756,0.132102,0.100000,0.020000,1,0.197994
24.057728,21.518700,-0.515938,-334.154633,253.067383,-19.887089,-21206.539062,15641.303711,-1466.262207,-0.798750,-0.134120,-0.586524,0.100000,0.020000,1,0.183865
24.128590,21.359127,0.055134,180.636627,-232.603058,-193.012634,11898.357422,-15484.005859,-13585.346680,-0.837515,-0.237073,0.492307,0.100000,0.020000,1,0.424073
22.816570,21.490957,-2.471412,-229.433777,170.917221,-578.804871,-11427.250000,-2250.039062,-22580.269531,-0.908691,-0.342717,-0.238383,0.100000,0.020000,1,0.061296
23.678900,21.687731,0.615854,-21.255150,26.362923,-15.559361,-3491.516602,1972.225708,-760.597534,-0.703958,-0.037532,0.709249,0.100000,0.020000,1,0.920167
22.827963,21.799995,0.112417,-264.312927,175.661316,-147.149475,-21214.537109,12356.417969,-9699.549805,-0.892714,-0.363956,0.265701,0.100000,0.020000,1,0.826123
24.679554,21.123978,1.945215,172.851959,-101.055969,416.853210,13367.757812,-8238.264648,32392.949219,-0.770448,-0.158149,0.617575,0.100000,0.020000,1,0.169344
23.491055,21.250580,0.326529,181.511520,-59.633484,170.164825,12152.533203,-5999.841797,4514.670410,-0.862462,-0.361227,-0.354504,0.100000,0.020000,1,0.671293
24.328119,22.400965,0.259527,296.949585,353.714813,1.130569,2207.740234,14183.123047,1556.297852,-0.859938,-0.365104,0.356659,0.100000,0.020000,1,0.792314
24.396795,21.455057,0.639050,91.108475,-97.647537,270.164459,4493.053223,-2613.843994,10120.032227,-0.583647,0.163730,-0.795329,0.100000,0.020000,1,0.026721
24.226843,21.157015,-0.023298,-204.681519,-118.378815,149.271759,-11426.280273,-8518.515625,9697.332031,-0.868040,-0.483619,-0.112338,0.100000,0.020000,1,0.591716
23.514002,21.202204,-0.040194,283.386383,-129.095978,-63.125687,16428.449219,-8967.137695,-4207.973145,-0.867273,-0.497552,0.016725,0.100000,0.020000,1,0.959511
23.992373,20.812109,1.025167,129.916016,63.616245,188.229584,-7269.483398,-20410.685547,6697.294922,-0.762508,-0.289266,-0.578712,0.100000,0.020000,1,0.753646
24.596163,22.144701,-0.301117,338.718414,300.388062,-147.442825,2750.374268,13031.526367,-4111.084961,-0.852817,-0.505093,0.132604,0.100000,0.020000,1,0.787207
23.206522,21.824686,0.069107,-161.642731,106.090240,-90.030090,-13416.875977,8350.925781,-7037.097656,-0.779601,-0.383060,0.495467,0.100000,0.020000,1,0.279172
23.534801,21.076286,-0.580462,122.378128,-67.393921,241.814697,5222.976074,-7173.730957,14524.380859,-0.794527,-0.398002,-0.458608,0.100000,0.020000,1,0.345137
24.114449,20.741627,1.088263,153.943832,-34.816124,399.538239,-4109.872559,-14819.163086,18739.878906,-0.822648,-0.511100,0.249052,0.100000,0.020000,1,0.875236
24.025663,20.920118,-0.570133,117.673645,-29.383896,391.908966,8044.351074,-3696.644531,23069.015625,-0.824708,-0.522977,-0.215294,0.100000,0.020000,1,0.512014
23.907003,21.096127,-0.597536,-50.073891,-112.961388,-16.334314,-853.949585,-3734.995361,-775.125671,-0.687298,-0.168492,-0.706564,0.100000,0.020000,1,0.666471
24.041315,21.347118,0.461930,-51.610695,-14.048588,29.845322,-3267.501709,-1336.856079,1796.554443,-0.732085,-0.306414,0.608410,0.100000,0.020000,1,0.783541
23.790863,21.379295,-0.381618,99.518082,-85.100784,362.238464,5780.131348,-5287.804199,22437.705078,-0.791196,-0.500028,-0.352108,0.100000,0.020000,1,0.728734
22.976805,22.047518,0.616675,-233.168549,279.626465,144.251587,-18624.623047,20688.246094,10480.374023,-0.761388,-0.537523,0.362432,0.100000,0.020000,1,0.808115
24.056330,21.521698,0.529781,-11.775555,-82.575127,376.809662,-1148.374268,-5108.138672,23568.914062,-0.655615,-0.182958,0.732595,0.100000,0.020000,1,0.265702
25.634352,20.018625,-1.550237,474.989807,-227.413177,-268.590546,36809.789062,-19994.876953,-21566.660156,-0.709849,-0.423961,-0.562469,0.100000,0.020000,1,0.381722
24.306999,20.630459,0.309551,85.682678,-7.952829,443.641052,-3932.165527,-6796.714355,22927.132812,-0.762855,-0.646413,0.014221,0.100000,0.020000,1,0.886785
22.930437,22.934454,-0.924614,-249.419037,588.938965,-208.840073,-10204.603516,18998.560547,-11013.229492,-0.757626,-0.646897,-0.086760,0.100000,0.020000,1,0.067417
23.803587,21.244287,0.068155,-23.912231,0.814282,82.734940,-2076.327393,-143.528717,6970.927246,-0.712065,-0.546013,-0.441399,0.100000,0.020000,1,0.355386
24.054993,21.086788,0.154200,12.490177,-113.329803,-27.069592,1577.770386,-7791.465332,-1529.809082,-0.745533,-0.651516,0.140381,0.100000,0.020000,1,0.229597
23.632759,21.069721,-0.320444,-37.905823,-19.877724,44.846153,-3463.716553,-495.257233,2842.997803,-0.732091,-0.650208,-0.203156,0.100000,0.020000,1,0.411528
23.719397,21.370584,0.787647,-17.989815,23.666451,42.678284,-2455.238525,1533.240112,3922.928223,-0.670228,-0.404981,0.621920,0.100000,0.020000,1,0.807670
23.605944,21.549780,-0.015756,-51.660583,42.253845,-66.482086,-4438.419922,4022.924561,-5134.820312,-0.713649,-0.649211,0.263116,0.100000,0.020000,1,0.206891
25.310879,21.582890,0.124613,291.736755,-6.915611,-77.717392,23433.669922,243.151260,-6740.394043,-0.641001,-0.290859,0.710295,0.100000,0.020000,1,0.827155
24.258375,21.348434,-0.418127,59.118073,-1.936878,41.210045,4374.322754,-391.433594,3194.864014,-0.640657,-0.302104,-0.705898,0.100000,0.020000,1,0.563209
23.659876,21.238783,-0.553962,-207.182465,187.139847,-36.511307,-8528.787109,6946.810547,4662.349609,-0.676533,-0.546255,0.493871,0.100000,0.020000,1,0.436244
24.197916,20.693438,1.014600,125.805557,-47.241638,361.367188,442.999023,-6136.549316,11366.007812,-0.683228,-0.652828,-0.327132,0.100000,0.020000,1,0.204435
23.384842,22.409698,1.531370,-131.591812,345.410889,349.527649,-10569.301758,26949.660156,27196.535156,-0.640128,-0.666812,0.381572,0.100000,0.020000,1,0.987395
24.944475,20.262411,0.761303,218.292450,-90.131149,202.762482,11070.336914,-13708.987305,1384.632812,-0.645920,-0.763266,0.014560,0.100000,0.020000,1,0.174024
24.063963,21.289803,-0.558397,12.320230,17.989235,-31.491234,28.668959,69.096642,-1685.818726,-0.603184,-0.068123,-0.794687,0.100000,0.020000,1,0.678927
24.039629,21.394648,-0.387424,101.376144,-149.724152,-38.159653,6537.201660,-8858.699219,-2108.821289,-0.617384,-0.532958,-0.578613,0.100000,0.020000,1,0.400300
23.675125,21.240627,-0.037407,-170.886536,-224.173187,287.016724,-11654.267578,-13577.056641,18279.478516,-0.627248,-0.772853,-0.096217,0.100000,0.020000,1,0.105426
24.021400,21.124500,-0.162607,-186.497040,-382.531189,281.637695,-11284.269531,-24013.207031,17872.841797,-0.597604,-0.766962,-0.233749,0.100000,0.020000,1,0.890006
23.994131,21.024803,-0.111018,-489.178955,-41.294582,523.891479,-30451.990234,-2843.017578,32154.833984,-0.601240,-0.787481,0.135588,0.100000,0.020000,1,0.990616
24.175817,21.396755,0.360304,41.047325,49.513268,-29.278976,3211.530518,3820.232666,-2366.186523,-0.580059,-0.539567,0.610244,0.100000,0.020000,1,0.715512
26.742270,20.877064,-0.362566,750.127319,7.652420,-109.744995,51850.480469,-4213.889160,-3962.903320,-0.585534,-0.664829,-0.463845,0.100000,0.020000,1,0.071990
24.213440,20.684475,0.202843,-809.717285,476.995392,-373.956360,-52907.214844,24333.562500,-24539.943359,-0.574205,-0.666453,0.475530,0.100000,0.020000,1,0.515893
26.007139,20.189793,1.870477,628.075439,-198.706970,465.846191,11220.841797,-1577.067383,14391.279297,-0.575106,-0.771705,0.271523,0.100000,0.020000,1,0.643729
23.939058,21.291584,0.358551,132.733658,-242.744263,347.279968,7702.508789,-15358.245117,21042.603516,-0.560006,-0.415860,0.716557,0.100000,0.020000,1,0.596502
25.511646,21.518667,-1.290463,375.420898,47.663696,-175.142639,29625.587891,3942.304688,-14103.133789,-0.563985,-0.426635,-0.707039,0.100000,0.020000,1,0.313124
24.595552,20.708502,1.035635,144.541138,-104.684006,170.049164,10654.725586,-9682.629883,5355.833496,-0.528412,-0.756113,0.386101,0.100000,0.020000,1,0.435337
23.799887,21.639126,-0.605797,-279.165100,194.229767,-331.310883,-18234.173828,14729.355469,-22300.794922,-0.522963,-0.779513,-0.344774,0.100000,0.020000,1,0.826960
23.801468,21.010010,-0.024017,1.207719,-58.796593,-92.186295,-428.144470,-3562.617432,-5994.237305,-0.491739,-0.870449,0.022617,0.100000,0.020000,1,0.480695
22.991161,21.490507,0.049369,-112.425690,76.193695,78.331909,-11423.665039,6357.892578,7058.840820,-0.497901,-0.648865,-0.575385,0.100000,0.020000,1,0.161319
24.254793,20.840626,-0.733810,-4.912312,-254.178040,37.085506,1029.918335,-16530.869141,-391.192841,-0.466994,-0.878490,-0.100862,0.100000,0.020000,1,0.570024
24.557537,22.015850,0.316579,202.018341,299.801453,184.290588,8311.487305,24124.916016,-20753.257812,-0.463653,-0.873782,0.146736,0.100000,0.020000,1,0.056385
24.048483,21.225096,-0.294945,-26.792850,81.600067,-37.702751,-1475.105713,5930.262207,-2064.242188,-0.466311,-0.751418,-0.466825,0.100000,0.020000,1,0.542140
23.749226,21.011780,0.123725,138.880341,-76.916687,78.620346,7883.876953,-4631.544922,4608.819824,-0.442029,-0.857708,0.262580,0.100000,0.020000,1,0.379765
23.782059,20.933531,0.274515,144.101715,-83.076645,-358.487640,8351.251953,-5360.791016,-20788.402344,-0.441449,-0.872191,-0.210727,0.100000,0.020000,1,0.501426
24.613699,21.416489,0.329326,177.216003,-11.566288,62.934891,13518.591797,514.582336,3289.759033,-0.468496,-0.628526,0.620860,0.100000,0.020000,1,0.479308
23.517033,21.309296,-1.487025,-67.861526,55.370667,-218.881897,-6712.132812,3959.113525,-17696.507812,-0.486119,-0.518175,-0.703692,0.100000,0.020000,1,0.866250
24.258247,20.717457,-0.225133,-134.915604,95.727066,833.794006,-7503.772949,4778.875488,50058.988281,-0.433311,-0.755439,0.491481,0.100000,0.020000,1,0.094002
24.112217,21.344257,-0.726600,-29.450523,6.211267,65.569420,-2125.532471,256.231567,3722.347900,-0.543275,-0.284100,-0.790025,0.100000,0.020000,1,0.585915
24.148857,20.989746,0.323351,-88.534225,-117.974503,57.493584,-4988.922852,-7210.762695,3755.741943,-0.378943,-0.848560,0.369254,0.100000,0.020000,1,0.027326
23.971592,20.998110,-0.433993,-365.872131,-309.608734,269.941162,-23227.835938,-19198.664062,16339.291016,-0.367612,-0.867189,-0.335925,0.100000,0.020000,1,0.795570
24.298683,21.020672,-0.315303,-430.667847,-105.844330,-180.050232,-26178.681641,-6635.042480,-10825.042969,-0.384308,-0.733884,-0.560108,0.100000,0.020000,1,0.321167
24.114037,21.237944,0.590282,-33.525093,-35.896675,-1.069262,-2147.305420,-2080.909668,-22.755005,-0.459773,-0.505197,0.730332,0.100000,0.020000,1,0.205147
23.868073,20.961641,-0.363728,334.807861,-270.163025,233.617004,20528.402344,-16478.542969,13598.924805,-0.289900,-0.950431,-0.112427,0.100000,0.020000,1,0.447331
24.218145,20.681757,0.425233,-295.766418,172.070862,-568.186096,-18185.187500,9726.516602,-34581.480469,-0.285619,-0.949600,0.129158,0.100000,0.020000,1,0.476567
23.993164,20.816101,0.024626,405.855957,-233.067627,-512.739258,25531.828125,-14705.711914,-32354.275391,-0.281879,-0.959043,0.027952,0.100000,0.020000,1,0.859541
22.708763,21.553200,-0.019828,-302.276520,183.420013,125.221664,-16758.896484,12238.114258,1083.085449,-0.306695,-0.833895,-0.458865,0.100000,0.020000,1,0.890450
24.168198,20.966967,-0.198659,-118.380203,-131.554581,48.180107,-6920.195801,-7658.478516,2884.688965,-0.258245,-0.944479,-0.203150,0.100000,0.020000,1,0.813649
22.248152,21.850611,-0.046981,-481.137817,287.323578,-74.070297,-37999.046875,22063.880859,-6501.315918,-0.294685,-0.819570,0.491392,0.100000,0.020000,1,0.566928
24.069891,20.846352,0.119817,345.190826,-446.360931,30.810184,21819.941406,-28133.740234,1271.308105,-0.250337,-0.901097,0.354056,0.100000,0.020000,1,0.231590
23.481220,24.537865,1.178641,-177.736633,1140.388794,323.594635,892.650391,30877.230469,4725.794434,-0.244234,-0.934156,0.260196,0.100000,0.020000,1,0.874898
24.015545,21.049946,0.698652,5.179879,4.896635,-97.244858,-156.582413,75.184517,-5588.779297,-0.384389,-0.584314,0.714718,0.100000,0.020000,1,0.941183
24.376833,21.213861,-0.891526,71.171936,33.427299,-72.212631,5540.645508,2602.979004,-5947.486816,-0.382046,-0.598127,-0.704475,0.100000,0.020000,1,0.089945
24.762045,21.302120,0.238217,185.663940,93.511993,-27.629440,14473.009766,7179.187988,-2799.614746,-0.330234,-0.713030,0.618493,0.100000,0.020000,1,0.054641
24.217667,21.025034,-0.538582,48.713928,48.140717,-47.027557,3687.152344,3898.732666,-4086.644043,-0.228743,-0.911628,-0.341485,0.100000,0.020000,1,0.160536
23.102657,21.856974,-0.917246,-346.908691,326.223328,-324.522736,121.667480,13348.402344,-95.909180,-0.152787,-0.988114,0.016956,0.100000,0.020000,1,0.434874
26.347902,21.632959,0.512263,501.908051,338.564636,197.850952,9886.985352,14142.251953,4244.946289,-0.242815,-0.795018,-0.555867,0.100000,0.020000,1,0.627838
24.622395,20.448364,0.504807,163.912949,-94.288902,-50.428158,12471.675781,-7284.507324,-1544.613770,-0.135617,-0.980752,0.140479,0.100000,0.020000,1,0.777686
24.047295,21.021379,-0.568041,-18.640209,1.104374,29.683270,-1622.241333,109.196617,1796.345459,-0.291627,-0.659854,-0.692492,0.100000,0.020000,1,0.255345
24.164242,20.738123,0.681928,-295.094788,176.068329,-626.821899,-18546.507812,10821.194336,-38292.890625,-0.147609,-0.867202,0.475575,0.100000,0.020000,1,0.444234
24.832748,20.326920,1.800479,170.211502,-98.121376,499.877472,17216.429688,-9978.072266,30922.492188,-0.084260,-0.960502,0.265211,0.100000,0.020000,1,0.447455
23.637878,21.016775,-0.816267,-114.472687,69.355247,166.038452,-4522.353027,1029.473145,18231.207031,-0.082256,-0.973737,-0.212299,0.100000,0.020000,1,0.815571
24.794514,20.348989,0.123252,-91.269394,53.282696,328.411469,-3138.345703,1672.525024,21637.878906,-0.077350,-0.991064,-0.108668,0.100000,0.020000,1,0.327413
25.351593,20.027361,2.032496,204.691772,-94.825287,418.245056,-1500.089233,-5130.132812,12449.041016,-0.198497,-0.764648,0.613117,0.100000,0.020000,1,0.638302
24.352972,21.012405,-0.862763,67.141998,13.186302,-132.796783,5071.513184,1739.037231,-10430.550781,-0.129806,-0.873322,-0.469532,0.100000,0.020000,1,0.188794
24.800236,22.036470,1.650535,143.008789,366.083008,460.109131,19711.492188,22121.662109,20809.380859,0.039939,-0.999130,0.011996,0.100000,0.020000,1,0.899472
24.010941,21.093987,-0.668041,-32.449684,29.330383,43.308655,-2840.870850,2617.901367,2156.756104,-0.169711,-0.724694,-0.667845,0.100000,0.020000,1,0.841782
25.820807,20.497511,0.033297,482.097229,-71.764816,170.913025,22865.238281,-7053.033203,6851.779297,-0.088298,-0.816210,-0.570968,0.100000,0.020000,1,0.255915
23.976858,21.054018,-0.153349,-63.096725,-84.395065,-61.791809,-4901.753418,-3886.337891,-5792.827637,-0.022640,-0.925765,0.377421,0.100000,0.020000,1,0.100568
24.117552,21.589067,-0.727562,-61.133301,199.351685,-89.455688,-4184.787109,16303.845703,-7529.920898,-0.015963,-0.937028,-0.348889,0.100000,0.020000,1,0.212425
23.209949,21.263838,1.023209,-253.175980,147.016098,329.494537,-5849.877441,3167.912354,5392.427246,0.057443,-0.990180,0.127453,0.100000,0.020000,1,0.857335
24.373741,20.591927,-0.002404,84.507767,-47.906528,-544.067505,5755.847656,-3533.718506,-34093.914062,0.067954,-0.993324,-0.093219,0.100000,0.020000,1,0.091208
24.204075,21.102129,0.209350,182.539993,-114.522110,-129.503418,11545.030273,-6848.356934,-9749.004883,-0.247060,-0.627212,0.738625,0.100000,0.020000,1,0.120463
24.186455,20.717051,0.460092,327.923035,-188.190430,-138.115448,20523.736328,-11936.617188,-8365.257812,-0.007796,-0.880804,0.473417,0.100000,0.020000,1,0.903280
22.799475,21.504709,-0.427535,-481.097443,278.937500,136.251205,-14745.396484,8402.098633,11265.052734,0.001204,-0.887073,-0.461628,0.100000,0.020000,1,0.778006
24.231937,20.764679,-0.183311,3.484557,-107.721970,11.579485,203.501358,-6232.093262,648.086609,0.076059,-0.975587,-0.206019,0.100000,0.020000,1,0.559934
22.468809,22.911751,-1.053459,-558.891907,553.536011,-129.133713,-18040.074219,16964.857422,-4133.817383,-0.315770,-0.539465,-0.780556,0.100000,0.020000,1,0.810677
23.465258,21.155783,1.014911,-195.673355,99.586212,106.209412,-11407.849609,8368.543945,6998.516602,-0.061460,-0.795044,0.603430,0.100000,0.020000,1,0.670759
24.565882,20.652531,0.301695,39.770927,-155.623108,122.546997,3787.241455,-9697.519531,8180.212402,0.104947,-0.963572,0.245999,0.100000,0.020000,1,0.371953
24.911850,20.315811,-1.145712,153.222427,-77.989960,-225.844543,7854.585938,-4224.472168,-6418.580078,0.118737,-0.939579,-0.321082,0.100000,0.020000,1,0.743343
24.062988,20.903097,0.727664,64.937691,-28.136269,-100.782623,3322.873291,-1869.541626,-5730.209961,-0.133559,-0.673966,0.726589,0.100000,0.020000,1,0.887034
24.476019,20.835951,-0.627386,-163.985107,-3.471975,72.841034,-9484.179688,-234.308105,4187.200195,-0.049557,-0.743613,-0.666771,0.100000,0.020000,1,0.732969
24.533781,20.512590,0.138846,-45.315002,-21.555611,856.312744,-1935.191895,-1865.844604,53376.304688,0.147974,-0.913722,0.378438,0.100000,0.020000,1,0.265968
23.991089,20.834818,1.073355,531.050964,-299.944855,61.151001,32231.802734,-18585.330078,6393.376953,0.046632,-0.807074,0.588606,0.100000,0.020000,1,0.429002
26.337492,20.832369,2.207454,690.432373,-158.642548,531.510193,24027.179688,-6433.708984,12882.097656,0.060566,-0.813762,-0.578034,0.100000,0.020000,1,0.424091
24.508614,20.514055,0.226538,-92.333794,54.126354,-126.606216,-5417.288086,2939.901367,-7183.124512,0.254577,-0.966566,0.030668,0.100000,0.020000,1,0.485909
24.920830,20.634340,0.935431,156.754486,-8.777967,97.257751,12301.102539,-639.930176,8495.440430,0.163971,-0.868284,0.468184,0.100000,0.020000,1,0.800018
24.451651,20.621639,-0.480038,-115.037186,-62.024857,137.850800,-6826.966309,-4006.025391,8175.623047,0.175329,-0.877485,-0.446407,0.100000,0.020000,1,0.968390
24.409887,20.725531,0.141456,30.939857,-80.599899,28.131332,2141.391357,-4428.901855,1579.292725,0.248687,-0.939023,0.237466,0.100000,0.020000,1,0.249260
24.378075,20.926195,0.047870,-25.573711,-17.744541,80.178787,-1559.287842,461.739197,5607.360840,0.263987,-0.958855,-0.104444,0.100000,0.020000,1,0.129218
27.434639,18.824713,-2.356014,883.030273,-509.135712,-580.125305,68404.242188,-39649.699219,-46901.042969,0.268951,-0.954884,0.125942,0.100000,0.020000,1,0.150126
25.505430,20.466345,0.476091,72.002075,-269.922302,-12.533798,-3744.525391,-15198.654297,-5678.088379,0.267410,-0.940845,-0.208093,0.100000,0.020000,1,0.357041
26.289354,24.452818,-1.502064,515.976562,1120.650635,-553.037842,28687.710938,65062.000000,-21534.701172,0.297374,-0.878037,0.374992,0.100000,0.020000,1,0.323409
23.460947,21.449442,0.746757,-250.461548,232.936646,221.484680,-19848.701172,18357.421875,18266.675781,0.305185,-0.885040,-0.351519,0.100000,0.020000,1,0.784128
24.558311,20.704166,0.687115,21.218727,15.416577,-2.071580,2325.891846,315.542816,315.159637,-0.013215,-0.681841,0.731381,0.100000,0.020000,1,0.797652
25.107054,22.025936,0.295540,136.881180,384.099243,32.348534,11279.513672,30586.925781,3164.328613,0.402342,-0.914860,0.033947,0.100000,0.020000,1,0.402079
24.500170,20.728615,0.344647,-121.443527,101.031654,-2.450912,-7505.394043,6935.661621,2731.100098,0.323961,-0.839673,-0.435888,0.100000,0.020000,1,0.009176
24.580891,21.160908,-1.101923,74.154251,101.024261,-245.453568,4364.229492,1789.596191,-6526.087891,0.430642,-0.897253,-0.097393,0.100000,0.020000,1,0.275186
24.266273,20.657711,-0.218516,167.300369,-115.859879,624.465576,9570.467773,-6688.391113,38085.890625,0.429608,-0.894189,0.125948,0.100000,0.020000,1,0.467901
23.508772,21.266598,-0.016347,-196.146179,154.877136,78.268013,-16560.835938,10672.866211,4625.404785,0.206198,-0.782726,-0.587216,0.100000,0.020000,1,0.002200
24.503002,20.517296,0.039291,80.213440,-43.208607,465.933960,4471.331055,-4509.676758,28116.818359,0.310807,-0.812402,0.493358,0.100000,0.020000,1,0.838028
25.819767,20.372355,-0.173477,342.156799,-30.694229,52.817894,24578.443359,-6259.195312,2358.390137,0.428850,-0.874795,-0.225437,0.100000,0.020000,1,0.339531
25.041197,20.219425,0.669256,125.894272,-71.485840,279.826874,10127.133789,-5790.429688,19619.746094,0.432853,-0.865156,0.253266,0.100000,0.020000,1,0.398004
25.188917,21.835222,-0.824599,245.667740,312.206482,-64.216568,7273.788574,9599.560547,-1642.028564,0.120039,-0.709177,-0.694737,0.100000,0.020000,1,0.045192
24.184725,20.954828,0.552756,-77.823273,60.870819,-132.737686,-5962.630371,4903.341309,-8119.333008,0.219224,-0.754679,0.618385,0.100000,0.020000,1,0.721793
23.644035,21.013222,0.748226,-159.056900,93.048279,142.404968,-9491.803711,5214.617188,-601.433167,0.421245,-0.836812,0.349711,0.100000,0.020000,1,0.790783
25.601791,20.122677,2.289220,304.087952,-155.584595,741.773621,9874.663086,-1642.542480,28888.271484,0.427732,-0.836138,-0.343392,0.100000,0.020000,1,0.132438
24.315063,21.040058,0.556458,-9.230000,31.469910,-2.611748,-942.156311,2991.775635,-231.052048,0.110928,-0.683828,0.721161,0.100000,0.020000,1,0.242818
24.679600,20.490273,-0.029181,-97.046814,52.739784,-13.812279,-5374.448730,3747.640625,-1437.744385,0.544619,-0.832310,-0.103204,0.100000,0.020000,1,0.509985
24.634977,22.215612,1.858879,167.029846,352.711029,641.834656,8790.145508,8016.536133,21056.503906,0.554637,-0.831945,0.015661,0.100000,0.020000,1,0.124235
25.573256,19.987339,0.035628,237.188416,-110.288223,14.129669,14453.637695,-7663.062500,9045.964844,0.569488,-0.813659,0.116803,0.100000,0.020000,1,0.240024
24.284315,21.001883,-0.616599,-10.161299,-15.727919,-23.973282,-695.869690,-841.220947,-1459.736328,-0.115721,-0.597984,-0.793110,0.100000,0.020000,1,0.052950
25.830853,19.769407,-0.006831,331.248230,-185.565430,113.551743,26125.062500,-15111.731445,8680.587891,0.452054,-0.761276,-0.464872,0.100000,0.020000,1,0.612268
25.850397,22.012341,0.839998,451.942871,413.329681,216.641724,16463.068359,12403.938477,6801.083008,0.568174,-0.787890,0.237502,0.100000,0.020000,1,0.884809
25.162771,20.853754,-1.243498,142.552368,16.575672,-180.305573,11864.153320,1510.460693,-14276.229492,0.228139,-0.682944,-0.693931,0.100000,0.020000,1,0.695476
24.626999,20.731884,-0.587658,-69.195023,-130.269775,190.560455,-4033.583008,-7863.545410,11497.068359,0.369696,-0.725637,-0.580324,0.100000,0.020000,1,0.059641
25.520693,19.929731,2.474575,258.649719,-133.798065,570.873779,29425.054688,-14259.159180,41805.722656,0.472946,-0.744437,0.471313,0.100000,0.020000,1,0.305401
24.449440,20.868805,-0.087893,-207.398941,165.913406,118.673706,-14008.935547,12003.358398,7802.463379,0.597292,-0.775451,-0.204742,0.100000,0.020000,1,0.358109
25.211670,20.434584,0.093367,167.773315,-95.927063,-93.070557,13321.965820,-6978.032227,-7472.248535,0.373245,-0.708117,0.599382,0.100000,0.020000,1,0.189167
24.574577,20.543325,-0.470241,12.378034,-4.336217,553.817139,382.706085,-232.199173,34118.210938,0.575034,-0.744351,-0.339525,0.100000,0.020000,1,0.741083
24.372171,20.592831,0.208937,-255.580627,149.462875,54.095226,-18030.507812,8860.797852,3047.001465,0.584992,-0.716423,0.380161,0.100000,0.020000,1,0.515715
24.589396,20.775774,-0.565513,-90.738251,18.869003,186.069977,-5918.405273,1783.482300,11294.437500,0.465306,-0.671422,-0.576786,0.100000,0.020000,1,0.111530
24.496172,21.730358,0.689755,104.763458,261.333252,106.527130,9777.863281,12267.708984,1548.342163,0.685987,-0.683349,0.249912,0.100000,0.020000,1,0.446263
24.259495,20.891668,0.056664,-170.363495,-102.143250,-326.611450,-12905.886719,-4871.204590,-19621.083984,0.692174,-0.684574,-0.228591,0.100000,0.020000,1,0.731403
26.730877,19.349039,-0.279132,479.468018,-276.650208,-101.701385,38409.035156,-22273.941406,-8002.948730,0.709953,-0.692933,0.125743,0.100000,0.020000,1,0.812581
25.815489,22.015181,-0.335203,299.925415,451.584564,-67.712700,9805.116211,13386.591797,-2233.731934,0.719731,-0.687737,-0.094897,0.100000,0.020000,1,0.816656
23.847195,20.895927,0.287059,-68.213463,119.589691,-67.772972,-11802.411133,-9803.027344,-1928.363647,0.255807,-0.635585,0.728419,0.100000,0.020000,1,0.289155
22.901669,21.557095,1.121575,-348.097534,212.447693,331.319336,-28969.412109,16920.046875,27896.115234,0.344915,-0.633804,-0.692334,0.100000,0.020000,1,0.259705
24.786272,22.200401,2.067079,2.218674,534.417419,504.221497,-510.383423,17912.316406,16311.411133,0.462324,-0.646561,0.606808,0.100000,0.020000,1,0.681525
24.582279,20.546795,-0.330798,119.834381,-65.616707,-74.652878,6936.725098,-4274.893066,-4573.121094,0.602588,-0.653010,-0.458765,0.100000,0.020000,1,0.669709
24.934902,20.865543,-0.323459,-187.629883,36.901253,34.675682,-11258.497070,3873.670898,831.683044,0.726145,-0.687539,0.001615,0.100000,0.020000,1,0.173348
24.557688,20.502203,0.504851,129.224686,-69.614388,-157.211716,7405.647949,-4762.153320,-9419.904297,0.598837,-0.637793,0.484370,0.100000,0.020000,1,0.897390
24.801691,20.714306,-0.259716,-8.801134,-72.535439,-19.859806,-557.626099,-3844.722900,-1297.344360,0.701235,-0.640023,-0.314071,0.100000,0.020000,1,0.618389
24.944105,20.640640,-1.302791,110.723557,-51.810127,-439.125366,7548.382812,-2932.041504,-34416.113281,0.693437,-0.613337,0.378103,0.100000,0.020000,1,0.406901
24.683136,21.247005,-0.583750,62.518967,96.432945,-8.569502,1991.740845,3088.457764,-97.931641,0.119425,-0.606078,-0.786389,0.100000,0.020000,1,0.688500
24.372988,20.814823,0.206718,53.919159,-4.206384,-59.110901,2435.386719,57.097439,-5261.803223,0.357673,-0.592214,0.722047,0.100000,0.020000,1,0.878368
24.814007,21.184872,-0.709368,35.930016,79.982285,-40.702629,2862.795654,7105.929688,-3316.579102,0.457444,-0.586373,-0.668515,0.100000,0.020000,1,0.896109
24.719831,20.432463,-0.580994,-212.055618,134.658783,239.230316,-13582.387695,7681.414062,14507.880859,0.599507,-0.578171,-0.553452,0.100000,0.020000,1,0.105124
24.773684,20.367554,0.011729,-7.642757,6.393288,-414.543304,-1063.277710,-266.640350,-25816.332031,0.818112,-0.567855,-0.090746,0.100000,0.020000,1,0.962625
24.976627,20.788914,0.135775,-108.969727,-212.087128,-33.547256,-6649.852051,-12296.666992,-1663.240723,0.827221,-0.560841,0.034107,0.100000,0.020000,1,0.632394
24.752863,20.655674,-0.420561,55.686630,-95.240768,-64.278839,3089.438477,-5736.834961,-4382.350586,0.714572,-0.550279,-0.431948,0.100000,0.020000,1,0.270026
24.917585,20.386665,0.170100,-246.527863,132.934021,-90.867157,-15630.768555,7751.940430,-5471.973145,0.830652,-0.540216,0.134851,0.100000,0.020000,1,0.581929
24.753920,20.524714,-0.716457,25.499741,2.534985,-36.940247,2539.555176,-996.846924,-2752.075928,0.237649,-0.584174,-0.776057,0.100000,0.020000,1,0.593566
26.958780,20.369297,2.939936,567.485779,-144.667130,683.625977,44923.382812,-10323.151367,53463.417969,0.593072,-0.542386,0.595050,0.100000,0.020000,1,0.453648
25.025280,21.372154,0.320823,35.072578,132.728363,-22.354156,2907.186279,11565.753906,-1643.632812,0.704619,-0.527673,0.474419,0.100000,0.020000,1,0.663961
25.143757,20.228645,0.557893,110.389709,-43.901245,168.133209,8800.783203,-4625.644531,11929.696289,0.824543,-0.519167,-0.224933,0.100000,0.020000,1,0.309512
24.992353,21.298906,-0.570652,173.205017,144.042221,129.830994,7422.870117,2515.719727,11338.803711,0.817516,-0.513264,0.261205,0.100000,0.020000,1,0.512031
24.669779,20.823868,0.576442,-49.632339,54.027588,4.315493,-3253.019287,3872.644531,377.478607,0.468420,-0.545875,0.694696,0.100000,0.020000,1,0.581092
24.994104,20.693333,-1.403875,160.819336,-10.798481,-441.594543,4873.707031,-795.584717,-14522.326172,0.669814,-0.493584,-0.554729,0.100000,0.020000,1,0.569721
24.885323,20.695631,0.327706,25.067078,-0.503033,-35.893784,1297.966431,378.865326,-2092.853516,0.806119,-0.469004,0.360844,0.100000,0.020000,1,0.029426
24.677847,20.416348,-0.343758,166.284164,-93.112000,80.339241,8736.072266,-7930.941406,4799.679688,0.816905,-0.472017,-0.331460,0.100000,0.020000,1,0.204826
24.825527,20.738760,-0.242869,-401.967468,91.100998,177.712067,-26239.482422,6436.855957,10130.684570,0.901683,-0.431857,0.021620,0.100000,0.020000,1,0.545788
24.699429,20.582340,0.535165,55.017601,-13.886463,-18.327147,2769.456299,-1256.571289,-875.965149,0.664926,-0.458424,0.589679,0.100000,0.020000,1,0.314299
25.041151,20.920601,0.119208,2.918740,28.068489,-2.086218,145.319626,3146.260742,-74.486603,0.906003,-0.401843,0.132969,0.100000,0.020000,1,0.040974
25.127411,20.686935,-0.067561,-129.201050,-7.890454,-31.152149,-7871.488281,-105.548454,-1921.426147,0.913904,-0.393753,-0.098681,0.100000,0.020000,1,0.568494
24.985605,20.523882,0.230506,129.538574,-75.761429,89.817200,8269.726562,-5256.425781,8130.754883,0.785947,-0.422145,-0.451753,0.100000,0.020000,1,0.147332
24.581755,20.664688,-0.834476,14.185720,13.478004,-40.018227,3.764470,612.819092,-3732.251709,0.557221,-0.465232,-0.687796,0.100000,0.020000,1,0.086493
25.682484,20.466736,0.536642,182.177917,-85.143127,32.164162,14469.526367,-6192.014160,2629.224854,0.775450,-0.391216,0.495609,0.100000,0.020000,1,0.380565
25.152561,20.789539,-0.351002,-197.449158,-385.741577,522.221802,-12138.008789,-23633.191406,32195.279297,0.909889,-0.357307,-0.210795,0.100000,0.020000,1,0.167387
25.595644,20.961010,0.143313,86.215240,108.436905,202.172028,7617.256348,8252.170898,12576.236328,0.905908,-0.351362,0.236380,0.100000,0.020000,1,0.719071
24.236944,20.790079,0.376217,-243.391296,155.825439,498.263733,-17756.031250,10084.550781,30719.398438,0.564755,-0.445601,0.694615,0.100000,0.020000,1,0.367095
25.344002,20.434406,0.397707,100.863815,-22.100952,41.931068,7558.561035,-2290.780273,3134.165527,0.871411,-0.339418,0.354172,0.100000,0.020000,1,0.469040
25.062048,20.857740,-0.269465,525.451660,-184.185791,369.538300,33103.046875,-10759.065430,23276.906250,0.888525,-0.323990,-0.324892,0.100000,0.020000,1,0.256715
25.170429,20.848291,0.092228,-19.645546,-26.573908,-14.939981,-1188.667236,-896.879089,-968.055420,0.959678,-0.252387,0.123766,0.100000,0.020000,1,0.380957
25.265131,20.703804,0.110760,-65.383873,84.219528,-110.488647,-3733.174805,5483.529785,-6535.166992,0.970577,-0.240685,0.007207,0.100000,0.020000,1,0.694532
25.547615,21.938383,-0.145780,124.372192,336.601288,37.957825,10912.926758,2385.353516,7560.396484,0.848634,-0.274000,-0.452487,0.100000,0.020000,1,0.888920
25.224504,20.774590,-0.115318,-29.085308,57.916321,-25.760971,-1651.778320,4057.502441,-1727.860474,0.968968,-0.219008,-0.114614,0.100000,0.020000,1,0.919580
24.488598,20.898708,1.002332,-40.955002,33.664444,87.885529,-4235.142090,2726.704834,7433.578613,0.619391,-0.366480,0.694296,0.100000,0.020000,1,0.684870
25.471769,20.703934,-0.195532,178.544250,-18.314697,-220.860413,6064.382812,-687.049866,-5124.066895,0.733594,-0.307758,0.605909,0.100000,0.020000,1,0.770568
25.270103,21.102629,0.207866,27.799324,35.500275,3.099853,2173.469971,3949.290283,264.383484,0.947078,-0.211799,0.241213,0.100000,0.020000,1,0.036846
23.785151,20.931749,-0.154098,-275.252075,209.116074,9.328350,-12349.064453,-3864.334229,2120.593506,0.953471,-0.197039,-0.228185,0.100000,0.020000,1,0.529577
25.012630,20.669243,0.274004,24.698418,-124.267120,217.740326,1657.374878,-8089.661133,16848.402344,0.743367,-0.313542,-0.590844,0.100000,0.020000,1,0.050975
24.677980,20.884575,-0.003474,226.691864,-287.290985,-291.491089,12586.610352,-17476.337891,-20009.335938,0.843512,-0.238685,0.481162,0.100000,0.020000,1,0.138809
24.342228,20.750891,0.186319,816.000916,-428.459625,-164.047836,48061.871094,-26909.007812,-8488.000977,0.925310,-0.190074,-0.328136,0.100000,0.020000,1,0.142350
25.689203,19.832441,-1.610283,329.308990,-77.272346,-222.008408,3290.333008,-22256.890625,-12258.686523,0.629879,-0.345288,-0.695721,0.100000,0.020000,1,0.082863
24.985090,20.904865,-0.611191,-58.328262,-31.427380,-70.056015,-4095.528564,-1412.437988,-5136.298828,0.806889,-0.202860,-0.554778,0.100000,0.020000,1,0.986577
24.975143,20.513212,-0.007866,-18.808098,30.859137,137.828934,-2082.412598,926.953064,7433.873535,0.918507,-0.134477,0.371834,0.100000,0.020000,1,0.784039
25.402557,20.522242,-0.168362,46.452988,-104.712265,-32.098610,3530.473877,-7566.660645,-2433.890625,0.992107,-0.088147,-0.089187,0.100000,0.020000,1,0.192940
25.196541,21.081200,0.174134,220.651276,-735.687195,-269.266510,13642.430664,-45064.988281,-16353.253906,0.996261,-0.082537,0.025524,0.100000,0.020000,1,0.181338
24.530005,21.369061,-0.594645,54.974884,69.590378,-25.512196,-2121.232422,4245.786133,575.022949,0.883711,-0.129402,-0.449789,0.100000,0.020000,1,0.644387
25.302660,20.964975,0.125375,-166.360413,-39.787392,49.483719,-10357.302734,-1695.400146,3159.791260,0.987104,-0.063302,0.147029,0.100000,0.020000,1,0.690404
25.195503,20.897455,0.375461,-24.985985,19.079666,-5.395343,-1511.196289,1634.842896,-298.960999,0.881344,-0.105346,0.460581,0.100000,0.020000,1,0.318089
24.722912,20.775032,0.268113,329.560913,-178.463043,-341.271057,18538.091797,-11329.860352,-21241.230469,0.967853,-0.045438,0.247376,0.100000,0.020000,1,0.171711
24.622412,20.959227,-0.556612,31.802193,-78.711456,-80.348679,1601.547974,-4302.063965,-4782.027832,0.424210,-0.444912,-0.788733,0.100000,0.020000,1,0.201357
24.976154,20.792896,-0.570665,-25.293373,14.835787,14.460230,-1709.944458,889.296387,771.285767,0.700323,-0.227958,-0.676448,0.100000,0.020000,1,0.550236
25.662334,20.682802,-1.157554,224.505051,-103.039948,-465.461517,-5038.341797,8483.421875,-27607.203125,0.785913,-0.160801,0.597063,0.100000,0.020000,1,0.548244
25.155832,21.041037,-0.118295,-31.345619,-284.924622,-39.684608,-2489.431152,-16965.388672,-2285.975098,0.976165,-0.028990,-0.215086,0.100000,0.020000,1,0.116014
25.762735,20.725471,0.013394,123.444366,-60.214462,58.143051,9892.917969,-4166.687012,4793.250977,0.946420,-0.026903,-0.321816,0.100000,0.020000,1,0.194239
26.182497,21.025639,0.100634,288.059753,92.181885,-39.318016,8492.737305,4496.683594,-497.528198,0.937653,-0.010316,0.347421,0.100000,0.020000,1,0.121245
25.011421,21.574518,0.653019,21.936840,162.501862,10.827957,1440.990112,13380.292969,1075.035156,0.677817,-0.209314,0.704806,0.100000,0.020000,1,0.880806
25.007019,20.883080,-0.722621,8.354333,-10.751738,-27.356956,242.588409,-511.612427,-2569.063232,0.741911,-0.135779,-0.656606,0.100000,0.020000,1,0.136673
24.571865,21.043966,-0.215700,-110.864838,-4.734579,45.301445,-9475.569336,499.588867,3832.652100,0.822800,-0.058985,-0.565262,0.100000,0.020000,1,0.254384
25.349516,20.709332,-0.452820,36.479546,-68.520782,-64.728333,2628.907959,-5710.427734,-7016.400391,0.985821,0.101904,0.133315,0.100000,0.020000,1,0.703430
24.082809,20.888607,0.339466,-155.139679,128.574158,624.922729,-15111.577148,8173.393555,40819.761719,0.994319,0.105594,0.013401,0.100000,0.020000,1,0.626504
25.247284,21.004351,0.611232,16.923611,-49.039711,-2.986917,1451.224121,-2531.033691,389.614105,0.801529,-0.049688,0.595887,0.100000,0.020000,1,0.694212
25.545137,21.472391,1.094388,53.519905,101.684296,192.924988,4605.117188,8878.278320,15212.457031,0.885130,0.036415,0.463917,0.100000,0.020000,1,0.098540
24.469940,20.536383,-0.353291,310.855652,-178.911285,-207.004303,16166.841797,-13009.722656,-13129.462891,0.900836,0.051489,-0.431095,0.100000,0.020000,1,0.131193
25.908407,19.942776,0.153187,287.269806,-121.029617,4.976166,8875.969727,-4583.139160,6662.026367,0.985515,0.134081,-0.103842,0.100000,0.020000,1,0.809912
25.577929,21.100464,-0.244573,-29.102165,174.285461,-190.829590,-902.075745,11777.781250,-12312.834961,0.963110,0.143713,-0.227519,0.100000,0.020000,1,0.738538
25.388699,20.629009,-0.111411,71.151062,-25.935417,-75.786926,4652.028809,-2847.883789,-6095.119141,0.956026,0.144794,0.255045,0.100000,0.020000,1,0.675172
25.344553,21.087557,-0.248493,-71.890152,-26.093201,78.974487,-4511.953125,-996.457214,5018.211914,0.934560,0.148868,-0.323166,0.100000,0.020000,1,0.381847
24.871550,20.304514,-2.219386,49.048004,21.647820,-697.916992,718.101562,-2730.953125,-30542.824219,0.913661,0.157280,0.374815,0.100000,0.020000,1,0.591395
25.484921,20.665655,0.642184,45.440140,-143.569794,160.647278,3183.755859,-10428.521484,13183.066406,0.959001,0.261881,-0.108325,0.100000,0.020000,1,0.274510
25.161924,21.072166,-0.861038,70.590912,4.742615,-50.078751,5612.133789,1249.769043,-4154.289551,0.553664,-0.276508,-0.785493,0.100000,0.020000,1,0.978177
26.390711,20.626928,-1.251636,286.128174,-195.127914,-417.645294,13795.617188,-3108.627686,-15349.104492,0.932026,0.273646,0.237583,0.100000,0.020000,1,0.829468
26.140265,20.826494,-0.403746,200.782104,-95.803528,-109.787933,15704.118164,-6842.682617,-9089.184570,0.946385,0.289989,0.142344,0.100000,0.020000,1,0.040636
24.354021,21.683260,-0.433541,-288.804016,13.915955,-216.251740,-10985.712891,-1252.329102,-6140.467773,0.692555,-0.089359,0.715809,0.100000,0.020000,1,0.018446
24.555534,21.596313,0.300027,-749.049316,165.536438,491.632874,-50131.355469,13054.842773,30354.357422,0.804867,0.113627,0.582476,0.100000,0.020000,1,0.712789
25.403824,21.248266,-2.290516,57.336155,25.654987,-541.607971,3273.016357,-1312.824951,-16227.333008,0.810999,0.120746,-0.572452,0.100000,0.020000,1,0.292393
26.058657,20.986174,1.098035,256.007019,-54.506157,169.888214,19253.613281,-3497.013672,13779.797852,0.863885,0.200538,0.462047,0.100000,0.020000,1,0.396883
24.963728,21.571959,-0.524933,165.285767,75.792892,40.297607,8914.918945,7186.500488,1808.499023,0.874492,0.204525,-0.439809,0.100000,0.020000,1,0.122011
25.355925,21.319279,-0.138931,-64.607018,-168.038666,-58.532967,-4287.315918,-9400.625977,-3516.418457,0.927121,0.296804,-0.228811,0.100000,0.020000,1,0.629725
24.804106,21.063816,0.599415,68.360435,33.253517,-63.216553,2973.034668,2595.738525,-3804.222412,0.714896,0.002006,0.699228,0.100000,0.020000,1,0.330669
25.315559,21.350521,-0.534525,-363.980804,-263.382233,171.476624,-22281.318359,-14972.560547,10849.684570,0.731295,0.030323,-0.681387,0.100000,0.020000,1,0.219098
25.817768,21.632135,-0.379631,105.172302,63.093628,-106.310440,8244.119141,6434.639648,-8331.276367,0.943250,0.331920,0.010380,0.100000,0.020000,1,0.221269
25.383366,21.135052,-0.416632,-113.345520,179.473267,194.413574,-7181.961426,11611.225586,11659.510742,0.883792,0.320938,-0.340456,0.100000,0.020000,1,0.405976
25.349482,21.276993,0.265277,55.247208,-65.384201,35.236443,3337.148193,-3322.715576,2103.512451,0.866490,0.334378,0.370656,0.100000,0.020000,1,0.618300
23.768450,21.403843,0.632716,106.657944,21.977097,354.433777,5186.964844,-2177.264648,26014.402344,0.593704,-0.178477,-0.784641,0.100000,0.020000,1,0.769732
25.316319,21.167854,-0.526583,-82.090820,28.623436,73.127747,-5110.221191,2245.224854,4236.908691,0.797816,0.248559,-0.549280,0.100000,0.020000,1,0.341506
25.431683,22.106205,-0.250493,38.692001,189.156448,-7.895061,581.378296,8630.799805,-1261.880249,0.879200,0.429738,-0.205748,0.100000,0.020000,1,0.246697
25.896688,21.848063,1.182605,122.385529,113.779785,324.134155,9567.802734,10125.045898,25681.531250,0.891327,0.445434,-0.084403,0.100000,0.020000,1,0.484326
24.180243,21.833654,-0.223809,-321.293274,125.815933,-50.015686,-25627.609375,10796.710938,-4132.071777,0.890373,0.455073,0.011989,0.100000,0.020000,1,0.539044
25.320686,21.397900,-0.237641,140.854675,-525.994690,-100.675934,8675.122070,-32049.277344,-5909.896484,0.825313,0.361739,-0.433593,0.100000,0.020000,1,0.617144
26.179964,21.379425,0.008199,258.654755,-3.511604,-76.265686,19428.435547,689.067017,-5578.395996,0.860276,0.449356,0.240843,0.100000,0.020000,1,0.975437
25.334993,21.130178,0.219687,-418.289185,196.399017,165.915619,-26910.757812,12253.134766,10998.541016,0.876561,0.466531,0.118274,0.100000,0.020000,1,0.909615
25.192112,21.285824,-0.634524,-55.973068,-119.243515,97.610870,-3524.972168,-6458.121094,5784.707031,0.715034,0.134530,-0.686024,0.100000,0.020000,1,0.345635
24.187368,21.795311,0.450190,-243.470306,124.030945,-0.401895,-19942.683594,10782.997070,-110.574303,0.761812,0.260793,0.592984,0.100000,0.020000,1,0.471033
24.100698,20.749565,0.323539,-36.129391,67.319786,237.462646,-2462.423340,-6139.008301,17508.738281,0.700823,0.133422,0.700747,0.100000,0.020000,1,0.950418
25.307964,21.406532,0.345813,111.299957,-63.745033,-42.405472,6830.780762,-2950.964844,-2854.100586,0.787123,0.375574,0.489267,0.100000,0.020000,1,0.590043
24.957500,20.716433,0.660864,-20.330589,39.879074,-407.499573,-3187.689941,555.565430,-24127.498047,0.817945,0.454997,0.352057,0.100000,0.020000,1,0.672965
25.375795,21.336233,-0.168253,-47.649620,-541.446411,-122.757393,-3180.071289,-33555.910156,-7323.351562,0.820303,0.459725,-0.340229,0.100000,0.020000,1,0.995189
25.410921,21.456896,0.014752,-100.279831,-47.826149,41.863274,-6583.540039,-2172.776611,2661.496826,0.824078,0.566330,0.012844,0.100000,0.020000,1,0.892906
25.622519,21.617355,0.758026,105.891098,64.346977,57.838104,5964.024414,2821.905273,5043.611816,0.722796,0.363996,0.587428,0.100000,0.020000,1,0.101885
25.052277,20.617468,-0.526519,-67.862579,59.606098,25.728554,-5430.431641,1399.462769,1269.582275,0.734984,0.387291,-0.556601,0.100000,0.020000,1,0.941823
25.015676,20.963058,-0.486364,254.960541,9.632919,387.096252,14552.911133,-526.588196,23889.708984,0.752945,0.481295,-0.448808,0.100000,0.020000,1,0.937695
25.349064,21.398170,-0.170522,-154.541473,-75.421631,-182.916870,-10195.321289,-4306.711426,-11559.133789,0.780872,0.588023,-0.210871,0.100000,0.020000,1,0.711295
25.442825,21.374790,0.283325,-363.476135,241.592468,3.872084,-23032.703125,15594.540039,952.949036,0.788544,0.598033,0.143369,0.100000,0.020000,1,0.249598
24.905001,22.052116,-0.129829,-69.246994,303.772156,-204.230988,-1506.480591,13903.039062,-10952.636719,0.790034,0.607624,-0.081485,0.100000,0.020000,1,0.500127
24.605433,20.938408,-0.267583,104.362686,-18.579823,114.362823,3985.088379,-1934.520752,8368.623047,0.684563,0.252186,-0.683942,0.100000,0.020000,1,0.366988
25.424118,22.205158,1.017837,353.973480,331.182709,339.744293,20489.072266,13618.762695,14946.908203,0.737389,0.488116,0.466905,0.100000,0.020000,1,0.057417
25.016296,21.460724,1.081216,-19.522591,27.066429,109.561432,-2087.302979,3109.286865,9129.738281,0.673795,0.251486,0.694806,0.100000,0.020000,1,0.852708
25.172543,21.424454,-0.675881,62.253098,89.185287,-126.249634,2866.944580,6086.073242,-9695.666016,0.734396,0.592527,-0.331020,0.100000,0.020000,1,0.035974
24.613918,20.453259,0.698762,27.217934,58.013870,36.965256,-7283.107422,-10769.236328,2927.549316,0.710766,0.604104,0.360376,0.100000,0.020000,1,0.406225
23.960243,21.166342,-0.880506,-370.686707,-48.608017,-127.289490,-13803.955078,-5886.872070,-8891.207031,0.674616,0.487823,-0.554005,0.100000,0.020000,1,0.702842
25.052694,21.628639,0.025303,-37.319946,-6.620192,11.523151,-4049.767090,418.621857,1127.856567,0.680313,0.727512,-0.088883,0.100000,0.020000,1,0.970277
25.246040,21.201393,-0.498017,-279.374359,-332.790436,-353.424011,-17705.570312,-21146.681641,-22174.470703,0.633249,0.390965,-0.667939,0.100000,0.020000,1,0.698643
24.977898,21.411352,0.428674,-3.237499,40.829201,44.590408,-1633.165161,3048.775635,2665.240479,0.641553,0.495923,0.585209,0.100000,0.020000,1,0.264509
25.456673,22.839096,2.080798,87.103439,334.370026,499.633820,1621.800049,16261.904297,21396.050781,0.648225,0.597333,0.472226,0.100000,0.020000,1,0.067666
26.887476,20.618019,-0.200458,443.379333,-293.512451,14.101147,34253.210938,-21688.148438,1493.369873,0.651592,0.621790,-0.434517,0.100000,0.020000,1,0.357877
24.715952,21.267797,0.310879,-9.861557,36.805641,-5.352644,-3698.821533,1620.437378,501.922394,0.668811,0.730415,0.138515,0.100000,0.020000,1,0.251519
25.188759,21.633869,-0.132021,45.898384,-47.629456,-96.683472,1848.101807,-2221.767578,-5958.121582,0.649082,0.731168,-0.209967,0.100000,0.020000,1,0.400139
25.104452,21.454582,0.583749,52.565964,-64.267067,19.053547,2695.056396,-3154.376465,1382.703857,0.621107,0.387365,0.681303,0.100000,0.020000,1,0.890717
24.891037,21.490461,0.705018,-539.838379,36.457924,-210.280487,-36355.296875,2755.941895,-11235.916016,0.694338,0.665395,0.274123,0.100000,0.020000,1,0.151941
25.524809,21.833845,0.105225,69.354370,40.999584,-32.149837,2595.614258,2138.679688,-731.141113,0.630136,0.734528,0.251788,0.100000,0.020000,1,0.500251
24.644844,21.450640,-0.352549,-113.965881,52.744362,88.545090,-9231.300781,4830.053711,6689.259766,0.612193,0.151730,-0.776014,0.100000,0.020000,1,0.260381
25.542671,21.448099,-0.324979,69.803802,-54.693916,-11.295330,4951.247070,-3541.761963,-1040.181885,0.604400,0.733538,-0.310844,0.100000,0.020000,1,0.220806
25.341261,21.166351,0.431062,62.422714,-164.560333,101.042664,4618.096680,-5070.248535,10817.833984,0.634314,0.773048,0.006462,0.100000,0.020000,1,0.061082
25.216883,21.388029,0.386090,304.571533,-413.243500,-648.114319,18462.236328,-26472.406250,-40442.214844,0.583188,0.735142,0.345627,0.100000,0.020000,1,0.258548
24.564346,22.443907,-0.950077,-170.354462,141.295624,-326.853088,-14388.913086,12700.685547,-24654.458984,0.574276,0.818506,0.015962,0.100000,0.020000,1,0.930061
25.164999,21.739767,-0.293596,-83.218796,-311.367065,-129.196304,-5929.061523,-18264.183594,-7539.703125,0.566962,0.608263,-0.555491,0.100000,0.020000,1,0.297607
25.906225,22.218410,-0.737861,241.971832,259.790375,-96.869400,17290.777344,19145.482422,-8891.860352,0.546945,0.832065,-0.092297,0.100000,0.020000,1,0.700760
25.143612,21.402617,-0.475342,107.637390,121.671585,65.629471,6249.620605,7928.400879,4324.722168,0.562892,0.505526,-0.653908,0.100000,0.020000,1,0.456886
25.413509,21.574001,0.282245,-230.831604,50.637505,139.019928,-14327.803711,3585.653809,8415.841797,0.540065,0.702181,0.463974,0.100000,0.020000,1,0.100123
25.219763,21.918602,-0.187907,-370.129059,-1.507484,34.945305,-23970.484375,1698.901367,2864.816162,0.543255,0.717777,-0.435511,0.100000,0.020000,1,0.983178
25.140875,21.699251,-0.190673,439.134277,-2.800423,141.621613,26611.847656,361.407928,8817.991211,0.522319,0.828063,-0.203702,0.100000,0.020000,1,0.310757
25.372149,21.812099,0.695091,82.859116,14.386776,154.503998,5062.035156,1877.733887,12212.548828,0.521704,0.842527,0.134065,0.100000,0.020000,1,0.006987
25.382055,21.501797,0.023123,59.859268,167.168671,507.759888,4115.937988,10948.204102,30158.445312,0.542048,0.588811,0.599572,0.100000,0.020000,1,0.164024
23.128807,22.315655,1.793157,-590.670410,65.602478,566.698120,-22889.289062,23836.539062,26707.554688,0.501365,0.806607,-0.313079,0.100000,0.020000,1,0.117544
25.357792,20.457645,-1.284402,114.024612,-176.142334,-193.361908,7988.282715,-14141.483398,-15021.666992,0.580569,0.266962,-0.769202,0.100000,0.020000,1,0.129360
24.988398,20.960070,-0.084622,-10.960381,127.943634,-185.217377,-1761.817017,6438.736816,-14341.915039,0.527384,0.491964,0.692703,0.100000,0.020000,1,0.327555
24.814009,21.797379,0.321805,-179.408752,-39.877167,-23.618835,-13598.494141,-1698.353760,-1285.744873,0.452321,0.822981,0.343667,0.100000,0.020000,1,0.446156
25.178556,21.651167,-0.675009,-193.116959,-56.932816,417.323700,-12535.995117,-2647.933594,25690.656250,0.489383,0.576597,-0.654248,0.100000,0.020000,1,0.353624
25.252771,22.035015,-0.273021,-6.949800,10.414948,119.165604,-944.491577,2160.934326,6651.768066,0.412433,0.907319,-0.081682,0.100000,0.020000,1,0.699906
24.529110,23.013424,0.699609,-55.228233,361.096069,54.414383,-959.712891,14151.009766,-7109.835938,0.412370,0.910506,0.030471,0.100000,0.020000,1,0.824023
25.414034,21.559616,-1.606834,120.579742,-36.033516,-270.769745,8114.225098,-2151.672363,-21964.917969,0.442141,0.704480,-0.555174,0.100000,0.020000,1,0.349496
25.132748,21.057602,-0.348365,-240.323212,-660.347412,103.839714,-15961.275391,-44002.074219,6511.533691,0.408381,0.807287,-0.426042,0.100000,0.020000,1,0.899348
25.114950,20.163988,-0.585119,180.017365,-68.975296,-194.575653,10491.880859,-17525.330078,13918.832031,0.382533,0.899365,-0.211689,0.100000,0.020000,1,0.348766
25.006081,21.538242,0.273342,29.311424,-2.523613,-15.678738,356.979187,-533.818054,-791.489197,0.437665,0.852879,0.284687,0.100000,0.020000,1,0.103344
25.096958,21.710791,0.292291,59.318672,32.546471,81.907700,2864.271240,2497.136475,4841.105469,0.399921,0.788347,0.467517,0.100000,0.020000,1,0.985758
25.206844,21.766270,0.060795,-1.647219,-26.968616,-14.891541,-690.326904,-1475.729980,-1135.216187,0.358590,0.923611,0.135485,0.100000,0.020000,1,0.762454
24.979702,21.658356,0.356728,58.523281,235.124359,-175.572235,2472.959473,15385.958008,-11556.200195,0.422408,0.685999,0.592433,0.100000,0.020000,1,0.207585
26.524424,22.584980,0.448325,405.275024,225.405640,104.116814,13230.099609,10386.435547,3893.060059,0.338127,0.906186,0.253962,0.100000,0.020000,1,0.407239
25.485079,21.670506,1.458502,185.264221,-90.579697,310.841675,12754.958984,-4789.924316,23438.349609,0.441873,0.577269,0.686664,0.100000,0.020000,1,0.265933
24.367880,23.098927,0.364867,-188.540573,386.597534,90.706482,-9469.694336,8628.623047,-6028.439941,0.312376,0.886307,0.341879,0.100000,0.020000,1,0.503597
25.069197,21.921328,-0.433673,55.774216,-74.669655,142.859222,2543.616455,-3871.716553,8240.709961,0.309153,0.898279,-0.312281,0.100000,0.020000,1,0.102810
25.086027,21.360571,-0.628966,-343.965302,-252.150360,464.106384,-22139.988281,-15924.117188,29174.798828,0.464386,0.460654,-0.756402,0.100000,0.020000,1,0.825981
24.933666,20.268650,-0.586875,126.351875,16.752041,-40.349701,-2504.196777,-16319.564453,-3458.683350,0.280735,0.850542,-0.444710,0.100000,0.020000,1,0.355618
25.069368,22.094343,0.019743,29.422804,-155.487427,73.364761,961.904236,-8597.118164,4296.919922,0.227848,0.965566,0.125568,0.100000,0.020000,1,0.634209
25.159334,22.039459,0.002521,-53.003693,-295.719055,64.498917,-3869.898438,-17712.619141,4007.865723,0.222804,0.974608,0.022280,0.100000,0.020000,1,0.127918
24.625031,21.316000,-0.648368,-65.983337,-25.304150,13.612709,-6434.886719,-1432.929321,742.116150,0.508650,0.360863,-0.781699,0.100000,0.020000,1,0.887603
24.919727,21.476027,0.748383,-46.825409,1.128098,54.878387,-4252.741211,-556.033325,4655.266113,0.307746,0.751293,0.583824,0.100000,0.020000,1,0.755158
25.120914,21.828037,-0.330004,-59.187790,-177.351822,-105.652710,-4231.964844,-10405.277344,-6199.290039,0.307318,0.771242,-0.557442,0.100000,0.020000,1,0.032789
25.249258,22.422989,0.136222,65.573257,99.992645,-37.680977,4090.795898,8887.664062,-2570.479736,0.202757,0.951941,0.229559,0.100000,0.020000,1,0.603175
25.528570,21.557287,-0.006605,124.309906,-106.127563,22.300472,8925.423828,-7811.591309,1674.338745,0.199461,0.975879,-0.088748,0.100000,0.020000,1,0.602196
26.002460,21.657988,0.633557,234.248840,-24.387291,313.366364,20702.199219,3435.802490,18230.273438,0.344177,0.656167,-0.671556,0.100000,0.020000,1,0.106316
24.783440,21.034609,0.403893,-106.404633,116.942947,-69.757858,-8589.961914,4541.444824,-4327.580566,0.243373,0.839297,0.486158,0.100000,0.020000,1,0.899152
25.337776,21.588499,-0.701818,70.030853,-86.338379,-109.454315,4782.744629,-6411.736816,-9092.637695,0.184074,0.956608,-0.225870,0.100000,0.020000,1,0.126442
24.878712,21.827486,0.724156,-19.921135,51.070175,39.637184,-2544.202637,4442.380859,3200.266846,0.332584,0.629812,0.701943,0.100000,0.020000,1,0.414678
24.986202,21.989885,-0.415582,-281.367065,-74.237465,-473.391022,-18610.441406,-3132.679199,-29477.660156,0.273872,0.713201,-0.645243,0.100000,0.020000,1,0.149877
25.237494,21.634003,0.713639,-494.951843,522.514526,135.132019,-31127.007812,32211.466797,10349.647461,0.143996,0.925442,0.350461,0.100000,0.020000,1,0.580469
25.089781,21.900709,-0.511723,30.645432,-26.687119,-47.893814,1430.127808,-1377.619629,-4073.903564,0.137648,0.934607,-0.327969,0.100000,0.020000,1,0.620151
24.984560,21.927517,0.251426,48.060944,11.424351,-14.187359,2203.116699,1627.453369,-1725.451782,0.198325,0.799427,0.567084,0.100000,0.020000,1,0.976078
25.158007,21.972929,-0.056603,-167.246185,67.720261,230.518250,-10706.889648,4562.826172,14245.488281,0.063950,0.997740,0.020643,0.100000,0.020000,1,0.753219
25.398451,21.830137,-1.000900,97.040253,38.374084,-77.588806,7097.742188,4021.727295,-6556.509766,0.378301,0.527065,-0.760980,0.100000,0.020000,1,0.260043
25.011078,21.789677,-0.412225,-259.735413,-157.331589,-154.734711,-17066.347656,-9693.556641,-9641.766602,0.170329,0.812718,-0.557205,0.100000,0.020000,1,0.799360
22.650810,21.586660,1.145691,-414.486603,268.992249,397.223450,-11954.458984,-1993.848145,16663.769531,0.113838,0.892580,-0.436282,0.100000,0.020000,1,0.922623
25.025621,22.109949,-0.190210,-78.683395,-420.112366,-74.213181,-5599.829590,-25696.316406,-5156.737793,0.040362,0.994441,-0.097255,0.100000,0.020000,1,0.374319
25.035776,22.114077,0.147980,-212.727188,-110.528732,49.465431,-13997.349609,-6131.758789,3270.540283,0.036522,0.989226,0.141770,0.100000,0.020000,1,0.256733
24.734062,22.280249,0.347295,-225.693848,-455.016968,-417.929901,-15985.753906,-27151.621094,-25785.390625,0.020495,0.965842,0.258320,0.100000,0.020000,1,0.333659
25.152678,22.072626,-0.130597,-669.435547,24.776970,-77.266739,-42261.566406,2238.867676,-4688.909180,0.019428,0.975007,-0.221324,0.100000,0.020000,1,0.710102
24.937056,21.694817,0.706813,249.374664,100.006088,-322.947998,14860.595703,6620.981445,-19724.847656,0.230411,0.684457,0.691686,0.100000,0.020000,1,0.280880
24.907812,21.785156,0.588043,-24.359383,-40.737000,42.992493,-2504.943115,-2723.500000,3587.502441,0.071874,0.875676,0.477521,0.100000,0.020000,1,0.468933
24.555382,20.822178,0.126914,-265.297607,254.722549,71.051064,-19073.130859,11586.631836,3794.533447,-0.011233,0.929731,0.368067,0.100000,0.020000,1,0.557407
24.765230,21.940283,-0.332760,92.220673,43.361641,73.735565,4350.519531,2879.621582,4372.520996,-0.013353,0.942348,-0.334366,0.100000,0.020000,1,0.622073
25.565811,22.134602,-0.379357,100.701096,152.161942,-34.220127,8269.355469,10997.833008,-1916.005859,0.056350,0.832198,-0.551607,0.100000,0.020000,1,0.449644
25.593775,22.336372,-0.233970,183.081390,70.165665,39.811218,13633.714844,6322.463867,2948.777100,-0.016348,0.904454,-0.426259,0.100000,0.020000,1,0.135214
23.794016,22.856634,0.608742,-293.259125,224.769226,111.592194,-8901.823242,4036.076660,8598.215820,-0.093916,0.986951,0.130800,0.100000,0.020000,1,0.566180
24.886637,22.056337,0.346007,126.351501,200.014893,-765.314575,7123.457031,12943.364258,-46926.324219,-0.095019,0.995282,0.019613,0.100000,0.020000,1,0.910291
25.026556,21.586113,-0.712869,18.398928,-12.630054,-37.530281,720.248718,-612.157288,-2842.375244,0.274415,0.594862,-0.755537,0.100000,0.020000,1,0.707985
25.313786,25.361305,-1.110148,151.790741,961.608032,-327.683899,16522.242188,47075.687500,-11966.873047,-0.129705,0.987060,-0.094277,0.100000,0.020000,1,0.426208
24.845135,21.417150,-0.996635,-36.189339,-112.321594,-300.582275,-3349.247559,-8261.958008,-25386.289062,0.126019,0.724188,0.677990,0.100000,0.020000,1,0.199826
25.159328,21.304720,0.668358,88.392715,-197.636353,45.577278,2281.353027,-5634.608887,3618.738770,0.026203,0.808724,0.587605,0.100000,0.020000,1,0.883920
23.692877,23.399565,0.809934,-300.567505,401.641693,186.604004,-10501.025391,13042.379883,8537.081055,-0.133939,0.961835,0.238605,0.100000,0.020000,1,0.931200
25.103680,22.008410,-0.094053,-529.959839,188.074524,-218.874969,-33201.628906,11969.079102,-13485.043945,-0.144554,0.965143,-0.218179,0.100000,0.020000,1,0.595737
24.744991,21.518492,-0.710387,210.773499,-256.640320,-34.370193,11881.021484,-17029.136719,-2903.672119,0.097259,0.732505,-0.673778,0.100000,0.020000,1,0.592267
24.868731,22.030733,0.405664,-23.703239,-40.176903,-18.164200,-2199.613037,-1959.940430,-1067.713501,-0.082229,0.869291,0.487413,0.100000,0.020000,1,0.681525
24.641254,22.206472,-0.287014,290.395325,-197.325256,189.386627,16788.037109,-11505.141602,11790.312500,-0.173252,0.934071,-0.312243,0.100000,0.020000,1,0.801353
24.649836,21.809631,-0.456748,-4.906345,-39.144424,60.790573,-1865.843506,-2716.568604,3739.153076,-0.078528,0.834093,-0.546006,0.100000,0.020000,1,0.855946
24.264462,24.088577,-1.841438,-129.105957,540.460999,-577.548950,-11190.510742,42974.261719,-45383.789062,-0.182993,0.910072,0.371863,0.100000,0.020000,1,0.443042
24.603899,22.127293,-0.049690,510.676636,96.554031,3.654106,30717.054688,6446.727051,20.516823,-0.263747,0.964592,0.000748,0.100000,0.020000,1,0.402648
24.342035,21.412056,-0.612062,49.267017,55.360252,174.723785,453.941895,1261.420776,9944.594727,-0.180906,0.877388,-0.444369,0.100000,0.020000,1,0.727203
26.073000,22.231415,0.374031,379.549561,31.624443,80.806503,17406.609375,-376.875488,3691.010498,-0.278890,0.951056,0.133087,0.100000,0.020000,1,0.618069
26.707066,21.520100,-0.176434,519.209656,-108.701416,80.815765,36826.609375,-12256.737305,9100.076172,-0.009418,0.751553,-0.659605,0.100000,0.020000,1,0.610844
24.733879,22.020082,0.413595,-119.792267,230.830872,-215.107697,-8627.191406,15217.630859,-13779.240234,-0.108850,0.805920,0.581931,0.100000,0.020000,1,0.750122
24.570282,21.933676,-0.223695,21.209927,-14.949471,101.047974,-187.000824,-1433.785645,5764.645020,-0.300787,0.948759,-0.096863,0.100000,0.020000,1,0.115053
24.483498,21.694475,0.011293,30.240276,17.693039,16.979736,64.539505,-330.483246,1793.781494,-0.303583,0.930823,-0.203484,0.100000,0.020000,1,0.489699
24.292385,21.389488,0.053752,151.592453,-52.788727,368.802551,6858.012207,-5693.792969,21970.082031,-0.223063,0.858127,0.462452,0.100000,0.020000,1,0.137794
24.874380,21.682751,0.189098,286.035919,1.265709,-209.811157,17899.496094,-1341.880859,-11447.177734,-0.303295,0.903320,-0.303357,0.100000,0.020000,1,0.811602
24.757923,22.157755,0.204197,-261.842560,4.685158,-67.516861,-17164.705078,806.436646,-4251.277832,-0.313885,0.914810,0.254164,0.100000,0.020000,1,0.121583
24.831215,21.500839,-0.918638,-12.847313,-52.974083,-66.205292,-1813.324097,-3822.807617,-5474.362305,0.159143,0.621642,-0.766964,0.100000,0.020000,1,0.887265
25.245554,20.833109,-0.416473,157.472626,-289.272461,-274.083038,4908.426270,-7977.211914,-7950.863281,-0.032881,0.726228,0.686667,0.100000,0.020000,1,0.193420
24.513571,22.205769,0.273113,575.909424,-307.717224,0.240311,34835.421875,-18654.371094,10.516565,-0.336943,0.875820,0.345556,0.100000,0.020000,1,0.952055
24.150461,23.000790,0.188462,-169.051697,287.923828,212.801666,-14006.150391,23061.119141,16403.691406,-0.123169,0.742401,-0.658536,0.100000,0.020000,1,0.117082
24.604855,22.234051,0.276693,5.747490,-55.647591,-349.487976,-564.458923,-2866.369385,-21298.839844,-0.429097,0.895364,0.119163,0.100000,0.020000,1,0.500928
24.625364,22.967476,0.039757,25.139290,169.519562,20.358109,776.231812,14393.446289,1738.310181,-0.439591,0.894015,-0.086586,0.100000,0.020000,1,0.587978
24.683908,22.161549,0.014494,-75.805939,-578.677795,344.763184,-5333.667969,-36216.398438,21739.384766,-0.446357,0.894506,0.024997,0.100000,0.020000,1,0.576377
25.455967,21.642765,-1.262957,206.166321,-101.501678,-475.645325,15355.086914,-7531.165527,-37214.785156,-0.235686,0.781920,0.577108,0.100000,0.020000,1,0.788132
24.566702,22.008028,-0.245022,-46.484650,-69.670013,-442.755768,-4128.313965,-4320.594727,-27472.355469,-0.336458,0.826184,-0.451902,0.100000,0.020000,1,0.291432
24.586384,22.204481,-0.127735,46.639709,96.214622,-157.493576,2053.332031,6625.734375,-9780.797852,-0.450534,0.867878,-0.209301,0.100000,0.020000,1,0.657875
26.520027,19.352768,0.817169,755.384705,-364.689178,47.164753,7817.215820,-17920.857422,8610.933594,-0.139425,0.721767,0.677948,0.100000,0.020000,1,0.799289
25.416748,22.483109,-0.048340,148.338715,116.826996,86.333572,11605.938477,9713.098633,7127.719727,-0.259673,0.781730,-0.566981,0.100000,0.020000,1,0.342752
24.196592,21.942623,0.506093,-67.977585,-19.830868,118.786591,-6747.394531,-1767.597656,8771.472656,-0.460727,0.850509,0.253702,0.100000,0.020000,1,0.575077
24.514500,21.913740,0.638790,-4.805914,-43.073090,48.544586,-684.184082,-2284.674316,4431.546387,-0.373290,0.795439,0.477421,0.100000,0.020000,1,0.729783
24.593254,22.194162,-0.405921,-25.068451,-58.952209,98.776871,-2276.416260,-3136.582764,5588.649902,-0.476616,0.820105,-0.316646,0.100000,0.020000,1,0.146033
24.645462,21.997103,-0.474290,15.525240,4.724102,18.604280,144.121964,203.138702,606.230835,-0.244187,0.713011,-0.657258,0.100000,0.020000,1,0.872549
24.389156,21.264923,-0.407804,-102.363922,118.022507,-26.288940,-8194.382812,4587.387207,-1514.594238,-0.354511,0.750648,-0.557538,0.100000,0.020000,1,0.092667
24.524870,21.722649,-0.034710,21.481022,-112.239227,-20.739220,664.174377,-8642.957031,-1850.666504,-0.575421,0.809069,0.119573,0.100000,0.020000,1,0.552817
24.083788,21.794487,0.465960,-97.877686,-126.054161,131.792404,-3676.987549,-3003.857910,3965.260254,-0.583980,0.811162,0.031359,0.100000,0.020000,1,0.018767
23.599701,21.377285,0.013060,-330.721619,-142.861450,170.587845,-11246.163086,-6892.500488,9804.546875,-0.038541,0.649171,-0.759665,0.100000,0.020000,1,0.522815
24.570286,22.072109,-0.295962,89.792267,-180.052826,57.549225,5023.823242,-11140.292969,3842.622559,-0.484094,0.758488,-0.436291,0.100000,0.020000,1,0.492920
24.541059,22.239826,-0.007141,45.050728,-7.566463,37.016602,2271.601074,118.711700,2657.071045,-0.588867,0.801294,-0.105658,0.100000,0.020000,1,0.110871
25.588795,21.693468,-2.400150,382.159607,-130.704468,-788.942627,7570.382324,-5653.421875,-25094.822266,-0.589417,0.771429,0.239762,0.100000,0.020000,1,0.629742
24.224293,22.178696,-0.943266,-36.142838,51.149139,-213.092346,-7167.974121,-1311.057861,-15704.591797,-0.601759,0.767032,-0.222597,0.100000,0.020000,1,0.103041
25.060184,22.066805,-0.487741,120.588898,-251.304489,33.820572,7817.341797,-14164.260742,2686.999023,0.066272,0.620848,-0.781124,0.100000,0.020000,1,0.207816
24.711348,21.817698,0.563635,-188.679932,177.287628,38.553352,-12360.112305,10985.621094,2538.635254,-0.277190,0.680250,0.678547,0.100000,0.020000,1,0.449573
23.853266,20.892420,1.413050,42.836067,80.521675,141.836212,-13377.067383,-18354.371094,14000.787109,-0.392009,0.703643,0.592634,0.100000,0.020000,1,0.972964
24.678148,22.345564,0.448818,68.898224,50.345215,41.074692,4243.104980,4451.611816,3214.333740,-0.521489,0.764909,0.378105,0.100000,0.020000,1,0.111903
24.081560,21.769968,0.414906,237.452026,-12.795643,358.633881,12463.163086,-1773.922485,22771.273438,-0.509260,0.712695,0.482411,0.100000,0.020000,1,0.183277
23.481918,21.460295,-0.479679,684.111633,-287.858215,199.792130,38391.882812,-20650.425781,11721.002930,-0.605557,0.721357,-0.336072,0.100000,0.020000,1,0.051099
24.200953,22.247570,-0.342338,-16.944504,43.153519,33.847786,-4713.892090,3523.110107,241.983032,-0.480689,0.681426,-0.551903,0.100000,0.020000,1,0.410442
24.455650,22.165483,-0.107736,-166.484924,-59.293045,-206.666290,-10921.776367,-3434.374512,-13234.004883,-0.706347,0.703472,-0.078747,0.100000,0.020000,1,0.384231
24.907949,22.420364,-0.613528,81.746613,84.959686,-10.259239,5274.101074,8064.585938,-695.951538,-0.147041,0.634835,-0.758527,0.100000,0.020000,1,0.012396
24.237864,22.587461,1.133128,-53.109192,145.892593,256.984070,4530.856445,3373.564941,16873.007812,-0.625028,0.685898,0.372671,0.100000,0.020000,1,0.246768
23.234100,21.732513,-0.380697,-104.100464,123.450211,-0.197931,-12047.580078,6363.196777,-904.630249,-0.703146,0.679109,-0.210707,0.100000,0.020000,1,0.304529
24.447680,22.075977,0.004395,-30.339561,-105.600685,429.780487,-2305.140381,-6708.196289,26741.654297,-0.715464,0.687905,0.122057,0.100000,0.020000,1,0.438451
24.433435,22.099165,-0.003995,-378.804901,258.259277,149.658630,-24308.039062,16339.546875,9357.081055,-0.730640,0.682411,0.021948,0.100000,0.020000,1,0.192495
24.572361,21.950485,-0.604924,10.984545,9.366659,-26.549080,44.613098,797.044189,-2032.679077,-0.393183,0.645623,-0.654660,0.100000,0.020000,1,0.012966
24.651318,20.649624,-0.511357,68.408752,-440.499084,-84.868042,9548.034180,-9994.333984,7660.694336,-0.612216,0.657083,-0.439812,0.100000,0.020000,1,0.946414
24.457613,22.024313,-0.587496,52.667313,51.140419,-372.343048,1933.490356,2634.349121,-12391.208008,-0.504765,0.633191,0.586755,0.100000,0.020000,1,0.875254
24.301987,22.139975,0.375384,-165.808502,32.241028,154.712494,-11620.361328,2612.445801,9776.410156,-0.615620,0.632725,0.469758,0.100000,0.020000,1,0.783594
24.098495,21.917051,0.172881,-85.192810,-199.370728,-130.420044,-7095.389160,-13184.515625,-8338.517578,-0.727286,0.639221,0.249905,0.100000,0.020000,1,0.795143
24.711296,21.778624,0.734145,178.103775,-54.608185,-242.492279,10292.534180,-3183.401367,-14833.532227,-0.046393,0.620855,0.782551,0.100000,0.020000,1,0.902052
24.620525,21.933041,0.581192,-216.745712,-34.011494,-151.850067,-14118.683594,-1900.774048,-9449.622070,-0.375232,0.617186,0.691579,0.100000,0.020000,1,0.614973
24.325710,22.376844,-0.666605,-286.197357,-209.542816,80.748825,-18795.482422,-11811.666992,3410.038330,-0.719468,0.610395,-0.331335,0.100000,0.020000,1,0.900646
24.092749,22.191086,-2.183187,-40.412949,47.157578,-459.018555,-4573.379395,3918.864502,-36290.371094,-0.589981,0.595945,-0.544768,0.100000,0.020000,1,0.717113
24.423609,22.120543,0.273608,-238.747375,-109.999512,17.384247,-15322.588867,-6571.143555,1108.698364,-0.730570,0.591399,0.341343,0.100000,0.020000,1,0.755781
23.684669,21.383778,-0.254774,180.597702,15.131287,77.618591,8301.771484,-1894.870605,3823.456055,-0.813492,0.581567,0.003378,0.100000,0.020000,1,0.684852
24.563128,21.767271,0.232526,73.565811,-92.854347,64.181305,7938.793945,-2869.144287,9596.831055,-0.499068,0.582834,-0.641276,0.100000,0.020000,1,0.751777
24.992250,23.234337,0.639867,283.939484,458.269226,283.230713,18386.835938,16216.118164,-2770.720703,-0.700021,0.570693,-0.429279,0.100000,0.020000,1,0.449875
24.211143,22.198608,0.397381,-24.061729,49.948532,-15.455814,-2959.172119,4214.472168,-1229.064819,-0.594781,0.559552,0.577180,0.100000,0.020000,1,0.445035
23.477406,21.614084,-0.810420,-139.198578,103.423935,-234.970947,-12953.958008,4960.637695,-19716.277344,-0.708099,0.542722,0.451718,0.100000,0.020000,1,0.436654
23.951283,21.891573,0.018516,174.763977,-122.036011,-74.726891,9152.887695,-8384.225586,-4364.193848,-0.829901,0.551703,-0.082997,0.100000,0.020000,1,0.275417
24.309582,22.035772,0.165372,61.600586,-39.538696,-14.350342,3574.226562,-2448.976074,-1040.981812,-0.823204,0.510156,0.249149,0.100000,0.020000,1,0.982750
23.966576,21.501114,0.488280,-13.926041,-147.131821,147.915314,-2614.069580,-11498.280273,12094.521484,-0.830366,0.513500,-0.216356,0.100000,0.020000,1,0.065548
24.042540,21.971273,-0.016324,186.850464,142.967194,-195.627090,10390.882812,8879.218750,-11379.826172,-0.815550,0.487022,-0.312551,0.100000,0.020000,1,0.683873
23.294971,23.482073,0.031314,-213.555756,376.315186,-3.523476,-20417.990234,33939.144531,1964.206421,-0.856315,0.502856,0.117731,0.100000,0.020000,1,0.008232
24.333065,21.878901,0.582450,17.794268,-136.040619,-81.620186,-27.145544,-8569.001953,-5011.527344,-0.490653,0.530023,0.691618,0.100000,0.020000,1,0.054587
24.385283,21.877989,-0.585863,-12.965145,3.632506,52.099838,-1487.557129,167.452209,3011.399414,-0.566229,0.500787,-0.654673,0.100000,0.020000,1,0.399285
23.956684,21.873579,-0.058703,16.168098,-20.126839,-111.378113,-1061.942139,-1501.590454,-9136.515625,-0.682300,0.468598,0.561143,0.100000,0.020000,1,0.458060
24.567942,20.479805,-1.822481,290.859009,-92.115936,-364.764313,778.928101,-13865.891602,-12922.409180,-0.706629,0.466720,-0.531834,0.100000,0.020000,1,0.215023
25.874952,23.575514,2.396034,520.034485,462.668640,842.153320,16827.500000,19312.289062,29486.875000,-0.783459,0.443227,-0.435594,0.100000,0.020000,1,0.858954
24.057665,22.023277,-0.122682,29.591560,-35.623917,536.514343,901.223511,-2177.712646,33618.113281,-0.903795,0.420404,-0.080089,0.100000,0.020000,1,0.629280
24.052456,23.772091,0.430353,-30.412468,521.392090,221.133759,-2912.663574,40306.933594,15328.821289,-0.899625,0.417180,0.128976,0.100000,0.020000,1,0.932730
24.632086,21.778637,0.710768,-56.538925,109.293488,-239.973938,-4237.928223,6877.427734,-14761.252930,-0.241513,0.578336,0.779230,0.100000,0.020000,1,0.814592
25.175398,21.162378,-0.646619,141.296753,-147.776642,8.702026,10592.643555,-11951.970703,423.472290,-0.263568,0.571832,-0.776878,0.100000,0.020000,1,0.911911
24.245152,21.898031,0.044310,-576.110840,146.872559,103.467712,-36516.019531,8922.483398,5966.322754,-0.892557,0.390156,0.226096,0.100000,0.020000,1,0.012432
24.546196,21.785679,-0.494868,77.737869,48.265690,-101.270546,4280.493164,2890.744873,-5957.844727,-0.365562,0.544943,-0.754587,0.100000,0.020000,1,0.235237
24.158123,21.907864,-0.075310,29.911846,-3.642731,14.159401,1471.626465,-508.657043,1215.244263,-0.910722,0.365763,-0.191842,0.100000,0.020000,1,0.374996
24.094835,21.900433,-0.048145,10.733556,160.016754,225.791382,31.994579,9739.728516,13973.954102,-0.928182,0.371402,0.023210,0.100000,0.020000,1,0.301825
24.079607,22.057804,0.220114,-14.799324,-197.047882,125.934525,-1766.541016,-11959.358398,7691.893066,-0.866607,0.350747,0.354921,0.100000,0.020000,1,0.931431
24.492958,21.701305,0.703450,105.283539,-61.101501,48.029518,5470.728027,-4790.844238,1818.321533,-0.564414,0.448447,0.693060,0.100000,0.020000,1,0.084268
24.461332,21.395622,-0.646574,87.750732,-11.595909,-28.918098,5600.301270,-2746.260010,-2416.604492,-0.652140,0.411856,-0.636466,0.100000,0.020000,1,0.955187
23.845469,21.966183,-0.118678,428.129761,44.186478,-27.892941,25329.041016,2904.966797,-1199.330933,-0.890302,0.325160,-0.318799,0.100000,0.020000,1,0.148471
24.077349,21.831944,0.621947,18.547375,22.097027,26.028145,3.462339,1171.885498,2369.127930,-0.746450,0.351963,0.564743,0.100000,0.020000,1,0.368678
24.126188,21.885183,-0.424774,19.752068,-2.170251,-0.249804,359.121307,-169.686905,-13.275075,-0.770033,0.346030,-0.536015,0.100000,0.020000,1,0.649085
24.107111,22.150566,0.391580,63.645111,-250.898529,-134.067322,3177.809814,-14973.966797,-8142.764160,-0.838418,0.373379,0.397044,0.100000,0.020000,1,0.054124
24.923719,22.301668,-2.720688,302.088806,130.045959,-740.608765,15428.501953,9754.041016,-47685.617188,-0.958366,0.260539,0.116856,0.100000,0.020000,1,0.810037
23.940918,21.917038,-0.108717,28.951124,-17.607067,20.133667,857.598328,-1164.926758,1154.447510,-0.960699,0.258214,-0.101895,0.100000,0.020000,1,0.930399
24.527536,21.780500,-0.422195,-29.282799,45.668182,-14.354246,-2167.590576,2714.535889,-168.911148,-0.454618,0.473676,-0.754291,0.100000,0.020000,1,0.378430
24.148394,21.443399,0.377994,-296.624695,185.229736,-43.796867,-19184.099609,9814.946289,-2663.093750,-0.848351,0.285685,0.445741,0.100000,0.020000,1,0.022236
23.845203,21.407816,-0.223894,17.916729,33.180588,-14.058795,-576.513916,65.364250,-373.515778,-0.853797,0.282815,-0.437088,0.100000,0.020000,1,0.619973
22.750292,21.884306,0.009975,-139.075653,159.890686,43.144699,-14667.654297,10031.701172,3497.602783,-0.950715,0.217584,-0.220905,0.100000,0.020000,1,0.421333
23.990082,21.911692,0.171558,-30.072433,-104.495621,-143.583160,-2538.785889,-6594.181152,-8379.679688,-0.975953,0.217746,0.010112,0.100000,0.020000,1,0.148596
24.324287,21.505098,0.132865,-17.794243,6.980976,105.857346,-423.496033,-1185.646118,6472.780273,-0.949915,0.211079,0.230451,0.100000,0.020000,1,0.158400
23.755095,22.049463,1.200433,-205.348663,40.040215,159.794189,-16915.843750,3579.596436,12515.112305,-0.341485,0.523934,0.780308,0.100000,0.020000,1,0.830393
24.328602,21.839418,0.503431,-124.182541,-115.259392,-14.494205,-8242.850586,-7266.275391,-1060.094604,-0.642836,0.356164,0.678166,0.100000,0.020000,1,0.997662
25.396114,21.198498,-0.089780,392.573914,-89.996796,-98.526581,29308.322266,-8607.128906,-8250.654297,-0.800154,0.332091,0.499469,0.100000,0.020000,1,0.009211
24.085590,21.306515,-0.556963,19.647179,-58.090591,9.751984,335.582153,-4813.953125,4357.525391,-0.933266,0.189929,-0.304863,0.100000,0.020000,1,0.887283
24.125275,21.831717,0.241244,-208.532379,99.980530,64.154251,-13300.452148,6200.334961,3910.511719,-0.921510,0.176567,0.345895,0.100000,0.020000,1,0.839273
24.347364,21.835308,-0.673597,6.258629,4.018230,101.280289,-322.359619,357.275024,6056.367188,-0.530551,0.400009,-0.747334,0.100000,0.020000,1,0.252960
24.522825,22.225008,-1.265632,62.538872,267.195404,-279.743713,1740.002930,7086.956543,-5545.525879,-0.709687,0.282910,-0.645219,0.100000,0.020000,1,0.566607
23.807123,22.207623,-0.407177,-21.467415,119.243530,21.279697,-3230.545410,9111.406250,1477.674438,-0.803036,0.220485,-0.553642,0.100000,0.020000,1,0.548599
24.103638,21.394482,0.065099,-808.514771,170.900940,-81.190491,-51648.273438,9030.833984,-6734.112793,-0.798068,0.203118,0.567301,0.100000,0.020000,1,0.550734
24.320721,22.068419,-0.342748,79.717163,81.545197,-155.759308,5641.419922,6196.600586,-12794.700195,-0.874535,0.148782,0.461575,0.100000,0.020000,1,0.509042
23.940842,21.822786,-0.426138,25.461142,-22.384094,33.562317,663.619751,-1406.280029,1799.631226,-0.885557,0.146460,-0.440838,0.100000,0.020000,1,0.813133
24.061728,21.994432,0.388263,-67.790527,24.662458,-80.325424,-4443.854004,65.051270,-4745.676270,-0.964293,0.085572,0.250632,0.100000,0.020000,1,0.503935
21.263531,22.387606,-0.648561,-527.138306,364.741272,-166.620697,-42012.664062,10214.785156,-10944.208008,-0.996527,0.078220,0.028549,0.100000,0.020000,1,0.067542
23.570049,21.935160,-0.597508,-19.060345,109.761307,-92.836426,-1380.990234,3225.286133,-8323.198242,-0.993049,0.072099,-0.093037,0.100000,0.020000,1,0.533492
23.993116,21.912441,-0.188006,-294.892761,-328.967346,577.745422,-18905.107422,-20383.677734,35219.085938,-0.987818,0.068746,0.139603,0.100000,0.020000,1,0.451993
23.533840,21.298002,0.163054,189.661743,-42.483543,-397.597778,9753.861328,-4810.127441,-23712.902344,-0.975690,0.056327,-0.211792,0.100000,0.020000,1,0.894258
23.886717,21.376453,-0.532564,56.220375,17.176203,-37.544220,3084.349365,-767.085144,-5618.768066,-0.952729,0.041017,-0.301039,0.100000,0.020000,1,0.631646
22.391518,22.324083,0.784245,-362.236816,251.613159,71.743454,-31006.083984,18186.371094,5491.147461,-0.678744,0.228377,0.697962,0.100000,0.020000,1,0.744802
25.784525,19.852030,-0.062634,437.453247,-364.863342,169.109863,9918.185547,-5446.240234,6370.608398,-0.838085,0.081302,-0.539448,0.100000,0.020000,1,0.572728
23.838552,22.168299,0.397929,39.042469,-86.901711,99.389404,1505.806763,-3787.025391,6790.458008,-0.938289,0.014135,0.345563,0.100000,0.020000,1,0.143168
24.166042,21.900646,0.298839,-372.629089,-19.486364,299.672028,-22826.500000,-553.912720,19690.988281,-0.987970,-0.059510,0.142739,0.100000,0.020000,1,0.733680
23.888718,21.844616,0.045194,-40.880913,-185.810669,-0.564531,-3003.377197,-11284.607422,79.990868,-0.997476,-0.067478,0.022085,0.100000,0.020000,1,0.667858
24.050678,22.026920,-0.082762,-44.357376,72.873764,145.036896,-4435.499023,5650.417969,11309.833008,-0.580110,0.307893,-0.754105,0.100000,0.020000,1,0.025084
24.147057,21.576529,-0.746297,11.074890,10.228682,-30.855843,273.587311,-81.152161,-2927.395508,-0.751553,0.138429,-0.644985,0.100000,0.020000,1,0.025653
24.262131,21.416616,0.401012,-86.468704,74.001175,101.281998,-5052.843750,3310.391113,6221.688477,-0.827772,0.067606,0.556977,0.100000,0.020000,1,0.995900
24.083963,22.349041,0.116909,73.522919,223.200027,42.955120,-777.145996,8091.138184,-95.282227,-0.991156,-0.085559,-0.101443,0.100000,0.020000,1,0.571501
23.992102,21.135139,0.626551,376.377014,-415.781860,225.951111,23750.552734,-28614.365234,16099.437500,-0.966684,-0.100243,0.235528,0.100000,0.020000,1,0.392345
24.308498,20.907888,-0.188644,140.058380,-2.864594,298.409607,9795.377930,-3483.729004,16469.763672,-0.878694,-0.039477,0.475751,0.100000,0.020000,1,0.372469
25.873301,21.862904,-0.286271,344.358246,2.956409,78.957420,3730.745117,-1633.010376,3537.879395,-0.898494,-0.038092,-0.437331,0.100000,0.020000,1,0.017397
22.404566,21.728828,-1.794513,-250.320663,210.323273,-408.932281,-15249.198242,-4873.406250,-13749.033203,-0.933453,-0.136889,-0.331552,0.100000,0.020000,1,0.683535
24.271498,21.197512,1.688663,116.050125,-142.266830,440.804810,7551.179688,-8134.592285,28772.451172,-0.709384,0.119476,0.694622,0.100000,0.020000,1,0.480837
24.378944,21.247908,0.275657,73.813095,-128.394257,61.538185,6234.263672,-9810.618164,3855.182373,-0.923983,-0.139325,0.356150,0.100000,0.020000,1,0.073218
22.906456,21.856686,-0.048960,-141.729126,122.144653,65.313599,-13403.405273,8495.707031,4680.222656,-0.961792,-0.148781,-0.229827,0.100000,0.020000,1,0.162066
23.680735,21.790016,0.000568,-29.658653,-27.893845,-11.326164,1328.988281,-5685.301270,-3455.713135,-0.974458,-0.224561,0.002099,0.100000,0.020000,1,0.229311
24.230255,21.357687,-0.368410,164.621643,-173.457092,-153.101227,11648.334961,-12053.834961,-10916.119141,-0.969961,-0.227308,-0.086634,0.100000,0.020000,1,0.033323
24.049017,21.687887,-0.383000,10.227882,9.751963,-80.964218,110.679070,668.348511,-4579.291016,-0.765953,0.010552,-0.642811,0.100000,0.020000,1,0.947375
23.671150,21.475267,-0.441206,-45.405411,38.558342,23.514748,-2894.676758,2384.663818,1272.398071,-0.882433,-0.169845,-0.438709,0.100000,0.020000,1,0.016542
24.131386,21.946518,0.263915,120.575638,110.597610,28.529522,8734.152344,8345.360352,2374.800293,-0.956300,-0.262370,0.129043,0.100000,0.020000,1,0.455836
23.715069,22.100512,-0.335646,-11.665436,167.759216,-51.704239,-1405.421387,6880.271973,-1357.466553,-0.941351,-0.258714,-0.216622,0.100000,0.020000,1,0.047700
23.700891,22.343832,-0.475046,-96.162323,145.020813,31.868011,-8824.225586,11762.154297,2552.235596,-0.619069,0.191401,-0.761655,0.100000,0.020000,1,0.802759
24.111870,20.841389,0.522054,-626.730835,391.623352,192.506104,-39911.707031,21291.093750,12091.924805,-0.737085,0.011609,0.675700,0.100000,0.020000,1,0.264064
27.143818,21.718863,0.356653,1008.050903,53.747799,175.361008,35452.218750,3252.359131,11988.203125,-0.910080,-0.264892,-0.318727,0.100000,0.020000,1,0.848935
23.636911,21.370008,0.425404,12.945307,23.312912,111.605164,-389.919800,655.126160,8070.007324,-0.931012,-0.285924,0.226857,0.100000,0.020000,1,0.566073
24.004986,21.645306,1.048127,87.549789,-61.420219,113.700165,5145.708008,-3782.348389,9624.558594,-0.806292,-0.101892,0.582676,0.100000,0.020000,1,0.056117
23.838234,21.614836,0.540839,32.711891,-556.488525,-269.047577,1312.033936,-35055.691406,-16274.352539,-0.864286,-0.184377,0.467990,0.100000,0.020000,1,0.105728
23.816875,21.520025,0.449566,19.808752,8.895602,-349.731384,679.629333,443.193085,-21376.871094,-0.890979,-0.281945,0.355899,0.100000,0.020000,1,0.374337
25.280130,22.339863,-0.571227,510.850067,332.907288,-145.534744,27009.898438,4930.655273,-8460.794922,-0.924272,-0.381058,0.022723,0.100000,0.020000,1,0.976451
24.033833,21.408438,-0.449838,294.163940,-265.784790,-471.849609,18551.642578,-17371.195312,-29854.933594,-0.809812,-0.216435,-0.545308,0.100000,0.020000,1,0.236038
23.730143,21.467518,-0.324654,299.382111,-379.033875,171.064026,17935.775391,-24113.064453,10797.359375,-0.857498,-0.312112,-0.409002,0.100000,0.020000,1,0.758130
23.655470,22.293859,0.523947,-36.551376,211.223206,138.033844,-3263.580566,16729.462891,10503.162109,-0.908565,-0.400025,0.120368,0.100000,0.020000,1,0.790267
23.159967,21.473722,0.853308,-72.438980,79.169205,233.311096,-7589.360840,4982.854492,18638.259766,-0.908080,-0.405626,-0.104202,0.100000,0.020000,1,0.489592
24.071316,21.766609,-0.612417,0.837641,-756.807251,55.836811,-882.960144,-47375.421875,3473.159180,-0.647195,0.096078,-0.756246,0.100000,0.020000,1,0.511035
23.943655,21.102259,0.438784,13.349135,27.968285,16.313747,31.508904,-262.145905,655.964417,-0.738815,-0.105340,0.665624,0.100000,0.020000,1,0.864381
23.398396,21.416616,-1.553664,-70.280624,69.798965,-261.870880,-7318.276855,3594.295898,-21096.093750,-0.805231,-0.119564,-0.580782,0.100000,0.020000,1,0.026222
23.797609,21.382328,-0.649202,119.384567,-53.766937,84.608231,6173.173828,-4217.900879,4794.673340,-0.746777,-0.123696,-0.653470,0.100000,0.020000,1,0.392541
24.500360,22.451591,0.704722,183.407593,268.237396,39.640678,13493.029297,20735.107422,3593.363770,-0.798745,-0.222579,0.558986,0.100000,0.020000,1,0.969511
23.546431,21.919937,-0.246868,-89.465073,113.670746,-3.503204,-1462.032227,9981.032227,-3938.774902,-0.888204,-0.416509,-0.193942,0.100000,0.020000,1,0.393235
23.647053,21.313795,1.812066,-44.493309,3.750721,384.482971,-469.527710,-1444.577637,25809.476562,-0.882183,-0.414476,0.223521,0.100000,0.020000,1,0.155286
24.134315,21.223024,0.583905,-160.629883,139.765213,24.231503,-11144.964844,6781.740723,1390.915771,-0.597987,0.194380,0.777578,0.100000,0.020000,1,0.810624
23.667088,21.625053,-0.608766,13.516548,69.990036,-78.093750,-150.131271,5267.553223,-6441.141113,-0.841662,-0.441284,-0.311246,0.100000,0.020000,1,0.291325
23.884094,21.041119,0.255893,9.635575,26.185394,165.831818,463.724457,127.522026,10345.341797,-0.818655,-0.448029,0.359267,0.100000,0.020000,1,0.988534
24.617357,20.451275,-0.503287,259.605103,-115.746590,-73.819870,-3549.334961,-2468.497559,8399.054688,-0.768094,-0.338183,-0.543750,0.100000,0.020000,1,0.512173
23.436312,21.133148,-0.192261,50.062592,86.710953,0.000000,-9307.634766,-19178.982422,-1332.416016,-0.796481,-0.430887,-0.424210,0.100000,0.020000,1,0.837778
23.280519,21.414335,0.662214,-187.314499,-138.834198,270.862732,-7485.427246,-8480.467773,9346.909180,-0.831635,-0.547817,-0.090999,0.100000,0.020000,1,0.951414
24.193382,20.962231,-0.249754,106.427185,-44.676163,-54.871094,8118.482910,-4420.561523,-4594.438965,-0.832575,-0.553287,0.026303,0.100000,0.020000,1,0.324762
24.218725,20.839550,0.559104,119.659691,-137.063782,19.046461,1105.125000,-3271.580322,1107.579590,-0.750524,-0.343747,0.564404,0.100000,0.020000,1,0.411901
25.146280,20.145901,-0.851216,493.597168,-261.051941,-345.195679,13542.877930,-12985.583008,-11199.620117,-0.777856,-0.441305,0.447426,0.100000,0.020000,1,0.794022
22.807207,21.635967,-0.593247,-202.518188,122.516739,-122.708038,-17193.208984,9038.162109,-10617.632812,-0.812197,-0.571217,0.118525,0.100000,0.020000,1,0.681453
24.127043,21.284689,-0.474969,150.675201,-51.041039,26.562950,2252.890137,-1820.766113,1376.371948,-0.707413,-0.250005,-0.661108,0.100000,0.020000,1,0.726972
24.103943,21.340418,-2.019079,63.237507,-46.313354,-602.796021,546.641846,-1677.126343,-18189.916016,-0.803785,-0.562022,-0.195092,0.100000,0.020000,1,0.007431
23.622349,21.323374,0.296414,85.187302,-41.184769,-41.868004,4310.139648,-2593.471924,-2153.205566,-0.795923,-0.561672,0.225902,0.100000,0.020000,1,0.082560
24.335377,21.250055,0.008856,-459.864349,384.205322,-77.963531,-28621.095703,22810.232422,-2352.225098,-0.645455,-0.022680,-0.763461,0.100000,0.020000,1,0.820482
23.621202,21.106188,0.445615,246.867416,-118.352173,185.284485,13597.139648,-8994.658203,11314.126953,-0.692334,-0.251140,0.676463,0.100000,0.020000,1,0.727808
23.349373,21.432262,-0.242337,19.846710,4.037758,-249.435242,-1020.252075,823.800415,-15765.036133,-0.761218,-0.575354,-0.299191,0.100000,0.020000,1,0.221375
23.621685,21.523232,0.353266,-38.328468,70.206528,10.354923,-3595.789062,5439.588379,1017.095825,-0.740868,-0.581825,0.335550,0.100000,0.020000,1,0.029319
23.384575,21.922298,-0.695480,-102.659271,111.479095,-52.023239,-9269.497070,9220.346680,-4070.103516,-0.682496,-0.354313,-0.639266,0.100000,0.020000,1,0.609830
24.201805,21.717833,-0.407005,-209.849030,-57.866638,-121.022079,-12332.751953,-2043.532715,-7562.205078,-0.700062,-0.471787,-0.536031,0.100000,0.020000,1,0.428344
24.623106,21.282167,-1.459400,231.555359,56.915672,-298.131317,7240.602539,2628.928223,-15136.554688,-0.711435,-0.573653,-0.405933,0.100000,0.020000,1,0.399232
23.866426,21.100479,0.480699,14.201649,-21.099400,84.998184,891.589539,-1833.497925,6909.077637,-0.729885,-0.669042,0.140181,0.100000,0.020000,1,0.292874
23.243753,21.623495,-0.975170,-173.877914,37.237488,-346.042633,1532.176758,-2510.767090,-11827.711914,-0.726769,-0.686878,0.002384,0.100000,0.020000,1,0.927854
23.624950,22.004349,1.156908,-70.601715,143.078491,145.191833,-6321.477051,11535.527344,11793.946289,-0.667646,-0.334720,0.664990,0.100000,0.020000,1,0.641202
24.395767,21.014591,0.607955,-363.286743,-100.564087,-246.998596,-21298.515625,-7702.388672,-14959.112305,-0.683046,-0.449549,0.575634,0.100000,0.020000,1,0.541214
24.217920,21.259190,0.533136,91.224594,-11.683670,34.450714,5874.123535,4599.874023,4318.004883,-0.693068,-0.555775,0.459098,0.100000,0.020000,1,0.787615
23.975674,21.180328,-0.080397,-121.937592,-41.745850,-107.386017,-7282.971191,-2742.002441,-6467.354492,-0.710018,-0.676626,-0.195068,0.100000,0.020000,1,0.472029
23.579659,21.209040,0.062850,-18.828728,26.193722,-13.486305,-2459.873535,1667.166626,-1369.241699,-0.702738,-0.671381,0.235388,0.100000,0.020000,1,0.674549
23.681543,21.188337,0.005949,-43.486626,-293.092194,1.471924,-3519.881836,-18529.308594,474.771423,-0.711567,-0.694323,-0.107650,0.100000,0.020000,1,0.105711
24.230909,22.009069,-1.456938,46.304825,122.078186,-190.506165,3098.749023,9770.904297,-15590.662109,-0.634164,-0.138534,-0.760687,0.100000,0.020000,1,0.606485
24.229403,20.969225,0.558224,260.730835,-337.400391,320.531128,17814.326172,-22186.179688,23599.304688,-0.664450,-0.679136,-0.311898,0.100000,0.020000,1,0.228849
23.582331,21.048845,0.001889,8.539071,50.459965,-57.020214,5549.214844,-14494.568359,-2808.957764,-0.646698,-0.683814,0.337904,0.100000,0.020000,1,0.155855
23.801268,21.091976,-0.080644,69.189484,-57.183449,-59.470459,4044.154053,-3664.494141,-4131.226562,-0.632581,-0.774398,0.012182,0.100000,0.020000,1,0.062719
23.680363,21.310368,-0.371600,150.501221,-79.813461,-80.264282,8009.569336,-4965.850586,-4529.260742,-0.617521,-0.470642,-0.630209,0.100000,0.020000,1,0.744695
24.732622,20.513680,1.945175,227.274475,-115.488968,401.641724,17431.158203,-10294.844727,31643.937500,-0.614306,-0.562025,0.553855,0.100000,0.020000,1,0.299457
24.264912,21.616978,-0.484986,84.711731,114.137817,-39.057526,6690.076660,9109.220703,-3094.959961,-0.610626,-0.670564,-0.421283,0.100000,0.020000,1,0.417809
23.420116,21.248463,0.644149,104.134705,-47.287506,224.952148,4581.997070,-2343.145264,17527.511719,-0.607219,-0.771004,-0.191931,0.100000,0.020000,1,0.759268
25.929323,21.664087,-0.816849,564.511169,154.631378,-308.981567,25321.312500,12066.114258,-5786.605957,-0.611970,-0.779607,0.133061,0.100000,0.020000,1,0.929278
23.733742,21.016279,0.055369,338.155273,-178.612366,-566.679016,20710.917969,-11580.825195,-35258.152344,-0.614299,-0.784554,-0.084329,0.100000,0.020000,1,0.581412
23.946800,21.313486,-1.234472,25.523109,7.807537,-172.468750,1422.599121,920.792664,-14237.655273,-0.600403,-0.585202,-0.545028,0.100000,0.020000,1,0.496888
23.614328,21.779764,0.569025,-119.132950,124.758652,35.338146,4165.163574,7022.871094,1334.948242,-0.715420,-0.415806,0.561498,0.100000,0.020000,1,0.013570
24.011250,20.993063,0.514318,-130.340607,-132.541077,-375.588013,-8034.293945,-8959.954102,-23087.792969,-0.569917,-0.680021,0.461266,0.100000,0.020000,1,0.568066
24.071676,20.839230,-0.494202,78.899307,-41.259766,307.713806,5541.293457,-3531.739746,18447.849609,-0.541710,-0.773646,-0.328667,0.100000,0.020000,1,0.388697
23.374613,21.449419,-0.235525,-105.282379,86.202469,23.750687,-9251.261719,6804.262207,2256.849121,-0.528416,-0.666992,-0.525261,0.100000,0.020000,1,0.324227
23.972528,20.963053,0.315362,-107.014404,68.208626,-113.305801,-6668.304688,3975.010986,-7009.816895,-0.513246,-0.781591,0.354534,0.100000,0.020000,1,0.329584
26.508205,21.497013,-1.006963,624.457764,174.756866,-318.988098,49556.121094,11980.083984,-26638.863281,-0.555942,-0.459976,0.692351,0.100000,0.020000,1,0.111352
23.914959,21.170649,0.347594,70.850021,-56.430382,359.893799,4064.689941,-3374.804443,22334.511719,-0.516316,-0.653687,0.553273,0.100000,0.020000,1,0.091012
23.690762,21.061970,-0.228226,47.572426,-120.249969,-40.212791,2004.635498,-7153.007324,-3541.409668,-0.471583,-0.881696,0.014898,0.100000,0.020000,1,0.713003
24.154797,21.312981,-0.249873,-208.426483,-75.996323,15.755142,-13073.026367,-4975.449219,2442.606445,-0.567935,-0.335623,-0.751537,0.100000,0.020000,1,0.236483
23.925964,21.183220,-0.629590,7.674891,23.658577,201.360107,-66.763016,1472.006470,12227.468750,-0.518400,-0.558164,-0.647854,0.100000,0.020000,1,0.206517
23.453421,21.344591,-0.943019,-85.302307,69.235977,-104.545441,-7582.500000,5696.259766,-9160.401367,-0.474951,-0.775508,-0.415944,0.100000,0.020000,1,0.755016
23.753489,20.950027,0.111465,299.442596,-169.896927,-534.217590,17419.447266,-12054.843750,-32780.125000,-0.445380,-0.875505,-0.187424,0.100000,0.020000,1,0.805606
24.288370,22.711212,1.067198,88.275742,315.924683,165.484344,6037.166992,25230.041016,12334.527344,-0.593870,-0.215463,0.775173,0.100000,0.020000,1,0.660687
23.834562,21.163214,0.280088,150.486084,-165.691498,263.887329,8812.258789,-9890.989258,16295.780273,-0.455920,-0.760844,0.461794,0.100000,0.020000,1,0.193367
24.140165,20.726780,0.604502,27.193054,47.099751,0.000000,-7589.932617,-8571.614258,-2047.943359,-0.422968,-0.875579,0.233365,0.100000,0.020000,1,0.889062
23.824093,21.093643,0.292536,236.127289,-608.797241,-230.595123,14368.803711,-37738.480469,-13798.471680,-0.427811,-0.892897,0.140405,0.100000,0.020000,1,0.105782
23.868979,20.996225,-0.173283,83.136780,-202.213211,-104.911003,4766.825684,-12515.295898,-6317.135742,-0.402575,-0.861188,-0.310303,0.100000,0.020000,1,0.277107
22.127817,21.888609,-0.026988,-365.526459,253.818848,18.885357,-32058.892578,23176.855469,-1664.523193,-0.415047,-0.904096,-0.101724,0.100000,0.020000,1,0.032130
23.817165,21.869984,-0.618762,-53.263458,127.163879,8.239294,-4818.143066,9801.207031,468.062622,-0.604913,-0.224367,-0.764028,0.100000,0.020000,1,0.037771
24.060242,21.211954,0.694113,-135.814728,-85.839958,-128.669357,-8689.914062,-5308.155762,-7504.027832,-0.486409,-0.538053,0.688408,0.100000,0.020000,1,0.268424
24.066755,20.905319,-0.766859,-8.485301,13.829876,-35.579903,-389.578247,386.236725,-3714.044434,-0.419259,-0.741660,-0.523605,0.100000,0.020000,1,0.068591
23.934216,20.997232,0.411653,51.357170,-444.691650,7.960426,2970.179932,-27775.753906,1089.858154,-0.380350,-0.859440,0.341609,0.100000,0.020000,1,0.846925
23.367229,22.637266,-3.217809,-196.317139,455.696594,-864.360229,-5520.788086,15558.165039,-21519.789062,-0.434376,-0.638959,-0.634861,0.100000,0.020000,1,0.438540
24.055567,20.942169,0.064093,-132.376099,-73.539810,180.167145,-8096.389648,-4228.775879,11568.939453,-0.323225,-0.946079,0.021465,0.100000,0.020000,1,0.321647
24.082653,21.170166,-0.752325,18.874599,-1.238825,-23.476151,1007.656677,-503.308350,-2152.020508,-0.513328,-0.424367,-0.745927,0.100000,0.020000,1,0.000278
23.838606,21.311705,0.655371,-15.421795,84.811829,23.209633,-1804.744507,6954.341797,2741.723633,-0.343800,-0.829121,0.440863,0.100000,0.020000,1,0.619101
23.884382,20.955828,-0.497329,32.889927,-15.234531,80.184616,1444.443726,-812.876282,4393.992188,-0.339515,-0.838872,-0.425468,0.100000,0.020000,1,0.236269
24.106371,21.036713,-0.284765,49.747726,48.272079,-79.938293,3517.733643,3833.307129,-6999.618652,-0.305005,-0.924078,0.230328,0.100000,0.020000,1,0.749713
22.361357,21.787046,0.788260,-498.703369,295.330658,324.190948,-37563.460938,21830.457031,20520.041016,-0.305830,-0.928400,-0.211049,0.100000,0.020000,1,0.538865
23.381340,22.249851,-0.050166,-106.221588,358.684143,-18.386475,-13836.464844,27183.253906,2772.271484,-0.299209,-0.949099,-0.098411,0.100000,0.020000,1,0.053483
23.923285,20.882322,-0.090691,-56.951317,-48.944935,-154.924561,-3061.637695,-1995.631592,-3628.196045,-0.364260,-0.735281,0.571557,0.100000,0.020000,1,0.807616
24.031662,20.789425,-0.254289,-302.784393,176.019943,-246.119537,-19489.681641,10382.247070,-15631.150391,-0.281338,-0.910251,-0.303797,0.100000,0.020000,1,0.323445
24.113056,20.898060,0.317673,-57.125626,-232.730896,-653.689392,-3217.414307,-14351.405273,-40362.023438,-0.277322,-0.952061,0.129119,0.100000,0.020000,1,0.082720
23.948713,20.950830,0.804207,170.630280,-93.985580,-380.102112,10078.629883,-6506.349121,-22909.753906,-0.387849,-0.614549,0.686952,0.100000,0.020000,1,0.586199
23.749044,21.033705,-0.433883,89.776443,-76.851257,82.202599,4688.488281,-4427.469238,2382.805908,-0.400187,-0.866167,0.299342,0.100000,0.020000,1,0.011756
22.849545,21.471920,-1.296125,-433.491882,341.718445,-304.408630,-28210.175781,-2753.142090,-13200.330078,-0.274592,-0.790718,-0.547142,0.100000,0.020000,1,0.577604
23.819626,21.000902,0.348630,575.623291,-488.007324,101.722466,35147.074219,-30461.998047,6049.651367,-0.271717,-0.788871,0.551228,0.100000,0.020000,1,0.294422
23.684757,21.015806,-0.860173,-158.265137,92.695938,255.645630,-11689.894531,6589.619141,13954.000000,-0.223495,-0.876784,-0.425794,0.100000,0.020000,1,0.263175
24.419859,20.565298,-0.068818,-106.835693,62.003502,69.429634,-5402.919434,3023.498047,3721.366699,-0.169437,-0.978760,0.115415,0.100000,0.020000,1,0.162369
23.816822,21.634422,0.895926,-39.295807,65.326614,69.833252,-3905.015625,5336.984863,5576.753418,-0.536749,-0.330023,0.776521,0.100000,0.020000,1,0.607392
23.917540,21.224899,-1.597673,-6.613018,-17.642010,-224.164307,-1353.496094,-962.246155,-18334.294922,-0.436285,-0.495110,-0.751347,0.100000,0.020000,1,0.581163
23.864254,21.114944,-0.544556,311.630737,-281.146393,190.570099,18581.023438,-17280.523438,11916.628906,-0.313889,-0.689874,-0.652341,0.100000,0.020000,1,0.900362
24.239977,20.669153,0.225149,179.191650,-103.318489,-327.182739,11867.098633,-6887.124512,-19011.496094,-0.142858,-0.966545,-0.213030,0.100000,0.020000,1,0.169718
23.889996,21.020458,-0.122456,273.141266,-821.247803,-156.715698,16383.494141,-50601.007812,-10106.132812,-0.134120,-0.986893,-0.089743,0.100000,0.020000,1,0.426778
24.505085,20.602135,0.534474,-71.943619,48.819878,-31.812748,-2987.591553,1376.210571,-1987.257446,-0.310634,-0.676987,0.667230,0.100000,0.020000,1,0.751599
24.719135,20.711611,0.295235,144.253479,-66.109787,-48.314941,11597.850586,-4640.748535,-3344.541992,-0.181236,-0.868726,0.460944,0.100000,0.020000,1,0.662662
24.096457,21.234495,0.829983,5.684675,1.865486,36.082024,118.366409,-34.903114,3176.540771,-0.485718,-0.404706,0.774785,0.100000,0.020000,1,0.598210
24.437553,20.555082,0.289047,-500.084930,291.210907,-111.349380,-30934.859375,16392.285156,-7091.044434,-0.170964,-0.911209,0.374793,0.100000,0.020000,1,0.136940
23.405846,21.150740,-1.288222,-201.707565,123.239014,-246.422363,-6310.371582,2271.218994,-14057.281250,-0.100375,-0.948372,-0.300856,0.100000,0.020000,1,0.671755
25.327694,20.041159,1.525181,333.045868,-136.961548,369.693268,14061.908203,-12074.845703,8300.487305,-0.098915,-0.967885,0.231116,0.100000,0.020000,1,0.109127
23.619864,21.739500,0.143637,-91.374313,125.714920,-54.383183,-8002.142090,10663.117188,-403.436005,-0.347049,-0.585732,-0.732445,0.100000,0.020000,1,0.333855
24.398617,20.577562,0.080590,-731.193359,422.750763,-1150.345093,-45310.320312,25373.667969,-70548.179688,-0.153847,-0.834648,-0.528861,0.100000,0.020000,1,0.169593
23.894476,20.868629,1.598472,-10.990963,85.614403,450.884155,-19484.750000,-4971.374023,6509.935547,-0.199016,-0.756109,-0.623452,0.100000,0.020000,1,0.193153
24.477768,20.531866,0.185429,59.819908,1.824760,45.461620,-1504.790771,-11596.578125,4734.598633,-0.138921,-0.825922,0.546402,0.100000,0.020000,1,0.592765
25.256840,20.420275,0.994622,297.415955,-88.267853,262.266724,19856.406250,-1637.872192,25752.949219,-0.076916,-0.902692,-0.423356,0.100000,0.020000,1,0.414695
23.718735,20.970091,0.351362,349.947693,-199.218353,496.165894,19578.074219,-12532.000000,33181.839844,-0.006056,-0.996747,-0.080360,0.100000,0.020000,1,0.295756
24.412977,20.569271,0.436980,248.076721,-142.267761,-532.761780,16445.041016,-10011.718750,-32980.289062,-0.049367,-0.939027,0.340282,0.100000,0.020000,1,0.177725
24.514189,20.510836,0.135875,1.884060,-0.198832,146.821350,1233.327759,-919.754700,9882.523438,0.030121,-0.999545,0.001483,0.100000,0.020000,1,0.638568
23.734459,20.961016,0.497953,638.395142,-362.186890,-971.867371,37169.687500,-24528.861328,-59677.113281,-0.043054,-0.998483,0.034319,0.100000,0.020000,1,0.024372
25.004076,20.228001,1.549446,183.863068,-5.210312,367.586060,-3747.771973,-18753.029297,17732.265625,0.036487,-0.971333,0.234907,0.100000,0.020000,1,0.817403
25.368017,21.655952,-3.515298,391.993652,270.068512,-1034.670898,12446.179688,6019.182617,-24669.582031,0.044495,-0.975374,-0.216024,0.100000,0.020000,1,0.196623
22.338755,21.825150,1.151592,-636.790527,385.325653,187.393234,-20434.699219,12147.817383,12372.343750,-0.183945,-0.711378,0.678311,0.100000,0.020000,1,0.811816
24.310604,20.737020,0.518661,-188.291473,-0.991615,-242.060974,-11508.183594,-33.640522,-14638.738281,-0.014990,-0.887540,0.460487,0.100000,0.020000,1,0.257427
24.173532,20.707516,1.454671,47.700626,-11.406531,398.862244,4048.309570,-5641.242676,22494.640625,0.059508,-0.990534,0.123694,0.100000,0.020000,1,0.208706
24.352110,20.860495,0.514245,-37.185078,-22.799202,309.654327,-979.068115,-3654.197510,1372.054688,0.062620,-0.953506,-0.294796,0.100000,0.020000,1,0.385583
24.707893,20.592211,-0.689848,126.039520,-61.292877,-10.017506,10108.460938,-5621.260742,-1083.610474,-0.253130,-0.631141,-0.733203,0.100000,0.020000,1,0.923067
27.170824,23.376635,-2.187701,878.131958,815.435974,-622.483154,27936.253906,23617.572266,-23708.027344,-0.090653,-0.778962,-0.620484,0.100000,0.020000,1,0.350225
23.792423,20.927549,-0.143009,-133.496017,78.157692,140.088745,-5832.141602,3145.061523,22388.341797,0.078489,-0.936308,0.342296,0.100000,0.020000,1,0.899881
23.735991,20.960129,-0.430579,263.161560,-151.525650,197.639374,14364.719727,-8846.444336,12436.654297,0.007265,-0.849829,-0.527008,0.100000,0.020000,1,0.049676
24.143595,20.724798,-0.222807,876.080811,-504.859344,370.596558,54533.726562,-31705.669922,22449.509766,0.155565,-0.987782,0.009295,0.100000,0.020000,1,0.111494
23.661863,21.046768,-1.406163,-190.804108,123.446243,-460.482361,-6271.926758,2984.860840,-14290.963867,-0.323460,-0.551080,0.769210,0.100000,0.020000,1,0.948442
24.291624,20.867672,0.460711,-37.183609,-47.924820,14.513329,-2235.732178,-2577.107422,963.560608,0.006126,-0.824221,0.566235,0.100000,0.020000,1,0.641878
23.698481,21.390579,-0.378084,-159.713287,173.576294,-271.001770,-16140.335938,21180.509766,-9370.296875,0.085107,-0.885707,0.456376,0.100000,0.020000,1,0.309316
23.018658,21.758003,0.865844,-578.889282,224.362274,148.701996,-20340.259766,3610.021484,4010.707031,0.190199,-0.974184,0.121615,0.100000,0.020000,1,0.224507
24.571911,20.670815,0.607157,-454.929382,71.065567,169.703766,-27409.792969,3790.805664,11074.693359,-0.056722,-0.752915,0.655669,0.100000,0.020000,1,0.941129
24.270227,20.651688,-0.518209,-21.418953,17.338078,404.676056,-2745.196289,-1070.395874,25083.138672,0.120085,-0.896512,-0.426434,0.100000,0.020000,1,0.170162
24.327610,20.691978,-0.179537,48.646202,-50.895134,-27.646397,3122.725098,-2771.372314,-1771.826294,0.185942,-0.958034,-0.218166,0.100000,0.020000,1,0.248512
23.836931,20.901850,3.099096,-148.608673,86.658058,960.561890,4745.534180,-2944.143066,60169.882812,0.204678,-0.974005,-0.097058,0.100000,0.020000,1,0.048448
24.349573,20.816967,0.074895,-46.127766,-344.731995,-8.270088,-2905.703613,-20753.779297,-1015.147827,0.226073,-0.943295,0.243075,0.100000,0.020000,1,0.270897
24.477129,20.708351,-0.256041,-99.070633,-108.914688,26.953594,-5759.569336,-6394.159668,1713.455078,0.223893,-0.918369,-0.326297,0.100000,0.020000,1,0.129947
23.846588,20.896276,-0.031155,836.682373,-478.186005,129.782272,49685.777344,-31186.402344,6944.047363,0.223462,-0.910266,0.348540,0.100000,0.020000,1,0.378359
23.988871,21.246264,-0.640851,-84.829697,122.244537,-47.395454,-6699.750488,9639.277344,-3535.396729,0.032040,-0.764708,-0.643580,0.100000,0.020000,1,0.551713
23.324341,21.508545,-2.190570,-276.289001,237.994568,-447.853455,-21724.574219,18465.871094,-35666.734375,0.146467,-0.835497,-0.529616,0.100000,0.020000,1,0.348019
24.194366,21.043478,-0.584584,-23.003014,74.403259,245.652863,-2195.240234,6480.437500,14420.418945,0.219562,-0.885560,-0.409360,0.100000,0.020000,1,0.460178
22.104765,21.901917,0.356357,-608.330444,384.744598,210.310028,-28870.398438,9522.876953,2153.012695,0.321327,-0.943427,-0.081821,0.100000,0.020000,1,0.344015
24.214037,21.133015,0.558492,-15.050850,-71.477753,45.549744,-970.901123,-4103.195312,2652.904785,-0.245013,-0.588112,0.770774,0.100000,0.020000,1,0.864612
24.198622,21.033569,-0.546794,-2.460728,-18.861919,-35.422142,-262.963135,-922.278931,-2162.170898,-0.132229,-0.653277,-0.745483,0.100000,0.020000,1,0.379337
25.178194,20.991684,0.310472,233.280029,47.320488,-26.389885,18166.480469,4175.389160,-2264.114746,0.134240,-0.809434,0.571661,0.100000,0.020000,1,0.818382
24.142408,21.264397,0.798739,-61.201157,109.825714,106.666046,-4892.989746,9614.619141,8608.746094,0.231475,-0.867224,0.440843,0.100000,0.020000,1,0.901305
24.437674,20.602877,-0.164706,-80.881973,-32.239658,141.787140,-5072.616699,-1689.747070,8211.978516,0.348454,-0.937208,0.014907,0.100000,0.020000,1,0.022112
23.788980,20.929539,-0.343192,373.041443,-214.335205,-310.458832,20637.832031,-12320.654297,-21515.941406,0.346780,-0.928095,0.135586,0.100000,0.020000,1,0.816496
24.506226,21.407160,0.886345,-194.905930,111.911652,210.216370,-5789.662109,13063.776367,20794.167969,0.358880,-0.910419,-0.205772,0.100000,0.020000,1,0.821069
24.789686,21.824007,0.248076,158.917221,337.390564,-89.695930,4324.807129,10331.660156,-2188.010254,0.059566,-0.733253,0.677342,0.100000,0.020000,1,0.546997
24.461441,20.541288,-0.218795,-4.746319,8.067654,-178.879745,-1629.550537,-1852.757324,-11437.384766,0.349036,-0.878678,-0.325729,0.100000,0.020000,1,0.791335
25.069824,22.247694,1.080217,129.236176,433.135254,211.694519,10615.896484,34413.308594,16757.886719,0.373287,-0.864226,0.337298,0.100000,0.020000,1,0.255665
24.891209,22.621841,-0.186783,28.237438,634.289001,340.726654,-434.934814,19831.240234,16928.228516,0.282667,-0.800612,-0.528318,0.100000,0.020000,1,0.003855
25.079515,20.184444,-0.860090,162.065491,-93.391769,-81.505836,12683.124023,-7420.824219,-9540.808594,0.394196,-0.886990,0.240535,0.100000,0.020000,1,0.037468
24.632956,20.481951,-0.234949,-1.107005,-52.813145,-88.222488,322.045685,-3401.633789,-6262.282227,0.472604,-0.876979,-0.086911,0.100000,0.020000,1,0.110586
24.487946,20.525988,-0.137125,39.835949,-21.543161,577.777771,1934.364014,-1863.089111,35889.128906,0.476987,-0.878465,0.027976,0.100000,0.020000,1,0.749820
24.996473,21.816542,-1.898229,195.913605,271.466034,-366.844421,14818.875000,21703.966797,-28983.949219,0.176384,-0.752547,-0.634477,0.100000,0.020000,1,0.138150
24.358364,20.600801,-0.534491,-135.937424,81.070847,76.777985,-9924.867188,4155.953613,4075.138428,0.370356,-0.828002,-0.421009,0.100000,0.020000,1,0.096582
24.474810,20.707384,-0.274024,90.385361,-213.959381,-25.604393,5400.287598,-12695.191406,-2037.340820,0.469605,-0.855462,-0.218301,0.100000,0.020000,1,0.734463
24.509787,20.575018,0.451817,-102.637146,-26.853382,-112.366852,-6532.768066,-1732.707031,-6682.248535,0.392153,-0.804782,0.445580,0.100000,0.020000,1,0.479414
24.869211,20.586805,0.221926,-886.814575,-61.739410,-314.311768,-54749.437500,-3589.447998,-19694.251953,0.497260,-0.834936,0.235825,0.100000,0.020000,1,0.374675
23.153917,21.296190,1.192174,-263.381653,216.059021,353.633453,-16297.079102,-3938.214844,10938.660156,0.176368,-0.717368,0.674001,0.100000,0.020000,1,0.449288
24.570953,21.099104,-0.969017,101.459999,100.227921,-411.142822,6793.628418,8145.617676,-31933.246094,0.288092,-0.759975,0.582616,0.100000,0.020000,1,0.266324
26.868826,19.597010,-1.029570,683.797119,-259.753418,-387.480316,22376.962891,-8851.486328,-23347.617188,0.479848,-0.804098,0.350959,0.100000,0.020000,1,0.446049
24.830471,20.342579,0.243895,471.230530,-267.718567,-494.206085,30746.179688,-17676.685547,-29146.748047,0.500510,-0.808253,-0.310190,0.100000,0.020000,1,0.186533
24.484196,20.590551,-0.141256,-256.954407,154.889954,330.456421,-16444.556641,9658.135742,22019.435547,0.381132,-0.758904,-0.528018,0.100000,0.020000,1,0.321630
24.973103,20.860794,-0.896417,189.361053,27.697220,-107.125031,14627.658203,1640.371826,-7986.104004,-0.021442,-0.649082,-0.760416,0.100000,0.020000,1,0.126477
24.190556,20.970240,-0.197353,-75.126663,-352.763611,-82.922852,-6044.722168,-21070.808594,-3985.175537,0.297026,-0.721646,-0.625303,0.100000,0.020000,1,0.455925
24.470072,21.450003,-0.296082,42.460030,184.957794,91.253235,2097.931396,15399.842773,5883.371582,0.496509,-0.764936,-0.410307,0.100000,0.020000,1,0.846497
24.858358,20.414846,-0.261760,-378.430176,8.010164,204.474548,-23081.765625,193.758484,12146.606445,0.603768,-0.790776,-0.100683,0.100000,0.020000,1,0.259331
24.444271,20.551205,-0.003138,52.904999,-7.030291,-174.958435,8129.415039,-6749.822266,-12161.446289,-0.028719,-0.640284,0.767602,0.100000,0.020000,1,0.345012
22.777626,21.571054,-2.220607,-486.887390,298.562347,-473.859497,-11853.300781,7161.664551,-15418.578125,0.087554,-0.663718,-0.742841,0.100000,0.020000,1,0.452580
24.589697,20.774523,0.519975,-28.519960,-15.731235,-100.545158,-1675.903564,-425.857239,-6069.840332,0.387723,-0.722984,0.571808,0.100000,0.020000,1,0.157510
23.780275,21.761454,1.069320,-314.747772,199.806091,522.570801,-10919.703125,1329.221680,21914.314453,0.557447,-0.817248,0.146144,0.100000,0.020000,1,0.009656
24.669044,20.448849,-0.168134,-23.615738,12.871187,-39.903336,-1518.311890,578.572571,-2499.658691,0.602067,-0.768217,-0.217618,0.100000,0.020000,1,0.187957
24.633558,20.441917,0.109159,72.477325,-41.825745,-148.345093,4371.001465,-2853.344727,-9290.366211,0.618035,-0.777671,0.115160,0.100000,0.020000,1,0.039337
24.719131,21.278059,-0.083370,3.699415,41.400681,191.153778,925.741333,-3380.113525,11983.905273,0.630710,-0.775470,0.029167,0.100000,0.020000,1,0.103682
24.525402,20.913298,0.339509,-45.153763,20.838753,94.587799,-2059.192139,473.262207,4648.964355,0.506778,-0.727579,0.462390,0.100000,0.020000,1,0.664246
24.721897,20.568073,3.211252,-219.660553,171.338760,745.172913,-11805.191406,7886.972656,26584.089844,0.627994,-0.744997,0.224950,0.100000,0.020000,1,0.085727
25.169073,21.581739,1.647852,164.160858,208.538452,278.102692,13026.957031,16834.517578,22242.351562,0.311322,-0.681035,0.662774,0.100000,0.020000,1,0.523384
24.543461,20.841234,-0.319611,127.372803,-152.508118,-282.473267,7343.025391,-8321.680664,-18106.923828,0.617945,-0.718500,-0.319221,0.100000,0.020000,1,0.224542
24.265984,21.143667,-0.886336,-37.782211,47.632965,-71.438705,-3193.611328,4499.518066,-5771.819336,0.178224,-0.652904,-0.736174,0.100000,0.020000,1,0.066776
24.717199,20.393631,-0.018014,26.292629,48.683571,1.047846,-13665.695312,-13708.324219,-312.237305,0.516987,-0.685422,-0.512758,0.100000,0.020000,1,0.185056
24.674677,20.565521,0.414628,-13.887630,-3.307078,-128.578568,-1083.105957,-89.837822,-7524.466797,0.625578,-0.700169,0.344115,0.100000,0.020000,1,0.619777
24.715967,20.776455,0.220159,18.583569,-99.222107,250.503754,1381.962036,-5594.854492,14920.609375,0.508766,-0.665441,0.546210,0.100000,0.020000,1,0.458630
25.002838,20.580532,-0.106633,-264.351318,11.360012,-51.212799,-15800.386719,1011.648132,-3052.047607,0.711616,-0.676723,-0.188810,0.100000,0.020000,1,0.256502
23.422812,22.404150,-2.937557,-420.205811,520.938538,-883.123962,-13168.492188,19405.496094,-26570.308594,0.728760,-0.680185,-0.079102,0.100000,0.020000,1,0.604865
25.345425,20.030922,1.890989,212.701538,-97.742973,562.171753,-8547.115234,3303.340820,3486.121094,0.732302,-0.680629,0.021856,0.100000,0.020000,1,0.839718
21.983780,23.064636,0.292797,-736.343811,745.950195,241.141907,-39964.621094,32481.839844,24238.417969,0.405537,-0.649435,-0.643252,0.100000,0.020000,1,0.917747
24.904425,20.708218,-0.180469,-42.960449,71.823822,-42.650108,-2071.026611,5126.455078,-2043.731812,0.630247,-0.651096,-0.422922,0.100000,0.020000,1,0.599189
24.710434,22.799385,-0.508361,-27.823944,650.541199,-206.343460,-3936.303223,23882.683594,-55.837891,0.743883,-0.656475,0.125213,0.100000,0.020000,1,0.902764
24.814318,20.456150,0.625799,-37.814278,22.891426,-540.521851,-2157.675781,926.283325,-33012.621094,0.628050,-0.631132,0.455220,0.100000,0.020000,1,0.727238
24.773611,20.622175,0.061958,10.184052,-4.371475,77.020721,434.410522,137.162323,4356.916016,0.733738,-0.639226,0.230257,0.100000,0.020000,1,0.168152
24.037716,21.511198,-0.224028,-164.173904,199.766724,139.104935,-3621.575439,6772.870605,1957.552002,0.279657,-0.624210,-0.729489,0.100000,0.020000,1,0.675421
24.599106,20.738535,0.526414,3.842246,-12.240356,-3.413576,145.261230,-585.987366,-232.140427,0.407931,-0.621993,0.668369,0.100000,0.020000,1,0.231660
24.860720,20.516178,-0.286946,-66.726578,35.454208,31.071415,-4093.521484,2123.356934,1788.115234,0.727341,-0.612586,-0.309377,0.100000,0.020000,1,0.456566
24.669882,20.486813,-0.084007,25.452044,-36.851860,75.936111,171.898026,-1240.624878,4599.834473,0.736621,-0.589335,0.331773,0.100000,0.020000,1,0.267285
24.840326,20.782513,-0.278544,-84.744553,-44.893265,9.490597,-4757.843750,-2376.122803,1555.035156,0.498835,-0.585240,-0.639263,0.100000,0.020000,1,0.975188
25.565367,20.888098,0.150053,174.255188,59.052216,-7.573647,14290.763672,4832.469727,-1647.133789,0.613460,-0.574742,0.541608,0.100000,0.020000,1,0.491087
24.801182,20.580036,-0.609558,16.735901,-11.316021,-26.706230,1144.845581,-881.627014,-2462.118408,0.618432,-0.576531,-0.533997,0.100000,0.020000,1,0.380992
24.550833,20.666059,-0.610612,42.832005,-87.466690,431.497559,1480.333374,-5156.200195,26046.855469,0.711944,-0.569591,-0.410734,0.100000,0.020000,1,0.587231
24.054062,20.776489,-1.049713,-124.021088,156.987396,-218.349945,-18577.626953,-6994.794922,-11594.437500,0.824082,-0.557496,-0.100435,0.100000,0.020000,1,0.202406
24.904772,20.317495,-0.078573,-201.887299,126.306015,363.602448,-12840.284180,7085.492188,22545.494141,0.831804,-0.554583,0.023223,0.100000,0.020000,1,0.824984
24.039312,21.079290,0.250381,-114.343872,44.691475,-94.131592,-8759.262695,3783.275146,-7457.594238,0.080853,-0.629695,0.772623,0.100000,0.020000,1,0.948104
24.198536,20.755451,0.768972,-65.907593,56.952881,145.128143,-7249.361328,4499.917480,11985.786133,0.834605,-0.538262,0.117087,0.100000,0.020000,1,0.378465
24.921310,20.441359,-0.358018,-72.656082,41.533958,204.247498,-4653.485352,2164.237793,12070.401367,0.825332,-0.526770,-0.203323,0.100000,0.020000,1,0.540965
24.431623,20.894197,0.681451,-0.591909,1.171891,8.214954,-205.961197,403.700073,812.333191,0.168853,-0.615152,0.770114,0.100000,0.020000,1,0.975010
24.700611,20.653925,0.666273,-40.019226,21.933998,-91.806427,-2552.062988,1229.294678,-5214.130371,0.493195,-0.561476,0.664457,0.100000,0.020000,1,0.424820
23.350420,23.830694,1.259795,-366.090759,558.381653,181.545776,-13014.954102,6809.426758,-1104.317383,0.712442,-0.534861,0.454257,0.100000,0.020000,1,0.000598
25.183573,20.350817,0.586954,74.380402,-22.688499,114.031403,5658.009766,-2321.030273,8862.138672,0.831246,-0.502499,0.237750,0.100000,0.020000,1,0.901411
24.565891,20.583981,-0.736963,-44.745575,35.829269,-61.249413,-4122.652832,2040.217041,-5219.205078,0.700856,-0.487573,-0.520646,0.100000,0.020000,1,0.410673
25.335846,20.457312,1.263914,158.373230,-36.812874,208.116638,11568.934570,-2914.127686,17235.273438,0.811347,-0.463099,0.356728,0.100000,0.020000,1,0.269207
24.597994,21.285671,-0.298793,-24.649368,137.956543,44.360847,-2435.476318,11220.450195,3649.415039,0.598236,-0.491842,-0.632618,0.100000,0.020000,1,0.121156
25.061863,20.308180,-1.762037,118.443329,-68.104561,-510.467834,7908.412109,-5591.665527,-38225.019531,0.796010,-0.445316,-0.409954,0.100000,0.020000,1,0.243067
24.787918,20.466085,-0.956892,7.954094,23.555485,-173.170532,-568.602356,993.939148,-14621.947266,0.905488,-0.414117,-0.092725,0.100000,0.020000,1,0.409446
25.117935,20.974546,0.472021,7.300655,49.728470,99.026978,759.249268,4781.499023,8171.935059,0.909766,-0.414834,0.015460,0.100000,0.020000,1,0.763361
24.570526,20.797659,0.285519,-226.687164,13.479279,-359.177979,-15642.044922,1420.201660,-23326.667969,0.695362,-0.453723,0.557322,0.100000,0.020000,1,0.385049
26.307564,19.475431,-0.405562,439.400330,-250.193207,-182.979202,11680.847656,-10235.086914,-7732.716797,0.901870,-0.385262,-0.195457,0.100000,0.020000,1,0.279777
24.955601,20.666906,-0.152885,-18.940872,-25.238552,-72.779175,-1660.993164,-1308.440918,-5610.371094,0.916929,-0.382461,0.113860,0.100000,0.020000,1,0.269652
24.770016,20.732952,0.596712,-76.327301,-66.934502,-56.396641,-4958.180664,-4101.600586,-3258.979736,0.579195,-0.476787,0.661216,0.100000,0.020000,1,0.025137
25.023729,20.596746,0.070202,-133.430206,-256.091919,-57.025574,-8587.362305,-16252.350586,-4099.623535,0.899077,-0.366621,0.239270,0.100000,0.020000,1,0.756510
25.051746,20.809851,-0.424828,-121.731033,-50.064468,-11.827347,-7339.886719,-2583.697998,-811.609070,0.766120,-0.383534,-0.515715,0.100000,0.020000,1,0.697913
24.997051,20.659628,-0.115941,-139.999741,-381.647583,162.747833,-8842.243164,-21492.798828,14337.590820,0.791610,-0.391398,0.469214,0.100000,0.020000,1,0.227069
24.651096,21.369381,1.331884,-155.296051,117.938293,309.341064,-5159.337402,15098.601562,38358.628906,0.875953,-0.346204,0.335931,0.100000,0.020000,1,0.996915
24.422024,20.701260,-0.387629,-420.537964,253.900360,-151.847397,-27433.978516,15776.428711,-8712.815430,0.369837,-0.546502,-0.751370,0.100000,0.020000,1,0.120587
24.864828,20.617165,0.203089,17.186108,6.625337,-19.781204,642.319275,124.580650,-2197.895996,0.755730,-0.367328,0.542164,0.100000,0.020000,1,0.725032
24.913082,20.280535,-1.357995,127.258957,-43.612007,-203.178055,5653.065918,2865.635742,-7446.748535,0.476872,-0.481342,-0.735461,0.100000,0.020000,1,0.166924
25.002518,20.659615,-0.309230,-128.385284,32.700394,-114.329193,-8444.757812,2110.208008,-7494.742188,0.896500,-0.320605,-0.305778,0.100000,0.020000,1,0.069908
24.906464,20.437283,-1.342993,16.579613,32.972271,-323.058472,10.005239,1168.395752,-25680.476562,0.960444,-0.260829,-0.097549,0.100000,0.020000,1,0.707789
25.098122,20.959206,0.146769,145.760651,-398.263733,32.887886,8959.455078,-23894.416016,2235.864502,0.957439,-0.254204,0.136713,0.100000,0.020000,1,0.875520
25.025640,20.886171,0.039041,69.783699,-29.609697,-467.465088,3837.287598,-908.127808,-29363.345703,0.966894,-0.255109,0.005956,0.100000,0.020000,1,0.770835
25.012875,20.913891,-0.493182,16.396381,46.592461,5.205376,1462.493774,3726.893066,400.880249,0.667743,-0.374596,-0.643271,0.100000,0.020000,1,0.998463
26.827232,21.262234,-2.496617,686.591064,144.622620,-683.285156,25591.390625,6106.152344,-26405.566406,0.862049,-0.281105,-0.421725,0.100000,0.020000,1,0.693785
24.927238,20.645458,-0.051270,5.388027,-73.968552,85.111420,-622.739136,-4822.658691,4376.788086,0.943669,-0.232362,0.235579,0.100000,0.020000,1,0.678232
26.317591,21.283592,-0.005579,302.496338,102.789825,25.569450,23914.406250,9013.830078,2254.661377,0.952239,-0.230545,-0.200226,0.100000,0.020000,1,0.780462
25.174595,20.913000,1.372574,131.690674,35.461788,226.778320,9599.172852,1827.489014,18708.751953,0.354853,-0.531174,0.769373,0.100000,0.020000,1,0.881997
25.188784,21.020924,0.487168,-27.883919,-92.029022,-173.518097,-1307.026489,-4478.503418,-10401.438477,0.852369,-0.270254,0.447693,0.100000,0.020000,1,0.251199
25.204700,20.652664,0.172724,26.289795,-10.887114,-11.002476,1859.816772,-939.000427,-1086.603882,0.919804,-0.202824,0.335891,0.100000,0.020000,1,0.788470
25.488958,20.831488,0.203508,79.059860,-21.715647,118.067566,6317.121582,-868.499207,9283.716797,0.935491,-0.193382,-0.295737,0.100000,0.020000,1,0.362699
24.960186,20.253342,-0.372546,-362.765808,217.952042,-191.924316,-24867.115234,8182.493652,-11471.567383,0.560473,-0.399442,-0.725476,0.100000,0.020000,1,0.770016
24.796703,20.914314,-0.245631,108.575577,-68.674324,46.212959,5829.546875,-3218.846436,3143.200684,0.855710,-0.353665,-0.377733,0.100000,0.020000,1,0.037451
25.063915,20.728533,-0.573858,21.471939,-23.205120,-12.335808,1692.561768,-1548.809204,-1106.066528,0.722162,-0.297674,-0.624397,0.100000,0.020000,1,0.776138
25.081581,20.834679,-0.288773,-193.255646,-70.103493,89.881630,-12210.467773,-4023.858398,6153.060547,0.829311,-0.231615,-0.508524,0.100000,0.020000,1,0.863313
25.429260,21.650192,-0.079453,100.776764,190.940552,-37.470932,7138.736816,15900.211914,-2709.700439,0.992544,-0.121826,0.003763,0.100000,0.020000,1,0.963995
24.838175,20.594995,-0.532296,-19.836687,19.348862,-307.242920,611.424683,-650.835327,-9273.293945,0.800862,-0.227627,0.553901,0.100000,0.020000,1,0.729729
24.859739,20.311333,-0.096969,36.249649,62.786232,0.000000,-6805.623535,-13799.021484,-4973.634766,0.987824,-0.092221,0.125297,0.100000,0.020000,1,0.486941
25.446302,20.907181,-0.240863,-0.081219,-48.959282,-108.212646,784.204468,-2437.324707,-7490.602539,0.990451,-0.089975,-0.104457,0.100000,0.020000,1,0.313658
24.675552,20.995825,0.453342,3.028534,19.459801,-27.123283,-5.801592,2144.156982,-2355.722168,0.444650,-0.465312,0.765357,0.100000,0.020000,1,0.080709
25.235205,20.941347,1.833991,-26.167133,-8.452919,546.338928,710.246338,-2307.436523,15757.311523,0.880725,-0.148992,0.449582,0.100000,0.020000,1,0.959475
24.985004,20.645216,-0.760352,0.039841,15.234260,-276.427856,-774.260010,454.317780,-19210.025391,0.893489,-0.139372,-0.426910,0.100000,0.020000,1,0.559987
25.700695,20.218893,0.209616,347.237366,-112.046593,188.546600,11286.054688,-4766.159668,11148.135742,0.967692,-0.088000,0.236279,0.100000,0.020000,1,0.705137
25.178593,20.494005,0.481482,47.043800,-6.128654,138.887268,2634.679932,-1526.960205,11395.992188,0.979785,-0.073349,-0.186122,0.100000,0.020000,1,0.638337
26.932144,20.616161,-0.126319,564.376221,32.837132,18.277872,17297.601562,84.427856,354.077148,0.944356,-0.068125,-0.321792,0.100000,0.020000,1,0.278869
24.868265,20.978333,0.587965,-148.040680,-353.738892,-182.338074,-9535.967773,-21443.982422,-11349.070312,0.640565,-0.331670,0.692583,0.100000,0.020000,1,0.060370
25.572552,22.116886,0.631497,185.790436,346.975891,59.857819,13551.750000,18473.517578,-9000.125000,0.710113,-0.244961,0.660101,0.100000,0.020000,1,0.103931
25.960083,20.748592,-0.528419,201.119202,-34.770180,-68.168076,16035.649414,-2421.893311,-4837.662598,0.856158,-0.111263,-0.504592,0.100000,0.020000,1,0.920754
25.251610,21.121502,0.152659,-81.072372,-51.927635,23.596935,-5112.095215,-1947.322876,1046.283447,0.944352,-0.043843,0.326001,0.100000,0.020000,1,0.759856
25.122202,21.206125,-0.284321,360.943878,-371.152039,-309.187988,23013.375000,-21778.353516,-18617.201172,0.757635,-0.172929,-0.629353,0.100000,0.020000,1,0.653444
25.459723,20.989809,0.101376,25.263573,-67.430061,-34.978313,2146.691406,-3595.201172,-1804.902222,0.999094,0.042098,0.006239,0.100000,0.020000,1,0.813542
24.833332,20.725298,0.598928,15.394035,-6.134047,-78.081009,1029.881348,-669.760193,-4950.234375,0.527705,-0.376839,0.761262,0.100000,0.020000,1,0.805641
24.529934,21.131950,0.407607,-86.506943,20.555702,236.494507,-7022.701172,2677.048340,19072.849609,0.604113,-0.304831,-0.736292,0.100000,0.020000,1,0.918761
24.586630,20.840178,-0.022287,-23.989792,-216.143066,70.217819,-3924.668701,-13610.340820,2543.450928,0.836897,-0.080238,0.541448,0.100000,0.020000,1,0.803826
25.183035,20.965816,-0.299799,38.267025,-31.781578,-68.374176,2141.757568,-1483.656128,-4225.992676,0.914338,-0.008136,-0.404870,0.100000,0.020000,1,0.307127
25.843006,20.265844,-0.708657,177.291534,-218.741791,-231.629517,13312.028320,-16263.403320,-17981.601562,0.990275,0.069575,0.120476,0.100000,0.020000,1,0.785284
27.446774,22.046459,-1.315922,651.192017,278.505035,-323.495605,21262.033203,15595.064453,-18777.843750,0.991934,0.073642,-0.103166,0.100000,0.020000,1,0.933406
26.976870,20.301826,1.197668,470.041870,-216.731445,215.012878,36911.218750,-15992.974609,17124.357422,0.898993,0.002649,0.437955,0.100000,0.020000,1,0.737150
25.336187,21.184311,-0.088220,-138.475891,-202.988007,-94.784439,-8720.548828,-11493.572266,-5666.451660,0.975043,0.081342,-0.206579,0.100000,0.020000,1,0.402132
24.330860,21.342588,1.077903,-171.603821,80.291534,123.790253,-13943.208008,7145.582520,10133.401367,0.740409,-0.133283,0.658810,0.100000,0.020000,1,0.108629
25.048946,21.167416,0.382819,-60.313370,36.892380,17.538841,-4893.349609,3488.744873,1583.954346,0.937052,0.085360,0.338595,0.100000,0.020000,1,0.980775
24.846292,21.066803,-0.524905,-83.859985,-36.560432,41.128662,-5844.805176,-1330.231812,2803.950928,0.654162,-0.218440,-0.724124,0.100000,0.020000,1,0.948442
24.201406,20.691422,-2.210637,-134.279602,132.038742,-479.121490,-13349.160156,-3470.206055,-38223.664062,0.944827,0.118047,-0.305560,0.100000,0.020000,1,0.197815
25.034658,21.139404,-0.369922,-118.956665,-403.070465,411.331665,-7938.870117,-24353.337891,26499.279297,0.776609,-0.053769,-0.627684,0.100000,0.020000,1,0.564062
24.999746,20.373739,0.069311,-252.673950,189.286865,332.793884,-17406.591797,9716.638672,20513.945312,0.962711,0.132658,0.235772,0.100000,0.020000,1,0.045120
25.605375,21.277170,-0.057638,64.171677,-25.040009,11.228836,2234.376221,-972.211670,2178.166260,0.975709,0.204463,-0.078654,0.100000,0.020000,1,0.336933
24.904709,21.289740,-0.241781,-48.790192,15.837181,16.635780,-4465.359375,2556.389160,1802.506470,0.845035,0.057941,-0.531563,0.100000,0.020000,1,0.257961
24.444365,21.563900,1.585553,-284.836334,77.754410,424.872894,-9124.087891,2204.785889,12271.021484,0.967447,0.226283,0.113325,0.100000,0.020000,1,0.723662
25.434536,21.293207,0.132736,36.018730,14.846260,11.100185,2403.362305,2299.502197,1159.090454,0.972185,0.232409,0.029025,0.100000,0.020000,1,0.455498
25.654749,20.439501,0.369512,160.058716,-166.105621,-34.958069,12255.293945,-12417.875000,-2810.601562,0.761277,-0.029316,0.647764,0.100000,0.020000,1,0.595434
24.610979,21.144394,0.138778,-54.457169,83.712936,-52.338211,-6039.225586,6167.885254,-4555.086914,0.830628,0.071340,0.552240,0.100000,0.020000,1,0.672805
25.751633,21.388304,0.108722,168.089966,100.819550,-32.628021,6197.906250,5823.287598,-6216.724609,0.883561,0.148632,0.444104,0.100000,0.020000,1,0.475962
25.190487,21.163225,-0.482505,-13.277069,-66.629883,562.841492,-1363.657959,-3352.730225,34911.128906,0.892379,0.159102,-0.422311,0.100000,0.020000,1,0.497511
25.357750,21.474928,-0.240079,20.606438,39.867981,-133.950333,1182.133057,4564.560059,-10248.574219,0.941887,0.236783,0.238293,0.100000,0.020000,1,0.204968
24.995949,20.931593,0.521998,-74.783096,48.167862,75.368469,-4633.437012,3327.548828,4438.791504,0.628627,-0.191253,0.753823,0.100000,0.020000,1,0.025706
25.206995,21.542608,-0.685619,116.474854,79.792908,29.099686,7968.415527,7745.348633,1356.618408,0.688034,-0.097004,-0.719166,0.100000,0.020000,1,0.562639
27.362057,20.151377,0.351550,566.456177,-273.136475,206.026794,44429.199219,-20709.408203,16160.429688,0.846231,0.158724,-0.508625,0.100000,0.020000,1,0.999548
25.122082,20.261894,-0.147508,-239.299683,169.076782,-60.043121,-16193.292969,7493.005859,-3367.100342,0.910026,0.271369,-0.313387,0.100000,0.020000,1,0.304920
25.093098,20.916172,-0.521549,-57.153824,49.556686,11.025612,-4073.677490,2912.410889,589.614441,0.775974,0.083987,-0.625148,0.100000,0.020000,1,0.590968
25.182499,21.176037,0.197632,349.402954,-62.377781,-61.154320,20555.423828,-3752.213135,-2503.901367,0.899206,0.270493,0.343893,0.100000,0.020000,1,0.143399
25.629942,19.866655,-0.089477,215.215607,-53.163143,42.815624,371.767456,-14920.430664,-796.976074,0.929150,0.356450,-0.098099,0.100000,0.020000,1,0.798754
26.132233,20.046598,0.346534,202.709137,-379.999481,112.825020,3376.895996,-10891.355469,3090.844971,0.930967,0.364447,0.021879,0.100000,0.020000,1,0.191533
25.225567,21.224056,0.469730,-66.211075,2.825058,-58.271225,-4409.248535,1067.741089,-3521.823975,0.818212,0.183688,0.544782,0.100000,0.020000,1,0.544559
25.355770,20.955584,0.097439,54.875984,-108.326538,-4.521568,3217.701904,-7181.046875,770.024963,0.930334,0.310276,-0.195470,0.100000,0.020000,1,0.143720
25.273132,21.333290,-1.128779,166.597488,244.092712,-260.910706,10129.072266,16569.552734,-19858.373047,0.869039,0.290709,-0.400325,0.100000,0.020000,1,0.978764
25.943529,22.496044,2.129416,212.643723,402.381195,563.215454,5610.504395,14358.329102,16773.683594,0.906844,0.361412,0.216829,0.100000,0.020000,1,0.672342
25.375151,21.519106,-0.152925,-6.112904,-344.667847,-15.473608,-602.484314,-19936.203125,-932.723206,0.908036,0.364759,-0.205966,0.100000,0.020000,1,0.746812
24.791441,20.749506,0.202682,-168.071274,-157.593307,8.760071,-5919.642578,-4357.023438,1673.100952,0.841877,0.291402,0.454233,0.100000,0.020000,1,0.234205
25.810215,20.490820,1.830840,121.637787,-242.513214,603.514465,2718.995117,-6896.925781,19917.955078,0.909353,0.398881,0.118198,0.100000,0.020000,1,0.271235
25.564312,21.073154,0.558366,161.724579,3.103411,215.425934,11783.954102,515.499573,13714.831055,0.737193,0.099408,0.668330,0.100000,0.020000,1,0.591804
24.908251,20.470436,-0.476597,-2.161392,57.948708,406.228149,-2236.060303,964.385681,24691.439453,0.868572,0.383299,-0.314109,0.100000,0.020000,1,0.392897
25.682486,20.360254,0.667302,157.852905,-195.208084,33.727028,5883.264648,-7060.276367,1633.256470,0.864852,0.383769,0.323655,0.100000,0.020000,1,0.458398
24.984964,21.159796,-0.620913,64.407127,-12.124628,-89.594330,3536.831787,35.066257,-5830.889160,0.683864,0.014653,-0.729462,0.100000,0.020000,1,0.345866
24.948444,21.336372,-0.337326,-274.446350,-226.085785,-217.419006,-18622.273438,-13123.353516,-13099.519531,0.759327,0.217541,-0.613269,0.100000,0.020000,1,0.781352
24.525454,20.910505,1.398905,-57.986954,56.773956,367.283142,-7017.233887,2762.101074,30755.958984,0.793819,0.314189,-0.520708,0.100000,0.020000,1,0.752240
24.864443,21.104603,-0.261014,115.171188,-0.258232,17.364313,4762.221191,-404.518616,263.470764,0.859669,0.504884,-0.077853,0.100000,0.020000,1,0.712148
25.668682,20.732817,0.418888,120.353851,-116.708374,-19.547108,9407.741211,-8729.239258,-1624.173584,0.737957,0.196682,0.645551,0.100000,0.020000,1,0.206000
24.372063,20.966839,-0.913085,32.142334,50.828880,-188.457489,-2470.115479,2197.527344,-16434.470703,0.835678,0.504075,0.218063,0.100000,0.020000,1,0.557977
25.042963,21.535904,0.409929,-284.933228,-6.981995,85.697906,-19701.185547,892.388550,7765.929199,0.834423,0.515831,-0.194054,0.100000,0.020000,1,0.480072
25.425642,21.505980,0.095425,84.450500,-121.029396,-470.127472,5148.462402,-6451.057129,-29355.978516,0.846293,0.532171,0.024108,0.100000,0.020000,1,0.409677
25.451414,21.998369,-0.575462,50.813065,136.636780,-43.535080,3474.432617,12023.326172,-3739.458740,0.793203,0.434977,-0.426174,0.100000,0.020000,1,0.717576
24.930777,21.302994,0.655246,14.511518,35.534630,14.013260,226.250351,3609.733887,1139.549683,0.662730,0.010493,0.748785,0.100000,0.020000,1,0.647376
25.182432,21.271196,-0.608681,20.757847,4.576599,-5.308416,1368.010986,1273.015869,-512.499451,0.689613,0.123874,-0.713505,0.100000,0.020000,1,0.901767
25.128170,21.244432,0.257189,513.866028,-72.848938,481.245483,31403.656250,-4397.407227,29923.035156,0.772541,0.436806,0.460848,0.100000,0.020000,1,0.551980
25.108335,21.284105,-0.049106,17.108482,-3.406696,-78.337784,-264.423248,-50.542679,-4106.018066,0.790359,0.525588,-0.314787,0.100000,0.020000,1,0.721776
25.342997,21.455893,-0.381144,-565.118958,-191.922546,-130.278412,-35713.726562,-11061.788086,-8120.703613,0.745304,0.428000,-0.511213,0.100000,0.020000,1,0.360884
26.562737,21.750170,-0.016516,346.215271,103.442139,99.795227,27249.267578,9052.855469,8334.429688,0.708053,0.309894,-0.634529,0.100000,0.020000,1,0.916216
25.317774,21.227997,-0.416475,27.365871,-74.215485,-83.915878,1084.086670,-5104.086914,-7113.458008,0.768713,0.639181,0.022978,0.100000,0.020000,1,0.666381
25.207514,21.373091,0.680757,34.681000,-61.091057,-162.874603,1679.967773,-3208.348877,-9295.726562,0.711204,0.423898,0.560803,0.100000,0.020000,1,0.349140
24.921976,21.623217,-0.095760,-122.670959,-102.716721,-95.770920,-9743.515625,-5023.369629,-5079.420410,0.739681,0.532200,-0.411868,0.100000,0.020000,1,0.162742
25.510946,21.524393,0.394092,-536.215881,-236.313721,-58.876503,-33335.667969,-13872.840820,-3538.962402,0.727266,0.524148,0.443118,0.100000,0.020000,1,0.576109
25.532183,21.582792,0.004184,-409.368713,-19.855505,-209.705475,-25570.332031,-245.981674,-12911.305664,0.754795,0.649354,-0.092866,0.100000,0.020000,1,0.495376
25.659157,21.526699,0.703106,87.840759,-23.645536,143.893097,6356.087891,-760.735535,11630.992188,0.744698,0.656966,0.117566,0.100000,0.020000,1,0.812706
24.773073,21.024746,0.774991,80.195267,-133.665604,-197.534363,3547.191162,-8499.168945,-11714.913086,0.654137,0.102954,0.749336,0.100000,0.020000,1,0.693713
25.314383,21.415171,0.673370,-501.461670,-1.621838,-914.554749,-31610.878906,1010.498657,-56850.042969,0.738498,0.337042,0.583972,0.100000,0.020000,1,0.003605
24.527395,20.676882,0.542525,369.947815,-160.962311,140.861313,20309.675781,-12180.035156,8962.585938,0.681597,0.311442,0.662140,0.100000,0.020000,1,0.723342
26.128788,21.716057,0.489352,180.220917,67.074783,91.145935,14148.653320,6002.172852,7349.246582,0.788936,0.599380,0.135368,0.100000,0.020000,1,0.015599
25.083801,21.796728,0.869702,-45.565247,43.704315,182.903900,-4387.811035,4628.858887,14358.646484,0.727367,0.640060,0.247507,0.100000,0.020000,1,0.158293
25.503710,21.520329,-0.161694,-472.782837,-322.523560,-400.331909,-29541.611328,-19656.107422,-24931.212891,0.711377,0.632851,-0.305685,0.100000,0.020000,1,0.862192
25.620298,21.198593,0.357745,63.619110,-109.573738,165.405991,6844.570312,-3750.900879,4821.996582,0.725776,0.661538,-0.188722,0.100000,0.020000,1,0.119252
25.367188,21.481434,0.259960,-28.506172,-5.580374,15.921890,-2026.190308,368.668396,931.520386,0.733844,0.582372,0.349737,0.100000,0.020000,1,0.036507
25.374887,21.639513,-0.753798,49.536201,8.722153,-66.972298,1685.870605,2140.931885,-3585.987793,0.664321,0.526981,-0.530064,0.100000,0.020000,1,0.490197
25.158323,21.625738,0.160850,34.213150,-11.432097,2.953999,1072.414795,274.623444,-271.609772,0.672125,0.657338,0.340815,0.100000,0.020000,1,0.830838
24.927681,21.437378,-1.687803,-100.080002,-64.038437,-495.064270,-4445.601562,-1717.066528,-14464.695312,0.671619,0.736164,-0.083602,0.100000,0.020000,1,0.635792
25.034990,21.692303,-0.513624,447.805786,-830.116638,104.929047,27183.792969,-50586.769531,6552.059082,0.645675,0.437621,-0.625773,0.100000,0.020000,1,0.660580
25.036997,21.579992,0.137429,545.685547,-308.466064,670.323608,33150.476562,-18403.085938,41111.246094,0.648375,0.541605,0.535046,0.100000,0.020000,1,0.420461
25.185225,20.855198,-0.061602,78.406113,-35.158386,-47.828201,4103.047852,-4420.336914,-4711.738770,0.645869,0.628906,0.432816,0.100000,0.020000,1,0.608566
25.323975,21.593744,-0.312056,-209.981415,-113.218933,-149.156921,-13548.469727,-6277.290039,-9346.358398,0.649611,0.637729,-0.413893,0.100000,0.020000,1,0.242391
25.332075,21.509840,0.141374,97.193916,389.063812,-109.416824,5640.674805,24787.119141,-6715.790039,0.652810,0.747853,0.120649,0.100000,0.020000,1,0.994762
25.161182,21.944189,0.187410,167.895935,-16.037601,109.172546,9451.678711,973.086731,8360.914062,0.627560,0.750529,-0.207063,0.100000,0.020000,1,0.982679
24.826719,21.768028,0.228684,-82.276306,245.765503,281.325378,-7804.187012,16728.564453,18671.103516,0.637349,0.770471,0.012671,0.100000,0.020000,1,0.709942
25.330517,21.478735,-0.866196,50.675110,4.768909,-67.511063,2137.936768,-216.045410,-1222.175537,0.637394,0.203503,-0.743180,0.100000,0.020000,1,0.108807
25.327217,20.567282,0.853559,57.956375,-430.130829,357.640228,1638.912964,-18094.527344,18101.882812,0.618132,0.430945,0.657419,0.100000,0.020000,1,0.412186
25.448006,21.196205,0.322875,108.039398,16.586378,38.246902,6893.039551,-147.187210,3040.712158,0.612990,0.759440,0.217933,0.100000,0.020000,1,0.340349
24.941685,20.264023,-1.665318,102.055855,5.949055,-340.985901,1321.835938,-18352.875000,-6744.793945,0.597845,0.520480,-0.609658,0.100000,0.020000,1,0.283104
25.428587,21.688723,-0.375823,-351.898254,-71.471992,76.797333,-21889.814453,-3331.329590,4961.316895,0.591918,0.625838,-0.507898,0.100000,0.020000,1,0.694461
25.173006,20.130470,-0.752017,134.270050,-36.326355,140.763992,3066.637207,2496.023438,14033.688477,0.583132,0.755166,-0.299467,0.100000,0.020000,1,0.163311
25.879168,21.526230,0.393464,222.923218,26.314499,299.552094,18603.251953,5102.164062,18788.480469,0.607720,0.305781,-0.732922,0.100000,0.020000,1,0.994441
24.337498,22.111856,-0.268167,-98.610809,232.030884,55.116394,-10563.348633,17257.664062,3718.231445,0.555510,0.723365,-0.410062,0.100000,0.020000,1,0.795516
25.074074,21.467056,-0.081965,63.934212,-85.930817,18.941727,3137.786621,-1957.871460,2741.356934,0.556957,0.756599,0.342573,0.100000,0.020000,1,0.982359
26.286392,22.361670,-0.091595,248.612305,167.357880,-41.828262,19304.384766,13903.082031,-2684.682373,0.544392,0.832604,-0.102017,0.100000,0.020000,1,0.795640
24.658484,21.829758,0.447539,428.963318,-171.964722,277.141296,24290.460938,-9181.781250,17536.828125,0.548687,0.628898,0.550844,0.100000,0.020000,1,0.699372
23.965076,21.859068,-1.051582,-328.324158,29.834503,-251.154907,-26755.964844,3081.784668,-19639.378906,0.523736,0.831905,-0.183398,0.100000,0.020000,1,0.588548
25.312174,21.772034,0.079895,-185.955536,-2.369799,-137.881042,-12170.791016,607.539795,-8437.417969,0.517018,0.855728,0.020547,0.100000,0.020000,1,0.615008
25.722046,20.246340,-1.523020,217.381409,-515.006531,-521.065002,7375.158203,-16595.773438,-18321.265625,0.495764,0.819911,-0.286293,0.100000,0.020000,1,0.932658
24.872988,21.845062,0.223726,-97.542755,-1.511312,139.060272,-8392.968750,962.518494,9277.031250,0.508579,0.850942,0.131319,0.100000,0.020000,1,0.265345
25.350374,21.808226,0.123893,-93.130951,-61.496979,6.088058,-6065.514648,-2964.541016,165.777634,0.498226,0.838143,0.222007,0.100000,0.020000,1,0.647020
25.189257,21.541029,0.612347,-52.624542,-55.140076,-31.337067,-3652.734131,-2731.884521,-1604.633179,0.543506,0.519877,0.659036,0.100000,0.020000,1,0.433539
25.103651,21.781820,-0.022931,-98.695877,-204.899567,285.784363,-7246.042480,-11883.290039,16455.673828,0.494308,0.744644,0.448515,0.100000,0.020000,1,0.336274
25.043386,21.737196,-0.487166,94.980896,-486.131744,36.501274,4828.974609,-29792.253906,1946.582031,0.475533,0.719526,-0.506113,0.100000,0.020000,1,0.721366
25.114365,22.165846,0.305032,5.401100,65.149368,4.625951,-674.264709,6484.854492,402.903625,0.453963,0.819002,0.350931,0.100000,0.020000,1,0.319565
24.982176,21.231039,0.519223,-163.084015,-27.477360,103.989243,-11040.601562,-1303.121338,6206.412109,0.612914,0.208771,0.762070,0.100000,0.020000,1,0.030920
24.807518,21.786207,0.674872,-57.738602,87.690796,15.244431,-5221.263672,7977.218262,1273.082642,0.581096,0.299595,0.756684,0.100000,0.020000,1,0.886019
25.139435,21.594538,0.321790,364.988678,-45.816925,247.809448,22118.111328,-3311.047119,16599.222656,0.383810,0.915992,0.116828,0.100000,0.020000,1,0.314458
25.226839,21.980150,0.052274,-20.057640,-155.747284,-118.499710,-1803.946289,-8686.132812,-6962.414551,0.371237,0.924153,-0.090137,0.100000,0.020000,1,0.559436
24.586634,21.039034,-0.622357,-50.209641,72.168457,-16.681961,-6014.052734,2768.942139,-1562.349854,0.464037,0.622058,-0.630646,0.100000,0.020000,1,0.202050
24.866203,21.472076,0.557932,-61.752274,-23.170315,40.312752,-5654.666504,-1771.726318,3030.173584,0.423352,0.714799,0.556629,0.100000,0.020000,1,0.183402
24.595098,20.909395,0.736854,-489.000732,417.255127,-53.502422,-33850.292969,23381.318359,-1794.474243,0.392614,0.801367,0.451293,0.100000,0.020000,1,0.518330
24.678427,21.670149,-0.471253,-112.867218,-23.930927,-32.612465,-9797.543945,-1362.393066,-2669.771484,0.387978,0.825692,-0.409518,0.100000,0.020000,1,0.138274
25.157145,21.939201,0.234532,-10.303452,-128.637634,-94.939713,-1392.622925,-7133.692383,-5791.622070,0.352989,0.905657,0.234914,0.100000,0.020000,1,0.707237
25.189383,21.900995,0.075188,-95.334061,-82.718246,-48.558907,-6691.470215,-4467.309082,-2757.539307,0.355638,0.934622,0.002012,0.100000,0.020000,1,0.508970
25.247805,21.355433,-1.195514,62.047577,-53.233040,-159.130615,4091.829102,-3080.807617,-12578.173828,0.536769,0.400780,-0.742465,0.100000,0.020000,1,0.157065
25.196253,21.525686,-0.706526,-88.379684,-16.400898,145.127777,-5695.569336,-423.308014,8574.126953,0.486951,0.503831,-0.713466,0.100000,0.020000,1,0.934741
25.098337,21.656786,0.473434,163.966812,-197.415726,234.597534,9735.843750,-11609.959961,14575.031250,0.452258,0.592294,0.666821,0.100000,0.020000,1,0.665563
25.135174,21.828918,-0.887908,115.877167,141.100739,-97.617065,6821.274902,10120.116211,-7834.219727,0.396093,0.682255,-0.614523,0.100000,0.020000,1,0.780159
25.187422,21.943665,-0.074678,234.208206,34.582413,-244.785782,14303.072266,3121.404541,-14715.221680,0.309226,0.896957,-0.315987,0.100000,0.020000,1,0.411136
24.464834,22.250889,0.148702,-133.216187,92.432343,-39.291382,-11886.525391,8062.395996,-2968.053711,0.305009,0.891665,0.334519,0.100000,0.020000,1,0.770283
24.947239,22.327356,0.108366,-11.827621,54.320755,20.711742,-2261.308350,5715.409180,1726.998291,0.270679,0.962618,0.010010,0.100000,0.020000,1,0.414037
25.063227,23.666477,-0.488830,-19.388651,494.867523,-42.225372,191.341797,27728.345703,2879.389160,0.330262,0.787019,-0.521083,0.100000,0.020000,1,0.078004
26.802422,21.407843,0.047903,462.934448,-149.584229,111.696579,35608.609375,-10670.700195,8642.774414,0.294022,0.858669,-0.419808,0.100000,0.020000,1,0.896518
25.442511,20.503132,-0.782233,232.667480,-60.496307,-143.387390,15306.132812,-9213.064453,-11995.279297,0.244994,0.964579,-0.097802,0.100000,0.020000,1,0.431190
25.796602,21.978081,0.355992,223.132568,39.340820,-33.181046,7123.177246,3849.584229,1067.399902,0.319414,0.766270,0.557499,0.100000,0.020000,1,0.625792
25.158232,22.794992,0.469810,24.634371,240.532104,173.000824,915.915955,19554.695312,13567.303711,0.295633,0.932767,-0.206269,0.100000,0.020000,1,0.028162
26.445265,21.577267,0.669322,351.365906,-102.617599,117.837173,27080.628906,-7389.425781,9502.455078,0.222240,0.949638,0.220899,0.100000,0.020000,1,0.720263
24.216484,20.886005,1.090143,-214.682724,-262.611755,302.384277,-10573.994141,-14289.248047,19296.968750,0.217153,0.969508,0.113568,0.100000,0.020000,1,0.939759
24.937775,21.552786,-0.190628,-363.153687,-363.532898,-252.529587,-24061.003906,-22528.195312,-14379.164062,0.418097,0.565621,-0.710822,0.100000,0.020000,1,0.814823
24.867804,21.634476,0.606434,63.625767,3.344313,117.843704,2546.431641,551.358032,7809.877441,0.352037,0.671388,0.652156,0.100000,0.020000,1,0.268655
24.577230,21.482084,0.043567,12.747314,-51.208656,61.194088,-1955.702881,-4564.458984,2981.133301,0.184341,0.929069,0.320701,0.100000,0.020000,1,0.788861
24.289850,22.341331,-0.152100,-179.303467,64.923187,21.073322,-9892.829102,7545.526367,928.126465,0.173170,0.937429,-0.302057,0.100000,0.020000,1,0.280115
25.002764,21.426218,0.592534,29.597607,3.072048,-17.186108,1110.065430,782.617798,-1148.104980,0.517881,0.381349,0.765750,0.100000,0.020000,1,0.248209
26.045444,21.775160,1.530912,233.223434,94.966133,441.631927,5184.776855,3831.070312,17184.308594,0.460174,0.468385,0.754225,0.100000,0.020000,1,0.995349
24.979248,21.609774,-0.572633,-110.962677,172.496918,158.241730,-7964.877441,10813.698242,9626.047852,0.286026,0.737042,-0.612339,0.100000,0.020000,1,0.388804
24.743256,21.706947,1.782394,-100.451714,-42.972763,400.896484,3483.183350,-3693.208252,19571.871094,0.221224,0.867046,0.446420,0.100000,0.020000,1,0.005136
24.758520,21.939116,0.077825,426.086273,82.241318,174.129486,24951.455078,5450.287598,11280.590820,0.113239,0.993509,0.010801,0.100000,0.020000,1,0.867530
24.991814,21.915440,0.086855,20.752775,99.239456,-8.314430,428.384644,6369.285156,-514.366882,0.082888,0.990874,0.106297,0.100000,0.020000,1,0.941680
25.104763,22.009258,-0.011530,-107.429230,31.139004,202.495911,-7086.107910,567.851440,8390.099609,0.196329,0.824115,-0.531309,0.100000,0.020000,1,0.198989
23.549957,22.546417,1.773463,-418.980896,193.716644,363.497742,-31228.779297,11301.716797,25969.560547,0.122792,0.894288,0.430315,0.100000,0.020000,1,0.760603
24.727795,21.558386,-0.000334,212.017700,-402.744141,101.242249,11425.536133,-26843.820312,6657.608887,0.070015,0.994255,-0.080968,0.100000,0.020000,1,0.214417
24.949455,22.348227,0.220887,-13.833542,60.342514,19.319336,-1844.599976,5726.749512,1425.161621,0.063087,0.974284,0.216313,0.100000,0.020000,1,0.184861
24.954058,21.726299,-0.316613,-24.434700,42.792419,17.954967,-2493.695557,2003.193237,471.387207,0.059883,0.978093,-0.199367,0.100000,0.020000,1,0.993445
25.134623,21.948294,0.533632,39.129440,10.074043,16.753242,2281.742920,1572.027710,1442.033691,0.184499,0.810119,0.556478,0.100000,0.020000,1,0.372931
24.432404,21.200933,0.255456,-108.188202,116.551910,160.378296,-9908.954102,5501.629395,9039.825195,0.233951,0.724297,0.648584,0.100000,0.020000,1,0.129306
25.020214,21.920843,-0.525929,324.700531,-463.238129,104.397224,19925.894531,-28340.210938,6407.810059,0.175731,0.774319,-0.607905,0.100000,0.020000,1,0.878385
25.101028,22.024426,-0.051918,-124.145569,-9.470754,-197.120789,-8291.740234,69.787537,-11956.183594,0.109229,0.971138,-0.212039,0.100000,0.020000,1,0.116138
24.457163,21.764151,1.237094,-44.904877,28.122475,236.240906,-5815.550293,3072.496094,17580.603516,0.378285,0.536873,0.754101,0.100000,0.020000,1,0.615097
24.705351,21.337463,-0.724944,15.531948,21.645559,-21.059784,-925.321289,542.942322,-1937.397949,0.308733,0.609561,-0.730150,0.100000,0.020000,1,0.553635
25.016680,22.005068,-0.180326,-126.871445,-127.537094,-400.476746,-8625.234375,-7285.306152,-24586.671875,0.096177,0.894884,-0.435812,0.100000,0.020000,1,0.067470
24.948265,22.703405,-0.898631,51.405502,237.369659,-195.772461,2448.202881,18363.636719,-15049.736328,0.016866,0.947097,-0.320504,0.100000,0.020000,1,0.489930
24.802126,22.080456,0.353076,113.659561,-88.769485,-106.527771,5808.102051,-4824.337891,-6385.345215,0.007444,0.939392,0.342764,0.100000,0.020000,1,0.998676
25.090511,22.125885,0.050625,-250.267212,-100.625000,8.601467,-15919.039062,-5663.264648,691.995300,-0.052041,0.998467,0.018844,0.100000,0.020000,1,0.772597
24.720739,21.397371,-0.538193,-22.115959,-247.476089,-253.107315,-451.067261,-579.980469,-5387.264648,-0.065331,0.990027,0.124810,0.100000,0.020000,1,0.528117
25.657143,20.733948,0.042391,370.612488,-464.534058,-173.410797,25735.322266,-34499.066406,-10481.018555,-0.083417,0.992733,-0.086738,0.100000,0.020000,1,0.086172
24.635660,20.878565,-0.478597,24.921043,90.515221,-232.477036,-527.031616,2641.312012,-14330.268555,0.226553,0.670184,-0.706772,0.100000,0.020000,1,0.455925
24.901627,21.449575,0.756354,50.493515,-49.526691,54.799133,11.621460,-1460.120361,7262.177246,0.133207,0.757800,0.638744,0.100000,0.020000,1,0.884773
25.040968,22.401283,0.692256,33.120846,116.200409,45.527298,1810.683472,9824.781250,3956.834961,0.053121,0.836282,0.545719,0.100000,0.020000,1,0.665722
26.055790,21.522152,0.952172,342.277435,-157.475403,168.099487,23007.328125,-13306.367188,8201.714844,-0.018423,0.903894,0.427360,0.100000,0.020000,1,0.928779
23.595331,22.093100,-0.472683,-388.995544,-8.541786,-84.229645,-14896.884766,1513.126099,-1519.642578,-0.092275,0.975130,-0.201510,0.100000,0.020000,1,0.582658
25.136494,21.545238,1.103305,43.944817,-24.104774,97.416077,2741.015869,-1507.181885,8293.242188,0.286475,0.604011,0.743709,0.100000,0.020000,1,0.622571
24.919399,22.134991,-0.341375,-46.607414,-235.481659,67.710281,-3553.314697,-13720.356445,4538.131348,-0.030411,0.859732,-0.509840,0.100000,0.020000,1,0.286111
25.593346,23.471943,-0.564971,207.210968,373.640259,-209.208679,15342.103516,29839.292969,-16371.507812,-0.129321,0.961424,0.242776,0.100000,0.020000,1,0.098255
24.043831,21.128630,0.083415,111.875763,40.326992,71.319901,2898.222168,-920.296143,3759.773438,-0.127983,0.935669,0.328852,0.100000,0.020000,1,0.709728
24.796913,22.321033,-1.429941,-88.863602,104.589203,-347.209534,-4255.363770,3166.884033,-11463.105469,0.029002,0.791036,-0.611082,0.100000,0.020000,1,0.603317
24.816269,22.211617,-0.048593,-135.087585,-225.479858,-455.850098,-9453.753906,-13187.817383,-27912.306641,-0.132748,0.937748,-0.320947,0.100000,0.020000,1,0.209310
24.718811,22.073465,0.011526,25.209290,30.762978,17.061501,405.898499,2133.044434,1113.428711,-0.217322,0.976094,0.003519,0.100000,0.020000,1,0.192779
26.554817,22.408138,0.382011,615.384399,281.754242,280.711426,18013.324219,6972.571289,6184.920410,-0.057248,0.903077,-0.425646,0.100000,0.020000,1,0.080495
25.009817,22.498745,1.463199,56.716621,119.433014,232.557007,3494.752930,10178.981445,19002.078125,-0.069526,0.838614,0.540271,0.100000,0.020000,1,0.889418
25.168352,22.262611,-0.235753,127.681702,111.809891,119.423668,4499.110352,5936.646973,5610.482422,-0.155106,0.901368,-0.404325,0.100000,0.020000,1,0.531213
24.214394,21.540361,-0.155265,-49.764236,109.087196,-32.998688,-6360.694336,4840.628418,-3112.965820,-0.236213,0.964878,0.114953,0.100000,0.020000,1,0.868100
24.866013,21.895164,0.153448,-354.051392,386.878784,431.747009,-22844.083984,23843.755859,28144.710938,-0.238809,0.968106,-0.075768,0.100000,0.020000,1,0.584081
25.950583,22.815767,0.590739,336.125183,264.829742,-3.571747,9563.800781,7860.303711,-745.361755,0.020739,0.760499,0.649008,0.100000,0.020000,1,0.482314
24.476717,21.501205,0.754992,-25.335953,42.031807,28.086525,-4214.509277,2205.256104,2458.468262,0.195442,0.638220,0.744633,0.100000,0.020000,1,0.211784
24.659410,21.962732,0.169038,21.067509,-61.020325,-0.294443,-38.183994,-3751.198242,-809.337097,-0.166082,0.876704,0.451450,0.100000,0.020000,1,0.113611
24.548615,21.387203,0.690548,64.061913,22.360722,35.134048,2347.486816,-1158.189209,4040.894287,-0.245365,0.914953,0.320402,0.100000,0.020000,1,0.055263
24.453579,22.612448,-0.132471,-47.517624,113.305817,32.612671,-3636.641602,10404.488281,1671.228271,-0.250132,0.916608,-0.311872,0.100000,0.020000,1,0.928690
24.819798,22.264380,-0.271792,34.851421,22.228966,-16.356472,1644.904419,2389.337646,-1454.880127,-0.266927,0.939404,-0.215104,0.100000,0.020000,1,0.194078
24.909424,21.721830,-0.710540,-142.284302,-213.714371,507.291138,-9637.555664,-13325.540039,31444.851562,0.104399,0.684234,-0.721751,0.100000,0.020000,1,0.178081
24.842211,22.601311,-1.373717,37.099335,183.017609,-249.140930,2425.467773,14442.184570,-19838.310547,-0.075658,0.787245,-0.611982,0.100000,0.020000,1,0.364336
24.825279,21.700205,0.958541,63.706390,-24.590530,46.508850,3031.670410,-1436.102295,4508.366211,0.107585,0.670965,0.733642,0.100000,0.020000,1,0.249793
24.856401,22.158663,-0.374541,-310.461060,-537.269287,189.691406,-19973.669922,-32943.628906,12113.308594,-0.196617,0.834871,-0.514133,0.100000,0.020000,1,0.720174
24.733454,21.934736,0.358044,40.968349,13.569111,23.387718,1761.705688,449.132874,2186.253174,-0.291364,0.926768,0.237082,0.100000,0.020000,1,0.210911
24.748102,21.673063,0.234517,11.207507,-105.350891,53.764740,167.709885,-8321.637695,4314.345215,-0.374634,0.927000,0.017898,0.100000,0.020000,1,0.951022
23.155474,22.680775,-0.006625,-500.138580,264.674469,-172.054825,-14935.785156,11150.386719,-6559.001953,-0.197073,0.819437,0.538225,0.100000,0.020000,1,0.359568
24.539267,21.165764,-0.029520,-35.810135,-223.281189,103.834564,-3788.627197,-17517.345703,7835.657227,-0.281332,0.861038,-0.423634,0.100000,0.020000,1,0.153738
24.430815,22.308212,0.227058,-53.317093,119.161713,22.443224,-5339.644531,8882.065430,936.162537,-0.281259,0.857399,0.430999,0.100000,0.020000,1,0.860751
24.650225,22.287598,0.058620,-16.007820,113.403778,5.208937,-772.254089,3390.280518,-696.449097,-0.377214,0.907998,-0.182343,0.100000,0.020000,1,0.387238
24.616974,22.194544,-0.048703,-59.625214,56.770004,-321.587006,-4781.223145,4083.005371,-20237.789062,-0.392532,0.916272,-0.079772,0.100000,0.020000,1,0.580451
24.420612,22.184198,0.147039,-172.341522,-298.225891,-144.293304,-12701.760742,-18356.335938,-8900.060547,-0.393957,0.910914,0.122614,0.100000,0.020000,1,0.939421
26.291636,22.039558,0.182218,440.704651,63.088173,-69.954041,22073.685547,-2240.893555,-9597.777344,-0.090202,0.747113,0.658548,0.100000,0.020000,1,0.813969
24.621855,22.282719,-0.291807,-110.169373,-390.040100,549.447144,-7905.448242,-23624.035156,34424.988281,-0.380460,0.878034,-0.290355,0.100000,0.020000,1,0.675830
24.503677,22.261566,0.229123,335.316437,-99.965057,44.727348,19739.166016,-5471.035156,3047.821533,-0.397213,0.890720,0.220995,0.100000,0.020000,1,0.409623
25.778675,22.652945,-0.035105,350.693420,213.078354,-233.000320,9642.617188,8387.389648,-10340.160156,-0.389912,0.862910,0.321487,0.100000,0.020000,1,0.675011
24.424187,21.715057,-1.168925,-43.373436,-137.119720,-228.699539,-1480.583740,11176.498047,-2910.216797,-0.213951,0.769787,-0.601376,0.100000,0.020000,1,0.795623
24.099419,22.453323,0.500605,-96.440125,75.510468,16.936832,-9284.698242,6864.222656,1417.464844,-0.295879,0.797514,0.525763,0.100000,0.020000,1,0.497208
24.634590,21.280272,-0.974714,24.805128,-232.568878,-156.979004,622.025513,-17533.732422,-12307.943359,-0.308830,0.806125,-0.504763,0.100000,0.020000,1,0.619688
23.658859,21.382746,-2.325835,-373.458740,330.187256,-329.945679,-19658.824219,13127.250000,-4035.730469,-0.390097,0.829464,-0.399767,0.100000,0.020000,1,0.770710
24.648312,21.397726,0.294978,425.091339,-579.228027,304.869751,26317.146484,-39473.675781,20465.316406,-0.494851,0.868972,0.003314,0.100000,0.020000,1,0.703714
24.637676,21.682646,-0.687072,55.576355,-47.358734,43.625130,2016.751221,-3242.668945,2282.122314,-0.011994,0.690111,-0.723604,0.100000,0.020000,1,0.229970
23.337019,21.651049,-0.498920,-184.645645,-121.528320,124.450195,-2432.226562,-2989.539062,8916.190430,-0.496508,0.843570,-0.204621,0.100000,0.020000,1,0.527654
25.067345,20.715408,0.942412,290.862701,-94.076569,200.329498,19647.371094,-11678.666016,16145.415039,-0.502870,0.854221,0.132018,0.100000,0.020000,1,0.376259
24.568521,21.978643,0.028412,-246.419495,278.435303,-145.058777,-16327.892578,17093.951172,-8749.821289,-0.511788,0.854721,-0.086743,0.100000,0.020000,1,0.884346
24.779713,21.972307,0.540813,-206.909668,-89.048889,-256.324829,-13510.088867,-5224.736816,-16021.752930,-0.218128,0.741980,0.633944,0.100000,0.020000,1,0.694051
24.348030,21.969862,0.251746,239.701294,-323.574707,-283.962463,13289.363281,-20580.201172,-18343.191406,-0.412589,0.795576,0.443654,0.100000,0.020000,1,0.416652
24.207247,21.723452,0.391984,159.831726,-41.291183,-114.151352,7866.730469,-4076.746094,-6351.299316,-0.512450,0.825529,0.236424,0.100000,0.020000,1,0.594455
24.957064,21.808453,-0.306705,-89.062759,-196.310181,67.916336,-5540.947754,-12315.788086,5368.378906,-0.103224,0.693953,-0.712583,0.100000,0.020000,1,0.276307
23.965626,22.064163,0.568545,-113.335419,-12.080448,77.513290,-10261.919922,-706.533569,6123.893555,-0.523169,0.779196,0.345178,0.100000,0.020000,1,0.571750
26.052254,23.195763,1.516809,490.806061,302.649414,528.804626,14568.411133,10581.257812,15968.659180,-0.538681,0.785248,-0.305301,0.100000,0.020000,1,0.896749
24.647198,22.011898,-0.398700,-208.366898,128.719757,114.445908,-13610.471680,8277.848633,7298.202637,-0.419886,0.740453,-0.524809,0.100000,0.020000,1,0.987430
22.967436,23.459984,2.694985,-680.466492,697.654663,955.226562,-27254.662109,29139.423828,37201.023438,-0.420216,0.735513,0.531450,0.100000,0.020000,1,0.668160
24.590664,22.932522,-0.976062,39.635223,227.997742,-159.536255,2080.590088,18181.052734,-12748.509766,-0.522014,0.741063,-0.422288,0.100000,0.020000,1,0.930559
23.643333,22.671309,0.179363,-171.368622,150.385345,-15.648125,-9795.709961,5517.024902,3844.426025,-0.637435,0.760749,0.122221,0.100000,0.020000,1,0.951592
24.305758,22.142059,-0.012717,59.832664,-14.978302,28.433392,2470.913818,-771.529846,1735.812500,-0.650152,0.759802,0.001743,0.100000,0.020000,1,0.428645
24.294140,22.327190,-0.010911,2.506508,30.935249,6.581055,-1186.956421,2910.909424,626.682800,-0.650389,0.755642,-0.077459,0.100000,0.020000,1,0.121921
22.768940,21.835974,-2.182039,-376.106323,313.363068,-679.325684,-11819.429688,7560.575684,-23634.433594,-0.006269,0.782897,-0.622119,0.100000,0.020000,1,0.126263
25.278811,21.765966,0.319956,156.401733,-27.588333,-55.941254,11110.198242,-1558.320068,-4684.244141,-0.007959,0.660353,0.750913,0.100000,0.020000,1,0.118771
24.721395,21.693113,0.666517,144.373535,20.324890,-83.751633,8271.994141,954.994080,-4956.409180,-0.103999,0.664114,0.740362,0.100000,0.020000,1,0.478186
24.362885,21.992155,0.411915,144.440216,4.557436,-17.720081,7822.892578,182.454468,-872.563538,-0.534330,0.718718,0.444898,0.100000,0.020000,1,0.338374
24.709513,21.397013,-0.183466,62.889076,-6.053505,68.777374,3388.834473,-2193.937012,5935.150391,-0.221209,0.666636,-0.711803,0.100000,0.020000,1,0.834984
24.614885,22.006464,-0.547035,-32.186539,-31.805000,49.329659,-2735.916504,-1589.194092,2934.172119,-0.342060,0.692486,-0.635184,0.100000,0.020000,1,0.304636
24.806311,21.621553,0.306663,-44.808090,-73.655312,-71.474236,-4785.375000,-1745.985229,-2468.563477,-0.322599,0.675934,0.662603,0.100000,0.020000,1,0.034034
24.294880,21.984833,-0.292097,-379.706604,-173.727448,50.077431,-25726.261719,-10761.223633,3942.069336,-0.430782,0.670871,-0.603621,0.100000,0.020000,1,0.453380
24.496674,22.114956,-0.371400,23.124458,14.552238,4.289852,795.256897,1444.339478,407.067444,-0.529886,0.678259,-0.509102,0.100000,0.020000,1,0.579419
24.431944,22.045473,0.208416,-30.391731,23.776413,9.794380,-2553.492920,1480.001587,374.171417,-0.646449,0.684879,0.336221,0.100000,0.020000,1,0.147083
24.312954,21.925966,-0.162707,-18.459137,61.016640,-223.841797,-2270.075684,3304.313721,-13779.505859,-0.657747,0.686294,-0.310434,0.100000,0.020000,1,0.663320
26.576439,20.785852,-0.347312,778.435364,-106.814743,7.401642,9425.157227,1864.180420,-4650.489258,-0.676759,0.696965,0.237144,0.100000,0.020000,1,0.205876
22.922146,21.430002,-1.261798,-272.249451,226.811462,-181.940536,-15596.447266,-828.128418,-4120.298340,-0.744730,0.667345,0.005162,0.100000,0.020000,1,0.776956
24.291464,22.133593,-0.126178,24.911247,-33.050598,41.333290,650.800964,-1875.813965,2408.450439,-0.741853,0.663284,-0.098528,0.100000,0.020000,1,0.855181
24.317116,21.748755,-0.496252,-48.449570,-57.190048,55.344261,-4078.363770,-4776.136230,2738.948730,-0.651844,0.645614,-0.397847,0.100000,0.020000,1,0.968568
24.908522,21.652864,1.066136,204.571228,-106.369568,305.341858,7310.778809,-3492.280762,3249.829102,-0.754853,0.644071,0.123975,0.100000,0.020000,1,0.435621
22.522423,21.660784,0.037995,-212.259247,197.602219,71.924332,-22060.078125,-912.662109,-4069.899414,-0.748441,0.636353,-0.186791,0.100000,0.020000,1,0.202068
24.948570,23.455841,1.247188,152.860260,568.939331,142.636871,4349.809570,20855.451172,2302.407471,-0.428006,0.626436,0.651451,0.100000,0.020000,1,0.518064
24.498312,21.944143,-0.199091,45.720741,1.394628,-5.295003,2658.988037,-452.116760,-425.962280,-0.694479,0.684013,-0.223215,0.100000,0.020000,1,0.111315
24.053064,22.047518,0.648768,54.579418,-16.129692,-9.586172,1362.652222,-863.142639,646.614136,-0.648513,0.621092,0.440085,0.100000,0.020000,1,0.969226
24.509150,21.772730,-0.037861,-197.681824,-96.062805,2.990339,-12368.134766,-7260.675781,-726.523987,-0.752480,0.617787,0.228282,0.100000,0.020000,1,0.789537
24.200075,22.137186,0.271649,42.678360,-51.087662,-25.616772,1529.173950,-2808.115234,-1530.111938,-0.740274,0.593346,0.316124,0.100000,0.020000,1,0.910878
24.392845,21.921122,-0.290177,39.227150,-23.971283,-2.694853,2136.045654,-2009.228882,-377.140076,-0.746543,0.592222,-0.303226,0.100000,0.020000,1,0.371596
25.073450,21.597729,0.835030,122.437592,-82.299042,53.834763,8773.742188,-6075.715820,4416.165527,-0.229497,0.626053,0.745244,0.100000,0.020000,1,0.352716
24.776966,22.003859,-0.056471,-281.150726,-289.172760,-36.496372,-17677.960938,-17566.726562,-127.032814,-0.314591,0.609730,-0.727504,0.100000,0.020000,1,0.186071
23.949745,22.335451,-0.604511,-82.996628,72.123291,-31.206722,-6363.551270,6638.672852,-149.612915,-0.533947,0.576161,-0.618820,0.100000,0.020000,1,0.909650
24.142441,22.474686,-0.319879,11.994211,99.434021,-36.849564,-294.689178,8094.148926,-3035.026123,-0.825276,0.532066,-0.189276,0.100000,0.020000,1,0.963087
24.133429,22.029182,0.040807,52.228264,20.964027,73.477646,2231.078857,1252.933350,4381.702637,-0.835623,0.534014,0.128694,0.100000,0.020000,1,0.612125
24.079861,22.099396,0.002541,69.041168,-39.866722,8.244619,3095.280518,-2312.123535,444.177338,-0.845312,0.533632,0.026188,0.100000,0.020000,1,0.554631
24.442488,22.091251,0.511934,130.323471,-274.755707,10.456375,7543.586426,-16762.833984,894.100830,-0.551489,0.604813,0.574509,0.100000,0.020000,1,0.010919
24.303883,21.880379,0.636010,-194.313339,-199.919891,-309.031738,-13158.734375,-12947.141602,-18632.400391,-0.643046,0.545093,0.537926,0.100000,0.020000,1,0.636219
24.326061,21.779268,-0.297920,-69.179855,168.453751,-84.706711,-4748.269531,5822.321289,-6723.626953,-0.745420,0.528092,-0.406777,0.100000,0.020000,1,0.579988
24.269794,21.287033,-1.275850,22.945923,-149.145386,-221.567505,1033.186401,-12574.531250,-19061.378906,-0.852569,0.516889,-0.077143,0.100000,0.020000,1,0.128541
24.397057,21.132334,1.573938,129.831955,92.881050,428.349884,861.852051,3321.969238,15390.170898,-0.536101,0.549541,0.640781,0.100000,0.020000,1,0.068413
23.278551,23.559715,-1.610844,-259.086243,463.481110,-362.274292,-10228.958984,14657.421875,-12043.105469,-0.653107,0.554887,-0.515317,0.100000,0.020000,1,0.035689
23.755878,21.546188,0.278769,202.487610,-66.133926,64.065720,9880.261719,-5991.526855,3703.218018,-0.726239,0.516196,0.454002,0.100000,0.020000,1,0.436600
24.322996,21.956226,0.254601,-328.179626,15.001602,75.507347,-20907.216797,664.071289,5090.344238,-0.838179,0.497700,0.223049,0.100000,0.020000,1,0.129519
24.315832,21.908216,-0.305452,-317.759216,71.501266,-607.897400,-20932.445312,4448.999023,-37650.230469,-0.609140,0.516017,-0.602225,0.100000,0.020000,1,0.230201
24.403173,21.007336,0.107905,-216.795929,164.597565,342.770142,-13859.924805,6421.078125,23753.695312,-0.712999,0.488879,-0.502623,0.100000,0.020000,1,0.616574
24.735876,20.807755,-0.966164,274.754791,-88.644501,-211.284485,18904.644531,-10574.896484,-16338.696289,-0.826553,0.468354,-0.312176,0.100000,0.020000,1,0.841746
24.825891,21.589413,1.258228,105.028671,-7.939114,158.213837,6921.529785,-1460.404053,12752.835938,-0.303565,0.585905,0.751374,0.100000,0.020000,1,0.387950
24.445671,22.089319,-0.840355,-18.013077,-33.328526,5.998274,-2073.277344,-1116.754883,-740.414612,-0.414138,0.554897,-0.721512,0.100000,0.020000,1,0.935986
24.030857,20.973448,0.812288,-19.347603,66.794106,-259.738617,-3169.196045,304.217712,-19064.361328,-0.819555,0.456314,0.346565,0.100000,0.020000,1,0.214773
24.993877,22.931299,0.383071,251.388031,239.487305,97.596619,18842.177734,18985.744141,7696.335449,-0.909881,0.414409,0.019561,0.100000,0.020000,1,0.556553
24.748829,21.110594,-1.704159,166.974060,-258.820679,-500.862244,12492.254883,-20001.800781,-38088.585938,-0.897060,0.396393,-0.195334,0.100000,0.020000,1,0.361062
23.756840,22.032963,-0.035828,-55.722656,14.257011,-1.621152,-5652.722168,1062.458862,43.456776,-0.915418,0.392517,-0.089107,0.100000,0.020000,1,0.177654
24.196075,21.964832,-0.104539,21.309837,-13.911842,-44.701820,1058.229004,-977.767395,-3673.260254,-0.914458,0.384867,0.125074,0.100000,0.020000,1,0.373145
23.427551,22.917444,-1.778758,-307.561035,334.534058,-649.960327,-11359.298828,11014.291016,-21521.648438,-0.419161,0.537030,0.732054,0.100000,0.020000,1,0.683517
24.318159,21.755726,0.265336,24.311859,-51.903824,-35.345215,1092.941772,-3976.704834,-2951.113037,-0.708836,0.439782,0.551492,0.100000,0.020000,1,0.463558
24.192701,21.858652,-0.530139,18.341505,179.416077,244.603333,498.285461,10920.983398,14626.038086,-0.804988,0.416284,-0.422731,0.100000,0.020000,1,0.155321
24.673531,21.321407,0.672007,167.815948,-132.674271,119.150787,11967.201172,-10973.169922,8856.599609,-0.801764,0.400010,0.444035,0.100000,0.020000,1,0.729391
24.216112,21.293751,0.582541,7.965588,-207.209320,60.780342,287.448547,-6585.270020,3075.802002,-0.608507,0.460119,0.646537,0.100000,0.020000,1,0.979031
24.111923,22.162094,0.014222,176.268433,-92.132217,35.110153,10603.572266,-4940.784668,1498.426270,-0.914879,0.328750,0.234352,0.100000,0.020000,1,0.763148
23.891264,21.987677,0.062155,140.070633,-63.658058,-98.582428,7592.761719,-3849.844238,-6065.021973,-0.957052,0.288275,0.030807,0.100000,0.020000,1,0.154094
24.579977,21.893272,-0.355604,-134.271729,330.081299,-4.018780,-8452.256836,21022.771484,643.475464,-0.504329,0.478779,-0.718625,0.100000,0.020000,1,0.383928
24.257898,22.151224,-0.684705,19.626177,43.746872,-35.776337,607.816040,3873.902832,-3117.367188,-0.694810,0.390813,-0.603742,0.100000,0.020000,1,0.085300
23.459723,22.317049,-0.275457,-156.521484,114.014618,-179.237061,2424.479492,10370.880859,-14013.762695,-0.765238,0.353435,0.538047,0.100000,0.020000,1,0.803541
24.122004,22.064987,-0.902774,74.338440,154.515686,-329.282104,4103.928223,10378.942383,-23225.144531,-0.861322,0.311117,-0.401658,0.100000,0.020000,1,0.517512
24.205664,21.977173,0.372821,-262.517426,-343.389618,-137.563751,-16735.152344,-21488.361328,-8203.677734,-0.891674,0.314874,0.325225,0.100000,0.020000,1,0.250006
24.308306,21.761919,-0.031853,67.822952,-37.823112,82.706100,4592.415039,-3096.693848,6097.233887,-0.902173,0.305538,-0.304517,0.100000,0.020000,1,0.007146
23.889048,22.058355,0.007416,2.917511,1.307325,52.283989,-1013.751587,608.079590,3647.648193,-0.960081,0.262941,-0.095423,0.100000,0.020000,1,0.647803
25.336214,21.381632,0.212993,243.068726,-129.901001,-89.779800,18475.027344,-10106.291992,-7207.235840,-0.484518,0.477680,0.732846,0.100000,0.020000,1,0.333801
24.596548,21.378601,-0.820440,140.026001,-136.527512,-103.619705,4871.226074,-8388.187500,-7746.268066,-0.781468,0.335897,-0.525814,0.100000,0.020000,1,0.275186
24.062746,21.871162,-0.118569,-45.539215,-23.298820,65.639069,-3337.374268,-1658.920532,4289.575684,-0.949960,0.245182,-0.193552,0.100000,0.020000,1,0.678837
23.985989,21.818697,0.062519,27.985462,-15.718693,-0.912487,1046.211060,-1392.488403,-236.046799,-0.963610,0.232111,0.132590,0.100000,0.020000,1,0.846070
23.724129,21.508966,0.091962,-107.923737,-64.603851,76.642365,-8646.610352,-5705.067383,4442.993164,-0.946845,0.219777,0.234909,0.100000,0.020000,1,0.773397
24.295561,21.739748,0.578539,-74.604813,104.285599,-245.680389,-5203.372070,6124.591309,-15266.891602,-0.663231,0.359415,0.656464,0.100000,0.020000,1,0.706739
24.098145,21.911020,-0.197923,180.711731,-37.422127,-278.096313,10411.366211,-2125.065186,-16408.208984,-0.743272,0.306202,-0.594800,0.100000,0.020000,1,0.433610
24.124395,22.110056,0.213415,174.035706,-315.027649,-62.218521,10512.025391,-18910.166016,-4519.505859,-0.857316,0.254454,0.447507,0.100000,0.020000,1,0.027734
23.839981,21.480608,-0.035012,-288.444641,246.364609,278.275818,-19525.146484,13899.163086,18381.640625,-0.937481,0.191863,-0.290374,0.100000,0.020000,1,0.313817
24.326683,22.043797,-0.476440,257.848877,-542.682678,-511.022339,16583.384766,-33441.578125,-32529.978516,-0.821494,0.238840,-0.517788,0.100000,0.020000,1,0.396170
23.274464,21.574003,0.862055,218.386017,-75.097633,37.415970,10118.482422,-5941.923340,4896.456543,-0.930423,0.175074,0.321966,0.100000,0.020000,1,0.130089
24.836832,22.499746,0.139695,210.600693,378.405457,-162.462250,6703.445312,10117.624023,-14630.036133,-0.994939,0.100374,0.004677,0.100000,0.020000,1,0.898457
24.472784,21.176533,-0.129495,-300.108643,212.384338,70.851135,-17281.355469,10628.958984,4253.362305,-0.990484,0.097436,-0.097197,0.100000,0.020000,1,0.674709
23.386316,21.243670,0.529407,-111.944290,16.619377,294.771484,-5961.495605,-217.727783,10623.161133,-0.547164,0.406470,-0.731705,0.100000,0.020000,1,0.261234
24.283472,21.775137,-0.659085,-229.776154,134.087280,282.474304,-15117.671875,8278.533203,17403.642578,-0.624513,0.342394,-0.701961,0.100000,0.020000,1,0.897639
24.192455,23.268238,-0.688611,52.650208,402.889526,-113.694138,3481.608154,31441.029297,-8721.624023,-0.903999,0.146092,-0.401800,0.100000,0.020000,1,0.131708
22.398272,22.007494,-0.926975,-416.433655,80.100815,-221.070160,-16415.152344,4664.549805,-19720.384766,-0.974466,0.088612,-0.206311,0.100000,0.020000,1,0.628318
23.980738,21.763779,0.134794,300.557617,-258.076508,36.312195,18540.894531,-16538.025391,2081.867188,-0.968585,0.086275,0.233235,0.100000,0.020000,1,0.794751
23.906542,21.725004,0.140628,-45.334122,1.349034,64.141037,-3527.506836,-347.856445,4254.930664,-0.990275,0.078299,0.115000,0.100000,0.020000,1,0.307892
23.924732,21.783020,0.356776,18.616247,-64.985748,-1.691047,209.163315,-4214.527344,-83.047531,-0.887715,0.127336,0.442435,0.100000,0.020000,1,0.683571
23.018360,23.386122,-1.246350,-227.413101,486.289856,-308.754059,-8255.523438,17053.333984,-10211.708008,-0.955977,0.066381,-0.285834,0.100000,0.020000,1,0.626040
24.192486,21.782661,-0.524308,-97.739838,-33.895454,36.138985,-6389.084961,-2181.457520,2050.030273,-0.786971,0.177171,-0.591006,0.100000,0.020000,1,0.615666
24.148815,21.680292,-0.298869,12.747025,17.254110,-27.666599,708.989685,616.591492,-1351.009155,-0.859694,0.122852,-0.495816,0.100000,0.020000,1,0.564347
23.801544,21.789808,0.454193,251.338531,-178.675751,-71.355545,14308.158203,-11154.841797,-4417.043945,-0.832642,0.092038,0.546109,0.100000,0.020000,1,0.860128
23.582848,21.604738,0.098816,-94.710602,-38.120209,-60.400326,-4123.677246,-511.059570,-971.151367,-0.904786,0.023219,0.425233,0.100000,0.020000,1,0.968034
25.416969,24.130308,-1.586573,467.871826,710.168213,-382.041077,22217.523438,40843.765625,-15073.758789,-0.914452,0.019137,-0.404241,0.100000,0.020000,1,0.565770
23.825151,21.451473,0.447156,-0.937069,19.739573,-217.219360,-1078.192017,-45.088848,-13007.831055,-0.936121,0.013467,0.351420,0.100000,0.020000,1,0.334352
23.896431,21.547785,0.189378,-39.782173,-80.374634,-269.451324,-3013.833496,-5873.262207,-16984.689453,-0.971691,-0.046582,0.231618,0.100000,0.020000,1,0.383963
23.866438,21.708855,0.130632,17.722330,8.438977,3.142616,564.302002,394.467529,345.554382,-0.991101,-0.057129,0.120227,0.100000,0.020000,1,0.750282
23.726130,21.674225,0.024845,2.574564,13.862801,9.988071,-968.451904,591.728699,1058.902954,-0.993460,-0.058783,-0.097886,0.100000,0.020000,1,0.696062
23.816788,21.750288,-0.005720,5.356086,-34.299957,55.493446,-396.508514,-2132.432617,3417.669922,-0.997939,-0.061464,0.018458,0.100000,0.020000,1,0.224560
23.915380,21.657372,1.240743,-3.353325,21.928164,168.592834,-2354.513428,838.314392,13389.091797,-0.603154,0.309728,0.735034,0.100000,0.020000,1,0.506675
23.296267,21.805153,0.682681,-137.067413,113.427368,64.161484,-12924.916016,7240.390625,4687.808105,-0.709207,0.225666,0.667907,0.100000,0.020000,1,0.071705
22.466345,21.693159,0.277947,-252.043396,244.861725,-79.873116,-14823.695312,-2262.219482,5028.569336,-0.747061,0.156922,0.645968,0.100000,0.020000,1,0.364496
24.176590,21.528137,-0.348216,61.019470,-53.768143,-42.656570,4602.481934,-4208.369629,-3523.901367,-0.979099,-0.077362,-0.188097,0.100000,0.020000,1,0.178668
24.306019,21.832088,0.587051,84.501129,-8.194656,71.894150,4485.998047,-385.833740,4489.030273,-0.533149,0.382688,0.754521,0.100000,0.020000,1,0.080940
23.790548,21.505524,-0.425915,-526.320312,-94.711868,111.347031,-34165.605469,-6820.373535,6272.328613,-0.947900,-0.078508,-0.308744,0.100000,0.020000,1,0.993783
24.121429,20.737597,2.032916,210.528625,-51.127316,490.444397,-340.862366,-14603.740234,14576.659180,-0.945267,-0.079413,0.316486,0.100000,0.020000,1,0.948549
24.011530,21.720398,-0.595869,29.148643,38.965797,-38.503685,1471.474243,2517.316895,-3260.579102,-0.865563,-0.016557,-0.500526,0.100000,0.020000,1,0.330918
24.158274,21.822107,-0.542372,202.987488,-152.722977,-237.262436,11978.885742,-9366.678711,-14833.777344,-0.648984,0.226221,-0.726390,0.100000,0.020000,1,0.672538
24.338465,20.950119,-0.677651,169.077637,-53.386292,-173.185120,11125.942383,-6845.098633,-15714.287109,-0.793672,0.155037,0.588259,0.100000,0.020000,1,0.137972
24.030575,21.700602,0.658935,-133.360382,-98.579849,-439.286194,-9114.399414,-6269.367188,-27066.589844,-0.773427,0.061740,0.630872,0.100000,0.020000,1,0.815214
23.970428,21.672964,-0.423257,-57.215530,-81.247284,-60.919334,-4463.817871,-5291.096191,-3612.171631,-0.796004,0.044660,-0.603642,0.100000,0.020000,1,0.252071
23.929619,21.190521,0.097246,82.749756,-100.018707,118.744019,-227.632812,-1914.933228,954.962402,-0.964416,-0.184092,-0.189768,0.100000,0.020000,1,0.809520
23.761131,21.660610,0.099799,83.662888,-179.712372,40.389935,4515.805664,-11294.232422,2594.233643,-0.975356,-0.189946,0.112251,0.100000,0.020000,1,0.788291
24.619932,23.921623,1.165167,110.358276,642.376282,170.964142,18127.294922,20061.585938,5188.525391,-0.652309,0.206564,0.729263,0.100000,0.020000,1,0.101439
23.820478,21.666428,0.377828,112.744446,-80.932419,13.124966,6214.742188,-5058.618164,937.630371,-0.888975,-0.115364,0.443187,0.100000,0.020000,1,0.283033
24.589710,21.889009,2.229037,261.322632,177.484116,621.174866,17379.968750,9030.094727,26625.457031,-0.971194,-0.217635,-0.097045,0.100000,0.020000,1,0.315810
22.069885,22.538755,1.649264,-544.665588,302.734558,488.803467,-9514.039062,6598.991211,9891.061523,-0.974820,-0.222550,0.014032,0.100000,0.020000,1,0.689158
23.689886,21.490782,-0.317040,285.579651,-94.072433,5.862331,16663.666016,-6557.167480,425.955902,-0.897410,-0.145922,-0.416368,0.100000,0.020000,1,0.307358
23.067997,21.735731,-0.060006,-136.239197,104.249649,33.961052,-12328.119141,7097.639160,2862.930420,-0.931957,-0.214234,-0.292506,0.100000,0.020000,1,0.585772
24.579763,21.453733,-1.077391,245.678864,7.767134,-408.769836,6879.536621,-32.926559,-9723.369141,-0.947704,-0.232034,0.219131,0.100000,0.020000,1,0.302909
23.599850,21.826822,0.482832,-61.225155,150.585693,5.828583,-2042.153564,3370.475342,6388.357422,-0.828738,-0.054040,0.557022,0.100000,0.020000,1,0.028304
23.725521,21.398130,0.430503,116.200333,-46.426323,-88.387436,6359.760254,-3737.584961,-4839.075195,-0.917873,-0.235649,0.319342,0.100000,0.020000,1,0.360403
26.071836,22.128336,-0.711877,586.592346,144.209915,-52.368423,45160.460938,11188.515625,-4229.250977,-0.782330,-0.073528,-0.618509,0.100000,0.020000,1,0.245664
27.235142,19.929060,0.330281,967.001953,-312.672302,66.876984,49707.484375,-22895.419922,-12466.217773,-0.834592,-0.165829,0.525315,0.100000,0.020000,1,0.254775
23.714081,21.634222,-0.487875,-17.859505,35.864075,-14.313627,-2213.870605,2232.961670,-781.483398,-0.839108,-0.173055,-0.515703,0.100000,0.020000,1,0.651469
23.399437,21.833376,-0.800600,-100.513275,63.059677,-110.821838,-8736.032227,5118.279297,-9031.990234,-0.882531,-0.255697,-0.394662,0.100000,0.020000,1,0.492190
23.865622,21.354317,-0.354869,4.190813,-19.055641,-13.874374,97.038971,-1933.896729,-1751.296021,-0.923698,-0.336499,-0.183167,0.100000,0.020000,1,0.548332
23.639246,21.368353,-0.007403,76.850723,-30.035942,-4.998800,3803.739258,-2545.447021,-390.482422,-0.935232,-0.353787,0.013273,0.100000,0.020000,1,0.012485
23.598476,21.386309,-0.177182,121.052658,-80.199448,88.889587,6409.354492,-5630.982422,5187.058105,-0.930877,-0.352628,-0.095501,0.100000,0.020000,1,0.503418
24.768873,21.246883,0.543486,194.489349,-78.451508,314.843811,7186.804199,-3630.000000,11556.297852,-0.687620,0.098475,-0.719361,0.100000,0.020000,1,0.364158
23.653149,21.259766,0.300065,175.417694,-87.255402,283.902649,9738.725586,-6675.627441,17790.164062,-0.865604,-0.276736,0.417310,0.100000,0.020000,1,0.891677
24.971186,20.710348,2.757540,155.572174,-329.159241,714.360596,101.425781,-9957.751953,25093.865234,-0.755786,-0.079999,0.649914,0.100000,0.020000,1,0.703625
24.084229,21.408575,-0.405941,14.481255,30.507809,-67.131027,1261.353760,1403.090454,-4315.463379,-0.833014,-0.260697,-0.487980,0.100000,0.020000,1,0.393056
23.933121,20.846317,-1.067303,140.066650,-37.008781,-327.776123,-592.012939,-8965.679688,-11298.830078,-0.913932,-0.387741,0.119944,0.100000,0.020000,1,0.532655
24.152514,21.643250,-0.325143,24.357651,155.154053,-39.014126,1291.180542,9799.901367,-1475.732666,-0.706910,0.003318,-0.707296,0.100000,0.020000,1,0.274776
23.783096,21.067247,0.263897,301.656372,-133.460327,434.440338,18449.644531,-10110.041016,27406.142578,-0.861239,-0.380053,0.337382,0.100000,0.020000,1,0.705938
23.985260,22.003452,-0.370433,5.169400,91.498444,29.483536,-40.928825,7679.646973,2318.573242,-0.772722,-0.192796,-0.604757,0.100000,0.020000,1,0.305881
23.682737,21.362543,-0.611357,72.832916,-18.504158,160.171997,3539.404297,-1563.574463,8823.926758,-0.839986,-0.384835,-0.382525,0.100000,0.020000,1,0.397256
23.411934,21.165680,0.085996,-46.197292,2.174374,66.317368,-2868.468750,1.944824,4878.236328,-0.876462,-0.473012,-0.089858,0.100000,0.020000,1,0.779554
24.256226,21.160290,0.028584,92.784134,-147.136169,-118.537750,6848.176270,-10691.664062,-9176.495117,-0.787522,-0.284057,0.546919,0.100000,0.020000,1,0.990811
23.613628,21.100849,-0.557274,220.948792,-106.330063,-106.952347,10223.881836,-6923.294434,-1104.221680,-0.876530,-0.418105,0.238503,0.100000,0.020000,1,0.177440
24.560484,22.261351,-1.307687,221.571213,237.396729,-387.353333,8652.584961,12819.416992,-12022.339844,-0.865740,-0.500486,0.002812,0.100000,0.020000,1,0.889791
24.021385,21.813314,0.779052,-14.622078,24.235283,32.849213,-2091.510742,2061.003174,2843.454834,-0.652060,0.114230,0.749513,0.100000,0.020000,1,0.192192
24.053949,21.657576,0.565929,101.008194,-44.668068,-47.694183,6208.338379,-2301.699707,-2778.099854,-0.741600,-0.191058,0.643060,0.100000,0.020000,1,0.303941
24.479948,20.530605,0.660630,251.853104,-68.987610,81.015373,489.892822,-16012.299805,2765.643555,-0.803510,-0.393531,0.446661,0.100000,0.020000,1,0.652697
24.181684,21.492643,-0.802635,145.181702,56.426788,-248.359680,7629.837891,81.248291,-18353.753906,-0.837795,-0.497304,0.225364,0.100000,0.020000,1,0.932907
23.580317,21.050011,-0.161172,12.327564,8.909020,-44.144886,-1043.020020,-3063.520996,-6228.875488,-0.853052,-0.506722,0.124638,0.100000,0.020000,1,0.277018
24.305851,21.847816,0.347488,70.467972,58.798630,-71.682312,4754.135742,4627.849121,-5515.572754,-0.676214,0.006179,0.736680,0.100000,0.020000,1,0.501639
23.799200,21.111858,-0.643985,-296.864868,178.293015,349.007324,-19467.181641,9929.051758,20967.369141,-0.781636,-0.384420,-0.491188,0.100000,0.020000,1,0.414410
23.766354,21.547089,-0.166706,-315.930328,173.989975,118.777756,-18907.705078,7900.255859,5998.583008,-0.843793,-0.440319,-0.306809,0.100000,0.020000,1,0.028162
24.703600,21.501301,-0.331279,-151.484879,106.176895,478.197021,-6840.373535,6834.464355,30841.306641,-0.734578,-0.285347,-0.615607,0.100000,0.020000,1,0.194292
24.391613,20.670349,-1.113890,12.471786,-42.266567,-365.214081,-5232.507324,1289.465332,-11980.503906,-0.830865,-0.522359,-0.191843,0.100000,0.020000,1,0.168080
23.644859,21.477232,0.187894,220.859039,-188.702393,55.588425,12854.306641,-11385.189453,3186.596191,-0.791256,-0.512261,0.333920,0.100000,0.020000,1,0.040369
23.614252,21.326813,0.495362,124.053421,-63.627304,-145.563690,6253.225098,-4318.395508,-8903.623047,-0.741556,-0.400227,0.538436,0.100000,0.020000,1,0.721295
24.212170,20.733877,-0.148168,111.474915,-49.611801,-203.011963,8343.841797,-5656.212402,-12381.372070,-0.786696,-0.529591,-0.317244,0.100000,0.020000,1,0.334833
25.205420,20.472494,-0.386629,377.086609,-194.679138,-160.813995,28506.722656,-17328.105469,-12848.272461,-0.789381,-0.600645,0.126897,0.100000,0.020000,1,0.589241
23.346041,21.204756,-0.563594,-411.977386,-79.698776,-21.438648,-16778.636719,-2205.618164,-2251.410156,-0.680555,-0.104780,-0.725166,0.100000,0.020000,1,0.204826
20.617062,22.776783,3.092191,-983.458984,511.720825,789.777771,-27377.007812,13935.287109,41023.796875,-0.709833,-0.305816,0.634519,0.100000,0.020000,1,0.502653
24.165842,21.221315,0.580538,-181.398590,-159.419434,-167.468781,-10486.752930,-10527.480469,-9566.434570,-0.747108,-0.507981,0.428701,0.100000,0.020000,1,0.812545
24.098898,21.209053,-1.503281,-31.945400,56.999710,-250.992920,-1291.297363,3083.068359,-20792.507812,-0.756687,-0.515739,-0.401792,0.100000,0.020000,1,0.244027
24.083384,20.942675,0.143484,-94.131882,-181.671112,-58.585281,-5007.280273,-12823.126953,-2808.530518,-0.772484,-0.628993,-0.087388,0.100000,0.020000,1,0.127864
23.884512,21.263666,-0.369081,-166.355621,5.814655,169.469360,-10545.675781,374.756714,10164.824219,-0.733509,-0.607603,-0.304602,0.100000,0.020000,1,0.417257
25.417603,21.571196,0.343318,501.963257,150.550903,-5.961121,17264.205078,4817.810547,-3339.302734,-0.756797,-0.627512,-0.182996,0.100000,0.020000,1,0.183882
23.815533,21.310247,0.345054,-77.407181,52.048401,-14.409025,-5140.294434,3525.944580,-183.549637,-0.745303,-0.630801,0.215902,0.100000,0.020000,1,0.674495
24.771420,22.155241,0.837390,224.063965,207.322052,101.851730,16613.353516,15632.219727,7483.384277,-0.665886,-0.114235,0.737256,0.100000,0.020000,1,0.777774
24.136015,21.503983,-0.685049,-297.524292,21.316463,727.776001,-18786.837891,1367.201782,45444.824219,-0.672474,-0.192685,-0.714599,0.100000,0.020000,1,0.746848
23.967295,21.382578,-0.230380,50.055695,-33.898888,49.315414,2656.052979,-1916.966797,3680.286865,-0.695989,-0.398566,-0.597281,0.100000,0.020000,1,0.337484
23.244535,21.391510,-2.208510,-145.110443,28.824493,-709.233704,-10073.523438,5748.080078,-32913.714844,-0.698394,-0.628164,0.343010,0.100000,0.020000,1,0.310952
23.610687,21.796356,1.544910,-13.196892,145.286285,411.730652,-1872.231323,11565.531250,32410.031250,-0.740013,-0.672511,0.010494,0.100000,0.020000,1,0.096831
23.811783,21.068165,-0.266875,-5.536198,-151.291870,360.455505,-571.411255,-10003.618164,21572.591797,-0.699760,-0.714114,0.019411,0.100000,0.020000,1,0.397950
23.188148,21.733879,0.390809,-79.509384,114.970398,110.278999,1570.241211,1437.591797,1790.435059,-0.695387,-0.712484,-0.093825,0.100000,0.020000,1,0.733733
23.973337,21.186279,0.394263,-0.889305,-6.085598,-34.919514,-84.007050,-822.585815,-2320.048096,-0.672146,-0.515214,0.531765,0.100000,0.020000,1,0.900575
25.012671,23.016916,-0.246919,304.199219,463.543945,37.109859,16934.460938,35734.980469,-1893.206787,-0.679645,-0.534362,-0.502534,0.100000,0.020000,1,0.050814
24.031645,21.098135,-0.743874,57.781021,-5.882622,-57.464218,4090.167725,-900.133362,-5421.551758,-0.675832,-0.621452,-0.396294,0.100000,0.020000,1,0.863775
22.036146,21.941534,2.630186,-475.474213,355.865723,837.082703,-21543.089844,-1414.375244,26845.220703,-0.676778,-0.712401,-0.185623,0.100000,0.020000,1,0.919917
23.654860,21.006971,-0.024638,291.732300,-161.409851,793.693604,15842.052734,-13968.174805,49680.308594,-0.672899,-0.709418,0.209603,0.100000,0.020000,1,0.305347
23.515589,21.947514,-1.442621,-102.262848,217.220795,-325.398438,-7954.875488,17033.658203,-26963.140625,-0.672035,-0.730871,0.119146,0.100000,0.020000,1,0.757418
24.435390,21.529339,1.231811,113.755951,40.083344,174.216400,8784.926758,3237.779785,14000.516602,-0.653377,-0.393966,0.646444,0.100000,0.020000,1,0.235913
23.904083,21.183357,0.408279,49.198318,41.532417,-156.242401,2964.143311,2518.816895,-9565.240234,-0.651224,-0.628747,0.424952,0.100000,0.020000,1,0.537477
23.084017,22.295574,-2.789318,-122.506058,321.619873,-812.337646,-5090.200684,10373.757812,-30312.755859,-0.650507,-0.705597,-0.281022,0.100000,0.020000,1,0.685065
23.818439,21.191486,0.455908,165.144485,-257.785400,-174.310333,10036.866211,-16090.139648,-10139.045898,-0.632746,-0.707795,0.314102,0.100000,0.020000,1,0.060868
24.072506,21.512409,-0.649119,-14.105446,57.276199,-71.649818,-1069.191528,4002.933350,-4857.713379,-0.635189,-0.287355,-0.716911,0.100000,0.020000,1,0.804288
24.440710,22.082993,0.125408,158.271927,283.204346,-107.258766,4737.961426,9245.900391,-1519.091797,-0.609931,-0.599156,0.518648,0.100000,0.020000,1,0.938584
24.405048,21.480192,0.971105,79.065277,3.781529,76.779053,5996.375977,215.009308,6421.649414,-0.636471,-0.185394,0.748688,0.100000,0.020000,1,0.837991
24.824230,21.575836,-0.306312,95.939674,129.939209,28.417444,-1842.253418,5890.429688,1224.293213,-0.603607,-0.514227,-0.609286,0.100000,0.020000,1,0.824290
23.733379,20.985956,-0.806104,-80.187248,53.664497,-142.082581,-5047.407227,2977.004883,-4258.800293,-0.591748,-0.622705,-0.511931,0.100000,0.020000,1,0.678890
24.175814,20.706198,-0.377092,-15.475490,9.578157,-90.065796,-630.669495,-771.262695,-720.564209,-0.580657,-0.695919,0.422534,0.100000,0.020000,1,0.625453
23.957870,21.028063,-0.662662,3.992615,42.942451,-67.533127,7559.786621,-3422.485596,1456.719727,-0.578288,-0.716819,-0.389555,0.100000,0.020000,1,0.649779
24.269995,21.749874,-0.280601,-294.989136,64.761581,376.195740,-17058.960938,7016.977051,22816.603516,-0.572869,-0.816353,-0.073412,0.100000,0.020000,1,0.876925
23.888010,21.219690,-0.063537,-558.813782,-621.811646,-373.584747,-35399.613281,-38533.363281,-24629.568359,-0.550890,-0.800474,0.236137,0.100000,0.020000,1,0.437436
23.151476,21.393044,-1.635112,-133.217651,81.992142,-345.835022,-11558.903320,6690.950684,-29019.298828,-0.550282,-0.828014,0.107620,0.100000,0.020000,1,0.806531
25.237045,20.731085,-3.783905,378.896301,-100.728210,-1113.209473,15151.891602,1905.606201,-36068.941406,-0.543457,-0.818767,-0.185135,0.100000,0.020000,1,0.545218
23.700191,21.220341,0.751863,209.465515,-113.181335,-236.640991,11783.871094,-7298.203613,-13915.986328,-0.583444,-0.500542,0.639570,0.100000,0.020000,1,0.013588
23.845230,21.400043,0.119936,195.236176,-569.510864,-116.953278,11150.835938,-35906.082031,-9321.547852,-0.602618,-0.308643,0.735928,0.100000,0.020000,1,0.152990
22.499542,23.148849,0.861932,-396.979614,509.607727,372.791992,-31724.833984,39797.601562,29482.925781,-0.582667,-0.397918,-0.708633,0.100000,0.020000,1,0.850626
23.940416,21.177612,-0.446980,-163.699982,-59.311913,87.435410,-10525.302734,-3454.999268,5288.625977,-0.528885,-0.690260,-0.493782,0.100000,0.020000,1,0.822083
24.822739,20.789083,1.372758,219.024902,-26.586563,280.109497,17633.509766,-2562.080078,23354.630859,-0.521959,-0.852761,0.018926,0.100000,0.020000,1,0.289136
23.664776,21.540947,-0.605809,55.748463,100.878571,-235.186127,1738.832031,2104.707031,-13779.740234,-0.529706,-0.602176,-0.597323,0.100000,0.020000,1,0.984138
24.170197,20.766125,0.478800,-23.841566,24.087275,-22.959366,-645.718140,477.914001,-528.206055,-0.479481,-0.812835,0.330751,0.100000,0.020000,1,0.844095
25.557102,19.908712,4.984876,490.963745,-275.612122,1218.913818,17839.287109,-12367.849609,69737.210938,-0.458187,-0.881325,0.115460,0.100000,0.020000,1,0.675509
24.181179,20.945091,2.107030,97.755295,-7.887543,475.431519,5731.954590,7184.525391,36372.679688,-0.457083,-0.889296,0.015119,0.100000,0.020000,1,0.883901
23.712517,21.056192,-0.224309,15.798492,15.881838,-152.477173,-259.990234,869.191162,-12336.417969,-0.487109,-0.690211,0.535102,0.100000,0.020000,1,0.826994
24.316965,20.624702,0.289485,56.629482,-32.333118,55.067924,5020.685547,-3527.949707,5313.170410,-0.436803,-0.880310,-0.185085,0.100000,0.020000,1,0.331221
26.710577,20.848352,1.778405,795.648132,-22.616013,438.549072,43198.859375,7186.411133,35857.648438,-0.431964,-0.897943,-0.084299,0.100000,0.020000,1,0.222460
23.708628,20.975927,-2.257660,-5.797305,16.186905,-479.211426,3596.454590,-4793.799805,-24256.324219,-0.533724,-0.477977,-0.697622,0.100000,0.020000,1,0.448166
24.565125,21.953529,-0.410788,91.263245,335.212036,1.098026,8161.318848,25165.601562,-287.317291,-0.439517,-0.799149,-0.410103,0.100000,0.020000,1,0.939794
23.396971,21.797234,0.672632,-265.287476,341.365814,109.794434,-6363.398926,9190.569336,5537.756836,-0.408264,-0.887178,0.215025,0.100000,0.020000,1,0.336950
23.898516,20.866295,0.352497,36.632298,-20.446085,172.494904,1479.683105,-2790.738281,10289.184570,-0.490805,-0.594586,0.636850,0.100000,0.020000,1,0.004406
25.105783,20.812263,0.688796,285.824097,-6.940796,14.691917,18486.369141,-1852.537964,4288.500000,-0.428114,-0.788754,0.441118,0.100000,0.020000,1,0.358713
23.594334,21.041914,-2.186909,-70.264114,52.457344,-504.562042,-3821.968262,-269.675598,-34994.535156,-0.388017,-0.875177,-0.288977,0.100000,0.020000,1,0.046401
23.889660,21.088505,-0.465286,21.142061,-284.927429,146.304947,759.339600,-17613.919922,8936.284180,-0.407193,-0.766749,-0.496276,0.100000,0.020000,1,0.452935
23.248066,21.338907,0.458012,73.391045,-143.189590,-104.209503,1483.349243,-7252.766113,-5733.803223,-0.366440,-0.872706,0.322655,0.100000,0.020000,1,0.616218
24.365242,21.352541,0.513248,-8.578439,114.715805,-178.370392,476.774017,7361.551758,-11567.679688,-0.557093,-0.377151,0.739868,0.100000,0.020000,1,0.013641
24.097258,21.126514,0.510870,23.404854,9.949658,45.965714,1584.577637,17.692017,7341.169922,-0.391548,-0.753176,0.528598,0.100000,0.020000,1,0.865003
24.505548,21.975901,0.966567,119.718307,315.336182,272.504425,9551.170898,24304.867188,19872.580078,-0.348602,-0.841714,0.412304,0.100000,0.020000,1,0.956254
21.973282,21.977831,0.107589,-582.463867,337.150360,-63.894035,-20531.263672,11269.965820,6225.736816,-0.314314,-0.942942,0.109846,0.100000,0.020000,1,0.311913
24.180733,20.921072,0.018704,-920.453003,-134.533722,-97.948273,-57347.304688,-8138.285645,-5856.299805,-0.311031,-0.947451,-0.074813,0.100000,0.020000,1,0.423948
23.939291,20.847261,-0.159171,-194.198929,113.486809,494.530334,-12519.729492,7232.446289,30532.173828,-0.305523,-0.952170,0.005362,0.100000,0.020000,1,0.193348
23.563053,21.556522,-0.786788,-84.745865,85.450745,-61.155151,-7437.568359,7427.578613,-5133.230469,-0.424763,-0.671153,-0.607561,0.100000,0.020000,1,0.307465
23.530056,21.113319,-0.148985,307.291504,-167.023773,-100.197159,17272.755859,-9659.985352,-5599.891602,-0.323237,-0.854684,-0.406242,0.100000,0.020000,1,0.393288
24.693686,21.585752,1.020065,224.480713,115.412369,232.413025,16576.328125,8749.607422,16502.343750,-0.494638,-0.467107,0.732901,0.100000,0.020000,1,0.763557
24.206001,21.296597,-0.700665,-213.321411,-223.612976,237.637146,-13023.500977,-13485.200195,14368.133789,-0.444839,-0.568023,-0.692436,0.100000,0.020000,1,0.724302
23.314037,21.218496,0.189237,-186.026825,108.784317,45.293121,-14776.843750,8479.701172,4575.612305,-0.269121,-0.921754,-0.279185,0.100000,0.020000,1,0.680029
22.634743,21.807207,1.065634,-412.781067,300.336212,237.755920,-15594.718750,10824.546875,15414.367188,-0.261803,-0.937699,0.228428,0.100000,0.020000,1,0.965027
24.398142,20.580479,-0.238104,-49.746387,29.521219,-16.096014,-1787.360596,523.656006,-416.350067,-0.286819,-0.828561,-0.480854,0.100000,0.020000,1,0.186195
25.513132,19.934099,-0.667482,401.948578,-188.045135,-64.168411,13647.594727,-15861.380859,-12503.144531,-0.244673,-0.949652,-0.195695,0.100000,0.020000,1,0.333142
24.032015,20.789219,-2.092425,50.822426,48.316071,-473.595001,-13940.984375,-9079.984375,-14038.938477,-0.323803,-0.734317,-0.596598,0.100000,0.020000,1,0.636344
23.414938,21.434151,0.279113,-14.132080,68.470016,42.501251,-3359.886963,6475.166504,4999.121582,-0.368070,-0.862712,-0.346775,0.100000,0.020000,1,0.036151
24.134739,20.867973,0.612214,-125.955994,85.037323,-239.399200,-7808.759766,5196.188477,-14330.023438,-0.266780,-0.800993,0.535947,0.100000,0.020000,1,0.603815
24.211166,21.018429,0.414778,26.988998,49.484436,7.669298,2206.195312,3942.530762,761.271362,-0.206330,-0.883713,0.420094,0.100000,0.020000,1,0.825232
24.522902,21.003159,0.165464,-873.630981,-731.092407,-49.420670,-53307.960938,-45012.890625,-2447.512695,-0.151045,-0.988509,0.005883,0.100000,0.020000,1,0.380956
24.224785,20.786369,-0.026266,-141.660309,-123.758331,305.497986,-8369.097656,-7599.852539,18776.478516,-0.149775,-0.981445,0.119717,0.100000,0.020000,1,0.477314
25.015341,21.569859,0.174627,281.318268,142.335449,202.559814,21484.208984,11072.547852,15802.231445,-0.365284,-0.625377,-0.689544,0.100000,0.020000,1,0.238867
22.779675,21.512260,0.542098,-341.719177,213.125763,61.303871,-10480.817383,2992.653320,1435.222290,-0.311553,-0.702538,0.639825,0.100000,0.020000,1,0.961361
24.021933,20.916382,-0.196801,-319.254089,-53.029160,146.005219,-20521.203125,-2658.099121,9332.166016,-0.139340,-0.948935,-0.283032,0.100000,0.020000,1,0.848205
23.975414,21.125584,0.195991,106.912750,-155.514969,344.016174,6179.796875,-8184.289062,21760.634766,-0.125971,-0.964265,0.233076,0.100000,0.020000,1,0.703838
23.939554,20.842604,-0.184287,82.056290,-46.934952,-400.568420,4379.412598,-2679.576660,-25468.650391,-0.126615,-0.974703,-0.184179,0.100000,0.020000,1,0.639813
24.186594,21.416986,0.434576,-175.605072,-566.061523,136.552551,-10864.185547,-34671.296875,7991.160645,-0.424986,-0.525531,0.737024,0.100000,0.020000,1,0.809894
24.533709,20.509827,1.029895,66.468643,-37.015625,113.969711,6016.962402,-3485.701416,10386.500000,-0.176682,-0.925476,0.335078,0.100000,0.020000,1,0.044728
24.332840,20.784578,0.209503,-407.979370,-313.229187,232.520355,-24954.500000,-19593.302734,14421.120117,-0.101101,-0.934570,0.341112,0.100000,0.020000,1,0.786316
24.176577,21.034031,0.467394,-88.949158,-128.241760,15.772861,-5367.642090,-8195.710938,706.505737,-0.362182,-0.641606,0.676141,0.100000,0.020000,1,0.034087
24.581905,21.524958,-0.474886,101.913025,140.459351,-4.568818,8062.499512,11608.072266,-147.461868,-0.205092,-0.768044,-0.606668,0.100000,0.020000,1,0.383483
24.129190,20.733114,-0.398809,70.442574,-39.794582,-358.791748,4241.429199,-2737.115723,-24003.695312,-0.079486,-0.990901,-0.108619,0.100000,0.020000,1,0.038144
24.002640,20.806179,0.542862,475.861328,-273.819275,-583.937622,29152.316406,-17074.001953,-34647.496094,-0.012409,-0.999908,0.005489,0.100000,0.020000,1,0.870538
24.020071,20.796114,0.194001,343.059784,-196.561188,-302.801117,20711.697266,-12517.193359,-18042.068359,-0.010690,-0.995452,-0.094659,0.100000,0.020000,1,0.912675
24.279108,20.923489,-0.680702,-49.138145,-204.274536,296.320557,-2606.934814,-13207.452148,18152.753906,-0.274883,-0.667984,-0.691546,0.100000,0.020000,1,0.974903
24.206795,20.794640,0.565825,-26.115936,-8.859039,-195.246841,-1470.939453,-1058.997437,-12048.468750,-0.208210,-0.748263,0.629882,0.100000,0.020000,1,0.672413
23.055180,21.353195,-3.178597,-314.546814,211.287491,-771.603516,-18187.689453,4456.993164,-55898.507812,-0.134745,-0.850911,-0.507735,0.100000,0.020000,1,0.069053
24.307812,21.357515,0.865057,26.197041,181.259003,174.768646,-1023.944092,10594.433594,11871.697266,-0.129638,-0.830564,0.541625,0.100000,0.020000,1,0.639048
24.351473,20.836613,0.297258,-198.330292,-42.115578,365.878326,-11776.269531,-2286.976318,22948.183594,-0.074109,-0.905095,0.418702,0.100000,0.020000,1,0.165215
24.776993,20.877140,-0.372017,175.382202,13.766357,-39.477753,13577.361328,1453.440796,-2709.550781,-0.063058,-0.912962,-0.403143,0.100000,0.020000,1,0.059373
25.389290,20.005600,0.917596,321.075592,-156.801224,174.817337,6716.494629,-9674.532227,18714.806641,0.008557,-0.993276,0.115451,0.100000,0.020000,1,0.509771
24.337936,20.803663,-0.158052,-454.385681,-818.651245,299.099121,-28065.115234,-51065.738281,18865.054688,0.009500,-0.980787,-0.194850,0.100000,0.020000,1,0.688926
24.795397,22.183323,0.129194,118.799957,389.759888,115.626450,9947.150391,30941.496094,8780.612305,0.022077,-0.958529,-0.284137,0.100000,0.020000,1,0.609225
24.450001,20.547895,0.327695,-679.703125,392.981049,-203.937500,-42042.199219,24143.076172,-12233.081055,0.027073,-0.975662,0.217601,0.100000,0.020000,1,0.597800
24.073000,21.087166,0.565679,88.795120,-25.756226,43.338112,5237.373047,-1608.995361,2653.363770,-0.338119,-0.584487,0.737598,0.100000,0.020000,1,0.429642
24.098408,20.889578,-0.969820,17.732479,22.091049,-114.513428,-1776.262329,1972.041748,-8761.885742,-0.032839,-0.873864,-0.485061,0.100000,0.020000,1,0.541979
24.452261,20.546591,0.963609,90.536507,-52.144115,334.004150,3904.978027,-2285.159180,13488.607422,0.028183,-0.944504,0.327289,0.100000,0.020000,1,0.137402
24.031214,20.789682,0.327581,16.310366,-3.931633,-41.040493,249.778748,-1384.505371,-2566.458496,-0.100007,-0.888773,-0.447305,0.100000,0.020000,1,0.013036
24.207474,20.911940,0.512996,-85.927612,-346.941772,-185.521729,-5513.246094,-21244.777344,-11276.947266,-0.025569,-0.856346,0.515769,0.100000,0.020000,1,0.779465
25.610392,19.877943,0.214503,370.161011,-212.711624,190.872910,11149.342773,-6653.584961,2587.799316,0.068109,-0.921444,-0.382495,0.100000,0.020000,1,0.504539
24.204922,20.689394,-0.107931,131.424271,-75.170906,136.579651,7835.433594,-4690.364746,8822.966797,0.140707,-0.971936,-0.188527,0.100000,0.020000,1,0.397202
24.362028,20.598688,-0.055269,-4.667439,7.450506,-7.040013,-1145.073364,-1133.254395,-908.856567,0.151621,-0.988341,0.013910,0.100000,0.020000,1,0.207744
24.282053,21.096991,-0.464153,-6.299875,113.451141,-73.936401,-396.420105,9300.407227,-6323.445801,0.154085,-0.984362,-0.085379,0.100000,0.020000,1,0.947908
24.110693,21.040558,0.721186,430.280029,-698.043457,-574.884766,26630.072266,-43194.929688,-35361.523438,-0.075598,-0.773181,0.629663,0.100000,0.020000,1,0.718750
26.725718,19.234009,4.650449,839.716248,-444.898407,1337.574463,18023.763672,-18530.386719,38141.464844,0.082301,-0.899023,0.430098,0.100000,0.020000,1,0.615933
24.890234,21.660484,1.219431,32.503052,103.943665,351.425110,4524.673828,11005.879883,26523.718750,0.161688,-0.960263,0.227489,0.100000,0.020000,1,0.793736
24.290615,20.994854,0.478951,-276.036499,-0.717737,318.252075,-17041.009766,-49.717026,19669.240234,-0.235200,-0.641819,0.729897,0.100000,0.020000,1,0.301397
24.417336,20.614780,0.260294,-172.356003,-172.135117,63.201141,-10445.648438,-10873.544922,3976.031494,0.161673,-0.929321,0.332002,0.100000,0.020000,1,0.106012
24.664068,20.871534,-0.035528,184.550293,-43.892109,-145.281250,7297.688965,-1655.579834,-9338.607422,0.168207,-0.937793,-0.303729,0.100000,0.020000,1,0.336932
23.060993,21.349840,0.817775,-169.752350,110.429214,225.232208,-14485.615234,5244.547852,16700.474609,-0.147635,-0.693061,-0.705599,0.100000,0.020000,1,0.259366
24.262558,20.810616,-0.584118,-26.876450,-3.782110,32.470272,-1609.279785,-288.413513,1670.699219,-0.063281,-0.780602,-0.621817,0.100000,0.020000,1,0.158382
25.536779,20.722534,-1.418529,370.992859,-0.358475,-274.583740,28553.755859,101.032349,-21592.404297,0.098757,-0.858738,-0.502808,0.100000,0.020000,1,0.269687
24.128723,21.064877,0.310217,17.209770,-274.576508,279.817322,666.113403,-16808.523438,16570.943359,-0.163359,-0.674485,0.719989,0.100000,0.020000,1,0.610844
22.725603,21.707184,-2.530048,-489.747070,332.363739,-638.241821,-9286.087891,6822.150391,-16304.011719,0.029891,-0.799405,-0.600049,0.100000,0.020000,1,0.841675
24.777048,20.902946,0.257879,113.383575,67.431046,-71.187408,9073.604492,5112.011719,-5151.449707,0.105384,-0.845555,0.523384,0.100000,0.020000,1,0.122223
23.428463,21.137682,0.112699,-176.534805,102.142792,76.634300,-15051.676758,8510.259766,6630.074219,0.191233,-0.897572,-0.397233,0.100000,0.020000,1,0.534221
25.878531,19.723135,1.401541,380.115997,-218.735870,419.777008,21882.498047,-12799.707031,18539.941406,0.274152,-0.957417,-0.090512,0.100000,0.020000,1,0.412506
24.060778,20.940191,0.621485,10.512416,-65.390190,-92.094482,-354.042816,-3433.411865,-5282.393555,0.034613,-0.781359,0.623121,0.100000,0.020000,1,0.621040
24.462261,20.577509,0.365327,94.268021,-54.544983,-13.677528,6368.886719,-3666.989258,-775.363831,0.198663,-0.878822,0.433827,0.100000,0.020000,1,0.928156
24.563894,20.482138,-0.297400,-187.311096,115.486168,277.397339,-13145.291016,4032.511963,16540.576172,0.295109,-0.955271,0.019199,0.100000,0.020000,1,0.051739
24.342524,22.643681,-0.454662,39.087723,566.535278,-181.690826,1776.316650,16699.398438,-6381.142578,0.303667,-0.944008,0.128976,0.100000,0.020000,1,0.455622
24.938374,20.776361,0.048092,134.868713,33.779900,-17.408127,11014.661133,3024.204590,-1381.483887,0.227778,-0.962730,0.145838,0.100000,0.020000,1,0.096208
23.994543,20.810856,-0.797571,-124.387489,108.217476,-133.007584,-6009.405273,971.235718,-5878.698730,0.305892,-0.929583,-0.205680,0.100000,0.020000,1,0.180429
24.103542,20.747925,0.471540,-154.351013,89.468193,-275.476929,-11134.314453,6349.008789,-16138.490234,0.313569,-0.925581,0.212074,0.100000,0.020000,1,0.119839
23.757469,20.948774,0.450412,75.384201,-43.206387,-148.987366,2559.107666,-2364.256104,-5193.833496,-0.051431,-0.710300,-0.702018,0.100000,0.020000,1,0.471958
24.749968,20.662519,-0.315840,37.206512,-10.695904,12.671448,3947.312012,-938.189026,1499.349487,0.133181,-0.781966,-0.608927,0.100000,0.020000,1,0.594366
22.650019,24.307072,-0.987631,-566.077637,1109.754272,-166.684372,-18479.511719,34496.554688,-5076.663086,0.237830,-0.829309,-0.505652,0.100000,0.020000,1,0.900539
24.569712,20.478779,0.463216,-700.921509,405.202972,-250.203690,-43860.398438,25002.687500,-14973.724609,0.325423,-0.884652,0.333903,0.100000,0.020000,1,0.002751
24.215467,20.683306,0.844598,4.605792,12.587077,-20.361185,-3919.597168,-6552.648926,-1043.731689,-0.054782,-0.688204,0.723446,0.100000,0.020000,1,0.551997
24.687147,20.474726,0.749472,82.971619,-81.794113,63.682472,4367.980469,-3908.451660,3343.824219,0.144757,-0.770691,0.620549,0.100000,0.020000,1,0.376508
23.884935,20.874136,-0.093822,61.184998,-21.225731,56.675709,-1363.606567,-6809.427246,1981.666260,0.242170,-0.813392,0.528911,0.100000,0.020000,1,0.193544
24.823227,20.576426,-0.399827,87.397537,-29.740726,-6.335630,7027.092773,-1907.603149,-721.140869,0.332362,-0.850833,-0.406963,0.100000,0.020000,1,0.879755
24.707380,20.481865,-0.256755,-464.304688,84.527847,236.132233,-28432.158203,5181.934082,14479.454102,0.416774,-0.887789,-0.195269,0.100000,0.020000,1,0.789074
24.528988,20.874033,-0.093484,-165.228455,-153.730072,-192.253632,-10295.794922,-8169.916016,-12194.117188,0.424512,-0.899879,-0.100032,0.100000,0.020000,1,0.253725
24.629419,20.497044,0.105365,-392.573303,-77.972832,-87.500870,-24243.068359,-4943.412598,-5152.728027,0.432065,-0.901596,0.021084,0.100000,0.020000,1,0.535769
23.930971,20.847557,0.181263,41.981766,-17.324980,-47.796104,-1245.777100,-2787.545898,-2903.454590,0.437037,-0.893275,0.105163,0.100000,0.020000,1,0.626574
23.437235,21.134216,0.694840,-295.855469,171.296951,48.765503,-20788.039062,11860.451172,9488.638672,0.343197,-0.839732,0.420793,0.100000,0.020000,1,0.816566
24.921396,20.634907,0.194873,-418.398499,-30.442200,14.069555,-24714.544922,-1450.656982,922.580078,0.431583,-0.870882,0.235159,0.100000,0.020000,1,0.387647
24.845867,21.405512,-2.051913,112.497971,200.531921,-454.430450,5913.727539,20941.714844,-19266.232422,0.039325,-0.709592,-0.703515,0.100000,0.020000,1,0.232977
24.479881,20.945299,-0.305064,-0.340860,-509.515442,6.258556,-32.102520,-30762.792969,729.233826,0.332435,-0.808753,-0.485186,0.100000,0.020000,1,0.908013
24.655642,20.429169,-0.574988,55.764038,-31.887316,-53.973022,4228.886719,-2661.048828,-4784.306152,0.365555,-0.876695,-0.312690,0.100000,0.020000,1,0.230895
24.149532,20.721373,-0.392811,320.646881,-178.033936,-234.498306,17518.927734,-14310.271484,-14687.075195,0.247307,-0.763056,-0.597147,0.100000,0.020000,1,0.222442
24.159925,20.742050,-1.220341,-40.906143,26.477226,-308.050476,-4218.836914,2547.761719,-23531.142578,0.459313,-0.834106,-0.305449,0.100000,0.020000,1,0.515358
25.198757,20.115599,2.328582,145.898636,-80.735695,553.799194,26.827637,-2500.977051,17162.193359,0.254974,-0.747039,0.613939,0.100000,0.020000,1,0.976824
22.294376,21.792444,-0.946008,-614.999451,378.184998,-390.642639,-24151.421875,14031.984375,-3641.879883,0.459215,-0.826583,0.325394,0.100000,0.020000,1,0.051864
26.523079,20.028105,0.281627,510.695801,-145.493744,104.646423,36911.093750,-6514.337891,-5430.074219,0.553949,-0.832502,0.008993,0.100000,0.020000,1,0.017022
23.351858,21.181908,0.111948,38.165527,66.104630,0.000000,-130.764160,-17915.548828,1552.187500,0.455961,-0.780521,0.427654,0.100000,0.020000,1,0.746616
24.909483,20.282612,-2.520291,-156.092361,96.733223,-972.956299,-12116.008789,5405.016602,-37874.390625,0.466930,-0.788526,-0.400254,0.100000,0.020000,1,0.748734
24.211971,21.381176,-0.161025,-55.739853,172.990417,-44.980698,-5240.992188,14565.397461,-4285.504883,0.548488,-0.802980,0.233204,0.100000,0.020000,1,0.877228
25.146849,20.405830,-0.071225,109.280273,-13.371449,31.170975,9077.967773,-1240.851440,2294.313965,0.555349,-0.810022,-0.188288,0.100000,0.020000,1,0.694140
24.175131,20.706593,1.191115,-31.834770,112.684875,150.825958,-5539.670898,-12200.970703,6631.667480,0.370298,-0.753498,0.543249,0.100000,0.020000,1,0.198242
24.278728,21.229055,0.257010,-123.358864,208.749374,-8.339417,-4427.052734,6622.077148,9931.447266,0.584867,-0.800979,0.127920,0.100000,0.020000,1,0.337626
25.973143,21.749689,0.962370,435.324402,273.412445,98.731155,17234.953125,6245.113281,5937.443848,0.066248,-0.676975,0.733019,0.100000,0.020000,1,0.717398
24.693535,20.804892,-0.598796,-717.445312,-1182.408569,-13.277218,-44178.195312,-74485.859375,-1009.481567,0.160517,-0.692977,-0.702863,0.100000,0.020000,1,0.957909
25.317215,20.999008,0.052569,191.196564,50.988678,62.002930,15260.534180,4649.917969,6122.306641,0.368015,-0.710540,-0.599748,0.100000,0.020000,1,0.853295
25.017513,20.247473,-0.779504,126.253082,-64.640823,-69.311623,9666.915039,-5544.640137,-5958.532227,0.468885,-0.724815,-0.504767,0.100000,0.020000,1,0.073413
24.341852,20.610334,-0.037987,44.681793,77.391136,0.000000,-7328.133789,-16616.410156,-3354.191406,0.570762,-0.759825,-0.311283,0.100000,0.020000,1,0.035475
24.555765,21.389750,1.158498,271.625427,80.396210,137.757553,17090.521484,6344.223633,9628.895508,0.566066,-0.751356,0.339165,0.100000,0.020000,1,0.137064
26.581114,19.442009,1.248918,477.964722,-269.742798,191.123535,38607.222656,-22129.664062,15250.572266,0.371466,-0.697434,0.612861,0.100000,0.020000,1,0.405334
24.468979,20.609493,0.299482,-53.810097,-38.458298,-83.667297,-4020.025879,-2421.269043,-5775.582031,0.468141,-0.709696,0.526475,0.100000,0.020000,1,0.779127
24.017614,20.894312,0.981436,-318.017700,96.653290,2.903664,-22825.181641,7511.034180,2921.761963,0.563468,-0.716669,0.410962,0.100000,0.020000,1,0.474324
24.787785,20.676928,0.006414,-55.849319,-46.431877,-173.793701,-3289.233154,-2141.934082,-10966.491211,0.669336,-0.742927,0.007029,0.100000,0.020000,1,0.309814
25.162331,20.227991,-0.129060,132.141510,-72.152740,-51.390961,10116.758789,-5662.315918,-4130.735352,0.671575,-0.733487,0.104804,0.100000,0.020000,1,0.106974
25.530254,21.490479,0.144359,107.372437,183.031174,77.776917,18110.250000,5661.829102,5511.786621,0.677470,-0.729270,-0.095913,0.100000,0.020000,1,0.091617
25.420618,20.103579,0.144633,238.983246,-124.919189,-139.762054,19172.646484,-10728.892578,-10625.328125,0.163122,-0.668000,0.726063,0.100000,0.020000,1,0.849486
24.699501,20.611938,-0.328587,-0.664084,12.438885,16.444374,29.784988,1023.511292,1008.614014,0.571109,-0.713896,-0.405201,0.100000,0.020000,1,0.196676
24.703321,20.648130,0.099719,-14.471912,-66.982887,-174.305969,-886.364441,-3571.492188,-10216.824219,0.633237,-0.765928,-0.111202,0.100000,0.020000,1,0.014744
24.623245,20.447874,0.042553,-38.714058,29.694410,-228.693863,-4895.373047,-1511.410400,-15402.407227,0.674742,-0.705081,0.218136,0.100000,0.020000,1,0.067612
24.534657,20.808315,-0.628015,-487.625793,-380.394043,229.192169,-30633.615234,-23725.390625,14162.349609,0.252647,-0.668408,-0.699572,0.100000,0.020000,1,0.702272
24.732023,20.455486,-0.598378,-220.744751,129.975250,-36.253510,-13493.760742,7428.058105,-2837.426270,0.451735,-0.670564,-0.588456,0.100000,0.020000,1,0.852440
24.828398,20.587580,-0.176620,-182.778442,-27.459240,-249.214478,-11280.150391,-1398.804688,-15821.483398,0.689851,-0.697150,-0.195158,0.100000,0.020000,1,0.122650
25.722601,20.859365,2.078467,378.385254,45.224579,519.645569,-2740.580078,10462.158203,13690.206055,0.674527,-0.659205,0.332359,0.100000,0.020000,1,0.393768
25.181610,21.047623,-0.563505,120.247253,87.823227,93.795441,9275.012695,7701.057617,4563.905273,0.683372,-0.665118,-0.301033,0.100000,0.020000,1,0.081812
24.642723,20.724903,-0.095030,-2.795240,-311.817749,-103.112991,-953.232300,-18751.652344,-6934.349609,0.754581,-0.656150,0.008641,0.100000,0.020000,1,0.727220
23.664232,21.841383,-0.235401,-264.051208,210.569153,-276.359161,-20191.326172,17838.117188,-20808.851562,0.250313,-0.649473,0.718003,0.100000,0.020000,1,0.225557
24.665962,20.882284,-0.634018,44.734093,19.917038,-93.010971,2586.195312,2442.225342,-6843.762695,0.578097,-0.640458,-0.505586,0.100000,0.020000,1,0.161389
24.791862,20.613157,-0.335736,3.600640,-4.600932,2.756537,276.159058,-51.731758,41.439579,0.666568,-0.639473,-0.383095,0.100000,0.020000,1,0.954919
23.554207,22.078779,1.674779,-764.829895,368.135071,541.163940,-34031.019531,8886.078125,18533.156250,0.764087,-0.634478,0.116655,0.100000,0.020000,1,0.834681
24.885241,20.921322,-0.135132,-49.676453,-172.107422,111.091461,-3002.128906,-9148.768555,6740.527344,0.772339,-0.629033,-0.088369,0.100000,0.020000,1,0.398288
24.178875,21.675804,-0.936362,-206.874741,284.449036,-357.576599,-8386.229492,17642.845703,-24523.994141,0.665926,-0.613773,0.424057,0.100000,0.020000,1,0.498453
24.859503,20.670553,0.352328,-225.004379,92.052460,57.450172,-14190.713867,6399.412598,4357.635254,0.761725,-0.608150,0.223446,0.100000,0.020000,1,0.775888
24.374939,20.591232,-0.141873,-123.177734,74.830116,380.413239,-10827.989258,3426.253418,24262.220703,0.774682,-0.602243,-0.192798,0.100000,0.020000,1,0.753503
24.753036,20.507902,-0.173880,-432.186096,252.901978,-124.515961,-26579.517578,15075.452148,-6270.793945,0.351698,-0.623584,-0.698178,0.100000,0.020000,1,0.432756
24.844337,20.697332,0.585685,-532.808594,-99.606400,-416.177429,-32896.992188,-6169.166016,-25926.982422,0.472045,-0.611753,0.634769,0.100000,0.020000,1,0.640134
25.148853,20.265444,0.086808,117.054810,-55.087372,88.563492,8591.941406,-4646.783691,6913.067383,0.754087,-0.589523,-0.289509,0.100000,0.020000,1,0.648817
24.674686,20.499361,-0.370464,-177.813477,103.791672,-202.296448,-11434.697266,5924.848633,-12330.539062,0.542545,-0.588862,-0.599071,0.100000,0.020000,1,0.865466
24.826902,20.579216,0.218437,38.428429,-66.376770,65.436768,1244.964111,-2102.308350,4539.503418,0.651594,-0.556206,0.515810,0.100000,0.020000,1,0.905112
24.696327,20.849245,0.956965,53.926117,-66.034973,186.395264,3193.816162,-3381.134033,13728.526367,0.554930,-0.561378,0.613928,0.100000,0.020000,1,0.916269
24.853174,20.795643,0.463740,-113.851257,-161.789993,-88.545990,-7366.593262,-9362.967773,-4998.475098,0.753669,-0.516650,0.406271,0.100000,0.020000,1,0.824556
24.785080,20.749540,0.175849,7.151482,20.972549,-14.052452,-287.835327,2118.663818,504.171753,0.843115,-0.499992,-0.197903,0.100000,0.020000,1,0.650241
25.067429,20.489435,0.009896,-68.504120,-15.149300,114.145996,-3922.248535,-1215.367920,6872.199707,0.858188,-0.500786,0.112817,0.100000,0.020000,1,0.465534
24.580200,20.559681,0.472631,-161.615753,96.724167,165.230682,-10313.579102,5363.042969,10010.313477,0.360314,-0.590711,0.721966,0.100000,0.020000,1,0.969920
24.498915,20.703344,-0.394738,-312.179382,132.539795,-23.653257,-20432.171875,8349.761719,-860.421082,0.447686,-0.570969,-0.688165,0.100000,0.020000,1,0.492973
25.263926,20.155182,-0.063374,98.649292,-33.559883,-54.190659,7731.127930,-3847.093506,-4776.079590,0.778837,-0.534085,0.328886,0.100000,0.020000,1,0.163115
24.936892,20.440870,-0.247327,-110.319962,62.929810,-35.720451,-6822.747070,3330.329590,-1943.257324,0.758936,-0.509439,-0.405572,0.100000,0.020000,1,0.281022
24.849985,20.564367,0.005005,78.519882,-41.993088,-1.103924,4414.702637,-2688.172119,-818.505859,0.849935,-0.473008,0.232107,0.100000,0.020000,1,0.811121
25.035187,20.689812,-0.061196,13.283516,-6.901870,-0.626003,1031.236328,133.650253,-360.667664,0.874090,-0.485364,0.019726,0.100000,0.020000,1,0.792989
24.995308,21.013500,-0.259202,23.711876,-65.290237,263.832947,2190.750244,-2631.280029,17498.269531,0.639242,-0.503326,-0.581405,0.100000,0.020000,1,0.920131
26.346163,19.640562,0.321499,373.933594,-214.099609,142.251312,29672.212891,-17652.412109,11970.893555,0.722434,-0.480661,-0.497045,0.100000,0.020000,1,0.630685
24.714035,20.990330,0.019707,-113.718750,18.873718,6.055592,-8326.965820,2849.577393,1451.272583,0.844080,-0.446104,-0.297524,0.100000,0.020000,1,0.697930
25.102888,20.549166,0.474374,36.708839,-33.581078,18.520847,3162.536377,-2508.582031,1443.701782,0.720541,-0.464381,0.514947,0.100000,0.020000,1,0.760211
25.122658,20.439196,0.032035,27.939388,-44.053394,-62.665016,1837.986572,-1941.320923,-2743.294434,0.846676,-0.431891,0.310822,0.100000,0.020000,1,0.486442
25.389999,20.005186,1.601727,177.201050,-96.429749,250.297729,2457.559082,-3061.294678,6468.750488,0.447782,-0.538520,0.713784,0.100000,0.020000,1,0.268263
25.022484,20.759247,-0.367124,-38.622726,-13.736311,41.213562,-2320.847900,-317.148071,2370.354980,0.823914,-0.408367,-0.392940,0.100000,0.020000,1,0.562709
24.691961,20.542469,1.594500,117.522980,-66.404602,373.167053,5826.715820,-4416.220215,30158.625000,0.924557,-0.380624,0.017874,0.100000,0.020000,1,0.418289
25.029112,20.440248,-0.071588,20.300983,-0.987434,2.113138,1085.255005,-735.970947,117.414093,0.923874,-0.373047,-0.085394,0.100000,0.020000,1,0.435443
24.749975,20.799726,0.418580,-5.822430,-58.838028,99.390060,-488.665771,-3081.145996,6081.916504,0.596247,-0.549519,0.585251,0.100000,0.020000,1,0.116333
24.726091,21.897617,0.445533,32.670929,307.634277,68.058578,541.991760,14578.923828,159.747314,0.631476,-0.464737,0.620691,0.100000,0.020000,1,0.353107
24.969292,20.981859,0.303136,-102.925140,8.332783,51.294945,-6633.164551,1953.771851,3128.849365,0.821876,-0.390430,0.414831,0.100000,0.020000,1,0.563368
24.734663,20.688242,-0.224733,30.791698,-51.920959,37.757618,686.175720,-2821.150391,1734.464478,0.900759,-0.425405,-0.087543,0.100000,0.020000,1,0.101012
25.121218,20.749546,-0.207320,-38.636665,-3.647111,-0.435734,-2199.888916,279.803284,22.559738,0.892538,-0.356385,-0.276343,0.100000,0.020000,1,0.273263
25.148304,20.280350,0.175811,-315.733612,183.056183,263.893066,-19684.005859,10165.701172,17004.755859,0.928769,-0.351802,0.116717,0.100000,0.020000,1,0.611502
24.483334,21.167728,-0.174329,64.614685,-12.519669,70.895844,2871.510010,1084.792603,6036.689453,0.536554,-0.484975,-0.690586,0.100000,0.020000,1,0.364727
25.123745,20.473370,-0.511041,-151.273422,75.766998,255.682922,-9010.284180,3987.382568,15577.331055,0.797432,-0.372589,-0.474636,0.100000,0.020000,1,0.638158
25.021244,21.939056,0.070088,32.787323,271.771912,-3.745220,8379.696289,1824.782227,1269.664062,0.917544,-0.329184,0.223050,0.100000,0.020000,1,0.854682
24.861303,20.803911,-0.605441,2.394924,-2.192766,-34.185295,167.607819,516.828491,-2861.653809,0.674339,-0.491947,-0.550686,0.100000,0.020000,1,0.005384
25.258726,21.543133,2.244682,134.099396,150.267120,627.177368,2886.031494,6377.648926,18442.572266,0.886451,-0.317757,0.336505,0.100000,0.020000,1,0.549435
25.173378,20.672237,-0.136081,-320.438049,156.569595,-488.546814,-19909.107422,10059.131836,-30751.839844,0.923548,-0.328841,-0.197290,0.100000,0.020000,1,0.087079
24.859188,20.578144,0.333581,-37.590378,-57.724747,-27.288216,-2945.496582,-4129.407227,-2089.031494,0.775658,-0.341339,0.530888,0.100000,0.020000,1,0.673605
26.205521,21.532486,-0.930622,305.469025,47.044464,-225.018616,23988.123047,6566.141602,-16830.308594,0.874272,-0.301372,-0.380556,0.100000,0.020000,1,0.883260
25.198099,20.986742,-0.258335,-246.794067,58.539093,260.900482,-15416.348633,5071.383789,15629.767578,0.964080,-0.255468,-0.072700,0.100000,0.020000,1,0.661914
24.878668,20.740187,-0.575395,198.860107,-117.164230,307.054077,12297.597656,-7241.931641,18941.609375,0.713092,-0.374878,-0.592424,0.100000,0.020000,1,0.404160
25.051834,20.924358,-0.343434,-27.650425,4.253262,-172.455963,-1926.715576,1231.989014,-13668.575195,0.873574,-0.267746,0.406425,0.100000,0.020000,1,0.762080
25.206093,20.889351,0.181221,-99.070709,-386.518097,-234.471603,-6066.080566,-23514.716797,-14724.992188,0.950300,-0.233674,0.205734,0.100000,0.020000,1,0.180785
24.222687,20.679134,0.233735,-176.933044,131.544296,-1.845391,-9372.005859,510.132202,-1951.447998,0.971880,-0.234195,0.024524,0.100000,0.020000,1,0.292820
25.028858,20.970932,-0.161168,101.743790,-296.522095,220.067169,5853.518555,-17501.025391,13882.762695,0.952500,-0.229079,-0.200666,0.100000,0.020000,1,0.834219
24.995783,20.939613,0.020310,42.152950,0.534866,42.875191,1908.801392,1147.281128,2450.205078,0.968272,-0.227765,0.102820,0.100000,0.020000,1,0.364193
24.667522,20.735924,0.974200,-4.798283,19.250427,92.334991,-1388.866089,1251.450684,7793.769531,0.683258,-0.360598,0.634923,0.100000,0.020000,1,0.402220
25.217220,20.757273,-0.155027,-206.839508,-205.520325,43.057846,-12748.491211,-3357.234863,1522.351440,0.588913,-0.405219,-0.699270,0.100000,0.020000,1,0.236482
24.956682,20.943367,-0.352562,-132.482712,-293.173035,-38.491135,-8583.654297,-17624.427734,-1981.142212,0.760212,-0.293710,-0.579493,0.100000,0.020000,1,0.993373
24.991896,21.680033,-0.220820,110.659309,-32.157684,579.301880,6245.008789,2000.939575,34600.890625,0.929884,-0.191147,0.314291,0.100000,0.020000,1,0.518045
24.717955,20.401983,-0.024476,-68.174263,42.023849,-358.024048,-5866.230469,1251.870605,-21055.380859,0.837859,-0.227486,-0.496228,0.100000,0.020000,1,0.698375
25.279348,20.915861,-0.038063,51.010818,-2.086826,-107.808044,4004.792236,594.877380,-8638.755859,0.833786,-0.223083,0.505009,0.100000,0.020000,1,0.819574
25.583843,21.072716,-0.038100,69.262283,13.245148,-3.193095,5717.475098,2187.406006,-409.747131,0.995993,-0.088204,0.014769,0.100000,0.020000,1,0.768521
25.376028,20.884321,-0.184413,-577.545044,-168.655365,266.452820,-35979.000000,-10097.392578,16305.678711,0.993409,-0.084289,-0.077685,0.100000,0.020000,1,0.095976
25.332779,20.870838,-0.356183,-203.787537,-47.118423,86.759781,-12330.439453,-2436.780762,4965.424805,0.945613,-0.137576,-0.294769,0.100000,0.020000,1,0.200537
25.281578,21.753319,-0.207723,-199.613129,-204.866455,-152.165588,-12157.529297,-8835.025391,-11899.487305,0.893431,-0.129327,0.430181,0.100000,0.020000,1,0.664370
25.687410,20.026670,-1.356306,216.993042,-85.712341,-237.706543,15807.991211,-8502.678711,-19326.585938,0.904580,-0.130817,-0.405737,0.100000,0.020000,1,0.361738
25.108255,20.941193,-0.128996,224.314362,-37.198994,-94.435257,13535.758789,-1626.940063,-5836.819336,0.977117,-0.072565,-0.199942,0.100000,0.020000,1,0.886108
25.256845,20.700695,-0.014688,-135.448273,73.002258,111.597916,-8553.447266,4318.215332,6307.348633,0.976471,-0.070897,0.203664,0.100000,0.020000,1,0.905717
25.161856,20.566275,-0.052942,-111.667099,88.308975,81.037308,-7498.532715,4738.640625,4505.469727,0.990932,-0.065838,0.117126,0.100000,0.020000,1,0.288691
24.878944,20.839033,0.576926,15.436348,-21.241337,-3.772111,452.820068,-206.492950,225.056854,0.569852,-0.393651,0.721324,0.100000,0.020000,1,0.050636
25.146782,20.496666,-0.063451,89.992157,-46.516220,80.234436,6630.213867,-4087.993164,7107.527344,0.641699,-0.322144,-0.696021,0.100000,0.020000,1,0.183188
25.741043,19.966948,0.313894,263.679871,-118.674225,-61.953499,19707.107422,-10853.853516,-4702.561523,0.729267,-0.256419,0.634365,0.100000,0.020000,1,0.340598
24.108814,20.984953,-0.094550,-245.521942,187.120880,-75.927277,-8708.380859,5572.872070,-11603.207031,0.946441,-0.059999,0.317252,0.100000,0.020000,1,0.594918
24.983032,20.905058,-0.713580,-67.475212,-47.246887,-116.579041,-5368.565430,-2500.975586,-9349.157227,0.952489,-0.058268,-0.298948,0.100000,0.020000,1,0.329850
24.927179,20.921091,0.710778,-22.029907,-64.683769,-210.515137,-1374.313477,-3503.567627,-12656.734375,0.637830,-0.309283,0.705348,0.100000,0.020000,1,0.681488
24.573349,22.044533,-0.276957,-154.969788,295.150116,39.074509,-12259.474609,23835.853516,2933.023438,0.864780,-0.111132,-0.489699,0.100000,0.020000,1,0.572906
24.549152,20.565725,0.757947,34.218807,2.993317,-264.414490,1235.259766,-588.867310,-15945.011719,0.510247,-0.453981,0.730445,0.100000,0.020000,1,0.134466
25.209360,20.763990,-0.288046,-17.745216,14.910103,-14.251411,-1270.067383,689.426208,-834.567200,0.923535,-0.026918,-0.382568,0.100000,0.020000,1,0.003694
25.264824,21.173168,-0.265159,-151.578217,142.725159,199.002411,-9819.124023,10429.656250,11742.318359,0.995318,0.041659,-0.087211,0.100000,0.020000,1,0.837564
25.229933,21.030010,0.040606,-17.500656,-27.879757,20.952595,-1507.378296,-965.990112,1092.454590,0.991477,0.049411,0.120549,0.100000,0.020000,1,0.731081
25.131979,20.819843,-0.073732,-330.124268,-180.237305,314.650146,-21679.603516,-11462.720703,19479.019531,0.998232,0.055124,0.022258,0.100000,0.020000,1,0.673588
24.853951,20.981218,-0.551621,-9.958549,5.215870,-38.809006,-1243.820923,1062.819092,-2500.692139,0.697115,-0.228075,-0.679715,0.100000,0.020000,1,0.905343
25.457451,19.966246,-0.536052,176.252380,-7.021805,-182.155060,-1367.922607,-18689.267578,-12526.390625,0.764413,-0.152744,0.626372,0.100000,0.020000,1,0.888172
25.055660,20.995876,0.348270,184.512604,-38.890289,-128.386932,10870.038086,-1817.608154,-8055.618652,0.905453,-0.010856,0.424307,0.100000,0.020000,1,0.968265
25.246319,21.020369,-0.113030,88.680191,-14.837597,16.025551,5251.060547,-265.345703,1162.559204,0.979606,0.070997,-0.187967,0.100000,0.020000,1,0.187227
25.384821,21.330290,0.061955,83.732239,95.446930,131.913910,7889.093750,10724.370117,11373.104492,0.785712,-0.143844,-0.601636,0.100000,0.020000,1,0.192085
25.246403,21.125834,0.470424,-87.221977,-257.571594,6.619908,-5225.167969,-15039.102539,657.197815,0.851192,-0.066566,0.520616,0.100000,0.020000,1,0.137349
24.951429,21.124977,-0.190692,-55.856888,18.291971,50.716133,-6088.643066,-283.448120,3186.175293,0.880112,-0.006992,-0.474715,0.100000,0.020000,1,0.904561
25.412388,21.151028,-0.253298,-226.290436,-132.681259,71.008209,-13880.131836,-7226.861816,4384.128906,0.954012,0.077248,-0.289645,0.100000,0.020000,1,0.802776
25.377010,20.639778,-1.000729,74.087906,-88.135590,-120.018097,5631.239746,-6469.340332,-9798.579102,0.804044,-0.067487,-0.590728,0.100000,0.020000,1,0.631699
25.170256,20.805885,0.016468,-142.909454,-99.220673,75.643692,-9720.073242,-6596.305176,4090.926270,0.968467,0.102824,0.226932,0.100000,0.020000,1,0.251252
24.893999,21.001982,0.426001,9.984112,2.722210,-16.931664,-796.700073,626.267883,-964.873962,0.862174,0.033691,0.505490,0.100000,0.020000,1,0.324957
23.686520,20.988691,1.195604,-284.169983,221.390930,395.052307,-10398.083984,879.972656,26944.765625,0.912870,0.097422,-0.396457,0.100000,0.020000,1,0.997288
24.946043,21.337605,-0.006771,-7.692223,61.054764,-1.923084,-2318.096436,5568.988770,-232.132431,0.983563,0.178845,0.024862,0.100000,0.020000,1,0.423503
24.692326,21.282307,-0.391856,-355.280792,46.597237,-39.910858,-25311.271484,4417.804688,-3891.395508,0.980529,0.179336,-0.080014,0.100000,0.020000,1,0.878349
24.924404,22.188438,-2.292023,-6.425747,285.358643,-480.703003,-1033.368042,23564.224609,-37684.976562,0.728860,-0.119711,-0.674116,0.100000,0.020000,1,0.921145
25.376789,21.269114,-0.372702,42.312225,44.962814,-50.629364,2663.371338,4180.162598,-4120.001953,0.962073,0.194813,-0.190952,0.100000,0.020000,1,0.480018
25.324265,20.998943,0.548528,-502.908447,119.693008,-130.104187,-31026.263672,7995.354980,-7992.150391,0.780254,-0.028096,0.624832,0.100000,0.020000,1,0.784910
24.885410,21.309292,0.397163,-59.571472,32.085800,5.940887,-5514.330078,3555.517578,614.007996,0.893442,0.135041,0.428399,0.100000,0.020000,1,0.947979
24.725452,21.886824,-0.460070,-72.821960,293.435913,-186.662811,-7376.287598,22424.228516,-14113.420898,0.970164,0.208825,0.123184,0.100000,0.020000,1,0.023873
24.991718,21.062363,0.197774,-15.093315,-72.591499,-96.409363,-2586.683105,-4205.581543,-6016.399902,0.947947,0.221874,0.228403,0.100000,0.020000,1,0.990063
28.887827,21.313246,-0.858264,1051.802246,0.943298,-306.228760,53648.121094,-2230.386230,-4523.330078,0.921069,0.222854,0.319325,0.100000,0.020000,1,0.064213
25.209343,21.007975,0.473026,63.911346,36.209206,-133.402664,3735.867188,2438.644043,-8133.565430,0.848217,0.144513,0.509552,0.100000,0.020000,1,0.637180
25.436357,21.328827,-0.031616,-186.464874,26.649612,-50.220985,-11726.115234,2933.322266,-3054.745117,0.947643,0.310498,-0.074590,0.100000,0.020000,1,0.788967
25.121241,20.972681,-0.292197,238.930649,-438.820709,-345.175415,14730.939453,-27588.869141,-20997.093750,0.792476,0.063315,-0.606608,0.100000,0.020000,1,0.076865
24.948185,21.279005,-0.267977,-27.223595,-3.678844,-74.298157,390.777100,-131.981018,-4081.060547,0.883484,0.236354,-0.404465,0.100000,0.020000,1,0.597604
25.029589,20.834188,-0.048684,113.204163,-41.379295,146.192047,5690.328125,-3319.020508,10030.519531,0.919794,0.248834,-0.303414,0.100000,0.020000,1,0.126103
25.224401,21.221313,-0.268644,8.302855,13.861668,40.747124,108.782837,1153.845703,765.828247,0.925264,0.324083,-0.197120,0.100000,0.020000,1,0.418396
24.982447,23.200232,0.058130,-135.748581,564.202637,25.231667,3270.325195,30239.576172,-992.366455,0.938127,0.346220,0.007041,0.100000,0.020000,1,0.417097
25.593948,20.073685,1.034727,297.630249,-146.166107,113.139954,21304.677734,-12454.737305,9051.041992,0.657063,-0.195421,0.728065,0.100000,0.020000,1,0.118326
25.682261,21.461355,-0.124523,199.600189,144.293716,-172.388580,13984.793945,10928.594727,-12766.364258,0.876334,0.250399,0.411508,0.100000,0.020000,1,0.185554
25.531328,21.342876,0.146027,-218.437988,-39.566772,200.079498,-13335.480469,-1367.564331,12542.254883,0.912565,0.350762,0.210218,0.100000,0.020000,1,0.451885
25.104618,20.364450,0.015078,-91.020279,111.490005,94.662430,-7126.915527,4077.866699,5621.968750,0.924457,0.360040,0.125502,0.100000,0.020000,1,0.366631
25.107948,20.974815,0.634808,21.473343,-19.351761,6.280315,1609.918579,-880.350403,633.801575,0.676713,-0.107542,0.728350,0.100000,0.020000,1,0.303158
25.322874,21.500584,0.205556,-260.803589,-251.575195,257.073883,-15962.085938,-13679.068359,14990.122070,0.769917,0.089063,0.631899,0.100000,0.020000,1,0.825695
27.272837,19.956980,-0.652767,610.097778,-361.765991,-58.353760,11963.718750,-8953.253906,-10256.708008,0.840848,0.173741,-0.512630,0.100000,0.020000,1,0.094944
25.920883,19.751204,-0.003482,293.308990,-556.526123,123.126350,14435.852539,-19415.691406,1363.740234,0.892143,0.351506,-0.283770,0.100000,0.020000,1,0.562941
24.614969,21.111374,-0.542847,51.011826,96.331673,57.882740,-471.103516,2471.377930,744.379761,0.717780,0.004110,-0.696258,0.100000,0.020000,1,0.560325
25.502138,21.559023,-0.208954,68.481644,78.411041,51.429688,5373.260254,7222.716309,4349.102539,0.785954,0.165045,-0.595850,0.100000,0.020000,1,0.987483
27.112310,22.126507,2.173285,499.235596,256.599854,605.930786,33480.539062,10837.595703,7446.128906,0.912233,0.207505,0.353232,0.100000,0.020000,1,0.070619
25.127720,20.276684,-0.137788,-293.468811,205.818787,156.406021,-19367.365234,9721.269531,10917.083008,0.830438,0.267623,-0.488622,0.100000,0.020000,1,0.944491
27.192915,22.123644,-0.628970,600.808228,342.007050,-278.940613,34612.093750,22684.785156,-17574.728516,0.707144,0.005491,0.707048,0.100000,0.020000,1,0.202673
25.349037,21.281202,0.386814,-59.058090,-67.285011,-77.550079,-3962.725586,-3548.169922,-4380.829102,0.863972,0.378253,0.332381,0.100000,0.020000,1,0.271253
25.110083,21.065350,-0.447797,-20.168732,-44.803101,-50.669693,-2675.806641,-3200.037109,-4441.795898,0.873557,0.448395,-0.189315,0.100000,0.020000,1,0.990953
25.760647,21.924322,-0.348544,109.912186,140.392426,-137.554260,8210.858398,12057.946289,-10521.616211,0.879826,0.461086,0.115352,0.100000,0.020000,1,0.274474
25.387043,21.261988,0.075236,12.082724,-38.635712,-19.757872,460.903107,-2014.100464,-680.959229,0.882353,0.464425,-0.075918,0.100000,0.020000,1,0.513899
25.371227,21.144777,0.562693,41.486832,-16.577974,9.867382,3141.805420,-596.001526,926.215942,0.764883,0.183177,0.617576,0.100000,0.020000,1,0.614474
24.710903,20.500595,0.307516,-177.752289,133.937683,156.271393,-13750.636719,6011.527832,9386.113281,0.798191,0.283366,0.531596,0.100000,0.020000,1,0.982714
25.153728,20.730877,0.520197,-225.773529,161.559387,-163.378784,-15194.082031,8534.615234,-9529.778320,0.827352,0.373554,0.419459,0.100000,0.020000,1,0.907710
24.972231,21.306787,-0.434224,511.221802,-401.721710,39.680359,30515.339844,-24647.167969,1985.309082,0.833507,0.390798,-0.390568,0.100000,0.020000,1,0.793540
25.479502,21.353493,-0.164231,49.013680,-4.975880,-71.420349,3242.606201,430.870422,-5924.872070,0.856095,0.467532,0.220261,0.100000,0.020000,1,0.783540
25.148428,21.451569,0.280590,278.441437,86.933914,-313.106201,16257.078125,6642.015137,-18631.138672,0.875780,0.482558,0.012124,0.100000,0.020000,1,0.161460
25.102388,20.930634,-0.308363,-157.642944,-54.235115,-267.472229,-10256.639648,-3723.072510,-15897.783203,0.721516,0.096309,-0.685667,0.100000,0.020000,1,0.157866
25.363668,21.295269,0.201127,-84.938591,125.281799,61.179680,-5624.094238,8361.233398,3688.409668,0.830349,0.465905,0.305699,0.100000,0.020000,1,0.134679
25.363455,21.399734,-0.119445,-48.740761,-50.778320,-197.127350,-3377.132812,-2406.044922,-12009.483398,0.822785,0.493924,-0.281184,0.100000,0.020000,1,0.479111
25.158913,21.342861,0.507238,-91.962799,-135.606033,16.103374,-6307.083496,-7578.116699,1121.924072,0.744231,0.277876,0.607376,0.100000,0.020000,1,0.918369
26.438396,21.126381,-0.379815,364.837708,-58.348907,23.443872,12448.024414,-1308.909058,843.795044,0.752003,0.305547,-0.584066,0.100000,0.020000,1,0.449305
25.121861,20.881948,-0.219955,81.769638,94.274826,94.494705,3973.524170,4552.542969,6324.873047,0.787954,0.479873,-0.385812,0.100000,0.020000,1,0.277570
25.302496,21.372986,0.109600,-21.151863,-230.883453,-283.451233,-2044.488892,-14149.609375,-17491.925781,0.811844,0.583610,0.017575,0.100000,0.020000,1,0.504219
25.287968,21.376854,-0.376819,-8.333769,-23.154076,-7.538811,-803.655884,-622.861084,-391.882812,0.767281,0.401404,-0.500155,0.100000,0.020000,1,0.674975
25.602343,20.236694,0.079425,190.076111,-75.930908,-85.557007,13077.413086,-8752.819336,-6807.023438,0.750930,0.401607,0.524230,0.100000,0.020000,1,0.843365
25.316647,21.608387,0.248579,-81.475632,-366.899841,26.976059,-5486.050293,-21552.095703,1386.147095,0.775244,0.481619,0.408706,0.100000,0.020000,1,0.358428
25.356413,21.457121,-0.142913,129.929352,0.634886,354.159302,7778.768066,761.446838,22395.828125,0.787625,0.585327,-0.192459,0.100000,0.020000,1,0.319832
25.793110,21.497280,-0.056213,89.965408,-11.728415,-0.313695,7030.281738,121.518066,30.091116,0.794701,0.600895,-0.085879,0.100000,0.020000,1,0.557460
25.625944,22.122950,-0.701231,124.711090,110.011108,-171.902557,8534.379883,10413.175781,-14158.880859,0.791160,0.600903,0.113940,0.100000,0.020000,1,0.265291
25.166111,21.750982,0.147215,-119.060089,-395.475586,136.015961,-8711.337891,-23069.822266,8461.922852,0.772415,0.594776,0.222750,0.100000,0.020000,1,0.971148
25.103682,21.187704,0.682170,10.554834,-6.787246,13.143044,493.037445,273.133789,1262.428345,0.678381,0.090651,0.729097,0.100000,0.020000,1,0.174059
25.375114,21.497286,-0.395012,-116.969666,3.785683,218.418152,-7636.924316,1041.373779,13124.697266,0.750713,0.589530,-0.298135,0.100000,0.020000,1,0.403609
26.326796,21.248217,1.461483,299.377533,-112.812424,346.978546,12436.454102,-1944.191040,15218.703125,0.742089,0.583304,0.330244,0.100000,0.020000,1,0.771084
25.031761,21.240036,-0.432167,59.056259,-70.266289,-119.596527,3000.556885,-3818.096191,-7034.889648,0.683735,0.207491,-0.699610,0.100000,0.020000,1,0.650223
25.430721,20.161476,1.137368,159.027878,-37.330009,706.748535,1756.850586,-1630.304321,26107.886719,0.711713,0.393922,-0.581626,0.100000,0.020000,1,0.052398
23.726307,21.427673,1.031403,-429.984802,3.356201,207.143188,-15678.607422,-1547.754028,2969.825195,0.714161,0.484361,0.505340,0.100000,0.020000,1,0.050405
25.244925,21.621214,-0.293318,-58.103912,-17.854254,-13.658401,-2524.187500,-1067.066406,-1651.899170,0.719291,0.586051,-0.373049,0.100000,0.020000,1,0.969190
25.238182,21.553692,-0.729540,-11.031200,-13.298876,-160.707611,-1648.298584,-99.272827,-12937.807617,0.726984,0.682340,-0.076855,0.100000,0.020000,1,0.160553
25.950855,20.334528,-0.633325,394.585632,-95.413940,-277.138184,5180.395508,-964.340820,-6041.953613,0.702167,0.683840,-0.198303,0.100000,0.020000,1,0.321753
25.165302,21.213299,0.874384,17.806015,-19.535730,56.156097,999.692505,-731.491455,4835.824219,0.672489,0.200354,0.712473,0.100000,0.020000,1,0.511265
25.090843,21.275442,-0.566264,106.408333,188.718002,4.844963,6070.625000,12388.532227,180.253235,0.671032,0.305208,-0.675695,0.100000,0.020000,1,0.516426
25.243032,21.407618,0.504746,83.007767,11.442596,35.784988,5000.276367,1499.181763,2342.143311,0.679872,0.405682,0.610898,0.100000,0.020000,1,0.075441
25.296675,21.439255,0.254034,155.978577,-8.980579,412.277039,9448.547852,-159.895004,25651.318359,0.679803,0.592471,0.432258,0.100000,0.020000,1,0.521052
25.026176,21.642553,0.803089,-69.713013,17.107048,222.776703,-2285.476562,1071.388306,6956.059082,0.689923,0.715751,0.108199,0.100000,0.020000,1,0.203669
25.344589,21.515524,0.188306,-29.576973,48.358376,-27.557953,-2290.612305,3471.869141,-1634.846069,0.678371,0.705326,0.205737,0.100000,0.020000,1,0.557585
24.784622,22.273716,-1.324818,-95.515808,229.343933,-205.763031,-8437.928711,18593.474609,-16842.789062,0.689658,0.517006,-0.507027,0.100000,0.020000,1,0.053821
24.565907,21.839916,-0.579256,-122.917419,39.333961,-153.533813,-11497.119141,4182.344727,-12123.488281,0.679136,0.734004,0.003511,0.100000,0.020000,1,0.090656
25.476852,21.875399,-0.028815,-889.560242,-1051.427124,1136.679321,-55897.703125,-64515.816406,70555.445312,0.636431,0.700306,0.323308,0.100000,0.020000,1,0.908724
25.162376,21.663763,-0.203220,390.255859,182.458374,-240.486450,23528.531250,12453.004883,-15104.320312,0.640978,0.715132,-0.278805,0.100000,0.020000,1,0.984494
24.905346,21.193228,-0.192703,0.851192,-29.379864,27.685196,-1638.881348,-2315.104736,2935.144775,0.628558,0.493740,-0.600946,0.100000,0.020000,1,0.802313
25.320107,21.240213,0.208458,95.799522,-18.276690,71.561424,2132.563477,-660.122864,3281.261230,0.624098,0.584475,0.518547,0.100000,0.020000,1,0.340420
25.427351,21.753466,-0.127026,-276.702484,-473.436798,-262.426178,-17488.939453,-28812.431641,-16497.443359,0.604095,0.776248,-0.180299,0.100000,0.020000,1,0.370866
25.494967,21.800886,-0.076259,64.213173,1.859825,-57.066376,4270.236816,1335.583862,-4008.445801,0.604861,0.795892,0.026442,0.100000,0.020000,1,0.394551
26.128815,21.207651,0.271220,246.996887,-40.358658,-20.323082,19029.537109,-3010.017822,-2164.375977,0.612996,0.505038,0.607596,0.100000,0.020000,1,0.825357
25.527273,21.889399,0.804625,66.658539,113.601578,251.388977,4264.062012,2015.416504,7545.925781,0.594377,0.696429,-0.402122,0.100000,0.020000,1,0.885360
25.270687,21.976591,1.366128,-0.812571,74.160095,291.162720,-734.138306,6578.976074,23709.158203,0.586282,0.802039,0.114047,0.100000,0.020000,1,0.078200
25.325987,21.904465,-0.151652,-170.351105,-62.516529,311.948486,-11209.245117,-2361.388428,19358.820312,0.585295,0.805686,-0.091108,0.100000,0.020000,1,0.345385
24.811756,21.477501,-0.358394,-78.227997,66.989388,-242.820892,-6613.774414,5531.547363,-19203.812500,0.635734,0.284961,0.717383,0.100000,0.020000,1,0.291716
25.235744,21.733706,0.414062,-45.507172,-101.160034,-136.261780,-3452.480957,-5257.097656,-8292.188477,0.571633,0.699631,0.428663,0.100000,0.020000,1,0.750300
24.599585,20.586390,-0.383478,-110.320358,-363.134521,-137.890381,-4196.297852,-13274.404297,-8483.131836,0.559186,0.778657,-0.284613,0.100000,0.020000,1,0.991967
25.242523,21.439741,0.106197,-120.002014,420.884796,411.198822,-8292.184570,26159.664062,25668.107422,0.555730,0.801621,0.220383,0.100000,0.020000,1,0.581714
25.081671,21.341507,-0.651450,219.082489,156.412689,398.906616,13154.701172,10282.113281,24763.765625,0.607025,0.384255,-0.695607,0.100000,0.020000,1,0.415940
21.480862,22.454521,-0.740860,-1045.050903,250.000732,-95.936295,-46154.648438,9591.069336,-3586.737793,0.594181,0.618117,-0.514665,0.100000,0.020000,1,0.061295
27.128641,21.654037,-1.375834,589.181946,73.556442,-514.074097,19168.714844,962.595337,-14737.975586,0.536281,0.784868,0.310461,0.100000,0.020000,1,0.691951
25.193954,21.525742,-0.321387,-16.687973,68.399673,-241.012177,-1517.482910,4845.896484,-14580.746094,0.551472,0.584078,-0.595594,0.100000,0.020000,1,0.854202
25.547037,21.590334,-0.805466,75.813812,-17.307257,-80.161621,5608.406738,-591.049133,-6826.917480,0.542609,0.687833,-0.482143,0.100000,0.020000,1,0.210039
25.443661,21.823641,0.053739,-501.174927,-68.818741,-446.659485,-31474.121094,-3451.915527,-27704.830078,0.492140,0.866867,-0.079630,0.100000,0.020000,1,0.510785
25.406036,21.680017,0.343110,-392.220459,28.288437,68.098358,-24432.429688,2648.322021,3990.857422,0.518739,0.674671,0.525099,0.100000,0.020000,1,0.411741
25.397535,22.247194,-0.057885,81.449203,144.880768,54.184555,5275.027832,12026.243164,4422.662109,0.492299,0.785393,-0.375232,0.100000,0.020000,1,0.782098
25.236212,21.809361,-0.069423,462.830322,23.363789,369.643219,28553.572266,2243.284912,22623.718750,0.469901,0.873660,0.126141,0.100000,0.020000,1,0.238048
25.414095,21.653811,-0.927943,56.311180,-48.090202,-298.503052,3622.348633,-2946.054199,-22815.529297,0.468173,0.883163,0.028940,0.100000,0.020000,1,0.144466
25.306818,21.157558,0.519718,43.928352,-69.447617,-8.850239,3128.566895,-4746.754883,-780.420654,0.585430,0.369194,0.721781,0.100000,0.020000,1,0.487652
25.359961,21.539629,-0.635726,-408.406494,-258.643494,255.926392,-25337.173828,-15427.334961,15761.429688,0.557424,0.472539,-0.682632,0.100000,0.020000,1,0.309903
25.350897,21.542625,0.640380,-512.686707,-59.197990,-109.116791,-32098.505859,-3171.618164,-6268.737305,0.528661,0.579371,0.620360,0.100000,0.020000,1,0.120924
25.340824,21.678049,0.357799,-255.038330,47.156799,23.929493,-16120.184570,3511.059570,1568.011108,0.478856,0.763391,0.433510,0.100000,0.020000,1,0.932356
25.761156,20.485081,0.193790,144.664215,-372.732056,116.528061,10703.432617,-28314.562500,8751.705078,0.456777,0.871823,-0.176861,0.100000,0.020000,1,0.010047
24.781693,22.546822,-0.040163,-113.603561,174.706696,-73.104416,-9656.052734,14837.605469,-5489.020020,0.445059,0.869771,0.213120,0.100000,0.020000,1,0.353837
25.422226,22.056507,-0.500220,74.419327,53.287964,-26.435883,5114.472656,5478.113281,-2147.395508,0.455291,0.746015,-0.485974,0.100000,0.020000,1,0.128985
25.281370,23.105806,1.182716,148.827026,275.963043,273.033905,6521.807617,6192.560059,7897.607422,0.430474,0.847820,0.309666,0.100000,0.020000,1,0.150997
25.115452,21.628105,-0.530875,-67.463821,-79.076385,9.725485,-4978.939941,-4405.710938,349.335480,0.468151,0.658549,-0.589192,0.100000,0.020000,1,0.426759
25.070660,21.800589,-0.368268,-28.124626,-80.066261,-65.180801,-2866.118408,-4340.702637,-4389.545410,0.404906,0.831174,-0.381051,0.100000,0.020000,1,0.091545
25.164913,21.801590,-0.136279,60.851860,70.163864,171.561371,3033.756836,4818.723145,10219.995117,0.372181,0.928083,0.011936,0.100000,0.020000,1,0.370938
26.720581,20.617146,-0.254261,748.596191,-458.471252,-21.831177,31278.130859,-18888.216797,-4151.996582,0.497401,0.546696,-0.673584,0.100000,0.020000,1,0.716205
26.483208,19.920980,-0.578802,538.848633,-228.895142,-297.103058,22828.691406,-13220.327148,-12392.039062,0.417536,0.755464,0.504914,0.100000,0.020000,1,0.676772
24.781853,22.038681,-0.742983,-80.561127,38.149811,-118.618561,-7416.226562,3979.773682,-9577.860352,0.388315,0.869289,-0.305855,0.100000,0.020000,1,0.212887
25.089926,21.772547,-0.029327,23.138092,52.691719,-53.021988,398.337128,3521.751953,-3192.099854,0.345361,0.934739,-0.083600,0.100000,0.020000,1,0.407523
25.182035,21.907581,0.059915,-18.137646,24.554001,-81.782623,-1811.938721,2313.323242,-5291.349121,0.343567,0.932128,0.114449,0.100000,0.020000,1,0.417328
25.467405,22.860966,0.156480,110.879883,221.072510,-22.546822,7674.130371,18987.908203,-2131.391113,0.359556,0.837862,0.410738,0.100000,0.020000,1,0.795782
26.442623,20.878431,0.897521,361.328979,-252.919067,286.413055,27472.171875,-19522.644531,22474.380859,0.324743,0.925583,-0.194520,0.100000,0.020000,1,0.577052
25.394714,22.143484,1.079622,57.419586,78.784302,237.820496,3934.455322,6703.887695,18778.152344,0.319455,0.920594,0.224623,0.100000,0.020000,1,0.211712
23.876892,21.274113,1.475239,-304.330048,-83.880859,298.194702,-20482.828125,15912.983398,5639.490234,0.512507,0.467127,0.720506,0.100000,0.020000,1,0.306664
25.048309,21.681026,0.429599,136.046265,-18.874182,214.315186,7713.560059,-428.130127,13232.050781,0.430325,0.645976,0.630505,0.100000,0.020000,1,0.483115
25.059027,21.957634,-0.411791,49.113480,-203.164673,-15.535160,2200.946289,-11521.430664,-1074.246582,0.336272,0.803847,-0.490663,0.100000,0.020000,1,0.618567
26.622576,21.646219,-0.982289,695.906677,-75.268013,-93.266693,26195.960938,-1969.043701,1192.109863,0.295023,0.914163,-0.277968,0.100000,0.020000,1,0.073537
25.157991,21.954433,0.286212,-39.095154,-64.868988,-35.468483,-3009.406494,-3204.157959,-2083.699707,0.278009,0.907845,0.313892,0.100000,0.020000,1,0.557300
25.115566,22.040171,0.196969,-13.415627,-139.103394,-22.616985,-1596.404053,-7772.450195,-666.997009,0.242035,0.970084,0.018852,0.100000,0.020000,1,0.943495
25.071974,21.604656,0.292037,-121.613190,-18.030712,249.058594,-8441.395508,-1342.451050,15225.577148,0.311745,0.796992,0.517319,0.100000,0.020000,1,0.861604
25.698200,23.151445,1.700769,269.219849,285.699097,447.346161,5781.857422,4055.447266,13482.033203,0.223625,0.969709,-0.098269,0.100000,0.020000,1,0.993960
25.343925,21.871393,0.211512,347.955627,-48.657944,-49.721275,17311.189453,-5161.541992,1134.456543,0.458179,0.525635,0.716785,0.100000,0.020000,1,0.937516
25.078274,21.646000,-0.545010,-262.440063,-222.792770,82.476990,-17171.406250,-13398.454102,5188.955566,0.405261,0.609214,-0.681633,0.100000,0.020000,1,0.895485
24.161179,22.960226,-0.367566,-21.669464,369.891357,-230.150330,-5857.904785,29176.333984,-18127.267578,0.358620,0.695737,0.622368,0.100000,0.020000,1,0.490588
25.128576,21.703356,0.282395,47.755020,107.182190,-110.280899,2464.007324,6329.894043,-6537.593750,0.201465,0.952549,0.228173,0.100000,0.020000,1,0.429856
24.898304,21.197468,0.695534,57.902603,12.628967,127.600769,2117.803467,-1821.267700,10554.517578,0.194883,0.973143,0.122525,0.100000,0.020000,1,0.723999
24.814226,21.616741,-0.251674,-15.039009,44.497841,117.921890,-2725.284912,2000.115601,7361.739258,0.178743,0.939400,-0.292538,0.100000,0.020000,1,0.812349
25.032898,21.728359,-0.370916,81.273628,27.486977,-170.769562,4317.301270,2294.473145,-10294.929688,0.328769,0.718094,-0.613394,0.100000,0.020000,1,0.168347
25.016497,21.662779,-0.411311,55.313095,119.026489,-92.297943,2654.528809,7586.158691,-5600.709961,0.280237,0.760151,-0.586206,0.100000,0.020000,1,0.760335
26.001493,22.743948,-0.080855,271.813782,211.476959,-108.579010,20411.566406,17224.613281,-8262.783203,0.157850,0.933128,0.323040,0.100000,0.020000,1,0.492901
27.087488,23.570614,-1.342751,600.053955,439.717346,-377.017853,21785.044922,18439.099609,-11133.572266,0.161072,0.965360,-0.205270,0.100000,0.020000,1,0.177368
25.065475,22.014986,0.507965,308.289917,-741.634277,-514.730225,18766.189453,-45720.394531,-31789.583984,0.213431,0.877804,0.428844,0.100000,0.020000,1,0.088574
24.982424,22.047255,-0.548408,-257.323761,-819.334595,421.136780,-17173.048828,-50461.906250,25908.136719,0.192608,0.851488,-0.487719,0.100000,0.020000,1,0.171692
24.435413,22.384062,-0.846964,-124.810913,118.435104,-121.573547,-11102.711914,9876.934570,-9964.137695,0.147641,0.914515,-0.376648,0.100000,0.020000,1,0.585824
24.989212,21.589443,0.554332,40.036438,13.502045,10.339087,1669.862427,1232.199829,610.506775,0.368146,0.598864,0.711217,0.100000,0.020000,1,0.432649
25.198223,21.823242,0.410152,-526.765259,228.094330,316.139099,-33218.539062,15087.359375,19644.953125,0.244968,0.753333,0.610310,0.100000,0.020000,1,0.830571
25.732737,21.692003,-0.078304,194.344482,-45.715603,-147.054581,11949.175781,-2169.710449,-3171.221191,0.180187,0.832038,0.524638,0.100000,0.020000,1,0.500785
25.225889,22.727036,0.675798,158.992493,185.010193,158.393585,10196.724609,15528.641602,11414.897461,0.131169,0.895967,0.424308,0.100000,0.020000,1,0.741634
24.840406,21.996897,0.279386,192.857635,-12.546374,-193.492676,10732.789062,-329.380463,-11767.019531,0.068551,0.973660,0.217456,0.100000,0.020000,1,0.406793
25.798025,22.385708,1.394846,284.913788,92.971451,434.952271,6954.333496,6288.748047,9345.899414,0.054839,0.998321,0.018665,0.100000,0.020000,1,0.532708
24.562744,21.405029,-1.279183,-14.594345,-83.923187,-187.784576,-3540.519043,-6016.258789,-14962.061523,0.304540,0.672593,-0.674443,0.100000,0.020000,1,0.554097
24.821869,22.081285,-0.902067,19.236065,85.394806,-141.608582,-213.120392,6205.581055,-11762.900391,0.047217,0.957357,-0.285023,0.100000,0.020000,1,0.853134
24.467386,21.330761,0.081455,239.096039,-64.142609,253.222504,12108.473633,-6474.026855,16604.916016,0.046134,0.995337,-0.084711,0.100000,0.020000,1,0.148256
22.814287,21.492275,-0.783037,-273.273163,252.283173,-175.386688,-20876.445312,-6339.854492,-7373.384277,0.038908,0.981445,-0.187756,0.100000,0.020000,1,0.971699
23.739372,22.037395,-0.126930,-196.916962,149.085190,133.565430,-18369.333984,10686.633789,9801.584961,0.160104,0.803546,-0.573307,0.100000,0.020000,1,0.961823
23.957041,22.842773,0.912876,-260.944580,197.594604,214.159302,-21434.708984,16465.714844,16246.547852,0.028157,0.944421,0.327532,0.100000,0.020000,1,0.799573
25.783619,22.120758,-1.464470,506.786682,-26.585648,-379.602234,20719.710938,-1775.731567,-9305.951172,0.028285,0.993187,0.113050,0.100000,0.020000,1,0.075086
26.182699,22.880327,-2.684783,404.677673,224.677628,-792.591797,6029.720703,9205.592773,-37650.468750,-0.051979,0.995633,-0.077548,0.100000,0.020000,1,0.360848
25.663139,20.461498,1.551202,236.326508,-237.186920,216.619843,17018.183594,-19637.228516,17811.392578,0.275122,0.651650,0.706866,0.100000,0.020000,1,0.861159
25.684479,22.734825,0.281190,297.328796,413.495789,103.759476,21053.437500,30334.779297,5687.997070,0.145078,0.775802,0.614071,0.100000,0.020000,1,0.840820
24.887550,21.488298,0.246463,9.168736,-115.726685,-32.612236,-427.009369,-8624.789062,-2756.829346,0.073998,0.850256,0.521142,0.100000,0.020000,1,0.638425
25.146168,21.812731,-0.329494,-377.294250,8.653376,-93.355148,-23742.958984,523.226440,-5616.931152,0.064142,0.864606,-0.498339,0.100000,0.020000,1,0.375956
24.346199,22.844650,0.989821,-124.652832,246.604858,363.728729,-8506.374023,12163.957031,17106.347656,-0.007442,0.927617,-0.373459,0.100000,0.020000,1,0.668249
25.311142,21.691738,-1.136163,164.758118,-94.160828,-267.414886,8727.442383,320.547852,-9745.278320,-0.072275,0.977651,-0.197421,0.100000,0.020000,1,0.688303
25.090384,22.077261,0.290951,-342.646973,-352.076019,-77.194641,-21675.958984,-21430.544922,-5011.931152,-0.014467,0.912576,0.408650,0.100000,0.020000,1,0.308639
23.321163,22.693071,0.249615,-398.747986,149.020935,-17.688995,-28717.490234,14793.000977,7506.720703,-0.099046,0.972921,0.208839,0.100000,0.020000,1,0.913031
25.025440,22.081877,0.014566,-353.455109,-120.892509,152.297546,-22544.220703,-7204.214844,9296.787109,-0.103691,0.988084,0.113746,0.100000,0.020000,1,0.653195
24.831221,21.745195,-0.648358,41.014706,14.755383,103.069763,1331.081299,1313.273193,6061.179199,0.190597,0.705188,-0.682923,0.100000,0.020000,1,0.442507
24.841288,22.084095,-0.460518,15.126450,11.354485,-19.792912,-40.966309,1622.004395,-1576.542114,-0.021325,0.876108,-0.481642,0.100000,0.020000,1,0.145303
26.247734,23.718388,1.146786,384.428406,414.497437,347.975098,29209.861328,33542.031250,27750.546875,-0.099994,0.948793,-0.299656,0.100000,0.020000,1,0.636361
22.304819,22.191128,0.620769,-585.478149,223.512573,156.976868,-22316.314453,7284.859375,6763.825195,-0.111635,0.993457,0.024112,0.100000,0.020000,1,0.011185
24.938879,21.811937,-0.302455,22.750149,-25.552010,29.431488,812.243591,-1525.686890,2545.239258,0.044353,0.807326,-0.588437,0.100000,0.020000,1,0.146655
23.776897,21.472036,0.480041,-5.775162,150.362274,150.430695,-5571.211426,7209.730957,11468.146484,-0.189940,0.981745,0.010014,0.100000,0.020000,1,0.461903
27.174603,22.505793,-0.409905,608.893921,216.686020,-10.080048,25985.035156,4422.476562,12584.394531,0.115336,0.732759,-0.670643,0.100000,0.020000,1,0.743627
23.703453,21.467972,0.763430,-84.656738,120.839462,37.428993,-11065.158203,6258.958008,3564.846436,0.025765,0.799984,0.599469,0.100000,0.020000,1,0.729231
24.673500,21.532570,-0.064820,36.132698,6.081902,-94.873535,692.334839,-1014.582642,-7964.568848,-0.046718,0.856406,0.514185,0.100000,0.020000,1,0.706970
24.447811,21.845327,-0.472746,-247.636963,304.213684,300.233917,-18047.087891,18794.392578,18278.562500,-0.130645,0.910231,-0.392952,0.100000,0.020000,1,0.808666
24.910437,21.973194,0.263669,30.255867,-18.644516,-3.264902,1393.871826,-1147.244873,-145.560852,-0.140221,0.939010,0.314003,0.100000,0.020000,1,0.136779
24.946814,21.958952,-0.245328,-191.458618,234.911194,158.690033,-12325.173828,14609.373047,9609.643555,-0.203169,0.961234,-0.186418,0.100000,0.020000,1,0.452099
24.861526,21.748474,-0.043639,50.396156,-58.560787,-28.957018,1451.510376,-126.018799,-538.140747,-0.212544,0.969569,0.121492,0.100000,0.020000,1,0.854682
24.211374,21.033007,0.358617,-68.618149,-332.949982,115.874001,-985.830322,-9472.992188,4077.372559,-0.216302,0.972527,-0.086045,0.100000,0.020000,1,0.268690
24.474739,20.803747,0.828972,28.374989,65.476341,-372.732086,-900.118774,672.076416,-22428.525391,0.193732,0.673523,0.713326,0.100000,0.020000,1,0.309101
24.617788,22.130419,-0.310772,190.207397,-329.602539,67.580795,10539.929688,-20285.654297,3910.258545,-0.234527,0.929573,-0.284413,0.100000,0.020000,1,0.660491
24.875309,22.116226,0.377116,-113.546463,-139.019913,-193.715973,-7636.712891,-8101.933105,-12018.815430,-0.177516,0.893594,0.412284,0.100000,0.020000,1,0.069658
25.065489,22.009350,-0.151018,147.240753,42.224030,256.611847,9717.510742,2605.126221,14852.699219,-0.252082,0.943470,0.215219,0.100000,0.020000,1,0.205822
24.983488,22.899393,-0.800597,107.408844,233.722839,-349.577637,6905.559570,18499.505859,-26470.892578,-0.246999,0.914820,0.319525,0.100000,0.020000,1,0.734320
25.007160,21.706919,0.817025,3.560071,-24.773430,101.820602,-35.652924,-1513.969116,7491.244141,0.097946,0.698748,0.708631,0.100000,0.020000,1,0.496709
25.098639,22.012577,0.049057,80.982697,5.817253,72.430847,4873.180176,1241.007202,6375.924805,0.101593,0.870167,-0.482170,0.100000,0.020000,1,0.010491
24.512167,21.991989,-0.133361,-46.760971,2.995216,56.270447,-4998.017090,792.362244,4972.531250,-0.082964,0.798354,-0.596446,0.100000,0.020000,1,0.456102
24.790968,22.004950,-0.500042,-15.619934,-8.323206,94.688644,-1737.327271,-191.277039,5531.868164,-0.171566,0.851239,-0.495940,0.100000,0.020000,1,0.152776
24.773510,21.980047,0.343175,-65.788269,86.918549,91.094818,-4903.798828,5718.696777,5483.462402,-0.188386,0.837582,0.512803,0.100000,0.020000,1,0.431902
24.218454,22.245745,0.396606,-128.458618,88.977295,-66.709114,-4796.585938,2083.071045,-3686.864014,-0.258990,0.873694,0.411805,0.100000,0.020000,1,0.938637
24.736816,21.546953,-0.283042,81.238449,-9.698051,-48.918350,4526.077148,-2794.779297,-3989.077393,-0.368226,0.925853,-0.084884,0.100000,0.020000,1,0.586465
24.575356,22.365038,-0.476099,-4.259689,41.236282,-75.541992,-2977.861816,3156.494141,-5330.462402,-0.365503,0.915398,-0.168684,0.100000,0.020000,1,0.334957
24.721100,21.992550,0.558527,47.565830,-44.871902,-61.985889,1922.363037,-2222.631836,-3622.058105,-0.104212,0.780666,0.616199,0.100000,0.020000,1,0.487474
26.006779,23.839949,0.471068,438.089355,515.839600,274.654938,28984.394531,19682.619141,6175.932617,-0.287971,0.875490,-0.388058,0.100000,0.020000,1,0.264935
25.606083,20.494961,0.621397,211.042694,-313.439575,62.135742,16418.503906,-26319.031250,5836.067383,-0.375935,0.903485,0.205882,0.100000,0.020000,1,0.966841
24.771811,22.234554,0.034044,39.129921,19.732071,6.721539,2069.232910,1909.069214,536.365540,-0.386032,0.922441,0.009098,0.100000,0.020000,1,0.353090
24.488791,22.145624,-1.114363,-64.647675,84.156128,-139.497742,-2033.271240,9351.297852,-8881.919922,-0.006580,0.721306,-0.692585,0.100000,0.020000,1,0.612605
25.386978,21.432732,1.285751,103.681335,-175.060028,269.789154,8796.398438,-13594.678711,21398.955078,-0.379781,0.874196,0.302569,0.100000,0.020000,1,0.888616
24.855043,21.471634,0.473808,-517.195007,-292.281006,317.319519,-32598.667969,-20849.031250,22971.402344,-0.387230,0.875167,-0.290062,0.100000,0.020000,1,0.964386
24.699808,22.236303,0.600117,-15.125694,73.807861,10.080950,-2242.882080,6662.631836,820.959717,-0.008816,0.713559,0.700539,0.100000,0.020000,1,0.842244
24.917034,21.563694,-0.419003,112.301559,-34.546883,8.473066,7061.310059,-3551.336182,744.450562,-0.193099,0.783067,-0.591201,0.100000,0.020000,1,0.798861
24.463747,21.341515,-0.431438,-150.479736,-431.351624,-291.301086,-11215.874023,-29839.763672,-18569.937500,-0.297354,0.820310,-0.488542,0.100000,0.020000,1,0.600718
25.276896,22.232765,1.251100,136.421295,56.132889,185.123016,10120.610352,5019.833008,14874.511719,-0.191661,0.765044,0.614796,0.100000,0.020000,1,0.669530
24.975565,23.377882,-0.110040,157.235291,364.119049,-21.823456,5147.830078,9730.086914,2002.706787,-0.304747,0.798610,0.518992,0.100000,0.020000,1,0.492119
24.664272,22.195145,0.028167,2.324574,-11.025311,55.246246,-523.288269,-218.125504,3242.575928,-0.432232,0.895120,0.109253,0.100000,0.020000,1,0.020083
24.228569,22.844515,0.358783,-100.148163,169.231171,118.407990,-8605.264648,13833.478516,9292.291016,-0.488168,0.867434,-0.096179,0.100000,0.020000,1,0.433236
24.168888,21.599592,1.298266,9.677452,38.379494,245.297180,-1917.062866,381.335449,20497.509766,-0.487669,0.864178,0.123994,0.100000,0.020000,1,0.360065
25.139872,21.470587,-0.188524,143.311005,-176.890259,-58.994850,10583.884766,-13773.029297,-4542.669922,-0.494497,0.869129,0.009360,0.100000,0.020000,1,0.540698
24.988787,21.596947,-0.266889,195.663330,-44.211288,31.992432,13110.517578,-4583.143555,2179.523926,-0.408509,0.827771,-0.384598,0.100000,0.020000,1,0.150570
24.538458,21.221863,-0.431634,16.180191,-272.804535,-91.201027,-61.500465,-7817.548828,-2761.738525,-0.502501,0.846479,-0.175972,0.100000,0.020000,1,0.669388
23.910929,20.859129,0.440367,36.974838,48.811268,158.614807,-4637.617188,-19970.570312,15324.630859,-0.386558,0.790452,-0.475142,0.100000,0.020000,1,0.056988
22.360897,22.250725,0.898423,-648.934937,43.617382,233.333237,-28662.851562,595.385010,-438.292969,-0.407708,0.813232,0.415245,0.100000,0.020000,1,0.303603
24.668980,22.235836,0.237836,54.034607,36.713860,-6.835574,1500.411011,1321.395264,50.899414,-0.487972,0.814943,0.312652,0.100000,0.020000,1,0.788131
24.000095,21.119135,-0.018902,-4.415581,96.939499,-729.146362,-3788.188965,2751.279785,-44162.406250,-0.300415,0.753156,-0.585240,0.100000,0.020000,1,0.371418
24.743889,23.852745,0.883636,93.998489,518.526245,331.092102,945.431030,18999.359375,11038.511719,-0.509551,0.811422,-0.286273,0.100000,0.020000,1,0.395672
25.478262,22.873642,1.483100,316.277313,173.896545,340.224609,14504.746094,9762.426758,23368.000000,-0.524392,0.824403,0.213006,0.100000,0.020000,1,0.118362
24.745621,22.009850,0.623779,61.369637,54.296425,11.098862,3537.624023,3805.604980,1315.887573,-0.309799,0.737181,0.600490,0.100000,0.020000,1,0.557940
25.152260,22.343670,-0.312290,148.439331,65.830124,-166.636902,10956.329102,5693.654785,-13546.801758,-0.404586,0.752472,0.519708,0.100000,0.020000,1,0.915077
24.763950,23.108019,-0.493343,54.564758,348.170166,-4.566238,13685.660156,9391.242188,2838.433594,-0.508296,0.769853,-0.385956,0.100000,0.020000,1,0.595736
24.601835,21.326183,-0.605795,211.863281,-111.254272,-223.728180,12557.702148,-9830.140625,-14084.986328,-0.603558,0.797087,0.019255,0.100000,0.020000,1,0.174326
24.501307,21.591413,0.829260,43.884968,-157.183594,237.504395,-1483.958740,-15643.433594,16269.653320,-0.603135,0.793776,-0.078413,0.100000,0.020000,1,0.216463
23.787725,23.117716,0.286903,-246.935989,359.212799,-112.375275,-7359.569824,10680.527344,-3313.726074,-0.104590,0.690216,0.716005,0.100000,0.020000,1,0.725102
25.086061,22.529335,-0.466004,148.331787,84.343414,-46.849869,11153.750000,7240.526367,-3994.026855,-0.589172,0.759925,-0.274574,0.100000,0.020000,1,0.910237
20.782871,22.665113,-2.459388,-771.641235,529.369263,-727.051208,-41587.730469,20596.263672,-26420.224609,-0.603163,0.766259,0.221452,0.100000,0.020000,1,0.771422
25.135456,22.606426,-0.495743,89.813995,144.747833,2.573768,6487.766602,12520.392578,427.773773,-0.106155,0.701523,-0.704696,0.100000,0.020000,1,0.091083
24.572153,21.866266,0.468079,-114.197144,-160.130142,-454.762756,-8466.584961,-9991.788086,-29042.951172,-0.202792,0.693080,0.691748,0.100000,0.020000,1,0.729800
24.374043,21.933859,-0.251962,-92.931396,26.235748,60.558128,-7939.458008,2039.295288,5053.863281,-0.208466,0.694319,-0.688813,0.100000,0.020000,1,0.253707
23.735174,22.098639,1.084846,-107.479370,79.771309,219.618958,-282.359863,307.221436,2213.650879,-0.635637,0.763694,0.112863,0.100000,0.020000,1,0.478274
23.586309,22.096960,0.136594,-76.081390,81.185547,-10.229332,-9147.962891,5281.870117,-1124.054688,-0.611464,0.725273,0.316371,0.100000,0.020000,1,0.538046
24.234932,22.146353,-0.002299,293.791504,-182.135010,-213.427612,17125.560547,-11288.124023,-13563.458008,-0.690297,0.723102,0.024768,0.100000,0.020000,1,0.882602
26.898987,21.629143,-0.275717,621.713989,-98.060593,-174.899872,48510.496094,-7665.354980,-13926.091797,-0.499462,0.690740,0.522892,0.100000,0.020000,1,0.127668
24.461489,22.149961,-0.298730,-94.782898,-53.943405,221.923889,-6623.249512,-2941.486328,14024.118164,-0.607566,0.696763,-0.381295,0.100000,0.020000,1,0.772240
23.806286,22.641144,-0.013100,-128.851166,107.147736,15.875099,-11493.139648,9090.807617,1598.792358,-0.645746,0.737849,-0.196450,0.100000,0.020000,1,0.516159
23.154610,22.092451,0.864920,-248.771057,61.775696,271.107971,-21553.787109,3901.866943,20983.603516,-0.706185,0.703786,-0.077380,0.100000,0.020000,1,0.669957
24.158022,21.883774,0.182566,-68.831253,54.371895,-31.743271,-6725.566895,3249.187988,-3281.243164,-0.412725,0.671617,0.615295,0.100000,0.020000,1,0.471335
24.613041,21.240387,-0.637122,-13.224640,-223.358917,-9.282425,4118.888184,-2983.898438,-7179.117188,-0.429623,0.686325,-0.586841,0.100000,0.020000,1,0.115781
23.656931,24.111809,0.223916,-103.178795,620.922668,155.031982,-973.306152,18664.220703,3832.740234,-0.532024,0.693481,-0.485834,0.100000,0.020000,1,0.114429
24.614500,22.338802,1.815374,138.351181,48.374130,358.401489,-5676.291992,7365.534180,25594.250000,-0.608887,0.677886,0.411979,0.100000,0.020000,1,0.928049
26.475145,21.487989,0.626479,746.812378,135.921585,274.257599,28711.097656,-1576.253418,-153.981445,-0.721202,0.681864,0.122184,0.100000,0.020000,1,0.674210
25.297060,21.609421,-0.004713,93.801575,-105.470856,-15.890354,8005.074707,-7718.175293,1264.611328,-0.295105,0.661215,-0.689715,0.100000,0.020000,1,0.410779
24.178232,21.841564,-0.274132,-76.094147,-65.654510,92.882294,-3400.441650,-899.797729,465.554443,-0.495659,0.654774,-0.570608,0.100000,0.020000,1,0.865697
24.351002,22.127813,0.090941,-138.780151,-138.895248,247.880768,-9545.289062,-8447.169922,14993.541016,-0.691342,0.651948,0.311465,0.100000,0.020000,1,0.695118
23.722574,20.967876,-1.733026,-25.229645,118.307205,-489.196442,-15449.253906,-16050.875977,-20978.648438,-0.699952,0.653037,-0.289152,0.100000,0.020000,1,0.596305
23.683163,22.770987,1.339630,-146.277557,190.331757,311.107483,-12734.883789,14948.220703,24505.748047,-0.722065,0.655890,0.220069,0.100000,0.020000,1,0.496354
24.274216,22.027163,0.356926,-9.602478,-9.841034,-0.252874,-2203.807129,-582.083679,4.106566,-0.550505,0.707149,0.443716,0.100000,0.020000,1,0.022983
24.966829,22.033300,0.075972,97.344086,-96.374908,-397.676697,7688.944336,-5906.544434,-26436.939453,-0.588816,0.636333,0.498375,0.100000,0.020000,1,0.304173
23.890446,22.009804,-0.440055,-28.253860,44.998856,-9.543144,-4731.430176,2903.663330,-815.650818,-0.592865,0.638912,-0.490206,0.100000,0.020000,1,0.606787
24.096903,21.406223,0.730150,205.863800,-58.879913,-194.995209,10140.145508,-5598.021484,-11589.147461,-0.308146,0.640706,0.703237,0.100000,0.020000,1,0.388412
24.713261,22.208984,-0.984507,133.848816,20.577007,-227.659760,6750.124023,568.238525,-11732.263672,-0.733952,0.649028,-0.200193,0.100000,0.020000,1,0.011292
24.408880,21.891850,-0.092352,-57.688202,44.707726,87.793732,-3800.330322,2089.221924,4803.483398,-0.793892,0.598713,0.106199,0.100000,0.020000,1,0.462989
24.294783,21.501341,0.780705,-16.706215,42.274529,-190.602966,-2495.717529,854.343018,-10781.115234,-0.505401,0.613397,0.606888,0.100000,0.020000,1,0.484360
24.966467,21.858845,0.121677,162.677826,-45.438156,-58.925812,12192.661133,-3526.943359,-4543.353027,-0.697758,0.593057,0.401768,0.100000,0.020000,1,0.508934
21.553328,22.565403,-2.355926,-797.367126,126.847809,-650.217102,-24632.152344,3482.054688,-19406.152344,-0.790764,0.583682,-0.184413,0.100000,0.020000,1,0.354051
23.724285,21.636335,-0.130648,271.204987,-91.793304,229.478424,14162.769531,-7594.983398,13864.552734,-0.809038,0.587329,0.022412,0.100000,0.020000,1,0.477367
26.011948,20.961073,-0.648781,520.397522,-1.568077,-124.084030,6700.306641,2170.733887,5481.524414,-0.808622,0.581845,-0.087096,0.100000,0.020000,1,0.245290
24.293146,21.883289,-0.507312,-107.057709,-326.851929,86.773567,-8485.847656,-20644.363281,5604.254395,-0.402671,0.615421,-0.677579,0.100000,0.020000,1,0.501532
25.099308,21.290237,-0.224443,241.321869,-197.892273,34.634949,10464.018555,-8047.017578,-1194.889893,-0.716581,0.574461,-0.395608,0.100000,0.020000,1,0.247942
24.561165,21.376656,0.944738,92.506500,-147.677490,189.262573,6358.813477,-12040.982422,14865.859375,-0.774058,0.551946,0.310145,0.100000,0.020000,1,0.184700
24.281063,22.008024,-0.449604,31.557930,-32.603676,-56.678680,1351.602051,-2168.835205,-4528.429688,-0.781870,0.557108,-0.279840,0.100000,0.020000,1,0.927960
23.977863,22.359222,-0.225631,-87.713104,115.053040,39.801163,-339.532715,1360.802002,6889.113281,-0.689634,0.549375,-0.471796,0.100000,0.020000,1,0.423022
23.377443,21.998426,-1.162934,-119.059448,112.614395,-169.882324,-12433.726562,7350.979492,-13646.304688,-0.592988,0.554388,-0.583968,0.100000,0.020000,1,0.607285
24.354671,22.002361,-0.403475,-352.380005,-111.302979,169.757446,-22520.339844,-7012.634277,10300.277344,-0.768371,0.512527,-0.383303,0.100000,0.020000,1,0.720867
24.550539,22.360382,0.652882,18.982767,74.945633,19.437263,616.636963,6789.734375,1623.252197,-0.405324,0.584156,0.703188,0.100000,0.020000,1,0.212975
23.802668,22.554722,0.733972,-110.225349,148.022873,98.694885,-5532.712891,6871.658203,2899.344971,-0.691251,0.514578,0.507329,0.100000,0.020000,1,0.746563
23.593430,21.955057,0.699460,-115.413055,19.451721,94.414474,-5698.614258,1293.841919,3723.161133,-0.771397,0.494357,0.400697,0.100000,0.020000,1,0.566375
24.071684,22.123035,-0.168420,226.609009,23.208855,374.009399,13214.506836,1915.490723,23513.750000,-0.867785,0.461668,-0.183883,0.100000,0.020000,1,0.646842
24.202042,22.218092,0.085874,402.213654,-368.509033,-268.144623,24883.841797,-22457.529297,-16588.019531,-0.885296,0.464984,0.006450,0.100000,0.020000,1,0.667750
25.228359,22.386724,0.105058,323.320740,105.923035,64.885033,24196.148438,8212.139648,4851.308105,-0.882734,0.460067,-0.095493,0.100000,0.020000,1,0.554737
24.501820,21.768295,1.063838,45.310730,-32.683334,129.205078,2702.661377,-2683.121338,10552.485352,-0.589983,0.519874,0.617779,0.100000,0.020000,1,0.638656
24.246422,22.012550,0.291553,-383.886963,-393.960510,-500.260132,-24558.132812,-24831.960938,-31101.458984,-0.867047,0.445003,0.224058,0.100000,0.020000,1,0.866017
23.657394,21.889675,-0.181595,60.694820,-0.809219,140.779419,1030.630249,-493.143890,9016.961914,-0.857694,0.438613,-0.268289,0.100000,0.020000,1,0.963193
23.850885,22.158508,-0.042369,68.265427,64.570679,-73.151871,2393.556152,4686.197266,-5209.629395,-0.888430,0.441611,0.125191,0.100000,0.020000,1,0.445479
24.632441,21.706596,-0.662221,71.066483,-59.966064,-26.280830,4562.530762,-4514.010742,-2158.064209,-0.489815,0.540648,-0.683946,0.100000,0.020000,1,0.545093
24.071507,21.881456,-0.731335,-23.939186,-22.153774,-54.292664,-3161.924561,-1599.516602,-4605.086426,-0.671463,0.477928,-0.566325,0.100000,0.020000,1,0.667501
23.912008,21.105850,-0.462092,-267.550781,229.422714,145.014664,-18890.542969,10952.479492,8796.894531,-0.761154,0.441849,-0.474778,0.100000,0.020000,1,0.369728
23.972141,21.710152,0.126291,48.068199,-40.577736,33.608307,-2816.874756,776.753906,4561.414062,-0.840790,0.480982,0.248451,0.100000,0.020000,1,0.074462
24.082787,21.964344,0.072155,-212.497162,-87.248901,104.151581,-14083.044922,-5584.543457,6778.798340,-0.931351,0.362950,0.029206,0.100000,0.020000,1,0.237532
24.446026,21.990215,0.581459,-12.636070,-114.181244,8.467926,-1514.486450,-6680.765625,623.963928,-0.473795,0.526751,0.705728,0.100000,0.020000,1,0.259312
24.140339,22.069283,-0.120074,-183.871368,28.422894,-33.111961,-12925.945312,2465.974121,-4566.816895,-0.665877,0.449384,0.595535,0.100000,0.020000,1,0.981415
25.493256,21.137999,-0.469297,405.569580,-63.780304,72.540291,16999.855469,-6815.335449,3692.608398,-0.835108,0.383210,-0.394643,0.100000,0.020000,1,0.332288
23.131567,22.209352,0.180084,-319.518005,10.811100,-139.396317,-10608.225586,-1308.017090,-5889.666016,-0.860245,0.389340,0.329230,0.100000,0.020000,1,0.219933
24.344467,22.243963,0.413707,89.569962,72.466888,109.779694,6146.222656,5717.623047,8899.547852,-0.938237,0.338255,-0.072766,0.100000,0.020000,1,0.759001
23.117420,21.317263,0.686087,-155.900162,167.441940,-14.227151,-18940.757812,-11008.774414,-5231.353516,-0.843383,0.359029,0.399754,0.100000,0.020000,1,0.989333
23.979895,21.928183,-0.280957,20.013832,-26.314793,77.820465,188.107086,-1726.893799,4633.435059,-0.908058,0.320191,-0.270014,0.100000,0.020000,1,0.056722
24.177197,22.258577,0.237811,61.730194,-7.672333,51.239502,6193.359375,-3393.227051,1375.461426,-0.936521,0.328496,0.122553,0.100000,0.020000,1,0.076331
24.068405,22.091133,-0.257983,170.662079,-553.661255,-185.286713,10120.967773,-34385.386719,-12196.429688,-0.930265,0.322992,-0.174018,0.100000,0.020000,1,0.540804
23.740614,23.550068,-1.835830,-158.231415,454.520599,-399.834778,-6579.737305,18933.804688,-10792.404297,-0.567447,0.471448,-0.675086,0.100000,0.020000,1,0.402968
24.275450,21.143343,0.112209,51.771706,-238.540070,33.155960,2441.237305,-2641.654297,-4005.003418,-0.926117,0.309370,0.215863,0.100000,0.020000,1,0.181016
24.173166,21.536020,-0.456262,-233.064850,-376.959290,489.054565,-15622.598633,-25258.224609,30918.140625,-0.713247,0.378994,-0.589612,0.100000,0.020000,1,0.968621
23.128008,22.472183,1.135696,-265.069550,296.284668,250.666260,-21888.005859,21033.626953,18844.179688,-0.762882,0.384371,0.519875,0.100000,0.020000,1,0.080993
23.725492,21.731983,-0.164624,231.717896,-93.670227,-86.539536,12227.759766,-6607.306152,-4538.509766,-0.812517,0.321832,-0.486046,0.100000,0.020000,1,0.404961
23.604376,21.192852,-0.073334,121.327965,-22.553780,337.066895,5110.483887,-4427.164062,19896.492188,-0.906576,0.271002,0.323540,0.100000,0.020000,1,0.798042
24.520281,22.296822,0.373050,83.031616,98.212952,-21.560429,5837.552246,7956.496094,-1775.190308,-0.719196,0.358782,0.595007,0.100000,0.020000,1,0.606715
22.856962,21.467638,0.410607,-56.633034,99.072182,28.640154,-10911.468750,-10320.316406,1686.739990,-0.876230,0.262473,0.404140,0.100000,0.020000,1,0.456707
23.820829,21.740135,-0.336610,68.157127,-18.041187,38.805298,2632.024414,-1803.086304,2269.575684,-0.890901,0.263520,-0.369937,0.100000,0.020000,1,0.796886
24.118874,21.413565,-0.088806,-144.235260,111.315826,-35.837528,-9250.616211,4989.292480,-2003.955933,-0.957888,0.215519,-0.189744,0.100000,0.020000,1,0.404231
24.358576,22.265505,0.764608,155.045547,104.320686,180.772537,1339.658203,4427.851562,8922.256836,-0.968099,0.216330,0.126433,0.100000,0.020000,1,0.950862
23.940573,20.842012,-0.148770,98.520233,5.990314,-29.511694,-4134.052246,-11022.929688,1534.508545,-0.976763,0.214324,0.000180,0.100000,0.020000,1,0.425139
24.256685,21.896391,0.420137,-107.011078,79.843689,142.121948,-7888.756836,5241.116211,8380.287109,-0.549903,0.443911,0.707495,0.100000,0.020000,1,0.441368
23.837671,21.715864,0.428246,276.613129,84.829262,61.806137,15576.178711,4688.082031,3982.349609,-0.806144,0.291062,0.515184,0.100000,0.020000,1,0.371009
25.465036,20.445780,0.371022,433.060242,-249.155762,109.958710,32923.996094,-21778.033203,8773.763672,-0.978327,0.188716,-0.085218,0.100000,0.020000,1,0.240254
24.475832,20.532982,0.968872,199.153885,-38.259636,347.061523,6904.628906,-16304.980469,22993.677734,-0.628573,0.385225,-0.675646,0.100000,0.020000,1,0.435425
24.105709,21.750443,-0.173575,-64.003693,-103.239517,32.321709,-4569.145020,-6967.428223,2890.712891,-0.848670,0.232268,-0.475196,0.100000,0.020000,1,0.404106
23.748972,21.566071,0.370253,62.492821,-56.248810,12.993732,2330.198730,-4851.799316,1630.925903,-0.958569,0.178388,0.222088,0.100000,0.020000,1,0.185714
24.580042,21.140890,-0.198291,148.132965,-56.832657,-161.708344,9833.375000,-6509.732422,-13336.450195,-0.606566,0.388340,0.693736,0.100000,0.020000,1,0.365866
24.131073,21.619768,-0.440143,47.826767,-23.335583,-512.612915,2302.185547,-2410.699463,-32275.308594,-0.768905,0.270943,-0.579115,0.100000,0.020000,1,0.269740
24.314352,21.142385,0.295385,-66.809944,93.348045,-467.612000,-3468.936523,2951.596680,-29351.251953,-0.934996,0.147482,0.322538,0.100000,0.020000,1,0.855483
24.632826,21.871651,0.053786,85.449356,-207.429504,185.961624,7502.895996,-13005.881836,12925.198242,-0.945653,0.146709,-0.290199,0.100000,0.020000,1,0.884061
23.970509,21.413992,-0.106672,-141.035156,103.820374,100.351166,-9293.288086,4796.839355,5810.926758,-0.996316,0.082507,0.023381,0.100000,0.020000,1,0.895289
23.311071,21.745239,0.396721,-64.447235,58.545265,113.188324,-7225.894043,3333.952637,9128.066406,-0.991783,0.081998,-0.098200,0.100000,0.020000,1,0.092577
25.938536,20.859962,-0.968051,583.148132,-197.438339,-131.552917,20455.414062,-8541.146484,-7873.756348,-0.672904,0.311835,-0.670789,0.100000,0.020000,1,0.315507
23.837194,21.254301,-0.514228,-29.144104,26.081461,-158.762421,-3403.086182,-712.167542,-13872.540039,-0.839633,0.177467,0.513344,0.100000,0.020000,1,0.594704
23.838003,21.856279,-0.395945,310.200592,-279.518097,-43.964592,18346.919922,-17470.947266,-3139.083496,-0.913927,0.115247,-0.389173,0.100000,0.020000,1,0.832119
22.884214,22.735207,-0.216354,-294.816406,284.259186,-132.080658,-23843.871094,21808.376953,-10589.580078,-0.906552,0.113308,0.406601,0.100000,0.020000,1,0.539132
23.360552,22.372139,0.220458,-112.618835,132.964569,1.759571,-10074.695312,10732.047852,309.499969,-0.973748,0.065614,0.217966,0.100000,0.020000,1,0.509041
24.040546,21.538710,-0.413349,88.664444,-76.489990,-56.028259,-3460.680176,-2150.279297,-5324.327148,-0.982847,0.062806,-0.173401,0.100000,0.020000,1,0.317625
23.820244,21.514490,-0.070097,227.274017,-99.469772,25.882317,13332.698242,-7416.954102,2236.435547,-0.962211,0.034773,-0.270075,0.100000,0.020000,1,0.235147
25.430729,21.407454,0.964260,333.181335,-101.303162,92.951569,25366.019531,-8071.343750,7596.548340,-0.653040,0.304063,0.693603,0.100000,0.020000,1,0.653105
24.377934,22.845507,-0.617458,134.619659,341.191772,-189.807922,8242.874023,6858.974609,-20896.199219,-0.945943,0.030975,0.322849,0.100000,0.020000,1,0.450248
22.915380,21.433908,-0.687311,-63.333054,152.158356,-28.344120,-16907.535156,-12602.348633,-3092.453857,-0.792821,0.149847,-0.590745,0.100000,0.020000,1,0.219221
23.613735,21.229252,0.641037,295.798981,-110.616653,-712.513916,16389.126953,-9224.128906,-44014.820312,-0.850715,0.086727,0.518422,0.100000,0.020000,1,0.427595
23.543301,22.195177,-0.563778,-111.448639,220.075928,58.682739,-9570.410156,15657.183594,2984.822754,-0.865440,0.086235,-0.493535,0.100000,0.020000,1,0.317501
24.146181,21.844130,-0.212679,-34.655041,19.643768,-27.582268,-1899.174316,1614.187988,-1359.857544,-0.923672,0.013847,-0.382933,0.100000,0.020000,1,0.712201
24.640715,22.013489,-0.003027,-137.818314,112.714996,94.347115,-6144.439941,8068.149414,5574.971680,-0.993802,0.008289,0.110857,0.100000,0.020000,1,0.022182
23.941883,21.706158,-0.039809,123.042664,-132.023315,-114.700150,7561.653809,-8475.662109,-7431.639160,-0.997859,-0.064958,0.007635,0.100000,0.020000,1,0.986042
23.907055,21.817719,0.335954,50.561722,-83.969360,-0.792631,2460.107666,-4976.679199,-34.221058,-0.908177,0.003452,0.418572,0.100000,0.020000,1,0.372023
23.370481,21.171156,0.305381,-5.300072,47.107533,142.485870,68.570312,-1506.874023,-954.264648,-0.982444,-0.071891,-0.172148,0.100000,0.020000,1,0.771119
24.038687,21.245064,0.023301,9.407286,22.052002,93.672760,750.034546,-603.081909,5305.884766,-0.974342,-0.074637,0.212339,0.100000,0.020000,1,0.405779
23.137152,21.919559,0.230956,-176.344635,42.682068,39.155678,-14679.795898,3508.550537,3081.022705,-0.990707,-0.083658,0.107247,0.100000,0.020000,1,0.303870
25.866247,23.441372,0.528591,587.823914,499.394958,77.833366,23020.234375,21288.972656,4814.950195,-0.991233,-0.088140,-0.098424,0.100000,0.020000,1,0.415904
23.804682,21.470692,-0.796731,-47.432411,-27.077507,-198.148682,-3830.841309,-2673.668213,-14902.765625,-0.955045,-0.092554,-0.281643,0.100000,0.020000,1,0.118006
23.894569,21.022146,0.793089,-390.938202,272.245544,-640.039673,-26041.328125,14156.489258,-39142.875000,-0.775974,0.114011,0.620375,0.100000,0.020000,1,0.499823
24.148281,21.686554,-0.530333,-209.378967,-32.407890,168.048492,-12963.639648,-2118.658691,9992.085938,-0.875310,-0.027923,-0.482755,0.100000,0.020000,1,0.369390
23.669867,21.646376,0.215950,-155.521851,54.946793,-60.898453,-7176.550781,3856.975586,-3337.966553,-0.946560,-0.101911,0.306002,0.100000,0.020000,1,0.776351
24.144489,21.786947,0.644314,68.376686,-12.656694,-184.945007,3725.058838,-782.044312,-11115.104492,-0.739426,0.198140,0.643421,0.100000,0.020000,1,0.026898
24.500610,21.737495,-0.626906,100.067719,9.684288,-28.068344,7743.781738,710.742676,-2461.532471,-0.812467,0.034923,-0.581960,0.100000,0.020000,1,0.619972
23.352404,21.181595,-0.120404,-45.797882,45.244949,-140.922424,-4184.075195,-2098.312500,-4731.663574,-0.868805,-0.042021,0.493367,0.100000,0.020000,1,0.343765
23.345888,21.795111,-0.745720,-98.550293,85.960953,-145.808716,-5558.186035,3792.413574,-3217.565186,-0.919371,-0.111149,-0.377363,0.100000,0.020000,1,0.320846
24.119741,21.198170,0.043119,11.141022,-9.708702,-285.319397,-3726.992432,-1412.033936,-17114.332031,-0.976542,-0.192868,-0.095744,0.100000,0.020000,1,0.899934
23.767735,21.640057,0.044589,36.648266,-20.119297,-4.412959,1599.718384,-1303.730225,-176.297699,-0.980498,-0.194886,0.025355,0.100000,0.020000,1,0.400672
23.925312,22.093834,-1.102942,-13.445724,84.485092,-122.288544,-2198.377686,6860.674805,-10114.296875,-0.735468,0.116095,-0.667540,0.100000,0.020000,1,0.222495
24.123652,21.598242,-0.167367,84.617645,-50.119499,-45.068222,5777.713867,-3418.262695,-4861.831055,-0.909321,-0.123544,0.397331,0.100000,0.020000,1,0.146922
24.762445,21.039345,0.619317,285.256866,-147.199478,200.823578,13838.662109,-7230.661133,12727.992188,-0.962575,-0.212451,-0.168265,0.100000,0.020000,1,0.255148
23.930862,21.802568,0.564502,77.126358,-300.850952,-285.141449,3905.157227,-18504.697266,-17673.220703,-0.789789,0.009823,0.613299,0.100000,0.020000,1,0.385458
23.721474,21.479235,-0.036859,101.999771,-25.779068,-81.112457,5456.114746,-2172.051514,-4337.331543,-0.933887,-0.219310,-0.282416,0.100000,0.020000,1,0.175447
23.572004,21.780825,0.123382,-64.334991,67.540466,-7.690311,-5829.975586,5104.667480,-528.669128,-0.950929,-0.236963,0.198954,0.100000,0.020000,1,0.892585
23.626974,21.023071,2.554811,35.030598,94.906113,474.891296,-11458.990234,-18006.884766,18738.447266,-0.680607,0.175280,0.711372,0.100000,0.020000,1,0.004192
23.526648,24.243044,-2.217258,-73.149582,773.684021,-727.412170,-4140.742188,28971.699219,-26412.626953,-0.923147,-0.247001,0.294602,0.100000,0.020000,1,0.512386
24.032671,21.729464,0.448915,27.606131,-51.931404,54.476906,844.216064,-3153.230469,3013.227051,-0.714686,0.087452,0.693957,0.100000,0.020000,1,0.017218
24.295897,21.482353,0.044508,115.347748,-13.075745,104.639252,7815.808594,-1178.701660,8845.007812,-0.807426,-0.076309,-0.585014,0.100000,0.020000,1,0.256376
23.836685,20.901995,1.250868,93.239410,18.569641,313.537903,-4481.405762,-12274.301758,11438.247070,-0.943622,-0.329905,0.027202,0.100000,0.020000,1,0.984333
23.520622,21.274708,0.186935,120.968132,-12.194191,10.672095,5445.586426,-2131.149414,-261.013184,-0.840233,-0.162220,0.517391,0.100000,0.020000,1,0.381774
23.183529,22.008284,-0.644343,-195.232483,89.769150,-166.689514,-15876.094727,7370.869141,-11566.724609,-0.850950,-0.170543,-0.496789,0.100000,0.020000,1,0.401847
24.237465,21.136986,-0.141665,-151.594269,84.534462,-2.913584,-8450.631836,3566.332275,518.837830,-0.883835,-0.257701,-0.390419,0.100000,0.020000,1,0.907283
21.726074,22.160065,2.665187,-670.933289,399.335999,747.466614,-23340.585938,11402.308594,24351.382812,-0.869269,-0.276575,0.409729,0.100000,0.020000,1,0.498008
23.825073,21.539789,-0.466620,-45.747826,-16.757351,60.734283,-3871.721191,-1209.931641,3757.737305,-0.806400,-0.174234,-0.565121,0.100000,0.020000,1,0.560271
23.493986,22.071068,0.246318,-187.951355,130.491791,-32.161263,-12454.587891,5401.494141,-1034.570312,-0.944447,-0.298819,0.136849,0.100000,0.020000,1,0.056561
23.818398,21.350237,-0.404350,-10.171032,23.618685,-32.417488,-1047.467041,878.600220,-2810.697754,-0.889755,-0.361236,-0.279006,0.100000,0.020000,1,0.180144
23.269316,22.482695,-0.083848,-70.084610,307.341980,-41.423431,-7009.027832,23519.673828,-3352.491211,-0.916845,-0.381769,0.116822,0.100000,0.020000,1,0.266377
23.039360,22.194700,-0.500901,-192.859436,221.163101,-214.234344,-14595.443359,11226.397461,-2182.303955,-0.899585,-0.377149,0.220239,0.100000,0.020000,1,0.171496
24.180870,21.894365,-0.540345,25.541504,68.475555,-76.056427,1062.929199,4929.021484,-4731.793945,-0.688130,0.184699,-0.701686,0.100000,0.020000,1,0.065423
23.890223,21.583858,-0.507905,152.328156,-36.025604,-36.426727,8360.561523,-2544.947021,-2165.519531,-0.732864,-0.005548,-0.680352,0.100000,0.020000,1,0.119234
23.705788,21.464703,-0.791338,-78.311440,-5.252955,-117.955208,508.270020,243.598267,-4285.063477,-0.827024,-0.290061,-0.481557,0.100000,0.020000,1,0.979956
23.787624,21.430386,0.372678,104.278458,-85.410980,-233.572296,6008.939453,-5621.007812,-14265.892578,-0.872018,-0.365407,0.325672,0.100000,0.020000,1,0.013072
23.961042,21.679104,0.430067,227.892776,-448.291077,623.781006,13395.105469,-28103.972656,38848.722656,-0.713800,-0.015392,0.700180,0.100000,0.020000,1,0.058003
24.062860,21.525927,0.427935,-15.114876,3.597658,39.139816,-1162.080933,-78.225899,2185.162354,-0.772193,-0.112784,0.625298,0.100000,0.020000,1,0.323836
23.659674,21.539371,0.282839,77.878380,-42.539574,-60.296341,3480.009033,-2568.042725,-4308.545410,-0.814242,-0.281043,0.507961,0.100000,0.020000,1,0.524967
26.311607,19.473099,0.371479,810.451843,-418.169586,168.610596,24067.484375,-17976.580078,11474.448242,-0.842238,-0.378638,-0.383756,0.100000,0.020000,1,0.682182
23.573151,21.202034,0.025279,-2.395367,46.196953,43.734337,-1377.029907,2000.720459,2812.944580,-0.881223,-0.472428,0.016054,0.100000,0.020000,1,0.465587
24.644979,21.999002,0.929777,233.035400,174.871582,173.147705,12569.425781,12201.391602,14855.418945,-0.874780,-0.471078,0.113339,0.100000,0.020000,1,0.553616
23.775194,21.477209,-0.001280,20.215199,-92.080292,14.470440,883.020874,-5551.151367,1228.871704,-0.873794,-0.476576,-0.096744,0.100000,0.020000,1,0.546587
23.463015,21.373793,-0.384925,25.627777,62.798172,9.199892,-1251.712524,3051.274902,1215.777222,-0.730657,-0.091769,-0.676549,0.100000,0.020000,1,0.459216
24.102379,21.473913,0.767055,-322.675598,-73.453018,-442.814819,-20244.609375,-4934.736328,-26755.318359,-0.771028,-0.195369,0.606092,0.100000,0.020000,1,0.159503
23.869320,21.983904,0.177858,-199.650482,266.854858,137.657059,-12680.253906,19044.972656,10061.860352,-0.887134,-0.420656,-0.189844,0.100000,0.020000,1,0.262622
23.824028,20.909300,0.032291,-57.542675,37.994480,-505.509308,-5349.462402,-1874.007568,-33408.398438,-0.822885,-0.393997,0.409422,0.100000,0.020000,1,0.649529
23.672287,21.862011,-1.563655,-38.337082,97.758514,-284.000366,-3904.652344,7715.471680,-22588.992188,-0.776010,-0.281529,-0.564403,0.100000,0.020000,1,0.315739
23.631784,21.415791,0.385307,-13.762840,16.647106,21.009289,-1994.430298,1146.362915,1925.421997,-0.825998,-0.474145,0.304818,0.100000,0.020000,1,0.303087
23.886189,20.900337,-0.390055,32.386730,-10.539776,-33.007198,1311.759033,-1753.061035,923.424561,-0.831237,-0.478486,-0.283010,0.100000,0.020000,1,0.780461
23.381348,21.164883,-1.390831,20.047649,82.148041,-292.496429,-9490.353516,-12150.882812,-11925.544922,-0.849499,-0.489806,-0.196064,0.100000,0.020000,1,0.317287
23.955641,20.987307,0.061430,102.429367,-59.460598,58.585907,4475.482910,-2779.357666,-6685.938965,-0.843820,-0.489778,0.219283,0.100000,0.020000,1,0.364656
24.265234,21.576817,0.676368,511.437866,-83.616463,383.484375,32784.214844,-5249.872070,24758.697266,-0.718548,-0.116870,0.685587,0.100000,0.020000,1,0.384106
23.515388,21.290926,0.076757,-8.667656,-303.997009,-437.485229,-1975.866699,-19355.859375,-27358.488281,-0.822784,-0.568018,0.019555,0.100000,0.020000,1,0.246038
23.895786,22.872662,1.244467,9.406878,411.391174,223.047363,228.799591,32044.169922,17571.009766,-0.764470,-0.387541,0.515167,0.100000,0.020000,1,0.455017
24.047653,20.912077,0.288784,-103.426376,64.627197,-33.624641,-5748.831543,2405.832764,-1270.173706,-0.805191,-0.583297,0.106918,0.100000,0.020000,1,0.023766
23.508114,21.363146,1.958046,-142.558807,91.614761,613.979980,-1946.820068,1146.642090,17925.539062,-0.802051,-0.591306,-0.084097,0.100000,0.020000,1,0.706436
24.049877,21.421955,-0.433092,34.525620,-102.891998,-48.041344,1974.817627,-6843.904297,-2639.095947,-0.715789,-0.215159,-0.664344,0.100000,0.020000,1,0.488898
23.940044,21.044317,1.435611,-77.615311,75.639069,214.878113,-5303.802734,3075.592041,17575.158203,-0.735770,-0.315425,0.599291,0.100000,0.020000,1,0.618548
23.812263,21.218193,0.390448,154.278168,-77.080460,-156.497009,9257.413086,-5397.676758,-9589.284180,-0.764781,-0.501175,0.404888,0.100000,0.020000,1,0.083591
23.697044,20.982615,-0.290495,-39.719147,26.159054,304.762177,-4070.249268,-1014.870361,17548.783203,-0.777512,-0.596429,0.199367,0.100000,0.020000,1,0.253066
23.231230,22.027515,-0.460544,-149.549896,154.831451,-34.715828,-12537.657227,12438.529297,-2448.012451,-0.753282,-0.423830,-0.502926,0.100000,0.020000,1,0.314386
23.931580,21.252234,-0.171693,84.940308,36.370110,-427.721436,5607.469238,2150.967529,-27050.320312,-0.774537,-0.599874,-0.200607,0.100000,0.020000,1,0.183490
24.280092,20.645992,1.042803,128.064117,-28.576160,217.095947,4782.230957,-12435.059570,-4466.171875,-0.751477,-0.585102,0.304856,0.100000,0.020000,1,0.886748
22.221218,21.983545,0.216987,-386.455505,248.924377,159.291168,-31630.681641,18458.947266,12529.466797,-0.724954,-0.500855,-0.472849,0.100000,0.020000,1,0.765104
25.875628,20.986967,0.752762,589.944580,-117.072021,357.523865,27070.634766,5707.897461,6680.495117,-0.756731,-0.528285,-0.385061,0.100000,0.020000,1,0.138452
23.381157,21.453049,-0.287335,-104.317230,63.050125,-17.940468,-8719.828125,4759.988770,-1362.813354,-0.740064,-0.605549,-0.292601,0.100000,0.020000,1,0.990277
23.429068,21.192093,0.955344,-67.298508,-11.368416,120.973495,-6049.865234,1438.031982,6375.564453,-0.695927,-0.397619,0.597985,0.100000,0.020000,1,0.232745
23.520926,22.570539,-1.751168,-57.317116,380.227661,-389.216309,-5573.510742,29611.449219,-28630.863281,-0.713605,-0.593737,-0.371813,0.100000,0.020000,1,0.597498
23.604391,21.190189,-0.044570,-20.955589,20.532681,-8.088446,-2411.159912,1241.044434,-388.036713,-0.719704,-0.688009,-0.093106,0.100000,0.020000,1,0.614278
23.830729,21.394760,-0.302568,-138.084915,-108.240318,37.074402,-9750.833984,-6990.461426,3286.707031,-0.681292,-0.302268,-0.666690,0.100000,0.020000,1,0.682057
23.857895,21.423565,-0.483440,300.471100,-78.669876,-10.309542,18299.490234,-4795.009766,-718.059021,-0.703930,-0.397101,-0.588892,0.100000,0.020000,1,0.062878
23.943220,21.190975,-0.043504,-263.956512,-102.876114,-93.337296,-16327.940430,-6475.562500,-6131.061035,-0.708532,-0.705463,0.017411,0.100000,0.020000,1,0.106688
23.918531,21.095440,0.396226,-31.484474,-41.447426,-212.534531,-1836.478638,-3003.102051,-12475.958008,-0.690904,-0.689916,0.216029,0.100000,0.020000,1,0.703784
23.605873,21.035255,-2.291574,-59.181618,42.911060,-585.631409,244.084473,-2057.463867,-13528.302734,-0.694703,-0.694101,-0.188708,0.100000,0.020000,1,0.822670
23.471514,21.205572,0.235509,197.912537,-108.845306,-120.194565,10826.982422,-6774.177734,-7007.839844,-0.699006,-0.704598,0.122198,0.100000,0.020000,1,0.912176
24.030596,21.539667,0.627260,-143.378326,-492.750916,-254.007782,-9469.598633,-30886.099609,-15772.068359,-0.670836,-0.208513,0.711689,0.100000,0.020000,1,0.707432
23.866606,21.236179,0.511745,-103.519775,-31.075890,27.776161,-6982.636230,-2274.218018,2170.301025,-0.692997,-0.500291,0.519100,0.100000,0.020000,1,0.035902
24.100510,21.456440,-0.039316,86.694519,31.542938,-9.553558,6461.726074,2363.102539,-435.062286,-0.843738,-0.527321,-0.100191,0.100000,0.020000,1,0.048678
24.542461,21.538883,0.188530,86.040573,-375.422882,-69.885010,7690.422363,-22672.994141,-1724.957397,-0.652695,-0.496292,-0.572436,0.100000,0.020000,1,0.787810
23.429279,21.209871,-0.000681,444.629059,-234.688202,501.430878,25837.767578,-14911.915039,30024.230469,-0.646230,-0.585402,0.489583,0.100000,0.020000,1,0.079463
23.834663,21.464022,0.157436,52.950127,59.510277,-107.976952,2248.629150,1823.910400,-4281.526855,-0.666919,-0.615360,0.420179,0.100000,0.020000,1,0.160464
23.733292,21.056070,0.468346,120.858948,-64.822548,-81.325195,6904.798828,-4552.857910,-4202.347656,-0.651014,-0.693125,0.309448,0.100000,0.020000,1,0.772382
23.621466,22.823273,-0.517585,-44.910774,433.852112,-114.308685,-4003.983154,34352.894531,-8444.887695,-0.648317,-0.707447,-0.281432,0.100000,0.020000,1,0.823168
23.974981,22.024822,0.408025,12.664928,230.232422,220.866669,849.070068,17911.095703,17263.503906,-0.632688,-0.601604,-0.487625,0.100000,0.020000,1,0.753146
24.112875,21.241606,-0.427328,-458.193787,78.654953,66.044128,-28160.359375,5314.860840,3656.990967,-0.620725,-0.683460,-0.384165,0.100000,0.020000,1,0.923600
23.456917,21.238567,0.526252,-84.260437,-21.339525,38.765945,-7090.565430,-750.428345,4590.547363,-0.623279,-0.781820,0.016755,0.100000,0.020000,1,0.695901
23.622032,21.028250,-0.056834,136.815186,-78.285843,-134.838318,7503.191895,-5236.589355,-8164.694336,-0.613620,-0.769720,-0.176070,0.100000,0.020000,1,0.420211
23.622927,21.762480,-0.558159,3.892553,175.924683,-103.858154,-853.627380,13921.464844,-8595.850586,-0.612746,-0.785351,-0.088130,0.100000,0.020000,1,0.760246
24.074053,21.346804,0.550791,-92.923080,73.303024,-3.199047,-5979.054199,4310.915039,-219.149063,-0.651099,-0.295152,0.699253,0.100000,0.020000,1,0.304973
22.812840,21.493111,0.696482,-441.454071,289.966675,261.350464,-22683.714844,5580.158203,7159.854980,-0.634122,-0.394437,-0.665064,0.100000,0.020000,1,0.869665
23.741259,21.020222,0.292586,201.310318,-97.095383,-294.152008,11871.124023,-6665.316406,-18699.976562,-0.603474,-0.684641,0.408762,0.100000,0.020000,1,0.749677
23.465595,21.219027,1.243347,-103.356766,72.001846,344.488586,-8346.705078,5096.908203,26244.072266,-0.596100,-0.774982,0.209924,0.100000,0.020000,1,0.741793
24.001854,21.042995,0.044139,-336.808411,2.035580,311.467896,-20808.855469,12.335923,19435.509766,-0.591675,-0.796686,0.123338,0.100000,0.020000,1,0.662092
24.042835,21.720453,-0.290667,449.109253,-188.884583,-60.916992,28534.425781,-9822.493164,-3208.172119,-0.599276,-0.573694,-0.558340,0.100000,0.020000,1,0.842475
24.008986,21.042799,0.856706,54.033890,-112.579422,246.377441,2138.497559,-4058.273438,11317.178711,-0.613551,-0.394295,0.684168,0.100000,0.020000,1,0.312447
23.713699,21.083101,0.543905,59.915138,-1.227589,-6.184487,2461.203125,-871.915405,-168.644531,-0.609702,-0.495673,0.618524,0.100000,0.020000,1,0.237442
23.442165,21.537514,0.185937,-40.687996,20.750517,227.943970,2813.732422,1059.727539,14633.465820,-0.553017,-0.771968,0.313428,0.100000,0.020000,1,0.719088
24.297142,21.398920,0.124927,76.780884,96.976379,69.369354,5419.827637,7305.247070,5758.755371,-0.543693,-0.787258,-0.290900,0.100000,0.020000,1,0.304421
24.386269,20.735312,-0.562140,319.527649,-163.066559,185.672485,21557.255859,-12531.443359,11542.078125,-0.584126,-0.479652,-0.654775,0.100000,0.020000,1,0.406135
23.920010,21.299971,0.311221,-10.459429,-155.577545,-56.347717,-934.646851,-9116.092773,-3928.838867,-0.546883,-0.668217,0.504386,0.100000,0.020000,1,0.239311
24.424007,21.094961,-0.571642,153.879593,54.100811,-93.399017,7046.011719,98.800781,-8849.550781,-0.500915,-0.862664,-0.069963,0.100000,0.020000,1,0.507386
23.887304,21.288860,0.534671,66.063545,-28.058186,-28.509266,3595.880127,-1359.715698,-1546.840698,-0.552649,-0.580957,0.597552,0.100000,0.020000,1,0.884951
23.983578,20.907795,-0.529660,-358.582245,213.210754,-367.713104,-22638.681641,12613.137695,-23795.761719,-0.531724,-0.690135,-0.490901,0.100000,0.020000,1,0.107009
23.960318,20.830612,0.527858,376.632599,-209.212692,-2.696494,22250.943359,-17638.916016,2638.435059,-0.486757,-0.854225,-0.182665,0.100000,0.020000,1,0.718554
24.462107,20.640322,0.064881,-111.246964,38.625633,-63.633568,-4911.544922,1035.019897,-2809.737061,-0.458576,-0.842671,-0.282158,0.100000,0.020000,1,0.641628
22.956732,21.445290,0.223917,-205.276123,127.027145,63.649963,-17042.291016,10031.425781,4521.509766,-0.471613,-0.872137,0.130222,0.100000,0.020000,1,0.542174
24.135502,21.476475,0.603159,70.955406,-88.543594,58.537918,4730.400391,-4673.610352,3950.304443,-0.553040,-0.477061,0.683051,0.100000,0.020000,1,0.234169
24.324684,21.509398,-0.732636,92.903671,114.166626,-62.129211,7135.116699,8904.154297,-5137.756348,-0.491285,-0.670036,-0.556499,0.100000,0.020000,1,0.597942
24.027699,20.955622,0.104028,-193.388718,103.441223,438.460663,-11951.584961,6479.348145,27106.175781,-0.442826,-0.843893,0.302901,0.100000,0.020000,1,0.164254
24.652998,20.771032,0.005105,188.224670,-49.204559,-49.691879,14799.924805,-3873.188232,-3874.771240,-0.445094,-0.865702,0.229024,0.100000,0.020000,1,0.062344
24.010834,21.060995,-0.948419,11.560104,5.698412,-131.071075,511.026764,-187.576691,-10060.396484,-0.515909,-0.550628,-0.656237,0.100000,0.020000,1,0.765549
23.875809,20.950947,0.519693,-14.754379,15.311632,-164.373871,-1497.635376,619.412537,-9841.012695,-0.448580,-0.744985,0.493733,0.100000,0.020000,1,0.584846
23.802011,20.984184,0.107186,366.782227,-209.055511,-316.397949,22384.585938,-13330.640625,-20917.742188,-0.460824,-0.781570,0.420463,0.100000,0.020000,1,0.042468
24.837187,20.324354,-0.076744,193.099991,-97.731934,-87.443146,11710.617188,-9622.426758,6021.586426,-0.383200,-0.915149,0.125138,0.100000,0.020000,1,0.599615
24.024862,20.874472,0.008334,-51.318642,-47.554222,30.191242,-3000.665527,-3041.877441,1892.616455,-0.379143,-0.925225,0.014445,0.100000,0.020000,1,0.644529
23.324041,21.877251,0.778623,-122.202850,175.057556,78.160202,-10738.062500,14300.940430,6197.532227,-0.461576,-0.653405,0.600008,0.100000,0.020000,1,0.753929
24.064354,21.053846,-0.317327,13.612041,35.463791,7.198668,1129.834961,2662.556152,391.186157,-0.398968,-0.834151,-0.380812,0.100000,0.020000,1,0.850020
22.558710,21.678232,-0.859380,-331.584961,203.077118,-304.091217,-26969.542969,15850.355469,-24088.183594,-0.394897,-0.830553,0.392732,0.100000,0.020000,1,0.961414
23.941822,20.887280,0.044536,-401.333862,106.188919,581.545288,-25479.357422,6750.795898,37211.257812,-0.363849,-0.926523,-0.095757,0.100000,0.020000,1,0.152118
27.592010,23.062849,-3.471984,1026.576660,710.026611,-1046.223633,22623.457031,28120.384766,-36461.804688,-0.358973,-0.917319,-0.172235,0.100000,0.020000,1,0.753787
23.646013,21.107466,-0.069944,-168.387634,101.046875,42.634007,-6170.788086,3522.602051,982.862549,-0.359726,-0.807167,-0.468058,0.100000,0.020000,1,0.349282
24.934406,21.045551,-1.978114,222.309753,56.600922,-474.730652,17874.005859,4328.095703,-37335.675781,-0.318050,-0.908753,-0.270208,0.100000,0.020000,1,0.530038
24.456491,21.344622,0.294417,224.548279,-24.775330,22.411243,11982.636719,2757.533203,-989.230408,-0.472683,-0.548308,0.689876,0.100000,0.020000,1,0.671007
23.994482,20.810888,-0.657016,182.966309,-94.268372,-30.836760,5873.426758,-5826.878906,-1321.610352,-0.387194,-0.730522,-0.562511,0.100000,0.020000,1,0.353410
23.940697,20.841944,-0.123357,-62.679951,38.421986,232.113464,-5596.025879,2776.980225,11776.486328,-0.253598,-0.963881,-0.081370,0.100000,0.020000,1,0.843738
24.323425,21.956694,-0.289974,109.897644,215.740051,66.002258,7918.049316,17214.130859,5135.650391,-0.418991,-0.625944,-0.657754,0.100000,0.020000,1,0.490481
24.236893,21.083569,-0.405719,31.994102,17.659107,-5.517871,2850.563232,1471.620483,-334.653015,-0.395435,-0.760283,-0.515365,0.100000,0.020000,1,0.128362
23.818018,21.151566,-0.309004,149.703918,-46.471184,-108.863663,8456.634766,-1731.888184,-6878.334961,-0.277672,-0.879130,-0.387336,0.100000,0.020000,1,0.993212
23.904167,20.890625,-0.455428,244.472168,-138.460114,505.164429,14790.273438,-8629.746094,28681.722656,-0.275914,-0.877422,0.392431,0.100000,0.020000,1,0.847048
23.820404,20.911394,-0.037057,340.307068,-195.998688,-10.748589,20435.546875,-12090.586914,-243.623596,-0.230961,-0.956533,-0.178048,0.100000,0.020000,1,0.390191
24.189434,20.698814,-0.196888,575.533508,-332.139313,28.477743,36944.761719,-21329.789062,605.825684,-0.232777,-0.966147,0.111246,0.100000,0.020000,1,0.055885
24.142689,20.725323,0.081682,323.800812,-186.565552,-502.739807,20782.515625,-12177.826172,-31501.126953,-0.229971,-0.972809,0.027507,0.100000,0.020000,1,0.970631
24.149281,20.984697,0.657677,-137.660767,-66.437256,-66.601059,-8426.952148,-4297.406250,-3459.421875,-0.356226,-0.712726,0.604256,0.100000,0.020000,1,0.107792
23.654825,21.210716,-0.212513,-106.483948,108.370514,-194.364868,-9471.966797,6806.146484,-12335.564453,-0.320961,-0.794872,0.514939,0.100000,0.020000,1,0.046667
22.653637,21.595459,-0.089080,-316.508728,185.897766,-152.554733,-25789.107422,14865.487305,-11073.041016,-0.275479,-0.905392,0.323073,0.100000,0.020000,1,0.033232
24.522774,20.509146,0.040572,-572.361267,331.442017,189.706894,-34192.878906,19769.794922,11451.941406,-0.214024,-0.954278,0.208679,0.100000,0.020000,1,0.977660
23.457262,21.121052,-0.019744,-167.385590,146.797699,97.962021,-15240.044922,-4571.109375,8526.152344,-0.373922,-0.927069,0.026937,0.100000,0.020000,1,0.038660
24.350977,20.605066,-0.215977,-236.294510,140.846603,106.303864,-15102.314453,6366.959961,6825.674316,-0.189521,-0.941451,-0.278841,0.100000,0.020000,1,0.975204
23.987347,20.815010,-0.642324,-77.020981,68.070236,17.760662,-10002.160156,-680.736572,3120.183838,-0.394529,-0.801010,-0.450257,0.100000,0.020000,1,0.050137
24.798819,22.114721,0.448306,244.959991,281.302612,180.048431,18358.990234,22657.863281,15150.020508,-0.286628,-0.765191,-0.576478,0.100000,0.020000,1,0.685065
24.678812,20.415791,0.113379,107.061607,-56.153114,-264.480255,1074.149414,-1806.022095,-12430.874023,-0.170036,-0.934351,0.313172,0.100000,0.020000,1,0.481174
24.163618,20.713240,0.286367,-59.791874,35.015095,-153.168396,-3645.206055,1976.787598,-8183.815430,-0.124772,-0.987657,-0.094683,0.100000,0.020000,1,0.762684
24.022163,20.964247,0.888670,1.553819,18.369722,50.562256,-306.959869,613.643982,4597.576172,-0.388091,-0.604304,0.695846,0.100000,0.020000,1,0.747879
25.759329,19.791956,0.548946,328.761902,-189.216843,52.428947,27797.890625,-16487.212891,4796.648438,-0.250446,-0.936697,0.244696,0.100000,0.020000,1,0.136441
24.249687,20.747271,0.145781,-92.175919,-4.660564,-272.156250,-5229.043457,-759.232849,-14953.577148,-0.221241,-0.844764,-0.487264,0.100000,0.020000,1,0.060334
24.772253,20.361843,-0.057910,-417.654999,244.379044,108.165588,-24594.417969,12017.614258,4940.479004,-0.217290,-0.833156,0.508563,0.100000,0.020000,1,0.896214
24.258646,20.658375,-0.170117,-240.299179,139.670227,301.502808,-14830.274414,8250.073242,18268.675781,-0.098089,-0.994793,0.027671,0.100000,0.020000,1,0.991985
24.179729,20.703938,0.642817,247.997116,-142.630203,1.736668,15796.671875,-9251.071289,2460.427002,-0.093817,-0.990430,0.101221,0.100000,0.020000,1,0.365332
24.576693,21.233007,0.143364,290.764282,25.377075,-87.835480,13518.054688,-2324.520996,-10045.644531,-0.318700,-0.673639,-0.666814,0.100000,0.020000,1,0.403875
23.770594,21.086025,0.035676,-284.489136,44.225380,322.866364,-19451.183594,3428.826660,18535.765625,-0.258310,-0.756409,0.600934,0.100000,0.020000,1,0.239880
24.110598,20.743849,0.003594,6.270302,14.614550,-75.159485,-1829.520752,-1363.537109,-3355.145020,-0.141819,-0.901934,0.407924,0.100000,0.020000,1,0.308870
24.840820,20.339069,-0.840566,114.830627,-64.239563,-193.375275,10207.879883,-5861.776367,-14436.119141,-0.132462,-0.912626,-0.386739,0.100000,0.020000,1,0.909383
24.198839,20.781992,0.185954,-264.946930,-364.501892,-315.923981,-16515.939453,-22644.351562,-19868.072266,-0.058916,-0.975443,0.212225,0.100000,0.020000,1,0.461690
23.122019,21.314608,-1.623088,-327.919678,189.768234,-459.238190,1093.055420,-737.752197,-10406.035156,-0.058233,-0.978791,-0.196411,0.100000,0.020000,1,0.544488
24.081156,20.760849,-0.429126,65.709930,-37.756824,104.851776,3774.309814,-2223.426025,5761.623535,-0.053320,-0.958569,-0.279827,0.100000,0.020000,1,0.871943
25.759882,20.669865,-0.296552,487.296692,-97.218506,-263.137695,16854.250000,9123.166016,-1341.599609,-0.185977,-0.788229,0.586607,0.100000,0.020000,1,0.319529
24.212011,20.685301,-1.149205,48.844288,-27.815327,53.620117,2830.145508,-2459.222656,8300.369141,-0.177785,-0.799330,-0.573990,0.100000,0.020000,1,0.570699
24.483240,21.871136,-2.207819,100.213028,321.292480,-525.227173,3380.476074,11723.648438,-18913.281250,-0.108443,-0.875252,-0.471353,0.100000,0.020000,1,0.397540
24.206232,20.762974,-0.111536,36.041046,0.888916,55.628723,-8057.119629,5290.694824,-9558.333008,-0.051465,-0.930444,-0.362802,0.100000,0.020000,1,0.484716
23.561829,21.060682,3.626433,-186.232086,125.339264,1095.233765,24550.332031,-9310.494141,33980.035156,-0.039336,-0.949303,0.311893,0.100000,0.020000,1,0.137010
24.195719,20.806847,0.564756,-216.401978,132.527100,-19.100691,-13474.816406,7467.386230,-1152.860718,-0.301310,-0.652043,0.695738,0.100000,0.020000,1,0.165286
24.231316,20.811941,0.403492,-29.410587,-73.665016,-49.459679,-1642.387329,-4560.204590,-3105.122803,-0.099950,-0.858266,0.503378,0.100000,0.020000,1,0.928672
26.592913,19.310684,-0.903825,727.866333,-284.699219,-266.794403,-12342.865234,-18819.792969,-21794.093750,-0.035323,-0.914860,0.402224,0.100000,0.020000,1,0.632197
28.253187,18.352125,1.153789,1152.374756,-664.464539,186.679550,29325.882812,-17131.808594,15268.852539,0.041616,-0.995580,-0.084198,0.100000,0.020000,1,0.360225
24.420618,21.847084,0.012724,135.019394,-253.023376,188.318115,9555.826172,-12184.742188,14140.996094,-0.219394,-0.715098,-0.663702,0.100000,0.020000,1,0.721650
23.545601,22.155079,0.311956,-292.544403,244.028305,241.067169,-8508.864258,3921.649902,14653.589844,0.054566,-0.975348,0.213821,0.100000,0.020000,1,0.372308
24.197929,20.693430,0.290465,432.773590,-249.040253,-221.130569,27056.037109,-15812.731445,-13169.373047,0.063440,-0.990457,0.122352,0.100000,0.020000,1,0.940665
23.870142,20.882679,0.479265,-54.858467,56.998322,266.346039,-7635.471680,-3287.555664,14808.846680,-0.219319,-0.699345,0.680306,0.100000,0.020000,1,0.948513
24.047083,21.275183,-0.264351,-55.340134,87.337051,25.355270,-4165.464355,7479.132812,2357.056641,-0.083098,-0.823457,-0.561260,0.100000,0.020000,1,0.132152
24.389238,20.648325,0.096820,51.252350,-21.090603,-2.226631,3919.568359,-1651.845947,1784.137695,-0.006246,-0.888743,-0.458364,0.100000,0.020000,1,0.729195
24.037228,20.786209,-0.272851,208.062805,-119.597305,-1234.012817,12163.922852,-7210.716797,-80049.562500,0.063216,-0.952578,0.297656,0.100000,0.020000,1,0.989333
23.950365,20.836363,-1.590497,-51.886147,40.002220,-414.939667,-4377.200684,-2523.586914,-21927.363281,0.087385,-0.954072,-0.286549,0.100000,0.020000,1,0.497243
24.200203,20.692118,1.261013,-7.916775,49.538723,227.137863,-1699.687988,-8131.877441,17019.203125,0.093115,-0.995490,0.018125,0.100000,0.020000,1,0.337519
24.528034,20.502844,-0.394244,-20.421865,21.335411,9.893632,-3087.761475,-3122.069580,388.383636,0.103803,-0.923230,-0.369961,0.100000,0.020000,1,0.558812
24.539785,20.688412,-0.099771,-6.597729,13.483864,154.291351,601.669373,1312.789917,9623.876953,0.173605,-0.980601,-0.091013,0.100000,0.020000,1,0.564489
25.499990,19.941683,0.018340,301.427368,-172.877289,91.374580,28439.875000,-16779.888672,14084.636719,0.175186,-0.976549,0.125146,0.100000,0.020000,1,0.419143
24.066296,21.204283,-0.368382,-84.711685,-98.766068,164.551544,-5994.733887,-4901.762207,11057.686523,-0.130539,-0.733936,-0.666557,0.100000,0.020000,1,0.446582
22.382664,21.741472,-1.093150,-302.420013,288.189209,-410.061981,-52257.292969,13788.304688,-8740.607422,-0.049965,-0.792359,0.608006,0.100000,0.020000,1,0.759143
24.463245,20.540251,-0.201413,-335.657257,194.499481,395.855988,-20577.312500,11702.368164,24848.945312,0.124392,-0.971179,-0.203315,0.100000,0.020000,1,0.128148
24.374533,20.591469,0.316550,-227.735382,132.126907,-188.188385,-14311.349609,8113.316895,-11234.499023,0.188051,-0.961985,0.198046,0.100000,0.020000,1,0.230182
24.053909,20.858030,0.472107,92.531418,-187.385040,-143.604614,4906.892090,-11254.502930,-8809.553711,0.048023,-0.853999,0.518053,0.100000,0.020000,1,0.698019
24.586037,21.655466,-0.650906,105.859894,228.756958,-93.671661,7913.508789,18241.726562,-6736.030762,0.043244,-0.819164,-0.571927,0.100000,0.020000,1,0.743573
24.873049,20.314468,-0.275952,51.499634,-26.454361,11.424484,5534.138672,-3145.238281,1141.914185,0.136477,-0.869548,-0.474616,0.100000,0.020000,1,0.426367
24.412329,21.118813,0.695535,-39.839844,-103.696350,192.723145,-1790.078125,-5653.752930,12744.903320,-0.128159,-0.701013,0.701538,0.100000,0.020000,1,0.424214
24.325932,21.594418,0.608881,0.784451,232.506348,23.330772,4.518140,18514.453125,2354.211670,0.140125,-0.853773,0.501435,0.100000,0.020000,1,0.470142
24.552759,20.862347,-0.336865,-55.839516,-123.551819,163.213898,-2736.804443,-6713.877441,10096.638672,0.222039,-0.905144,-0.362509,0.100000,0.020000,1,0.422239
24.476521,20.697977,-0.044081,-178.637039,-688.633301,-660.528320,-10933.289062,-42839.878906,-41237.167969,0.293027,-0.936419,-0.193012,0.100000,0.020000,1,0.780354
24.428200,20.798090,0.051183,230.110306,-595.733643,-18.644302,14646.634766,-36511.585938,-1376.733032,0.305658,-0.943931,0.124771,0.100000,0.020000,1,0.908724
23.907677,21.606441,-1.651463,-188.494507,-22.080929,-322.972290,-13469.766602,1876.740845,-25086.912109,-0.022799,-0.747742,-0.663598,0.100000,0.020000,1,0.498471
23.941481,21.496845,-0.383553,-208.501221,205.578552,-111.951691,-14970.298828,16797.626953,-9702.268555,0.247384,-0.917488,0.311474,0.100000,0.020000,1,0.035670
24.458565,20.643501,-0.349484,-43.848190,-31.508713,121.558746,-2413.830322,-1704.126709,7156.560547,0.252057,-0.924886,-0.284700,0.100000,0.020000,1,0.064248
24.446978,20.549641,2.749524,-58.746239,37.295799,787.989502,-3953.603516,665.455872,24805.132812,0.313997,-0.928377,0.198803,0.100000,0.020000,1,0.517422
24.131199,21.227482,0.817291,-87.536987,175.895355,387.336670,-6706.218750,14037.318359,27859.537109,0.328896,-0.944365,0.001463,0.100000,0.020000,1,0.117116
24.551071,20.489544,-0.337821,-270.241882,161.470947,458.245117,-18017.085938,7776.895996,28026.007812,0.332423,-0.940124,-0.075248,0.100000,0.020000,1,0.848952
25.117159,20.162712,-0.589359,72.465019,88.605186,-118.046104,-18956.753906,-21455.042969,-4179.093750,-0.036671,-0.730996,0.681396,0.100000,0.020000,1,0.694798
23.932259,21.179300,-0.333946,-109.092590,136.407318,-116.709045,-8479.340820,10357.587891,-10799.829102,0.053435,-0.787188,0.614394,0.100000,0.020000,1,0.254277
24.450369,20.547684,1.710795,65.687973,-20.846928,577.381592,1354.863892,-1470.780518,33206.261719,0.144402,-0.813985,-0.562651,0.100000,0.020000,1,0.388305
24.356127,20.602095,0.555031,-368.596954,213.342407,30.451765,-23478.400391,13433.609375,4899.049805,0.259501,-0.945315,-0.197581,0.100000,0.020000,1,0.293549
25.222029,20.836290,1.006659,188.985992,68.584549,162.583649,15408.237305,5295.699219,13149.578125,0.245190,-0.884053,0.397909,0.100000,0.020000,1,0.276075
24.613886,20.453276,-0.705378,49.213406,-28.255863,-175.804581,3867.588867,-2265.446777,-13160.404297,0.317619,-0.909178,-0.269285,0.100000,0.020000,1,0.537174
23.517893,21.403553,-0.694287,-170.497879,15.445007,-355.511261,4583.422852,2386.748291,-3966.104492,0.181117,-0.883885,0.431213,0.100000,0.020000,1,0.238066
24.429411,20.775974,-0.239358,-33.923729,-188.928223,-198.605713,-2065.972168,-11294.537109,-11988.984375,0.251767,-0.847874,-0.466607,0.100000,0.020000,1,0.924277
22.732536,21.710609,-1.829123,-359.466919,258.568787,-829.640137,-11715.622070,8285.279297,-32925.750000,0.337124,-0.893630,0.296264,0.100000,0.020000,1,0.375653
24.406895,20.572783,0.365364,114.439575,-65.328568,-496.553101,7151.211426,-4298.814453,-29945.812500,0.289290,-0.956876,0.026444,0.100000,0.020000,1,0.045795
23.918787,21.601126,-1.296901,-192.390167,156.321320,-251.320648,-14414.137695,14171.999023,-20051.472656,0.342164,-0.863117,-0.371421,0.100000,0.020000,1,0.903493
24.343523,20.749229,-0.193422,-14.909103,-435.303772,-291.689789,-1598.262573,-26503.306641,-18607.736328,0.421268,-0.887947,-0.184614,0.100000,0.020000,1,0.951306
23.836796,20.901930,1.132367,-116.379387,67.430351,223.591476,-10180.953125,5825.509766,18779.841797,0.430223,-0.902420,0.023373,0.100000,0.020000,1,0.988871
22.178268,21.894447,0.581227,-677.423645,401.706177,12.840272,-21594.861328,12734.350586,-36.556274,0.166709,-0.776554,0.607595,0.100000,0.020000,1,0.364157
24.580076,20.472795,0.140879,-955.318542,558.493469,273.450623,-61937.109375,32011.527344,16610.320312,0.350042,-0.845610,0.403006,0.100000,0.020000,1,0.399835
25.689383,19.832338,-0.693414,483.682922,-187.315582,-230.412231,5603.133789,-33502.261719,-12946.352539,0.427008,-0.865165,-0.262972,0.100000,0.020000,1,0.156922
24.223066,20.731924,-0.746437,-86.244415,35.212746,-196.729065,-6678.651367,3176.537842,-15903.079102,0.448238,-0.887072,0.110388,0.100000,0.020000,1,0.500713
24.800419,20.345581,1.097926,-1.958759,69.717705,388.578186,-12135.623047,-11486.373047,15948.003906,0.455826,-0.886341,-0.081381,0.100000,0.020000,1,0.485356
24.688183,20.618523,-0.907799,80.717514,-18.993275,-79.634995,6456.056152,-1856.130981,-6595.679199,0.090640,-0.736081,-0.670797,0.100000,0.020000,1,0.542032
25.033304,20.792185,1.101504,249.050720,-131.524704,269.932556,18174.408203,-7654.903809,19925.558594,0.276659,-0.809781,0.517412,0.100000,0.020000,1,0.339121
25.336912,22.047581,0.200422,222.920685,465.228516,156.677460,8669.798828,12945.182617,6474.378906,0.368554,-0.803426,-0.467626,0.100000,0.020000,1,0.388874
24.523911,20.730612,0.309400,-472.172424,-110.206573,-40.870720,-29939.115234,-6126.495117,-2304.951416,0.464108,-0.830874,0.307005,0.100000,0.020000,1,0.394230
24.284906,21.578011,1.509338,-35.186050,188.427338,314.319458,-2564.097900,15172.261719,23845.947266,0.081875,-0.715294,0.694011,0.100000,0.020000,1,0.749463
24.678530,20.644880,0.788265,-0.095219,-324.397461,45.070908,912.260254,-20632.259766,4140.788574,0.255595,-0.756049,0.602545,0.100000,0.020000,1,0.859291
24.187447,20.976799,-0.909363,-68.053894,57.768585,-115.468811,-5465.845215,4948.293457,-9165.676758,0.276853,-0.766240,-0.579853,0.100000,0.020000,1,0.708856
24.562717,20.606060,0.771802,22.508793,-67.075417,52.777000,219.520020,-3099.967529,915.415039,0.371172,-0.787798,0.491535,0.100000,0.020000,1,0.535056
24.801889,20.939154,-0.372301,81.336700,77.533234,-77.351196,6125.555176,6525.276855,-5217.396973,0.459782,-0.808127,-0.368147,0.100000,0.020000,1,0.487153
24.653057,20.439333,0.374010,-33.007816,20.118015,-61.980392,-1718.188477,976.664978,-3043.917725,0.490231,-0.846050,0.209460,0.100000,0.020000,1,0.297873
24.516203,21.095413,0.333326,-20.676743,115.910278,69.622833,-1726.661987,9858.626953,5696.582520,0.557679,-0.829603,0.027444,0.100000,0.020000,1,0.566980
24.748362,20.529995,0.161651,247.896362,-738.891846,-11.291676,16176.238281,-46536.339844,-748.637451,0.548654,-0.808058,0.214524,0.100000,0.020000,1,0.790230
24.679022,20.430887,-0.204819,-242.282959,142.454712,179.645233,-15102.746094,8735.748047,10073.125000,0.570000,-0.812277,0.123719,0.100000,0.020000,1,0.389123
24.264948,20.863825,-1.164450,-333.892029,-423.560425,-126.438812,-21747.492188,-26235.238281,-10620.965820,0.176670,-0.719859,-0.671260,0.100000,0.020000,1,0.422114
25.032810,20.681173,-2.494918,386.188171,-93.220757,-823.041382,11687.647461,-1036.559570,-36901.750000,0.574779,-0.813709,-0.086640,0.100000,0.020000,1,0.080121
24.402601,20.780802,0.601472,79.445496,-30.755512,-50.813622,4862.484375,-1793.258911,-2948.278809,0.188799,-0.708689,0.679790,0.100000,0.020000,1,0.903759
24.467285,20.815510,-0.404272,-172.865570,-185.244324,-47.878250,-11226.636719,-10975.097656,-2803.846191,0.367034,-0.731013,-0.575244,0.100000,0.020000,1,0.563955
25.055981,20.198034,-1.385654,223.356064,-33.303596,-375.535919,-10245.035156,-13714.583984,-24147.732422,0.482179,-0.767109,0.423139,0.100000,0.020000,1,0.194166
24.514818,20.818972,-0.247946,475.844849,-352.457275,-182.264221,29488.847656,-21085.505859,-11334.684570,0.545462,-0.755115,-0.363692,0.100000,0.020000,1,0.403323
26.106901,22.328619,-0.115961,365.835175,449.107056,-152.959503,24242.933594,35083.343750,-3609.636719,0.560805,-0.764096,0.318835,0.100000,0.020000,1,0.393376
24.618046,20.631575,-0.133785,186.760818,-164.018372,-7.032337,11606.109375,-9803.595703,-372.375031,0.591825,-0.783318,-0.190148,0.100000,0.020000,1,0.238546
24.305891,21.260529,-0.641746,127.063446,-86.968765,128.120285,7258.128906,-3179.243652,7572.229492,0.265550,-0.708876,-0.653435,0.100000,0.020000,1,0.341060
24.611652,20.695093,0.474695,3.226151,-11.049480,-3.383220,421.135681,-481.004517,-151.611710,0.384020,-0.718830,0.579492,0.100000,0.020000,1,0.202049
22.749470,21.700912,-0.998164,-553.492676,308.865723,-389.713776,-15991.326172,11994.699219,-19057.449219,0.458086,-0.727342,0.511008,0.100000,0.020000,1,0.974671
24.613321,21.223600,-0.036793,110.770981,12.575294,37.460472,6982.186523,3464.393555,3789.780762,0.483247,-0.734691,-0.476131,0.100000,0.020000,1,0.421332
24.706757,20.399658,-0.205830,-162.090363,94.139061,-226.083481,-10455.446289,5345.007812,-15203.715820,0.661500,-0.749806,0.014440,0.100000,0.020000,1,0.485926
24.788599,20.393995,0.294463,-51.190956,34.664921,8.335075,-2732.240479,1505.237915,388.205200,0.556297,-0.721290,0.412643,0.100000,0.020000,1,0.221072
24.455460,20.544744,-0.056771,-252.157104,151.698273,372.716522,-18780.414062,7214.688965,22911.021484,0.655867,-0.728211,0.198867,0.100000,0.020000,1,0.648105
24.173788,20.707367,-2.191566,-292.434204,174.351379,-545.156677,-13654.273438,4583.981445,-13810.840820,0.678335,-0.730481,-0.079116,0.100000,0.020000,1,0.824485
25.623487,20.762251,-0.013339,262.012512,78.637161,-165.712677,7595.687012,2531.193604,-7110.281738,0.676081,-0.726227,0.124536,0.100000,0.020000,1,0.274758
24.634867,20.636766,-0.484114,158.144119,-209.600662,219.414352,10047.801758,-13182.194336,13682.328125,0.456155,-0.691932,-0.559600,0.100000,0.020000,1,0.748787
24.754326,20.720366,-0.139002,87.510910,-198.570221,34.976357,5565.730957,-11697.326172,2532.303467,0.658112,-0.701672,-0.273029,0.100000,0.020000,1,0.653977
24.297449,20.635971,0.478187,-68.822525,66.067184,234.995789,-72.869629,3204.066895,13700.130859,0.563035,-0.674687,-0.477272,0.100000,0.020000,1,0.991113
25.028849,20.316256,0.399780,74.664291,-31.892143,105.442581,6095.396973,-3196.790283,6632.615723,0.553107,-0.658221,0.510703,0.100000,0.020000,1,0.162278
24.805920,20.789429,-0.346141,-30.397964,-200.093597,224.912598,-1758.182495,-11444.989258,13359.818359,0.691709,-0.698385,-0.183840,0.100000,0.020000,1,0.032877
25.783541,19.884760,-0.815831,282.495239,-164.099609,-82.326355,22086.257812,-13147.870117,-7350.424805,0.654758,-0.654213,-0.378547,0.100000,0.020000,1,0.291734
24.702530,20.841509,0.045750,2.364405,66.461273,5.497920,-403.215912,5607.147461,484.759949,0.759584,-0.650209,0.016121,0.100000,0.020000,1,0.803701
24.269999,20.772200,0.437484,-43.143272,33.484215,-15.304764,-3793.792969,2278.799805,-1457.018921,0.284149,-0.655897,0.699327,0.100000,0.020000,1,0.670331
25.566576,19.952435,0.417335,234.709991,-120.602539,44.546059,18120.597656,-10060.596680,3467.507568,0.675386,-0.660426,0.328162,0.100000,0.020000,1,0.184931
24.784004,20.459185,0.461979,-64.549606,47.904900,-287.219147,-4066.284180,2605.167725,-17498.470703,0.665947,-0.634785,0.391870,0.100000,0.020000,1,0.818612
24.799038,20.504333,0.118994,-9.091467,3.172089,-10.201115,-751.362122,131.662277,-790.033325,0.753425,-0.628260,0.194011,0.100000,0.020000,1,0.544843
25.325897,20.042196,-1.842386,114.387573,-25.922482,-500.761932,-1525.312378,-7528.021484,-16285.436523,0.770771,-0.632989,-0.072363,0.100000,0.020000,1,0.397042
24.443155,21.229393,-0.659710,-60.042923,154.837433,-27.271759,-4411.214844,11997.508789,-2260.044434,0.375358,-0.641631,-0.668892,0.100000,0.020000,1,0.938601
24.887808,20.295128,-0.433882,-44.035015,27.852621,-103.426636,-5076.711914,2285.376465,-5835.374023,0.640737,-0.612804,-0.462523,0.100000,0.020000,1,0.779892
24.969465,20.560936,-0.168048,-61.040230,66.129700,-27.434570,-3371.829590,4331.172852,-1799.259644,0.764096,-0.616059,-0.191385,0.100000,0.020000,1,0.223261
24.938574,20.265820,0.152240,-400.158295,234.769928,-269.500885,-26017.673828,12260.592773,-16864.398438,0.774383,-0.622293,0.114381,0.100000,0.020000,1,0.293335
24.496845,20.520851,0.514743,-21.339758,35.729324,-5.721811,-6297.134277,-2334.418701,180.955292,0.351017,-0.636183,0.687065,0.100000,0.020000,1,0.262319
24.952171,20.632174,-0.252847,-42.409523,40.977905,19.910492,-2322.232666,2944.610596,1153.071289,0.759515,-0.583583,-0.287348,0.100000,0.020000,1,0.240414
26.812675,20.066460,-0.666107,621.223816,-157.968109,-180.669312,21873.816406,-5696.607422,-11695.700195,0.756788,-0.579532,0.302350,0.100000,0.020000,1,0.635649
24.559698,20.769855,-0.637333,85.770676,-303.663940,325.414795,4669.707520,-18581.351562,19743.763672,0.569723,-0.598811,-0.562886,0.100000,0.020000,1,0.227264
24.917915,20.749649,0.107067,-245.976013,-249.428528,-224.124786,-15574.868164,-14843.554688,-14022.625977,0.830072,-0.549079,0.097437,0.100000,0.020000,1,0.348000
24.659336,21.243567,-0.245259,-68.277634,125.343994,-60.639648,-5447.721680,10890.385742,-4857.468262,0.834633,-0.550804,0.001485,0.100000,0.020000,1,0.426225
24.384411,20.762835,-0.493995,211.605804,-469.943329,400.232666,12161.234375,-29341.667969,25384.955078,0.461267,-0.593799,-0.659268,0.100000,0.020000,1,0.209185
24.828712,20.410240,-0.253654,61.744614,-20.699883,-190.689545,4296.893555,-2318.598633,-15095.751953,0.548026,-0.579850,0.602861,0.100000,0.020000,1,0.793184
24.701508,20.488974,0.679866,-17.012745,12.278077,-225.473480,-1546.884766,249.616470,-13081.568359,0.656621,-0.555842,0.509793,0.100000,0.020000,1,0.485605
24.883068,20.602873,0.243511,-16.560719,2.950754,40.596626,-1049.931641,261.077393,2264.400391,0.747298,-0.533054,0.396736,0.100000,0.020000,1,0.687591
24.608534,21.003893,-0.087556,-71.088928,-517.032410,247.547974,-5895.744141,-30742.718750,15877.810547,0.833256,-0.520505,-0.186438,0.100000,0.020000,1,0.374781
24.947245,20.555784,0.305213,-67.339142,12.554567,-52.983498,-4239.139160,795.919434,-2770.206299,0.829215,-0.517379,0.211474,0.100000,0.020000,1,0.990009
24.780111,20.752659,0.100265,155.203339,-8.376094,-322.862976,9069.527344,347.285095,-19641.937500,0.847555,-0.521950,-0.096013,0.100000,0.020000,1,0.473914
24.843084,20.320950,-0.206483,-192.444214,111.841064,-135.426834,-12021.515625,5859.133301,-8339.712891,0.662736,-0.672311,-0.329816,0.100000,0.020000,1,0.075868
24.997465,20.631186,-0.089395,-242.419800,5.168755,-307.024414,-15120.348633,572.969543,-18845.974609,0.825721,-0.493305,-0.273560,0.100000,0.020000,1,0.738324
24.741978,20.803148,1.361743,10.121635,11.662590,211.707886,1879.632080,2273.834229,15743.739258,0.482937,-0.604758,0.633277,0.100000,0.020000,1,0.068252
24.746948,20.696398,-0.533390,-17.542728,-143.413086,59.753395,-1397.591431,-8844.250977,3429.953125,0.634397,-0.523144,-0.569088,0.100000,0.020000,1,0.220858
24.538923,20.710014,-0.628125,-169.160675,106.191345,-230.655334,-12110.068359,7101.773926,-15621.829102,0.722709,-0.505757,-0.471064,0.100000,0.020000,1,0.546463
25.854662,20.023869,1.128414,287.056763,-135.299316,258.182922,21863.683594,-10872.469727,20004.750000,0.822861,-0.480209,0.303808,0.100000,0.020000,1,0.626467
24.719709,20.392181,0.240670,133.535156,-76.664970,-162.496490,7960.764648,-6161.323730,-11250.673828,0.616217,-0.513227,0.597390,0.100000,0.020000,1,0.418484
25.329002,21.087255,0.421612,128.811279,54.334091,37.687744,9975.681641,5346.331543,2492.986572,0.717884,-0.487609,0.496871,0.100000,0.020000,1,0.675989
23.903063,21.075201,-0.869960,-215.570953,131.213684,-226.004272,-14038.519531,11373.024414,19519.791016,0.767374,-0.502601,-0.398157,0.100000,0.020000,1,0.016666
25.010382,20.850239,-0.370741,-108.552338,-82.340637,155.152008,-6651.510742,-4163.825195,9457.129883,0.810906,-0.456749,-0.365804,0.100000,0.020000,1,0.603103
25.048908,20.819607,-0.225204,-88.487434,-226.175873,342.287231,-5513.731934,-13264.794922,20971.056641,0.898184,-0.429778,-0.092494,0.100000,0.020000,1,0.921856
25.063789,20.753168,0.042715,-40.905006,19.562065,29.038631,-2460.524902,1960.067627,1684.193481,0.899557,-0.425512,0.098678,0.100000,0.020000,1,0.832030
25.066626,20.297920,-1.139366,26.672745,16.731520,-145.019135,1799.908691,-112.274590,-13989.841797,0.905130,-0.424536,0.022551,0.100000,0.020000,1,0.865839
24.922729,20.695421,0.175056,-235.773071,-12.183551,219.211029,-15063.066406,-462.198059,13199.666992,0.800138,-0.435268,0.412700,0.100000,0.020000,1,0.576001
24.971699,20.731958,0.136404,276.372498,-471.639465,-675.001770,17110.085938,-29205.265625,-41491.792969,0.903510,-0.395830,-0.164279,0.100000,0.020000,1,0.548509
24.098503,20.927601,1.177406,-78.061554,69.693527,137.009888,-7705.874023,5175.465332,11219.727539,0.451982,-0.564430,0.690747,0.100000,0.020000,1,0.300329
25.767645,19.896774,-0.757474,159.665787,-357.443542,-83.587265,1596.818848,-11840.928711,-2979.628418,0.538605,-0.513783,-0.667782,0.100000,0.020000,1,0.820605
24.948048,20.809725,0.096995,55.598885,-47.667984,107.452560,3122.777588,-2210.542969,6214.317383,0.876020,-0.382646,0.293549,0.100000,0.020000,1,0.830730
24.981400,20.738047,-0.283900,-4.808174,83.833191,132.141602,-591.556091,5803.813477,8020.067383,0.888037,-0.378503,-0.261009,0.100000,0.020000,1,0.862084
24.378141,20.881231,0.284309,-494.241455,83.042595,-399.053497,-33684.246094,6209.551270,-22448.058594,0.786654,-0.402559,-0.468105,0.100000,0.020000,1,0.661896
25.197908,20.794931,0.220849,64.942001,-67.333694,-199.260315,4684.057617,-3467.335449,-12338.932617,0.901441,-0.380546,0.206370,0.100000,0.020000,1,0.044674
24.193529,20.797434,1.651552,-101.056839,82.293243,254.857208,-8667.054688,5523.627930,20678.974609,0.506257,-0.508635,0.696415,0.100000,0.020000,1,0.041916
25.015154,20.822075,0.554822,22.573860,-1.137409,19.685295,1878.292114,515.522583,1636.698486,0.697077,-0.421129,0.580288,0.100000,0.020000,1,0.885858
24.553455,20.764610,0.553428,-56.087509,5.676994,273.804779,-5025.057617,710.113342,21509.523438,0.699969,-0.420641,-0.577152,0.100000,0.020000,1,0.253315
24.708218,20.848633,-0.593822,240.955322,-81.659653,140.076828,14672.262695,-4562.170410,8528.976562,0.609206,-0.448545,-0.653969,0.100000,0.020000,1,0.905806
24.459555,20.555769,0.537410,334.690613,-189.176422,-96.338295,18911.537109,-12456.417969,-5527.157227,0.780402,-0.361469,0.510208,0.100000,0.020000,1,0.694567
25.104593,20.799683,-0.245260,-175.195679,-156.231567,-180.955414,-10872.814453,-9269.372070,-11197.828125,0.865855,-0.329270,-0.376665,0.100000,0.020000,1,0.239507
25.289177,21.388357,-0.499274,89.871109,139.696960,-177.338318,6600.295410,11834.343750,-14563.274414,0.866424,-0.315613,0.386909,0.100000,0.020000,1,0.924312
25.121321,20.844582,0.489120,6.919333,-11.770538,70.611450,-584.882690,-1540.109375,6617.922363,0.939185,-0.278489,0.200936,0.100000,0.020000,1,0.492616
25.001051,20.700603,0.265322,-3.482605,137.482819,96.454941,4630.537109,1213.234985,2379.287109,0.944439,-0.278997,-0.173770,0.100000,0.020000,1,0.722237
26.410120,20.900829,1.232324,345.733521,18.414612,345.155151,27111.662109,2223.612305,27211.240234,0.957290,-0.276986,-0.082917,0.100000,0.020000,1,0.087257
23.531073,21.078438,-0.491313,-211.042114,134.415741,32.435936,-5442.238281,-441.888672,5242.280273,0.955945,-0.274803,0.103211,0.100000,0.020000,1,0.977998
23.761433,20.945440,0.328512,-177.159821,143.463287,110.523552,-8680.126953,-4605.356445,11298.120117,0.961418,-0.275088,0.001547,0.100000,0.020000,1,0.203046
24.928642,20.886133,-0.524354,-45.174679,-279.376648,116.313766,-3044.832031,-16852.052734,7000.236328,0.751266,-0.352872,-0.557747,0.100000,0.020000,1,0.307980
24.807203,20.526772,0.227348,18.664343,-4.836855,29.126368,425.141937,-912.477661,1329.754150,0.919148,-0.262498,0.293704,0.100000,0.020000,1,0.586198
26.190716,21.527340,1.249750,453.012939,240.577927,525.970032,11625.972656,8902.063477,23498.203125,0.658332,-0.391441,-0.642941,0.100000,0.020000,1,0.774785
24.950262,20.315336,0.041766,-71.522423,58.343746,-591.228821,-5349.439941,2132.030029,-36238.210938,0.933072,-0.233950,-0.273211,0.100000,0.020000,1,0.207619
25.083197,20.835917,0.454488,6.469847,-14.270454,1.244247,358.490906,-1313.946777,729.512329,0.816185,-0.277571,0.506751,0.100000,0.020000,1,0.555217
24.852457,20.485062,-0.549136,13.758236,16.488245,-41.553116,-314.065247,105.311478,-3689.639404,0.901809,-0.222753,-0.370299,0.100000,0.020000,1,0.427115
25.426863,20.900532,-0.040119,75.715469,8.130363,24.657007,3458.651367,1169.248657,-767.313354,0.980971,-0.174429,-0.085269,0.100000,0.020000,1,0.682021
24.873087,20.303625,0.486529,-292.289093,169.934723,-52.690449,-18667.697266,8435.583008,-3600.479736,0.589807,-0.415131,0.692671,0.100000,0.020000,1,0.908119
25.563570,20.939568,0.817208,228.834351,-32.506969,167.942474,16177.753906,-1165.108032,12730.542969,0.901084,-0.194596,0.387531,0.100000,0.020000,1,0.075832
25.441055,20.537767,0.182925,116.631409,-127.341858,-92.984039,8314.234375,-8805.555664,-5751.329590,0.968940,-0.152143,0.194957,0.100000,0.020000,1,0.696880
24.946825,20.593067,0.067106,29.221043,-7.553116,581.745972,698.507629,-982.442810,36642.867188,0.982240,-0.153507,0.107889,0.100000,0.020000,1,0.858081
25.263504,20.608994,0.050925,-129.953827,-60.058968,155.576965,-8023.560059,-4274.222656,10616.198242,0.973908,-0.143428,-0.175873,0.100000,0.020000,1,0.884861
25.087143,20.571898,0.051556,4.367601,9.792142,-15.199259,-333.767059,2.795452,-755.696655,0.990204,-0.139581,0.003545,0.100000,0.020000,1,0.786707
24.738554,20.391663,0.646430,-373.624634,218.853348,-278.352020,-24278.468750,12327.990234,-17104.595703,0.646033,-0.357714,0.674302,0.100000,0.020000,1,0.962784
25.407671,20.903357,-0.592482,135.341858,26.998116,-97.042496,9357.825195,2363.716309,-7662.694336,0.950417,-0.128826,-0.283038,0.100000,0.020000,1,0.960310
24.975464,20.629616,0.269908,-4.134768,-69.992386,-45.152260,-571.412781,-4959.736328,-3643.527100,0.779724,-0.237379,0.579381,0.100000,0.020000,1,0.687662
25.003788,20.973455,-0.371942,-139.734192,-11.853468,-45.926033,-9072.649414,162.683044,-2600.513672,0.796795,-0.230252,-0.558661,0.100000,0.020000,1,0.490036
25.170488,20.839996,-0.412284,-76.836685,18.065105,29.413052,-4509.477539,1604.720459,1744.258301,0.841157,-0.237891,-0.485657,0.100000,0.020000,1,0.010206
24.685669,20.702290,-0.805512,-111.977631,-70.834366,-117.652191,-8948.636719,-4703.471191,-9234.245117,0.865349,-0.174339,-0.469869,0.100000,0.020000,1,0.881961
25.137657,20.900068,0.495175,-59.874443,13.407021,-396.564209,-3777.287354,1348.984375,-24632.703125,0.850432,-0.151672,0.503747,0.100000,0.020000,1,0.468611
26.130920,20.653030,-0.155815,267.260468,-72.752441,36.417610,20357.656250,-4490.164551,3505.963135,0.921520,-0.077203,-0.380579,0.100000,0.020000,1,0.434588
24.667444,21.009914,0.287733,66.097572,-41.303658,-149.080994,1861.150757,-1731.167358,-9510.235352,0.917041,-0.069051,0.392770,0.100000,0.020000,1,0.814644
24.452347,20.941351,-0.011633,536.535400,-292.131500,241.429626,30327.365234,-17820.960938,15188.035156,0.999857,-0.016877,0.000776,0.100000,0.020000,1,0.381472
26.441591,20.978466,-1.979219,338.260895,4.199760,-595.211304,24077.642578,3511.388184,-20652.240234,0.996195,-0.008026,-0.086780,0.100000,0.020000,1,0.307322
25.035732,20.298481,-0.476883,-355.330078,232.045700,305.947693,-22795.265625,12536.840820,19164.226562,0.819209,-0.138680,-0.556475,0.100000,0.020000,1,0.949082
24.954462,21.498571,-0.817919,-36.315231,126.554108,-94.120575,-3951.382324,9783.158203,-12995.462891,0.888516,-0.073517,-0.452918,0.100000,0.020000,1,0.800907
25.383045,21.018185,-0.073468,115.248657,61.165833,-35.186600,7612.777832,4751.413086,-2894.332520,0.993876,-0.003161,0.110457,0.100000,0.020000,1,0.311574
25.162125,21.007143,0.150131,66.549400,-46.780983,-44.109352,3653.401855,-2157.031982,-2875.105713,0.976262,0.001524,0.216590,0.100000,0.020000,1,0.272213
24.775408,21.042643,-0.212782,-74.710907,-319.931702,-297.318176,-6905.418945,-19242.630859,-19061.892578,0.983804,0.004464,-0.179192,0.100000,0.020000,1,0.640329
24.933926,20.961685,-0.542743,-81.268501,-545.854126,104.023453,-5310.263184,-33718.246094,6535.120117,0.688595,-0.266003,-0.674596,0.100000,0.020000,1,0.488612
26.172047,20.357296,2.430833,363.894043,-167.658356,546.453369,14189.391602,-3460.838379,19199.552734,0.685205,-0.257948,0.681144,0.100000,0.020000,1,0.169823
23.974953,21.009676,-2.577615,-223.458557,185.835144,-916.310486,-6325.366211,4830.010742,-28927.011719,0.953938,0.018237,0.299448,0.100000,0.020000,1,0.919774
25.296488,22.025671,0.724618,82.415009,295.839905,56.423180,6473.720703,23956.074219,4486.050781,0.721296,-0.278190,0.634305,0.100000,0.020000,1,0.070690
25.187735,20.973986,0.518286,-27.771770,67.348740,-69.268784,-1505.795898,4853.160156,-4143.311523,0.804402,-0.108730,0.584051,0.100000,0.020000,1,0.265771
22.922159,21.667021,-0.613519,-661.629211,230.100479,-305.541443,-19634.128906,7483.194336,-8698.499023,0.866658,-0.044560,0.496908,0.100000,0.020000,1,0.390333
24.144569,21.636997,0.223165,-311.760437,144.818939,69.250183,-24437.244141,12383.018555,6488.073242,0.933281,0.038018,-0.357130,0.100000,0.020000,1,0.311895
25.267380,21.029707,-0.162880,140.493225,118.014816,211.255814,8723.752930,8201.257812,13570.397461,0.960199,0.040662,-0.276341,0.100000,0.020000,1,0.582835
24.869320,21.446951,0.165667,-103.078613,88.764496,70.855858,-8516.882812,8007.381348,5442.302246,0.991612,0.098504,-0.083682,0.100000,0.020000,1,0.223492
25.850225,21.294432,-0.357294,113.316742,37.456268,-68.530045,9229.133789,4133.075684,-5881.648438,0.994777,0.100291,0.018958,0.100000,0.020000,1,0.394497
25.260681,21.064760,0.063627,32.866825,-28.071983,20.537823,1701.566162,-979.642029,1189.272217,0.988437,0.101696,0.112470,0.100000,0.020000,1,0.252728
25.179060,21.041088,0.267958,47.467964,-78.119476,-34.674294,2673.353516,-3989.725830,-2190.350586,0.940704,-0.026861,0.338165,0.100000,0.020000,1,0.073003
25.261221,21.107967,0.344082,-43.489830,-41.405869,-50.057373,-2824.986328,-1650.608521,-3024.622070,0.918133,0.051867,0.392864,0.100000,0.020000,1,0.872085
24.660942,20.654600,-0.536631,154.784592,-79.831894,-46.082428,8119.158203,-5785.119141,-2949.666992,0.730534,-0.159950,-0.663880,0.100000,0.020000,1,0.534949
25.442362,20.946478,-0.646740,-129.948486,-163.683594,-105.557709,-6592.109375,-12398.809570,-8748.127930,0.976345,0.134671,-0.169159,0.100000,0.020000,1,0.138238
25.098356,21.178928,0.181958,-2.215122,11.075603,-66.305237,-1219.392212,1808.394409,-4130.217773,0.966378,0.144474,0.212697,0.100000,0.020000,1,0.997145
25.168356,20.921509,-0.408368,4.655863,94.638283,-60.699081,209.014969,6135.756348,-3659.283203,0.823991,-0.011725,-0.566482,0.100000,0.020000,1,0.258529
25.691698,21.314331,-1.124439,157.390137,80.363358,-158.370392,11735.322266,6796.213379,-13137.400391,0.880648,0.061186,-0.469803,0.100000,0.020000,1,0.090922
25.093449,20.704182,0.242435,7.084160,-40.287567,-11.050285,720.016113,-1808.526733,-2049.015137,0.876277,0.068931,0.476851,0.100000,0.020000,1,0.846603
25.191380,21.325327,0.655224,49.943741,298.135864,207.747040,3452.354492,6753.729004,-9468.961914,0.939929,0.143597,0.309699,0.100000,0.020000,1,0.417684
25.271885,21.194101,-0.140417,49.780640,-44.931095,-76.820648,2813.356934,-1728.591309,-4521.892578,0.948661,0.155253,-0.275570,0.100000,0.020000,1,0.147064
24.872686,21.055147,0.432857,-10.283424,2.405952,-13.736954,-1384.055908,1022.245667,-1328.519043,0.712904,-0.152005,0.684589,0.100000,0.020000,1,0.919739
24.918087,20.748676,0.472885,-64.504181,-96.174713,3.391048,-2136.145508,-2824.175293,32.963295,0.804901,-0.011185,0.593304,0.100000,0.020000,1,0.733145
25.502096,21.842913,-0.169540,105.799042,158.173004,24.190079,7390.718750,13753.101562,2006.561035,0.921037,0.152732,-0.358278,0.100000,0.020000,1,0.962179
25.426640,21.190615,-1.650538,-11.778259,-22.860611,-539.334106,8708.917969,4716.994141,-15783.529297,0.965098,0.233357,0.118867,0.100000,0.020000,1,0.559399
23.668821,22.538376,0.692667,-381.399048,413.524841,50.874603,-30046.873047,33048.625000,3892.721436,0.739747,-0.086155,0.667347,0.100000,0.020000,1,0.907781
25.307112,21.147923,0.308373,-23.849628,-22.447569,1.215267,-1593.528931,-659.183411,31.025661,0.898516,0.175428,0.402360,0.100000,0.020000,1,0.500161
25.938366,21.391491,1.914141,188.918701,50.455414,454.037476,24727.005859,11746.746094,8058.795898,0.945698,0.249422,0.208431,0.100000,0.020000,1,0.492278
24.964022,21.048069,-0.030940,-4.478180,27.298187,23.669930,-2098.893799,1953.593750,1997.660278,0.948160,0.254110,-0.190842,0.100000,0.020000,1,0.888154
24.866835,21.386013,-0.413110,-146.660461,159.132538,197.333588,-10834.381836,11873.212891,12555.149414,0.829451,0.094603,-0.550510,0.100000,0.020000,1,0.584632
25.469721,21.238216,0.038560,-66.344116,-153.084045,-18.375492,-3962.499268,-8653.285156,-1088.606567,0.962288,0.270679,0.027099,0.100000,0.020000,1,0.299563
25.440468,21.090668,-0.068687,-688.148438,17.414463,-373.659637,-43225.406250,1434.291382,-22985.912109,0.926452,0.264918,-0.267405,0.100000,0.020000,1,0.791796
25.400490,20.638649,0.376557,112.568787,-27.308807,-9.378063,7518.606934,-3193.655518,-635.452087,0.854523,0.178929,0.487622,0.100000,0.020000,1,0.408056
25.537025,20.967215,0.449093,206.094360,19.362925,16.473179,13626.090820,958.581848,1924.325562,0.910968,0.283942,0.299189,0.100000,0.020000,1,0.455693
25.196815,21.123987,-0.593310,-38.558258,-29.599335,36.286415,-2306.849854,-1080.508057,1954.921143,0.762575,0.023551,-0.646471,0.100000,0.020000,1,0.475249
24.561014,22.153816,-0.885090,-214.476944,307.787140,-130.378998,-6847.197266,10006.490234,-3421.968750,0.862151,0.207135,-0.462375,0.100000,0.020000,1,0.422577
25.393301,21.315462,0.615673,1.119104,-110.322144,-125.384552,202.966003,-5801.374023,-6648.753906,0.878432,0.270136,0.394187,0.100000,0.020000,1,0.507635
24.553808,21.532091,-0.076513,-161.054382,41.913177,-13.585449,-13884.314453,4536.673340,-1251.072754,0.927511,0.373133,0.022255,0.100000,0.020000,1,0.930416
25.691410,22.404732,-1.232264,139.870667,474.006012,-336.461151,3383.999512,14302.987305,-10054.368164,0.948650,0.305025,-0.083801,0.100000,0.020000,1,0.061935
25.690287,21.430477,0.310331,68.085953,110.791565,121.389297,5398.462402,8420.307617,8247.283203,0.903957,0.369863,0.214622,0.100000,0.020000,1,0.934668
24.635509,21.491341,0.935367,-222.395233,50.163944,232.163605,-5342.532715,849.880005,13888.252930,0.916202,0.384903,0.111460,0.100000,0.020000,1,0.300987
25.246859,21.264954,-0.048174,198.476959,-572.519287,-127.943451,11698.370117,-35418.015625,-8052.232422,0.919413,0.387398,-0.067836,0.100000,0.020000,1,0.429677
25.681034,21.479874,0.585792,155.974899,111.729523,38.279266,8678.839844,5255.173828,3080.893066,0.793100,0.130589,0.594927,0.100000,0.020000,1,0.203295
25.278561,21.171169,-0.033353,-125.301117,-184.990356,69.492737,-8323.966797,-11252.090820,5505.856445,0.870247,0.313990,-0.379579,0.100000,0.020000,1,0.257746
25.021149,21.367052,-0.641354,-46.378281,37.639664,-38.798042,-4021.098389,3753.238525,-3270.428955,0.800787,0.211208,-0.560474,0.100000,0.020000,1,0.450835
25.412020,21.296774,-0.477467,-252.808014,-138.689514,194.570679,-15701.152344,-7885.017090,11823.366211,0.829112,0.312587,-0.463533,0.100000,0.020000,1,0.601857
25.656816,22.728695,1.008364,122.588531,386.855530,398.856110,-622.138672,21116.593750,6888.571289,0.876261,0.396770,-0.273386,0.100000,0.020000,1,0.381009
25.018177,21.000732,-0.625051,-46.067680,-22.960758,13.172750,-2925.722656,-927.460510,648.904358,0.665483,-0.143019,-0.732583,0.100000,0.020000,1,0.995348
25.425072,21.139460,-0.781443,68.847534,-15.129670,-53.073456,5238.856934,-400.593079,-4476.087402,0.753346,0.127438,-0.645159,0.100000,0.020000,1,0.626769
26.254206,21.625494,-1.560024,288.105225,123.634583,-609.027039,11740.743164,3313.522949,-18978.306641,0.783899,0.220326,0.580482,0.100000,0.020000,1,0.939331
25.876951,20.920324,-0.318497,210.207825,-120.419830,-210.771240,15525.553711,-8329.618164,-16284.250977,0.811057,0.308012,0.497309,0.100000,0.020000,1,0.745263
24.193502,21.527803,0.139256,-265.070801,47.365768,110.432159,-21773.531250,4630.265137,8763.152344,0.842892,0.395304,-0.365058,0.100000,0.020000,1,0.292979
25.485630,21.378958,0.392084,36.705940,-0.301334,11.722340,2699.214844,991.360229,1105.035156,0.835630,0.392792,0.383974,0.100000,0.020000,1,0.853169
24.298100,22.877941,-0.968454,-289.683319,355.096252,-315.374725,-8578.784180,21611.744141,-12994.512695,0.856971,0.411079,0.310828,0.100000,0.020000,1,0.163969
24.336815,22.239861,-0.242351,-164.203918,93.375900,-132.483307,-14988.071289,10516.105469,-8776.560547,0.886431,0.426207,-0.180518,0.100000,0.020000,1,0.297232
25.204718,21.257538,-1.183461,-28.652922,-70.038048,-337.122131,-989.459595,1874.953125,-15037.140625,0.862051,0.475786,-0.174630,0.100000,0.020000,1,0.928084
25.263269,21.551208,0.022962,-28.415201,69.409912,26.578903,-877.837952,2787.985352,1701.900757,0.866555,0.486940,0.109417,0.100000,0.020000,1,0.624314
25.273523,20.977268,-0.175443,-25.513580,28.969465,71.752563,-2411.973145,954.337769,3719.809814,0.868783,0.494662,0.022946,0.100000,0.020000,1,0.383909
25.250317,20.787106,-0.745024,22.553795,-128.188263,-3.986198,2076.833740,-8540.082031,-1082.503540,0.721967,-0.071066,-0.688269,0.100000,0.020000,1,0.007875
25.160152,20.910467,0.103072,-9.381081,36.284576,-203.774567,-1865.968140,1062.170288,-12158.836914,0.855032,0.512008,-0.082270,0.100000,0.020000,1,0.885947
24.533255,20.746061,1.139532,-595.776123,399.295654,-103.572632,-40168.605469,24283.263672,-4073.964844,0.719819,0.039036,0.693063,0.100000,0.020000,1,0.228332
24.720112,21.616474,0.182755,-135.713013,45.688614,14.556751,-11617.595703,4605.071289,998.526306,0.840367,0.501238,0.206261,0.100000,0.020000,1,0.019869
25.482676,21.912788,-0.016024,-126.421021,128.857727,91.244614,-7788.498047,3755.393555,7552.993164,0.820006,0.495568,0.286361,0.100000,0.020000,1,0.761509
25.116348,21.221819,-0.373373,98.133316,50.301559,-110.436630,5410.354004,3606.273438,-6634.384766,0.760701,0.306934,-0.571949,0.100000,0.020000,1,0.671754
25.367365,21.446135,-0.416640,-229.900940,-257.876099,33.958977,-14520.010742,-15134.375977,1946.682617,0.784700,0.409154,-0.465660,0.100000,0.020000,1,0.783913
25.218521,21.507809,0.014027,3.770327,-190.295868,256.415222,-685.485962,-10830.922852,17141.265625,0.814280,0.513520,-0.270640,0.100000,0.020000,1,0.230556
25.303444,21.350504,0.274810,-91.394089,21.908653,162.763580,-5986.236328,2064.762695,9758.269531,0.759959,0.413190,0.501732,0.100000,0.020000,1,0.786048
25.193928,21.014883,0.953780,-45.609421,-94.990692,207.629272,-3350.468506,-6607.904785,16325.247070,0.791156,0.599365,0.121792,0.100000,0.020000,1,0.216303
25.206329,21.422279,-0.492625,-344.947083,-430.769409,-309.081696,-21916.386719,-25762.367188,-19412.720703,0.726858,0.221942,-0.649938,0.100000,0.020000,1,0.407220
26.131016,21.626575,0.212038,262.949158,107.169571,15.230980,20096.578125,8794.992188,-136.923279,0.734092,0.321022,0.598377,0.100000,0.020000,1,0.556303
24.467690,21.860056,-1.939683,-234.722549,65.124306,-535.005432,-13684.466797,3789.384766,-14826.073242,0.775053,0.604082,-0.185415,0.100000,0.020000,1,0.237531
25.348871,20.953489,-0.724186,41.287399,-86.771088,-211.109741,2156.678467,-6941.819824,-17012.111328,0.771937,0.603706,0.199130,0.100000,0.020000,1,0.880520
25.319719,21.742577,-0.621821,-4.225227,75.306473,-166.335327,-2219.634766,7571.995605,-10439.772461,0.778004,0.623765,-0.075009,0.100000,0.020000,1,0.890645
25.115141,21.191275,0.567329,12.882536,18.783916,-23.022366,524.724060,1840.258789,-1389.217529,0.705722,0.134477,0.695609,0.100000,0.020000,1,0.305204
25.126009,21.307390,-0.494486,-0.634121,-16.708178,-29.389294,-914.791809,-617.356323,-2110.083984,0.728590,0.413290,-0.546212,0.100000,0.020000,1,0.834378
25.329248,21.495529,0.317897,-4.102083,-153.371063,-40.319321,-574.293518,-8714.274414,-2542.103516,0.750840,0.525799,0.399717,0.100000,0.020000,1,0.190376
25.189114,21.616043,0.273860,200.805420,-109.751221,-32.877758,11649.156250,-5651.461426,-1934.315308,0.745448,0.593924,0.302592,0.100000,0.020000,1,0.946341
25.104893,21.287352,-0.030711,-11.098686,-184.112122,34.497955,-2235.970215,-11741.974609,2015.475708,0.778422,0.627659,0.010169,0.100000,0.020000,1,0.136601
24.504446,21.278751,-0.596009,-219.225357,-25.997734,-327.746582,-4855.011230,-3136.666992,-15861.208984,0.695090,0.229608,0.681271,0.100000,0.020000,1,0.301574
25.355402,22.316156,0.417989,101.604568,278.271179,78.510345,6201.335938,19160.460938,12600.955078,0.735728,0.618683,-0.275566,0.100000,0.020000,1,0.299101
23.600109,21.902685,0.285555,-491.634155,104.274445,-64.312119,-10698.906250,5671.317383,327.045410,0.696156,0.427610,0.576642,0.100000,0.020000,1,0.555449
24.520027,21.159431,0.494345,-28.637314,75.681122,26.254288,-5330.919922,4269.377441,2056.813477,0.697395,0.511082,0.502429,0.100000,0.020000,1,0.239542
25.160444,21.533550,-0.221025,176.148071,-140.865982,-189.585175,10084.657227,-7848.351074,-11589.835938,0.739183,0.547547,-0.392173,0.100000,0.020000,1,0.034567
25.370293,21.608057,-0.130772,14.090867,-194.239319,244.364136,536.277222,-11374.265625,15429.626953,0.701425,0.693059,-0.166350,0.100000,0.020000,1,0.020759
25.434633,21.652317,-0.336240,16.346077,12.439949,-39.524948,2092.324219,1068.894043,-4501.604980,0.702027,0.708787,-0.069125,0.100000,0.020000,1,0.801263
25.418854,21.190029,-0.211499,105.494110,-134.115936,-16.359909,6467.669922,-9373.280273,-1943.137695,0.702628,0.711512,0.008034,0.100000,0.020000,1,0.595647
25.261826,20.952257,-0.719931,-40.393570,-145.185471,-219.078918,-3145.147949,-10868.255859,-18143.537109,0.678663,0.619835,0.393982,0.100000,0.020000,1,0.638318
26.351278,21.115213,0.963021,322.014099,-173.183014,261.185333,9669.578125,-4083.430908,8166.704590,0.697470,0.708627,0.106692,0.100000,0.020000,1,0.079729
25.231253,21.802029,-0.079490,189.814240,173.730560,-617.932617,11166.575195,12576.686523,-40323.277344,0.657807,0.691926,0.297538,0.100000,0.020000,1,0.712913
25.534418,21.489666,-0.910807,78.385605,-27.783173,-281.349823,1450.727905,-509.377106,-10575.009766,0.661592,0.700519,-0.267526,0.100000,0.020000,1,0.475605
25.367859,21.687487,0.086179,-101.924530,-92.063217,77.608093,-6752.738281,-4745.568359,4599.215820,0.663652,0.721114,0.198896,0.100000,0.020000,1,0.605451
25.134615,21.348106,-0.594024,13.183561,-16.157579,31.743301,313.915833,-295.840759,1715.959961,0.673973,0.328333,-0.661785,0.100000,0.020000,1,0.148808
25.348160,21.449364,-1.351431,52.155708,-50.300507,-262.169098,2623.099365,3828.309082,-9643.900391,0.651183,0.515963,-0.556545,0.100000,0.020000,1,0.877939
25.011953,21.640705,-0.431856,-65.715240,-258.604156,-234.319244,-5811.578613,-15191.307617,-15353.938477,0.676951,0.633772,-0.374260,0.100000,0.020000,1,0.219399
24.977327,21.326859,-0.528562,122.633102,-223.516907,41.263134,6068.886230,-14292.647461,1925.343872,0.643983,0.610366,-0.461238,0.100000,0.020000,1,0.721436
25.139769,21.323240,0.609115,7.496758,-8.765854,10.104502,50.391521,21.949558,901.551758,0.648516,0.325654,0.688023,0.100000,0.020000,1,0.206640
25.125999,21.413727,-0.428761,319.090210,64.569160,-85.581100,19482.353516,4753.554688,-5069.399414,0.641178,0.422575,-0.640563,0.100000,0.020000,1,0.751901
25.559059,22.010300,0.593639,119.557556,155.847046,34.869007,8529.279297,12751.802734,2766.024658,0.634835,0.513118,0.577663,0.100000,0.020000,1,0.878776
25.268734,21.651524,0.088506,136.807846,159.498199,113.267273,7918.078613,10688.448242,7169.104492,0.607065,0.787602,0.105620,0.100000,0.020000,1,0.699478
25.541292,21.775879,-0.016034,85.084671,-8.946770,29.765284,2309.576416,3620.795410,-643.198853,0.605788,0.792398,-0.071596,0.100000,0.020000,1,0.994423
25.325312,21.666567,-0.121308,-1.875011,-28.089481,52.285858,-612.684570,-1111.892212,2787.985352,0.606189,0.795319,0.001628,0.100000,0.020000,1,0.165428
25.364946,21.254154,0.139810,46.921982,-36.365334,-82.069885,3383.210205,-2238.215576,-6808.879395,0.630184,0.397040,0.667253,0.100000,0.020000,1,0.809733
25.401489,21.652056,0.662449,35.686653,-9.054152,57.984680,2313.947021,242.164474,5101.297852,0.588487,0.702532,0.400165,0.100000,0.020000,1,0.210875
25.061646,22.190540,0.135816,-24.978516,130.216919,5.321098,-4218.725098,4406.451660,-2459.491699,0.578773,0.787459,0.211965,0.100000,0.020000,1,0.358143
24.727360,21.166449,0.202924,-170.660065,-79.195885,130.395813,-11622.170898,1129.093750,10967.216797,0.568656,0.689139,-0.449130,0.100000,0.020000,1,0.726134
25.493784,21.984472,-0.029000,100.946541,61.794075,85.282066,-30.365234,3408.599121,-1891.207764,0.553662,0.788360,-0.268229,0.100000,0.020000,1,0.538598
25.224630,21.553009,-0.546699,-554.149292,-192.292862,-15.012852,-35383.250000,-11465.333008,-1344.061523,0.573095,0.589398,-0.569361,0.100000,0.020000,1,0.871533
25.978031,22.276842,-0.134585,257.206024,204.643738,12.129788,7281.333496,6455.187988,-110.599365,0.569579,0.722900,-0.391147,0.100000,0.020000,1,0.229648
25.757982,21.330906,-0.727346,132.886322,-96.459549,-171.562958,9800.604492,-6972.541992,-13280.663086,0.557347,0.811123,-0.177322,0.100000,0.020000,1,0.449269
24.955507,23.315304,-0.954685,-42.528896,465.632111,-261.788025,-1086.901611,13689.737305,-5091.962891,0.515589,0.764411,0.387096,0.100000,0.020000,1,0.667145
25.028608,20.719091,-0.124247,-124.251465,190.125580,-45.342873,-9278.293945,8561.389648,-2145.873779,0.510478,0.775006,-0.372528,0.100000,0.020000,1,0.974012
25.760832,20.915958,1.481048,154.459793,-219.619324,488.147705,5956.011719,-14088.567383,10866.416992,0.498252,0.862308,-0.090387,0.100000,0.020000,1,0.591963
25.448107,22.077829,-0.211896,54.693672,49.760254,-63.445526,3646.157715,5083.305176,-5247.850586,0.486524,0.866986,0.107837,0.100000,0.020000,1,0.313674
25.275476,21.365696,0.170794,-62.778351,28.364979,97.877197,-4507.442383,747.198486,6882.243164,0.488861,0.872357,0.002889,0.100000,0.020000,1,0.951431
25.190765,21.502548,-0.664952,-136.412735,23.948402,187.971893,-8953.669922,2206.092773,11261.970703,0.566984,0.498059,-0.656099,0.100000,0.020000,1,0.947836
25.187557,21.590889,0.464917,0.764606,-17.715485,-1.534363,-465.035767,-374.906464,-86.077438,0.546469,0.601622,0.582600,0.100000,0.020000,1,0.362805
25.223133,21.782454,0.210845,-276.957886,126.160980,-7.363485,-18166.390625,8683.507812,-305.988373,0.474156,0.853076,0.217804,0.100000,0.020000,1,0.670366
25.798725,22.522318,-0.150624,123.784607,213.528748,-21.753229,15161.958008,6303.250977,627.510254,0.469282,0.867771,-0.163549,0.100000,0.020000,1,0.620221
24.819826,21.432678,0.316473,154.459641,-107.205688,175.730957,7563.715332,-6709.779785,10687.578125,0.573991,0.631884,0.520823,0.100000,0.020000,1,0.144608
25.190331,21.858994,-0.423117,-35.194405,349.737183,-0.206745,-2745.086914,23700.310547,44.529057,0.508756,0.661873,-0.550538,0.100000,0.020000,1,0.909542
25.111435,21.861425,-0.509129,15.834742,-172.634460,59.418053,61.120365,-9579.637695,3149.486572,0.471852,0.751967,-0.460327,0.100000,0.020000,1,0.608992
25.195978,21.832090,-0.216901,-14.448372,-110.106796,-52.046822,-1619.061646,-6083.299805,-3250.965820,0.441802,0.851088,-0.283653,0.100000,0.020000,1,0.964332
25.144112,21.517653,-0.353350,134.528534,-60.840195,-194.114899,7645.357422,-3063.786377,-11957.632812,0.642949,0.548832,-0.534229,0.100000,0.020000,1,0.107240
25.234653,21.699175,0.464061,-60.291840,-47.167610,-73.279617,-4208.040527,-2118.916748,-4372.635742,0.506188,0.696541,0.508531,0.100000,0.020000,1,0.149306
25.292812,21.575735,0.470595,23.516617,-60.435745,51.896332,1228.841064,-4081.808350,4253.987305,0.419558,0.857411,0.298022,0.100000,0.020000,1,0.921874
25.253057,21.401722,0.675188,-271.860321,175.147552,-99.796860,-17162.125000,11336.242188,-5741.899902,0.549328,0.481758,0.682750,0.100000,0.020000,1,0.146940
25.024324,20.912275,0.041071,66.495102,2.388748,94.199127,3171.175049,-1924.127441,8263.174805,0.509724,0.567085,-0.646990,0.100000,0.020000,1,0.545377
25.252338,21.881033,0.526763,29.581284,37.489594,22.049286,1712.410034,4048.130859,1631.863525,0.476642,0.650446,0.591382,0.100000,0.020000,1,0.782987
26.089424,21.725889,-0.126385,321.992432,-28.424149,-49.612518,3516.703125,158.429199,11843.293945,0.371358,0.924949,-0.081013,0.100000,0.020000,1,0.893082
24.926365,22.154997,0.398417,-38.921875,44.410095,62.566101,-4234.793457,4664.641113,5255.017578,0.365068,0.924660,0.108302,0.100000,0.020000,1,0.501282
25.353901,21.737907,-0.761140,-21.122940,46.613457,-159.114655,-4552.423828,226.912170,-3443.458252,0.393471,0.843775,-0.364999,0.100000,0.020000,1,0.325098
25.172947,21.368158,0.676562,36.137905,-134.596832,95.220856,1690.533325,-9652.863281,7492.729492,0.376426,0.832958,0.405568,0.100000,0.020000,1,0.871409
25.161737,22.027712,-0.144776,88.396225,57.230110,-82.653076,4887.541016,4983.605469,-4914.573730,0.348434,0.896494,-0.273665,0.100000,0.020000,1,0.431705
25.419661,21.477146,0.649457,97.548882,-145.512222,268.485168,4226.849121,-4624.323242,5968.889160,0.343819,0.921794,-0.179120,0.100000,0.020000,1,0.414552
25.243143,23.832273,-0.988381,63.892849,643.282837,-405.118835,-479.594482,23331.917969,-14812.247070,0.415953,0.752186,0.511077,0.100000,0.020000,1,0.079356
25.210556,21.702015,0.313856,276.525696,-88.168320,-205.008636,16973.542969,-5670.919922,-12314.147461,0.325992,0.922502,0.206686,0.100000,0.020000,1,0.553224
25.053877,22.111174,0.132651,-76.532013,-549.068787,64.877396,-5859.766602,-33056.085938,3640.433350,0.300375,0.903992,0.304258,0.100000,0.020000,1,0.228545
24.963022,21.545284,-0.667536,20.158833,-39.534943,114.090378,76.217873,-2273.722412,6550.847168,0.426945,0.633810,-0.644983,0.100000,0.020000,1,0.129038
25.307234,21.630091,-0.300611,52.660194,424.855103,309.358002,3416.401855,26464.558594,19507.339844,0.295693,0.879493,-0.372905,0.100000,0.020000,1,0.041702
24.878298,22.616243,-0.784813,70.450447,249.318359,-283.754028,2572.871338,19328.759766,-21202.302734,0.304968,0.952356,0.003575,0.100000,0.020000,1,0.139039
24.876513,21.075773,0.102383,101.096924,13.475914,181.425690,4639.984375,-2181.013916,11827.948242,0.238652,0.970980,0.015568,0.100000,0.020000,1,0.298887
24.632069,21.523083,0.034722,-99.892273,75.228271,-44.881516,-9055.804688,3595.947021,-3011.927246,0.237513,0.966456,0.097721,0.100000,0.020000,1,0.248422
24.971827,21.528139,-0.856649,15.580255,23.570297,-6.853104,-351.012573,349.560883,-3771.023438,0.237173,0.968736,-0.072802,0.100000,0.020000,1,0.230289
25.232052,21.761915,0.385534,18.035442,2.456734,12.892910,1000.240417,580.157532,793.912720,0.316678,0.811068,0.491817,0.100000,0.020000,1,0.233652
25.017950,22.145624,1.019225,3.751232,45.512665,173.344086,-808.041382,4620.627930,13898.240234,0.269147,0.879357,0.392799,0.100000,0.020000,1,0.468949
24.999792,22.104582,0.472711,6.794153,18.537704,64.763702,-702.709167,2445.645752,5352.530762,0.217768,0.952173,0.214344,0.100000,0.020000,1,0.317020
25.073183,22.005064,0.304239,8.294765,100.390564,-60.324158,-137.964874,8477.069336,-4753.434082,0.408930,0.621142,0.668550,0.100000,0.020000,1,0.175766
25.796211,21.705700,-2.588256,275.489166,-98.206146,-618.157776,5435.920898,12078.865234,-21962.757812,0.367606,0.730529,-0.575494,0.100000,0.020000,1,0.249525
25.093849,21.657108,0.058475,-287.902588,-211.912506,-488.618896,-18845.224609,-13944.125000,-31561.898438,0.206972,0.934139,0.290768,0.100000,0.020000,1,0.950701
25.272186,21.993265,1.305005,66.456306,12.394638,256.924530,4356.258789,1948.335205,20069.109375,0.245083,0.840637,0.482974,0.100000,0.020000,1,0.964136
25.296438,21.399364,-0.308017,108.479019,-50.259415,-5.747576,7075.993164,-4896.502930,-720.742065,0.179928,0.942928,-0.280201,0.100000,0.020000,1,0.322892
25.288033,21.840929,0.385910,80.746185,142.050995,53.381500,5187.238770,11393.078125,-335.388672,0.132036,0.986150,0.100369,0.100000,0.020000,1,0.862618
24.118959,21.771730,0.020256,-335.127991,-4.510139,7.385277,-13723.275391,3011.544922,257.249786,0.129961,0.991412,0.014519,0.100000,0.020000,1,0.455959
25.218433,21.608622,0.578065,-357.614258,-24.634457,-173.246796,-22625.976562,-807.182922,-10817.431641,0.455950,0.558650,0.692835,0.100000,0.020000,1,0.304012
25.276255,21.562704,0.239954,-172.839203,-70.439026,152.468750,-10663.611328,-4801.226562,8692.837891,0.279038,0.762950,0.583133,0.100000,0.020000,1,0.446297
25.124170,21.901255,-0.325936,21.927954,101.812256,-112.086075,945.275757,7171.929199,-6847.870605,0.234329,0.845852,-0.479192,0.100000,0.020000,1,0.266750
25.032167,21.942570,-0.409500,116.779709,104.878860,351.037628,6594.544434,7205.963867,21662.996094,0.163780,0.915759,-0.366827,0.100000,0.020000,1,0.390013
25.059052,21.340572,-1.237614,112.680862,-134.791519,-151.697449,6886.116211,-5853.958984,-3863.418945,0.501448,0.460287,-0.732588,0.100000,0.020000,1,0.696328
23.730236,20.963451,2.688649,-187.712509,202.903519,710.604614,-20113.513672,-4210.298828,27373.232422,0.324418,0.691701,-0.645215,0.100000,0.020000,1,0.275007
25.125227,21.737427,0.316005,-2.098087,94.037125,30.490688,-1006.054626,6320.354492,2079.013428,0.395876,0.848311,0.351639,0.100000,0.020000,1,0.027912
25.237768,22.903103,-0.083352,63.817101,219.647522,5.169955,4159.769531,18103.277344,279.496277,0.087492,0.992008,-0.090910,0.100000,0.020000,1,0.124251
25.470825,22.693056,0.087508,142.624222,238.363434,46.548737,10144.830078,18435.373047,3925.195312,0.083940,0.978700,-0.187350,0.100000,0.020000,1,0.277124
24.880045,22.003265,0.311394,248.009415,-96.847672,-437.821777,14343.152344,-5598.857910,-27030.574219,0.081644,0.974299,0.209943,0.100000,0.020000,1,0.213758
25.087906,21.716494,0.588172,5.071368,20.325966,-110.435760,-140.201187,1863.656250,-6714.277344,0.312583,0.679442,0.663815,0.100000,0.020000,1,0.972873
24.729071,21.770210,-0.130812,-53.108307,-22.315731,39.375542,-5382.662109,-976.806580,3822.710205,0.262260,0.780064,-0.568085,0.100000,0.020000,1,0.118504
25.307516,22.664789,0.149971,97.409210,139.669739,-26.273766,6685.990723,12126.734375,-1979.091553,0.072662,0.955568,0.285676,0.100000,0.020000,1,0.581553
24.985891,21.987423,0.120081,37.665730,78.472092,85.771111,1142.231689,1764.202148,3766.358154,0.065155,0.962365,-0.263834,0.100000,0.020000,1,0.648995
25.030138,21.857687,0.666106,33.701530,-596.111694,-505.441650,1318.688232,-36502.191406,-31186.351562,0.329532,0.709411,0.623013,0.100000,0.020000,1,0.012235
25.209242,21.574587,-0.458805,-195.428528,-88.745300,35.563835,-12482.794922,-6062.170898,1987.897339,0.277919,0.819808,-0.500676,0.100000,0.020000,1,0.065262
24.891233,21.897160,0.468421,7.692919,-94.198807,-66.567245,-691.917786,-5195.362793,-4146.071289,0.182995,0.798529,0.573466,0.100000,0.020000,1,0.780728
24.772394,21.536432,-0.233049,-58.254704,-91.004501,56.108723,-2390.187012,-2222.395508,1888.654175,0.180848,0.805877,-0.563787,0.100000,0.020000,1,0.616413
23.637163,21.196760,0.210573,-305.213379,-247.314453,-20.173767,-20483.568359,-3071.961426,-6521.811523,0.124213,0.864747,0.486604,0.100000,0.020000,1,0.603316
25.056141,22.112833,-0.497298,35.949627,-77.559196,95.516678,1793.423828,-3566.251953,5521.361328,0.122200,0.872246,-0.473554,0.100000,0.020000,1,0.897602
25.127068,22.394535,-0.238141,17.491442,124.464355,17.304337,763.848145,10145.505859,1142.383179,0.052538,0.935214,-0.350164,0.100000,0.020000,1,0.982002
24.359911,21.547230,0.219833,812.813354,-536.672607,-103.673782,47998.417969,-35491.722656,-5943.012207,-0.000651,0.995400,0.095803,0.100000,0.020000,1,0.728821
24.666555,21.349461,0.435785,37.583366,33.169903,86.299362,354.220581,-363.287598,7508.691406,-0.004914,0.997360,-0.072458,0.100000,0.020000,1,0.840855
24.620911,22.607105,0.173960,1.016525,133.498505,25.321068,-2142.470215,11212.894531,2274.794922,-0.007628,0.999855,0.015215,0.100000,0.020000,1,0.809822
25.404732,20.913301,0.287312,152.592499,-336.575806,-18.901802,4776.794922,-9360.666016,-308.575195,0.048418,0.921777,0.384684,0.100000,0.020000,1,0.528312
23.602581,21.703909,-0.035915,-409.696716,-101.756470,13.251633,-10528.343750,-4028.827148,-5742.668945,-0.021412,0.978274,0.206206,0.100000,0.020000,1,0.542637
25.028952,21.903387,-0.124074,-417.768921,107.265518,-230.034882,-27146.992188,6946.737305,-14352.731445,0.116580,0.971418,-0.206777,0.100000,0.020000,1,0.103396
24.947294,22.267021,-0.379932,-26.608177,-15.960957,26.790171,-2372.550293,392.323822,966.174255,-0.036685,0.964860,-0.260190,0.100000,0.020000,1,0.831051
24.994003,21.915689,-0.084356,-123.015198,92.820999,13.724411,-8270.725586,5723.506348,1118.779053,-0.046797,0.982104,-0.182431,0.100000,0.020000,1,0.619883
25.749308,22.559013,0.403284,260.531097,155.496826,-27.935287,19155.578125,12435.376953,-1043.322632,-0.048910,0.955447,0.291083,0.100000,0.020000,1,0.362004
26.280703,21.505857,-0.930888,481.109314,87.141609,-101.779770,19782.175781,-2524.532227,-8761.369141,0.373329,0.574531,-0.728382,0.100000,0.020000,1,0.196159
24.147850,21.601065,0.279428,-188.559357,-155.090591,55.577240,-4857.413574,-6767.625488,4965.215820,0.223897,0.702067,0.675997,0.100000,0.020000,1,0.138274
25.206308,21.977390,-0.538719,-131.352158,-124.672173,526.823242,-7931.082520,-7025.515625,32897.347656,0.087597,0.815943,-0.571458,0.100000,0.020000,1,0.513151
24.790522,22.011267,0.300838,484.726013,-115.871384,-26.375500,29031.121094,-6547.763184,-1811.521240,0.092457,0.901250,0.423320,0.100000,0.020000,1,0.074818
24.819214,21.879305,-0.397769,-24.809204,19.051468,9.384039,-2710.254883,1259.435547,477.385803,-0.006739,0.884456,-0.466574,0.100000,0.020000,1,0.741597
23.925943,22.052071,-1.185365,-300.876892,37.936523,-279.714478,-20765.263672,11315.923828,-9100.971680,-0.067747,0.933034,-0.353353,0.100000,0.020000,1,0.607302
24.888966,22.134892,0.163453,201.941559,-126.477112,11.461475,12037.262695,-7390.700195,1029.746826,-0.135969,0.984177,0.113611,0.100000,0.020000,1,0.908101
24.847445,22.147537,-0.133495,637.092468,-214.235474,99.395218,39333.500000,-12888.490234,6010.814941,-0.138629,0.986347,-0.088888,0.100000,0.020000,1,0.734818
24.984858,21.605110,-0.081152,32.132080,41.186981,67.214218,1318.067505,2446.639404,6119.062988,0.221870,0.710237,-0.668084,0.100000,0.020000,1,0.230040
26.850502,20.963978,1.405265,606.873596,-250.956757,252.568848,21531.730469,-10519.287109,13766.664062,0.062367,0.809872,0.583282,0.100000,0.020000,1,0.951680
25.101471,22.412514,0.706274,107.245934,92.385315,99.685448,397.093994,5221.229980,4834.901367,-0.075400,0.911443,0.404458,0.100000,0.020000,1,0.862743
24.787224,22.233339,-0.039726,-215.010437,-449.840698,36.812477,-14637.799805,-27450.974609,2063.099609,-0.162985,0.986217,0.028501,0.100000,0.020000,1,0.568065
24.832544,22.179077,-0.209040,-29.400520,-73.013145,51.338516,-2709.769775,-3854.206299,2909.661865,-0.161563,0.973199,-0.163646,0.100000,0.020000,1,0.403110
24.994923,21.782736,0.380271,9.579638,112.615860,93.046997,98.720665,7495.080078,5245.041992,0.147363,0.728877,0.668597,0.100000,0.020000,1,0.863205
24.978830,21.770718,-0.462358,-16.773380,137.213120,-53.100342,-1633.103516,8892.145508,-3147.345215,0.128750,0.753896,-0.644255,0.100000,0.020000,1,0.384336
25.225422,22.235619,-0.531954,77.961555,93.280396,-159.901031,5782.003906,6863.186035,-12964.851562,-0.181579,0.963721,0.195631,0.100000,0.020000,1,0.259241
24.659710,21.682842,-1.053396,-59.356640,-74.519852,-146.422729,-1278.447144,-4562.240723,-13375.714844,-0.036704,0.839512,-0.542100,0.100000,0.020000,1,0.379354
24.786518,22.006224,-0.529395,5.263866,8.777679,14.739183,-1436.499756,1263.783813,654.136719,-0.100632,0.880715,-0.462833,0.100000,0.020000,1,0.923653
25.056910,21.839693,-0.338207,-129.094910,57.486740,-21.189610,-9761.256836,4173.539551,-1083.423340,-0.197082,0.944948,-0.261213,0.100000,0.020000,1,0.154378
25.160139,21.674765,-0.517878,-333.328064,469.378235,-77.571503,-21001.509766,30113.763672,-4645.564941,0.280542,0.625301,-0.728213,0.100000,0.020000,1,0.957179
25.388077,22.264763,0.200705,159.041840,193.169067,-78.182114,11430.214844,13839.086914,-5774.599609,-0.047934,0.861137,0.506109,0.100000,0.020000,1,0.458415
26.176420,19.806274,1.594832,534.453857,-231.255615,675.190857,12959.176758,-8592.461914,26389.357422,-0.121631,0.869794,0.478189,0.100000,0.020000,1,0.928565
25.046684,22.665634,0.162545,100.142502,141.824219,-30.582321,6576.409668,11753.242188,-2236.038086,-0.209675,0.931575,0.296993,0.100000,0.020000,1,0.934561
23.888174,21.571136,-1.193986,-204.606537,-165.024109,-351.908081,-17399.636719,-12396.446289,-27292.958984,-0.270719,0.962270,0.027339,0.100000,0.020000,1,0.725138
25.082090,22.248896,-0.144991,81.726364,20.977211,1.205540,5747.755859,2205.707520,86.781654,-0.285386,0.940205,-0.185928,0.100000,0.020000,1,0.809412
25.394651,20.911663,-1.143921,164.567932,-280.746979,-150.791321,11728.423828,-21214.238281,-13036.654297,0.040608,0.751327,-0.658679,0.100000,0.020000,1,0.117596
23.737682,22.602892,0.281943,-272.526367,179.549622,-69.031952,-22614.695312,14582.252930,-5166.446289,-0.035786,0.799758,0.599254,0.100000,0.020000,1,0.288887
21.255432,22.666302,-3.207453,-987.363281,127.518097,-944.663269,-38410.281250,9282.381836,-39390.941406,-0.304366,0.946417,0.107962,0.100000,0.020000,1,0.217548
24.777548,21.974781,-0.408597,-98.267487,165.617737,-0.035875,-7052.653320,10827.257812,137.745193,-0.131915,0.819903,-0.557097,0.100000,0.020000,1,0.533650
25.116970,23.541594,0.441953,261.020050,529.544983,-21.498745,13977.581055,29234.259766,1496.564331,-0.212614,0.854245,0.474406,0.100000,0.020000,1,0.559417
25.112940,22.695019,0.853226,137.502853,145.438995,150.570526,5732.278320,9633.940430,3787.612793,-0.303255,0.902993,0.304367,0.100000,0.020000,1,0.803540
24.484800,22.535042,0.259860,-14.687386,80.049026,20.831676,-2714.380615,7113.922852,1669.119263,-0.316479,0.922582,0.220645,0.100000,0.020000,1,0.333337
24.576004,21.874310,0.691794,-39.465973,68.460869,24.583817,-2181.698486,2075.579346,-583.592529,0.032482,0.729547,0.683159,0.100000,0.020000,1,0.751616
24.787680,22.158701,-0.557129,23.756697,11.013561,-29.638794,902.107300,1535.865967,-2655.545898,-0.235451,0.853197,-0.465422,0.100000,0.020000,1,0.407683
24.596918,22.177244,-0.021216,100.167221,24.460922,360.805969,5233.399902,1976.178101,22339.902344,-0.394544,0.912942,0.104265,0.100000,0.020000,1,0.540875
25.046911,22.661638,-0.127965,167.382599,134.936859,68.810822,4972.163086,3985.512207,4115.743652,-0.402999,0.914998,0.019265,0.100000,0.020000,1,0.998497
23.892117,20.869991,-1.604897,-86.449371,93.421204,-284.159821,-4999.446289,-8582.457031,-9960.509766,-0.070519,0.760434,-0.645574,0.100000,0.020000,1,0.319084
23.907194,20.861284,0.827058,43.886749,29.759853,45.852482,-8609.359375,-13189.075195,5325.517578,-0.319908,0.858189,0.401460,0.100000,0.020000,1,0.478861
24.759312,22.073380,-0.548275,318.162964,106.976250,452.617065,19608.691406,6998.726074,27510.386719,-0.335110,0.865839,-0.371516,0.100000,0.020000,1,0.960310
24.359426,23.104868,-1.149585,-38.695068,273.220001,-301.694733,-5423.210938,10535.257812,-9184.750977,-0.407679,0.894983,-0.181114,0.100000,0.020000,1,0.418057
24.581369,22.116770,-0.017382,-160.437241,-34.069534,17.394634,-11183.548828,-2003.044678,1270.170166,-0.423276,0.902987,-0.073831,0.100000,0.020000,1,0.675117
24.620340,21.851757,0.669560,-174.331879,72.381317,-160.323303,-12556.198242,4796.080566,-9539.926758,-0.055231,0.741307,0.668889,0.100000,0.020000,1,0.368588
26.037655,23.467957,2.504080,362.541016,410.542725,576.444214,27378.990234,32560.093750,44909.394531,-0.144632,0.797912,0.585166,0.100000,0.020000,1,0.293584
24.943460,21.947622,0.545072,-64.230034,-194.166168,-299.061584,-3923.671875,-12390.315430,-18026.019531,-0.270270,0.861300,0.430251,0.100000,0.020000,1,0.000383
24.605062,21.307858,-1.262489,108.286697,-33.002579,-227.185547,5638.228027,-4674.350098,-17784.347656,-0.251824,0.794693,-0.552311,0.100000,0.020000,1,0.183934
25.496449,21.940372,-0.693197,308.123474,-94.664246,-180.217896,-23468.578125,8573.894531,-3172.366211,-0.357459,0.890852,-0.280368,0.100000,0.020000,1,0.170179
24.562376,21.775579,-0.061017,217.315369,-180.082672,-99.848404,12507.611328,-12254.635742,-5045.036621,-0.335907,0.824118,-0.456065,0.100000,0.020000,1,0.282213
27.008867,22.354908,1.625555,737.535706,46.176727,378.107239,39736.289062,3648.117676,38674.074219,-0.423377,0.855068,0.299350,0.100000,0.020000,1,0.872085
23.969431,21.713875,-1.291950,-204.242340,-42.464737,-217.489594,-6681.539062,-4372.397461,-11744.416016,-0.148103,0.747950,-0.647020,0.100000,0.020000,1,0.481708
24.674088,21.921894,-0.387294,-72.782181,83.007751,135.248688,-5544.695801,4939.280273,8259.077148,-0.291208,0.867061,-0.404230,0.100000,0.020000,1,0.058020
24.955067,21.897882,0.392745,77.244049,-57.670052,11.416740,11877.279297,-1279.805054,3804.884277,-0.333921,0.805324,0.489847,0.100000,0.020000,1,0.885520
24.858515,22.148571,-0.473147,73.926445,7.720324,-43.090141,3872.773193,793.793945,-3717.016602,-0.432673,0.825055,-0.363425,0.100000,0.020000,1,0.402700
23.686865,21.931723,0.236463,16.500668,-133.056091,9.844658,-1493.771484,-7042.869141,-3280.596436,-0.517481,0.851369,-0.085931,0.100000,0.020000,1,0.959580
25.870138,23.512075,1.413715,474.556885,388.458252,403.250122,-9982.138672,16491.630859,-2533.871094,-0.518713,0.846956,0.116625,0.100000,0.020000,1,0.465373
24.789902,21.236807,-0.802512,105.169258,-295.527313,-230.462250,2768.345459,-9254.257812,-6777.281250,-0.522822,0.852069,0.025188,0.100000,0.020000,1,0.773396
24.701223,21.794756,0.447868,-90.665482,101.318481,-102.032471,-6433.998047,5889.958008,-6507.960449,-0.262431,0.767594,0.584747,0.100000,0.020000,1,0.910557
24.591911,21.987587,0.281086,-17.021965,4.958586,-16.072056,-1889.087280,156.835648,-1158.568115,-0.427549,0.811836,0.397648,0.100000,0.020000,1,0.250984
24.513878,21.979443,-0.143140,-239.393738,150.053223,176.874451,-16030.166992,9032.217773,11184.632812,-0.524348,0.830838,-0.186459,0.100000,0.020000,1,0.486602
24.471405,22.277231,0.152720,173.416473,-202.731842,17.010227,9860.884766,-11975.668945,1012.795349,-0.524275,0.825043,0.210809,0.100000,0.020000,1,0.351060
24.015671,22.216740,-1.158638,185.659637,30.599911,112.140625,13941.228516,563.698120,12069.300781,-0.348744,0.752534,-0.558632,0.100000,0.020000,1,0.919970
24.015448,22.242235,-2.235259,-110.751587,147.478683,-503.132751,-11739.555664,454.915527,-19056.703125,-0.443005,0.769779,-0.459550,0.100000,0.020000,1,0.580557
24.675051,21.695732,0.086059,67.274094,-110.107178,-28.102364,4141.296875,-8487.483398,-2410.154541,-0.541852,0.784988,0.300317,0.100000,0.020000,1,0.752167
24.351381,22.129087,-0.317243,376.004852,-209.446991,344.538818,22295.048828,-12987.775391,21283.140625,-0.553661,0.791203,-0.259725,0.100000,0.020000,1,0.681114
24.660316,20.426470,0.038781,181.807632,1.104897,-149.805984,711.635742,-21685.171875,-13329.658203,-0.172945,0.709692,0.682955,0.100000,0.020000,1,0.819306
24.650669,22.378012,-0.278271,18.542416,44.362473,-39.471672,399.560364,4053.760254,-3272.328857,-0.419793,0.900280,-0.115197,0.100000,0.020000,1,0.069248
25.155725,21.869730,0.024559,199.907532,-39.668747,60.223663,14316.559570,-3290.453613,4923.347168,-0.489201,0.816212,-0.307376,0.100000,0.020000,1,0.050261
24.376373,22.138866,-0.384330,126.048935,-10.682822,129.129669,6631.584961,-276.370331,7773.909668,-0.533595,0.760187,-0.370664,0.100000,0.020000,1,0.138736
24.357885,22.236588,0.041648,49.939316,-108.925430,-1.609215,1976.863037,-6309.808594,10.355702,-0.630145,0.776252,0.018729,0.100000,0.020000,1,0.977660
24.331013,22.125610,0.009483,118.836823,4.800030,-47.044510,6220.927734,414.906555,-2669.937744,-0.630112,0.772539,-0.078375,0.100000,0.020000,1,0.130533
25.371918,20.718401,-0.281698,231.390945,-363.364746,56.684006,6752.690918,-10719.379883,656.312012,-0.254785,0.713664,-0.652510,0.100000,0.020000,1,0.644332
24.392664,21.702061,0.520654,-11.571777,30.281179,-52.805321,-2159.416016,676.356750,-2760.334717,-0.458481,0.745754,0.483369,0.100000,0.020000,1,0.435869
24.364395,22.123055,0.091739,28.973492,-7.535710,122.319931,727.934204,-314.673828,7439.827148,-0.628762,0.751340,0.200364,0.100000,0.020000,1,0.968033
24.932236,22.805689,-0.188376,177.280945,174.890625,-3.280020,12499.892578,14032.144531,-449.892578,-0.641370,0.749467,-0.164144,0.100000,0.020000,1,0.624242
24.147963,22.005356,-1.381041,-287.358032,86.029404,-255.488754,-13717.982422,4733.086914,-7078.645996,-0.434690,0.711605,-0.551963,0.100000,0.020000,1,0.664334
23.509474,22.864191,-0.501576,-238.741577,168.036530,-174.665833,-19700.253906,13818.832031,-13485.000000,-0.647093,0.754473,0.109732,0.100000,0.020000,1,0.447863
24.767895,21.754408,-0.190789,-18.395399,159.115875,-162.492157,-510.118835,8720.753906,-10172.496094,-0.634058,0.726174,-0.265784,0.100000,0.020000,1,0.854842
24.657761,21.917728,0.532184,-197.040833,-193.579224,-51.371986,-13195.713867,-11985.798828,-3264.596436,-0.253839,0.690595,0.677233,0.100000,0.020000,1,0.691061
23.291288,22.019716,0.941996,-375.776581,-54.952065,163.523575,-13178.268555,-3105.059570,4252.148438,-0.640376,0.706547,0.301181,0.100000,0.020000,1,0.507635
24.506546,21.960575,0.368004,-22.599167,53.206398,5.042636,-2034.698364,3213.559082,211.291672,-0.537971,0.681600,0.495993,0.100000,0.020000,1,0.906019
24.360479,21.939322,0.284686,1.957600,24.495125,-31.805855,-843.968811,1135.013184,-2077.317871,-0.628950,0.678385,0.379757,0.100000,0.020000,1,0.556801
24.862797,22.705931,0.314436,249.101089,159.846527,167.455521,8733.199219,4102.213379,4700.234863,-0.645286,0.677496,-0.352993,0.100000,0.020000,1,0.589454
24.614422,20.928406,-1.800386,227.778839,-16.440811,-366.455933,14726.494141,-5894.381348,-30703.375000,-0.728706,0.684669,0.014684,0.100000,0.020000,1,0.541889
24.193441,22.193127,0.039637,-15.195374,-224.450500,-426.023102,-2335.683594,-13725.113281,-26494.191406,-0.734191,0.675358,-0.069675,0.100000,0.020000,1,0.899880
24.510920,22.084709,-0.329477,230.712830,-228.709503,-283.853577,13511.069336,-13657.850586,-17131.539062,-0.356632,0.669071,-0.652041,0.100000,0.020000,1,0.973211
24.421349,22.026474,0.299350,-40.832550,21.553440,-43.275215,-4017.838867,1765.288452,-3483.806885,-0.376590,0.702359,0.604046,0.100000,0.020000,1,0.244987
24.225470,21.624323,-0.053349,88.147522,-59.439133,264.037170,3519.496338,-5083.002930,14479.325195,-0.437083,0.676939,0.592209,0.100000,0.020000,1,0.150054
24.459909,21.903061,0.159930,49.719589,-53.068420,1.777782,2894.366943,-4057.979248,131.504578,-0.727636,0.657452,0.195713,0.100000,0.020000,1,0.166745
24.462276,22.643150,-0.925771,36.798828,153.803314,-231.159485,5372.107422,6551.200195,-6062.794922,-0.618044,0.636474,-0.461436,0.100000,0.020000,1,0.540288
24.097456,22.003237,-0.031331,146.423309,-93.776596,-753.159302,7547.781738,-6206.700684,-47074.703125,-0.742344,0.645449,-0.179779,0.100000,0.020000,1,0.241215
24.714909,21.897903,0.485991,-516.940430,263.275024,17.910082,-32841.187500,16706.482422,903.232971,-0.337501,0.649941,0.680933,0.100000,0.020000,1,0.601679
24.797966,22.403929,-1.087127,84.286407,110.863892,-139.607025,5744.420410,9022.137695,-11261.420898,-0.437545,0.640287,-0.631337,0.100000,0.020000,1,0.277106
24.557510,22.176586,0.284034,-370.299988,-147.066849,-65.359207,-23970.275391,-8866.617188,-3740.633301,-0.551748,0.798173,0.241856,0.100000,0.020000,1,0.036061
24.270821,21.769840,-0.467218,-102.389343,58.860104,81.266571,-7936.570801,2891.361816,5002.973145,-0.544995,0.632345,-0.550562,0.100000,0.020000,1,0.408697
24.498528,21.875412,0.448393,-127.367859,-33.931931,-204.424316,-8348.204102,-2651.125244,-12616.107422,-0.617984,0.623889,0.478391,0.100000,0.020000,1,0.539647
24.569805,21.485826,0.495436,120.570984,-204.475235,217.236191,-4846.592773,1406.523438,6529.918945,-0.739845,0.617530,-0.266993,0.100000,0.020000,1,0.338871
24.273987,21.990477,0.117278,67.248779,-106.487320,-113.484924,3345.676514,-6960.933594,-7623.583008,-0.737765,0.611202,0.286591,0.100000,0.020000,1,0.396045
24.430882,22.213070,-0.201207,-371.339478,-207.606140,-216.688080,-23702.636719,-12316.311523,-13288.635742,-0.715652,0.591900,-0.370806,0.100000,0.020000,1,0.779838
23.763998,22.347023,-1.072692,-145.947006,106.420845,-351.814758,-4646.151367,2897.215332,-6650.437012,-0.813317,0.581756,0.008643,0.100000,0.020000,1,0.178293
24.304974,21.833031,-0.021692,38.795361,-5.099735,-0.517357,1935.518555,-1271.863647,-517.258301,-0.807603,0.577638,0.118793,0.100000,0.020000,1,0.127828
25.030903,22.099873,0.091478,186.666595,30.528694,-100.641434,13502.841797,2571.951172,-7921.321777,-0.533070,0.608048,0.588315,0.100000,0.020000,1,0.442845
23.853901,22.211393,0.393060,-72.839005,39.159294,23.820625,-7197.896484,3311.901367,1823.267578,-0.722551,0.564623,0.398901,0.100000,0.020000,1,0.500731
24.306999,22.030975,-0.231131,-272.565125,-326.814514,74.857132,-17660.701172,-20749.548828,4028.491699,-0.818698,0.568452,-0.081216,0.100000,0.020000,1,0.209327
24.021030,21.006134,-1.028742,5.819172,-206.413391,-108.295975,-1886.887939,-7374.404785,-35.173340,-0.816389,0.553536,-0.164642,0.100000,0.020000,1,0.567318
24.380947,22.003691,0.212646,91.601852,153.386230,-395.490479,5657.531250,9521.020508,-24766.414062,-0.810790,0.546951,0.208483,0.100000,0.020000,1,0.321041
24.284157,21.616430,0.892695,142.219269,69.487976,144.874649,7948.244629,5649.123535,4892.808594,-0.430402,0.604808,0.670046,0.100000,0.020000,1,0.645240
23.797451,21.609974,-0.112574,279.138824,-94.856659,-63.263161,14198.132812,-7565.098633,-2775.253906,-0.567555,0.647054,-0.509120,0.100000,0.020000,1,0.086794
24.864269,20.965515,1.035482,178.822372,-320.063843,460.042847,6186.516113,-7716.704590,15006.518555,-0.702094,0.545084,-0.458200,0.100000,0.020000,1,0.556089
24.906578,22.423233,0.714311,163.642151,91.070740,343.480560,7010.749512,6728.315430,15432.291016,-0.511943,0.576727,-0.636633,0.100000,0.020000,1,0.747256
24.761297,23.541555,-0.986199,115.077133,505.758301,-177.927856,-1057.574219,16594.787109,-4367.048828,-0.614565,0.560270,-0.555344,0.100000,0.020000,1,0.133629
24.299419,22.037001,0.491909,47.129982,-31.388779,-73.777222,1982.461060,-1609.885254,-4474.735840,-0.616083,0.548894,0.564940,0.100000,0.020000,1,0.899115
23.172438,21.967781,-0.972776,-279.904907,-33.434128,-301.122070,-22969.003906,-2506.610107,-23518.779297,-0.796294,0.589732,0.134657,0.100000,0.020000,1,0.100923
25.025383,23.678526,-0.970211,284.362488,500.755676,-210.992645,7402.579102,15305.132812,-7493.191895,-0.809499,0.513932,-0.283877,0.100000,0.020000,1,0.332465
25.265224,21.401241,0.201854,309.022705,-165.227814,-9.791594,23147.054688,-12986.413086,-797.714050,-0.805626,0.505741,0.308534,0.100000,0.020000,1,0.564221
24.258890,21.570908,0.107212,-0.421701,27.597273,-115.538712,-565.983276,-23.318024,-5634.101562,-0.796606,0.481796,-0.365091,0.100000,0.020000,1,0.862262
23.092773,22.853081,-0.450625,-265.763611,311.213135,-72.066223,-6211.361816,9766.717773,-5701.642578,-0.886403,0.455925,-0.080129,0.100000,0.020000,1,0.834627
24.411148,21.903690,-0.370671,-596.541016,73.003059,258.274902,-37886.511719,4428.548340,16530.794922,-0.684024,0.494867,-0.535927,0.100000,0.020000,1,0.797793
23.885189,22.985056,0.802636,-51.554321,329.365326,79.701324,-15876.103516,13390.158203,4570.592285,-0.783422,0.478405,0.396710,0.100000,0.020000,1,0.112151
23.858309,21.563265,-0.016189,219.867706,-50.174149,-151.830643,11978.639648,-5022.031738,-9065.846680,-0.880901,0.439143,-0.176542,0.100000,0.020000,1,0.350545
22.977274,22.104235,0.239264,-189.950684,134.838043,17.387703,-17568.074219,8929.429688,1459.713257,-0.879365,0.435596,0.192286,0.100000,0.020000,1,0.251091
24.121557,21.886520,0.071380,49.238091,-13.508411,0.998600,2349.601318,-1395.490356,335.524902,-0.897530,0.440886,0.007780,0.100000,0.020000,1,0.335366
24.610121,21.945898,-0.559520,3.980652,0.527691,6.773571,-631.248962,1152.384766,1276.014404,-0.255545,0.633869,-0.730005,0.100000,0.020000,1,0.736437
23.640524,22.087147,0.301923,-108.325836,40.733475,30.195786,-9660.288086,3019.070068,2157.425781,-0.857455,0.414690,0.304637,0.100000,0.020000,1,0.757381
22.893980,22.605194,0.420864,-277.713745,204.832764,174.264069,-23455.281250,15522.428711,13688.380859,-0.864896,0.416323,-0.280413,0.100000,0.020000,1,0.822047
24.002449,22.129623,-0.059015,205.084198,-60.719208,319.921753,11726.891602,-3319.844727,19602.554688,-0.899340,0.424729,0.103888,0.100000,0.020000,1,0.257141
24.131416,22.099398,-0.279858,59.149300,-110.855530,-65.810112,2681.041992,-6386.140625,-3793.287598,-0.771110,0.438730,-0.461417,0.100000,0.020000,1,0.430620
25.645536,19.857651,-0.262883,361.870514,-188.098007,49.479389,-7784.806641,-1064.667969,5269.721191,-0.764824,0.425640,0.483607,0.100000,0.020000,1,0.856568
24.339964,22.431360,0.507953,-21.876114,82.595276,-27.729347,-2437.145996,7017.143066,-1213.342773,-0.599795,0.641563,0.478166,0.100000,0.020000,1,0.230698
23.750200,23.175842,-0.791088,-251.510895,343.628754,-146.830750,-11836.615234,9464.047852,-3211.903320,-0.920800,0.341907,-0.187690,0.100000,0.020000,1,0.900894
23.655256,21.670170,-0.423743,39.929459,-4.370636,-414.629089,130.077545,-1525.479004,-27636.587891,-0.936758,0.337602,-0.092244,0.100000,0.020000,1,0.983372
23.745743,22.520885,-0.075890,-57.074440,315.247253,115.127121,-3601.459961,9247.242188,6131.233398,-0.942973,0.332771,0.008098,0.100000,0.020000,1,0.522974
24.346897,22.033401,0.204925,169.794098,-2.777761,40.469269,10309.193359,191.455978,1671.534912,-0.705083,0.477281,0.524462,0.100000,0.020000,1,0.131636
24.269501,21.751612,0.644531,-57.762939,19.545053,123.243134,-4364.968262,591.153870,8508.228516,-0.677939,0.435337,0.592352,0.100000,0.020000,1,0.363712
23.828003,21.697451,-0.426296,105.754730,-20.188522,120.847778,4727.233398,-2317.027588,7071.651855,-0.854208,0.365866,-0.369420,0.100000,0.020000,1,0.138398
24.059162,21.983967,0.363756,-103.458847,-277.689819,86.827972,-7514.242188,-17321.962891,5668.750000,-0.844576,0.354069,0.401654,0.100000,0.020000,1,0.407718
24.583923,21.333956,0.711308,222.041763,-46.043419,155.487030,5776.211914,321.589844,4693.877930,-0.939423,0.324006,0.111821,0.100000,0.020000,1,0.192743
24.175087,21.668304,0.124855,-577.125854,488.060181,176.651764,-36629.031250,29719.109375,10708.829102,-0.910449,0.294455,0.290480,0.100000,0.020000,1,0.781511
23.934542,21.912880,0.171375,2.339531,15.556080,-4.133315,-1010.440857,861.932800,-234.218399,-0.931408,0.298755,0.207907,0.100000,0.020000,1,0.410939
24.291702,21.815165,-0.320283,11.548687,88.714142,-203.515503,35.067093,5342.808105,-12050.418945,-0.640448,0.419194,-0.643508,0.100000,0.020000,1,0.682003
24.284723,21.293850,-0.595868,46.671326,49.400604,-219.565399,2538.825195,634.625122,-18273.617188,-0.723524,0.373885,0.580278,0.100000,0.020000,1,0.673159
22.764566,22.262751,0.186140,-416.669922,69.462051,185.936295,-9081.421875,5549.220703,717.390625,-0.825047,0.316840,-0.467877,0.100000,0.020000,1,0.651539
23.690046,21.857351,-0.343712,-14.338837,23.268631,-68.030838,-2829.099121,1219.093018,-5789.329590,-0.973321,0.228759,0.017737,0.100000,0.020000,1,0.688374
25.991653,22.005152,-0.307500,321.882263,-37.584564,-35.234299,5869.305664,-4650.380859,-5979.304688,-0.742251,0.364125,-0.562562,0.100000,0.020000,1,0.483861
23.878452,21.738964,0.519213,54.045269,-7.991226,-101.020981,1688.308838,-1127.990234,-5847.972168,-0.813503,0.305446,0.494890,0.100000,0.020000,1,0.329493
23.575624,22.824602,0.037442,-58.905014,321.412537,-44.712387,-6414.883789,24176.373047,-3936.249512,-0.886678,0.258931,0.383087,0.100000,0.020000,1,0.739373
24.011366,21.762239,-0.285297,-64.767456,0.828644,59.131958,-4678.659180,-529.599426,3144.489990,-0.959453,0.215054,-0.182213,0.100000,0.020000,1,0.675793
24.656506,21.491112,-0.714610,75.774536,-98.617523,-65.355988,5373.319824,-7831.849609,-4894.021484,-0.583124,0.461316,-0.668697,0.100000,0.020000,1,0.031719
23.878719,21.831463,0.037343,-3.710798,39.040855,-45.985760,709.804504,1336.537598,-1248.851562,-0.961533,0.187253,0.200974,0.100000,0.020000,1,0.975168
25.618687,22.207283,3.148825,465.818665,176.547485,871.156677,17768.466797,4152.803711,22058.812500,-0.488433,0.527073,0.695433,0.100000,0.020000,1,0.104286
24.542006,21.135796,-0.538869,-133.958801,143.544586,-46.171593,-8674.304688,6082.278320,-2772.527832,-0.484873,0.493849,-0.721812,0.100000,0.020000,1,0.215982
24.001520,21.961334,-0.482217,-15.407249,-17.541952,-42.988781,-3424.237549,-531.686707,-1678.139648,-0.782164,0.276740,-0.558242,0.100000,0.020000,1,0.699229
23.964300,21.434431,0.701483,-83.322083,61.574799,-246.598999,-6353.172852,2126.556641,-14197.021484,-0.852828,0.224870,0.471294,0.100000,0.020000,1,0.661148
24.043346,21.382315,-0.374980,277.340637,-130.181641,-64.898514,16758.041016,-10205.239258,-4133.339844,-0.858328,0.224480,-0.461391,0.100000,0.020000,1,0.927675
23.696112,22.057041,-0.092283,-157.132462,-10.882782,20.928253,-6420.018555,5698.211914,-1297.851562,-0.946047,0.172495,-0.274301,0.100000,0.020000,1,0.280238
24.111614,21.948595,-0.546463,272.802490,-131.221924,198.587372,16094.589844,-7853.302734,12374.594727,-0.693113,0.331185,-0.640242,0.100000,0.020000,1,0.456903
24.468761,21.083570,0.472256,210.592651,-65.100647,116.870071,14472.779297,-7512.645996,10349.672852,-0.923634,0.236889,-0.301303,0.100000,0.020000,1,0.300524
23.547958,21.883476,-0.333460,-46.511932,45.256744,-14.429882,-5457.146484,3015.387207,-1106.449585,-0.918849,0.158886,-0.361209,0.100000,0.020000,1,0.915219
23.693012,21.646770,-0.107180,90.751938,-20.202194,48.361000,3995.068848,-2231.203857,2882.680420,-0.984214,0.155870,-0.083826,0.100000,0.020000,1,0.209843
25.091370,22.540785,1.005211,408.482239,276.576538,383.181946,5505.987305,13602.211914,6530.646973,-0.988962,0.100632,0.108754,0.100000,0.020000,1,0.703677
24.666752,21.622314,0.336607,155.968933,-72.771202,18.017860,10711.045898,-5520.767578,266.939056,-0.614461,0.388590,0.686612,0.100000,0.020000,1,0.185856
24.189699,21.663214,-0.157365,1.534953,-21.024399,5.208286,112.134789,-2187.306641,923.261108,-0.902286,0.208145,-0.377565,0.100000,0.020000,1,0.007376
22.997307,21.723309,0.115517,-141.086334,119.737289,-61.378616,-13692.054688,7133.348633,-4680.306641,-0.911867,0.132190,0.388618,0.100000,0.020000,1,0.342466
23.959347,21.688381,-0.231547,-128.902191,121.232300,287.239075,-8591.948242,7096.086426,17731.121094,-0.982508,0.073098,-0.171274,0.100000,0.020000,1,0.575307
25.061703,21.780556,2.334023,381.465729,20.074142,761.971436,9462.800781,1470.773438,21808.128906,-0.994374,0.071578,-0.078092,0.100000,0.020000,1,0.627249
23.209986,21.711182,0.183881,-169.961395,-25.060928,96.095612,-14335.746094,-1960.396729,7708.650391,-0.962890,0.057379,-0.263724,0.100000,0.020000,1,0.487278
25.636675,21.756742,0.022754,500.598450,-5.383314,2.720566,38222.375000,-604.559021,200.137909,-0.998048,0.059133,0.020105,0.100000,0.020000,1,0.006149
24.305704,22.227440,0.073479,145.217896,123.856201,-11.528404,10186.342773,9582.504883,-1107.288086,-0.976946,0.051992,0.207058,0.100000,0.020000,1,0.614349
24.037964,21.756138,-0.600456,72.559029,-22.057663,78.557571,3433.990234,-1612.791626,4555.777832,-0.733006,0.243432,-0.635172,0.100000,0.020000,1,0.910397
24.355791,21.348286,-0.197857,-152.617706,50.327339,128.298309,-8778.375000,1313.669189,8802.479492,-0.880428,0.108223,-0.461665,0.100000,0.020000,1,0.115283
26.140862,21.578756,-1.119676,638.374268,-46.015846,-424.197937,21086.181641,-1511.253906,-14839.049805,-0.877779,0.104207,0.467594,0.100000,0.020000,1,0.823772
23.926556,21.774384,0.423105,-349.595093,-193.828522,-102.195869,-22835.015625,-12439.914062,-5731.665039,-0.942633,0.106617,0.316350,0.100000,0.020000,1,0.082630
22.465387,21.788750,1.749174,-464.758087,16.737640,438.123108,-8524.973633,-1223.213501,15825.555664,-0.955026,0.044134,0.293218,0.100000,0.020000,1,0.688498
24.457441,20.660421,1.228305,24.233368,-325.621674,533.429932,2886.205566,-15605.628906,20694.658203,-0.537461,0.428043,-0.726577,0.100000,0.020000,1,0.722219
24.425360,20.562124,2.459487,164.132675,-19.856838,475.189545,-3094.054688,-14556.661133,17793.179688,-0.565937,0.449652,0.691034,0.100000,0.020000,1,0.012128
23.869749,22.128029,0.982530,-89.492340,42.764313,140.238632,-7756.998047,4025.731445,10704.411133,-0.673218,0.291610,0.679515,0.100000,0.020000,1,0.040955
24.181868,21.958439,0.776382,10.519699,128.305634,28.386669,-856.674866,5690.348633,-710.582031,-0.799864,0.164148,0.577297,0.100000,0.020000,1,0.757506
24.122629,23.073788,-1.884740,160.112320,441.492188,-445.673370,1789.886475,14719.685547,-12684.757812,-0.812842,0.161101,-0.559762,0.100000,0.020000,1,0.438040
22.796871,21.807610,-0.503382,-229.473389,175.954224,4.712515,-19833.183594,11281.807617,-610.008850,-0.932369,0.024420,-0.360682,0.100000,0.020000,1,0.676238
24.266876,21.031204,-0.148120,-1.165428,-44.898071,-68.918625,1011.864197,-5881.394043,-4738.866699,-0.997044,-0.032879,-0.069448,0.100000,0.020000,1,0.662483
23.729277,22.014204,0.426626,-53.903748,-73.565117,67.227081,-5758.750000,-3829.238770,4020.903809,-0.759612,0.239445,0.604695,0.100000,0.020000,1,0.439731
24.087931,21.896231,0.301386,152.187912,-77.580490,-349.997131,9610.721680,-4312.519043,-22164.496094,-0.915522,0.022866,0.401618,0.100000,0.020000,1,0.607497
23.846058,21.371700,-0.269717,47.572319,-5.592350,-109.351562,2315.468506,-1901.229492,-8669.184570,-0.980030,-0.048299,0.192895,0.100000,0.020000,1,0.070618
24.040701,20.992336,0.283709,77.622177,-195.999695,26.975643,2050.268066,-6148.130859,412.022949,-0.992010,-0.063268,0.109145,0.100000,0.020000,1,0.558776
23.518356,22.332096,0.133244,-52.919586,143.149353,60.467529,-5357.454590,11532.339844,4931.717285,-0.983732,-0.062819,-0.168302,0.100000,0.020000,1,0.856995
24.040617,20.784254,-2.032408,181.009003,-54.178326,-506.288666,1565.243896,-10019.720703,-16394.048828,-0.964158,-0.060524,-0.258335,0.100000,0.020000,1,0.220537
24.046331,20.873810,-1.228279,170.137665,-136.661163,-372.502472,1425.621094,-4004.962402,-22488.562500,-0.955119,-0.065834,0.288814,0.100000,0.020000,1,0.480053
23.738871,21.470362,0.272009,34.835434,-34.290207,89.400253,1161.870850,-3266.229980,6714.750488,-0.997068,-0.073967,0.019590,0.100000,0.020000,1,0.229844
24.205578,23.775871,-0.357502,86.257355,533.908569,-21.979660,5648.153809,42220.574219,-1051.732544,-0.832135,0.056359,-0.551702,0.100000,0.020000,1,0.755815
23.891594,21.761230,-0.440980,-9.065453,-289.416748,81.340759,-1419.354370,-18109.150391,4846.173828,-0.883291,-0.004246,-0.468806,0.100000,0.020000,1,0.851318
24.024168,21.796446,0.587171,141.263794,-451.178528,-240.372482,7748.943359,-28365.423828,-14953.497070,-0.711818,0.198037,0.673867,0.100000,0.020000,1,0.918261
24.317266,21.890034,-0.716800,105.255081,-89.186844,156.528046,6981.114746,-5036.554688,8990.800781,-0.761956,0.126916,-0.635071,0.100000,0.020000,1,0.488506
23.793913,21.384577,-0.111358,-303.036713,166.072144,494.239929,-20257.222656,8656.300781,30245.945312,-0.986741,0.070072,0.146396,0.100000,0.020000,1,0.086705
23.922876,21.770668,0.438775,138.073502,-65.177307,79.913452,7723.851074,-3915.791748,4978.615723,-0.818535,0.045130,0.572682,0.100000,0.020000,1,0.518525
24.008278,21.934397,0.370115,-56.705429,18.058983,-294.943481,-3930.029053,2107.368896,-18702.294922,-0.870162,-0.025795,0.492091,0.100000,0.020000,1,0.856230
24.091953,21.385706,-0.405124,76.913956,-15.748558,-65.889221,5444.445801,-2174.395996,-5603.786621,-0.983299,-0.165900,-0.074836,0.100000,0.020000,1,0.996913
22.342157,22.911732,0.697494,-407.575378,362.167358,229.810364,-32475.740234,28079.541016,17950.597656,-0.973018,-0.166418,-0.159818,0.100000,0.020000,1,0.626342
24.261103,21.857155,0.216504,-131.762390,75.216339,52.734222,-6987.886719,5582.235352,4155.534180,-0.982967,-0.182279,0.023474,0.100000,0.020000,1,0.339725
24.057886,21.521240,0.102950,34.260616,10.692508,49.577812,439.632446,325.413147,3397.404297,-0.911416,-0.107797,0.397116,0.100000,0.020000,1,0.936376
23.964891,22.042345,-0.241863,35.203903,73.900848,-13.737333,2024.787842,6221.599121,-673.931091,-0.924224,-0.118412,-0.363027,0.100000,0.020000,1,0.692039
24.355663,21.146044,-0.253644,417.746002,-356.369812,301.854736,28045.093750,-24576.730469,17331.466797,-0.961940,-0.186653,0.199579,0.100000,0.020000,1,0.839966
23.243849,22.297853,0.459052,-102.001373,146.058655,72.900940,-9363.975586,11931.795898,6156.585938,-0.975616,-0.190184,0.109558,0.100000,0.020000,1,0.147989
24.743717,21.206650,-0.531666,210.971558,-96.514679,-16.130707,16001.892578,-8056.260254,-1455.585938,-0.841706,-0.044898,-0.538065,0.100000,0.020000,1,0.915663
24.084904,21.656843,-0.380518,-346.008179,-203.589905,310.822937,-21643.835938,-12846.519531,19505.056641,-0.888383,-0.112823,-0.445024,0.100000,0.020000,1,0.919863
23.757183,21.192045,-0.464283,44.260597,-5.723663,-57.429306,1946.427124,-2163.914551,-4665.715820,-0.940832,-0.203155,-0.271227,0.100000,0.020000,1,0.250219
24.135134,21.358330,0.620556,-761.059875,-476.438904,-965.368408,-48544.890625,-31622.078125,-60577.679688,-0.728176,0.122830,0.674294,0.100000,0.020000,1,0.402291
23.983345,21.748411,-0.531353,78.760468,-83.029724,43.203163,4143.169922,-5012.399902,2598.191650,-0.775345,0.032136,-0.630719,0.100000,0.020000,1,0.978087
23.250992,22.874557,0.458867,-142.318848,336.143555,57.987953,-11946.975586,26514.148438,4582.204102,-0.928390,-0.219001,0.300218,0.100000,0.020000,1,0.343480
23.728798,20.964283,2.535839,34.029701,91.835052,479.700317,-11142.458984,-15613.729492,14748.213867,-0.866571,-0.134780,0.480508,0.100000,0.020000,1,0.223972
23.608700,21.502996,-0.228936,152.381073,-72.689316,27.112892,8327.219727,-4847.920410,1359.706909,-0.938795,-0.292197,-0.182441,0.100000,0.020000,1,0.969101
24.168119,21.497322,0.076933,84.228561,19.514935,1.426316,6362.314453,954.131653,-207.966187,-0.937561,-0.293401,0.186801,0.100000,0.020000,1,0.988710
23.332052,21.400270,0.756418,-338.788269,255.029266,272.047638,-23780.773438,15431.477539,20007.746094,-0.946733,-0.306734,0.098039,0.100000,0.020000,1,0.759410
23.692196,21.638386,0.092036,85.456360,-100.184555,6.575893,4519.345215,-5996.850586,780.556274,-0.950977,-0.309209,0.005769,0.100000,0.020000,1,0.837635
23.858477,21.523424,-0.271465,-199.195251,-132.172485,216.251770,-13668.636719,-8891.196289,10560.551758,-0.806087,-0.052035,0.589505,0.100000,0.020000,1,0.121618
23.518261,21.085836,-1.373685,-8.444767,41.184216,-479.783203,-3273.868164,-5576.685547,-15803.705078,-0.886467,-0.229042,0.402139,0.100000,0.020000,1,0.445389
24.295967,21.875257,-0.681277,93.227371,105.519409,-107.161682,7425.490723,8038.423828,-8729.123047,-0.914676,-0.304355,-0.265963,0.100000,0.020000,1,0.562442
24.125216,21.726143,-0.637807,24.307291,-6.613207,35.259949,706.005310,-468.805084,1949.282837,-0.669148,0.182467,-0.720379,0.100000,0.020000,1,0.077149
25.505604,21.375957,2.208819,421.828796,77.291443,477.148987,14593.248047,8855.965820,24249.875000,-0.901285,-0.309971,0.302659,0.100000,0.020000,1,0.927141
23.605291,21.172012,-0.038476,59.689667,6.878071,30.826679,2512.293213,-1057.993164,2106.570801,-0.937679,-0.338490,-0.078629,0.100000,0.020000,1,0.190073
24.137260,20.959137,-0.552744,-301.514954,243.982422,87.519012,-20087.470703,11989.213867,5626.687012,-0.631431,0.268656,-0.727405,0.100000,0.020000,1,0.302250
23.964577,22.328743,1.207471,22.358727,211.360107,178.534424,991.794678,16435.642578,14448.524414,-0.811096,-0.159069,0.562867,0.100000,0.020000,1,0.818790
23.922375,21.534712,-0.522760,55.661880,-12.685879,53.773415,2943.569336,-1014.650452,3048.499268,-0.815455,-0.166058,-0.554489,0.100000,0.020000,1,0.939793
24.774696,20.808887,0.051480,217.828308,-196.627777,70.238632,17007.886719,-15503.468750,6182.965820,-0.850459,-0.250335,-0.462657,0.100000,0.020000,1,0.085263
24.183807,20.753826,-0.045630,103.935303,-236.953766,-10.067902,11671.827148,-6534.631836,8415.367188,-0.907671,-0.404397,0.112236,0.100000,0.020000,1,0.345846
23.418327,21.374733,0.009602,39.644859,-15.659046,189.777008,64.835060,-1654.525024,10398.493164,-0.832898,-0.259823,0.488645,0.100000,0.020000,1,0.976663
23.902164,21.482687,-0.352167,97.915161,-63.968445,252.442230,6035.861816,-4099.471191,15638.240234,-0.869275,-0.344531,-0.354485,0.100000,0.020000,1,0.488292
23.918461,21.030933,0.190562,457.240295,-245.507538,-380.262207,29044.267578,-17266.289062,-22960.699219,-0.898140,-0.433440,-0.073994,0.100000,0.020000,1,0.773734
24.102072,21.762066,0.663445,390.328857,-672.780945,-255.355957,24232.386719,-42061.042969,-15588.063477,-0.736574,0.017055,0.676142,0.100000,0.020000,1,0.013712
24.382662,21.504253,-0.573272,-289.679443,-678.504150,78.002319,-17254.484375,-43315.667969,4647.422852,-0.765588,-0.073491,-0.639120,0.100000,0.020000,1,0.118504
24.305504,21.182926,0.362854,107.842041,-78.306717,14.534000,8313.275391,-6206.553711,1143.340942,-0.852015,-0.350238,0.389106,0.100000,0.020000,1,0.469519
25.146696,21.998390,0.416672,536.855591,177.602448,139.909363,18520.867188,4925.269531,6593.127930,-0.874616,-0.435424,0.213196,0.100000,0.020000,1,0.317589
23.744429,21.372032,-0.035017,12.709923,-27.408260,-22.172451,226.961685,-2013.251343,-969.900818,-0.879906,-0.442268,-0.173679,0.100000,0.020000,1,0.566641
24.161617,21.657251,-0.709895,6.472919,99.536728,546.491455,-43.858883,6139.288086,33917.675781,-0.686767,0.096233,-0.720479,0.100000,0.020000,1,0.832616
23.764994,20.979614,-0.662042,-159.233765,102.912430,216.021805,-11448.650391,4042.355469,12958.428711,-0.761008,-0.154414,-0.630098,0.100000,0.020000,1,0.156513
24.389515,22.726088,-0.434306,112.111954,422.775574,-187.271332,8872.543945,31645.414062,-12363.070312,-0.878004,-0.286111,-0.383731,0.100000,0.020000,1,0.023694
23.920050,21.305624,-0.689616,123.696388,9.829411,-8.169024,3071.684326,-997.856628,133.993042,-0.819118,-0.335784,-0.465075,0.100000,0.020000,1,0.982002
24.191883,21.885145,0.327015,32.656723,135.176392,45.122879,3266.316895,10443.323242,3242.583252,-0.849863,-0.437945,0.293152,0.100000,0.020000,1,0.834983
23.490187,21.180698,-0.080258,32.734951,4.934706,-359.669647,378.620667,-708.002747,-22192.697266,-0.856802,-0.448240,-0.254895,0.100000,0.020000,1,0.617107
24.143108,21.028006,1.637136,78.791641,-138.671021,384.481537,899.054077,-5051.597656,12758.971680,-0.732844,-0.092918,0.674022,0.100000,0.020000,1,0.464429
24.066492,21.540028,0.504777,43.081360,11.442982,11.605423,2825.484375,839.225281,931.121399,-0.777491,-0.251999,0.576198,0.100000,0.020000,1,0.607569
23.756630,21.285805,0.163893,22.754162,38.130116,-50.372528,988.392944,2048.234375,-2813.568115,-0.846815,-0.523122,0.096166,0.100000,0.020000,1,0.973923
23.555145,21.151129,-0.218849,53.886425,-4.872467,29.007412,2076.010742,-1172.873779,1517.767578,-0.828405,-0.529966,-0.181332,0.100000,0.020000,1,0.574115
25.804781,20.792767,0.076132,528.487061,-227.040833,-44.801712,42144.929688,-8383.419922,473.621094,-0.823802,-0.528545,0.204915,0.100000,0.020000,1,0.923458
24.246275,20.684702,-0.738521,90.744278,-226.321991,-144.549469,4745.272461,-7717.373047,-4690.556152,-0.832974,-0.548261,-0.074594,0.100000,0.020000,1,0.263316
24.647718,22.439981,-0.658590,142.215851,252.649200,-21.545216,10752.670898,19274.431641,-1735.798706,-0.697382,0.013893,-0.716565,0.100000,0.020000,1,0.540892
23.835648,21.565887,0.517314,118.115250,-93.793869,74.833038,6291.755371,-5824.220215,4682.637695,-0.728684,-0.166901,0.664202,0.100000,0.020000,1,0.507991
24.017168,21.541731,-0.477755,-87.132935,-51.087151,24.714329,-5553.661133,-3001.517822,1456.154053,-0.770608,-0.283631,-0.570716,0.100000,0.020000,1,0.008338
24.263905,21.396208,-1.385092,147.191040,59.769951,-271.251709,4618.559570,963.152649,-9147.498047,-0.763023,-0.342442,-0.548205,0.100000,0.020000,1,0.711062
23.444307,21.529381,0.276979,-62.607635,28.826057,-16.670906,-5991.669922,2392.990234,-1240.771118,-0.794640,-0.451467,0.405863,0.100000,0.020000,1,0.618263
23.828373,21.297817,-0.172530,-242.476196,148.157639,-344.770569,-15556.551758,9159.426758,-21579.109375,-0.801701,-0.531939,-0.272610,0.100000,0.020000,1,0.918226
22.472759,23.680990,-0.787024,-406.047241,639.629150,-225.562103,-14757.532227,25602.500000,-7865.766602,-0.828872,-0.559160,0.017649,0.100000,0.020000,1,0.320810
23.719496,21.264593,-0.478767,-15.960526,-12.883148,-12.570477,-1971.526367,-1267.778076,-1277.389526,-0.763073,-0.456646,-0.457377,0.100000,0.020000,1,0.460479
23.796524,21.338902,0.140739,-67.778137,-62.105377,-114.858643,-4548.424805,-4102.894043,-6663.810059,-0.857655,-0.514225,0.000599,0.100000,0.020000,1,0.172065
23.896433,21.360733,0.482824,-148.940720,225.663315,82.941254,-9921.287109,13962.337891,5324.557617,-0.734524,-0.349757,0.581502,0.100000,0.020000,1,0.914240
23.488825,21.976925,-0.331579,-10.320999,175.869385,25.932858,-2430.565430,13841.132812,1482.672852,-0.759090,-0.534699,-0.371322,0.100000,0.020000,1,0.242905
25.128574,21.637094,0.650093,343.483856,172.254379,141.434341,11837.185547,5410.723145,5351.851074,-0.774271,-0.632663,0.015583,0.100000,0.020000,1,0.779855
23.923449,21.912743,0.506359,-119.556213,358.372589,267.722290,-15532.204102,17159.523438,14692.480469,-0.770732,-0.629802,0.096546,0.100000,0.020000,1,0.729390
23.789440,21.619503,-0.493812,-1.780212,85.618454,8.507106,-2665.317871,5496.232910,399.722778,-0.721611,-0.277505,-0.634247,0.100000,0.020000,1,0.634990
24.385319,21.529676,0.917752,53.178009,128.000183,89.597137,5028.918457,8551.541016,7766.510254,-0.761135,-0.387784,0.519902,0.100000,0.020000,1,0.117080
25.642412,19.859457,0.686974,551.073669,-260.708405,255.931915,21878.248047,-24316.261719,11133.797852,-0.752132,-0.654920,-0.073333,0.100000,0.020000,1,0.414836
23.313879,21.815741,-1.006750,-203.294128,96.197632,-400.804688,-16138.297852,8258.417969,-31192.246094,-0.699933,-0.260777,0.664898,0.100000,0.020000,1,0.695598
24.712614,21.033661,-0.028595,265.258667,-9.465569,171.097870,11274.724609,-2323.944092,-1390.573242,-0.710620,-0.449465,-0.541295,0.100000,0.020000,1,0.782382
23.920027,21.563330,0.334928,-29.289913,41.679375,6.685486,1791.731934,444.063843,-1120.683105,-0.730163,-0.472794,0.493282,0.100000,0.020000,1,0.127329
23.720119,21.177217,-0.410599,55.578621,-25.455704,122.684875,2792.534668,-1779.372192,6944.521484,-0.704958,-0.653200,-0.276339,0.100000,0.020000,1,0.377272
24.749882,21.593466,0.019760,160.474304,231.771347,0.282181,18624.421875,-1458.251465,-7297.505859,-0.716450,-0.664250,0.213239,0.100000,0.020000,1,0.271768
23.826845,20.907673,-0.166008,-131.583572,76.494751,600.602478,-8634.545898,3319.536865,37828.679688,-0.721039,-0.670295,-0.175524,0.100000,0.020000,1,0.171656
25.229242,22.806545,0.530483,383.380493,517.960632,118.228104,11141.746094,15579.904297,3042.396484,-0.700820,-0.653773,0.285363,0.100000,0.020000,1,0.764179
23.361597,22.104176,0.142948,-162.996170,200.696106,176.586685,-5259.677734,7074.505371,5566.380859,-0.680631,-0.347101,-0.645183,0.100000,0.020000,1,0.936109
23.823986,21.232983,0.552119,-124.908005,-123.815567,-11.343185,-6354.073730,-6906.870117,-1518.847900,-0.677573,-0.546275,0.492420,0.100000,0.020000,1,0.628015
23.801088,21.901136,0.267060,-97.370071,235.833496,4.727039,-6644.013672,17749.763672,161.118698,-0.674528,-0.634188,0.377914,0.100000,0.020000,1,0.846656
25.682796,21.898382,1.348551,527.185242,258.452637,319.723969,19188.765625,19470.914062,20132.330078,-0.682415,-0.730458,0.027229,0.100000,0.020000,1,0.407932
23.981714,20.979496,0.332819,84.122849,-37.468292,39.869499,5761.950195,-3100.130127,3528.148682,-0.675217,-0.728699,0.114366,0.100000,0.020000,1,0.074925
24.993319,21.452553,-0.072091,153.368561,114.582413,-124.393463,13560.574219,7468.048828,-10336.612305,-0.667243,-0.348232,0.658423,0.100000,0.020000,1,0.561801
24.229557,22.025915,0.956043,102.500580,204.965149,159.257492,-6990.727051,11859.025391,12023.001953,-0.757903,-0.504056,-0.414138,0.100000,0.020000,1,0.074729
24.375568,20.851259,1.186139,100.171082,-32.313828,156.624786,7849.166504,-4009.642578,12899.041016,-0.665864,-0.461510,0.586203,0.100000,0.020000,1,0.392718
24.356798,20.851744,-1.295379,160.059662,-143.598221,-263.477539,11673.810547,-10821.707031,-20276.804688,-0.657111,-0.533083,-0.532942,0.100000,0.020000,1,0.656913
23.803650,21.032269,-0.602256,-55.760078,36.749245,349.383301,-4012.018066,1614.790894,20785.074219,-0.662137,-0.647948,-0.376481,0.100000,0.020000,1,0.472152
23.991661,21.063057,-0.117555,145.223785,-51.532631,145.903198,9604.668945,-3600.604736,8046.462402,-0.655292,-0.727706,0.202574,0.100000,0.020000,1,0.675295
24.067209,20.881916,-0.311169,103.182846,-47.237648,20.817802,6993.369629,-4327.813965,1537.625244,-0.634160,-0.621830,-0.459530,0.100000,0.020000,1,0.508738
23.692501,21.101717,-0.664099,36.736969,-7.222070,-110.139099,1509.831299,-547.359192,-9169.851562,-0.639029,-0.750592,-0.168090,0.100000,0.020000,1,0.248528
24.017227,21.391829,0.086965,42.101509,46.800774,-35.651852,3126.912842,3519.124512,-3009.779785,-0.720193,-0.605548,0.338577,0.100000,0.020000,1,0.147206
23.766331,21.114981,0.442167,67.368500,-31.342369,-71.837433,3450.879150,-2252.672119,-4230.225098,-0.610842,-0.640491,0.465450,0.100000,0.020000,1,0.773983
25.689953,21.718029,0.624157,391.461182,214.618286,232.154236,32082.326172,15998.551758,18429.908203,-0.605908,-0.713347,-0.352152,0.100000,0.020000,1,0.645881
23.591497,21.472549,1.203425,-114.076767,117.133080,386.843018,-1781.763916,4480.165039,10354.792969,-0.615344,-0.739304,-0.273462,0.100000,0.020000,1,0.287890
24.023438,21.019339,0.264101,-419.449890,111.213242,170.083801,-25914.386719,6821.565430,11748.229492,-0.593547,-0.804329,0.027515,0.100000,0.020000,1,0.861426
23.902369,21.007086,-0.061164,-405.175262,171.149719,616.345886,-25627.671875,10398.349609,37681.863281,-0.595853,-0.748318,0.291512,0.100000,0.020000,1,0.217672
22.601509,21.975279,-0.888510,-392.469513,281.714386,-354.541718,-8526.486328,21605.064453,-20833.794922,-0.567197,-0.817329,0.101296,0.100000,0.020000,1,0.193134
22.432877,22.180769,0.372221,-305.864685,258.402161,136.055511,-25375.128906,20870.705078,10407.526367,-0.614492,-0.784893,-0.079640,0.100000,0.020000,1,0.004049
23.517118,21.236738,0.527315,-46.676193,34.940468,42.723808,-4732.624512,2787.467529,3625.552490,-0.561847,-0.732501,0.384409,0.100000,0.020000,1,0.856906
23.398485,21.235645,-1.788900,-74.602615,52.277145,-338.845398,-6845.217285,4100.222656,-28265.632812,-0.556234,-0.811209,-0.180397,0.100000,0.020000,1,0.366737
23.742594,21.011215,0.237889,121.908279,-66.404739,31.549965,6979.354980,-4292.486328,2362.248291,-0.545608,-0.816690,0.187960,0.100000,0.020000,1,0.729960
23.790569,20.928619,-4.240755,-62.844070,73.024651,-1149.943970,727.074707,-7869.700684,-55260.535156,-0.552253,-0.830079,-0.077363,0.100000,0.020000,1,0.166673
24.068619,21.356770,-0.496028,-146.407715,-56.272247,34.171951,-9170.294922,-3351.413818,2245.150146,-0.614818,-0.444249,-0.651645,0.100000,0.020000,1,0.118165
24.205610,20.724850,-0.420092,112.383011,-54.019073,-74.583488,7965.706055,-5236.145508,-4673.428711,-0.558587,-0.629831,-0.539717,0.100000,0.020000,1,0.163150
25.572285,19.899944,0.380265,374.514282,-172.441315,145.681168,15133.122070,-17706.361328,17286.437500,-0.522904,-0.809389,-0.267322,0.100000,0.020000,1,0.871551
23.648802,21.761026,-0.538822,-61.944885,38.834961,-20.944031,-6023.626465,3471.020264,-1169.559937,-0.669469,-0.162067,-0.724945,0.100000,0.020000,1,0.245842
23.727936,21.447861,0.260031,-74.828094,-765.645752,-179.762970,-5781.574707,-46871.535156,-11841.897461,-0.527180,-0.703266,0.476967,0.100000,0.020000,1,0.543330
24.470703,21.065586,-1.250067,124.733551,34.206047,-182.037720,10008.544922,2293.652344,-15491.082031,-0.498914,-0.784240,-0.368852,0.100000,0.020000,1,0.780745
22.535810,21.653053,-1.652026,-308.869263,178.723679,-424.294861,-25438.957031,13994.456055,-34046.492188,-0.475497,-0.873613,0.103458,0.100000,0.020000,1,0.275558
23.943150,20.840527,-0.225381,-83.495270,83.096664,197.833893,-11515.305664,-1520.056152,9327.331055,-0.639079,-0.258604,-0.724363,0.100000,0.020000,1,0.070405
22.401131,21.730810,-0.951969,-333.669067,210.588348,-155.580032,-6493.302734,6835.490234,-5935.425293,-0.563549,-0.518330,-0.643231,0.100000,0.020000,1,0.873633
24.335720,20.747208,0.023256,-523.386719,316.675812,-32.000305,-31716.980469,17966.144531,-3907.239502,-0.587873,-0.544337,0.598417,0.100000,0.020000,1,0.109321
23.707575,21.185297,0.630217,-59.283051,46.801498,-10.801658,-5042.729004,3093.475098,43.444233,-0.529576,-0.623220,0.575453,0.100000,0.020000,1,0.421544
22.897341,21.444324,1.543266,-264.269958,185.861130,373.236877,-11079.541016,969.027832,12602.912109,-0.481788,-0.781748,0.395918,0.100000,0.020000,1,0.313176
23.937809,21.097038,0.240184,313.980469,-733.072388,-480.847168,19774.460938,-45690.703125,-30031.558594,-0.453538,-0.867054,0.206205,0.100000,0.020000,1,0.637802
22.485350,21.703606,-1.624087,-341.503845,203.657562,-428.618835,-27665.283203,15995.249023,-33229.226562,-0.450322,-0.873556,-0.184686,0.100000,0.020000,1,0.842439
23.790863,20.993570,0.235773,191.824219,-151.258209,93.429520,11487.414062,-9328.000000,7113.871582,-0.449754,-0.890426,-0.069731,0.100000,0.020000,1,0.373713
25.321730,21.057560,1.049141,410.963196,34.513763,236.642853,31724.257812,2669.434326,19318.900391,-0.450746,-0.892652,0.000745,0.100000,0.020000,1,0.846692
23.975443,21.200647,0.730883,79.986389,32.365036,-413.928467,4685.969727,1884.601074,-25273.400391,-0.551686,-0.505434,0.663460,0.100000,0.020000,1,0.056080
22.845177,21.557219,-1.998279,-262.012695,176.357010,-382.088013,-21409.126953,13070.731445,-30700.302734,-0.493579,-0.687124,-0.533141,0.100000,0.020000,1,0.730155
23.893497,20.972271,0.426581,-716.578979,136.913818,177.757507,-45526.988281,8720.222656,13896.273438,-0.434596,-0.859388,-0.269404,0.100000,0.020000,1,0.934544
24.032606,20.983097,-0.361945,37.640839,-16.368820,169.005676,2603.433105,-1976.010742,10871.673828,-0.612146,-0.597821,-0.517578,0.100000,0.020000,1,0.008053
23.741955,21.045839,0.398799,-0.238781,8.404931,-15.592379,-1199.208618,374.746704,-1154.483398,-0.471615,-0.686147,0.553878,0.100000,0.020000,1,0.055173
24.086435,20.802658,-0.459573,106.524139,-60.161377,-221.842621,8893.225586,-5465.165527,-20519.949219,-0.474261,-0.823032,0.312562,0.100000,0.020000,1,0.419160
23.907732,21.021616,0.202705,-9.210459,-53.350517,76.858124,-876.475098,-3036.932617,4700.121582,-0.412494,-0.859784,0.301031,0.100000,0.020000,1,0.689744
23.295435,21.214483,-1.916747,-152.926514,122.800537,-458.669800,-2571.925781,372.713379,-23291.845703,-0.493184,-0.728268,-0.475810,0.100000,0.020000,1,0.095175
23.991613,21.037159,0.797076,-8.129672,-12.414867,115.854446,-502.568909,473.816528,4985.998047,-0.423837,-0.766571,0.482423,0.100000,0.020000,1,0.412309
24.696072,20.566429,0.787930,273.524353,-130.554092,79.735565,19877.269531,-11292.419922,6074.595703,-0.586691,-0.441631,0.678790,0.100000,0.020000,1,0.001415
25.741587,19.833103,-1.245401,398.337860,-220.615509,-113.224548,10786.373047,-6030.900879,-14052.020508,-0.373713,-0.851502,-0.367809,0.100000,0.020000,1,0.419925
24.035305,21.108965,0.211565,-93.080231,110.013214,-320.093933,-5801.215820,7691.837402,-20634.664062,-0.364523,-0.842662,0.396286,0.100000,0.020000,1,0.927372
24.006514,21.138247,0.253496,109.931915,-432.160095,-3.900988,6970.949707,-26138.417969,139.923660,-0.334581,-0.920244,0.202993,0.100000,0.020000,1,0.202031
23.941927,20.853916,0.116791,-61.995407,37.691303,-319.285889,-4104.239258,2368.188965,-19402.789062,-0.338916,-0.937476,-0.079217,0.100000,0.020000,1,0.115300
24.934008,20.870291,-0.386955,262.208801,-77.032059,-35.991257,20309.570312,-5128.476562,-2425.962158,-0.350764,-0.826061,-0.441121,0.100000,0.020000,1,0.002163
23.793531,21.603525,-6.861176,-53.138245,235.715210,-2130.235352,10314.682617,196.648438,-47368.894531,-0.316067,-0.913183,-0.257291,0.100000,0.020000,1,0.490445
24.062695,20.927202,0.094008,10.821140,-157.153351,-149.459808,971.453064,-9567.983398,-9109.439453,-0.322876,-0.946217,0.020588,0.100000,0.020000,1,0.056507
24.187943,20.699198,0.398279,-37.768192,24.669487,-798.813232,-2328.808105,-264.930206,-49309.550781,-0.312764,-0.942729,0.115932,0.100000,0.020000,1,0.440958
23.802595,21.097780,0.686606,110.217636,-44.460045,-7.362898,5802.961426,-3003.191650,202.339798,-0.465280,-0.585283,0.664047,0.100000,0.020000,1,0.983354
24.352285,21.297770,-0.989988,121.012650,83.628311,-85.534531,8819.672852,6216.591309,-7480.990234,-0.420663,-0.662585,-0.619697,0.100000,0.020000,1,0.802828
24.255610,21.108994,-0.433169,-431.873962,-199.521118,-178.502319,-26402.732422,-12115.029297,-11304.684570,-0.380417,-0.754686,-0.534539,0.100000,0.020000,1,0.344352
23.942768,21.252996,0.528102,-16.569622,32.533310,20.747612,-1490.425415,3413.609131,1977.941895,-0.331569,-0.821476,0.463938,0.100000,0.020000,1,0.774500
22.678474,21.570686,0.303027,-359.887756,229.302444,-15.328235,-22612.156250,8601.482422,11038.695312,-0.290396,-0.911502,0.291263,0.100000,0.020000,1,0.769392
23.912107,21.052490,-0.476574,189.926208,-219.666290,-76.752304,11483.675781,-13563.614258,-5215.039551,-0.387106,-0.781774,-0.488854,0.100000,0.020000,1,0.155392
24.290800,20.715263,-0.256417,-415.751221,147.112885,82.649460,-25238.666016,8726.859375,5296.681641,-0.271332,-0.897691,-0.347174,0.100000,0.020000,1,0.599205
24.474503,20.533749,0.068925,-1078.818359,622.898132,48.753540,-66308.804688,38268.828125,3656.663086,-0.226752,-0.969987,-0.087800,0.100000,0.020000,1,0.560466
25.376560,20.155331,0.040507,317.419067,-156.471100,-39.733330,25614.207031,-12480.952148,-2369.669434,-0.227300,-0.973780,0.009332,0.100000,0.020000,1,0.803647
22.761051,21.523012,1.585950,-352.679932,204.237732,489.920319,-27813.740234,15755.291992,37261.527344,-0.219624,-0.970859,0.095910,0.100000,0.020000,1,0.636894
23.564268,21.163488,0.760856,-152.516998,119.635910,176.063400,260.048828,738.289062,11085.299805,-0.629527,-0.621279,0.466592,0.100000,0.020000,1,0.102293
23.892405,20.869822,0.629524,35.761726,-17.647221,-125.202591,794.398254,-3011.195557,-7378.819336,-0.366443,-0.723799,0.584666,0.100000,0.020000,1,0.494787
23.697834,21.102299,0.738128,-163.204803,-305.009216,-289.838928,-11840.016602,-18211.316406,-16514.601562,-0.259279,-0.882089,0.393311,0.100000,0.020000,1,0.569328
24.422112,20.564703,2.078345,-26.556274,15.545700,650.190125,-4400.693359,2543.686523,19792.917969,-0.203078,-0.961723,-0.183980,0.100000,0.020000,1,0.915681
24.543158,21.073603,-0.053932,68.566406,-52.332031,-84.459534,6187.208984,-3318.528320,-7750.190430,-0.395415,-0.637258,0.661475,0.100000,0.020000,1,0.838453
24.181276,20.703045,-0.867254,12.465107,-1.314218,-159.691010,154.493530,-1418.409302,-10992.422852,-0.184748,-0.947803,-0.259878,0.100000,0.020000,1,0.855411
24.902828,20.391426,0.253193,260.794495,-125.690063,148.063477,17937.724609,-9812.393555,9797.147461,-0.271493,-0.787150,-0.553792,0.100000,0.020000,1,0.964100
24.081713,20.760529,-0.531850,-350.655609,202.480316,93.802605,-22131.533203,12758.555664,2999.029297,-0.178772,-0.961004,0.210980,0.100000,0.020000,1,0.389639
24.073341,21.311373,-0.803298,12.449984,15.383591,-35.750648,633.883789,1359.870361,-3221.710449,-0.489836,-0.489782,-0.721231,0.100000,0.020000,1,0.231624
23.804232,21.001759,-0.531728,477.094391,-270.846466,299.800049,28832.791016,-17111.617188,18809.183594,-0.329123,-0.698407,-0.635536,0.100000,0.020000,1,0.519432
24.802584,20.590349,1.000067,196.067047,-94.547394,130.332916,15247.345703,-7347.858398,10513.684570,-0.261049,-0.778643,0.570587,0.100000,0.020000,1,0.230822
23.802099,21.022541,-0.691166,235.845490,-257.297668,-121.071167,13615.690430,-15478.474609,-9017.332031,-0.209830,-0.864752,-0.456262,0.100000,0.020000,1,0.200874
24.057892,20.786022,-0.560763,11.647238,-5.319286,204.361786,468.358368,-263.800446,11740.143555,-0.141146,-0.923362,-0.357043,0.100000,0.020000,1,0.451528
24.198198,20.699127,0.076486,-564.162415,226.703461,273.930481,-35268.015625,14307.291016,17597.380859,-0.094744,-0.995494,0.003904,0.100000,0.020000,1,0.872192
20.467485,22.847202,0.245618,-880.842163,509.008270,102.619957,-70978.062500,40870.894531,7975.077637,-0.090827,-0.982992,-0.159613,0.100000,0.020000,1,0.515998
23.641863,21.014475,0.532317,71.552666,-40.685337,89.228996,5900.206543,-3554.816895,4586.576660,-0.082569,-0.994392,-0.066077,0.100000,0.020000,1,0.598476
24.317043,20.641232,0.535170,-98.484283,58.804054,-222.212463,-5411.951660,3143.979004,-13054.097656,-0.144603,-0.913096,0.381243,0.100000,0.020000,1,0.297036
23.986341,20.815590,0.328776,186.991028,-105.564926,-408.146484,10619.615234,-7237.844238,-25140.341797,-0.069747,-0.979459,0.189197,0.100000,0.020000,1,0.178418
22.783312,22.051542,1.969691,-406.356934,314.942627,416.132935,-10696.924805,8089.768555,13825.993164,-0.313064,-0.673895,0.669221,0.100000,0.020000,1,0.170108
24.268066,21.509914,0.687916,92.681458,156.382812,65.491684,9392.490234,14442.987305,2064.086670,-0.186303,-0.812117,0.552953,0.100000,0.020000,1,0.321575
23.814445,21.036165,-0.172607,-1.600595,-76.703949,-109.885956,-562.378235,-5185.226074,-6840.196289,-0.123647,-0.880763,-0.457130,0.100000,0.020000,1,0.651592
24.241463,20.672060,0.589040,-175.293976,102.346748,-236.256744,-10567.143555,6134.795410,-13487.747070,-0.126352,-0.941451,0.312577,0.100000,0.020000,1,0.076064
24.876776,20.301497,-1.059616,146.939636,-84.026100,-259.255890,11968.799805,-7099.588867,-21149.757812,0.018481,-0.995235,0.095734,0.100000,0.020000,1,0.513346
23.801416,20.922358,0.173747,515.980652,-296.770233,-25.449339,30722.005859,-18087.769531,-597.863342,0.019800,-0.996096,-0.086022,0.100000,0.020000,1,0.935682
24.005978,21.327625,-0.706472,-71.098434,7.319191,138.085678,-5135.512207,2108.234131,7896.623047,-0.226071,-0.731617,-0.643139,0.100000,0.020000,1,0.709816
24.159811,20.715439,0.335229,61.115871,-31.186842,221.233383,-4251.096191,1534.104248,10238.314453,-0.172932,-0.813772,-0.554860,0.100000,0.020000,1,0.082309
24.056095,21.288208,0.644801,-288.239502,-66.708008,-230.546326,-18701.265625,-2085.743164,-13457.617188,-0.094424,-0.870821,0.482446,0.100000,0.020000,1,0.121956
25.933056,19.691652,-0.272477,399.299530,-229.810455,-8.053746,32329.216797,-19054.019531,-493.592346,-0.018829,-0.937295,-0.348028,0.100000,0.020000,1,0.611377
24.143293,20.759027,-0.198575,-577.124756,77.633713,379.528137,-36705.027344,5389.894531,23727.208984,0.040332,-0.982617,-0.181209,0.100000,0.020000,1,0.556783
23.664536,21.800219,-0.005606,-118.380493,220.097473,192.279633,-9225.975586,16643.230469,14336.455078,-0.457791,-0.584018,-0.670336,0.100000,0.020000,1,0.027929
24.417835,22.021616,0.521761,41.668785,108.301300,-11.151615,1572.178955,10280.272461,779.984009,-0.223729,-0.721353,0.655435,0.100000,0.020000,1,0.662465
24.451351,21.346172,-1.765749,51.284500,197.444214,-415.521362,5692.464844,4465.541016,-19331.519531,-0.006710,-0.958436,-0.285227,0.100000,0.020000,1,0.009708
23.892069,20.870018,1.025178,-118.289200,82.630806,178.071121,-11264.557617,3473.209229,8782.465820,-0.003741,-0.922365,0.386302,0.100000,0.020000,1,0.758858
24.102312,20.748634,-0.221579,417.018036,-240.097336,534.053223,25675.408203,-14979.645508,32182.308594,0.058959,-0.979978,0.190175,0.100000,0.020000,1,0.933885
24.213255,20.981907,-0.514588,28.464729,-12.293125,35.116978,2193.642822,-1373.270996,119.307251,-0.363513,-0.591435,-0.719766,0.100000,0.020000,1,0.243795
24.121864,20.924839,0.645885,-14.998669,-126.565613,-294.548157,-1094.676514,-7562.130859,-17605.810547,-0.146563,-0.843661,0.516483,0.100000,0.020000,1,0.194682
24.194189,20.981670,0.189650,-158.124435,-550.184082,255.259949,-10047.424805,-33984.117188,15039.034180,-0.080264,-0.822837,0.562581,0.100000,0.020000,1,0.783397
24.147814,20.870321,-1.225863,-53.917679,59.334915,-113.310394,-4052.845215,4266.423340,-9850.495117,-0.078409,-0.831321,-0.550234,0.100000,0.020000,1,0.261589
23.700865,21.588238,0.657122,-238.322205,141.498291,170.273926,-17241.632812,12571.112305,14971.631836,0.001060,-0.895233,-0.445597,0.100000,0.020000,1,0.576090
23.985384,21.229359,-0.138281,-112.913940,-126.815811,298.218079,-8171.101074,-5545.629395,19096.269531,0.066380,-0.964282,-0.256425,0.100000,0.020000,1,0.449322
24.739498,20.683451,0.455484,79.384308,28.196396,99.881775,7104.146484,1580.399292,6589.938477,0.002090,-0.872883,0.487925,0.100000,0.020000,1,0.985382
24.639458,20.567968,-0.419838,119.134689,-54.648907,-56.811073,3026.260254,-311.242676,-1201.206787,0.074583,-0.932600,-0.353121,0.100000,0.020000,1,0.846176
25.411167,21.324194,0.938165,260.383423,156.652771,194.897278,21247.218750,12750.311523,15206.607422,0.091823,-0.947477,0.306360,0.100000,0.020000,1,0.564791
24.062943,20.771364,-0.436330,-20.263165,12.642372,22.984241,-2445.703125,1193.447998,-352.961975,0.150758,-0.988555,0.005652,0.100000,0.020000,1,0.310951
23.791208,20.928249,-0.423221,-54.879784,35.185108,43.041340,-3825.833496,1042.416260,2278.034180,-0.133015,-0.755585,-0.641403,0.100000,0.020000,1,0.584347
24.281170,20.645370,-0.544900,-568.863647,328.548798,416.735016,-35156.718750,20267.207031,24722.324219,-0.152464,-0.966083,-0.208419,0.100000,0.020000,1,0.016167
25.794989,19.771368,-1.180740,388.275543,-222.895432,-405.916473,28888.904297,-16988.814453,-2255.490234,0.165042,-0.979618,0.114495,0.100000,0.020000,1,0.562459
23.715696,21.399881,0.008908,-252.107666,124.685669,22.922089,-18350.710938,11271.266602,2049.864990,0.170312,-0.970509,-0.170605,0.100000,0.020000,1,0.450745
24.265818,20.654234,0.371227,63.160004,-35.752281,-262.641907,3669.099365,-2300.401123,-15728.828125,0.170163,-0.965005,0.199522,0.100000,0.020000,1,0.359619
23.930515,20.847820,-1.873698,-201.899338,117.552223,-558.637451,-6296.141602,3377.283447,-28724.611328,0.177569,-0.980552,-0.083592,0.100000,0.020000,1,0.815765
24.368639,20.607025,-0.356211,-138.821869,83.832306,-66.805679,-8322.929688,4745.143066,-3947.795654,0.021622,-0.847729,-0.529989,0.100000,0.020000,1,0.897993
24.274832,20.649029,-0.389176,56.956841,-31.796665,-605.594238,4003.538818,-2604.673096,-35100.453125,0.111383,-0.993322,0.030080,0.100000,0.020000,1,0.004280
24.457422,20.543612,0.034128,-320.947723,185.704819,-322.465485,-19791.714844,11330.662109,-19324.103516,0.180307,-0.945157,-0.272338,0.100000,0.020000,1,0.656361
23.985123,21.801363,0.656638,45.231644,-598.089722,145.110413,1860.736572,-33939.953125,9675.489258,-0.131599,-0.728911,0.671841,0.100000,0.020000,1,0.342981
24.288443,20.654957,0.445923,-180.216034,107.140610,-108.896774,-11458.266602,6676.263672,-6570.075684,0.112313,-0.875290,0.470376,0.100000,0.020000,1,0.707538
24.163458,20.719406,0.219665,76.593605,-114.767418,-94.599991,4144.827637,-6724.347656,-5992.130371,0.192688,-0.939532,0.283108,0.100000,0.020000,1,0.444873
23.646179,21.084118,1.212440,-105.204865,62.051254,131.367096,-9351.959961,5351.333496,11473.154297,0.050403,-0.821092,0.568566,0.100000,0.020000,1,0.793646
23.875698,20.879469,-0.109147,353.753845,-186.305511,83.613945,17307.626953,-18953.824219,4665.985840,0.064574,-0.991615,0.111940,0.100000,0.020000,1,0.065404
24.377245,20.663094,-0.370131,-83.477844,-22.077602,19.597710,-5174.319336,-1156.737061,886.440735,0.209746,-0.908794,-0.360693,0.100000,0.020000,1,0.296894
24.543772,20.505287,-0.258369,-205.350861,4.196569,575.896667,-12266.756836,115.013069,35551.906250,0.281189,-0.955916,-0.084608,0.100000,0.020000,1,0.540697
24.793879,22.586216,-1.108119,107.473862,603.859802,-345.417786,4070.633301,18545.484375,-9853.862305,0.286785,-0.957993,0.002011,0.100000,0.020000,1,0.941804
24.190712,20.781712,-0.784990,-96.330475,61.586143,225.890839,-6143.276367,3136.198975,13343.980469,-0.202801,-0.670723,-0.713444,0.100000,0.020000,1,0.508275
24.099558,21.181318,-0.221023,-88.325485,143.637848,43.827576,-6295.622559,10596.279297,3976.317383,-0.028053,-0.765064,-0.643343,0.100000,0.020000,1,0.783059
24.284199,20.648113,0.432544,211.996887,-121.035034,-199.073227,13285.188477,-7636.171875,-12105.509766,0.132569,-0.904070,0.406304,0.100000,0.020000,1,0.223456
24.776749,20.743769,-0.324370,128.487061,26.803864,-113.116638,9683.211914,2538.562012,-7955.580566,0.303736,-0.938741,-0.162816,0.100000,0.020000,1,0.787952
25.635649,20.142698,-0.368175,306.801514,-96.620453,-78.460876,24534.175781,-7740.994629,-6863.412598,0.306352,-0.945274,0.112270,0.100000,0.020000,1,0.453646
24.346119,20.607872,-2.732922,0.177630,1.459282,-789.890625,2345.293457,-2030.460327,-37676.382812,0.302953,-0.932737,0.195502,0.100000,0.020000,1,0.990472
24.018925,20.796778,0.325655,374.276428,-216.021851,-51.558586,22627.925781,-13080.270508,-3048.285645,0.073430,-0.934590,0.348066,0.100000,0.020000,1,0.091865
24.754305,20.372206,-0.240426,129.116272,-6.993675,-3.586937,-2681.969238,-15855.292969,-1551.042480,0.143070,-0.836226,-0.529393,0.100000,0.020000,1,0.924899
24.494583,20.586573,-0.457701,-221.477112,33.791550,159.614868,-13328.548828,1841.512085,9703.137695,0.156806,-0.871516,-0.464620,0.100000,0.020000,1,0.170855
24.235291,20.671858,-0.265053,501.367981,-289.234985,415.382355,30839.412109,-17881.337891,26031.138672,0.308341,-0.910689,-0.274903,0.100000,0.020000,1,0.818986
24.304102,20.647257,-0.446952,-55.098824,32.194901,132.025406,-3857.097168,2111.259033,7989.850586,0.233016,-0.857027,-0.459574,0.100000,0.020000,1,0.621573
24.088449,20.933678,-0.524217,-144.808685,85.263336,-67.806168,-9922.123047,5437.018066,-6465.344727,0.311483,-0.885872,-0.343814,0.100000,0.020000,1,0.445638
24.983829,20.239689,1.156601,179.454987,-88.956169,125.745102,25343.074219,-12402.173828,11481.832031,-0.026163,-0.738880,0.673329,0.100000,0.020000,1,0.239720
24.889381,20.294220,-1.018426,179.970627,-76.782219,-482.344360,1388.464844,-8528.541016,-25037.121094,0.058511,-0.767385,-0.638511,0.100000,0.020000,1,0.793308
23.859209,20.888988,0.988555,-140.580475,97.327194,256.480804,-9660.333008,1681.286621,2689.759766,0.346817,-0.883740,0.314200,0.100000,0.020000,1,0.507866
24.224949,20.705103,0.194437,657.434509,-371.305389,439.903809,40822.964844,-23416.824219,26638.109375,0.170821,-0.792520,0.585433,0.100000,0.020000,1,0.266572
24.141479,20.756420,-0.470061,599.374023,-342.859436,-348.644348,36658.292969,-21250.523438,-22150.369141,0.234442,-0.802265,-0.549006,0.100000,0.020000,1,0.960132
24.308630,20.803829,0.324297,338.001190,-379.908264,-99.369522,20838.292969,-23235.263672,-6510.708496,0.267176,-0.835280,0.480547,0.100000,0.020000,1,0.313407
24.536348,20.498045,-0.123985,-61.791740,35.898056,-340.731415,-3671.048828,1763.652710,-20574.511719,0.329254,-0.834754,-0.441337,0.100000,0.020000,1,0.961556
23.968988,20.921043,0.676215,-114.048950,94.765900,-95.334122,-2651.299316,1852.453613,-9289.989258,0.420922,-0.858832,0.291945,0.100000,0.020000,1,0.656610
24.543854,20.494738,0.864990,47.833733,-28.336819,221.264160,3124.972168,-1857.283569,18157.800781,0.442626,-0.879683,-0.173897,0.100000,0.020000,1,0.629171
23.833250,21.018663,-1.256375,-51.675323,42.494110,-141.274261,-5317.638672,3308.760742,-11815.625000,-0.092025,-0.689979,-0.717956,0.100000,0.020000,1,0.942337
25.339659,20.034252,2.559232,297.812683,-160.608978,884.153503,8257.015625,-7750.569336,25796.708984,0.164735,-0.764146,-0.623653,0.100000,0.020000,1,0.681718
24.993828,21.219103,1.018580,144.279999,125.018494,157.666718,10105.038086,9059.000977,12925.986328,0.241783,-0.781853,0.574672,0.100000,0.020000,1,0.448628
24.512556,20.641094,0.385233,-47.805473,26.468590,-14.531824,-2875.816895,1814.038818,-880.696228,0.331662,-0.815434,0.474413,0.100000,0.020000,1,0.218473
24.261122,20.689682,0.619004,-40.321747,24.330544,67.996475,-3430.568604,2018.557495,5587.825195,0.350564,-0.851806,0.389270,0.100000,0.020000,1,0.252283
25.033739,20.210875,-2.389275,157.228271,-1.446579,-544.254150,-202.464844,-18034.630859,-43679.382812,0.445478,-0.895100,0.018600,0.100000,0.020000,1,0.226267
24.229511,20.937767,0.387370,-45.217342,47.264900,-37.513798,-1395.514160,1510.713745,-1138.028320,0.151516,-0.749058,0.644946,0.100000,0.020000,1,0.639919
24.363317,20.597942,0.315661,210.701523,-121.623680,-465.693359,12594.465820,-7288.224609,-28469.435547,0.461260,-0.879342,0.118309,0.100000,0.020000,1,0.178578
24.866823,20.335522,-0.961305,154.424622,-86.932724,-121.121338,11111.589844,-6395.569824,-10437.153320,0.432844,-0.822267,-0.369491,0.100000,0.020000,1,0.752309
23.204153,21.267185,0.046348,63.659576,-34.867790,-187.227280,-1988.559692,178.165024,-11455.856445,0.470798,-0.878433,-0.081888,0.100000,0.020000,1,0.044158
25.045658,20.362982,0.560167,125.839020,-82.276428,108.159821,9843.014648,-5718.919922,9134.845703,0.530748,-0.847470,0.010007,0.100000,0.020000,1,0.566250
24.719706,20.399183,0.056419,-306.132202,178.866837,61.974964,-18793.085938,10899.231445,3810.791504,0.529551,-0.842174,0.101584,0.100000,0.020000,1,0.654279
26.494444,19.971010,0.966657,649.306458,-230.787476,313.093903,20676.521484,-1861.230957,17372.578125,0.532503,-0.843527,-0.070021,0.100000,0.020000,1,0.517084
24.661779,20.587965,0.249256,-276.875580,153.580444,149.503235,-17035.076172,9810.975586,9159.329102,0.443013,-0.803454,0.397746,0.100000,0.020000,1,0.883135
24.654377,20.431721,0.158953,-314.064148,181.876404,-209.290329,-19584.085938,11180.833008,-13184.615234,0.525681,-0.828621,0.192475,0.100000,0.020000,1,0.451439
24.644127,20.448608,1.811460,26.962206,-11.690462,530.398438,-812.555176,586.214661,42317.117188,0.535461,-0.824145,-0.184571,0.100000,0.020000,1,0.814003
24.601934,20.762342,-0.528486,-298.911530,-339.788147,414.419189,-18495.427734,-20908.990234,25759.361328,0.345419,-0.763540,-0.545612,0.100000,0.020000,1,0.408074
24.386141,20.614939,-0.588964,301.648071,-171.995758,534.145691,18305.548828,-10714.809570,32761.988281,0.432987,-0.778378,-0.454588,0.100000,0.020000,1,0.819430
24.583689,20.658289,0.379536,-0.240627,-4.540579,0.017945,0.762300,2.966203,0.010485,0.444665,-0.757111,0.478597,0.100000,0.020000,1,0.419961
25.455923,20.359039,-0.017202,226.645691,-77.277573,74.565750,17763.443359,-5635.718262,5828.594238,0.529042,-0.768455,-0.359988,0.100000,0.020000,1,0.527209
23.592562,21.045706,0.533109,-370.136230,214.536713,97.470375,-7149.250000,3841.362793,2440.502686,0.550099,-0.778024,0.303429,0.100000,0.020000,1,0.822011
24.529371,20.704073,0.452832,0.216372,-3.789907,0.014722,1.344767,14.585070,-0.173396,0.357124,-0.739240,0.570953,0.100000,0.020000,1,0.566837
24.593866,20.598083,-0.218359,13.140429,-4.282940,9.147922,900.066650,-6.721149,531.624023,0.500337,-0.819811,-0.278519,0.100000,0.020000,1,0.017697
25.293890,20.972527,0.526354,278.334869,46.632450,-33.676208,10913.132812,3.131348,-4002.686768,0.525928,-0.753557,0.394399,0.100000,0.020000,1,0.946128
24.444563,20.551037,-0.149156,206.488800,-97.146278,-88.605789,11731.512695,-13175.665039,-3055.577637,0.627176,-0.754903,0.191758,0.100000,0.020000,1,0.763662
23.089653,21.333294,0.183563,-432.155365,277.514587,71.387581,-16560.212891,4110.990723,2272.086670,0.637614,-0.766136,-0.080524,0.100000,0.020000,1,0.795995
24.716717,20.582598,0.090018,-1.037387,-5.767208,0.002927,-2.520487,16.885420,-0.034433,0.637667,-0.761905,0.113499,0.100000,0.020000,1,0.714496
24.292627,20.875359,-0.573661,1.880039,-1.481025,-0.017251,-0.680100,-1.166703,-0.522761,-0.008064,-0.690750,-0.723049,0.100000,0.020000,1,0.146601
24.233889,21.162767,0.603136,-69.973557,121.701088,335.966156,-2140.241211,3788.274170,10180.792969,0.260060,-0.725437,-0.637268,0.100000,0.020000,1,0.307019
24.383631,20.680279,0.562397,-27.750381,-27.428366,13.385645,-863.811462,-727.495728,405.625610,0.266420,-0.708729,0.653241,0.100000,0.020000,1,0.899399
24.595991,20.681477,-0.418359,-0.031063,-4.733150,-0.012580,-0.428053,-1.370751,-0.381220,0.444203,-0.724316,-0.527304,0.100000,0.020000,1,0.055582
